{"type":"FeatureCollection","features":[{"type":"Feature","geometry":{"type":"Polygon","coordinates":[[[-3.497904824338109,47.653775486185786],[-3.49794659403174,47.653669707095375],[-3.497788372587881,47.65368755579214],[-3.497787140991147,47.65378697056244],[-3.497884131509669,47.65379772716961],[-3.497811367246428,47.65387593518811],[-3.497593743750118,47.65362614987715],[-3.49765373755268,47.65359704482876],[-3.497639184514783,47.653560397424386],[-3.497464402172423,47.65355207416076],[-3.497514085580647,47.65363058878828],[-3.497418961199444,47.65361782654586],[-3.497381184493768,47.653746372072916],[-3.497245273590262,47.653618473406546],[-3.497168900026437,47.65364982344227],[-3.497262791831666,47.65376200065407],[-3.496849172164711,47.65365860714549],[-3.496770331327752,47.65388878643542],[-3.496830962274522,47.654057005898906],[-3.497108673364082,47.65403250065284],[-3.497023816592388,47.65377531654683],[-3.49720612598736,47.653954818846564],[-3.497104155870998,47.65410500404098],[-3.496838626068909,47.6541197990841],[-3.496783191793512,47.65421320230248],[-3.496718320379971,47.65390071579798],[-3.496539018817187,47.65396489453021],[-3.496450601968368,47.65389756904712],[-3.496527792728727,47.65409196034895],[-3.496374088049769,47.65403730376135],[-3.496385314492797,47.653910237953745],[-3.496314413692312,47.65398643972525],[-3.49603122902236,47.65396609076949],[-3.495978403736971,47.65375227892126],[-3.495893131466713,47.65382024961775],[-3.49572177326356,47.653730449931125],[-3.495547414164716,47.653396968124234],[-3.495492931692543,47.65360772646158],[-3.495390004325959,47.65364055450069],[-3.495156643807605,47.653590333708074],[-3.49516910952592,47.65336385322826],[-3.495001847470229,47.65352670482796],[-3.49484828856973,47.65336366098461],[-3.494727564265407,47.65346973127926],[-3.494551831432319,47.653344047947904],[-3.494482023184052,47.65342921910981],[-3.494832395427631,47.65367161522303],[-3.494813503962527,47.65373588756927],[-3.494565915875526,47.65356904940906],[-3.494551401863769,47.65366920362963],[-3.494403315964704,47.65355101160884],[-3.494143259993497,47.65361065293279],[-3.493937836772071,47.65335115086401],[-3.493958629024173,47.653521590081404],[-3.493816966004189,47.65356560544489],[-3.493662171336295,47.65350197478947],[-3.493661222052474,47.65338461907197],[-3.49360468870624,47.65346905033088],[-3.493562816242757,47.653344942224564],[-3.493372570435006,47.65331941122603],[-3.493133888345793,47.65311594868386],[-3.493086254049591,47.653163758411175],[-3.492834150810801,47.65306941980401],[-3.492863839186422,47.653203237972185],[-3.492680158881722,47.6532315288226],[-3.492377286519531,47.65304970203126],[-3.492318858847139,47.65289942117467],[-3.491976958112283,47.652945552008724],[-3.491934144373152,47.65270408751194],[-3.491981630883315,47.65276466351193],[-3.492404281749037,47.652723067787576],[-3.492502390849337,47.65297951614488],[-3.492661706064507,47.6529706450975],[-3.492504873695328,47.65278068662696],[-3.492980189955582,47.653061287604665],[-3.493117621704902,47.65287300600582],[-3.493215734509669,47.65312945374414],[-3.493289921228494,47.65308016529756],[-3.493390514804496,47.65313778336386],[-3.493467035247158,47.652998050537335],[-3.49351437846393,47.65316701115341],[-3.493768816736322,47.653170904021295],[-3.493804123730836,47.65324118914168],[-3.493879404373933,47.65320087081139],[-3.494350354016241,47.6534455842119],[-3.494441099706747,47.65342246703133],[-3.494332987346734,47.653193671262486],[-3.494568534213625,47.653261834670616],[-3.494635867191131,47.65337549297156],[-3.494925900007478,47.65323289769706],[-3.495415745403299,47.65341333442698],[-3.495506490577321,47.653390216418735],[-3.49549226093701,47.65327360029456],[-3.495585195041161,47.65326842316649],[-3.495783917432937,47.65358248477266],[-3.495857007757138,47.65352422424067],[-3.49607257342071,47.65364768665363],[-3.496070243935533,47.65373813094406],[-3.496178644619734,47.653750154622],[-3.49621081083985,47.65368514239041],[-3.496608824482564,47.65387972216348],[-3.496759383217811,47.65379908186709],[-3.496837129151943,47.653559932116295],[-3.49710580275379,47.65368043366073],[-3.497047361071772,47.65353015521811],[-3.496906933811572,47.653474759553454],[-3.496967841281239,47.65342620852539],[-3.497324931764008,47.65361403467861],[-3.497428952806095,47.65359017538674],[-3.497308508298759,47.65347947788277],[-3.497472203896475,47.653506482093334],[-3.497596207652304,47.65342732031873],[-3.497858175895911,47.65360238266682],[-3.497964386691269,47.65359646379376],[-3.498172699708864,47.653331973507704],[-3.498590699846786,47.6534712441159],[-3.498931637355348,47.653307738266136],[-3.499057694816763,47.65335490105543],[-3.499242601040224,47.65322718537357],[-3.499393982489025,47.65337228258551],[-3.49951263988381,47.653139881346625],[-3.499708364448864,47.65321025451372],[-3.49956123065405,47.65320942468669],[-3.499689479021057,47.65327452766357],[-3.499828945795878,47.6532125643128],[-3.499940500014448,47.65335988104237],[-3.500094206395213,47.653414532958706],[-3.500032338486772,47.65334572994864],[-3.500109805295221,47.65332334846459],[-3.500240245377419,47.65340639168833],[-3.500164969251413,47.65344671411165],[-3.500282264969746,47.653422112162],[-3.500510021326195,47.65353585584176],[-3.500669336870358,47.65352697388056],[-3.50081331557157,47.6533925058131],[-3.50066372879732,47.65359050700397],[-3.500442544410711,47.65353058617099],[-3.50040039337788,47.65362325098643],[-3.500092979101354,47.653513947767436],[-3.499908206227725,47.65353327954664],[-3.499793365803392,47.65335905150766],[-3.499505802090945,47.65330282924094],[-3.499338553463927,47.65346568705249],[-3.499158295139357,47.65341251414852],[-3.498922607434245,47.65345274523537],[-3.498892634982788,47.65353569909803],[-3.498479973793783,47.65354966702092],[-3.498793821289611,47.65382118232993],[-3.498474363111234,47.65361320003849],[-3.49845766623861,47.6536954138588],[-3.498213487838903,47.65344710951781],[-3.498256330593357,47.65368857161949],[-3.498563742113245,47.65379787965977],[-3.498544855098519,47.65386215260487],[-3.498371302138401,47.65375441592414],[-3.498177631607447,47.65381036664381],[-3.498024062185542,47.65364732699772],[-3.497904824338109,47.653775486185786]],[[-3.493768527177443,47.653387674499626],[-3.493810689542409,47.65329501206511],[-3.493641525076766,47.653223150278464],[-3.493768527177443,47.653387674499626]]]},"properties":{}},{"type":"Feature","geometry":{"type":"Polygon","coordinates":[[[-3.491629139760988,47.6532719850347],[-3.491571807875538,47.6531306743304],[-3.491756582374434,47.653111355727745],[-3.491763294957448,47.65305679352364],[-3.491852798468281,47.65313309308869],[-3.49199132837102,47.652953783328485],[-3.491902770367715,47.65299483962527],[-3.491797802838866,47.65290133824342],[-3.491753449387156,47.65297605895523],[-3.491634111970284,47.6528743260761],[-3.491383901190416,47.65301469586105],[-3.490983424548486,47.65301892768717],[-3.49086518230404,47.65292616454042],[-3.49075116467922,47.65297766859632],[-3.490582005340777,47.652905802369084],[-3.490289927126979,47.652922060592765],[-3.49010171950831,47.65302285056001],[-3.489340902363023,47.65281231689416],[-3.489118486193753,47.65285178933427],[-3.488865297984606,47.65274847161653],[-3.488578687171458,47.652809578243264],[-3.48857743843434,47.65290899296148],[-3.488691458010739,47.65285749102453],[-3.48875221728253,47.6529173295191],[-3.4890995881357,47.65291606078425],[-3.489200022817224,47.653082067709924],[-3.489267651976951,47.65297895862582],[-3.489441337600093,47.652978323621454],[-3.489367147467594,47.65302760962746],[-3.489561764652632,47.65308902926204],[-3.489662507339686,47.653038265292565],[-3.490081728902309,47.65307815164026],[-3.489927881166903,47.653131871791565],[-3.490035185569623,47.653134930647596],[-3.489974272124034,47.653183478069714],[-3.490059398602555,47.653223896910184],[-3.490341483335989,47.653235289824664],[-3.490287436020041,47.65312089004883],[-3.490420199361671,47.65311350004129],[-3.490753050434596,47.65321238012123],[-3.490986555585595,47.65315422447729],[-3.491011864045082,47.65325216105535],[-3.49108495912762,47.65319390349796],[-3.491196639167462,47.65323284333926],[-3.491164467110178,47.65329785420598],[-3.491629139760988,47.6532719850347]],[[-3.490243080270564,47.65319561017883],[-3.490118124657374,47.65315740840025],[-3.490122651563756,47.653084905246494],[-3.490231049580109,47.653096934445315],[-3.490243080270564,47.65319561017883]]]},"properties":{}},{"type":"Feature","geometry":{"type":"Polygon","coordinates":[[[-3.503223542955318,47.65279098491997],[-3.503316322441006,47.652873604987775],[-3.50313155295308,47.652892941869816],[-3.50312063743183,47.65295677131302],[-3.503090628792726,47.65288619281835],[-3.502992090849451,47.65295490917222],[-3.503070525819122,47.6530498813897],[-3.503107296203722,47.65303478507266],[-3.50308477196383,47.65316649660423],[-3.502852628421864,47.65301687630622],[-3.502606829607913,47.65319315171963],[-3.502410132761435,47.65300542773729],[-3.502534001053871,47.65303464596884],[-3.502620359385427,47.6529756408051],[-3.502681134412821,47.65303547205319],[-3.502964442776468,47.65294741963949],[-3.503117306779166,47.65277632664429],[-3.503074442758081,47.65253486620987],[-3.503353238947588,47.65251931650923],[-3.503395133536701,47.652643421160285],[-3.503520222418838,47.65257322346494],[-3.503531431534739,47.652446156874035],[-3.503299164458233,47.65240492270976],[-3.503294906365843,47.65226065579512],[-3.50339222151867,47.652291354067856],[-3.503392346745543,47.65218296875849],[-3.50348527818295,47.6521777853451],[-3.503441191956282,47.65203573989076],[-3.503757621158288,47.65200002694565],[-3.50387259585358,47.65206586589615],[-3.503746661688242,47.651910322943635],[-3.504234456222859,47.6519643967116],[-3.504288779081711,47.651862019453745],[-3.504525551787414,47.65183074790483],[-3.504628347326148,47.65190629712137],[-3.504754528970655,47.6518450684703],[-3.504929184753697,47.651961766167936],[-3.50546143549744,47.651832723733094],[-3.50542392163067,47.651744501312685],[-3.505522454206458,47.651675782864835],[-3.505934002749037,47.65165281967956],[-3.506061398426799,47.651492174639515],[-3.506197444573597,47.651511677844084],[-3.506124368298208,47.65156994490407],[-3.50623934498719,47.651635781540826],[-3.506286966132436,47.65158796641471],[-3.506386474545766,47.6516366029607],[-3.506412906942513,47.65174350665583],[-3.506481597539083,47.651649357916995],[-3.506578794657927,47.65178843888701],[-3.506745779100559,47.651842341254344],[-3.506844073727004,47.651990392361675],[-3.506761129408717,47.6519679264663],[-3.506664790765548,47.652054586692955],[-3.506862831905448,47.652034503340275],[-3.506835065533481,47.652135400041445],[-3.507086092597608,47.65222073812228],[-3.507104733371793,47.6523732343653],[-3.50733469291511,47.65250490553897],[-3.507315699666765,47.652677565236196],[-3.507165160052836,47.65275821917895],[-3.507096704640758,47.652635597696026],[-3.50689317891022,47.65261082960108],[-3.506809373704801,47.65236262277995],[-3.506690986875815,47.65237826092369],[-3.506675755171452,47.65214429041449],[-3.506613761566621,47.652183876162034],[-3.506485507372674,47.65211878074706],[-3.506517660050056,47.65205376562367],[-3.506342881259288,47.65204545563212],[-3.506415957947323,47.65198718844997],[-3.506344096873957,47.65194604068169],[-3.506263345572267,47.651941515184475],[-3.506249950330048,47.652050641318304],[-3.506127178634951,47.652030397388025],[-3.506261152835146,47.65192357443095],[-3.506025716817237,47.651747049206186],[-3.505517827438559,47.651856672003404],[-3.505577508187408,47.65190753139637],[-3.505406993785101,47.65204348686314],[-3.505278741400971,47.65197839011898],[-3.505142572729317,47.65206727117356],[-3.505058532839497,47.65203583368389],[-3.504934543390135,47.65211500343393],[-3.505036243887927,47.6521815818924],[-3.504806169056299,47.6521582914921],[-3.504768656044119,47.65207006887637],[-3.504456611377634,47.652141666129054],[-3.504109369707828,47.65203459519381],[-3.5039953667748,47.65208611219465],[-3.504327017215607,47.65228436857864],[-3.503977458860243,47.65226774178345],[-3.503882459594279,47.65214659948101],[-3.503835931761573,47.65220338401154],[-3.503699884714312,47.65218387806484],[-3.503574672124978,47.65236246127232],[-3.503647627561968,47.65241258113366],[-3.503528143776451,47.65241924567391],[-3.503737022459343,47.65259725691401],[-3.503533498434904,47.65257248296744],[-3.50358647766233,47.652677906250126],[-3.503510109171164,47.65270926044528],[-3.50352789387282,47.65263601626001],[-3.50341279318826,47.65267856227742],[-3.50325360614393,47.65257906269581],[-3.503211335149645,47.65278011385266],[-3.503219667460915,47.65278753378764],[-3.503130582851362,47.65277558619267],[-3.50317917800557,47.65284512804162],[-3.503223542955318,47.65279098491997]],[[-3.50377844425291,47.65217046453506],[-3.50373094487854,47.652109893310474],[-3.503684416916589,47.65216667778177],[-3.50377844425291,47.65217046453506]],[[-3.507180746676214,47.65266703371009],[-3.507248340559332,47.65256391420087],[-3.50698415360721,47.652370932072415],[-3.506972952730075,47.65249799899937],[-3.507180746676214,47.65266703371009]]]},"properties":{}},{"type":"Feature","geometry":{"type":"Polygon","coordinates":[[[-3.513469133568503,47.65227979048083],[-3.513562168762303,47.652166213734155],[-3.513431606146653,47.65219157065207],[-3.513182869480157,47.65201580149419],[-3.513431920642394,47.65186641465894],[-3.513098930442279,47.65187598444957],[-3.513052412654879,47.651932772657254],[-3.51294861345923,47.65173987519401],[-3.512710854941374,47.65165380814463],[-3.512397725972813,47.651716456299674],[-3.512361298106442,47.6516372064218],[-3.512041692467194,47.65153764634399],[-3.511915519912836,47.65159888287299],[-3.511706509517719,47.65152927151988],[-3.511584725623999,47.651626389000654],[-3.511411153607942,47.651518671560446],[-3.511397769000705,47.651627798308255],[-3.511345872596806,47.651531348840365],[-3.511143446286725,47.65151555846437],[-3.511075861259967,47.651618680282944],[-3.51116089178009,47.65176746913102],[-3.511027915235852,47.65199165338016],[-3.510981504952787,47.651940055429236],[-3.510936082011522,47.65200581312471],[-3.510679453823337,47.651984016961336],[-3.510516742545297,47.65207438689491],[-3.510451682413412,47.65187029300923],[-3.510314425584944,47.651950209757594],[-3.510047924873594,47.651847679155836],[-3.510055603905684,47.65191047154599],[-3.509925040249478,47.65193582454962],[-3.509925152204621,47.651827439213484],[-3.509793491728996,47.65184382172844],[-3.509618825693103,47.6517271312938],[-3.509647683519787,47.651635204256145],[-3.509465114418371,47.65167249185693],[-3.509348053035397,47.65148033234128],[-3.509277173978385,47.651556542072925],[-3.509132351847736,47.65146527963967],[-3.509005420771964,47.65119238658158],[-3.508716762266957,47.651127216561804],[-3.508707988161331,47.65105545370008],[-3.508639302258005,47.65114960377678],[-3.508632721751949,47.65109578162706],[-3.508473414793634,47.65110467445555],[-3.508612521835443,47.651367856671605],[-3.508570386700759,47.651460524538116],[-3.508415580548027,47.65139691335555],[-3.508522538108567,47.651725111297466],[-3.508683172637657,47.651508418060054],[-3.508636879613625,47.651348433802895],[-3.508736504090911,47.651288682988444],[-3.509008597401746,47.65132768301452],[-3.50898302908665,47.6514465209699],[-3.509078152361762,47.651459273813906],[-3.509128834181412,47.65165513929206],[-3.509247105359388,47.651747884018896],[-3.509375475102496,47.65170459107306],[-3.509380846483115,47.65185782815554],[-3.509598630566107,47.65199920641903],[-3.509840885622672,47.65201277582881],[-3.509902652632457,47.652189959015374],[-3.510085223198773,47.652152670741124],[-3.510152810816626,47.65204954952428],[-3.510199220393517,47.65210114780134],[-3.510224786313452,47.65198230962055],[-3.510432699477883,47.652042953270225],[-3.510470221836556,47.6521311740688],[-3.510687133618293,47.65204680930549],[-3.510622838355136,47.652176841835846],[-3.510888354661149,47.65216201545905],[-3.510892853258197,47.6520895114655],[-3.511161770083596,47.65199321013681],[-3.511116456854602,47.65195058257023],[-3.511225954499495,47.65197156263282],[-3.511435183775953,47.65182440415999],[-3.511262708622466,47.65172565683965],[-3.511304839290407,47.65163298801531],[-3.511508363338518,47.651657748439625],[-3.511545887204877,47.65174596891061],[-3.511662076663172,47.65171238518935],[-3.511505071605399,47.65163083745296],[-3.511692028236507,47.6516294279737],[-3.511825774101324,47.651739369319],[-3.512241817146462,47.65164387987384],[-3.512368872840378,47.651808384012476],[-3.512915371323041,47.6517959217823],[-3.512992724752708,47.651881917082605],[-3.512907477149064,47.651949900258735],[-3.513030251231083,47.651970137066584],[-3.513072167897889,47.65209423828321],[-3.513357439272672,47.65224087190614],[-3.513473628668407,47.65220728639244],[-3.513469133568503,47.65227979048083]],[[-3.509686076352876,47.651949166347634],[-3.509606534296546,47.65184522817021],[-3.509692882881019,47.651786217743656],[-3.509686076352876,47.651949166347634]]]},"properties":{}},{"type":"Feature","geometry":{"type":"Polygon","coordinates":[[[-3.488046073054468,47.65315531420582],[-3.488063879133762,47.653082072392415],[-3.488279580906228,47.653097163968944],[-3.488415780295294,47.6530083026132],[-3.48829957338729,47.65304186319754],[-3.488168059435779,47.652949836089704],[-3.488072782155074,47.653045451483656],[-3.487901282905849,47.65306402554108],[-3.487913622626968,47.65294593102734],[-3.487763209908992,47.65291817471435],[-3.487838651486068,47.652769475011375],[-3.487612018665737,47.65266467714053],[-3.487496905229825,47.652707207480596],[-3.487474883152088,47.65263618176214],[-3.48735976966834,47.652678711967766],[-3.487268086967655,47.65258446784041],[-3.486825598246432,47.65257296025951],[-3.486846526314956,47.652635015547354],[-3.4865553820844,47.65276862025699],[-3.486602862544998,47.65282919844041],[-3.486516646248589,47.65277980651609],[-3.486473378562176,47.65286349578593],[-3.486275326676807,47.652883544576],[-3.486049949888615,47.65267932898175],[-3.485795514524948,47.652675419307265],[-3.485700555818618,47.65255426225345],[-3.485504690574223,47.652592250873376],[-3.485054877413568,47.65230117205425],[-3.485001610006209,47.652412510918374],[-3.484747339095183,47.65230021368118],[-3.484505416316755,47.65206982167628],[-3.484076537547447,47.651840794741034],[-3.483940828132792,47.651604495158104],[-3.483820251110286,47.651602168963656],[-3.483581613131557,47.65139868673077],[-3.483776712931036,47.651134960037616],[-3.483617567115406,47.651035433631165],[-3.483511194218052,47.651149724822474],[-3.483378434806455,47.65115710698861],[-3.482888650838292,47.65097661959286],[-3.482705474651943,47.65067973871009],[-3.482503060062199,47.65066389871707],[-3.482449199923637,47.65044110978113],[-3.482282076314661,47.65049555804378],[-3.482138395527298,47.65041323272081],[-3.482087645470276,47.65032574081533],[-3.482170576842736,47.650348224241284],[-3.482214017481281,47.65015615105707],[-3.482097981363006,47.65008132012279],[-3.482021435330035,47.65022104571661],[-3.481924136252394,47.650190329615604],[-3.481968669894002,47.650007227120476],[-3.481778610663482,47.64987329179042],[-3.481480915837191,47.649953060359145],[-3.481482930433935,47.650079387002215],[-3.481332529142624,47.65005162237094],[-3.481407474947727,47.65022808281082],[-3.481050633771632,47.64993182228334],[-3.481047186894962,47.650013295826575],[-3.480816210926118,47.649872602136185],[-3.480499778998965,47.64990825300038],[-3.480372654114319,47.6498520994808],[-3.479900881354971,47.64948997322983],[-3.479790655587125,47.64924322226907],[-3.479469859468734,47.649242987807504],[-3.479266185288181,47.64932655700222],[-3.479073951783402,47.64917467594092],[-3.478874819102955,47.64918574158353],[-3.478848092995872,47.649295602424345],[-3.478761889588087,47.64924620468796],[-3.47873280453208,47.64944650964506],[-3.478587864776923,47.64946359470277],[-3.478591880243872,47.6497162481447],[-3.478356193366883,47.64975643783042],[-3.47833274079753,47.649893210463496],[-3.478070324860668,47.65004326024288],[-3.477953026333222,47.650067839941144],[-3.477829355544039,47.64993021020754],[-3.477955917043688,47.64965223959969],[-3.477828795446276,47.64959608330525],[-3.477663852796669,47.64966846629429],[-3.477644942068444,47.649732735998164],[-3.477808616214378,47.64975976780408],[-3.477655324702527,47.65014759875595],[-3.477840093906813,47.650128302126916],[-3.477816639851042,47.65026507462985],[-3.477923023182429,47.65015078856956],[-3.478274919029074,47.65007704921416],[-3.478566244957409,47.649835079536295],[-3.47875537955202,47.649851664040376],[-3.47871463615964,47.64973652102609],[-3.478786472945387,47.64977768582945],[-3.479130722808808,47.649641149370225],[-3.479645196349375,47.64958546495582],[-3.4795966348388,47.64951591320541],[-3.479775768632485,47.64956014575317],[-3.479805768570866,47.64947719662352],[-3.480165875604722,47.64980037291621],[-3.480604720839853,47.6500017646755],[-3.480673111985857,47.65012440183867],[-3.480764949996533,47.65011026586278],[-3.480788054149361,47.650190263562685],[-3.480944086754164,47.65015449660585],[-3.481250180108437,47.65036326515677],[-3.481410581538912,47.65036338005386],[-3.481354371988372,47.650231034740834],[-3.481479314472809,47.65026924594817],[-3.481487299094751,47.650115269471726],[-3.481734076481439,47.65005639422594],[-3.481928336395896,47.65033459745973],[-3.482033450189229,47.65031972244307],[-3.482069663570715,47.65050736720709],[-3.48237702359448,47.65061671800559],[-3.4823613951809,47.65070790025947],[-3.482547256979039,47.65069756679979],[-3.482757151310376,47.65088458629663],[-3.482729339953479,47.650985477326245],[-3.482818994086752,47.65095339853903],[-3.483000153606278,47.65112395266183],[-3.483062163496419,47.65108437942079],[-3.483110730952019,47.65115392967401],[-3.483491197483028,47.651205024829316],[-3.483464314163499,47.651423271943656],[-3.483949404293976,47.65178464516923],[-3.48400780717139,47.651934930296996],[-3.484184767428231,47.65196121486002],[-3.48417913989041,47.65202474724304],[-3.484315179391129,47.65204427591621],[-3.485146231131968,47.65261218847547],[-3.485213705373889,47.65261746698064],[-3.485177479502686,47.65242982339803],[-3.485336470480427,47.652637732875114],[-3.485525617113972,47.65265430639713],[-3.485664776234354,47.65280913045323],[-3.485899378128008,47.65275995552761],[-3.486282977879308,47.65294633849141],[-3.486716724753095,47.65288608368321],[-3.487036766558821,47.65266055717879],[-3.487210134969734,47.65287669600917],[-3.487338683145891,47.65272504203859],[-3.487380540644467,47.65284915241487],[-3.48746691543285,47.65279015844437],[-3.487618420887901,47.65282688568784],[-3.487596083964303,47.65297263050616],[-3.487759616104017,47.6531080335723],[-3.488046073054468,47.65315531420582]],[[-3.481339834085496,47.65033118749396],[-3.481126500129754,47.650225638933925],[-3.481125578476171,47.65010828291506],[-3.481373108474237,47.650275149849186],[-3.481339834085496,47.65033118749396]]]},"properties":{}},{"type":"Feature","geometry":{"type":"Polygon","coordinates":[[[-3.465283691680789,47.64941636818831],[-3.465171151998458,47.64926004731376],[-3.465222278813451,47.64913077576146],[-3.465394862748128,47.64912120572056],[-3.465503044947309,47.64924164330913],[-3.465610542087873,47.64913633916914],[-3.465771827658295,47.649253831730846],[-3.465899338509896,47.649093230293104],[-3.466230828757862,47.649291595079596],[-3.466189023246519,47.64916747690178],[-3.466328317669458,47.64921393883531],[-3.466355069513092,47.64910408085457],[-3.46610065264922,47.649100128293014],[-3.466292160525026,47.64902628907019],[-3.466274038800485,47.64865701516255],[-3.466276906315352,47.64890069836598],[-3.466177037949042,47.64906879848888],[-3.466035363842423,47.64911278027535],[-3.465696047235065,47.648960004968195],[-3.465363674074124,47.648644282399836],[-3.465271834508184,47.648658406282415],[-3.46531908458911,47.648827378693106],[-3.465611833528348,47.649036924504564],[-3.465204645490491,47.649095628812155],[-3.464986990921822,47.648954167623565],[-3.46519463802678,47.64912327727883],[-3.465025322183962,47.64915975935049],[-3.465021850887425,47.64924123245217],[-3.465283691680789,47.64941636818831]]]},"properties":{}},{"type":"Feature","geometry":{"type":"Polygon","coordinates":[[[-3.470836714664838,47.64946956318642],[-3.470629048330802,47.64930046358791],[-3.470691065276242,47.64926089687423],[-3.470799259713004,47.64938132955063],[-3.47075545433203,47.64913088613218],[-3.470628533328354,47.64896633654265],[-3.470352119066105,47.64889136420255],[-3.470368857739738,47.64880915419659],[-3.47044524011675,47.64877782159771],[-3.47051251604683,47.64889149405864],[-3.470518159526862,47.64882796223074],[-3.470728387478538,47.64879823260663],[-3.470796754381537,47.64892087562604],[-3.47116372693975,47.649081133202245],[-3.471004801787013,47.648873204060315],[-3.470917324775461,47.648923215261405],[-3.470590372464891,47.64865236116874],[-3.470480191484064,47.648405601319595],[-3.470272530420772,47.64823650099361],[-3.470149588421455,47.64832460471685],[-3.470348142677226,47.6486387103701],[-3.470245209430925,47.64867151634681],[-3.470305750820295,47.648839750020954],[-3.470125344274194,47.6488949176667],[-3.470189156273838,47.64909006356629],[-3.470057104501595,47.64932317220464],[-3.469403207031678,47.64878145836567],[-3.469069138188408,47.648781931973126],[-3.46907042317634,47.648682517252055],[-3.468703263965201,47.648630638537725],[-3.468479062344004,47.64843535935287],[-3.468263188448999,47.648528616667186],[-3.468158770664159,47.64876922098677],[-3.467906732274174,47.64867482839325],[-3.467818162844777,47.648715866528846],[-3.467680652536093,47.64890411877471],[-3.467725533131209,47.64916353412549],[-3.46753026174192,47.64887633636255],[-3.467352031733038,47.64894944123175],[-3.467403647770146,47.64915429578903],[-3.467422768913889,47.648981642282784],[-3.467515698260271,47.64897648746517],[-3.467526596215205,47.649066194993026],[-3.467801720052432,47.6492405886932],[-3.46771592234058,47.648974411929736],[-3.467805779625619,47.64883395917784],[-3.468003823414256,47.6488139416468],[-3.468132022702068,47.64887907939959],[-3.468390994735327,47.6488105250678],[-3.468586662358043,47.6488809505114],[-3.468625203279835,47.648978155622125],[-3.46864541038787,47.64881447264343],[-3.468947478164456,47.64877061969002],[-3.469268076858561,47.64887926849397],[-3.469518834465418,47.64907307285208],[-3.469536664613661,47.64899983370739],[-3.46970469305363,47.6490627598096],[-3.469998357670519,47.649389650764675],[-3.470127843810388,47.6493553716119],[-3.470113670713943,47.64923875215771],[-3.470195505100406,47.64925227336708],[-3.470232446440749,47.649006380162355],[-3.470399577679451,47.648951949090645],[-3.470627059460763,47.64917413670754],[-3.470499754681625,47.64922635786491],[-3.470629946883812,47.649417819738005],[-3.470836714664838,47.64946956318642]]]},"properties":{}},{"type":"Feature","geometry":{"type":"Polygon","coordinates":[[[-3.47755947517299,47.64990907886921],[-3.477690226668823,47.64977537658896],[-3.477491091459558,47.649786439870105],[-3.477580010534694,47.64952862357984],[-3.477374149375694,47.64959424815196],[-3.477232661464778,47.649529858075596],[-3.477311401944414,47.64940807688773],[-3.477143363446861,47.649345161735006],[-3.476982231428952,47.649119299426786],[-3.476875848139066,47.64923358469215],[-3.476381378508004,47.64923395808245],[-3.476035303350572,47.64913577424176],[-3.475604483883991,47.648780389050415],[-3.475399896378679,47.64874659538089],[-3.475197126309072,47.64894751364695],[-3.475118746987296,47.64885252252419],[-3.475043458305229,47.64889282885985],[-3.474759401162945,47.64875507215614],[-3.474654288424547,47.64876994064185],[-3.474676291840411,47.64884096891882],[-3.474310401314415,47.648689693044595],[-3.474177646751591,47.648697064767525],[-3.474240566847687,47.64877485231974],[-3.474124360245692,47.6488083988822],[-3.474018341227783,47.648705910635925],[-3.47376937989318,47.64874682823754],[-3.473611350679864,47.648656258776924],[-3.473487322433619,47.64873539529514],[-3.473224367311733,47.64855130717799],[-3.473078337504313,47.64855941470831],[-3.47307378782192,47.648631917371546],[-3.472982324298826,47.64842927635746],[-3.472677177427018,47.64833784214086],[-3.471926877912572,47.64788277445481],[-3.472014541225279,47.6477243769513],[-3.471796684802168,47.64769131387335],[-3.47152662820142,47.6477785540998],[-3.471612632770135,47.647936342724215],[-3.471503158995406,47.647915325502865],[-3.47149969767087,47.64799679884962],[-3.471765726125911,47.648316188544],[-3.471705892046294,47.648373697281166],[-3.471482580925319,47.64829578004351],[-3.47138619162495,47.64838241134463],[-3.471653691185228,47.64849400100416],[-3.471691146927098,47.64858223440695],[-3.471577309924138,47.64852533439758],[-3.471587124144695,47.648606070850875],[-3.471905356994194,47.64880515645967],[-3.471740598267761,47.64876914565745],[-3.47169019885415,47.649124161698175],[-3.471193930621013,47.64888980081096],[-3.471146089719561,47.6490459871487],[-3.471257746522719,47.64908494612755],[-3.471370684199274,47.64902449027032],[-3.471486512943516,47.64920771733803],[-3.471628182808544,47.64916372894491],[-3.471747473778361,47.649265482447504],[-3.471708926960966,47.649168278381225],[-3.471988281712047,47.648827647129444],[-3.471838078205696,47.64869148479555],[-3.471885916763744,47.64853529814564],[-3.472227806598012,47.64848922598604],[-3.472318741777678,47.64835774044052],[-3.47255077941202,47.64850742174552],[-3.472820650709474,47.648528564666826],[-3.472958671500073,47.64867443347991],[-3.473282736441794,47.64870159791813],[-3.473301279374436,47.64885409981951],[-3.473389844815923,47.64881305753105],[-3.473565512872804,47.64893877297746],[-3.473918682704415,47.64876563192754],[-3.474187280395393,47.64888618645858],[-3.474365500827371,47.64881307116194],[-3.474576633801214,47.648900690767334],[-3.474825595234659,47.64885977144913],[-3.474944891622338,47.648961521703704],[-3.475075464608747,47.64893620774486],[-3.475245681567466,47.6490170672462],[-3.4753166058513,47.648940878061595],[-3.475402805576118,47.64899027834734],[-3.475390803278719,47.648891600871],[-3.475545744562186,47.64884687041795],[-3.475707960849653,47.649081705415156],[-3.476140055269921,47.64933767540465],[-3.476225345536877,47.64926971896411],[-3.476317003036229,47.649363971917154],[-3.476724001499861,47.6494136143343],[-3.476789108879728,47.649509341814394],[-3.476845843782809,47.64931653308012],[-3.476980782301746,47.649327099654535],[-3.477006063237922,47.649425039460084],[-3.477170827542968,47.64946104282586],[-3.477053351157625,47.64959400705657],[-3.477070813761543,47.64973753762811],[-3.477185750644968,47.64980340290864],[-3.477443801983096,47.64961747246774],[-3.477329422148294,47.6498857343471],[-3.47755947517299,47.64990907886921]],[[-3.475366434522196,47.64891101683328],[-3.475284599348935,47.648897499242736],[-3.475341156839169,47.64881307664677],[-3.475366434522196,47.64891101683328]]]},"properties":{}},{"type":"Feature","geometry":{"type":"Polygon","coordinates":[[[-3.464791806230539,47.64921786323972],[-3.464889500532701,47.64903182275935],[-3.464983519580131,47.64903564073287],[-3.464795685119807,47.64891961927036],[-3.464774102152979,47.6486318182304],[-3.465052002804745,47.648499003630306],[-3.46492489753721,47.64844283326535],[-3.464764023648542,47.64810856851983],[-3.464562509331888,47.64821005369932],[-3.464512266882224,47.64845668128071],[-3.464268950301715,47.648434047095414],[-3.464263708821907,47.64828080769047],[-3.464378831222046,47.6482383001393],[-3.464290669092108,47.64806256464154],[-3.464167717616828,47.648150662078955],[-3.464267181213575,47.64819933457047],[-3.464167307828544,47.64836743303724],[-3.464238926797171,47.64851699227992],[-3.464407151877115,47.64847154055113],[-3.464534256667996,47.648527711478415],[-3.464660680208084,47.64835814054771],[-3.46474557608835,47.648506963396215],[-3.464640053178592,47.648738593794064],[-3.464702959418789,47.648816386479545],[-3.464618948486702,47.64878491985886],[-3.464562169967281,47.64897772270801],[-3.464791806230539,47.64921786323972]],[[-3.464822918614159,47.64914388872089],[-3.464723452749722,47.64909521672641],[-3.464703844929608,47.648933742704514],[-3.464861859844057,47.64902432419763],[-3.464822918614159,47.64914388872089]]]},"properties":{}},{"type":"Feature","geometry":{"type":"MultiPolygon","coordinates":[[[[-3.514154970500563,47.646524445966364],[-3.513970330654603,47.646435414404145],[-3.513999693187466,47.64634498741589],[-3.514154970500563,47.646524445966364]]],[[[-3.513936152740321,47.64627155144288],[-3.513763741127607,47.64616697588974],[-3.51361464046313,47.645931451746144],[-3.513375809312262,47.64583641545249],[-3.512942573124421,47.645463226667594],[-3.512759036299334,47.64538316348687],[-3.512707921957029,47.64562084176266],[-3.512579676103547,47.6455557528132],[-3.512507925634215,47.64540622299552],[-3.512677090721469,47.64547805776358],[-3.512621906076962,47.64535469751105],[-3.512475997781699,47.64525446857802],[-3.512472599188812,47.645335943240454],[-3.512177706870995,47.644891802298055],[-3.512128999769061,47.64493064963711],[-3.51197431609616,47.644758657214346],[-3.511765332416545,47.64468904571806],[-3.512057359012428,47.64467273375133],[-3.511641803802227,47.6443346798784],[-3.511823141046993,47.64439680413817],[-3.511809975291069,47.64428915981645],[-3.511533636106899,47.6441058989426],[-3.51145278739359,47.64420976278721],[-3.51110569284302,47.6439943264178],[-3.510951892467362,47.64404807449934],[-3.511095819681012,47.64391359309969],[-3.511199815654946,47.643889721429964],[-3.511144417144997,47.6439831319576],[-3.511362282781622,47.64401612173604],[-3.511384333095351,47.64408714326919],[-3.511552504023713,47.64404162357198],[-3.512031134134498,47.64434905942318],[-3.512247582927344,47.64469823444697],[-3.512415648163874,47.644761099265885],[-3.512342587923164,47.6448193704193],[-3.512529414017062,47.64492634533008],[-3.512186699323286,47.644746793658804],[-3.512099482731883,47.6445800642996],[-3.51216015142506,47.64474827662434],[-3.51197102455364,47.644731746143954],[-3.512200963173535,47.64486340826655],[-3.512385380741169,47.645169214145774],[-3.512452955068647,47.64506609122294],[-3.512696170372202,47.64519701083297],[-3.512711532772921,47.645322595698396],[-3.512773513882686,47.645283006574445],[-3.513004554226125,47.64542363742401],[-3.513625719720327,47.6459127694278],[-3.513936152740321,47.64627155144288]]]]},"properties":{}},{"type":"Feature","geometry":{"type":"MultiPolygon","coordinates":[[[[-3.510167658825223,47.642990012350154],[-3.510043921364549,47.64285241621347],[-3.510026148867189,47.64292566176383],[-3.509873559317066,47.64287999299727],[-3.509530979438086,47.642592047487554],[-3.509525383064657,47.642655581398195],[-3.509442265509874,47.642584743987356],[-3.509550945959947,47.642536742779576],[-3.509429404550621,47.642417086740565],[-3.509647262733403,47.64245007974368],[-3.509886944847147,47.64277086592641],[-3.510007503044712,47.64277316523569],[-3.509855026024852,47.64261911058476],[-3.509869508308744,47.64251895388816],[-3.509963519084362,47.64252273568392],[-3.509937957114561,47.642641574393636],[-3.510151317723467,47.64274707076575],[-3.510167658825223,47.642990012350154]]],[[[-3.509348075628328,47.64262634495139],[-3.509322990961998,47.642639787795666],[-3.509367085082543,47.64278183172655],[-3.509225576641969,47.64271748016369],[-3.509051810946525,47.642826530425445],[-3.509144952581286,47.64260457077928],[-3.508949254471974,47.64253421302794],[-3.508581984176962,47.64259084531792],[-3.508592082577627,47.64245480718121],[-3.509054572769478,47.64230254190545],[-3.509055849127527,47.64227198889655],[-3.509103166106352,47.6423720816706],[-3.508992478533222,47.64245051498921],[-3.509171612962869,47.64249470263439],[-3.509165032987199,47.642440880271856],[-3.509364134202822,47.642429762973585],[-3.509375101168714,47.64251946689191],[-3.509264526966889,47.642489514599],[-3.50931531412601,47.64257699505387],[-3.509199143081417,47.64261057660179],[-3.509246640207041,47.64267114590361],[-3.509348075628328,47.64262634495139]]],[[[-3.509056402673037,47.642258738308314],[-3.509057976387693,47.642221067213946],[-3.508783850542009,47.64205574043324],[-3.509072573725678,47.64201252470561],[-3.509027384398068,47.64186151020892],[-3.509500496846087,47.642124104791755],[-3.50932113706564,47.64229668940873],[-3.509056402673037,47.642258738308314]],[[-3.509166356601694,47.64223307891688],[-3.509137730098821,47.64210823452334],[-3.50897077369953,47.64205433530047],[-3.508968466581005,47.64214478039366],[-3.509166356601694,47.64223307891688]],[[-3.509233933431684,47.64212995769822],[-3.509276060046938,47.64203728914185],[-3.509094733785277,47.641975160852915],[-3.509233933431684,47.64212995769822]]]]},"properties":{}},{"type":"Feature","geometry":{"type":"Polygon","coordinates":[[[-3.463929232311802,47.64849803754769],[-3.463731805507901,47.64819289175766],[-3.463550305240511,47.64823907847914],[-3.463513539861138,47.648376584200754],[-3.463375339159612,47.648339089686345],[-3.463302220478096,47.64839733005633],[-3.463106768653127,47.64821851027007],[-3.462989467246157,47.648243074971205],[-3.463005335295885,47.64804350970731],[-3.462858216334962,47.648042633668396],[-3.462828190857683,47.64812557850733],[-3.462659965523512,47.648171027971244],[-3.462590945528681,47.64782263835085],[-3.462397676004463,47.64766175893523],[-3.462304331100623,47.64788368069262],[-3.462308015127733,47.64769382210927],[-3.462205078761508,47.647726621019665],[-3.461936513982331,47.64760603887523],[-3.461952637047701,47.64784898654285],[-3.461919972151752,47.64757986221395],[-3.46181942304436,47.647522216895915],[-3.461781564895705,47.64765075131164],[-3.461585032135722,47.647462958096895],[-3.461702542372231,47.647330009271364],[-3.461428116145314,47.64738134291635],[-3.461375436039813,47.64716751471202],[-3.46114561294853,47.64703575275604],[-3.461079903170567,47.6472651730554],[-3.460904270042036,47.64713943873115],[-3.461028735769117,47.64684354440879],[-3.460803057682684,47.64685605060876],[-3.46076063127972,47.64705708698232],[-3.460607859989921,47.64711973952462],[-3.460595009029535,47.64690370406109],[-3.460357356557652,47.64681753029759],[-3.460436582704517,47.64702988779431],[-3.460338425995172,47.64688179729481],[-3.460082056358758,47.6467515044109],[-3.460037214952242,47.64649208579937],[-3.459663549067343,47.64638635361436],[-3.459721430955612,47.64620252372394],[-3.459604132422021,47.646227085052566],[-3.459606523388337,47.64613664114392],[-3.459448311475364,47.646154438000835],[-3.459339060842438,47.646025023770356],[-3.459213929208167,47.646095174403435],[-3.459293364519067,47.6461991471716],[-3.459141897387778,47.64616238308184],[-3.459031559174513,47.6460239977195],[-3.458799138687083,47.646091060573845],[-3.458942771821741,47.64617341477528],[-3.458846581692152,47.64615165024181],[-3.458857464495828,47.64624135870975],[-3.458704909289249,47.6461956232076],[-3.458686408996633,47.64604311878122],[-3.458491420233909,47.646198418690574],[-3.458553226283575,47.64626724393961],[-3.458479016957792,47.64631651050538],[-3.458347571021166,47.64622444952203],[-3.458351269012042,47.646034590899454],[-3.458203067498595,47.64602473814649],[-3.458096650160688,47.646139006496725],[-3.457780660926362,47.64595782472443],[-3.457804816923348,47.64604679799576],[-3.457579141451212,47.64605929797441],[-3.457505149933753,47.646000178335235],[-3.457702098984877,47.6459712073737],[-3.457358474129038,47.64578252416939],[-3.457232252458649,47.64584370182683],[-3.457190901405568,47.64605370787268],[-3.456944115462484,47.64611253140854],[-3.456941071154569,47.645977233221586],[-3.456755220849105,47.64598752597987],[-3.456697989150022,47.64584619764331],[-3.456530853664947,47.645900609205626],[-3.456560447006561,47.64603443708308],[-3.456396574387731,47.64611576105366],[-3.456324759807461,47.646074582409305],[-3.456416817922838,47.645952079947286],[-3.456261869014265,47.64599678510284],[-3.456227704100669,47.645935459254744],[-3.456167855945801,47.64599296010602],[-3.456128252057448,47.645886779862984],[-3.456082766682554,47.645952516429304],[-3.455980051365057,47.64587692428974],[-3.455925641924199,47.645979279391845],[-3.455750890944902,47.64597089370986],[-3.455738925668518,47.645872214062756],[-3.455559824188769,47.645827944584795],[-3.455644047320409,47.645751032164526],[-3.455540022891076,47.64577485435807],[-3.455541333012254,47.64567543963139],[-3.455424676122209,47.645925738853705],[-3.455381810694743,47.645792645712305],[-3.455466034027249,47.64571573341894],[-3.455343296199267,47.64569543607359],[-3.455284535032144,47.64576190736113],[-3.455336992944711,47.64553322516792],[-3.455220781521335,47.64556675298729],[-3.455068454725997,47.645412627100946],[-3.454959856671628,47.64550895086036],[-3.454777494316143,47.64543776751529],[-3.454622736000025,47.645924983821345],[-3.454503485156164,47.645823212662236],[-3.454605335025857,47.64578144961565],[-3.45446039750749,47.64579850477918],[-3.454424059738067,47.64571923661765],[-3.454377484886832,47.64577600163593],[-3.45411809799542,47.645510397305635],[-3.454043885627482,47.64555966107406],[-3.453996448602142,47.64549906943753],[-3.453978372714839,47.64568069195238],[-3.453863247548501,47.645723189313436],[-3.453736612814642,47.64545023547248],[-3.453633901787633,47.64537464125078],[-3.453464589937274,47.645411106642534],[-3.453407367571778,47.645269776651915],[-3.453152969951752,47.645265795892726],[-3.453154917307895,47.645392123324804],[-3.452998020301734,47.6453104967361],[-3.45298343051855,47.64541064621206],[-3.452948410148339,47.64523196285471],[-3.452857660423565,47.645255047911675],[-3.452791513928987,47.64515033598191],[-3.452860518478391,47.644947832817394],[-3.452686858577017,47.64494841345693],[-3.452729085606768,47.64485576544825],[-3.452331470807232,47.6451035488508],[-3.452300743664059,47.64551164797569],[-3.451982144342565,47.64552927987501],[-3.451868334872324,47.64547236057666],[-3.451928187076298,47.645414861912045],[-3.45183200117554,47.64539309159563],[-3.451820273237939,47.64518602589095],[-3.451657713344831,47.64516792854021],[-3.451702116446109,47.64509322275119],[-3.451595060843205,47.644981743047424],[-3.451518672833743,47.64501306338589],[-3.451429471381106,47.64482834697026],[-3.450759905441941,47.64448609163261],[-3.450143833406758,47.644475022629805],[-3.450067678789357,47.64439795636007],[-3.450081806790198,47.644514578536096],[-3.45010462907585,47.64470296818645],[-3.449957285795075,47.64481046155417],[-3.44988920593852,47.64457942042683],[-3.449866769421158,47.644725158644285],[-3.449752729763508,47.64477662291357],[-3.449673080839559,47.64478102923466],[-3.449651346744958,47.644601610447566],[-3.449359301553309,47.64461776644081],[-3.449395396164168,47.644805421872164],[-3.449312252168627,47.64489130076775],[-3.449290284143971,47.64482026757226],[-3.449134245932588,47.644855992360206],[-3.449160560265016,47.64496290935514],[-3.449087430696438,47.64502114093204],[-3.449048928224506,47.64492392917987],[-3.448852592939029,47.64517862777837],[-3.448685073984237,47.644898900300014],[-3.448352115764154,47.644908285628894],[-3.447350828720289,47.64502687963591],[-3.446963443692898,47.64513861213525],[-3.446864001586889,47.645089924838565],[-3.44687051904799,47.645143750618686],[-3.446358226494102,47.64521723279787],[-3.445508141724048,47.64548097727698],[-3.445401941286887,47.6454868484997],[-3.445365617186321,47.64540757750881],[-3.445446384549853,47.645388039912476],[-3.44550271161643,47.645436122404895],[-3.446861829102778,47.645071982911425],[-3.449031542569447,47.64478039406966],[-3.449114922298416,47.644586129713694],[-3.449034187009041,47.644581564654786],[-3.449031162843922,47.644446266154524],[-3.449135187588667,47.64442244973917],[-3.449153660022576,47.64457495580535],[-3.449297509272719,47.64454893627006],[-3.449290372992412,47.644269368324274],[-3.449509288162559,47.6443114443628],[-3.449459214566164,47.644449680304824],[-3.449547791031216,47.64440865599426],[-3.449574809530391,47.64419041590409],[-3.449876632890179,47.644254997825286],[-3.449792403807262,47.6443319061481],[-3.449875312250429,47.64435441256173],[-3.450019627784718,47.64411162077365],[-3.450097955459584,47.64420662896142],[-3.450175429928998,47.6441842804756],[-3.450185677525405,47.64404824753686],[-3.450579336474618,47.64409871558859],[-3.450627000755892,47.64405092296815],[-3.450556902044196,47.64424445397503],[-3.450690967906725,47.64413769431849],[-3.450904217307548,47.644243298768636],[-3.450790179680232,47.644294764063346],[-3.450844133373808,47.64440918261852],[-3.451125307528065,47.644303313639305],[-3.451180348903244,47.64442670296571],[-3.451501972326731,47.6445443716814],[-3.45151392947015,47.644643051830464],[-3.451620127555187,47.64463717505008],[-3.451628823829139,47.644708942419584],[-3.451659951831046,47.64463497123255],[-3.451756136295083,47.64465674169919],[-3.45197699954544,47.644825140598435],[-3.452347835560462,47.64468721340386],[-3.452504501169376,47.64487722654366],[-3.452453175141748,47.644563979289174],[-3.452561547344847,47.644576043480846],[-3.452597251133991,47.644429570020804],[-3.452852504099979,47.64455090857316],[-3.452922367169101,47.64446576189565],[-3.452909951971229,47.6445838532256],[-3.453011800722543,47.64454209154105],[-3.453218532522069,47.6445938662938],[-3.453351913394423,47.64481226059187],[-3.453471386389535,47.6448056473284],[-3.45341479854902,47.64489005951249],[-3.453571921359353,47.644863299911094],[-3.453756864256475,47.6452865547703],[-3.453934238888229,47.64509611396528],[-3.454127924151686,47.64504023632066],[-3.454143599148786,47.64494905757896],[-3.454396683099128,47.645052450933285],[-3.454566631945176,47.64524172635246],[-3.454969675411,47.64503878980424],[-3.454893513019545,47.64496172670257],[-3.455287406078064,47.644903793219704],[-3.455535053537538,47.644962329682414],[-3.455557029933461,47.64503336169836],[-3.455657789752227,47.6449826268341],[-3.455729380327322,47.6451321915552],[-3.455630795730521,47.64520086824023],[-3.455899112477075,47.64542985065505],[-3.455971147392872,47.64536264395009],[-3.456138060571685,47.64541661880124],[-3.456073216558554,47.645212493980786],[-3.456201613691625,47.64516925930793],[-3.456691474130714,47.645241473459066],[-3.456704528929067,47.64534912391182],[-3.456805288253042,47.64529838806637],[-3.456841629273184,47.64537765550468],[-3.456974377969565,47.645370303464155],[-3.457134545163356,47.645478837309554],[-3.457316041594755,47.64543266048697],[-3.45731408438608,47.645306333127074],[-3.457543020861544,47.64532074624493],[-3.457929732397933,47.64553413557523],[-3.457896436347604,47.645590166680755],[-3.458006988117568,47.64562016753219],[-3.45793169107246,47.64566046290982],[-3.458085332227791,47.645715170290416],[-3.457914934225446,47.64574267126817],[-3.458257472617273,47.64592238198637],[-3.458374771100895,47.64589782200571],[-3.458314053891725,47.64583796750253],[-3.458409155039603,47.64585076162542],[-3.458328633786999,47.64573781738351],[-3.458546473886415,47.64577090560423],[-3.458545169361694,47.64587032035959],[-3.458698811750225,47.645925026927564],[-3.458737764353187,47.645805464244816],[-3.459034166414251,47.64582516820864],[-3.45923024056667,47.64567883820916],[-3.459641334553367,47.645872809207575],[-3.459717058456142,47.645615741503946],[-3.460021932302173,47.64526469633997],[-3.460402334718365,47.64531586682184],[-3.460377536979521,47.645552050957086],[-3.460032625672656,47.646013689281396],[-3.459944054604974,47.646054721505536],[-3.4596633167904,47.64594384041745],[-3.459952762305213,47.64612648820216],[-3.459904890978569,47.64628267016115],[-3.460003045382614,47.64643076107106],[-3.46007616497022,47.646372522705775],[-3.460136884764212,47.64643237627663],[-3.460159530340918,47.646729149334824],[-3.460283360910723,47.64675841244106],[-3.46029249470155,47.646613407967884],[-3.460428299174849,47.646741350063316],[-3.460565617291736,47.646661491706304],[-3.460632869506378,47.646775169979755],[-3.460664198235557,47.6465928109101],[-3.460916425470204,47.646578833661664],[-3.461225896883473,47.64670618196236],[-3.461505973806259,47.6465913173079],[-3.461571050440077,47.64668705340603],[-3.461309691848579,47.64684603661351],[-3.461394575976863,47.64699486201377],[-3.461473138499321,47.64698147688904],[-3.461537795087694,47.64729398405629],[-3.46175585331926,47.647218680736664],[-3.461929311072985,47.647326472150134],[-3.461973701589343,47.64725176254244],[-3.462204616524046,47.64739249366486],[-3.462302570672622,47.64764896807065],[-3.462378075749347,47.64750028440241],[-3.462426612980439,47.647569843379785],[-3.46260593406696,47.64750571677624],[-3.462700415602157,47.64784366392256],[-3.462626207913188,47.64789293308161],[-3.462770733049978,47.64809263879237],[-3.462820775578217,47.64795439741005],[-3.462973546659307,47.647891742001875],[-3.46317641325361,47.64824174310627],[-3.463331156294799,47.64830541431217],[-3.463465000479253,47.64830702570414],[-3.463510684994526,47.648132900863054],[-3.46372983300851,47.648066564687376],[-3.463875451913307,47.64827523980534],[-3.464030401058744,47.648230524606944],[-3.463929232311802,47.64849803754769]],[[-3.450081806790198,47.644514578536096],[-3.449999984768545,47.644501043208],[-3.45007481915924,47.64467752423969],[-3.450081806790198,47.644514578536096]],[[-3.449818719199942,47.64443882302398],[-3.449823300121146,47.6443663211109],[-3.449744738527522,47.64437969842112],[-3.449818719199942,47.64443882302398]],[[-3.450703778104557,47.644353731180765],[-3.450802367477145,47.64428505862254],[-3.450716198131173,47.644235640071145],[-3.450703778104557,47.644353731180765]],[[-3.452296395006905,47.64547576433136],[-3.452237001364723,47.645316491948556],[-3.452319283101492,47.64511325444696],[-3.452036162342428,47.64509279879263],[-3.451967154477173,47.64529530145503],[-3.452210451524652,47.64531796129235],[-3.452296395006905,47.64547576433136]],[[-3.452153461865517,47.64506824504673],[-3.452184589349752,47.64499427373377],[-3.45227968752409,47.64500707285098],[-3.452233569256569,47.64484706574836],[-3.452013103502162,47.645012795200785],[-3.452153461865517,47.64506824504673]],[[-3.453136433155567,47.645239617956285],[-3.453142324213471,47.645067701212184],[-3.453034810665552,47.64517299410448],[-3.453136433155567,47.645239617956285]],[[-3.454065449029839,47.645296565598194],[-3.454112249101021,47.64513141505589],[-3.454027162769596,47.64509096986414],[-3.454065449029839,47.645296565598194]],[[-3.454995554501734,47.64536247673869],[-3.454913953612236,47.64524055922789],[-3.454886092554832,47.6453414439218],[-3.454995554501734,47.64536247673869]],[[-3.457532573416713,47.64556516536061],[-3.457633550516555,47.64540604318142],[-3.457563912030587,47.64538280700738],[-3.457532573416713,47.64556516536061]],[[-3.460731903580462,47.64704061661094],[-3.460752134167744,47.64687693483261],[-3.460629391658267,47.64685664305217],[-3.460621347335572,47.64701061835982],[-3.460731903580462,47.64704061661094]]]},"properties":{}},{"type":"Feature","geometry":{"type":"Polygon","coordinates":[[[-3.446248768250284,47.64519619188806],[-3.446855311659208,47.6450181571288],[-3.44868422376988,47.64478154370925],[-3.448699766640404,47.64424785208054],[-3.448525495766788,47.64402268421906],[-3.448211724450776,47.64385941827904],[-3.447526028097801,47.6438250936621],[-3.448056774745596,47.6439041126025],[-3.448256743350423,47.64401045609551],[-3.448468190636528,47.64443225106636],[-3.448455292002001,47.64476711323048],[-3.446838778029305,47.644991978297774],[-3.446248768250284,47.64519619188806]]]},"properties":{}},{"type":"Feature","geometry":{"type":"Polygon","coordinates":[[[-3.445410773062251,47.644014304414156],[-3.445135992889604,47.64373147183357],[-3.445362147574096,47.64350222446102],[-3.445655516352574,47.64338666371548],[-3.446042649712115,47.64338332117339],[-3.446551790170135,47.64372544121325],[-3.446837073992654,47.64376385211088],[-3.446290279972722,47.64344187727575],[-3.446266144353556,47.64335290150432],[-3.445745422288397,47.64324622752395],[-3.445294089281759,47.64327118049945],[-3.444829834742866,47.64363099369272],[-3.445410773062251,47.644014304414156]]]},"properties":{}},{"type":"Feature","geometry":{"type":"Polygon","coordinates":[[[-3.448116866775413,47.64373823014244],[-3.448215458339885,47.64366955974504],[-3.448196988900681,47.64351705345869],[-3.447604324899515,47.64292669012024],[-3.446381270455919,47.64331041157616],[-3.446369927177126,47.64343747325752],[-3.446848176174703,47.643745176109846],[-3.446932408574775,47.643668269885964],[-3.446743305801713,47.64365163382365],[-3.446990331371483,47.64348444604427],[-3.446985746676955,47.64355694787951],[-3.447279959343076,47.64355873974357],[-3.447143476136058,47.64375593928729],[-3.447404622870656,47.643705373219696],[-3.448116866775413,47.64373823014244]],[[-3.447380724246345,47.64350801197821],[-3.447196445656062,47.64331048907108],[-3.447265229853964,47.64321637475218],[-3.447366841414309,47.643283003689504],[-3.447254974972532,47.64335240749356],[-3.447395562965189,47.64329947737868],[-3.447456265038784,47.643359337633925],[-3.447448422067293,47.643404926594556],[-3.447362257248633,47.64335550554711],[-3.447380724246345,47.64350801197821]]]},"properties":{}},{"type":"Feature","geometry":{"type":"Polygon","coordinates":[[[-3.423925640057443,47.64503756483708],[-3.424200662398482,47.64476954803798],[-3.424222372618781,47.64450645798005],[-3.424433406176014,47.644594168363376],[-3.424519837166029,47.64453522068248],[-3.42452957945298,47.644615961241534],[-3.424705688615718,47.64452497918861],[-3.424978768422334,47.644573146154734],[-3.424999107740607,47.64440947037285],[-3.424820321484462,47.644256768127626],[-3.424884816249776,47.64412678234393],[-3.424804083732033,47.64412220054208],[-3.424747223604463,47.64387247078915],[-3.424845275996321,47.64402059140315],[-3.425055226099889,47.64409932951311],[-3.425230534041399,47.64389098983285],[-3.425178002433292,47.64367714494329],[-3.425075849280334,47.64382726803306],[-3.425072885903141,47.64369196886587],[-3.424937971941496,47.64368134232212],[-3.424858607324468,47.64357734607217],[-3.424650539377162,47.64362493560261],[-3.424452784154788,47.64353649405047],[-3.42439182202234,47.643585007515085],[-3.424414327632985,47.643439274110435],[-3.424145869856028,47.643318604854684],[-3.423940762763123,47.6435014923412],[-3.423832399219941,47.643489401598174],[-3.423669279733856,47.64368803661118],[-3.423727790980399,47.643729966808934],[-3.423616975169606,47.643808319146586],[-3.423698502358326,47.64393025859527],[-3.423777069815467,47.64391689879512],[-3.423661350109963,47.64417613769698],[-3.423578453004509,47.64415361268207],[-3.423510708124793,47.644256684190715],[-3.423567850218249,47.644398028886805],[-3.423713876131415,47.64438998321283],[-3.423670516765597,47.644473649570244],[-3.423756948403149,47.644414702449964],[-3.423641514714924,47.64456555566537],[-3.42377397902868,47.64466662694088],[-3.423717852626107,47.64497676709363],[-3.423766337160671,47.64504634221267],[-3.423780981678175,47.64494619637269],[-3.423925640057443,47.64503756483708]],[[-3.424302023230346,47.64450206900731],[-3.424231318019273,47.644469841783014],[-3.424312336844742,47.644366038367544],[-3.424302023230346,47.64450206900731]],[[-3.423928219584989,47.644062094401164],[-3.423832334355401,47.643931915386204],[-3.423950726662944,47.643916361121995],[-3.423928219584989,47.644062094401164]]]},"properties":{}},{"type":"Feature","geometry":{"type":"MultiPolygon","coordinates":[[[[-3.506319202312063,47.63938449420667],[-3.506270495972106,47.6394233392147],[-3.506068117090984,47.63940753994754],[-3.506061540625918,47.639353717323985],[-3.506319202312063,47.63938449420667]]],[[[-3.506319202312063,47.63938449420667],[-3.506265842537489,47.63925898147042],[-3.506478474643214,47.63937560426065],[-3.506355732020497,47.63935536043684],[-3.506319202312063,47.63938449420667]]],[[[-3.50625536429669,47.63925323442369],[-3.506157857321031,47.63926705702137],[-3.505855138489179,47.6389768777823],[-3.505666034024313,47.638960337046996],[-3.505588831864685,47.63876595024963],[-3.5053103507748,47.63856473324119],[-3.504826087462816,47.638429188858595],[-3.505110288939488,47.63845848711811],[-3.505168979994242,47.63839199053466],[-3.505334703911266,47.638545310931285],[-3.505381218241717,47.63848852540015],[-3.505575800833144,47.638549918829696],[-3.505811177142702,47.63872644617402],[-3.505781223669499,47.63880940243953],[-3.506166008218996,47.6388963058659],[-3.506580508955107,47.63911702368464],[-3.506575886862321,47.63929791404819],[-3.506505257775398,47.639157350492034],[-3.506260989081706,47.639017447147964],[-3.50600661738016,47.6390135814498],[-3.506036570617604,47.638930625135295],[-3.505922717594141,47.63887375830447],[-3.505928077769211,47.63902699656937],[-3.506219955712839,47.639119085199546],[-3.506134719868866,47.639187063886695],[-3.50625536429669,47.63925323442369]],[[-3.505586639895665,47.638748009360356],[-3.505544751118408,47.63862390459683],[-3.505424202486486,47.63862160067786],[-3.505586639895665,47.638748009360356]]]]},"properties":{}},{"type":"Feature","geometry":{"type":"Polygon","coordinates":[[[-3.503945947406563,47.63920985959193],[-3.504003545012258,47.6391343931616],[-3.503886654988882,47.638833840857416],[-3.504069060246054,47.63890494778837],[-3.503974932249111,47.63900954730251],[-3.504184007113598,47.638970786881465],[-3.504234782595995,47.63905826970441],[-3.504326595318256,47.63904411513055],[-3.50424489140954,47.63892223169404],[-3.504468088111039,47.63910847274935],[-3.504662794528263,47.63906148162851],[-3.504562338135408,47.63889548678259],[-3.504728306838225,47.63883203587693],[-3.50453835316214,47.63858975071271],[-3.504643560169998,47.63846646918299],[-3.504437774973132,47.6385321418062],[-3.504601182850365,47.6387759083939],[-3.504501577101581,47.638835656072125],[-3.504408792127113,47.63873245426005],[-3.504350099750742,47.63879895044987],[-3.504503645771055,47.63896198304391],[-3.504442761665184,47.63901053836518],[-3.504140053614011,47.63872035464366],[-3.503948759173875,47.638685870209564],[-3.503915515717447,47.63874191461836],[-3.50371983866703,47.638671547967185],[-3.503643490297103,47.63870290247823],[-3.503793746826855,47.63883902462603],[-3.503733957890976,47.638896550041835],[-3.503537184871705,47.63881721262868],[-3.503475204420035,47.638856796985955],[-3.503356971841721,47.63876404579524],[-3.503357942186573,47.63888140232703],[-3.50308835922051,47.63864355768636],[-3.503009693448589,47.638765356919166],[-3.502871616157225,47.63861952285929],[-3.502444957568466,47.6384085026818],[-3.502354240874797,47.638431626258125],[-3.502382722291649,47.63866485862892],[-3.502452371514262,47.638688068169095],[-3.502378467772925,47.63852059064861],[-3.502514479506365,47.638540098272486],[-3.503195258459645,47.63897176268281],[-3.502803905088689,47.6388310266543],[-3.502718665353578,47.63889900285934],[-3.50283592792045,47.63887439816014],[-3.503232759663743,47.639059986405435],[-3.503389840298224,47.63903315973767],[-3.503443901432997,47.639147554291924],[-3.503499433379825,47.63894576112436],[-3.503591246103561,47.638931607127574],[-3.503685125513718,47.63904378003943],[-3.503584547390076,47.63898617041197],[-3.503594408277537,47.63906690457108],[-3.503750268600257,47.63913949300882],[-3.503825521836528,47.63909916797555],[-3.503945947406563,47.63920985959193]]]},"properties":{}},{"type":"Feature","geometry":{"type":"Polygon","coordinates":[[[-3.499870517466408,47.63910300883854],[-3.499844104435969,47.63899610296025],[-3.500152793203634,47.63889760604938],[-3.500312328009851,47.63867195237633],[-3.500448339373767,47.638691462404026],[-3.500661926910982,47.63858020417841],[-3.50065548675301,47.63841799514428],[-3.500773713869568,47.63851074908546],[-3.500877703931458,47.638486886536136],[-3.500682162520103,47.63830812869831],[-3.500467480997028,47.638410416482365],[-3.500418640053195,47.63855764515168],[-3.500015119538963,47.63842661039526],[-3.499993218791694,47.63824720041629],[-3.500255251948775,47.63831387268676],[-3.500276453085746,47.63815915384076],[-3.500450221514447,47.63805011636615],[-3.500233745265863,47.637809304409544],[-3.500322271661378,47.63776824147516],[-3.500271503819798,47.637680756893445],[-3.500520393198926,47.63763978259484],[-3.500415440773475,47.63754628820638],[-3.500498491075979,47.63746037263741],[-3.500109477826809,47.6372291823212],[-3.500227438122381,47.63753870915477],[-3.500017138923892,47.637676878152064],[-3.500242637388419,47.6377726822828],[-3.499841313232833,47.63765958787252],[-3.500059014103747,47.63780098495812],[-3.500201198493372,47.63819947660765],[-3.500058486249514,47.63823452939071],[-3.499942451033899,47.6381597157133],[-3.499985421452046,47.638292793014394],[-3.499866931481229,47.63841681044822],[-3.49994985183594,47.63843928139533],[-3.499772531017184,47.63873817875003],[-3.499853129407137,47.63885109482767],[-3.499679489886609,47.638851745311115],[-3.499870517466408,47.63910300883854]],[[-3.500207242255696,47.63868684392476],[-3.500113238929308,47.63868305427149],[-3.500115560905512,47.63859260919114],[-3.500207242255696,47.63868684392476]]]},"properties":{}},{"type":"Feature","geometry":{"type":"Polygon","coordinates":[[[-3.5007683175667,47.63748145113391],[-3.500742998682177,47.637383515865196],[-3.500399277001836,47.63719495842165],[-3.500307860786186,47.636883951433795],[-3.500132169424827,47.636758275408724],[-3.500302516963394,47.63673071274117],[-3.500228491063591,47.636671619877895],[-3.50044851026087,47.6367225711398],[-3.500279652410215,47.636433945959375],[-3.499809920656528,47.6361982247979],[-3.499615353272258,47.6361368216906],[-3.499555562859951,47.63619434504861],[-3.499392052620243,47.63605895729859],[-3.499121139023057,47.636028905090065],[-3.498648131679314,47.63576626765048],[-3.498414846249516,47.635716052896704],[-3.498382693544079,47.63578106634303],[-3.498047747740662,47.635664266038134],[-3.497567086938075,47.635338830454245],[-3.497857426384138,47.63574712834208],[-3.497783541134138,47.63557964766003],[-3.498508574017488,47.635936616381],[-3.498758416795241,47.63601300254537],[-3.498791663967273,47.63595695952483],[-3.498969539168581,47.636100578656155],[-3.499752320289803,47.636273689275555],[-3.499812940624041,47.63644190873474],[-3.500025161428221,47.63653845342753],[-3.500138871388244,47.636703712259305],[-3.500067998805814,47.63677991699076],[-3.500259152353081,47.63692279398601],[-3.500231118136727,47.637240462227595],[-3.500508478062121,47.63743272098236],[-3.5007683175667,47.63748145113391]],[[-3.500585921572684,47.63741033899722],[-3.500403526064735,47.63733922657314],[-3.50037930299503,47.63725026171868],[-3.500585921572684,47.63741033899722]]]},"properties":{}},{"type":"Feature","geometry":{"type":"Polygon","coordinates":[[[-3.498108226090753,47.63594087266044],[-3.497956897580226,47.63579577246653],[-3.497593219669166,47.63566250953718],[-3.49717016474227,47.635261608870216],[-3.496939071825046,47.63522933223636],[-3.497064946789716,47.635384883874245],[-3.496938933532699,47.635337718494426],[-3.496897205917843,47.635105224146805],[-3.496721528443111,47.634979542876984],[-3.496740133580953,47.63513204213976],[-3.496588950085633,47.63487855383564],[-3.496406568555699,47.63480743507826],[-3.496261953548772,47.63460776960887],[-3.495994331939254,47.63460462178106],[-3.495953282412249,47.63470625645832],[-3.495883641212259,47.63468304299594],[-3.496012261094564,47.63442299174787],[-3.495797726857417,47.63441688485419],[-3.49579649199742,47.634516300600374],[-3.495453088872972,47.634110955692194],[-3.49533692753541,47.63414452360414],[-3.495165633439164,47.63405472218268],[-3.494987490788475,47.634127869760974],[-3.494911286195916,47.63405083231737],[-3.495052896516701,47.63400681518049],[-3.49499776446908,47.63388344587302],[-3.495138280147164,47.63383045806205],[-3.494965751001364,47.63384007210687],[-3.494941538583757,47.63375110596399],[-3.494812106244147,47.63378541288895],[-3.494608801118475,47.6336522368131],[-3.494576645020221,47.633717249281275],[-3.494099304747158,47.63341871082005],[-3.493996703982097,47.63323476524991],[-3.493470806826554,47.63286667775934],[-3.492300244996508,47.632471278452975],[-3.492109128697804,47.63232838810699],[-3.492059176682014,47.6324666431442],[-3.491866967498888,47.63231478180036],[-3.491709900846698,47.63234159306867],[-3.491788136703647,47.63254496028362],[-3.491653088664382,47.63264279711883],[-3.491759258439257,47.63263688382074],[-3.491774567961139,47.63276247225274],[-3.491884018634983,47.63278347064723],[-3.491836847306035,47.632506121175425],[-3.491939736101971,47.63247329590501],[-3.492297762332979,47.632670110066094],[-3.492216095651042,47.63254821781666],[-3.492323358802981,47.63255127460439],[-3.492697939290919,47.632774260087956],[-3.493168849221453,47.632910594466125],[-3.493305791428509,47.633047469837],[-3.493250664410136,47.632924099643844],[-3.493331385835131,47.63292863417761],[-3.493386513044769,47.6330520043324],[-3.493796539980251,47.63323688583324],[-3.494044981115296,47.633521084322155],[-3.494195342435841,47.63354883282989],[-3.494673635570174,47.63396472778067],[-3.494769675641557,47.6340948492816],[-3.4946436674587,47.63404768139449],[-3.494692091650678,47.63422561376734],[-3.495469360426375,47.6343539004162],[-3.49576214833064,47.63456337225404],[-3.495797164421826,47.63485043002681],[-3.496115825435372,47.6347242922789],[-3.497386342065272,47.635719199301526],[-3.497612922119515,47.635823979140284],[-3.497734695376935,47.63572687542318],[-3.498108226090753,47.63594087266044]],[[-3.497510167487513,47.63574842312084],[-3.497334486452184,47.635622742814625],[-3.497279485062845,47.635390988437734],[-3.497510167487513,47.63574842312084]]]},"properties":{}},{"type":"Feature","geometry":{"type":"Polygon","coordinates":[[[-3.483220090170299,47.63394306529126],[-3.483643259971807,47.633467955525944],[-3.483605795078525,47.633379725262635],[-3.483759922341778,47.63310924016898],[-3.483828464002674,47.63312349020273],[-3.483804270474578,47.633034521719416],[-3.483990235031247,47.632915799499],[-3.483948401048651,47.632791686622156],[-3.48404020836814,47.63277754794495],[-3.484133436474599,47.632555607092186],[-3.484199628843712,47.6326603019551],[-3.484266149513505,47.632548223996956],[-3.484403231701323,47.632576723438376],[-3.484486300044072,47.63249081903282],[-3.484791376542843,47.632582223162665],[-3.484929714157283,47.6325113062589],[-3.485082252714283,47.632557007844476],[-3.485062426975885,47.63250392225889],[-3.485134245463603,47.632545083528285],[-3.485206226173041,47.63247785835542],[-3.485183123065417,47.632397860793084],[-3.485408734296057,47.632385307413195],[-3.485589839068016,47.63255585916681],[-3.485608734143507,47.6324915876041],[-3.485802179591266,47.63254404349477],[-3.485783606607224,47.632391542287394],[-3.485921942409098,47.63232062420162],[-3.486221397347875,47.63247555771714],[-3.486235921227334,47.63237540342784],[-3.486401731755246,47.63242036475202],[-3.486760829903545,47.63262616654054],[-3.486507901669232,47.632414456225945],[-3.486554430685535,47.632357678011786],[-3.486678242377355,47.632386913362645],[-3.486717122421509,47.6322673405203],[-3.486822040470201,47.63236084746858],[-3.4867305526342,47.63215821550672],[-3.486625475916751,47.632173094888785],[-3.486473096672548,47.63201900888461],[-3.486543504161791,47.63226797148273],[-3.486240771663208,47.63208612680606],[-3.486222970086584,47.632159369141135],[-3.486043889350454,47.6321151460771],[-3.486038266118058,47.63217867920494],[-3.485842475885292,47.632216668793305],[-3.485671203951473,47.632126853361356],[-3.485555971863875,47.63227776865872],[-3.485286339639527,47.632148268555795],[-3.485101635370573,47.632167577138745],[-3.485058219764197,47.632359653191145],[-3.484914583515804,47.63227733050599],[-3.484706613226128,47.632325027246985],[-3.484651506830396,47.63220165295053],[-3.484846042651545,47.63226308110328],[-3.485024517932778,47.63197317607553],[-3.484831075318282,47.63192071888162],[-3.484703825589709,47.631972955980345],[-3.484788751291498,47.63212176552825],[-3.484638398882518,47.63209400489283],[-3.484638235619661,47.632202391310756],[-3.484554239087739,47.63217093875194],[-3.484032891683521,47.63249798044134],[-3.483802415989588,47.632799807620486],[-3.48366314919616,47.63275336612176],[-3.483508261434956,47.632798107711686],[-3.483621481430666,47.632520866724775],[-3.483452230854514,47.6325573758096],[-3.483460802306044,47.63273752764008],[-3.483363368418432,47.632815198840355],[-3.483452494630763,47.63310827837861],[-3.483339272511211,47.633385519117574],[-3.482976998469889,47.633812083571044],[-3.483220090170299,47.63394306529126]]]},"properties":{}},{"type":"Feature","geometry":{"type":"Polygon","coordinates":[[[-3.491636238790832,47.63283339725282],[-3.491722725362266,47.63266601312762],[-3.491646378536082,47.632697359895765],[-3.491551591317517,47.6324678199319],[-3.491461973484059,47.63249990572673],[-3.491363757420971,47.632351840184086],[-3.491256494724789,47.63234878251493],[-3.491394823143745,47.632277857946754],[-3.491261317948116,47.63205950568128],[-3.491008224221549,47.63195619148952],[-3.491152662356191,47.632264250159054],[-3.490866314775102,47.63221697662709],[-3.490856173132938,47.63235301395017],[-3.490783257127213,47.632302885581296],[-3.490776546152448,47.632357448317876],[-3.490352323680496,47.63205593809694],[-3.490338900898294,47.63216506353257],[-3.490288154750048,47.632077574359606],[-3.490038190220127,47.632109556356134],[-3.489937639894445,47.632051934774395],[-3.489931080601678,47.63199811103902],[-3.490081435492948,47.632025864863635],[-3.490028503440049,47.6319204343283],[-3.489784158246906,47.63188888245661],[-3.489819293174846,47.6320675559909],[-3.489729674972111,47.63209964046342],[-3.489704378895146,47.63200170253066],[-3.489599303314906,47.632016584588875],[-3.489389612821394,47.63172118910389],[-3.489227081217046,47.63170314389674],[-3.489205065503076,47.63163211772895],[-3.489134184045059,47.63170831602664],[-3.489255655567141,47.63182799383771],[-3.489194765728891,47.63187654139125],[-3.489011311254053,47.63179644034795],[-3.489064241174742,47.63190187135093],[-3.488928560374934,47.63166557511242],[-3.488848934259869,47.63167000816775],[-3.488828640848263,47.63194208253],[-3.489015374732402,47.632049095747576],[-3.4886882789164,47.631886676368026],[-3.488587575225627,47.631937440055864],[-3.488524654069915,47.631859659550145],[-3.48838850882843,47.631948522009765],[-3.488473289289047,47.632205715303584],[-3.488650341449349,47.63212360695238],[-3.488799448187871,47.632250778211905],[-3.488930128268743,47.6321170621302],[-3.489350124386727,47.632274308586965],[-3.48908063721657,47.63203643081427],[-3.489283922393703,47.632169616621816],[-3.489407888721829,47.632090462658],[-3.489521709678024,47.63214734578105],[-3.489459726578261,47.63218692283904],[-3.489806962497089,47.632185651987676],[-3.489833352053248,47.63229256051121],[-3.490066766685079,47.63223440607246],[-3.490203699202055,47.63237128512753],[-3.490524545270784,47.63226310370768],[-3.490954387790097,47.63250107991951],[-3.490919248777008,47.63232240676663],[-3.49100886663869,47.63229032138521],[-3.491221055009551,47.63238688227779],[-3.491168913772261,47.63250719571362],[-3.491257288524277,47.63257452594158],[-3.491372355542855,47.6325319914523],[-3.491553629089842,47.63259414754778],[-3.491503675386423,47.63273240232848],[-3.491636238790832,47.63283339725282]]]},"properties":{}},{"type":"Feature","geometry":{"type":"Polygon","coordinates":[[[-3.487259055702945,47.63221911553932],[-3.487359918924922,47.63205996658058],[-3.487446102532722,47.63210935841479],[-3.487456252819875,47.63197332137074],[-3.487622063126655,47.632018280972126],[-3.487689354512456,47.632131944530336],[-3.487651105325714,47.63181797199099],[-3.487313864513833,47.6317915858269],[-3.487385841461894,47.63172435928486],[-3.487269838163355,47.63164953276994],[-3.487309177759615,47.63197247610884],[-3.487145395176985,47.63205384379014],[-3.486985365751458,47.63183696389875],[-3.486931030085081,47.63193933417598],[-3.486832827622774,47.631791264781235],[-3.486718851254841,47.631842765468754],[-3.486547579046131,47.63175295130438],[-3.486471230486817,47.63178429470502],[-3.486477626737467,47.63194650507536],[-3.486688553774159,47.6321424899868],[-3.486630165005685,47.63199220465303],[-3.486745234456046,47.6319496747088],[-3.486885594536547,47.63200508320363],[-3.486851244627214,47.632052152298485],[-3.487079039475925,47.63205753699303],[-3.487259055702945,47.63221911553932]]]},"properties":{}},{"type":"Feature","geometry":{"type":"Polygon","coordinates":[[[-3.483752010081217,47.63249554285472],[-3.483633991174883,47.63229438499644],[-3.483383095335129,47.63220899565852],[-3.483641966891939,47.632140406935136],[-3.483895047232521,47.632243737076266],[-3.48422513569112,47.63188217911],[-3.484152390805197,47.631723660152105],[-3.484495745308249,47.63136136301869],[-3.484768974639508,47.631301004100074],[-3.485058589051955,47.631375204614145],[-3.485388179047601,47.63133880261806],[-3.485497785804458,47.631251420545276],[-3.485440493804759,47.63111010521603],[-3.485582104132785,47.631066099493076],[-3.48582065883213,47.631269579790114],[-3.486168981436607,47.63127729041648],[-3.486257667789103,47.63112785152717],[-3.486004748650482,47.63091613995931],[-3.486126371590694,47.630927434588095],[-3.48616775722913,47.63060903016586],[-3.486286714623963,47.63092754279315],[-3.486444712853875,47.6310180959442],[-3.486671410601919,47.631014510776644],[-3.486638472178917,47.63085377751629],[-3.486707011711963,47.63086802587768],[-3.486733712416261,47.63075816218907],[-3.486574940494014,47.63044186573639],[-3.48646221891339,47.6303939503547],[-3.486540750711419,47.63038054826142],[-3.486472371381887,47.63025791327567],[-3.486281118689235,47.630223399763175],[-3.486368550657386,47.63017337657632],[-3.485999637914557,47.62988683729987],[-3.486127973932605,47.62984356940165],[-3.486048510695313,47.62973961400052],[-3.486181216467807,47.62973222871892],[-3.486061941638922,47.62963048892141],[-3.485984503327081,47.6296528613685],[-3.486023062047753,47.62975006170848],[-3.485910342423486,47.62970214577714],[-3.485864907522023,47.62976789448373],[-3.486064577750984,47.63009094711944],[-3.486113290278456,47.63005211034874],[-3.486221480573964,47.6301725299442],[-3.486360263578371,47.63054412801241],[-3.486287194356588,47.63060238330026],[-3.486194458913805,47.63049916658582],[-3.486153393884324,47.63060079803443],[-3.486041764877587,47.63056185291568],[-3.486050184357102,47.6308503912373],[-3.485784606247832,47.630973547831765],[-3.485700610974205,47.6309420960773],[-3.485718090728966,47.63108562674571],[-3.485596467514693,47.63107433169275],[-3.485454087939113,47.6308925937977],[-3.485418483374158,47.63103907831293],[-3.4851796069188,47.63105237014255],[-3.485105281016093,47.63121004047871],[-3.484934943252153,47.631237581065086],[-3.48454931964391,47.63103325021888],[-3.484514641278325,47.63129709159328],[-3.484332288076288,47.63122595385492],[-3.484225028045901,47.63122288972764],[-3.484221587222925,47.63130436415597],[-3.484132131225255,47.63122805788096],[-3.483960700705978,47.631246626366035],[-3.484022193257786,47.631532211588656],[-3.483928203683108,47.63152840889883],[-3.483890410121358,47.63165695153935],[-3.483699154085372,47.631622433824454],[-3.483781892075958,47.631753302767045],[-3.483712260023152,47.63173008201376],[-3.483608110100083,47.63186231580272],[-3.483289602619696,47.63188003319],[-3.483153448610853,47.63196888954721],[-3.483012000450285,47.631904505879234],[-3.482591691080904,47.63196400946811],[-3.482428993287402,47.632054341228134],[-3.482618823335144,47.63229666314982],[-3.48286224099537,47.63221087290631],[-3.483145138920266,47.63233964041116],[-3.48338402164334,47.63232635275071],[-3.483367308185883,47.63240856532358],[-3.483553106066573,47.632398230165784],[-3.483752010081217,47.63249554285472]],[[-3.483438530206123,47.63211559772885],[-3.483412153546217,47.632008687751274],[-3.483587028544989,47.63190864569785],[-3.483696474246309,47.63192965177268],[-3.48373393827165,47.63201788207304],[-3.483438530206123,47.63211559772885]],[[-3.485024400413488,47.63131388672491],[-3.484937127971086,47.631255522410946],[-3.485044388107923,47.631258585884325],[-3.485024400413488,47.63131388672491]],[[-3.486471414173133,47.630908232324074],[-3.486297960220298,47.63080047642912],[-3.486345740430521,47.630644282411865],[-3.486498115382473,47.63079836869157],[-3.486471414173133,47.630908232324074]]]},"properties":{}},{"type":"Feature","geometry":{"type":"Polygon","coordinates":[[[-3.486448493907912,47.629952172133784],[-3.486451931244578,47.62987069758303],[-3.486299399191693,47.62982499772258],[-3.486455368570752,47.629789223028745],[-3.486461150609,47.62961730324345],[-3.486625860147855,47.629653293647486],[-3.486536403480218,47.629576989148646],[-3.486608378421175,47.629509763008805],[-3.486418380533707,47.629375833800445],[-3.486600889464776,47.629338581775414],[-3.486514711112786,47.629289189247],[-3.486560144806369,47.62922344027145],[-3.486759042472591,47.629320747999756],[-3.486797920102363,47.629201174941244],[-3.486686929928009,47.62872868401057],[-3.486567815711838,47.628518558056186],[-3.486453846076278,47.62857005857211],[-3.486535812311818,47.62847518185999],[-3.486330362992736,47.628324049669615],[-3.486030770604375,47.6282775027409],[-3.486179540114362,47.62862145084325],[-3.486306620544661,47.62867759866407],[-3.486234646345749,47.628744824646844],[-3.485913523573243,47.62830209070722],[-3.485765366214285,47.62829227282257],[-3.486074309869263,47.628744716370186],[-3.486184842580657,47.62877469082168],[-3.486086327386692,47.62884339377958],[-3.485994687874357,47.628749147486644],[-3.486320344048202,47.62911937719214],[-3.486341102537536,47.62928981990959],[-3.486231661208237,47.629268816283926],[-3.486312216653749,47.62938174225443],[-3.486235871347891,47.62941308553959],[-3.486339530583153,47.62960600895558],[-3.486135169991609,47.62946384717808],[-3.486283010840441,47.62969043771534],[-3.486192141863604,47.629821935399306],[-3.486448493907912,47.629952172133784]],[[-3.486507222487722,47.62911800798814],[-3.486193582742441,47.62884645620157],[-3.486394049956941,47.62862757541827],[-3.486640404215994,47.628785462383874],[-3.4866733413685,47.62894619581521],[-3.486507222487722,47.62911800798814]],[[-3.486329883543556,47.628649209544854],[-3.486232621308553,47.62861849668746],[-3.486260414390003,47.62851760365299],[-3.486375316920075,47.62858346061948],[-3.486329883543556,47.628649209544854]]]},"properties":{}},{"type":"Feature","geometry":{"type":"MultiPolygon","coordinates":[[[[-3.485287152140997,47.62864401732145],[-3.484935569929571,47.62860939199998],[-3.484965550074679,47.62852644064425],[-3.484892482092762,47.62858469512029],[-3.484626310159859,47.628373718679214],[-3.484662354564352,47.6286697513921],[-3.484504202784911,47.62868758233498],[-3.484418027424105,47.628638188243166],[-3.484462370921024,47.6285634693713],[-3.484162778817911,47.62851691765728],[-3.48426473646334,47.62836674176059],[-3.484361997107309,47.62839745626052],[-3.484144540426659,47.628147642602435],[-3.484213075819231,47.62816189244702],[-3.484182330891758,47.62801909964697],[-3.484053069975924,47.6279450081032],[-3.484053997683127,47.62806236544828],[-3.483926755976103,47.62781785394362],[-3.483982350641857,47.6279128167687],[-3.484086327561513,47.62788896903503],[-3.484202318224852,47.627963798856456],[-3.484443639503105,47.62851935426127],[-3.484557610969852,47.62846785570536],[-3.484512502467326,47.62831683067564],[-3.484634119169251,47.628328126873235],[-3.484598840728197,47.6282578380735],[-3.484919185389569,47.62847483171706],[-3.484802426168385,47.62817425867109],[-3.485194422034296,47.628540799708844],[-3.485080775733295,47.628375525637125],[-3.48519895354085,47.628468295819054],[-3.485287476008993,47.628427244079624],[-3.485256404062569,47.6285012248396],[-3.485339464689915,47.62841531964668],[-3.485424548158933,47.628455742383146],[-3.485411116207843,47.628564867455104],[-3.48525078027359,47.62856475804802],[-3.485287152140997,47.62864401732145]],[[-3.484330923895544,47.628471436775456],[-3.484392906483468,47.628431862363],[-3.484295645759024,47.628401147889335],[-3.484330923895544,47.628471436775456]],[[-3.485110268643134,47.62861773410962],[-3.485210969377828,47.62856697333255],[-3.484943703972883,47.62834702692903],[-3.485110268643134,47.62861773410962]]],[[[-3.483849232659382,47.62768543355197],[-3.483615815783621,47.62753582435497],[-3.483838563145022,47.62793887922703],[-3.483842601845717,47.628191535308936],[-3.483610455525683,47.62815026149432],[-3.48352007915192,47.627956597278526],[-3.483336480772045,47.62798487381355],[-3.483235945450793,47.627927246340846],[-3.483230319317478,47.62799077947077],[-3.48300816861606,47.62792185414072],[-3.483022197691938,47.62814685996125],[-3.482912760012052,47.62812585321371],[-3.482880592998139,47.62819086264718],[-3.482970967448402,47.628384527334354],[-3.482881351313157,47.62841660661392],[-3.482764269582675,47.62833280479153],[-3.482742687387766,47.62870429446974],[-3.482599231939328,47.62851358216684],[-3.482496345032623,47.62854639927732],[-3.482447295845895,47.62880200778598],[-3.482300397603183,47.628692769611405],[-3.48225823468994,47.62878542907633],[-3.482172229509443,47.62862764672172],[-3.48220406125983,47.62877941071593],[-3.481990643101998,47.62878224915874],[-3.481913373100181,47.62869623231244],[-3.481758495644967,47.62874097167608],[-3.481612690727295,47.62864070334793],[-3.481523073345675,47.62867278158115],[-3.481551628053946,47.62879763360125],[-3.481303105400127,47.62862179446662],[-3.481326031080368,47.6288101795551],[-3.481162419391608,47.628783152382105],[-3.481195510290982,47.6288355007626],[-3.481024086434279,47.62885406496096],[-3.480639009135301,47.628324561102424],[-3.480754246590161,47.628173650347726],[-3.480671521571031,47.62804277901913],[-3.48049464233851,47.62801648880978],[-3.480399739531475,47.627895325897796],[-3.480250492812778,47.62787653028523],[-3.480115435438976,47.6279743540169],[-3.480030356757934,47.627933927403326],[-3.480255030978176,47.627804026562565],[-3.480271919902611,47.62761342757749],[-3.48040025509728,47.627570165921455],[-3.480436275522032,47.62786620006058],[-3.480532784672373,47.62767117371386],[-3.48077584240897,47.627802160935424],[-3.480835301714375,47.6279614202464],[-3.480758955224163,47.62799275997483],[-3.48093003484744,47.628190969437355],[-3.480873508046999,47.6282753956411],[-3.480982945230912,47.6282964042976],[-3.480934059800299,47.62844362558684],[-3.481124961887152,47.62869492110977],[-3.481226758240049,47.62865313449015],[-3.481136389663269,47.62845946848034],[-3.481363076900895,47.628455893609775],[-3.481333431122101,47.628322070801474],[-3.48144269884272,47.628451465649775],[-3.481517953860378,47.62841115476385],[-3.481808470853607,47.62860272077884],[-3.481912450088323,47.628578874988754],[-3.481538113646885,47.628247467811796],[-3.481763539104213,47.62834330807442],[-3.481809146840573,47.62816917428144],[-3.481958394926298,47.628187967899656],[-3.482081857545495,47.628433981440836],[-3.482270749342914,47.62855894705735],[-3.482245636739517,47.62835262070705],[-3.482422517948226,47.628378908260345],[-3.4824603127239,47.62825036587734],[-3.482615945360196,47.628431369538596],[-3.482693383311761,47.628408999310565],[-3.482661717655531,47.628148848784924],[-3.482798787688643,47.6281773501738],[-3.482740414208961,47.62802706258847],[-3.482839857240753,47.62807571977753],[-3.482865472563237,47.62795688610725],[-3.482974909878098,47.62797789290094],[-3.482996323580144,47.627714789707326],[-3.483112145988541,47.62789800727434],[-3.483221749406038,47.62781062718208],[-3.483407365561755,47.62790867888762],[-3.483432979540685,47.62778984508268],[-3.48351134273023,47.62788483166572],[-3.483573325244624,47.62784525767621],[-3.483602976374077,47.627979079948865],[-3.483774396523826,47.62796051195748],[-3.483500918913256,47.62746996463851],[-3.483561808903221,47.62742141994261],[-3.483689975795984,47.62748654134806],[-3.483695601329061,47.6274230081795],[-3.483849232659382,47.62768543355197]],[[-3.480909531572286,47.62857142952668],[-3.480921881100004,47.628453334249556],[-3.480847717188788,47.628502615474446],[-3.480909531572286,47.62857142952668]],[[-3.482086056403347,47.628578250907985],[-3.481901700947777,47.62838078122897],[-3.481914802464711,47.6284884298],[-3.482086056403347,47.628578250907985]]]]},"properties":{}},{"type":"Feature","geometry":{"type":"Polygon","coordinates":[[[-3.476634979015152,47.62769818861251],[-3.476622247390901,47.6273737660715],[-3.476696234260279,47.62743287417384],[-3.476797119930148,47.6272737339438],[-3.47671894891339,47.62707035613957],[-3.476899274884197,47.62701517769017],[-3.476848555659879,47.62692768244777],[-3.477038878177177,47.6268448539954],[-3.477084500045674,47.62667072191305],[-3.477251554364544,47.62661628041113],[-3.477778369158155,47.626993412857175],[-3.478066329587028,47.62738382016247],[-3.478266472261878,47.627381726525776],[-3.478361721300046,47.627286117853714],[-3.478587136994316,47.62738196429379],[-3.478724378138998,47.62730208379795],[-3.478698013299263,47.627195172490644],[-3.478825082463981,47.62725132849189],[-3.478787805024782,47.6270547097092],[-3.47862856485439,47.62706356196191],[-3.478625115757552,47.627145036399966],[-3.478493682289347,47.62705299716833],[-3.478203571515848,47.62730394027863],[-3.478109942808572,47.62708335952772],[-3.478198821076409,47.62682553973129],[-3.478056124798285,47.62686056584229],[-3.47771544234486,47.62625633525692],[-3.477641278525886,47.626305614501696],[-3.47773071699562,47.62638192594079],[-3.477762003156066,47.626858851458834],[-3.477607305075761,47.62679519865654],[-3.477410971349713,47.6264990433135],[-3.477134485421307,47.62653247286829],[-3.476994328619591,47.62636866577428],[-3.477051414519845,47.626618372309636],[-3.476931073132882,47.62650765225753],[-3.476823823008537,47.626504581326955],[-3.476885450903258,47.62668178429458],[-3.476699850994162,47.62658372216356],[-3.476844192014999,47.6268917993734],[-3.47664532147476,47.62679447464165],[-3.476641689884636,47.62698433573033],[-3.476469179539601,47.626993922491714],[-3.476582975839146,47.62705081837049],[-3.476462274752595,47.62715687124255],[-3.476572439527198,47.627403628168786],[-3.476391021060372,47.62744983533225],[-3.476323759635703,47.627336164992315],[-3.476307036866876,47.62741837676639],[-3.476184333190413,47.627398101121194],[-3.476070717219979,47.627232818187075],[-3.475998732078709,47.627300037912285],[-3.476101439995491,47.62737561317928],[-3.475848397823194,47.627272265894526],[-3.47581840421472,47.62735521496331],[-3.475720059655895,47.62731552255602],[-3.475781866054297,47.62738433936371],[-3.475682430744483,47.62733567614878],[-3.475582813980919,47.62739539952133],[-3.475467200376388,47.62710378775845],[-3.475130177927717,47.626968979665925],[-3.475072010030706,47.62671030145071],[-3.474884049151584,47.62670268157393],[-3.474902222986155,47.627071958347095],[-3.475048011013434,47.627172235132186],[-3.475035106413909,47.6269561990274],[-3.475119997179566,47.62710501598847],[-3.475281419359377,47.62711411008379],[-3.475656618243532,47.627562894945505],[-3.475685521492323,47.62747097515033],[-3.475824767562544,47.62751742628612],[-3.475898934742128,47.62746814822547],[-3.475899115735546,47.62735976155569],[-3.476215056364986,47.62754089607134],[-3.476374298359526,47.62753204711113],[-3.476313401707104,47.627580588057285],[-3.476474645703149,47.62769806715895],[-3.476634979015152,47.62769818861251]],[[-3.477938700356586,47.62699353252124],[-3.477850351644872,47.62692619202463],[-3.477967776158506,47.62679322542988],[-3.478047219272404,47.62689718648542],[-3.477938700356586,47.62699353252124]]]},"properties":{}},{"type":"Feature","geometry":{"type":"Polygon","coordinates":[[[-3.473767352682943,47.6272975681829],[-3.473545217086927,47.62722862483156],[-3.473119138780174,47.62680072294106],[-3.473155304869356,47.62698837275539],[-3.473078051702043,47.62690234998553],[-3.472919901291102,47.62692016526005],[-3.472853738163606,47.626815463696744],[-3.472749758317855,47.62683930144458],[-3.472375867251554,47.62629109116752],[-3.472301698455151,47.626340367020994],[-3.472252077533585,47.62626184056649],[-3.47199994926916,47.62627584243101],[-3.471951418925519,47.62620628666326],[-3.471930140439269,47.626361001314685],[-3.47182180084194,47.62634895497395],[-3.471881610109167,47.62629144552098],[-3.471651850966005,47.62615970280513],[-3.471503181924815,47.625815735769734],[-3.471390103357751,47.6259845792277],[-3.471087458119573,47.62580269469492],[-3.470886040030824,47.6259041919521],[-3.470885141310599,47.625786834373606],[-3.470822061904068,47.625817430841856],[-3.470773533511972,47.625747874568326],[-3.470931681166084,47.62573006218914],[-3.470903152937647,47.625605207376786],[-3.470978029943358,47.62578167674054],[-3.471119638056112,47.625737688429844],[-3.470887894572397,47.625479615750315],[-3.471028412054749,47.62542665671233],[-3.471114569840392,47.6254760607633],[-3.471253235469421,47.62584767767246],[-3.471549721148195,47.625758963339855],[-3.471740380022668,47.626118661284046],[-3.471889807958838,47.626029081049346],[-3.471803648563134,47.62597967758428],[-3.471854737018703,47.62585040157063],[-3.472015064770364,47.62585052936576],[-3.471940664132074,47.62610898404453],[-3.471944166453298,47.62592671745824],[-3.471869808595058,47.62608437978745],[-3.471938714383954,47.62611575709044],[-3.471930518534669,47.62614422785803],[-3.472182457660331,47.626238612874964],[-3.472370604673384,47.62613785036852],[-3.472476387766303,47.62634872803545],[-3.472975348976431,47.62682677204167],[-3.473013352252378,47.62658984590531],[-3.473132782023354,47.626583212475914],[-3.473279469389134,47.62680084900055],[-3.473219661057153,47.6268583591542],[-3.473767352682943,47.6272975681829]]]},"properties":{}},{"type":"Feature","geometry":{"type":"Polygon","coordinates":[[[-3.470391978630958,47.625796153253155],[-3.470423069602799,47.62572217634545],[-3.47048268768972,47.62577305434589],[-3.470611026392394,47.62572980340461],[-3.470665387034271,47.62562744039287],[-3.47077135377885,47.62572993290691],[-3.470676477107175,47.62560876195328],[-3.470723208525508,47.62544360307828],[-3.470555959383499,47.62560642204118],[-3.470362554062113,47.62555394071664],[-3.470129213641309,47.6249527644666],[-3.470013249249673,47.624877920555654],[-3.469952349841018,47.624926458251664],[-3.469848758918206,47.62473351983264],[-3.469785680162323,47.62476411575775],[-3.469736064407081,47.624685588170735],[-3.469661895404653,47.62473486238865],[-3.469541887662289,47.625066652674334],[-3.469567531143109,47.62494782173781],[-3.469477912723962,47.62497989079045],[-3.46953009549458,47.62485958657398],[-3.469389966420294,47.624695770215],[-3.469310154719258,47.62480857677541],[-3.469022776932738,47.62475227867053],[-3.468965535522608,47.62461095479084],[-3.4690573327395,47.6245968278293],[-3.469058617167247,47.62449741186276],[-3.468919189707659,47.62455933940978],[-3.468741433822795,47.62441567367952],[-3.468692322570083,47.624671276952164],[-3.46859725669003,47.624658491058575],[-3.46852129966743,47.62447304920919],[-3.468540910050231,47.6246345246367],[-3.46840950015092,47.624542473939805],[-3.468322953643963,47.6247098414987],[-3.468324239442089,47.62461042554603],[-3.46825224808295,47.62467764058765],[-3.468170648537163,47.62455573103148],[-3.467993589982842,47.62463780866034],[-3.467915259172977,47.62454281150983],[-3.467754935358923,47.62454267808708],[-3.467824748471406,47.62445752161921],[-3.467615704070966,47.62449621726029],[-3.467601740892465,47.624271209170765],[-3.467499050982342,47.62419562630966],[-3.467260200694408,47.62420888154185],[-3.467079874241268,47.62426404518956],[-3.467140576740518,47.62432389580571],[-3.46698134278646,47.62433273219215],[-3.466998278005028,47.62414213478843],[-3.466839044569585,47.62415097098171],[-3.466916682141471,47.62402022432265],[-3.466731109799606,47.62392214621798],[-3.466600594040814,47.62394745118062],[-3.466626443339177,47.62372023396386],[-3.466456320098444,47.623639360848216],[-3.466488993214866,47.62390848724453],[-3.466398285596436,47.62393158307239],[-3.466390261368088,47.62408556060417],[-3.466264301895372,47.624038361865324],[-3.466163390941245,47.62419749326169],[-3.466339849676564,47.62444057887605],[-3.46647601246776,47.62435174177302],[-3.466476412696665,47.62413496811043],[-3.466712685278131,47.62432054639529],[-3.466758538213287,47.624038031281266],[-3.466901725789662,47.62433715030397],[-3.466825176897499,47.62447686780516],[-3.466974409382333,47.624495680604134],[-3.466982033811776,47.624558476705964],[-3.467075119583721,47.62444493535557],[-3.467188900436427,47.62450184046065],[-3.467141665968045,47.624332866676795],[-3.467398341654278,47.624246371930255],[-3.467522124038772,47.62427562770561],[-3.467410125417654,47.62445343831105],[-3.467598077309499,47.624461070223596],[-3.46752351066751,47.62472711671384],[-3.467720573384229,47.62458974173624],[-3.467799993262024,47.62469370987827],[-3.467854358239056,47.62459134812032],[-3.46788287879489,47.62471620374236],[-3.468101531611487,47.62486663217317],[-3.468155896186417,47.62476427028395],[-3.468261856399341,47.62486676512015],[-3.46837692512135,47.624824253114504],[-3.468561414144664,47.62491335770365],[-3.468663213119618,47.62487158195202],[-3.468626868505785,47.624792317350014],[-3.468701932444441,47.6248604014491],[-3.468735204222849,47.6248043666638],[-3.46881917984129,47.62483583071605],[-3.468858289667685,47.6246078765433],[-3.468963161377264,47.624701399898186],[-3.468888991639448,47.62475067362489],[-3.46900732825845,47.62473507355452],[-3.469045657613616,47.62494066654235],[-3.469266882729806,47.62489226088691],[-3.469383935723617,47.62497607638551],[-3.469401758008264,47.62490283634695],[-3.469615669750469,47.62523415211582],[-3.469720931078127,47.62511090119584],[-3.469680419667968,47.624887366758074],[-3.469758947576592,47.624873975909296],[-3.470018504936502,47.62503116156016],[-3.470391978630958,47.625796153253155]]]},"properties":{}},{"type":"Feature","geometry":{"type":"Polygon","coordinates":[[[-3.438800895042462,47.62526994528731],[-3.438804404799756,47.62518847195691],[-3.438921666670103,47.62516393124167],[-3.43887318044203,47.62509436169667],[-3.438991526586063,47.625078792040775],[-3.438920009802453,47.62492921551552],[-3.439009390601989,47.62500555664898],[-3.439122569503238,47.62483674446836],[-3.439439964986637,47.62481017631773],[-3.439675825525517,47.624661677855414],[-3.439430458791921,47.62462104942135],[-3.439439135417035,47.62469281844053],[-3.439327552864657,47.62465382856895],[-3.43932729762595,47.624762215321404],[-3.439220053183791,47.62475910986047],[-3.439276642129548,47.62467470367294],[-3.439167228799203,47.62465365590567],[-3.438948146389026,47.62471994681693],[-3.439314793433841,47.62443778825987],[-3.43926413826579,47.62435027659137],[-3.439647304715931,47.624094297123015],[-3.439620189769335,47.623870018906445],[-3.439498592768845,47.62385867581775],[-3.439544334533545,47.623684558150096],[-3.439307648680692,47.62371569848439],[-3.439230454799122,47.62362965319122],[-3.439519134520166,47.62358660894497],[-3.439545928690952,47.6234767556499],[-3.43937450758234,47.623495258773865],[-3.43947224338533,47.623309237074466],[-3.439115047939551,47.623338004912945],[-3.439218206914582,47.62319683909699],[-3.439057887225156,47.6231966662835],[-3.438981778967279,47.62311959194101],[-3.438991539219028,47.623200332187174],[-3.43883230396714,47.623209130202234],[-3.438804424017158,47.62331001220928],[-3.438680659617965,47.62328072598664],[-3.438477848098634,47.623481583163404],[-3.438485438861672,47.623544381154076],[-3.438646844016611,47.62355352589314],[-3.438581323203056,47.62367454951447],[-3.438675039145751,47.62378677551064],[-3.438766842954515,47.62377267235051],[-3.438770668019491,47.6240253304915],[-3.438608176990619,47.62400721478773],[-3.438552101315393,47.62387484709804],[-3.438402109252081,47.62418115834628],[-3.438307308814092,47.624059961013316],[-3.43821550438987,47.62407406381014],[-3.438289701494337,47.62402480954809],[-3.438185711659932,47.6240486165589],[-3.438266672356387,47.623944802372584],[-3.438000192017673,47.623950492813734],[-3.437901623732014,47.62401915529121],[-3.438008092868488,47.62434742230008],[-3.438135112433859,47.62440362264148],[-3.438063909888178,47.62458817697819],[-3.438218039420245,47.624868655710934],[-3.438163359732639,47.62507939038499],[-3.438286043623914,47.62509970599269],[-3.438178798564321,47.62509659957624],[-3.438114359163304,47.62522659397603],[-3.438201570540573,47.62528499344253],[-3.438391947144062,47.62520222790153],[-3.438647332500073,47.62521521197222],[-3.438778120957513,47.62508155153639],[-3.438800895042462,47.62526994528731]],[[-3.4387729549461,47.624928309142135],[-3.438662456841128,47.62489828977234],[-3.438663797881641,47.62479887416284],[-3.438869354815265,47.62484170369794],[-3.4387729549461,47.624928309142135]],[[-3.438781709836678,47.62356413671811],[-3.438669045697186,47.6235161750561],[-3.438839382662948,47.62348870182943],[-3.438781709836678,47.62356413671811]],[[-3.438877022767778,47.62346856006791],[-3.438843976697857,47.6234161995619],[-3.438986689479455,47.62338122129723],[-3.438877022767778,47.62346856006791]]]},"properties":{}},{"type":"Feature","geometry":{"type":"Polygon","coordinates":[[[-3.430700180363051,47.621021103650094],[-3.430763549696489,47.62088214183511],[-3.43088297193147,47.620875551586764],[-3.430829622913261,47.620986867544616],[-3.430971251370334,47.620942927806084],[-3.430986958841276,47.62085175103913],[-3.431263444199282,47.62081843062797],[-3.43074513799581,47.620729630998284],[-3.431134546043221,47.62063589330783],[-3.43128592145407,47.62067269418612],[-3.431449754217125,47.6205914043665],[-3.431486583045147,47.62045390676791],[-3.431275633325765,47.620366208029715],[-3.431472502033308,47.62033728089671],[-3.431517183800812,47.62015419483679],[-3.431394513850625,47.62013387206775],[-3.431717029976524,47.61981804873771],[-3.431576759228604,47.619762573621074],[-3.431639041620669,47.61961464001786],[-3.431330880958665,47.61949618280856],[-3.431437302472047,47.61938193726813],[-3.431415640002981,47.61920251273955],[-3.431178701467446,47.618899504298945],[-3.431053868424075,47.61886123869768],[-3.431159745680792,47.618963767491984],[-3.431035995551145,47.618934473103444],[-3.431018122629181,47.619007707503684],[-3.430883542216849,47.618888700635104],[-3.430591632010003,47.61890480993334],[-3.430495775715471,47.618774634695825],[-3.430403978316672,47.61878873139094],[-3.430473297102896,47.61892037112745],[-3.430268852625011,47.61888649792521],[-3.4302122555736,47.618970899998814],[-3.430238519252404,47.61907782268182],[-3.430372289152133,47.61907947200305],[-3.430274802976847,47.61915709945234],[-3.430275338725169,47.61938284475884],[-3.430206829015209,47.61936856320595],[-3.430438349290928,47.619626717375766],[-3.430279659060628,47.61986124899699],[-3.430367662654879,47.62003701270263],[-3.430176482896315,47.62000240715895],[-3.430145065632229,47.62018476054791],[-3.430044328375623,47.62023547405904],[-3.430090358875566,47.62039549194859],[-3.430200842840046,47.62042551949721],[-3.430231986372239,47.6203515530932],[-3.430319181162815,47.62040995859116],[-3.430240649937657,47.62042332295261],[-3.430317824693343,47.620509374328456],[-3.430175113909882,47.62054434205213],[-3.430434533640493,47.62070161599733],[-3.430248492573857,47.62082025368106],[-3.430135841891741,47.62077228372051],[-3.430021834383418,47.620823729367935],[-3.430355455145572,47.620931754331295],[-3.430484897700211,47.62089751860633],[-3.430700180363051,47.621021103650094]]]},"properties":{}},{"type":"Feature","geometry":{"type":"Polygon","coordinates":[[[-3.45734632404063,47.621110007801434],[-3.457317392659984,47.621201923356836],[-3.457138372636726,47.62115765573369],[-3.457049621341336,47.62130707327225],[-3.456961308392663,47.621239716781055],[-3.456927587498994,47.621512522258925],[-3.456797072985301,47.62153781629782],[-3.456888209425514,47.621848859747175],[-3.456744425042547,47.62187488893285],[-3.456697005998014,47.621814297650566],[-3.456541686832852,47.62207577761615],[-3.456410083380469,47.622092100235115],[-3.456462718852772,47.62230593345213],[-3.456364397989881,47.622266224646445],[-3.456313921342614,47.62262123892013],[-3.456386350562252,47.62288816283903],[-3.456192969021941,47.62283565797943],[-3.456225810827062,47.62299640047645],[-3.455912783744601,47.62305889819211],[-3.455741813463012,47.62286065157517],[-3.455762250024058,47.62313948713961],[-3.455701561628852,47.623079630574125],[-3.455647174889397,47.623181986753885],[-3.45550469594627,47.6231085985069],[-3.455553646617471,47.62296138746352],[-3.455425302373336,47.62300462192102],[-3.455299355146811,47.62295741133144],[-3.45537830311949,47.62327816174749],[-3.455256062695405,47.62304109033055],[-3.455189492970717,47.62315315231066],[-3.45509574342507,47.6230409395312],[-3.455043336025041,47.622718718886425],[-3.454900635538005,47.622753716781666],[-3.454857790023281,47.622620621852604],[-3.454740765002661,47.62253679169638],[-3.454609159863184,47.62255311228223],[-3.454495621006793,47.622387807956414],[-3.454391641590399,47.622411629415446],[-3.454389242851551,47.62250207432725],[-3.454198263738189,47.622359121240315],[-3.453982470345706,47.62245235342959],[-3.453893072410742,47.62237602365535],[-3.453778858489854,47.62253587935528],[-3.453474119031764,47.622336006857346],[-3.453197412620451,47.6224777667298],[-3.453221550354078,47.622566742029214],[-3.45301513129015,47.622406579786215],[-3.452805856327215,47.62255363586499],[-3.452710798025036,47.622540837027415],[-3.452700560991708,47.62267687170026],[-3.452585712727687,47.62261098141431],[-3.452770342777332,47.62314262957637],[-3.452347723744343,47.62274156406852],[-3.452230473368501,47.62276611829299],[-3.452204163829012,47.62265920076215],[-3.452149770812221,47.62276155533533],[-3.452126721447494,47.62268155084189],[-3.452033836390316,47.62268669349129],[-3.451858702696719,47.622895075658974],[-3.451781489772836,47.622809038625824],[-3.451697297271614,47.62288594917471],[-3.451739508567236,47.622793300466526],[-3.451650113268375,47.62271696898885],[-3.451555911126322,47.62282152712148],[-3.451593085309416,47.62301815501149],[-3.450824315016777,47.623178117674904],[-3.451042682013488,47.623436965005965],[-3.450824083127366,47.62328650453357],[-3.450852331321322,47.623519751240714],[-3.450720722569962,47.62353606743679],[-3.450537586981397,47.623347518788194],[-3.450542786611232,47.623500760784964],[-3.450424447335793,47.6235163421574],[-3.450356159773792,47.6233936856093],[-3.450386811554548,47.623536487639576],[-3.449954348515355,47.623605579550514],[-3.449775794576939,47.62334452700752],[-3.449694005080674,47.62333099131694],[-3.449744676378743,47.62341849850718],[-3.449484334934905,47.62314390977984],[-3.449254085281212,47.623779801766226],[-3.449240199683511,47.62355479140483],[-3.449200155845551,47.62366538125598],[-3.449073126389059,47.623609192927056],[-3.449117985884993,47.62331771359813],[-3.448976837349156,47.62314490158005],[-3.448848487337861,47.623188128806234],[-3.448755837172241,47.62308488198748],[-3.448735814948541,47.62314017684588],[-3.448720609439481,47.623014582169354],[-3.448624465207271,47.622992808960255],[-3.448653885114347,47.62268412188568],[-3.448409606684208,47.62265248332446],[-3.448435671883853,47.62286778858753],[-3.448278611237747,47.6228945415865],[-3.448330128888294,47.623099407326926],[-3.448170284017306,47.622882473287184],[-3.448064977332285,47.62300570492229],[-3.447817677914124,47.62283876509112],[-3.447764971991752,47.62317583345099],[-3.447620199711345,47.62264197492097],[-3.447458795776323,47.62263284257814],[-3.447429846546595,47.62272475561166],[-3.447344800991139,47.62268430508522],[-3.447410908964892,47.62278902131488],[-3.447322366729726,47.62283004446418],[-3.447150343249584,47.62262281418512],[-3.447089058216146,47.622337208273464],[-3.447103173871612,47.622453832139804],[-3.446979406905419,47.62242455469827],[-3.446979167212952,47.62253294159113],[-3.446927415496318,47.62243646209337],[-3.446853228569288,47.6224857218825],[-3.446878807615521,47.62291780125982],[-3.446799431127461,47.622813818800836],[-3.446756125469245,47.62289749465501],[-3.4467276552975,47.62277263376191],[-3.446619088250024,47.6228689508968],[-3.446718488740022,47.62291763896152],[-3.446690623845244,47.62301852286566],[-3.446606904581978,47.6228786560087],[-3.446514018650343,47.62288379426778],[-3.446466973841681,47.62315733052357],[-3.446351046529713,47.62308246305408],[-3.446369140714942,47.62290083959673],[-3.446297124020761,47.622968041162466],[-3.446323541310727,47.6225240545664],[-3.446221729334576,47.622565810896326],[-3.446161052289122,47.62250594935633],[-3.446152969904759,47.62265992560553],[-3.445892408736049,47.62249371565837],[-3.445757903287156,47.62281724475865],[-3.445773101769762,47.622942839833534],[-3.445865987875445,47.62293770216385],[-3.445782872260631,47.623023579519206],[-3.445840050594467,47.62316491486949],[-3.445734980195668,47.62317975753742],[-3.445545835221867,47.62272060082589],[-3.445439680067555,47.62272647215204],[-3.445413983947426,47.62284529792146],[-3.445328939727433,47.62280484592969],[-3.445510969491978,47.622984431718876],[-3.445364276500849,47.62331766527839],[-3.445461505552498,47.62334841224502],[-3.445425796283773,47.62349488512108],[-3.445351849501756,47.6234357570964],[-3.445282001879977,47.62352090017314],[-3.445415297630426,47.623739305910576],[-3.445503842839188,47.623698284226194],[-3.445386701047711,47.62416534987526],[-3.445163286236809,47.62419576816405],[-3.445115878276131,47.62413517225266],[-3.445140003289251,47.624224149146],[-3.445080411088765,47.62417325817226],[-3.44499487754804,47.62434957954639],[-3.444599795013023,47.62450689464554],[-3.44450147892175,47.624467175898694],[-3.444512333197538,47.6245568867082],[-3.444382050334958,47.62447378006003],[-3.444287830857482,47.62457833223571],[-3.44376596435586,47.62457106408787],[-3.443601299418516,47.62453501316028],[-3.443556310115109,47.62438397202874],[-3.443388390187641,47.624321007525666],[-3.443383211015472,47.62416776527563],[-3.443450398300295,47.62428145475948],[-3.44354328695867,47.624276318940545],[-3.443507226800564,47.624088659708825],[-3.443354156950706,47.62381715893867],[-3.44324582897154,47.62380508607773],[-3.443268371045088,47.624101865878636],[-3.443175482663821,47.6241070014794],[-3.443074160463923,47.62393198143564],[-3.44307716836879,47.624067281525505],[-3.442978854220062,47.62402756148803],[-3.442855674863583,47.62422402438451],[-3.442858186094586,47.62457609800662],[-3.442773141054005,47.624535644189855],[-3.442832483337902,47.624694923095035],[-3.442579269667558,47.624699890367815],[-3.442693024945861,47.624756819325405],[-3.442530032886874,47.62495548258852],[-3.442523861120606,47.62523578731854],[-3.442433140882394,47.62525886451786],[-3.442478127745186,47.62540990601403],[-3.442585373684247,47.625413008482404],[-3.442386322101366,47.62542401207933],[-3.442393917738525,47.62548680975319],[-3.442229250903035,47.62545075690825],[-3.442056489649167,47.62556867956579],[-3.442140450740248,47.625600162784956],[-3.442111490744163,47.62569207435979],[-3.442000989180865,47.62566205816021],[-3.441916778089042,47.62573896154539],[-3.441924373218646,47.625801759239586],[-3.442152136826302,47.62580723155919],[-3.44203679536374,47.625958104396666],[-3.442086371550946,47.62603664369387],[-3.441672572721776,47.62614982680194],[-3.44159862641934,47.62609069648185],[-3.441455908105583,47.626125677889235],[-3.441387135687942,47.626219789620265],[-3.441474352268251,47.62627818661319],[-3.441214370084884,47.626337710985524],[-3.441203018113927,47.626464773281015],[-3.440890205184119,47.62641884396396],[-3.440983930798848,47.62653106794901],[-3.440895377417891,47.626572086146965],[-3.440659764373636,47.626612200279816],[-3.440595834530774,47.626525422651305],[-3.440476400856002,47.626532022812064],[-3.440563364211944,47.626698807122764],[-3.440459370182412,47.626722616125136],[-3.440484573401521,47.626820564969336],[-3.440016852161967,47.62681931779298],[-3.439978956198516,47.626947846519066],[-3.439890655459909,47.626880477316824],[-3.439974363401225,47.627020348699496],[-3.440131440347791,47.62699360692447],[-3.440211316972758,47.62688082043692],[-3.44042798409093,47.626904971648884],[-3.440682368096081,47.62735149773649],[-3.440585461241276,47.62765487775877],[-3.44037370873336,47.627892355538755],[-3.439622189486708,47.62819578170737],[-3.438057312802578,47.62829126544658],[-3.437271336779506,47.62819921394573],[-3.436703378650147,47.62803189983853],[-3.436027613429441,47.62763573027287],[-3.435731024524884,47.627281836840545],[-3.435621837133801,47.626709881542084],[-3.435704974834509,47.62662401158113],[-3.435816558859116,47.626663004873905],[-3.435829007703993,47.62654491426734],[-3.435848782263692,47.62659800836147],[-3.435991505514401,47.62656303381385],[-3.436229813078063,47.626324098094805],[-3.43637903993329,47.62634294996549],[-3.436326219593833,47.626237494811804],[-3.437485079594087,47.626209613706855],[-3.436785262328797,47.626166987608364],[-3.436798793078424,47.62605786801384],[-3.436728640723525,47.62609540362494],[-3.43674545121747,47.626169186377155],[-3.436597308850217,47.62615930611975],[-3.436646314459137,47.626012103235816],[-3.43646052975723,47.62602236382049],[-3.436625455190775,47.62595003811321],[-3.436415298248018,47.62597970673278],[-3.436418811693011,47.625898233503875],[-3.436584560109215,47.62594326567987],[-3.436557196223097,47.62582737365272],[-3.436420156937137,47.62579881797132],[-3.436408271325861,47.62614265318001],[-3.436232504286746,47.62612526707256],[-3.43634651713188,47.62607381550284],[-3.43635679649248,47.625937782503975],[-3.43616719909521,47.62569538465245],[-3.43642284741036,47.62559998689095],[-3.436434210575471,47.62547292500369],[-3.43659236885849,47.625455159118225],[-3.436322851229895,47.624883027519594],[-3.436213177074695,47.62497036372159],[-3.436247305576142,47.625031696085344],[-3.436346961924694,47.624972006194376],[-3.436348868768948,47.62509833523064],[-3.436240539774639,47.62508625588044],[-3.436348607480185,47.62520672195172],[-3.436161741484564,47.62520801091192],[-3.436193141151966,47.625025656375506],[-3.436018461871915,47.625017241091804],[-3.436006013802406,47.62513533181141],[-3.435836754108048,47.62517177204108],[-3.436028778127018,47.62532372609748],[-3.435887142210381,47.62536767187004],[-3.4360030598085,47.62544254963691],[-3.435839219090912,47.62552384564105],[-3.435580843947795,47.62537555525076],[-3.435664538236442,47.6255154298302],[-3.435528584167354,47.62549584425675],[-3.435470904494059,47.62557127743268],[-3.435311924985657,47.62547168393919],[-3.435332519185914,47.62564213600616],[-3.435079036456562,47.62575547370477],[-3.434633530096178,47.6257168548548],[-3.434447192578379,47.625501367688145],[-3.434357286806097,47.62564179647384],[-3.434224584061231,47.62564912289383],[-3.433979216938391,47.625608483028834],[-3.433677784961264,47.62543547272421],[-3.433609533424981,47.6253128065087],[-3.433769859451733,47.62531298680064],[-3.43384324510571,47.6251463775049],[-3.433637691031878,47.62510353913116],[-3.433429153773008,47.624925400126614],[-3.433330577807905,47.62499405871198],[-3.433322979070905,47.624488742293664],[-3.433175925523348,47.62448782887328],[-3.433339767117041,47.62440653656171],[-3.433298592527132,47.62406563148991],[-3.433181598198647,47.623981779797525],[-3.433296692938125,47.62393930233685],[-3.433049435382675,47.623772331319],[-3.433167780294109,47.62375676755337],[-3.433229527708675,47.62382560699313],[-3.433260669027985,47.62375163991068],[-3.433172382054916,47.62368426551908],[-3.433139073648833,47.62374029020056],[-3.433078409939511,47.62368042190085],[-3.432896966506008,47.623726561592676],[-3.433029385234787,47.62338510507353],[-3.43315774852655,47.62334189523647],[-3.433113873263513,47.62319982118373],[-3.433046173385958,47.62330289933713],[-3.432914559730315,47.62331919547044],[-3.432899391392745,47.623193598748244],[-3.432994446104487,47.62320641370537],[-3.433022855700203,47.62313893499963],[-3.433010150785927,47.62311523677232],[-3.433132828201956,47.62313555781327],[-3.433177238900181,47.623060858214686],[-3.432968635982304,47.622972039962676],[-3.432939468644483,47.623083014461315],[-3.432686799128498,47.622871186623094],[-3.432423573646151,47.62290377793856],[-3.432550860317172,47.623294116069104],[-3.432374834565501,47.6233851109451],[-3.432261093214572,47.62332817189863],[-3.431824275321016,47.62336131188599],[-3.431707555554599,47.62316907186843],[-3.431424559084586,47.623148566039504],[-3.431439183228302,47.623048418105874],[-3.431285634624728,47.622993675049834],[-3.431155915679521,47.62313629845005],[-3.431307026679847,47.62328148607029],[-3.431350356864199,47.62319781596245],[-3.431412101288628,47.62326665638278],[-3.431460847337112,47.62322784227591],[-3.431503635004696,47.62336094574058],[-3.431338982082992,47.6233248775035],[-3.431312171100265,47.62343472892384],[-3.431218471254591,47.62332249700008],[-3.431198430777065,47.62337778884395],[-3.431075753540768,47.62335746577376],[-3.431124228029446,47.623427038617436],[-3.430864520608384,47.623378153234775],[-3.431016714641249,47.62353231242468],[-3.430731550326446,47.62349386249875],[-3.430793566855185,47.62345431643571],[-3.430630270089305,47.623318831606966],[-3.43068145569826,47.62318957344281],[-3.430536571880656,47.62320659912947],[-3.430531966581259,47.62327910107765],[-3.430439351685196,47.62317583973674],[-3.430360542984186,47.623297590973806],[-3.430287969760043,47.62313903780849],[-3.430214849503223,47.623197258229276],[-3.4301685423881,47.62314562744079],[-3.430163936594134,47.62321812937673],[-3.430048306087409,47.62303485890784],[-3.429954335340164,47.62303101277478],[-3.430193451259901,47.623351965495246],[-3.43041687106535,47.623321575828335],[-3.430531693491143,47.62338748788683],[-3.430559589114818,47.62328660785911],[-3.430660869059079,47.62346163881506],[-3.430255194370737,47.623420806521715],[-3.430237318875603,47.62349404063385],[-3.430143347306446,47.623490194653776],[-3.430025276223778,47.62339736855564],[-3.43012547163464,47.62356342874617],[-3.429938885536794,47.62345632095337],[-3.429887697874082,47.62358557877436],[-3.429660769585046,47.623254922125724],[-3.429588456376254,47.62343050017991],[-3.429567881369787,47.62326004690674],[-3.429417564130334,47.62367473350287],[-3.429558117983159,47.62362182431355],[-3.429634213350756,47.62369890477634],[-3.42933981604001,47.62424797353923],[-3.429368246328179,47.62437283857306],[-3.429178941543751,47.624464560664386],[-3.429291067517839,47.62428678674052],[-3.429114226072173,47.62426041868152],[-3.428951184997798,47.624459063043524],[-3.428742112438354,47.6244976891052],[-3.42863947712518,47.624422072096635],[-3.42861943356364,47.62447736346673],[-3.428369745237931,47.62440082687806],[-3.428509219305258,47.624338947739226],[-3.428443701160488,47.62401744737718],[-3.428353782094882,47.624157871648606],[-3.428345120460146,47.6240861017869],[-3.428227856096288,47.62411063189726],[-3.428422046872053,47.62383802272047],[-3.428285017045305,47.62380945746542],[-3.428269859460516,47.62368386017385],[-3.428156926600057,47.62374427515909],[-3.428134995428599,47.62367323721162],[-3.428296676828745,47.623574009466026],[-3.428066758881918,47.62355056764642],[-3.427935421458799,47.62345847137347],[-3.427792422578172,47.62360182292378],[-3.427611253865024,47.62353956761792],[-3.427582269971995,47.623631475686224],[-3.427571444335521,47.623541763262786],[-3.427435498262806,47.62352216824942],[-3.427657034127816,47.62336545457911],[-3.427720414165574,47.62322649458272],[-3.427600986281108,47.62323308158933],[-3.427646487367669,47.623167355341764],[-3.427537885093679,47.6232636547175],[-3.427358079877274,47.62310198344056],[-3.427272769226862,47.623169905121486],[-3.4272010079849,47.62312870809145],[-3.427295781553579,47.62324991449576],[-3.427153061464446,47.623284878477456],[-3.427191508455048,47.623382098529135],[-3.427092927317592,47.623450751904386],[-3.426943711827468,47.623431888141994],[-3.42691961750154,47.62334290745629],[-3.426921501978348,47.623469236751376],[-3.426869785605574,47.62337274841565],[-3.426823200953682,47.62342950310368],[-3.426711630257631,47.623390501154894],[-3.426760379836721,47.62335168901233],[-3.426643116357928,47.62337621754089],[-3.426776095208322,47.62326051292463],[-3.426638786750984,47.62334033253262],[-3.426587352112328,47.62313545725747],[-3.426448160342263,47.62308894732953],[-3.426467404606035,47.62291629821765],[-3.42661120654592,47.6228903063217],[-3.426500719499538,47.62286027541531],[-3.426588195400225,47.62281029679778],[-3.426495588946022,47.62270703230488],[-3.426527020160473,47.62252468013394],[-3.426377807458786,47.62250581563958],[-3.42646311818662,47.62243789458918],[-3.426422789941226,47.62221434487422],[-3.426335596466436,47.62215593652141],[-3.426260308616724,47.62219621197535],[-3.426164456973991,47.62206603340282],[-3.426037173365102,47.62211820684563],[-3.426329665747549,47.621885335210266],[-3.426196971239349,47.621892652523904],[-3.426121165446541,47.62170718286406],[-3.425945933829061,47.62191552626962],[-3.425938358048159,47.62185272741222],[-3.42529031903472,47.621906521173145],[-3.425222091282819,47.62178384983473],[-3.425147885237525,47.621833095851535],[-3.42515249772422,47.621760594061975],[-3.425030908604502,47.62174923589906],[-3.4246870430188,47.62133470918808],[-3.42468408187553,47.621199408438365],[-3.424747979474867,47.621286195011656],[-3.424839782661318,47.621272102780374],[-3.4248062390765,47.62099399312615],[-3.424681917818012,47.62118146587796],[-3.424684651776415,47.62098263459831],[-3.424501046268695,47.621010818748914],[-3.424472914533537,47.62077756538101],[-3.4242971690472,47.62076016126532],[-3.424423369143338,47.62069901839759],[-3.424378437332075,47.62054796958584],[-3.424284471370957,47.62054411888609],[-3.424144716277667,47.620714380043204],[-3.424074042666225,47.62068215232754],[-3.424111462774184,47.620327883151724],[-3.423836852566412,47.62048751617812],[-3.42361480983099,47.6204184776437],[-3.423494660905928,47.61986518302109],[-3.423331393641829,47.61972968773851],[-3.423091470673549,47.61973388137583],[-3.423057865907851,47.619898290280936],[-3.422926041431767,47.619580442912834],[-3.422802294391299,47.619551139809104],[-3.422774386061536,47.61965201817707],[-3.422719435884729,47.619528613898204],[-3.422671479487924,47.61968478273282],[-3.422638740750286,47.61952403054198],[-3.42247410565212,47.61948794973693],[-3.422455139178851,47.619552211497336],[-3.422419948411333,47.619481903622905],[-3.422260933524272,47.619824811352565],[-3.422169422195471,47.61973051458075],[-3.422283724752184,47.61957068957433],[-3.422131857354227,47.61930813168238],[-3.422119379899605,47.61942622126644],[-3.422055488799442,47.61933943317228],[-3.421965851271315,47.61937146585654],[-3.421970968502169,47.61952470942804],[-3.421910612680352,47.61935644819216],[-3.421835325440436,47.61939672085146],[-3.421948466303038,47.61967044416196],[-3.421840151582539,47.6196583514224],[-3.421896681718394,47.62001647268954],[-3.421710915049529,47.62002670984513],[-3.421619404346142,47.61993241265212],[-3.421647814279005,47.620057279841326],[-3.421547360505794,47.6199995990562],[-3.421533800118872,47.62010871722162],[-3.421416541362119,47.62013324054351],[-3.421423613250507,47.61997029449797],[-3.421320997007397,47.61989467088293],[-3.421324447463757,47.62025571705342],[-3.421199326292146,47.620325827902924],[-3.42115411180413,47.62028316478129],[-3.42115165685193,47.620373609101264],[-3.421010314230311,47.62030914999307],[-3.421026242803305,47.62055210670539],[-3.42079318700712,47.620059217437216],[-3.420792601315063,47.620275991360735],[-3.421035683074284,47.62074123548986],[-3.421002363768288,47.620797256794184],[-3.420702173145764,47.62019066478193],[-3.420770095582578,47.62042172581144],[-3.420627965145731,47.62023990796714],[-3.420601133672973,47.620349757101735],[-3.420707196087401,47.62078642742203],[-3.420874785456363,47.620957811566186],[-3.421026447082747,47.620886238816624],[-3.421176442728827,47.62102246839548],[-3.420922163078372,47.621018417412955],[-3.420931895632613,47.621099159253305],[-3.420860142067505,47.621057958283686],[-3.420922659297254,47.62124416254524],[-3.420829684015693,47.621691799254215],[-3.420929351366008,47.6216321224165],[-3.421000813324086,47.62178171020697],[-3.421027644694136,47.62167186106128],[-3.421097733305588,47.62192086434605],[-3.421261001601697,47.622056362598784],[-3.421301102107512,47.621945782242],[-3.421354970006444,47.62206021572812],[-3.421051348225135,47.62231174864076],[-3.420829008720555,47.6223510917186],[-3.420740739754191,47.622283707882325],[-3.420721770201122,47.62234796926901],[-3.420700930878771,47.62228590118686],[-3.420551427555856,47.622375416088396],[-3.420550052846441,47.62247483161118],[-3.420380003405217,47.62239389134449],[-3.420454708880554,47.62257039335181],[-3.420589568597461,47.622581025188275],[-3.420483410981283,47.6225868738319],[-3.420453333986003,47.62266980886348],[-3.420366146298772,47.62261139606798],[-3.420578864602837,47.62326796236169],[-3.420421788828929,47.62329467789329],[-3.420344625999011,47.623208620101956],[-3.4203570146157,47.62353304939004],[-3.420148233639391,47.62346327331251],[-3.420092697040124,47.623556641594384],[-3.420037749043264,47.62343323630122],[-3.419912618734294,47.62350334565783],[-3.419976709054849,47.62392426633045],[-3.419625691171327,47.62411518916398],[-3.419803313839338,47.624258929637314],[-3.419555210870133,47.624417090277845],[-3.419545479793224,47.6243363484604],[-3.419355077063213,47.624419083317704],[-3.419346917070697,47.624573057551615],[-3.419065487460326,47.62478723783402],[-3.418983703546763,47.62477368064905],[-3.418734217599896,47.62503125487739],[-3.418602595316104,47.625047534868436],[-3.418591189798233,47.6251745950455],[-3.418460648181516,47.62519984619352],[-3.418411107533535,47.62512129683826],[-3.418157293131393,47.62534298451197],[-3.41811453715377,47.62520987629554],[-3.417988319167872,47.6252710122043],[-3.418017320468859,47.62517910659494],[-3.417883535667432,47.625177443127406],[-3.417743748028667,47.62534769621911],[-3.417844989860671,47.625522738100436],[-3.417730362175225,47.62579094491754],[-3.417951935945824,47.62563424983947],[-3.418108907551459,47.62605005554004],[-3.418078526525651,47.62624137643202],[-3.417932250722416,47.62635780175152],[-3.417860492403998,47.6263165990504],[-3.417850165835465,47.62645263039122],[-3.417688456299098,47.62655184352806],[-3.417923787623031,47.62662016233046],[-3.417752049875783,47.62674702028009],[-3.417913461157073,47.62675619365563],[-3.417851132395505,47.626904119394],[-3.417982162306363,47.627104613413756],[-3.41793094219291,47.62723386575048],[-3.417806099157454,47.627195586153256],[-3.417865668725828,47.627246490960445],[-3.417787124325999,47.62725984690091],[-3.418008106950175,47.62731992495817],[-3.417924939699344,47.627405782290126],[-3.418142679912502,47.62743894614657],[-3.418197627651653,47.627562352076886],[-3.418511508866114,47.627617313445676],[-3.418648435416713,47.62808840752535],[-3.418416825721037,47.628272748481336],[-3.418386444533807,47.62846406923434],[-3.41832795421708,47.6284221360304],[-3.418269165976673,47.62848858929087],[-3.418240759459963,47.62836372182124],[-3.41815434772111,47.62842266535105],[-3.41817951081248,47.628520618918344],[-3.418256975872246,47.628498291416754],[-3.418018578156828,47.628737190193135],[-3.418103611126625,47.628777661944774],[-3.418017198566214,47.62883660536056],[-3.418082958223843,47.62904972431399],[-3.417722170663042,47.629159899183435],[-3.417757844533839,47.62945595231512],[-3.417643806549768,47.62950738564916],[-3.417525743895827,47.629414547203986],[-3.417233471973957,47.629539009460245],[-3.417268662540343,47.62960931853366],[-3.41752112038849,47.62948704840643],[-3.41749211589253,47.62957895368862],[-3.417337181931652,47.6296236076008],[-3.41729676744821,47.62984257257593],[-3.417151861304899,47.62985958160066],[-3.417329496426608,47.6300033254107],[-3.41712952151294,47.630339445123404],[-3.416861926105735,47.63033611601014],[-3.416779833199223,47.63043094370318],[-3.416803913821129,47.630519926155046],[-3.416934469232777,47.63049467692789],[-3.417008394309884,47.630553822725304],[-3.416829075422956,47.63061787990728],[-3.416917353233329,47.63068526641057],[-3.416825230805186,47.630807738707446],[-3.416227569485528,47.631391519696834],[-3.415676328273362,47.631584417257166],[-3.415709053439469,47.631745170401366],[-3.415907053316704,47.63172524099091],[-3.416027279844965,47.631836023583816],[-3.416302448572101,47.63190215376594],[-3.416318359175113,47.632145109669864],[-3.41611789386546,47.63225548343387],[-3.416189658823057,47.632296687079325],[-3.416070209221963,47.63230326226463],[-3.416081017304039,47.63239297534803],[-3.416317755176588,47.63236188222183],[-3.416413601292495,47.63249206818392],[-3.416573948822437,47.63249227207883],[-3.416521337651416,47.63272093838913],[-3.416617486303255,47.63274273791372],[-3.416689429477513,47.63311807125534],[-3.416770144653461,47.633122658690134],[-3.416714290893987,47.63332441112081],[-3.416567213290157,47.63332347679395],[-3.416523851711794,47.63340714097928],[-3.416702577886963,47.633559856777865],[-3.416416766701471,47.63373814450136],[-3.416550925539231,47.63440806928091],[-3.416627318883138,47.63437677163344],[-3.416705572822384,47.63447180267764],[-3.416938775813771,47.63452218060054],[-3.417196843204956,47.63477889766414],[-3.417461217636926,47.634755312149686],[-3.417681931684551,47.63492377672387],[-3.417905407051749,47.63489341117163],[-3.418198974574933,47.635112048522366],[-3.418285397094956,47.635053105163195],[-3.418395904759046,47.6350831436521],[-3.418669714621163,47.6352486829895],[-3.418576507047665,47.63536218510821],[-3.41868485289867,47.63537428077672],[-3.418768031344106,47.635288423257],[-3.418911573618299,47.6353708271175],[-3.419834483584478,47.63759576808461],[-3.42009228540103,47.63796086431108],[-3.420417834200343,47.63822288990594],[-3.421038651770595,47.638495743739725],[-3.423382822112043,47.639098097715596],[-3.425134848359061,47.63988656963063],[-3.426411505036056,47.64061091511458],[-3.426982813205859,47.64080519167776],[-3.426950570424733,47.64087018526635],[-3.427129351430597,47.64102288452085],[-3.427362592887719,47.64107324146408],[-3.427299190722433,47.64121219998496],[-3.427441958660286,47.64117723614855],[-3.427341179207934,47.64122794677853],[-3.427358505364876,47.641371485375856],[-3.427462813199909,47.64123930242203],[-3.42772910211721,47.64134202186993],[-3.42763373729863,47.6414375885392],[-3.427798443600643,47.641473661661976],[-3.427625877675741,47.64148317621336],[-3.427581443875903,47.64155787298989],[-3.427605268401615,47.641755238474964],[-3.427703603765467,47.641794971088125],[-3.427700912772405,47.64155128606561],[-3.427975063061262,47.64160841726111],[-3.427945543861969,47.64147458184465],[-3.428061763503353,47.64144108108279],[-3.428968470511457,47.641535576847254],[-3.429136427590119,47.64159856151996],[-3.42911176927128,47.64172635368544],[-3.429245871705068,47.641619618499035],[-3.429259401929098,47.64195301489575],[-3.429279451391324,47.64189772391537],[-3.429377788264221,47.641937455116555],[-3.429536530543488,47.642145441594636],[-3.429542222092485,47.64208191153102],[-3.429672524830263,47.64216503397388],[-3.429684990887439,47.64204694496956],[-3.429795244767888,47.642185358320376],[-3.429690132459028,47.64220018640829],[-3.429700965442342,47.642289897770084],[-3.429794970084696,47.642293744068695],[-3.429796328081949,47.64219432945588],[-3.429949930404724,47.642249073926585],[-3.430251171510483,47.6425304780829],[-3.430130343355467,47.642636482210506],[-3.430141986569393,47.6428435503591],[-3.429962642152971,47.6429076272934],[-3.430066398270212,47.642992213545654],[-3.429910352539187,47.643027912694485],[-3.429946652060536,47.643107188586605],[-3.430047432585921,47.643056475758776],[-3.430115698627994,47.643179142929654],[-3.430218645937028,47.64314637221231],[-3.430215121890325,47.643227844527345],[-3.430346785472051,47.64321155160362],[-3.430372524948783,47.643092730402145],[-3.430700057573403,47.64303854068339],[-3.430886447565148,47.642811517926326],[-3.430949297607034,47.6428893290155],[-3.431067685526584,47.64287376753162],[-3.431067957627786,47.642765381813],[-3.431810249649615,47.642715401250385],[-3.432450409811219,47.642815545586195],[-3.4326890831953,47.64291074738722],[-3.432672288325454,47.642992952239005],[-3.432744349200739,47.64292575977085],[-3.432882514350377,47.64296329061507],[-3.432805849677548,47.64310298446192],[-3.432938596020747,47.64309565971993],[-3.432978151694047,47.64320184797246],[-3.433208156465759,47.643225279885726],[-3.433065118780226,47.64336863642612],[-3.433133392158429,47.64349130181388],[-3.433314902590574,47.64344516222631],[-3.433339016656662,47.64353414066754],[-3.433411077423242,47.64346694780709],[-3.433560084178851,47.643594188795426],[-3.43373265587181,47.64358466548987],[-3.43378602142601,47.643473349505726],[-3.43403824094179,47.64345943025382],[-3.435164714205949,47.643713339229315],[-3.435421829424569,47.64396104372477],[-3.435342180535925,47.64396544027884],[-3.435435662065388,47.64418605335079],[-3.435317009030797,47.644310004897235],[-3.43540641713813,47.64438634802216],[-3.435362812722573,47.64457840435011],[-3.435803614604693,47.64479790701517],[-3.435969683361429,47.644734554004735],[-3.436018183649758,47.644804124047866],[-3.43600517071718,47.64469647125707],[-3.436151195569962,47.64468841004096],[-3.436231929917795,47.644692984001225],[-3.436229499398155,47.644783427495604],[-3.437046041633913,47.64468416124856],[-3.437120008657392,47.64474329388155],[-3.437458391089902,47.64477879582082],[-3.437583548232928,47.6447086684401],[-3.437632050601785,47.64477823781428],[-3.43782006980956,47.644785917563794],[-3.437894296077747,47.64473666408069],[-3.437761546332778,47.644743994446706],[-3.437739593744849,47.64467295907488],[-3.437871258594162,47.6446566576845],[-3.437878283486965,47.644493712710876],[-3.437700286144689,47.64445838687752],[-3.437825442218324,47.644388259226005],[-3.437807002224571,47.644235751355644],[-3.438117178258344,47.64403800404062],[-3.438366972446431,47.644114519013726],[-3.439248533911522,47.64411098644979],[-3.439289187844981,47.64422614354769],[-3.439462015617393,47.6441082261218],[-3.439561449140049,47.64415691974262],[-3.439514859842886,47.644213678881876],[-3.439621058393655,47.644207813005956],[-3.439578809118939,47.64430045630745],[-3.439669562963596,47.64427738155247],[-3.439672563382983,47.64441268030595],[-3.439765741890202,47.64429916189316],[-3.439835371210149,47.64432240868711],[-3.43987570417513,47.64410343756589],[-3.440068061648105,47.644146997832436],[-3.440003603844603,47.64427699199308],[-3.440176683809802,47.644050687846935],[-3.440312433526802,47.64417865348794],[-3.440442179150118,47.64403602147106],[-3.440537272799251,47.64404883015138],[-3.440472563251443,47.644287210237586],[-3.440649729322532,47.644205175167045],[-3.440681124831623,47.64402282121687],[-3.440772962923678,47.644008716627575],[-3.44078924091106,47.6441432819991],[-3.440963983551029,47.64415169006471],[-3.441019001273368,47.64427508418646],[-3.441390947088749,47.644146162750275],[-3.441395037171838,47.644290432486834],[-3.441616618257383,47.64413369402465],[-3.441619039616854,47.64404325038783],[-3.441713048205913,47.64404708709411],[-3.441752622044905,47.644153272322896],[-3.441730664387151,47.64408223767917],[-3.441856649466572,47.64412946238396],[-3.441840368791701,47.64399489716019],[-3.441955249809638,47.64406079728311],[-3.442226421361987,47.643982596248115],[-3.442701643251562,47.644155017288426],[-3.442817859464876,47.64412150189588],[-3.442716840618255,47.644280611375166],[-3.442939007351428,47.64434961273982],[-3.442843075230564,47.6442194493489],[-3.443272457676393,47.64412347150094],[-3.443232880835213,47.64401728678526],[-3.44333256482561,47.64395759152067],[-3.443465064921917,47.64405864050173],[-3.443432001599357,47.64400628185145],[-3.443624608228061,47.64394145058528],[-3.443494279421607,47.64385834378025],[-3.443756762142576,47.64370837117619],[-3.443759179855462,47.64361792747504],[-3.444177452747031,47.643540621981025],[-3.444347010141165,47.6433957842987],[-3.446239958178078,47.644681910628506],[-3.44644125312761,47.644688842512686],[-3.446249733355703,47.644762649367365],[-3.445708605192009,47.644377141177],[-3.445621111847644,47.64442713355602],[-3.445664436757731,47.64434345905426],[-3.44558153010771,47.64432094965268],[-3.44547617513724,47.64444417758746],[-3.445451197326703,47.64423784504686],[-3.445093266328508,47.644040888525595],[-3.444968120621323,47.64411102397429],[-3.444789033989853,47.64406673794692],[-3.444723501919624,47.64418776372953],[-3.444814985905308,47.643839527930325],[-3.444438952200929,47.64382419063266],[-3.444450896121721,47.64392287154112],[-3.444334926526626,47.643848002874435],[-3.44430596040718,47.64393991412545],[-3.444001728262845,47.64396576149819],[-3.443948383526973,47.644077082118706],[-3.443868735168092,47.644081484484786],[-3.443828071462188,47.64396632897179],[-3.443696410136244,47.64398263708032],[-3.443535287632437,47.644307627430265],[-3.443393607510716,47.64435158187332],[-3.443372238992288,47.644506289858995],[-3.44307777351752,47.64461287380337],[-3.443050385955951,47.64449698441769],[-3.442810104928699,47.644609604156734],[-3.442798163888471,47.64451092311587],[-3.442476310924308,47.64450161609327],[-3.442506365996038,47.64441867632991],[-3.442270924718513,47.644350407687405],[-3.442134670607716,47.64443921564952],[-3.441985391113654,47.64442037130868],[-3.441935297924368,47.644558604017895],[-3.441881363182315,47.64444418135864],[-3.441690923343005,47.64452695176275],[-3.441485288315333,47.64448412762949],[-3.441469340842739,47.64468369033379],[-3.441343354797576,47.644636465225005],[-3.441361222133116,47.64456323021473],[-3.441140723786498,47.644728939175984],[-3.441198164618124,47.64476188958319],[-3.441002296325359,47.64479980376407],[-3.440929410159105,47.6447496446108],[-3.440818617490936,47.644828013219275],[-3.440865205937695,47.644771253578334],[-3.440713755559896,47.644734465574366],[-3.440836737879728,47.644646392662075],[-3.440764937285659,47.64460520442398],[-3.440572324786988,47.64467003095379],[-3.440697225030937,47.64470828587052],[-3.440572071980859,47.64477841658637],[-3.440462616918986,47.64475737025151],[-3.440518139939777,47.644663993310964],[-3.44032903563844,47.64464734687624],[-3.440204967362743,47.64472644822705],[-3.440339887004464,47.64473705713665],[-3.440084407807118,47.64472407689776],[-3.440078728527391,47.64478760738703],[-3.439870669438595,47.64483522398987],[-3.439919683168948,47.64468802115586],[-3.439816993184156,47.64461241475993],[-3.439616529651649,47.64472282813027],[-3.4395192650226,47.644692076637995],[-3.439673139141195,47.64463842262256],[-3.439446380397523,47.64464191655681],[-3.439388685567297,47.64471735091982],[-3.439119102572846,47.644587745113846],[-3.43906466210615,47.64469009243114],[-3.438957377629241,47.644686986761066],[-3.439231556076731,47.64474409145056],[-3.43896254608312,47.64484022758026],[-3.439088530502292,47.64488745525108],[-3.439100464766571,47.644986136651596],[-3.439013220207204,47.64492773845175],[-3.438930059312942,47.64501360995345],[-3.438790799718678,47.644967115261544],[-3.438868023758393,47.64505315989547],[-3.438699787710427,47.64509857493614],[-3.438609288844785,47.64501326331909],[-3.438677005519858,47.64491018309892],[-3.438554275933634,47.644889868110134],[-3.438528296849673,47.64511707661125],[-3.438349212186967,47.64507278073689],[-3.438250605333853,47.64514144275853],[-3.43835680587,47.6451355780345],[-3.438351124489644,47.64519910842617],[-3.438180975635593,47.6451181950301],[-3.438099982647941,47.6452220080197],[-3.437939596789675,47.64522183367323],[-3.438079941076307,47.64527730041772],[-3.438157991490182,47.64548070213831],[-3.437948016620373,47.645401987629626],[-3.437863768535427,47.64547888730673],[-3.437838561314445,47.64538093884354],[-3.43780064692224,47.64550946562732],[-3.437563863246682,47.64554060207638],[-3.437624556840067,47.64560046736911],[-3.437521609345095,47.6456332445697],[-3.437454407807961,47.64551955293196],[-3.43717862325107,47.64567024419941],[-3.437152332577814,47.64556332454668],[-3.437240920352008,47.645522309589886],[-3.437069427623665,47.64554080911979],[-3.436816417744585,47.64587989160464],[-3.436731343331259,47.64583943383496],[-3.436777112967589,47.64566531923158],[-3.43692205577252,47.645648286001574],[-3.436913379125384,47.64557651757388],[-3.436822621879421,47.64559959017248],[-3.436875983002726,47.64548827289391],[-3.436704490257255,47.64550677188853],[-3.436696898465908,47.645443974495684],[-3.436558463248575,47.64551483379267],[-3.436479073258091,47.64541084553621],[-3.436359596804825,47.64541744142302],[-3.436212223864699,47.64552491741646],[-3.436163984431697,47.64534696189532],[-3.436164807119372,47.64546431854115],[-3.435879521890555,47.645425881620504],[-3.435697481516368,47.64568879629155],[-3.435564992082265,47.645587738588354],[-3.435519218557366,47.64576185272393],[-3.435391066580333,47.645696679091834],[-3.435420049008638,47.645604770135506],[-3.435634884092389,47.64550260229525],[-3.435441441022363,47.64545006369339],[-3.435339313350881,47.64560019561646],[-3.435337408164038,47.645473867904364],[-3.435142353535763,47.64562912888963],[-3.435025309032155,47.64554527997974],[-3.43492127580256,47.64556908381905],[-3.434857332580491,47.645482303901844],[-3.435084359151989,47.64537043329409],[-3.435181622461577,47.64540118846718],[-3.4351718639138,47.64532044883002],[-3.43497382079172,47.64534041075241],[-3.434906096417124,47.64544348880321],[-3.43460021265227,47.64523459836036],[-3.434670105739125,47.64514946262871],[-3.435013090224974,47.64511247035234],[-3.434913923373,47.64495538728122],[-3.434557399721552,47.64510149753627],[-3.434583660676052,47.64476590430258],[-3.43430488506196,47.64478128999806],[-3.434334134340275,47.64458099564357],[-3.43418160490635,47.64453522808691],[-3.434000909432657,47.64469872570252],[-3.433744347933081,47.64467676051615],[-3.433977059937877,47.64450136182435],[-3.433954028429059,47.64442135464611],[-3.43379147692881,47.6444032324326],[-3.433866790425403,47.644362952586555],[-3.433735391768602,47.64427086382715],[-3.433829400191357,47.64427470687587],[-3.433831834755741,47.6441842634075],[-3.433770880410505,47.64423278174889],[-3.433680390893325,47.64414746627605],[-3.433575275799249,47.644162297844],[-3.433593153636907,47.644089064003886],[-3.433360709619681,47.64415607632319],[-3.433342831440565,47.644229310125205],[-3.433208182235227,47.644110307485704],[-3.433072997561593,47.64420807598585],[-3.433127449028191,47.644105731434806],[-3.432993616307509,47.644104085290614],[-3.432970586444653,47.64402407790199],[-3.432754668361631,47.64411726982319],[-3.432818606528541,47.64420405095267],[-3.432664726771072,47.644257695953236],[-3.432688562727176,47.64401254645455],[-3.432612165010413,47.64404385444778],[-3.432552831715714,47.64388457194566],[-3.432429023029395,47.643855279410225],[-3.432519779208238,47.64383221020329],[-3.432419268929106,47.643774539478244],[-3.432465865389882,47.64371778315547],[-3.432139414129593,47.6437809489114],[-3.432126409271467,47.64367329563143],[-3.432064370232757,47.643712841988695],[-3.43180483383222,47.64355557353337],[-3.431869581212262,47.64331719815815],[-3.431792370969539,47.64323114882153],[-3.431489220429149,47.64326593473592],[-3.43161085994895,47.64327728604904],[-3.431440997018919,47.64353049093863],[-3.4314344953183,47.6434766642537],[-3.431331548118745,47.64350943603671],[-3.431427181391826,47.643305480763225],[-3.431166021479681,47.64335601113034],[-3.431170083858551,47.64350028128292],[-3.431088268191369,47.6434867327049],[-3.431164394096287,47.64356381137897],[-3.431074721345421,47.64359585065346],[-3.431154370033902,47.64359145700757],[-3.431076888461378,47.643613792887535],[-3.431129715626702,47.64371924946646],[-3.43103787548466,47.64373334647828],[-3.431091786256656,47.64384777418405],[-3.430920296778582,47.64386626470513],[-3.430926798007999,47.64392009140776],[-3.431086096364124,47.643911304264805],[-3.431114541214545,47.64403616760351],[-3.43093871696266,47.644018773691066],[-3.430820864771089,47.644260077438275],[-3.43075720252493,47.644064909573544],[-3.430594107057018,47.64426355419378],[-3.430363825419727,47.64434850278123],[-3.430272257717335,47.644254213553594],[-3.430184750114664,47.64430419437607],[-3.430156307297006,47.64417933082844],[-3.429998091376309,47.644197087826846],[-3.430118923327706,47.64409108392205],[-3.430018415155713,47.644033411139546],[-3.429654300945927,47.644116708633554],[-3.429629109437274,47.644018758330425],[-3.429713367083333,47.643941864532586],[-3.429810624693324,47.643972624199314],[-3.429830948962247,47.64380894752549],[-3.429516685596802,47.643862402694324],[-3.429547843755432,47.64378843736835],[-3.429644017668755,47.643810226045986],[-3.429589026729325,47.64368682653957],[-3.429208389620523,47.643743941368456],[-3.429319197087506,47.6436655837254],[-3.429224106814968,47.64365276591279],[-3.42919350011238,47.643509959819234],[-3.429072391480342,47.64372434846507],[-3.429011709615446,47.64366447867199],[-3.429224658513182,47.6434359945659],[-3.429312992596308,47.64306085736464],[-3.429191078144501,47.643157889356225],[-3.429026365702737,47.64312181822823],[-3.428887926324772,47.643192668522765],[-3.42878958750352,47.643152936935216],[-3.428812080921808,47.64300720265097],[-3.42865603430786,47.64304290012431],[-3.428683414499182,47.642716279001824],[-3.428840543303147,47.642689552627935],[-3.42868721778603,47.642526420984815],[-3.428731121394725,47.64222598120024],[-3.428602986199676,47.642160800003644],[-3.428413894487747,47.64214413426371],[-3.428439082880919,47.64224208492434],[-3.428288731310189,47.64221425191554],[-3.427873416198827,47.642426799777596],[-3.427934899923844,47.64260402707816],[-3.427848197194495,47.6427713630612],[-3.427798626416374,47.64269281840202],[-3.427747940411968,47.6430478165592],[-3.427632800042818,47.64309028813228],[-3.427562060755397,47.64350057678878],[-3.427564819038731,47.64285923380008],[-3.42751035817576,47.64296157582493],[-3.427449678930734,47.64290170519687],[-3.427271657460335,47.64330887738091],[-3.427223449845797,47.643130917964605],[-3.427299849416908,47.64309961347999],[-3.427223729756266,47.64302253226956],[-3.427142718633916,47.64312633777625],[-3.427140832939255,47.643000009768556],[-3.427030303958756,47.642969979675314],[-3.427197460333368,47.642915610230524],[-3.427134615731255,47.64283779712432],[-3.427232429625398,47.64265178752934],[-3.427068802934023,47.642624684789546],[-3.427113238339718,47.642549988249414],[-3.426980772955613,47.642448920648334],[-3.426678706519021,47.64249266525597],[-3.426610449255733,47.64236999603331],[-3.426580089418431,47.6425613175202],[-3.42642079435048,47.64257009852606],[-3.426398056588282,47.6423817040492],[-3.426374192462618,47.6426268524718],[-3.426205953433195,47.64267224958045],[-3.426202423291494,47.642753721794485],[-3.426074289917997,47.642688537842645],[-3.426081868816798,47.64275133601512],[-3.425919325077783,47.64273320283437],[-3.425816941457445,47.642549198340085],[-3.425735928317135,47.642653002896914],[-3.425666307318652,47.64262974768108],[-3.425703399904736,47.64282638178757],[-3.425475848808082,47.64271249173336],[-3.42533740577819,47.642783337836086],[-3.425464790688151,47.6422886516478],[-3.425365089830297,47.64234833171892],[-3.425244820234482,47.642237559340614],[-3.425374601408645,47.64209494391369],[-3.425431746124159,47.64223628785714],[-3.425510310653355,47.642222926879775],[-3.425437726102465,47.64206437225183],[-3.425562093355448,47.64187690071741],[-3.425451619024584,47.64140435484464],[-3.425035041845,47.64083127859996],[-3.424892557888995,47.640757853684576],[-3.425046949214875,47.640929961642435],[-3.424944003005897,47.64096272784077],[-3.424629809755749,47.64057365548547],[-3.424143568731414,47.64041983450419],[-3.423734589016538,47.639909551720265],[-3.422887580043134,47.639423402450895],[-3.422827703273833,47.63948088641525],[-3.420802092383117,47.63886097534749],[-3.419806953629239,47.63836490306442],[-3.419244452277207,47.63779984608995],[-3.418824832155599,47.636757317532016],[-3.418530766772534,47.63631293857813],[-3.417853467057699,47.63568195087022],[-3.417870282451367,47.63559974783811],[-3.417793888085842,47.635631046278576],[-3.417701575610085,47.635419389397185],[-3.417607284549413,47.635523919454016],[-3.417523921460135,47.63527564655529],[-3.417376838465059,47.63527471324871],[-3.417215701706914,47.63515715305943],[-3.417181888863008,47.634987429335084],[-3.416986039389878,47.63502530344781],[-3.417028320537524,47.63493266787346],[-3.416790791749074,47.634846404979875],[-3.416693859525097,47.63470724819411],[-3.416389968522884,47.63462463765333],[-3.416172630752911,47.63404056855421],[-3.416186205640004,47.63393145179455],[-3.416255811161052,47.633954712763995],[-3.416194678439907,47.6336690923314],[-3.41631161970628,47.63297631451941],[-3.416167913974539,47.63255977730936],[-3.416061736027049,47.63256562190397],[-3.416072068336304,47.63242959115023],[-3.415893044887433,47.632385260568334],[-3.415848733283597,47.63201743682078],[-3.415738233400338,47.63198739587481],[-3.415725567696434,47.63177135381508],[-3.415514599148737,47.63168362712182],[-3.415548234569158,47.63151922138513],[-3.415456715049928,47.631424919921386],[-3.416280308065074,47.63072033665154],[-3.416216412940221,47.63063354586754],[-3.416327212261527,47.630555200014165],[-3.416226744481275,47.630497514964354],[-3.416432908861716,47.63032361110232],[-3.416439695573505,47.63026905260355],[-3.416310221285729,47.63030327259635],[-3.416330279785444,47.630247983505214],[-3.41649524554665,47.63017568638154],[-3.416204350061669,47.63020073093959],[-3.416117154723143,47.630142315198825],[-3.416164058916429,47.62997717857768],[-3.416005880440502,47.629994916759784],[-3.415964206840798,47.62987077939578],[-3.415819300196303,47.62988778676721],[-3.415790898666048,47.629762918791975],[-3.415895990342494,47.62974810311303],[-3.415962045362883,47.62985283675399],[-3.415964509544485,47.62976239298434],[-3.416160340431951,47.62972452048119],[-3.416085034229838,47.629764789218754],[-3.416161118897778,47.629841878214435],[-3.41617901583111,47.629768646497176],[-3.416311731291096,47.62976134059502],[-3.416361273156179,47.6298398906529],[-3.416360494250314,47.62972253292086],[-3.41658394859307,47.629692169814874],[-3.416625145369148,47.62959056281477],[-3.416650306204817,47.62968851665248],[-3.416498312081626,47.62986846980801],[-3.416608808006101,47.62989851006787],[-3.416818813404425,47.629534746571835],[-3.417015723759021,47.62950584394484],[-3.416980533594026,47.629435534791476],[-3.417140091330188,47.629318380157216],[-3.417104901124965,47.62924807103453],[-3.417027434495175,47.62927039776345],[-3.417091930129943,47.629140415272715],[-3.416972487703153,47.62914699139133],[-3.417010440623512,47.62901847028053],[-3.417120154512122,47.62893115229424],[-3.417258272449211,47.62896870188554],[-3.417236353635819,47.6288976620834],[-3.417427556862015,47.62893228865064],[-3.417604707378636,47.62885028787357],[-3.417683553371633,47.628728545593056],[-3.41757414025038,47.62870747764307],[-3.417762997094239,47.62839003027219],[-3.417973472503969,47.62825200874921],[-3.417899549545338,47.62819286349231],[-3.418023910953437,47.628005398636795],[-3.417978991100906,47.62785434793107],[-3.417809710482816,47.62789076198537],[-3.417920501772366,47.62781241450992],[-3.417839794527248,47.62780782785739],[-3.4178731215283,47.627751807657305],[-3.417680841257301,47.6277082104834],[-3.417764009371947,47.627622353338616],[-3.417382693046197,47.62756207226368],[-3.417522487635423,47.627391819798184],[-3.417455351661158,47.62727811558778],[-3.4171400923437,47.62732256660592],[-3.417040710636747,47.627273853482045],[-3.417053201160955,47.62715576491708],[-3.416854137826746,47.62716672499212],[-3.416915388816355,47.627009828480524],[-3.417166454052325,47.626986974205124],[-3.417389115360038,47.626839251614975],[-3.417148379376647,47.62672607512154],[-3.417144656459696,47.626473416633],[-3.416975379651688,47.626509829504066],[-3.417032005624724,47.626425434173306],[-3.416898217730413,47.626423769578246],[-3.416999279735893,47.62626468095872],[-3.416870896338793,47.62630787297136],[-3.416874740470055,47.626118013729254],[-3.417055125031478,47.626062927657],[-3.417298800519406,47.62631140497159],[-3.41744291575024,47.62617703779422],[-3.41730294309382,47.62601315909145],[-3.417454324215474,47.62604997779485],[-3.417242894734994,47.625736509364714],[-3.416928725163672,47.62578993117557],[-3.416932268337441,47.625708458527356],[-3.416736753843022,47.625637945759216],[-3.416862974129877,47.62557681121448],[-3.416650646142727,47.62558850161283],[-3.416652630757741,47.62527231297336],[-3.41670138936851,47.62523350506715],[-3.416792900471716,47.6253278058567],[-3.416772365591582,47.62515735049799],[-3.416881470304663,47.6252868059073],[-3.416864177540427,47.62514326456393],[-3.41699039651169,47.62508212986593],[-3.416815720079228,47.62507368586444],[-3.41683853946948,47.62481956583451],[-3.417016156976236,47.62496331049426],[-3.416947944331677,47.62484063451572],[-3.417102564372056,47.62490436770146],[-3.417097760974832,47.62464273764011],[-3.417291410565541,47.62458692047136],[-3.417315189472134,47.62478428978461],[-3.417352357454917,47.62453841023486],[-3.417401896004064,47.624616960062724],[-3.417525951326748,47.62453788210512],[-3.417399552662172,47.62426488591899],[-3.417579930420175,47.62420979898371],[-3.417544144075332,47.62435626326135],[-3.41762700789119,47.6243787927881],[-3.41762976829018,47.624179962000966],[-3.417983738046206,47.62412434589751],[-3.417998871555109,47.62424994449446],[-3.41783392614234,47.624322243962304],[-3.418072789163734,47.62430908980855],[-3.41814838440796,47.62416043294659],[-3.418046845722333,47.62409377794487],[-3.418296815745497,47.62406194987712],[-3.418097764203371,47.62407291208903],[-3.418076927258566,47.62401084359373],[-3.418279221602083,47.62402679539649],[-3.418332599827979,47.62391548534673],[-3.418558190849622,47.62390306102635],[-3.418371924556562,47.62368754801776],[-3.418545515651427,47.62368701837247],[-3.41856340725038,47.6236137860578],[-3.418344601365882,47.62357165159249],[-3.418302927342047,47.623447514652284],[-3.418186740750726,47.6234810060181],[-3.418015909236595,47.62328270424227],[-3.417838777827302,47.62336470587801],[-3.417836914847847,47.62323837643041],[-3.417706676738121,47.623155239975915],[-3.417764976920214,47.622863041884436],[-3.417924996849461,47.622971630726894],[-3.418012779466399,47.622813271730934],[-3.417776383910693,47.62273598163707],[-3.417922351442349,47.622727943110974],[-3.417941324500215,47.62266368219155],[-3.418046103167899,47.62275725133753],[-3.418141451779034,47.62266169157234],[-3.417952432402355,47.62264500873367],[-3.417930515261637,47.62257396883058],[-3.418052104748603,47.62258533438056],[-3.418097915369717,47.62241122500449],[-3.417950867808157,47.62241029241442],[-3.417961193338151,47.6222742607819],[-3.418110700720964,47.62218474919138],[-3.417988329761354,47.622056025515796],[-3.41818737380579,47.62204506347905],[-3.418146185825916,47.622146671424716],[-3.418240452203833,47.62204214021193],[-3.418255585726447,47.62216773891001],[-3.418383958046771,47.62212454528346],[-3.418282422939286,47.622057890416826],[-3.418373148173512,47.62203483193862],[-3.418450008515271,47.62222927792845],[-3.418502303578884,47.62210899636463],[-3.418735157226045,47.62226775786466],[-3.419158408481348,47.62234378457646],[-3.418983252635897,47.622109598791404],[-3.418988954607637,47.622046068584815],[-3.41911378644888,47.6220843470192],[-3.418992494388744,47.621964595717316],[-3.419174728825217,47.62203583576939],[-3.419143568990644,47.62210979916021],[-3.419201267993344,47.6220343739145],[-3.41880701727197,47.621866441384014],[-3.418754236074044,47.621760978043895],[-3.418611514372106,47.62179593161479],[-3.418557950012438,47.62157310997294],[-3.418817934243827,47.62151363588608],[-3.418771045695841,47.62167877429214],[-3.418894307807023,47.621482336548176],[-3.419148589513207,47.6214863919448],[-3.419171588938329,47.621566402988506],[-3.419202748416915,47.6214924395696],[-3.419403850859781,47.621941936929595],[-3.419260446668765,47.62141701427075],[-3.419624422270591,47.621333748190644],[-3.419853147919929,47.62179075418041],[-3.419826117301522,47.6215664711102],[-3.420018377203466,47.62161006489041],[-3.420156677077841,47.621981743121076],[-3.420115588542349,47.62164083298192],[-3.42026263402223,47.62164176284693],[-3.420120796283175,47.6213515576077],[-3.420140648734773,47.62096213556509],[-3.420032626196951,47.62084165423754],[-3.420132881229854,47.62056520419005],[-3.420025646338483,47.620562081098434],[-3.420071154474642,47.62049635771218],[-3.419991539331065,47.620500743855246],[-3.419787685230457,47.62025007843446],[-3.419787193820003,47.62002433318223],[-3.419902290683435,47.619981868834884],[-3.419759869431772,47.619908436870055],[-3.419862778223315,47.619875674883595],[-3.419859042938044,47.6196230155923],[-3.41997738249532,47.61960746515884],[-3.419933839963463,47.619356998882836],[-3.42019892400754,47.619450765320536],[-3.420296719217883,47.61926475928651],[-3.420311856790727,47.61939035789709],[-3.420345175943246,47.61933433674935],[-3.420449952289788,47.61942790389864],[-3.420328957050959,47.619199766809814],[-3.42035578850578,47.61908991767296],[-3.420453783197714,47.61923804386786],[-3.420336913431745,47.61871165965468],[-3.420474219406058,47.61863184726594],[-3.420429794618924,47.618706542203135],[-3.420573294875107,47.618788944725594],[-3.420649168469995,47.618531898774776],[-3.420564149889159,47.6184914286631],[-3.420678161529701,47.61843999218676],[-3.420614273952603,47.6183532032603],[-3.420717472211088,47.61821205342764],[-3.420857727600345,47.61826754163051],[-3.420870118188473,47.61859197168679],[-3.420928892293856,47.6185255167793],[-3.421104629325986,47.618542925983434],[-3.421227789188999,47.618789004992074],[-3.421190729787615,47.61859236702512],[-3.421269260584439,47.618579008736475],[-3.421126344138171,47.61827983293739],[-3.421420416624277,47.61828168994039],[-3.421491959706204,47.61798875807488],[-3.421393672813324,47.617949019745815],[-3.421468958344904,47.61790874734133],[-3.421704755906327,47.618202804311174],[-3.421628388682217,47.61823410553952],[-3.421725594801933,47.61826487234423],[-3.421742689654847,47.618074280940036],[-3.421857780758954,47.618031814623095],[-3.421878619765721,47.61809388263427],[-3.421918716016105,47.61798330184071],[-3.422018084879654,47.61803201104664],[-3.422126607496096,47.618378236170244],[-3.422029901814717,47.618573215137864],[-3.422256049135746,47.61834400952084],[-3.422241988844177,47.61822738241142],[-3.422364650929125,47.6182477148135],[-3.422451331019319,47.618080380782025],[-3.422597285118266,47.61807233639414],[-3.422563679876578,47.61823674529708],[-3.42270530784043,47.618192815520594],[-3.422677400037455,47.618293693935634],[-3.422783548876753,47.61828784328497],[-3.422810878999342,47.61840373898591],[-3.423031613798944,47.618129675289424],[-3.423149949121996,47.61811412162938],[-3.423038392217367,47.618075116065384],[-3.423111513284625,47.618016899984646],[-3.423252852374552,47.618081356625645],[-3.423287755545699,47.61826005137654],[-3.423169419939344,47.618275605175064],[-3.423182400549678,47.61838326086295],[-3.423070554846919,47.61845264240107],[-3.423171295363504,47.61840193485901],[-3.423407104479333,47.618695988317334],[-3.423463999412111,47.618503202472155],[-3.423358137848306,47.618400666677346],[-3.423448854675322,47.61837760421313],[-3.423515992221704,47.61849130549832],[-3.423674134119062,47.618473557041696],[-3.42367983012052,47.618410026487716],[-3.423575844709486,47.61843382055903],[-3.423499765593294,47.61835673594109],[-3.423640311309977,47.61830383372901],[-3.423788429480173,47.61831373045965],[-3.423801411347974,47.618421386076626],[-3.423950611723933,47.61844025390202],[-3.423905110116188,47.61850597886912],[-3.424010177381827,47.61849115580439],[-3.424047247097381,47.61868779288672],[-3.424142291661433,47.6187006150777],[-3.424166155340766,47.618455464083546],[-3.424271222434517,47.618440640783554],[-3.423742419663386,47.618153709916044],[-3.423823399504065,47.618049905429],[-3.424025672977648,47.61806584732768],[-3.424049250686388,47.61792908337482],[-3.424070092200756,47.6179911509982],[-3.424089056175625,47.61792688892414],[-3.424252605660319,47.61795399618241],[-3.424323847099718,47.61776944963966],[-3.424228804149732,47.61775662759031],[-3.42425511657725,47.61742103194215],[-3.424385636433327,47.61739577421724],[-3.42445904048899,47.61722917014167],[-3.424562737983537,47.6173137624019],[-3.424563023160162,47.61720537526928],[-3.424727937472776,47.61713306603475],[-3.424551121975977,47.617106690970154],[-3.424742572530104,47.61703291863096],[-3.424746103198869,47.61695144537988],[-3.42465675627888,47.61687509301725],[-3.424502947088449,47.61692872802528],[-3.424443382703896,47.61687782633351],[-3.424572819220641,47.61684359708998],[-3.424449077619763,47.61681429569009],[-3.424693600037408,47.6167375972994],[-3.424642976141354,47.61665007894555],[-3.424846611118332,47.616566603566866],[-3.424926219996386,47.616562214105286],[-3.424945695620229,47.616723697483124],[-3.425131450176208,47.61671345516494],[-3.425158270500538,47.616603604785055],[-3.425269825879199,47.61664260835344],[-3.425300175673421,47.61645128464911],[-3.425385993145426,47.61660910982422],[-3.425260602096235,47.61678761231944],[-3.425448520950076,47.616795312087454],[-3.425499146304296,47.61688283008559],[-3.42540382118302,47.61697839614022],[-3.425580636676165,47.617004769915546],[-3.42534124099411,47.61723471375652],[-3.425602561709696,47.61707580858562],[-3.425729268107102,47.61724040976662],[-3.425847600673201,47.617224853366025],[-3.425746065566201,47.61715820482076],[-3.425882277312068,47.617069414721136],[-3.425901756012614,47.61723089789759],[-3.425646928110659,47.61744363145731],[-3.426018724113852,47.61731475717213],[-3.425962921841661,47.617516515664434],[-3.426155172169666,47.61756009943288],[-3.426186838079581,47.61771187951739],[-3.426347941938218,47.61782942838779],[-3.426350344007969,47.61818150351269],[-3.426575346742285,47.61838583783185],[-3.426622489258861,47.618112308927294],[-3.426684502579973,47.618072764936926],[-3.426786040597771,47.61813941263506],[-3.426587335951151,47.61759948255321],[-3.426720300534197,47.61748377765756],[-3.426743309582115,47.61756378737406],[-3.426941252745523,47.61754383911558],[-3.42706010776814,47.617754026998824],[-3.427073936343182,47.61753652094002],[-3.427174391452579,47.61759419704425],[-3.42722205302097,47.61754641331971],[-3.427257248836495,47.61761671981678],[-3.427373416975212,47.61758321932732],[-3.427347647425623,47.61814456111296],[-3.427437524058061,47.61844665679486],[-3.427502505287346,47.61854241325047],[-3.42755369388951,47.61841315614032],[-3.427720494073056,47.61846717233381],[-3.427796300821402,47.618652641263814],[-3.427404457089983,47.618836812441444],[-3.427752690047364,47.61884469730353],[-3.427325647873011,47.61895856190175],[-3.427345411166118,47.61901165764208],[-3.427621889267178,47.61897834582031],[-3.427258744903579,47.619178995225845],[-3.426947069031563,47.61914199966205],[-3.426961941898097,47.61937598444199],[-3.426876636697648,47.619443905963465],[-3.427146622889642,47.619356767664904],[-3.427331024180341,47.61944593761647],[-3.427293662200414,47.61935768867875],[-3.427654084852484,47.61935587071832],[-3.427706356364606,47.61923558485682],[-3.42781250652529,47.619229729638086],[-3.428041293250638,47.61968672008323],[-3.427858776504411,47.61972388078699],[-3.427758841761011,47.619891950593384],[-3.427856054431933,47.61992271226919],[-3.427758563058204,47.62000033758449],[-3.427159014686042,47.620123716103414],[-3.427385670090774,47.62012024597117],[-3.427342336190691,47.62020391474026],[-3.426792613694702,47.620297450157715],[-3.426773652132064,47.62036171259267],[-3.427250255765226,47.62032639591813],[-3.427170361565982,47.620439173920786],[-3.42686272739027,47.62054645015787],[-3.426849177728693,47.62065556890959],[-3.427224520315747,47.62044521782897],[-3.427449012124379,47.6204238050541],[-3.42743546369226,47.62053292388069],[-3.427344465378136,47.620664376369305],[-3.427041440084259,47.62069915114894],[-3.427120774942335,47.620803147145445],[-3.42702680833433,47.62079929865259],[-3.427043604915231,47.62071709367006],[-3.426915242986321,47.620760296845624],[-3.42692281976132,47.620823095674844],[-3.427009209517637,47.62076414542832],[-3.427039797336851,47.6209069537723],[-3.427129434398477,47.62087491721895],[-3.427068220466247,47.62103181958023],[-3.426935528180748,47.62103913773618],[-3.42684132049542,47.62070115702016],[-3.42674843645292,47.62070627956556],[-3.426784716101464,47.62078555735408],[-3.42671187608047,47.62073538871026],[-3.42661381949559,47.62102978690636],[-3.426677720028952,47.62111657243142],[-3.426709951211911,47.621051578255276],[-3.426767357659815,47.621084536159415],[-3.426837191690342,47.62144192298291],[-3.42712695201413,47.621407880576875],[-3.427198431037652,47.621557464591994],[-3.427300255967192,47.6215157248245],[-3.427360910736724,47.621575596191725],[-3.427368208647241,47.621746781858796],[-3.427515254544641,47.621747702592536],[-3.427533133189152,47.621674468831365],[-3.427900314255802,47.62206060951899],[-3.427900592681568,47.621952222642165],[-3.428005665620212,47.6219373960091],[-3.428085004196763,47.62204139128451],[-3.427916831496114,47.62208679133953],[-3.428008635222735,47.622072696623206],[-3.428044917671286,47.62215197396465],[-3.428220668961126,47.622169372428345],[-3.428224194661531,47.622087899286775],[-3.428450581027012,47.622192813961625],[-3.428428122135257,47.62189603101501],[-3.428543216160047,47.62185355819303],[-3.428566783968473,47.62171679359405],[-3.42864856563204,47.621730344090125],[-3.428523199418148,47.62146633079297],[-3.428632878954651,47.62137900165493],[-3.428732260264374,47.621427705063006],[-3.428798883370087,47.62131565806952],[-3.428847076536895,47.621493618841754],[-3.428918030461135,47.6214174567466],[-3.429004142794437,47.621466891954746],[-3.429030957538092,47.62135704095322],[-3.429183140514347,47.62151120269242],[-3.429137366818958,47.62168531649518],[-3.429247852916763,47.62171534492547],[-3.429235686403311,47.62128252936228],[-3.429313136335515,47.62126019444553],[-3.429375958712152,47.62133800724738],[-3.429378399775403,47.62124756279978],[-3.429451243000995,47.621297729767335],[-3.429585293440279,47.621190993065234],[-3.429689006752851,47.62127558060164],[-3.429703633639255,47.621175432788995],[-3.429733938283209,47.621869146149386],[-3.429852020419546,47.62151945380013],[-3.430107386079468,47.62153245656787],[-3.430139613338052,47.621467461459176],[-3.429991759417947,47.621349185884334],[-3.429950594442471,47.621450798028036],[-3.429853377782111,47.6214200381198],[-3.429886962577918,47.62125562738832],[-3.429977407230544,47.62134094680834],[-3.43004402761465,47.6212288990996],[-3.430557195435116,47.621164458764774],[-3.43111964567294,47.62128694724771],[-3.430852905412666,47.6214010083109],[-3.430605394326726,47.62134241882522],[-3.430547712184641,47.621417849730825],[-3.430473784759328,47.621358712224506],[-3.430432620693975,47.62146032453762],[-3.430604038366549,47.621441834518244],[-3.430585080985431,47.621506097534194],[-3.430737541538326,47.62155187033065],[-3.430628948126604,47.62164817266041],[-3.430769495443287,47.62159526195824],[-3.431054649643841,47.62163371182904],[-3.431103122539829,47.62170328474308],[-3.430958242890376,47.62172031096582],[-3.431110704374978,47.62176608327013],[-3.431280228059633,47.62162126292216],[-3.431246107444953,47.62155992899967],[-3.431379883595286,47.6215615771647],[-3.431321119157398,47.62162803722768],[-3.431478996592602,47.621718665134985],[-3.43151907567933,47.62160808125168],[-3.431616022761599,47.62174722667346],[-3.431832665155087,47.6217713938929],[-3.431880326283244,47.62172360836969],[-3.431769838687675,47.621693582429856],[-3.4318551412572,47.62162565741279],[-3.432165751734147,47.62165366862236],[-3.432157894720466,47.62125673819254],[-3.432435464777219,47.621232386224484],[-3.432421657088963,47.62144989250547],[-3.432503439322017,47.62146344030412],[-3.432500458361792,47.62132813976219],[-3.432674856287308,47.621444947245436],[-3.432614464558702,47.62127669170856],[-3.432695969255771,47.62095610735548],[-3.432911525520476,47.620971301376635],[-3.432837059299971,47.62112893923955],[-3.432909637362194,47.62128749098454],[-3.432807548794352,47.62143762257031],[-3.432722516370177,47.62139716137052],[-3.432721164351153,47.6214965770853],[-3.432843569550197,47.62162528535933],[-3.432913434528659,47.62154014963924],[-3.433064813729755,47.62157694819476],[-3.432993865509617,47.62165311280282],[-3.43315201362092,47.62163535154101],[-3.433207538254886,47.62198449576832],[-3.433292839459971,47.62191656971135],[-3.433221075257319,47.62187537635371],[-3.433325063072207,47.62185157373654],[-3.433550374925033,47.62194750734224],[-3.433345902880963,47.6214711207535],[-3.433448806345742,47.62143834682249],[-3.433411981892416,47.62157584497033],[-3.433502432721055,47.62166116164644],[-3.433893743634537,47.62169374410475],[-3.433814394259403,47.62158975275695],[-3.434029953400883,47.621604944708935],[-3.433924331586882,47.62139403173375],[-3.434028584131383,47.62126184155501],[-3.433969005830324,47.62121094483516],[-3.434077326446958,47.62122302631618],[-3.434039952071618,47.621134779617456],[-3.434122817846823,47.62115729747795],[-3.434147741074306,47.62136363489955],[-3.434228439976621,47.62136821029926],[-3.434224657903898,47.6215580705715],[-3.434356001500964,47.62165015986188],[-3.434337291679175,47.621163517673295],[-3.43441717182198,47.62105073481025],[-3.434625432474048,47.621337259338176],[-3.434545287410377,47.62155842924731],[-3.434653344149149,47.6216788971055],[-3.434480843432545,47.62168842187874],[-3.434623289679123,47.62176183582344],[-3.434552343436757,47.62183800137097],[-3.434379023788216,47.6217301679027],[-3.434387162642714,47.62201871119819],[-3.434231181107605,47.622054416504504],[-3.434817465471692,47.62193173450688],[-3.434743268072788,47.621980986616094],[-3.434805015464974,47.62204982528575],[-3.434862692274434,47.62197439230211],[-3.435041696558173,47.62201869404925],[-3.434939612587951,47.62216882744224],[-3.434994593729818,47.62229222580272],[-3.435054702019964,47.62212634820963],[-3.435198234040489,47.62220873261595],[-3.435183324285598,47.621974749226254],[-3.435312766272834,47.62194050816885],[-3.435349586082069,47.62180300944747],[-3.435529936995037,47.62174789472295],[-3.435685654147727,47.62182057458474],[-3.435658294326188,47.62170468210139],[-3.435987858238769,47.62166841931313],[-3.435942630796176,47.62162576194692],[-3.436141931235838,47.621506382389065],[-3.436016004600615,47.62145915097035],[-3.436197437631967,47.62141300637948],[-3.436214220284657,47.621330800104495],[-3.436427349941844,47.621436432219326],[-3.436540268560251,47.621376009166056],[-3.43643684493046,47.62162555966949],[-3.436234292761913,47.62171802621153],[-3.436292789797071,47.621759950592654],[-3.436458786307553,47.62169659613245],[-3.436403280073691,47.62178997225266],[-3.436653489012144,47.62164971794817],[-3.436571705440667,47.62163617305686],[-3.436655917760242,47.62155927336332],[-3.436730936373318,47.62162737811669],[-3.437032052281778,47.62146624896093],[-3.437047794261805,47.62181759025029],[-3.43691726958738,47.62184286206906],[-3.436872084504538,47.62224272381669],[-3.436674127630751,47.62226268885912],[-3.436796804482203,47.622283006060485],[-3.436585056428723,47.62252047762826],[-3.436442344374635,47.62255545297386],[-3.436516280068749,47.6226145866657],[-3.436415544279791,47.62266530560889],[-3.436522784352483,47.62266841364824],[-3.436154789039116,47.62304997937245],[-3.435964416642557,47.623132741358624],[-3.435999627654547,47.623203045019046],[-3.436113634483094,47.62315159359933],[-3.436246069272878,47.623252651853505],[-3.436356823875911,47.62317428670635],[-3.436416406644668,47.62322518215677],[-3.436006691514733,47.62348261681863],[-3.435837996376073,47.62374480185518],[-3.43601618537698,47.623671744104186],[-3.436102307919481,47.62372117402136],[-3.435950658454482,47.62379276624237],[-3.436055732779447,47.62377793238123],[-3.436069824711744,47.623894557493564],[-3.436278889606075,47.623855918303406],[-3.4363736850765,47.62397711729544],[-3.436805084575329,47.623899104528086],[-3.437017921270183,47.62367060388403],[-3.437079673549884,47.62373944129131],[-3.437084269996303,47.62366693910236],[-3.437243506901823,47.62365814347256],[-3.43715144323584,47.623780632238535],[-3.437315276604897,47.62369933432084],[-3.437344290943604,47.624049942180186],[-3.437161506123362,47.624195504118326],[-3.4371845337131,47.62427551150141],[-3.437343513152759,47.62437510250735],[-3.437586967413163,47.62428940627032],[-3.437785757387487,47.624386797615976],[-3.43776086930652,47.624622979499904],[-3.437674743773386,47.62457355082862],[-3.437500891043883,47.62468249565739],[-3.437541526411168,47.624797654520854],[-3.437650939395644,47.62481870380946],[-3.437626309211134,47.62494649887979],[-3.437752245497629,47.62499372847761],[-3.437725446874261,47.62510358127549],[-3.437842709054138,47.6250790416424],[-3.438051261641228,47.62525717275257],[-3.437761228970989,47.625399628907296],[-3.437970866889491,47.62558673127028],[-3.438000144499517,47.62582895194237],[-3.43788479125526,47.6259798206779],[-3.438048372415596,47.62600690850373],[-3.438122056976634,47.62617442774498],[-3.438089836595711,47.626239424898706],[-3.437898629618468,47.62620483210629],[-3.437754048925166,47.62655599781997],[-3.43799725452499,47.626578687471614],[-3.4380877211591,47.62666400037704],[-3.438100164979837,47.626545909528545],[-3.438284609400831,47.626635061854955],[-3.43829653809821,47.62673374427022],[-3.438398364222727,47.62669199493847],[-3.438334437960564,47.626605216075845],[-3.438477159601883,47.62657023849116],[-3.438402131814466,47.626502135032496],[-3.438499619584129,47.62642450109245],[-3.438461149807692,47.62632728491629],[-3.438541856583446,47.62633185732394],[-3.438561319702828,47.62605081983656],[-3.438762799789352,47.62594937833715],[-3.438783089746715,47.62578569858057],[-3.439012449260697,47.625583374757916],[-3.439184706222234,47.625682230011556],[-3.439483413463065,47.62561153932488],[-3.440329197731657,47.6256460827528],[-3.440727555719707,47.62551569552613],[-3.440737823808574,47.625379662102844],[-3.441242339454714,47.62524340605759],[-3.441512080718871,47.62526462153929],[-3.44167749790562,47.62497551519799],[-3.441814537890047,47.62500406472321],[-3.441922032947244,47.6248987810571],[-3.441881388053201,47.6247836237238],[-3.441976697611881,47.62468804460411],[-3.441838573369842,47.62465052415944],[-3.441762709317944,47.62446506491833],[-3.441834733739801,47.62439786620034],[-3.44173533494802,47.62434917401639],[-3.441839323784784,47.62432536384893],[-3.441902168026472,47.62440316978948],[-3.441968767201973,47.62429111545623],[-3.441885558398858,47.62393447171628],[-3.441723066589623,47.62391636034513],[-3.44180944500657,47.623857399245686],[-3.4417509413407,47.623815477672906],[-3.441568169339337,47.62396104652458],[-3.441455752772415,47.62380470075582],[-3.441491473141295,47.623658229117055],[-3.441623085013779,47.623641923321735],[-3.441625004296215,47.62376825235798],[-3.441706792416045,47.62378179369592],[-3.441710297640534,47.62370032021591],[-3.441845164440262,47.623710927502714],[-3.441656051041167,47.62325176461778],[-3.441774808922178,47.62257689986491],[-3.441953571064739,47.622729577875724],[-3.441959830959944,47.62289179141451],[-3.442181072132482,47.62284343701258],[-3.44217856544858,47.62249136306239],[-3.442063730571497,47.62242546242421],[-3.442026591900031,47.622228831442726],[-3.442254589558342,47.62212591667347],[-3.442226379666702,47.62189266772127],[-3.442045449631172,47.62172204782914],[-3.44211288055879,47.6217273513039],[-3.442089011336535,47.621529986738814],[-3.441972258612096,47.6213377568],[-3.442069981413427,47.62115173272077],[-3.442020323863138,47.62063067420645],[-3.442191984260031,47.62050378018233],[-3.441820370989909,47.620081799618234],[-3.441912417565115,47.61995930693962],[-3.441763206599762,47.61994046207654],[-3.441743929243438,47.61967059473807],[-3.441664066644041,47.61978338269161],[-3.441495078594535,47.61971144418835],[-3.441455774278894,47.619496870487495],[-3.441586291069143,47.61947159356629],[-3.441564343783995,47.619400557985664],[-3.441687850348523,47.61953822825925],[-3.441572771774048,47.61958071408445],[-3.441694359471582,47.61959205503865],[-3.441882875397094,47.61982547355086],[-3.441959233019762,47.61979415910449],[-3.441841399678828,47.61959295773642],[-3.441912332538532,47.61951678767374],[-3.442010387819945,47.61966489574293],[-3.441930275861169,47.619886070908564],[-3.441994199922612,47.61997284810279],[-3.442106024214012,47.61990344849764],[-3.442336768478361,47.62004422086806],[-3.442239796547571,47.61990508422496],[-3.442442082543771,47.619920994210645],[-3.442538308937491,47.62038529171197],[-3.442524203800946,47.620268667170286],[-3.442699116941025,47.62016868573552],[-3.443081931164565,47.62101450664343],[-3.443005572454992,47.62104582180422],[-3.443050557387112,47.621196863406944],[-3.443319193762906,47.62120910364967],[-3.443407242508263,47.62138485740576],[-3.443431018921356,47.62113970281989],[-3.443489520974219,47.62118162360873],[-3.443492283010043,47.6214253108263],[-3.443292999310552,47.62154470293154],[-3.443480937505311,47.621552373664024],[-3.443469345131565,47.62178782341943],[-3.443336653218108,47.621795160206396],[-3.443240018816009,47.62199015638836],[-3.443422532600155,47.6219529716909],[-3.443423864702317,47.62185355587645],[-3.443512753336717,47.62214666750425],[-3.443610817888686,47.62229477402985],[-3.4436749939668,47.6222731633025],[-3.443702125137247,47.62249744076147],[-3.44357051672138,47.622513748909135],[-3.443546986999286,47.622650516477286],[-3.443666165190614,47.62275230003742],[-3.443575449666601,47.62277537815343],[-3.443540080807692,47.62325598214763],[-3.443694727997007,47.62331968017913],[-3.443645744295598,47.623466886223525],[-3.443802562800481,47.62354852629217],[-3.44390136857322,47.623371471984626],[-3.443871819530657,47.62323763933347],[-3.44373887779382,47.623353363412676],[-3.443816570778868,47.623222632060546],[-3.44396253571207,47.62321456099274],[-3.443969887082896,47.62338574547455],[-3.444053845869096,47.623417227353656],[-3.444311639920643,47.6233397543956],[-3.444409463966085,47.623596246987944],[-3.444567262399321,47.62324433869308],[-3.444584521854293,47.62294535758139],[-3.44448970957532,47.622824165189776],[-3.444576083169327,47.62276520201121],[-3.44449212510061,47.62273372049695],[-3.444595024155213,47.62270093676687],[-3.444640151779508,47.62230107212741],[-3.444745220753292,47.62228623043771],[-3.444968029901634,47.62203006801637],[-3.445030876001208,47.62210787236521],[-3.445045717950856,47.62189933575776],[-3.445165982809958,47.622010088914216],[-3.445060803368525,47.62158241219031],[-3.445228716654406,47.62164537437759],[-3.445166114180557,47.621459183173855],[-3.445302547688808,47.62126198366781],[-3.445498083874473,47.621332448773764],[-3.445615692379429,47.621642033212325],[-3.445547060509807,47.62118524179116],[-3.445624503475075,47.62116289605703],[-3.445660811463728,47.621242167961114],[-3.445739824438263,47.62101201930505],[-3.445663467291351,47.62104333620359],[-3.44564609851557,47.620899798818016],[-3.445743565520345,47.62082215860871],[-3.4458644310856,47.62115865613276],[-3.445926675514104,47.62101071501845],[-3.446038214112959,47.621082751849215],[-3.446068291606138,47.62096675697371],[-3.446179871374756,47.62100574047938],[-3.446376978432742,47.621861825993385],[-3.446410753461392,47.62158902361309],[-3.44647951105746,47.62149490870034],[-3.44655237068891,47.62154506499443],[-3.446649232544101,47.621241679069406],[-3.446765156276979,47.621316546313714],[-3.446823901144597,47.621250078470716],[-3.446864554009725,47.621365234292945],[-3.446922213039042,47.62128979532827],[-3.446865159931261,47.621590979262635],[-3.446936694503447,47.621740551178924],[-3.44684791368676,47.6218899609192],[-3.447071317888025,47.62185953937201],[-3.447041761735549,47.62172570741899],[-3.44716769875306,47.62177292694275],[-3.447197972985109,47.62158159805802],[-3.44736504184488,47.621527199161456],[-3.447650578547621,47.621899740386105],[-3.447505095011845,47.621691042204894],[-3.447482291737289,47.62150264980579],[-3.447571917528637,47.621470597573804],[-3.447911380089306,47.62195755954081],[-3.447818019911297,47.62217947267433],[-3.447986073703635,47.62268494951933],[-3.447978709550909,47.62251376522889],[-3.448107296047377,47.62236215204489],[-3.448041424771267,47.62214904927603],[-3.448144083193222,47.622224649321545],[-3.448229365775521,47.62215671236518],[-3.448240225846077,47.62224642293467],[-3.448420564946278,47.62219128831792],[-3.448735059511984,47.6224719134775],[-3.448753523207313,47.62262442133793],[-3.448847730490203,47.62251986545506],[-3.449075625213586,47.62296784285895],[-3.449143058412949,47.62297314227141],[-3.449107214824085,47.62267709776017],[-3.449210346098689,47.62253592307201],[-3.449344125245887,47.622537550659715],[-3.449366935532864,47.62272594259513],[-3.449376094863605,47.62258093717349],[-3.44948791502125,47.6225115305935],[-3.449731725236503,47.6227599406794],[-3.449589489946121,47.62257815831091],[-3.449658243212125,47.6224840415747],[-3.449541226656024,47.62240020620302],[-3.449600203630248,47.622225350091426],[-3.449901902835559,47.622289932680566],[-3.449862713763897,47.62251788077088],[-3.450034980924386,47.622616720177696],[-3.450032574795187,47.62270716499035],[-3.449923394973617,47.62257774038738],[-3.450078667339031,47.62286717479377],[-3.450152851819854,47.62281791296558],[-3.450073935924034,47.62249715894226],[-3.45016682084021,47.62249201785104],[-3.450266922917431,47.62221554219041],[-3.450448036685564,47.62282866790755],[-3.450557450722067,47.62284970512696],[-3.450462857674452,47.62262013068939],[-3.450514692135722,47.622165703066194],[-3.450723665781207,47.62267794354283],[-3.450674312197171,47.62249102087986],[-3.450766342610228,47.62236852137539],[-3.450926196491616,47.62258545191937],[-3.450987110526716,47.62253692408654],[-3.451020167962163,47.62258928117987],[-3.451070217011853,47.6224510430064],[-3.451168534276973,47.622490756265016],[-3.451201822981493,47.622434726407434],[-3.451241399672896,47.622540909608176],[-3.451451534834863,47.62251121426089],[-3.45149443783598,47.62209340488061],[-3.451662360316348,47.62215635780153],[-3.451828569661787,47.62198459458382],[-3.451937752889092,47.62211401744525],[-3.45198562585164,47.62195783679859],[-3.452068500471746,47.62198034191629],[-3.452116542545669,47.62226667993612],[-3.452170935121948,47.62216432535241],[-3.452266850352562,47.62229448256813],[-3.452209885007786,47.62204476337684],[-3.452351269885052,47.62210918466412],[-3.452234707962452,47.6218085781051],[-3.452415270110658,47.6216450503611],[-3.452625172867445,47.62172373983739],[-3.45263689877271,47.621930807973435],[-3.45272000166025,47.621844925692685],[-3.452803735318215,47.62198478824159],[-3.452776338252037,47.62186889978077],[-3.45285377918273,47.62184654926097],[-3.453064315519796,47.62215098281294],[-3.452969712929923,47.62192141032339],[-3.453127855184967,47.621903622015594],[-3.453232694022566,47.62199715962259],[-3.453211817040227,47.621935097335324],[-3.453292518437917,47.62193965956108],[-3.453420182009847,47.622221588210905],[-3.453402385072109,47.62174392024427],[-3.453507450512705,47.621729070667875],[-3.453773466314634,47.621940118724766],[-3.453698651569869,47.621763637987605],[-3.454088212796301,47.62211234258165],[-3.454326832198229,47.62220750119727],[-3.454374473579007,47.622159706507276],[-3.454382082853541,47.62222250350619],[-3.454630935343255,47.62218162664984],[-3.454882825176324,47.622276049171255],[-3.455197995381968,47.62278240170372],[-3.455351790587031,47.62272872643382],[-3.455614779036564,47.62280447033793],[-3.45580729437284,47.62273961827944],[-3.455678529692479,47.62244872132749],[-3.455858640128769,47.6225019621436],[-3.455865607203008,47.62233901422612],[-3.455967189759083,47.62240563640267],[-3.456051375351123,47.62232872275696],[-3.455853647011272,47.622240333384504],[-3.455902595924083,47.622093122129215],[-3.455966766783186,47.62207150464585],[-3.45595545083209,47.62219856865165],[-3.456050730576227,47.622102977921976],[-3.455988955729009,47.62203415048899],[-3.456197556964632,47.62221224947244],[-3.45625737842757,47.622154747898655],[-3.455953940633957,47.62185546587258],[-3.456127746494652,47.62174649342179],[-3.456270868358605,47.622045625826644],[-3.456205848714539,47.621398979792076],[-3.456340712578307,47.62140957035319],[-3.456355289504009,47.62130941921532],[-3.45627154760092,47.621169559164294],[-3.456420767120325,47.62118838547925],[-3.456552794975616,47.62150619474964],[-3.45664893976359,47.62152796144882],[-3.4566458976057,47.62139266153397],[-3.456790768165745,47.621375603444314],[-3.456600006805956,47.62112426721747],[-3.456695283478641,47.621028675909265],[-3.456621107521377,47.621077941938076],[-3.456601314348281,47.6210248512118],[-3.456775116183368,47.62091587775119],[-3.456720086117073,47.62079248956139],[-3.456912153818171,47.62094440962166],[-3.456883660935099,47.62081955108003],[-3.456998729993142,47.62077705019594],[-3.456840592365209,47.62079484375528],[-3.456755762590452,47.62064601303048],[-3.456812319450337,47.62056159817073],[-3.456988074868023,47.6205789533585],[-3.456908682167994,47.62047497764594],[-3.457052243467547,47.62055733526195],[-3.456998300574037,47.62044291816357],[-3.457219517973158,47.62039453521506],[-3.45719646203299,47.62031453162508],[-3.45737112925791,47.62032291525641],[-3.457549928452808,47.62047556956982],[-3.457649116432912,47.620632635410615],[-3.457581249026454,47.62084411492413],[-3.457677611006448,47.62075749377748],[-3.457863155714124,47.62085558642541],[-3.457763096903295,47.620581162792554],[-3.457894478693819,47.620673225654095],[-3.457939940299747,47.62060748752338],[-3.458078935874929,47.62076234698977],[-3.458184215018842,47.62063910618485],[-3.458123526750539,47.62057925080102],[-3.458208577118768,47.6206196935222],[-3.458255125949685,47.6205629262387],[-3.458253821498389,47.620662342286415],[-3.458395426514495,47.62061836928707],[-3.458268177866306,47.62067057788996],[-3.458292323233881,47.62075955222379],[-3.458450460273387,47.62074175669845],[-3.458314293335366,47.62083058460972],[-3.458265785773151,47.620761022962135],[-3.458175079945506,47.62078411244092],[-3.458233376348661,47.62093441285511],[-3.458516371362488,47.62095485374879],[-3.458572925765651,47.620870438049856],[-3.45853181556174,47.62097206028565],[-3.45863992523525,47.62109250598225],[-3.45873280688205,47.621087358074966],[-3.45904734914862,47.62136795562327],[-3.459215493097865,47.62132251073004],[-3.459307072580982,47.621416778386624],[-3.459321643943788,47.62131662687897],[-3.45950740786785,47.62130632990742],[-3.45948543598309,47.621235297763285],[-3.45961377268536,47.621192058804986],[-3.459545466984026,47.62106940748397],[-3.459758855493503,47.62106661003897],[-3.459916118428232,47.62093145457613],[-3.459788209958272,47.6207579198575],[-3.459953087517826,47.62068556101908],[-3.459960489814403,47.62085674471321],[-3.460064463717245,47.62083291827742],[-3.460087075427093,47.620578789282426],[-3.460228678711539,47.62053481405846],[-3.460288281289718,47.62058569739754],[-3.460278489307803,47.620504958825585],[-3.460359189147202,47.6205095161718],[-3.460259993422772,47.62035245262279],[-3.460431821937877,47.62011714472785],[-3.460531017730609,47.62027420814988],[-3.46066696766795,47.62029376467275],[-3.460664579655583,47.62038420981148],[-3.460718953925103,47.62028185114855],[-3.460912330665721,47.62033434858315],[-3.461025430401505,47.62016551478017],[-3.46117075176007,47.620482583314434],[-3.461294522004743,47.620511845746215],[-3.461384137838773,47.620479782899054],[-3.461198587967934,47.62038169582603],[-3.461299506508013,47.620222568407584],[-3.461732596229969,47.62037917939891],[-3.461688857179593,47.62012872882471],[-3.461971640001034,47.62025754840223],[-3.461949665269223,47.62018651668348],[-3.462053636978966,47.62016268846864],[-3.461937694313942,47.620087836356156],[-3.462005125151409,47.620093128350376],[-3.461978797353855,47.61998621287552],[-3.462061673125254,47.62000871092483],[-3.462020988513791,47.61989356031436],[-3.462093651563495,47.62005209401327],[-3.462364254765898,47.620190619384566],[-3.462424275646733,47.62002472753675],[-3.462513681841305,47.620101050872655],[-3.462496268068825,47.619957515926856],[-3.462749249720085,47.62006089252418],[-3.462676584711605,47.61990235923389],[-3.462838656439809,47.6201372156099],[-3.462902822139124,47.620115594293985],[-3.462798177620349,47.619913678214836],[-3.462994820397298,47.619993085006],[-3.462971341548327,47.62012985666024],[-3.463101642744287,47.620212942756275],[-3.463079666527363,47.62014191124854],[-3.463201260067164,47.6201532298084],[-3.463276723753709,47.62000454344518],[-3.463459892863615,47.62019307244023],[-3.463509759257913,47.6207141219366],[-3.463615908420705,47.620708234180704],[-3.463709671777985,47.62082044025501],[-3.463713143229077,47.62073896599392],[-3.463891284039861,47.62066586560788],[-3.464045742967437,47.62083792379524],[-3.464048125271868,47.620747478608486],[-3.464232797637994,47.62072820320149],[-3.464260628187392,47.62062731499608],[-3.464324589430752,47.62071407993143],[-3.464203878320844,47.620820120480445],[-3.464413795207812,47.62089878880253],[-3.464310027617838,47.62081423209402],[-3.464372016154807,47.620774668150794],[-3.464504498531775,47.62087569447989],[-3.464456458961068,47.62114026734633],[-3.464698358758886,47.62126231754974],[-3.46472401119342,47.621143487444535],[-3.464927397365376,47.62116832938184],[-3.465053145892226,47.621323916626466],[-3.465102068596928,47.621176701447375],[-3.465202571628339,47.62123434472638],[-3.465121870279956,47.621229790728535],[-3.465244352972097,47.621358465051706],[-3.465203255091902,47.621460089610004],[-3.465310291941249,47.621571558199655],[-3.465412087087865,47.6215297852099],[-3.465532191341034,47.62174890438364],[-3.465471291427748,47.6217974398212],[-3.465390791514196,47.62168449904145],[-3.465317509081301,47.62185112844156],[-3.465139366268375,47.621924230958534],[-3.465081326422044,47.622216452785835],[-3.464989532246261,47.622230576639765],[-3.464966463868997,47.62215057465947],[-3.464906651791763,47.62220808069376],[-3.464971704800508,47.622303816105585],[-3.464753274904749,47.6220449946699],[-3.464798729232802,47.621979253915896],[-3.46504845843297,47.62205571271548],[-3.464932710697369,47.62187247669122],[-3.465104117727782,47.62185393604155],[-3.465023618505824,47.621740995012004],[-3.465125617046828,47.62159083530205],[-3.465058386991402,47.62147715813373],[-3.46479756923166,47.621419377255464],[-3.464976799630964,47.62135524614587],[-3.464846492728609,47.621272162190635],[-3.464749052686916,47.62134981832186],[-3.464650727421998,47.621310116472536],[-3.464809749259422,47.621409670238954],[-3.464639432301167,47.62143718136861],[-3.464428424253612,47.62134954256375],[-3.464592208613778,47.62126820628776],[-3.464478437420818,47.621211298558585],[-3.464324655764328,47.621264985887805],[-3.464341599494571,47.62107438856903],[-3.463955039509196,47.620861017762024],[-3.463872839449627,47.62106426600335],[-3.463567188054927,47.62074706175476],[-3.463308345961868,47.6208156063915],[-3.463286369221842,47.62074457494464],[-3.463384692430518,47.62078427795409],[-3.463504316544572,47.620669267327955],[-3.463377485556284,47.62050470743974],[-3.463390078365476,47.620278226485546],[-3.463275222069528,47.620212346630375],[-3.463029236544474,47.620496928810276],[-3.462643774374793,47.62029252452806],[-3.462525445743998,47.62030811818673],[-3.462513057406404,47.620426212010344],[-3.462173724372143,47.62038181124959],[-3.462173515536736,47.62049019828529],[-3.461950334964515,47.62041226170733],[-3.461920323616527,47.62049520749858],[-3.462020821929476,47.62055285353568],[-3.461898139460521,47.62053256281171],[-3.46184050241211,47.620608009197774],[-3.461544239321876,47.62058831209604],[-3.461516403659477,47.620689199656105],[-3.461297575893661,47.62064714560091],[-3.461059405876531,47.620886133149455],[-3.460854722964604,47.620960700534226],[-3.46089519444032,47.62118423848273],[-3.460656355986617,47.621197480230705],[-3.460560634386159,47.62095894283142],[-3.460475157124538,47.621135275829715],[-3.460407937545327,47.62102159595804],[-3.460303963428313,47.62104542269728],[-3.460134307337739,47.62129867219285],[-3.460442117585948,47.62163382722742],[-3.460334878203863,47.62163074114897],[-3.46030377563571,47.62170471552633],[-3.46021763394194,47.621655303405575],[-3.460227426042815,47.62173604193493],[-3.459918762884581,47.62183443421574],[-3.459447821238062,47.62180635199367],[-3.459048221771399,47.621485313558104],[-3.458900088279872,47.62147546156405],[-3.458745859890119,47.6211950096439],[-3.458615347014182,47.621220305718786],[-3.458658632723556,47.62113662539633],[-3.458458512698718,47.62113868544239],[-3.458576628217322,47.62123148289883],[-3.458543131793724,47.62139590187147],[-3.458208580339281,47.621170599507096],[-3.45822924598486,47.621341047906604],[-3.458366285488174,47.62136957806466],[-3.458192485424031,47.621478553867775],[-3.457951034344832,47.6211397162377],[-3.457860980153172,47.621388550401456],[-3.457599519305407,47.62110500850576],[-3.457388524128362,47.6210173569674],[-3.457441380906258,47.62112280287558],[-3.45734632404063,47.621110007801434]],[[-3.416288907280114,47.63001545987503],[-3.416225012985054,47.62992866906415],[-3.41617841129358,47.629985419314394],[-3.416288907280114,47.63001545987503]],[[-3.416426901195782,47.63049552729105],[-3.416560221424228,47.630271448347045],[-3.416499568888551,47.630211571639215],[-3.416426901195782,47.63049552729105]],[[-3.41796282959279,47.62328562740546],[-3.418018369635226,47.623192260123375],[-3.417911129590506,47.623189135094464],[-3.41796282959279,47.62328562740546]],[[-3.419647473752955,47.62389673435815],[-3.419659604329655,47.62384239485122],[-3.419558850210715,47.62389309922245],[-3.419647473752955,47.62389673435815]],[[-3.419646741734605,47.623900013466226],[-3.419552067497361,47.623947658081555],[-3.419624905172451,47.62399783110779],[-3.419646741734605,47.623900013466226]],[[-3.419573596961693,47.62335043442049],[-3.419663242606379,47.623318403637754],[-3.419626971812405,47.62323912374047],[-3.419573596961693,47.62335043442049]],[[-3.419670516070961,47.623489589631745],[-3.419680837427731,47.62335355792268],[-3.419601217990937,47.62335794379324],[-3.419590896430431,47.62349397549496],[-3.419670516070961,47.623489589631745]],[[-3.419821793584001,47.623968923668144],[-3.419911734774156,47.623828505952325],[-3.419700004578814,47.623623428382125],[-3.419632278264144,47.6237264987364],[-3.419730574483038,47.62376623843004],[-3.419726740678032,47.62395609799572],[-3.419821793584001,47.623968923668144]],[[-3.42078805045982,47.618686802769346],[-3.420713642314507,47.61840191356689],[-3.420684356279362,47.618602207217016],[-3.42078805045982,47.618686802769346]],[[-3.421047754407214,47.619954881731346],[-3.421117138978955,47.61964400770478],[-3.420956333672827,47.61941806472726],[-3.421047754407214,47.619954881731346]],[[-3.421140724835467,47.619507244449835],[-3.420996432828021,47.61930748432539],[-3.421014816189318,47.61945999680917],[-3.421140724835467,47.619507244449835]],[[-3.426739665324557,47.64244415057064],[-3.426853722186638,47.642392708701614],[-3.426719893956029,47.64239105537004],[-3.426739665324557,47.64244415057064]],[[-3.424616141509228,47.620968349777606],[-3.424653273209437,47.6207224674236],[-3.424635390933253,47.62079570077966],[-3.424513804121129,47.62078434207278],[-3.424616141509228,47.620968349777606]],[[-3.42427669310927,47.61804297766427],[-3.424266956053741,47.61796223597619],[-3.424172994651597,47.61795838518163],[-3.42427669310927,47.61804297766427]],[[-3.424618078775684,47.620652160253734],[-3.424572064456815,47.620492140228855],[-3.424491082367316,47.620595945105066],[-3.424618078775684,47.620652160253734]],[[-3.424591313851676,47.62031949119598],[-3.424628160155813,47.62018199574146],[-3.42453174559976,47.62026858963773],[-3.424591313851676,47.62031949119598]],[[-3.424849690401001,47.620025287127326],[-3.4249802163426,47.62000002877162],[-3.42493175297245,47.61993045325581],[-3.424785794145464,47.61993850055356],[-3.424849690401001,47.620025287127326]],[[-3.425119682841401,47.619938153540566],[-3.425206073156732,47.619879204601055],[-3.425185513510841,47.61970875024539],[-3.425067175246305,47.61972430595529],[-3.425035740694229,47.61990665799545],[-3.425093428991273,47.619831229753814],[-3.425119682841401,47.619938153540566]],[[-3.425426930341263,47.620824307094495],[-3.425443729393538,47.62074210234314],[-3.425337575966,47.620747955404305],[-3.425426930341263,47.620824307094495]],[[-3.425367129281828,47.62043927385313],[-3.425501984593359,47.620449900028994],[-3.425443497468175,47.620407970215425],[-3.425367129281828,47.62043927385313]],[[-3.425874793191039,47.618668307397805],[-3.425859925286251,47.61843432239456],[-3.42578031369344,47.6184387124884],[-3.425709076395507,47.618623259856314],[-3.425874793191039,47.618668307397805]],[[-3.429537285939693,47.64359034039372],[-3.429605293408,47.64337887967488],[-3.429429196381604,47.643469869166594],[-3.429537285939693,47.64359034039372]],[[-3.427099702260919,47.62339619259367],[-3.427141956647584,47.62330355280408],[-3.427039045715774,47.623336321146795],[-3.427099702260919,47.62339619259367]],[[-3.42951295619829,47.64228220494596],[-3.429481266248636,47.64213042768762],[-3.429430059565175,47.64225968406045],[-3.42951295619829,47.64228220494596]],[[-3.429710682922622,47.643255665984555],[-3.429748615198167,47.643127141675734],[-3.429616676591826,47.64325181962005],[-3.429710682922622,47.643255665984555]],[[-3.427273048932534,47.623061518307914],[-3.427356194380303,47.62297565412869],[-3.427266553927421,47.62300769082149],[-3.427270081139328,47.62292621774382],[-3.427184770657836,47.6229941393666],[-3.427273048932534,47.623061518307914]],[[-3.429745898973347,47.643325970798685],[-3.429883254207607,47.64324614836272],[-3.429830429973889,47.64314069119433],[-3.429745898973347,47.643325970798685]],[[-3.429760272744897,47.64289169588187],[-3.42988760226246,47.64283951894174],[-3.429862410928502,47.64274156862382],[-3.429756214223812,47.64274742563463],[-3.429760272744897,47.64289169588187]],[[-3.4302988076312,47.644252749193825],[-3.430398506529188,47.64419306497195],[-3.430291223556571,47.644189951344025],[-3.4302988076312,47.644252749193825]],[[-3.427938978478215,47.62293447980168],[-3.427910552299096,47.622809614327664],[-3.427830934350113,47.622814005809516],[-3.427938978478215,47.62293447980168]],[[-3.427938730925653,47.622600348055194],[-3.427957691880947,47.62253608550494],[-3.427855865519219,47.62257782582375],[-3.427938730925653,47.622600348055194]],[[-3.432359667028244,47.64372364252958],[-3.432477241834817,47.64359072284444],[-3.432347745511787,47.64362496037608],[-3.432359667028244,47.64372364252958]],[[-3.430313197095284,47.62146691432352],[-3.430336760198653,47.62133014934023],[-3.430176172342805,47.62143835125241],[-3.430313197095284,47.62146691432352]],[[-3.430566906531077,47.62301527470087],[-3.430657900917563,47.622883819860256],[-3.430478897371191,47.62283951141407],[-3.430566906531077,47.62301527470087]],[[-3.430812818125566,47.621954110794],[-3.43061107373773,47.621721406896405],[-3.430624615980589,47.621612287768066],[-3.430484341653489,47.62155681139047],[-3.430441011443766,47.62164048124755],[-3.430489756713429,47.621601667513545],[-3.430673625754546,47.62190760587358],[-3.430812818125566,47.621954110794]],[[-3.431020780360365,47.623234065636176],[-3.431036488420851,47.62314288896984],[-3.430870753379868,47.62309784885614],[-3.431020780360365,47.623234065636176]],[[-3.431524489460271,47.62253797479416],[-3.431580005005336,47.62244460102864],[-3.431440810687126,47.62239809703426],[-3.431501471102775,47.622457966223934],[-3.431396398110529,47.622472795997986],[-3.431524489460271,47.62253797479416]],[[-3.431996506128972,47.62257514080383],[-3.432055270768597,47.62250868043334],[-3.431939094849986,47.622542185495234],[-3.431996506128972,47.62257514080383]],[[-3.434929841118096,47.64387079819842],[-3.434987541336044,47.64379536600394],[-3.43487240511641,47.64383784469453],[-3.434929841118096,47.64387079819842]],[[-3.435232290917687,47.64548870095274],[-3.435265610701537,47.64543267630482],[-3.435172684419103,47.64543780548445],[-3.435232290917687,47.64548870095274]],[[-3.435413217410088,47.64477430241601],[-3.435467664966063,47.644671956804586],[-3.435327061527671,47.644724872529046],[-3.435413217410088,47.64477430241601]],[[-3.433377944577661,47.62416962305585],[-3.433584845328834,47.62411304632124],[-3.433557488893136,47.62399715348229],[-3.433671233052177,47.6240540912467],[-3.433596481803532,47.62387759783005],[-3.43347488606608,47.62386624847024],[-3.433358440730065,47.62400814170201],[-3.433377944577661,47.62416962305585]],[[-3.433559938789378,47.62434922734295],[-3.433729197429848,47.62431279039726],[-3.433494939626236,47.62425347454344],[-3.433559938789378,47.62434922734295]],[[-3.433684769631591,47.62394497189438],[-3.433673116797388,47.62373790207584],[-3.433604333735556,47.62383200933957],[-3.433684769631591,47.62394497189438]],[[-3.433896059460407,47.62525183384058],[-3.433960509164104,47.62512184176988],[-3.433880888264418,47.625126237370665],[-3.433896059460407,47.62525183384058]],[[-3.433808284243373,47.62452516841079],[-3.433972124988691,47.62444387521375],[-3.43380069884297,47.62446237014793],[-3.433808284243373,47.62452516841079]],[[-3.434109997691255,47.62503230983174],[-3.434197470026661,47.62498232557118],[-3.434147906425525,47.624903782883386],[-3.434109997691255,47.62503230983174]],[[-3.434020220555287,47.62196672279577],[-3.434051359694715,47.62189275543186],[-3.433969576411175,47.62187920872012],[-3.434020220555287,47.62196672279577]],[[-3.434120425707657,47.62213277968104],[-3.434203558695357,47.62204691058664],[-3.434087385129975,47.62208041779337],[-3.434120425707657,47.62213277968104]],[[-3.434781935344883,47.62561835091656],[-3.434900548075128,47.62549439871452],[-3.434687405237557,47.625388764033815],[-3.434642994715897,47.62546346411718],[-3.434781935344883,47.62561835091656]],[[-3.434833377473077,47.62538070438404],[-3.434850163473771,47.62529849847274],[-3.434721796847056,47.62534171012633],[-3.434833377473077,47.62538070438404]],[[-3.435068169491073,47.62522324410258],[-3.435104992194568,47.6250857456903],[-3.434996663507289,47.625073665186385],[-3.43495008601165,47.625130423065855],[-3.435068169491073,47.62522324410258]],[[-3.437537571865394,47.64543368250312],[-3.43764728591138,47.64534634598257],[-3.437545682558965,47.64527970866469],[-3.43745032828474,47.645375283149924],[-3.437537571865394,47.64543368250312]],[[-3.435948597294796,47.62510237851713],[-3.435873574796358,47.625034273382866],[-3.43575739577795,47.625067782199274],[-3.435948597294796,47.62510237851713]],[[-3.435708974682007,47.622234714204936],[-3.435683782390057,47.62213676409947],[-3.435623938789235,47.62219425513413],[-3.435708974682007,47.622234714204936]],[[-3.436415140385662,47.62420963452767],[-3.43642325109205,47.624055659076134],[-3.436201999680732,47.62410400254105],[-3.436209587855038,47.6241668006595],[-3.436367742343139,47.62414903506629],[-3.436415140385662,47.62420963452767]],[[-3.436121111339379,47.6218868358639],[-3.436188803483927,47.62178375585325],[-3.436108103785471,47.62177918180904],[-3.436121111339379,47.6218868358639]],[[-3.436645710325178,47.62534384078393],[-3.436675763669689,47.62526090169829],[-3.436588293198406,47.62531088780765],[-3.436645710325178,47.62534384078393]],[[-3.436227265848226,47.62188097300489],[-3.436407616118454,47.62182585692728],[-3.436348034919848,47.621774961435776],[-3.436227265848226,47.62188097300489]],[[-3.436872994247462,47.62600861470202],[-3.436973735910957,47.62595789545149],[-3.436876506995795,47.62592714146059],[-3.436959641459142,47.62584127057201],[-3.436779278192664,47.62589638738825],[-3.436872994247462,47.62600861470202]],[[-3.437101842433075,47.62602306801394],[-3.437108867222361,47.62586012151498],[-3.437003529128728,47.625983342986885],[-3.437101842433075,47.62602306801394]],[[-3.437679847808183,47.626605251677596],[-3.437686612331107,47.6265506918418],[-3.437594803459312,47.6265647941327],[-3.437679847808183,47.626605251677596]],[[-3.437643399079552,47.6251984238833],[-3.437681299424432,47.62506989579926],[-3.437542918350156,47.62514075700984],[-3.437643399079552,47.6251984238833]],[[-3.43990257631244,47.64443609902632],[-3.440031238579705,47.64428449645293],[-3.43989064068785,47.644337417679466],[-3.43990257631244,47.64443609902632]],[[-3.440227176761851,47.64468909750292],[-3.440205220914268,47.64461806259234],[-3.440394578239679,47.6445263235874],[-3.44010795613693,47.6445873115884],[-3.440227176761851,47.64468909750292]],[[-3.44021791776045,47.64439158696844],[-3.440296735123273,47.644269830409314],[-3.440210829069601,47.64411201844706],[-3.440137437214646,47.64427863010789],[-3.44021791776045,47.64439158696844]],[[-3.44159524467436,47.64428840170284],[-3.441676229445099,47.64418458624012],[-3.44157220183547,47.64420839601776],[-3.44159524467436,47.64428840170284]],[[-3.441366521931756,47.62604933867199],[-3.441518170543551,47.62597773950236],[-3.441480780538652,47.62588949540083],[-3.441414178344632,47.62600154936366],[-3.441308016211442,47.62600741692462],[-3.441366521931756,47.62604933867199]],[[-3.441608892399024,47.62595466302224],[-3.441737254924166,47.62591144381343],[-3.441656548510396,47.62590687361267],[-3.441688764347719,47.62584187546401],[-3.4415614869111,47.62589406572305],[-3.441608892399024,47.62595466302224]],[[-3.442455838401389,47.62500473952064],[-3.442477201769308,47.62485003014143],[-3.442371878060805,47.62497325651853],[-3.442455838401389,47.62500473952064]],[[-3.442768460128296,47.62416562836131],[-3.442990201445902,47.62390049886064],[-3.442959569242424,47.62375769491656],[-3.443129067105734,47.62361285752003],[-3.44297900816623,47.623476656321344],[-3.443067554811425,47.623435636478426],[-3.443016894442477,47.62334812639249],[-3.443266598839823,47.62342463170929],[-3.443311296628217,47.6222481173953],[-3.443127944117914,47.622167943910135],[-3.443169331990201,47.62195794024984],[-3.442962945439797,47.621797760192216],[-3.442978632681521,47.62170658185354],[-3.442753893444041,47.62183641138734],[-3.442681036983774,47.62178625273121],[-3.442539167224662,47.62193859356687],[-3.442647582380935,47.62239318580741],[-3.442506298416246,47.62277127141006],[-3.442823772521308,47.62318721256826],[-3.442468162466688,47.623008188068376],[-3.442578161537956,47.62325497755992],[-3.442570317354292,47.6233005666669],[-3.442508558502337,47.62323173214721],[-3.442627329905689,47.62399280874574],[-3.442768460128296,47.62416562836131]],[[-3.442573798324956,47.62178315034488],[-3.442736532233211,47.621692873627595],[-3.44268178222719,47.62146109193673],[-3.442523140333515,47.6216956399705],[-3.442573798324956,47.62178315034488]],[[-3.442816147282602,47.62168847198237],[-3.442867301823079,47.62155920837112],[-3.442707235401633,47.62145065362819],[-3.442816147282602,47.62168847198237]],[[-3.443333397692693,47.621768246893105],[-3.443242093091093,47.621565579797306],[-3.443148123980876,47.621561744276725],[-3.443126421268626,47.62138232212294],[-3.442901342561114,47.62117802000991],[-3.443041133429732,47.621450255380026],[-3.442989979414558,47.62157951907466],[-3.443333397692693,47.621768246893105]],[[-3.444942663514146,47.62347644941951],[-3.444954249756507,47.62324099972215],[-3.444878974425448,47.62328128715444],[-3.444942663514146,47.62347644941951]],[[-3.445445707747334,47.62299707236796],[-3.445382859996366,47.62291926827787],[-3.445366090963204,47.623001475802724],[-3.445445707747334,47.62299707236796]],[[-3.446102305214238,47.622572416823076],[-3.446126914012961,47.62244461981016],[-3.44602751494324,47.62239593123013],[-3.445999649015004,47.622496814996445],[-3.446102305214238,47.622572416823076]],[[-3.450974856300315,47.62309753509344],[-3.451064482672241,47.62306548020759],[-3.450994021244785,47.62292488194945],[-3.450974856300315,47.62309753509344]],[[-3.455906924569216,47.62267991163106],[-3.455924986107164,47.62249828665709],[-3.455836450897319,47.622539316266725],[-3.455906924569216,47.62267991163106]],[[-3.456800738449439,47.621066823740925],[-3.456711814520329,47.621054853669655],[-3.456801214273017,47.62113118133808],[-3.456800738449439,47.621066823740925]],[[-3.457296079954351,47.62080572980539],[-3.457178186581991,47.620604544019464],[-3.457000256123946,47.6205692471523],[-3.456954793393494,47.62063498491852],[-3.457296079954351,47.62080572980539]],[[-3.457497504641523,47.62070425571875],[-3.457498810502249,47.62060483968162],[-3.457375042122646,47.62057557322872],[-3.457497504641523,47.62070425571875]],[[-3.458111999166508,47.62081470212335],[-3.45817181700141,47.62075719952775],[-3.458053486034665,47.62077278865181],[-3.458111999166508,47.62081470212335]],[[-3.459729714490109,47.62126691318209],[-3.459705566497479,47.62117793916861],[-3.459627041504469,47.62119132328358],[-3.459729714490109,47.62126691318209]],[[-3.460785749929299,47.62061230494325],[-3.460810322674826,47.620484504710134],[-3.460711790129543,47.62055318655686],[-3.460785749929299,47.62061230494325]],[[-3.460823591301592,47.62048376905253],[-3.460908854966584,47.62041582277783],[-3.460849251986587,47.62036493975104],[-3.460823591301592,47.62048376905253]],[[-3.462513473697182,47.62020943792458],[-3.462422978972278,47.62012414365835],[-3.462433862479922,47.62021385300017],[-3.462513473697182,47.62020943792458]]]},"properties":{}}]}