{"type":"FeatureCollection","features":[{"type":"Feature","geometry":{"type":"Polygon","coordinates":[[[-3.498807097681791,47.653820442369884],[-3.498474363111234,47.65361320003849],[-3.498441104603303,47.6536692424536],[-3.498238945402156,47.65343665928286],[-3.498227587751437,47.6536721105253],[-3.498416606715717,47.65379704839189],[-3.498177631607447,47.65381036664381],[-3.498010785825581,47.65364806686889],[-3.497903396311468,47.653779102564584],[-3.49794659403174,47.653669707095375],[-3.497788372587881,47.65368755579214],[-3.497787140991147,47.65378697056244],[-3.497887799219119,47.653798133930486],[-3.497824643665858,47.653875195339694],[-3.497593743750118,47.65362614987715],[-3.497656840678617,47.65359553939437],[-3.497677781746049,47.65365759270874],[-3.497680108502587,47.65356714838246],[-3.497464402172423,47.65355207416076],[-3.497514085580647,47.65363058878828],[-3.497418961199444,47.65361782654586],[-3.497381184493768,47.653746372072916],[-3.497206539379093,47.65362966320387],[-3.497222962633403,47.653764220003474],[-3.497011773230273,47.65367664154166],[-3.496937589120471,47.65372593233547],[-3.49686135372,47.65364889694948],[-3.496814817104613,47.65370567863975],[-3.496776221410669,47.65360848307284],[-3.497017385661164,47.65361310859643],[-3.497120174001719,47.653688664346646],[-3.49695675463106,47.653444889190574],[-3.497326026664637,47.653623005131266],[-3.49743114264172,47.653608116290236],[-3.497321784626508,47.653478738091316],[-3.497498756560501,47.65350500247173],[-3.497582931341158,47.65342806014138],[-3.497964386691269,47.65359646379376],[-3.498162708536029,47.653359624734115],[-3.498603976154703,47.65347050417877],[-3.498919456254746,47.6533174486797],[-3.499045513728335,47.65336461148186],[-3.499177315048006,47.65323985584438],[-3.499395077732571,47.653381253019894],[-3.499451735056796,47.65318843370823],[-3.499542478099372,47.65316531256335],[-3.499703850558223,47.65328275803349],[-3.499803488650991,47.65322301489536],[-3.499889717962763,47.653272397005125],[-3.499927091483629,47.65346900637016],[-3.499980328797796,47.65335766076633],[-3.500094206395213,47.653414532958706],[-3.500110900658116,47.65333231889249],[-3.500306495219911,47.65351107628737],[-3.500670432331511,47.65353594430227],[-3.50070929642845,47.65341636811983],[-3.500817697504177,47.653428387496724],[-3.50066372879732,47.65359050700397],[-3.500442544410711,47.65353058617099],[-3.50040039337788,47.65362325098643],[-3.500092979101354,47.653513947767436],[-3.499908206227725,47.65353327954664],[-3.499793365803392,47.65335905150766],[-3.499505802090945,47.65330282924094],[-3.499338553463927,47.65346568705249],[-3.499158295139357,47.65341251414852],[-3.498922607434245,47.65345274523537],[-3.498892634982788,47.65353569909803],[-3.498479973793783,47.65354966702092],[-3.498807097681791,47.653820442369884]]]},"properties":{}},{"type":"Feature","geometry":{"type":"Polygon","coordinates":[[[-3.496783191793512,47.65421320230248],[-3.496813167905408,47.6541302490103],[-3.497001228536481,47.654137833490594],[-3.49717615058501,47.65403777224717],[-3.497134407310968,47.65380528024723],[-3.497037092997699,47.653774576787825],[-3.497133036546507,47.65401308020919],[-3.496862989389495,47.65410037869763],[-3.496817006738462,47.65372361955368],[-3.49659664282861,47.65388943233201],[-3.496197534445338,47.653685882055576],[-3.496206292156027,47.65375764575702],[-3.496056967525886,47.65373887059324],[-3.495857007757138,47.65352422424067],[-3.495824841202917,47.65358923638034],[-3.495697691420353,47.653533099641464],[-3.495703446250459,47.65336118152077],[-3.495573013340482,47.65327813323141],[-3.495507585167613,47.65339918688945],[-3.495280792902189,47.653402789163046],[-3.495222073011144,47.65346928025861],[-3.495231112992648,47.65332427357674],[-3.495118335294296,47.65327636711797],[-3.494900441892549,47.653243347211415],[-3.494638056078716,47.6533934339294],[-3.494554163474312,47.65325360366909],[-3.494347358035781,47.65320190229147],[-3.494465463581587,47.65340304713759],[-3.494337077655552,47.65344632366581],[-3.493715711532523,47.65317386156401],[-3.493810689542409,47.65329501206511],[-3.493743068761984,47.653398123761036],[-3.493637147987245,47.65318726832205],[-3.493485637366082,47.653150548888476],[-3.493468129486504,47.653007021029005],[-3.493432532166846,47.65315350630254],[-3.493291015439744,47.65308913579051],[-3.493230105009055,47.65313768491079],[-3.493117621704902,47.65287300600582],[-3.492980189955582,47.653061287604665],[-3.492534708369603,47.65280611963762],[-3.492661706064507,47.6529706450975],[-3.492503484926114,47.65298848664566],[-3.492378823383522,47.65273351675541],[-3.492144227578869,47.65278270468895],[-3.491934144373152,47.65270408751194],[-3.491897449071725,47.65284160183432],[-3.491990234381066,47.65294481282275],[-3.492318858847139,47.65289942117467],[-3.492377286519531,47.65304970203126],[-3.492680158881722,47.6532315288226],[-3.492863839186422,47.653203237972185],[-3.492834150810801,47.65306941980401],[-3.493086254049591,47.653163758411175],[-3.493133888345793,47.65311594868386],[-3.493372570435006,47.65331941122603],[-3.493562816242757,47.653344942224564],[-3.49360468870624,47.65346905033088],[-3.493661222052474,47.65338461907197],[-3.493662171336295,47.65350197478947],[-3.493816966004189,47.65356560544489],[-3.493958629024173,47.653521590081404],[-3.493937836772071,47.65335115086401],[-3.494143259993497,47.65361065293279],[-3.494403315964704,47.65355101160884],[-3.494551401863769,47.65366920362963],[-3.494565915875526,47.65356904940906],[-3.494813503962527,47.65373588756927],[-3.494832395427631,47.65367161522303],[-3.494482023184052,47.65342921910981],[-3.494551831432319,47.653344047947904],[-3.494727564265407,47.65346973127926],[-3.49484828856973,47.65336366098461],[-3.495001847470229,47.65352670482796],[-3.49516910952592,47.65336385322826],[-3.495156643807605,47.653590333708074],[-3.495390004325959,47.65364055450069],[-3.495492931692543,47.65360772646158],[-3.495547414164716,47.653396968124234],[-3.49572177326356,47.653730449931125],[-3.495893131466713,47.65382024961775],[-3.495978403736971,47.65375227892126],[-3.49603122902236,47.65396609076949],[-3.496314413692312,47.65398643972525],[-3.496385314492797,47.653910237953745],[-3.496374088049769,47.65403730376135],[-3.496527792728727,47.65409196034895],[-3.496450601968368,47.65389756904712],[-3.496539018817187,47.65396489453021],[-3.496718320379971,47.65390071579798],[-3.496783191793512,47.65421320230248]]]},"properties":{}},{"type":"Feature","geometry":{"type":"Polygon","coordinates":[[[-3.491629139760988,47.6532719850347],[-3.491571807875538,47.6531306743304],[-3.491756582374434,47.653111355727745],[-3.491763294957448,47.65305679352364],[-3.491852798468281,47.65313309308869],[-3.49199132837102,47.652953783328485],[-3.491917140628281,47.653003070953964],[-3.491797802838866,47.65290133824342],[-3.491754543337941,47.652985029463046],[-3.491635205898916,47.6528832965855],[-3.4914491887576,47.653002029742574],[-3.490931413154914,47.65303085447968],[-3.490866276104454,47.65293513505677],[-3.490619495481563,47.65299402949879],[-3.490516717685478,47.652918468003726],[-3.49010171950831,47.65302285056001],[-3.489416032153398,47.65288038668925],[-3.489341842133708,47.65292967268172],[-3.489292171404688,47.65285115455155],[-3.489079750834969,47.65286297644245],[-3.488936053183771,47.6527806595796],[-3.488578687171458,47.652809578243264],[-3.48857743843434,47.65290899296148],[-3.488691458010739,47.65285749102453],[-3.48875221728253,47.6529173295191],[-3.4890995881357,47.65291606078425],[-3.489200022817224,47.653082067709924],[-3.489267651976951,47.65297895862582],[-3.489441337600093,47.652978323621454],[-3.489367147467594,47.65302760962746],[-3.489561764652632,47.65308902926204],[-3.489662507339686,47.653038265292565],[-3.490081728902309,47.65307815164026],[-3.489927881166903,47.653131871791565],[-3.490035185569623,47.653134930647596],[-3.489974272124034,47.653183478069714],[-3.490059398602555,47.653223896910184],[-3.490341483335989,47.653235289824664],[-3.490287436020041,47.65312089004883],[-3.490420199361671,47.65311350004129],[-3.490753050434596,47.65321238012123],[-3.490986555585595,47.65315422447729],[-3.491011864045082,47.65325216105535],[-3.49108495912762,47.65319390349796],[-3.491196639167462,47.65323284333926],[-3.491164467110178,47.65329785420598],[-3.491629139760988,47.6532719850347]],[[-3.490243080270564,47.65319561017883],[-3.490118124657374,47.65315740840025],[-3.490122651563756,47.653084905246494],[-3.490231049580109,47.653096934445315],[-3.490243080270564,47.65319561017883]]]},"properties":{}},{"type":"Feature","geometry":{"type":"Polygon","coordinates":[[[-3.507218264096611,47.652755255523964],[-3.50733469291511,47.65250490553897],[-3.507104733371793,47.6523732343653],[-3.507086092597608,47.65222073812228],[-3.506835065533481,47.652135400041445],[-3.506862831905448,47.652034503340275],[-3.506680259491574,47.65207178658253],[-3.506761129408717,47.6519679264663],[-3.506844073727004,47.651990392361675],[-3.506792185202281,47.651893940890005],[-3.506482693938888,47.651658328292996],[-3.506457119839348,47.651777165675135],[-3.506289158864445,47.65160590717092],[-3.506185145653699,47.651629774373816],[-3.506103418226616,47.65150789303583],[-3.50582219497334,47.651722279234534],[-3.505523550445547,47.651684753249725],[-3.505509057515608,47.65178490892893],[-3.50542392163067,47.651744501312685],[-3.50546143549744,47.651832723733094],[-3.505014442541655,47.65189378881255],[-3.504955736442055,47.651960284850865],[-3.504755625084112,47.651854038861586],[-3.504628347326148,47.65190629712137],[-3.504475736712767,47.65186062151946],[-3.504461241768123,47.651960777059486],[-3.504352966128128,47.65184037572324],[-3.504262103964716,47.651971885947745],[-3.504124961342312,47.65194341009806],[-3.50415699311786,47.65198678094565],[-3.503813040924437,47.65190662031125],[-3.503765417277719,47.65195443442122],[-3.50395992304649,47.652124215430796],[-3.503757621158288,47.65200002694565],[-3.503657989777174,47.65205977349319],[-3.503466647822129,47.65202528850931],[-3.50348527818295,47.6521777853451],[-3.503298193996716,47.652287567004066],[-3.503326812297081,47.65241241216547],[-3.503532527454906,47.65245512727399],[-3.503647627561968,47.65241258113366],[-3.503574672124978,47.65236246127232],[-3.503699884714312,47.65218387806484],[-3.503835931761573,47.65220338401154],[-3.503869183689028,47.65214734001829],[-3.503977458860243,47.65226774178345],[-3.504327017215607,47.65228436857864],[-3.5039953667748,47.65208611219465],[-3.504109369707828,47.65203459519381],[-3.504456611377634,47.652141666129054],[-3.504768656044119,47.65207006887637],[-3.504806169056299,47.6521582914921],[-3.505036243887927,47.6521815818924],[-3.504934543390135,47.65211500343393],[-3.505058532839497,47.65203583368389],[-3.505142572729317,47.65206727117356],[-3.505278741400971,47.65197839011898],[-3.505406993785101,47.65204348686314],[-3.505577508187408,47.65190753139637],[-3.505517827438559,47.651856672003404],[-3.506025716817237,47.651747049206186],[-3.506261152835146,47.65192357443095],[-3.506127178634951,47.652030397388025],[-3.506287585122962,47.65203047813839],[-3.506263345572267,47.651941515184475],[-3.506413765157008,47.65196924769974],[-3.506342881259288,47.65204545563212],[-3.506517660050056,47.65205376562367],[-3.506485507372674,47.65211878074706],[-3.506613761566621,47.652183876162034],[-3.506675755171452,47.65214429041449],[-3.506640194689902,47.652290779775186],[-3.506690986875815,47.65237826092369],[-3.506809373704801,47.65236262277995],[-3.50689317891022,47.65261082960108],[-3.507096704640758,47.652635597696026],[-3.507218264096611,47.652755255523964]],[[-3.507194022664804,47.652666292796795],[-3.506961869775935,47.652516680622625],[-3.506969781192658,47.6523627025939],[-3.50721520938352,47.65251157384865],[-3.507194022664804,47.652666292796795]],[[-3.506899015670017,47.65233052554321],[-3.506719968566225,47.65217794932729],[-3.506912409654958,47.65222139935094],[-3.506899015670017,47.65233052554321]],[[-3.50377844425291,47.65217046453506],[-3.503684416916589,47.65216667778177],[-3.50373094487854,47.652109893310474],[-3.50377844425291,47.65217046453506]]]},"properties":{}},{"type":"Feature","geometry":{"type":"Polygon","coordinates":[[[-3.513469133568503,47.65227979048083],[-3.513562168762303,47.652166213734155],[-3.513418330362848,47.652192312274146],[-3.513170691268418,47.65202551339958],[-3.513368834810496,47.651897033685955],[-3.513052412654879,47.651932772657254],[-3.51293643526783,47.6517495870764],[-3.512698676726342,47.65166352000267],[-3.512574699479529,47.6517426978739],[-3.512412099050461,47.65172468511339],[-3.512361298106442,47.6516372064218],[-3.512041692467194,47.65153764634399],[-3.511943168543323,47.65160637029331],[-3.51176400122679,47.651562187107224],[-3.511584725623999,47.651626389000654],[-3.511424429252026,47.65151793016612],[-3.511478520262915,47.651632320258315],[-3.511398866226606,47.65163676863821],[-3.511306045650153,47.65153357299202],[-3.51114454346756,47.65152452879724],[-3.51116089178009,47.65176746913102],[-3.510912821922585,47.65203420679866],[-3.510891866099695,47.65197215580405],[-3.510653999390177,47.65199446991411],[-3.510503466750142,47.652075128185906],[-3.510438406668135,47.651871034292896],[-3.510342074172799,47.65195769755535],[-3.51026801602793,47.65189861152219],[-3.510088737494622,47.65196281110934],[-3.510088849117284,47.65185442577458],[-3.509925040249478,47.65193582454962],[-3.509942815886941,47.65186257935871],[-3.509706158615547,47.651785476544646],[-3.509759149257932,47.65189089707202],[-3.50964844290168,47.65196933062285],[-3.509572191659622,47.651892303458816],[-3.509678510206184,47.651777988595775],[-3.509623325978654,47.651654627332654],[-3.509451838708606,47.6516732330286],[-3.509335874247861,47.65149004384976],[-3.509304822216669,47.65156403011761],[-3.509151111733385,47.65150939026306],[-3.509006517586697,47.651201356936035],[-3.50885390524186,47.65115568703487],[-3.508807383564352,47.65121247357408],[-3.508768767827849,47.651115281842166],[-3.508491077280549,47.651139814833485],[-3.508624700726751,47.65135814523792],[-3.50861240721478,47.651476242032544],[-3.508416677267797,47.651405883714574],[-3.508522538108567,47.651725111297466],[-3.508683172637657,47.651508418060054],[-3.508636879613625,47.651348433802895],[-3.508736504090911,47.651288682988444],[-3.509008597401746,47.65132768301452],[-3.50898302908665,47.6514465209699],[-3.509078152361762,47.651459273813906],[-3.509128834181412,47.65165513929206],[-3.509247105359388,47.651747884018896],[-3.509375475102496,47.65170459107306],[-3.509380846483115,47.65185782815554],[-3.509598630566107,47.65199920641903],[-3.509840885622672,47.65201277582881],[-3.509902652632457,47.652189959015374],[-3.510085223198773,47.652152670741124],[-3.510152810816626,47.65204954952428],[-3.510199220393517,47.65210114780134],[-3.510224786313452,47.65198230962055],[-3.510432699477883,47.652042953270225],[-3.510470221836556,47.6521311740688],[-3.510687133618293,47.65204680930549],[-3.510622838355136,47.652176841835846],[-3.510888354661149,47.65216201545905],[-3.510892853258197,47.6520895114655],[-3.511161770083596,47.65199321013681],[-3.511116456854602,47.65195058257023],[-3.511225954499495,47.65197156263282],[-3.511435183775953,47.65182440415999],[-3.511262708622466,47.65172565683965],[-3.511304839290407,47.65163298801531],[-3.511508363338518,47.651657748439625],[-3.511545887204877,47.65174596891061],[-3.511662076663172,47.65171238518935],[-3.511505071605399,47.65163083745296],[-3.511692028236507,47.6516294279737],[-3.511825774101324,47.651739369319],[-3.512241817146462,47.65164387987384],[-3.512368872840378,47.651808384012476],[-3.512915371323041,47.6517959217823],[-3.512992724752708,47.651881917082605],[-3.512907477149064,47.651949900258735],[-3.513030251231083,47.651970137066584],[-3.513072167897889,47.65209423828321],[-3.513357439272672,47.65224087190614],[-3.513473628668407,47.65220728639244],[-3.513469133568503,47.65227979048083]],[[-3.511793736240672,47.65169600056804],[-3.511770584949076,47.651616009067446],[-3.511853530829426,47.65163847141137],[-3.511793736240672,47.65169600056804]]]},"properties":{}},{"type":"Feature","geometry":{"type":"Polygon","coordinates":[[[-3.488046073054468,47.65315531420582],[-3.488063879133762,47.653082072392415],[-3.488279580906228,47.653097163968944],[-3.488415780295294,47.6530083026132],[-3.48829957338729,47.65304186319754],[-3.488169152783197,47.65295880663119],[-3.487915652567681,47.6530722573615],[-3.487887069975554,47.65294740847155],[-3.487749933588292,47.65291891342012],[-3.487755713961743,47.65274699563643],[-3.487599835651893,47.65267438637737],[-3.487457076413055,47.652709423502884],[-3.487119861930418,47.65257465179756],[-3.486825598246432,47.65257296025951],[-3.486616138859253,47.65282845986491],[-3.486504463009122,47.65278951563815],[-3.486487747949689,47.652871727782774],[-3.486248774011081,47.65288502164801],[-3.486049949888615,47.65267932898175],[-3.485768961949518,47.65267689627043],[-3.485701648743059,47.652563232819894],[-3.485491414303361,47.65259298932269],[-3.485055970224265,47.652310142627904],[-3.485042531513972,47.65241926630588],[-3.484719693923297,47.65229271982963],[-3.484520877903035,47.65208702449822],[-3.484051077972144,47.651851241899436],[-3.483927552086072,47.65160523343014],[-3.483821343699087,47.651611139552124],[-3.483584890766195,47.651425598505575],[-3.483546320822828,47.65132839845482],[-3.483777805502951,47.651143930628706],[-3.483594292913003,47.65106382188035],[-3.48337952731186,47.65116607758332],[-3.482859914199074,47.65096015469597],[-3.482705474651943,47.65067973871009],[-3.482503060062199,47.65066389871707],[-3.482435924145753,47.65044184788415],[-3.482283168622192,47.650504528651815],[-3.482158225011119,47.65046631830864],[-3.482075461985247,47.6503354494881],[-3.482198557198303,47.65013894791256],[-3.482112349326175,47.650089552669584],[-3.482034711058712,47.65022030766059],[-3.481925228493497,47.65019930022841],[-3.481850281016506,47.65002284011793],[-3.481955394217427,47.65000796516908],[-3.481850449997192,47.649914454707215],[-3.481858095566374,47.64997724900967],[-3.481727692480692,47.64989418512185],[-3.481495283670613,47.649961292982375],[-3.481482930433935,47.650079387002215],[-3.481332529142624,47.65005162237094],[-3.481421842843877,47.65023631544189],[-3.480817302974446,47.649881572760826],[-3.480402481367724,47.64987753562739],[-3.479901973241578,47.64949894386482],[-3.479791747450151,47.64925219290626],[-3.479239634198632,47.64932803248441],[-3.479117053554014,47.64919937470303],[-3.479101419984605,47.64929055658833],[-3.479013032886316,47.64922321774967],[-3.47874298033213,47.64931047458371],[-3.478784815157816,47.64943458825946],[-3.478601140364622,47.64946285703654],[-3.47859406358656,47.649734189437],[-3.478381653057617,47.649745991901305],[-3.478346016495647,47.6498924728264],[-3.478071416450831,47.6500522308924],[-3.477838087933011,47.6500019754244],[-3.477899539806554,47.6496282780031],[-3.477664944310825,47.64967743694934],[-3.477644942068444,47.649732735998164],[-3.477808616214378,47.64975976780408],[-3.477655324702527,47.65014759875595],[-3.477840093906813,47.650128302126916],[-3.477816639851042,47.65026507462985],[-3.477923023182429,47.65015078856956],[-3.478274919029074,47.65007704921416],[-3.478566244957409,47.649835079536295],[-3.47875537955202,47.649851664040376],[-3.47871463615964,47.64973652102609],[-3.478786472945387,47.64977768582945],[-3.479130722808808,47.649641149370225],[-3.479645196349375,47.64958546495582],[-3.4795966348388,47.64951591320541],[-3.479775768632485,47.64956014575317],[-3.479805768570866,47.64947719662352],[-3.480165875604722,47.64980037291621],[-3.480604720839853,47.6500017646755],[-3.480673111985857,47.65012440183867],[-3.480764949996533,47.65011026586278],[-3.480788054149361,47.650190263562685],[-3.480944086754164,47.65015449660585],[-3.481250180108437,47.65036326515677],[-3.481431672275454,47.65031705099563],[-3.48114414431391,47.650260783459174],[-3.481111210660212,47.65010005024702],[-3.481345464825525,47.650267655191506],[-3.481479314472809,47.65026924594817],[-3.481487299094751,47.650115269471726],[-3.481734076481439,47.65005639422594],[-3.481928336395896,47.65033459745973],[-3.482033450189229,47.65031972244307],[-3.482069663570715,47.65050736720709],[-3.48237702359448,47.65061671800559],[-3.4823613951809,47.65070790025947],[-3.482547256979039,47.65069756679979],[-3.482757151310376,47.65088458629663],[-3.482729339953479,47.650985477326245],[-3.482818994086752,47.65095339853903],[-3.483000153606278,47.65112395266183],[-3.483062163496419,47.65108437942079],[-3.483110730952019,47.65115392967401],[-3.483491197483028,47.651205024829316],[-3.483464314163499,47.651423271943656],[-3.483949404293976,47.65178464516923],[-3.48400780717139,47.651934930296996],[-3.484184767428231,47.65196121486002],[-3.48417913989041,47.65202474724304],[-3.484315179391129,47.65204427591621],[-3.485146231131968,47.65261218847547],[-3.485213705373889,47.65261746698064],[-3.485177479502686,47.65242982339803],[-3.485336470480427,47.652637732875114],[-3.485525617113972,47.65265430639713],[-3.485664776234354,47.65280913045323],[-3.485899378128008,47.65275995552761],[-3.486282977879308,47.65294633849141],[-3.486716724753095,47.65288608368321],[-3.487036766558821,47.65266055717879],[-3.487210134969734,47.65287669600917],[-3.487338683145891,47.65272504203859],[-3.487380540644467,47.65284915241487],[-3.48746691543285,47.65279015844437],[-3.487618420887901,47.65282688568784],[-3.487596083964303,47.65297263050616],[-3.487759616104017,47.6531080335723],[-3.488046073054468,47.65315531420582]]]},"properties":{}},{"type":"Feature","geometry":{"type":"MultiPolygon","coordinates":[[[[-3.470836714664838,47.64946956318642],[-3.470629946883812,47.649417819738005],[-3.470499754681625,47.64922635786491],[-3.470627059460763,47.64917413670754],[-3.470399577679451,47.648951949090645],[-3.470232446440749,47.649006380162355],[-3.470195505100406,47.64925227336708],[-3.470113670713943,47.64923875215771],[-3.470127843810388,47.6493553716119],[-3.469998357670519,47.649389650764675],[-3.46970469305363,47.6490627598096],[-3.469536664613661,47.64899983370739],[-3.469518834465418,47.64907307285208],[-3.469268076858561,47.64887926849397],[-3.46906136232717,47.64880921444122],[-3.46930809802508,47.64876867321038],[-3.469485936565083,47.64891233626569],[-3.469576685313904,47.64888923833878],[-3.469633954388132,47.649030560141306],[-3.469712517840575,47.64901716949123],[-3.470044919056595,47.64933287962808],[-3.470189156273838,47.64909006356629],[-3.47013861983732,47.64889418096163],[-3.470335572708538,47.64886518875032],[-3.470262845933935,47.64870666254319],[-3.470360327908532,47.64862900291153],[-3.470158502943755,47.648287985082774],[-3.470275801148527,47.64826341318575],[-3.470480191484064,47.648405601319595],[-3.470590372464891,47.64865236116874],[-3.470888592936553,47.64890674740321],[-3.470963884776748,47.64886644374483],[-3.471051170738104,47.64892481796363],[-3.47116372693975,47.649081133202245],[-3.470796754381537,47.64892087562604],[-3.470728387478538,47.64879823260663],[-3.470518159526862,47.64882796223074],[-3.47051251604683,47.64889149405864],[-3.47044524011675,47.64877782159771],[-3.470368857739738,47.64880915419659],[-3.470352119066105,47.64889136420255],[-3.470628533328354,47.64896633654265],[-3.47075545433203,47.64913088613218],[-3.470799259713004,47.64938132955063],[-3.470662333325331,47.6492444289633],[-3.4706301386547,47.649309434310354],[-3.470836714664838,47.64946956318642]]],[[[-3.469058706134909,47.648808314273374],[-3.468947478164456,47.64877061969002],[-3.46864541038787,47.64881447264343],[-3.468625203279835,47.648978155622125],[-3.468586662358043,47.6488809505114],[-3.468390994735327,47.6488105250678],[-3.468132022702068,47.64887907939959],[-3.468003823414256,47.6488139416468],[-3.467805779625619,47.64883395917784],[-3.46771592234058,47.648974411929736],[-3.467801720052432,47.6492405886932],[-3.467526596215205,47.649066194993026],[-3.467515698260271,47.64897648746517],[-3.467422768913889,47.648981642282784],[-3.467403647770146,47.64915429578903],[-3.467353121498813,47.64895841198642],[-3.46753026174192,47.64887633636255],[-3.467532243268999,47.64900266331516],[-3.46771334729848,47.64917324130661],[-3.46767282602964,47.6489497089597],[-3.467818162844777,47.648715866528846],[-3.46817204622316,47.64876848450508],[-3.468291919273998,47.64854508517414],[-3.468493427762493,47.648443593581106],[-3.468789457065683,47.64868004370975],[-3.469017321073295,47.648685463578154],[-3.469058706134909,47.648808314273374]]]]},"properties":{}},{"type":"Feature","geometry":{"type":"Polygon","coordinates":[[[-3.47755947517299,47.64990907886921],[-3.477679134028263,47.64979405546043],[-3.477491091459558,47.649786439870105],[-3.477604201163188,47.64961759258958],[-3.477552367805572,47.64952112802196],[-3.477296678447711,47.64961661460775],[-3.477217202969373,47.649512654266466],[-3.477287033650899,47.64942749324528],[-3.476945679000184,47.64914842386254],[-3.476851479766748,47.64925300096065],[-3.476054035054043,47.649179890228076],[-3.475942555529074,47.64903255038239],[-3.475660677644443,47.64891273722908],[-3.475590117277497,47.648772155697856],[-3.475322425853876,47.64876896053772],[-3.475211492902141,47.64895574704708],[-3.475118746987296,47.64885252252419],[-3.475043458305229,47.64889282885985],[-3.474773767636654,47.64876330561091],[-3.474654288424547,47.64876994064185],[-3.474663016353198,47.64884170613939],[-3.474297125859782,47.648690430223674],[-3.474177646751591,47.648697064767525],[-3.474240566847687,47.64877485231974],[-3.474124360245692,47.6488083988822],[-3.474018341227783,47.648705910635925],[-3.473783746211902,47.648755061814065],[-3.473601347654734,47.64868390796975],[-3.473543696745836,47.64875935903152],[-3.473242005737335,47.64858645292691],[-3.473079428224852,47.64856838541138],[-3.473059421645908,47.648623683707214],[-3.472956864179388,47.648439721117384],[-3.472813203316675,47.64835738424098],[-3.472723547530571,47.648389455394984],[-3.472266205508564,47.64803553175457],[-3.471927968425693,47.64789174517178],[-3.471924886022753,47.6477564475031],[-3.471583000622138,47.64780251879402],[-3.471613723231522,47.64794531344389],[-3.471522976969895,47.64796841296411],[-3.471773359597819,47.648378983558125],[-3.471575508684856,47.648290621995464],[-3.47138619162495,47.64838241134463],[-3.471653691185228,47.64849400100416],[-3.471704422390806,47.64858149752389],[-3.47160386082602,47.648523860655764],[-3.471587124144695,47.648606070850875],[-3.47190644752255,47.64881412717256],[-3.471740598267761,47.64876914565745],[-3.47169019885415,47.649124161698175],[-3.471484712080601,47.64897300501808],[-3.471195021031489,47.64889877153009],[-3.471146089719561,47.6490459871487],[-3.471257746522719,47.64908494612755],[-3.471370684199274,47.64902449027032],[-3.471486512943516,47.64920771733803],[-3.471628182808544,47.64916372894491],[-3.471747473778361,47.649265482447504],[-3.471697832352763,47.64918695669076],[-3.471988281712047,47.648827647129444],[-3.471838078205696,47.64869148479555],[-3.471885916763744,47.64853529814564],[-3.472227806598012,47.64848922598604],[-3.472318741777678,47.64835774044052],[-3.47255077941202,47.64850742174552],[-3.472820650709474,47.648528564666826],[-3.472958671500073,47.64867443347991],[-3.473282736441794,47.64870159791813],[-3.473301279374436,47.64885409981951],[-3.473389844815923,47.64881305753105],[-3.473565512872804,47.64893877297746],[-3.473918682704415,47.64876563192754],[-3.474187280395393,47.64888618645858],[-3.474365500827371,47.64881307116194],[-3.474576633801214,47.648900690767334],[-3.474825595234659,47.64885977144913],[-3.474944891622338,47.648961521703704],[-3.475075464608747,47.64893620774486],[-3.475245681567466,47.6490170672462],[-3.4753166058513,47.648940878061595],[-3.475402805576118,47.64899027834734],[-3.475390803278719,47.648891600871],[-3.475545744562186,47.64884687041795],[-3.475707960849653,47.649081705415156],[-3.476140055269921,47.64933767540465],[-3.476225345536877,47.64926971896411],[-3.476317003036229,47.649363971917154],[-3.476724001499861,47.6494136143343],[-3.476789108879728,47.649509341814394],[-3.476845843782809,47.64931653308012],[-3.476980782301746,47.649327099654535],[-3.477006063237922,47.649425039460084],[-3.477170827542968,47.64946104282586],[-3.477053351157625,47.64959400705657],[-3.477070813761543,47.64973753762811],[-3.477185750644968,47.64980340290864],[-3.477443801983096,47.64961747246774],[-3.477329422148294,47.6498857343471],[-3.47755947517299,47.64990907886921]],[[-3.475379710016935,47.64891027953281],[-3.475284599348935,47.648897499242736],[-3.475340065733378,47.64880410596594],[-3.475379710016935,47.64891027953281]]]},"properties":{}},{"type":"Feature","geometry":{"type":"MultiPolygon","coordinates":[[[[-3.510025052051152,47.64291669138026],[-3.509873559317066,47.64287999299727],[-3.509874768145378,47.64278057753513],[-3.50981991486485,47.64274778575435],[-3.509992035941701,47.642755965703174],[-3.510025052051152,47.64291669138026]]],[[[-3.509816032263515,47.642745464698095],[-3.509543156159402,47.64258233591371],[-3.509524286338349,47.64264661100863],[-3.50944274853453,47.642584530648904],[-3.509550945959947,47.642536742779576],[-3.509429404550621,47.642417086740565],[-3.509647262733403,47.64245007974368],[-3.509816032263515,47.642745464698095]]],[[[-3.509324335438611,47.6426368302886],[-3.509379261876991,47.64277212017074],[-3.509225576641969,47.64271748016369],[-3.509078357975062,47.64282504816463],[-3.509171499496816,47.64260308849713],[-3.508895064077514,47.642528207089306],[-3.508596354208295,47.642599074640074],[-3.508605356006004,47.642454066103625],[-3.508891888259391,47.64239291003276],[-3.509043492661523,47.64232122382544],[-3.509051839222226,47.64226350645696],[-3.509103166106352,47.6423720816706],[-3.508992478533222,47.64245051498921],[-3.509171612962869,47.64249470263439],[-3.509165032987199,47.642440880271856],[-3.509364134202822,47.642429762973585],[-3.509362924431161,47.642529178448555],[-3.50925015686202,47.64248128535853],[-3.50931531412601,47.64257699505387],[-3.509199143081417,47.64261057660179],[-3.509246640207041,47.64267114590361],[-3.509324335438611,47.6426368302886]]],[[[-3.509052607426574,47.64225819423453],[-3.509057976387693,47.642221067213946],[-3.509203983368865,47.64221291469456],[-3.509050413635048,47.6420498885534],[-3.508936436802702,47.64210141064248],[-3.509013769767749,47.642187409011015],[-3.508786043721777,47.6420736812317],[-3.509072573725678,47.64201252470561],[-3.509027384398068,47.64186151020892],[-3.509500496846087,47.642124104791755],[-3.50932113706564,47.64229668940873],[-3.509052607426574,47.64225819423453]],[[-3.509262673451638,47.642146416184325],[-3.509289333361966,47.64203654798642],[-3.509091443866583,47.64194824966246],[-3.50909023359783,47.642047665159495],[-3.509262673451638,47.642146416184325]]]]},"properties":{}},{"type":"Feature","geometry":{"type":"Polygon","coordinates":[[[-3.463929232311802,47.64849803754769],[-3.463731805507901,47.64819289175766],[-3.463550305240511,47.64823907847914],[-3.463513539861138,47.648376584200754],[-3.463375339159612,47.648339089686345],[-3.463302220478096,47.64839733005633],[-3.463106768653127,47.64821851027007],[-3.462989467246157,47.648243074971205],[-3.463005335295885,47.64804350970731],[-3.462858216334962,47.648042633668396],[-3.462828190857683,47.64812557850733],[-3.462659965523512,47.648171027971244],[-3.462590945528681,47.64782263835085],[-3.462397676004463,47.64766175893523],[-3.462304331100623,47.64788368069262],[-3.462308015127733,47.64769382210927],[-3.462205078761508,47.647726621019665],[-3.461936513982331,47.64760603887523],[-3.461952637047701,47.64784898654285],[-3.461919972151752,47.64757986221395],[-3.46181942304436,47.647522216895915],[-3.461781564895705,47.64765075131164],[-3.461585032135722,47.647462958096895],[-3.461702542372231,47.647330009271364],[-3.461428116145314,47.64738134291635],[-3.461375436039813,47.64716751471202],[-3.46114561294853,47.64703575275604],[-3.461079903170567,47.6472651730554],[-3.460904270042036,47.64713943873115],[-3.461028735769117,47.64684354440879],[-3.460840705978811,47.64683590201352],[-3.460726460516883,47.646995762483606],[-3.460717963530038,47.646815610325675],[-3.460629391658267,47.64685664305217],[-3.460622435930187,47.6470195891863],[-3.46076063127972,47.64705708698232],[-3.460607859989921,47.64711973952462],[-3.460595009029535,47.64690370406109],[-3.460357356557652,47.64681753029759],[-3.460436582704517,47.64702988779431],[-3.460338425995172,47.64688179729481],[-3.460082056358758,47.6467515044109],[-3.460037214952242,47.64649208579937],[-3.459663549067343,47.64638635361436],[-3.459721430955612,47.64620252372394],[-3.459604132422021,47.646227085052566],[-3.459606523388337,47.64613664114392],[-3.459448311475364,47.646154438000835],[-3.459339060842438,47.646025023770356],[-3.459213929208167,47.646095174403435],[-3.459293364519067,47.6461991471716],[-3.459141897387778,47.64616238308184],[-3.459031559174513,47.6460239977195],[-3.458799138687083,47.646091060573845],[-3.458942771821741,47.64617341477528],[-3.458846581692152,47.64615165024181],[-3.458857464495828,47.64624135870975],[-3.458704909289249,47.6461956232076],[-3.458686408996633,47.64604311878122],[-3.458491420233909,47.646198418690574],[-3.458553226283575,47.64626724393961],[-3.458479016957792,47.64631651050538],[-3.458347571021166,47.64622444952203],[-3.458351269012042,47.646034590899454],[-3.458203067498595,47.64602473814649],[-3.458096650160688,47.646139006496725],[-3.457780660926362,47.64595782472443],[-3.457804816923348,47.64604679799576],[-3.457579141451212,47.64605929797441],[-3.457505149933753,47.646000178335235],[-3.457702098984877,47.6459712073737],[-3.457358474129038,47.64578252416939],[-3.457232252458649,47.64584370182683],[-3.457190901405568,47.64605370787268],[-3.456944115462484,47.64611253140854],[-3.456941071154569,47.645977233221586],[-3.456755220849105,47.64598752597987],[-3.456697989150022,47.64584619764331],[-3.456530853664947,47.645900609205626],[-3.456560447006561,47.64603443708308],[-3.456396574387731,47.64611576105366],[-3.456324759807461,47.646074582409305],[-3.456416817922838,47.645952079947286],[-3.456261869014265,47.64599678510284],[-3.456227704100669,47.645935459254744],[-3.456167855945801,47.64599296010602],[-3.456128252057448,47.645886779862984],[-3.456082766682554,47.645952516429304],[-3.455980051365057,47.64587692428974],[-3.455925641924199,47.645979279391845],[-3.455750890944902,47.64597089370986],[-3.455738925668518,47.645872214062756],[-3.455559824188769,47.645827944584795],[-3.455644047320409,47.645751032164526],[-3.455540022891076,47.64577485435807],[-3.455541333012254,47.64567543963139],[-3.455424676122209,47.645925738853705],[-3.455381810694743,47.645792645712305],[-3.455466034027249,47.64571573341894],[-3.455343296199267,47.64569543607359],[-3.455284535032144,47.64576190736113],[-3.455336992944711,47.64553322516792],[-3.455220781521335,47.64556675298729],[-3.455068454725997,47.645412627100946],[-3.454959856671628,47.64550895086036],[-3.454777494316143,47.64543776751529],[-3.454622736000025,47.645924983821345],[-3.454503485156164,47.645823212662236],[-3.454605335025857,47.64578144961565],[-3.45446039750749,47.64579850477918],[-3.454424059738067,47.64571923661765],[-3.454377484886832,47.64577600163593],[-3.45411809799542,47.645510397305635],[-3.454043885627482,47.64555966107406],[-3.453996448602142,47.64549906943753],[-3.453978372714839,47.64568069195238],[-3.453863247548501,47.645723189313436],[-3.453736612814642,47.64545023547248],[-3.453633901787633,47.64537464125078],[-3.453464589937274,47.645411106642534],[-3.453407367571778,47.645269776651915],[-3.45311314526677,47.64526800021839],[-3.453154917307895,47.645392123324804],[-3.452998020301734,47.6453104967361],[-3.45298343051855,47.64541064621206],[-3.452948410148339,47.64523196285471],[-3.452857660423565,47.645255047911675],[-3.452791513928987,47.64515033598191],[-3.452860518478391,47.644947832817394],[-3.452686858577017,47.64494841345693],[-3.452729085606768,47.64485576544825],[-3.452331470807232,47.6451035488508],[-3.452300743664059,47.64551164797569],[-3.451982144342565,47.64552927987501],[-3.451868334872324,47.64547236057666],[-3.451928187076298,47.645414861912045],[-3.45183200117554,47.64539309159563],[-3.451820273237939,47.64518602589095],[-3.451657713344831,47.64516792854021],[-3.451702116446109,47.64509322275119],[-3.451595060843205,47.644981743047424],[-3.451518672833743,47.64501306338589],[-3.451429471381106,47.64482834697026],[-3.450759905441941,47.64448609163261],[-3.450143833406758,47.644475022629805],[-3.450067678789357,47.64439795636007],[-3.450049016641434,47.64445521038938],[-3.45010462907585,47.64470296818645],[-3.449957285795075,47.64481046155417],[-3.44988920593852,47.64457942042683],[-3.449866769421158,47.644725158644285],[-3.449752729763508,47.64477662291357],[-3.449673080839559,47.64478102923466],[-3.449651346744958,47.644601610447566],[-3.449359301553309,47.64461776644081],[-3.449395396164168,47.644805421872164],[-3.449312252168627,47.64489130076775],[-3.449290284143971,47.64482026757226],[-3.449134245932588,47.644855992360206],[-3.449112893855734,47.64501070135467],[-3.449047841618325,47.64491495823588],[-3.448852592939029,47.64517862777837],[-3.448685073984237,47.644898900300014],[-3.448352115764154,47.644908285628894],[-3.447350828720289,47.64502687963591],[-3.446963443692898,47.64513861213525],[-3.446864001586889,47.645089924838565],[-3.44687051904799,47.645143750618686],[-3.446358226494102,47.64521723279787],[-3.445508141724048,47.64548097727698],[-3.445401941286887,47.6454868484997],[-3.445365617186321,47.64540757750881],[-3.445897946447168,47.64527880595522],[-3.445430906358296,47.645394937051016],[-3.445515986658348,47.645435388495855],[-3.446861829102778,47.645071982911425],[-3.448992804670581,47.64479156793632],[-3.449114922298416,47.644586129713694],[-3.44903310041231,47.64457259370905],[-3.449031162843922,47.644446266154524],[-3.449122999457151,47.644432155005354],[-3.449181296198602,47.64458245809991],[-3.449320798877146,47.644520554757825],[-3.449290372992412,47.644269368324274],[-3.44937871437135,47.64433672981372],[-3.449509288162559,47.6443114443628],[-3.44947574931359,47.644475858772445],[-3.449540418870697,47.64423747372514],[-3.449726264471941,47.64422719243287],[-3.449824620858091,47.64426690637566],[-3.449744738527522,47.64437969842112],[-3.449806531189004,47.644448528361416],[-3.449835488110259,47.64435661577133],[-3.449979336439351,47.644330595393676],[-3.449973049651405,47.64416838408377],[-3.450073813145687,47.64411765401202],[-3.45013886625193,47.64421339659937],[-3.450164562140436,47.64409457110351],[-3.450323857844789,47.64408575773382],[-3.450608059456258,47.64411518848109],[-3.450556902044196,47.64424445397503],[-3.450692054773311,47.64414666525083],[-3.450878754864893,47.644253738740524],[-3.450771238490563,47.6443590295946],[-3.4508473940685,47.64443609540732],[-3.451130742246608,47.64434816827644],[-3.451197971445961,47.64446185211624],[-3.451533956883289,47.644587757110784],[-3.451440802908086,47.64470128488993],[-3.451621214588154,47.64464614597144],[-3.451645359721271,47.644735120576634],[-3.451715224957737,47.644649974629054],[-3.45186536573583,47.644786163111156],[-3.451842934528726,47.644931901692345],[-3.451948275759064,47.64480866804855],[-3.452110834656271,47.64482676499843],[-3.452296910806426,47.64470809396638],[-3.452505588355906,47.64488619745568],[-3.452455349485155,47.64458192111705],[-3.452526071885741,47.64461413125845],[-3.452587238013198,47.644457217474674],[-3.452839229379057,47.64455164331603],[-3.452922367169101,47.64446576189565],[-3.452911039219945,47.64459282413521],[-3.453011800722543,47.64454209154105],[-3.453238331071843,47.64464695694655],[-3.453237016685348,47.64474637170062],[-3.453459198959168,47.64481535304496],[-3.453388248953554,47.64489152912424],[-3.453578445559024,47.64491712532322],[-3.453761213880327,47.645322438363806],[-3.453813451976346,47.64520214243797],[-3.454161223815884,47.644984206273],[-3.454200823120296,47.64509038723263],[-3.454286134535234,47.64502244665722],[-3.454357721319175,47.6451720122156],[-3.454412132944406,47.64506965780057],[-3.454567719485813,47.64525069724358],[-3.454900902452726,47.64513290856902],[-3.4549609745901,47.64496702269578],[-3.455332668712916,47.64494644258023],[-3.455634503316672,47.645011009602534],[-3.455716105501414,47.64513292662469],[-3.455602070614005,47.64518439659177],[-3.455885837579455,47.6454305857437],[-3.455985510053854,47.645370879729086],[-3.456019674327626,47.645432205666005],[-3.456138060571685,47.64541661880124],[-3.456087579194874,47.64522072974786],[-3.456284526138764,47.645191761163915],[-3.456669276026531,47.64527882730109],[-3.456655781036797,47.645387948108045],[-3.456768727430235,47.64532750624782],[-3.457081445590018,47.64548177821651],[-3.457317129601504,47.645441631351616],[-3.457329535245599,47.645323539606316],[-3.457531922094899,47.645339423246675],[-3.457504935557737,47.64555766504517],[-3.457621363706124,47.64541574932906],[-3.457757158726785,47.6455436946087],[-3.457904270713953,47.64554457707104],[-3.457968251488782,47.645631344369534],[-3.457863140227349,47.64564619777514],[-3.458072057289313,47.64571590562734],[-3.457914934225446,47.64574267126817],[-3.458110359582678,47.645921499968864],[-3.458412419637837,47.645877674182785],[-3.458329721970203,47.645746788237275],[-3.458535375377364,47.64578958269689],[-3.458532982611049,47.64588002659997],[-3.458698811750225,47.645925026927564],[-3.458739940860286,47.645823405944064],[-3.459113816123168,47.6458207555089],[-3.459284428560099,47.64568486717121],[-3.459641334553367,47.645872809207575],[-3.459717058456142,47.645615741503946],[-3.460000824974991,47.64531102165451],[-3.460398856613379,47.64539733994933],[-3.460377536979521,47.645552050957086],[-3.460032625672656,47.646013689281396],[-3.459929691148974,47.64604648621608],[-3.459715328260923,47.645931927497955],[-3.459667670439757,47.6459797237787],[-3.459908583432466,47.646092811495066],[-3.459964735431288,47.64622516740456],[-3.459890527467255,47.64627443486784],[-3.460004133861451,47.646439731906],[-3.460090528536588,47.64638075797584],[-3.460139061767319,47.64645031794398],[-3.460096633185309,47.64665135411895],[-3.460190434728978,47.64676356151309],[-3.460297724612943,47.646766647684004],[-3.460283573688256,47.646650026880984],[-3.460376499663292,47.64664487773461],[-3.460428299174849,47.646741350063316],[-3.460565617291736,47.646661491706304],[-3.46064723326705,47.64678340517964],[-3.460664198235557,47.6465928109101],[-3.460905327622645,47.646597510971574],[-3.461228074263922,47.64672412360686],[-3.461470503392003,47.64662940776091],[-3.461504674775333,47.64669073205375],[-3.461282052795286,47.64683853719647],[-3.461464218234731,47.64701809588527],[-3.461538883842163,47.6473029548729],[-3.461636375948704,47.64722530246254],[-3.461783492636052,47.64722618004013],[-3.461916035786629,47.64732720792316],[-3.461974790416239,47.64726073335519],[-3.462303659562913,47.64765793887846],[-3.462378075749347,47.64750028440241],[-3.462440977231867,47.64757807835578],[-3.462607023005328,47.64751468758191],[-3.46268714019776,47.64784439978297],[-3.462611843548413,47.64788469812973],[-3.462756368609136,47.64808440385911],[-3.462836021382571,47.648079988627316],[-3.462845148462635,47.6479349840546],[-3.463003364521944,47.64791718261492],[-3.463177502302911,47.64825071390319],[-3.463345520883849,47.64831364917381],[-3.463517013404481,47.64829511110713],[-3.463510684994526,47.648132900863054],[-3.463730922147278,47.648075535479954],[-3.463875451913307,47.64827523980534],[-3.464030401058744,47.648230524606944],[-3.463929232311802,47.64849803754769]],[[-3.450048193310456,47.64445773630233],[-3.449989736611804,47.64463707609841],[-3.45007481915924,47.64467752423969],[-3.450048193310456,47.64445773630233]],[[-3.450717052805644,47.64435299668042],[-3.45080019370161,47.64426711676116],[-3.450688561918975,47.64422813813825],[-3.450717052805644,47.64435299668042]],[[-3.452296395006905,47.64547576433136],[-3.452319283101492,47.64511325444696],[-3.452101449548882,47.64508015460559],[-3.452280774675473,47.64501604376447],[-3.452232482116565,47.64483809483364],[-3.452032043428258,47.64494852949011],[-3.452089261806649,47.645089860177876],[-3.45198632418342,47.64512265013065],[-3.451950618253583,47.64526912335117],[-3.451957140867461,47.645322948842434],[-3.45218607596677,47.645337372455934],[-3.452296395006905,47.64547576433136]],[[-3.453137520455722,47.645248588860724],[-3.453142324213471,47.645067701212184],[-3.453031548822611,47.645146081387054],[-3.453137520455722,47.645248588860724]],[[-3.454069798862019,47.64533244918002],[-3.454123349021309,47.645112738376945],[-3.454027162769596,47.64509096986414],[-3.453981449912916,47.64526509127234],[-3.454069798862019,47.64533244918002]],[[-3.454983367221418,47.6453721826114],[-3.454926140875116,47.645230853361745],[-3.45487173007146,47.64533320800754],[-3.454983367221418,47.6453721826114]],[[-3.456769375523224,47.6455532483674],[-3.456770683348604,47.64545383361545],[-3.456654472998963,47.64548736286211],[-3.456769375523224,47.6455532483674]],[[-3.461042677137305,47.647068550653714],[-3.461094900526889,47.64694825158254],[-3.460969769035983,47.64701840406216],[-3.461042677137305,47.647068550653714]]]},"properties":{}},{"type":"Feature","geometry":{"type":"Polygon","coordinates":[[[-3.446235493277951,47.64519692588046],[-3.446842036739509,47.645018891190155],[-3.44868422376988,47.64478154370925],[-3.448671044176452,47.64423137872008],[-3.448422794869873,47.64394708536064],[-3.44815753956257,47.64385338417635],[-3.447526028097801,47.6438250936621],[-3.448056774745596,47.6439041126025],[-3.448256743350423,47.64401045609551],[-3.448468190636528,47.64443225106636],[-3.448443103668104,47.64477681842402],[-3.448147797795176,47.644766058536874],[-3.44824506753097,47.64479680284519],[-3.446838778029305,47.644991978297774],[-3.446235493277951,47.64519692588046]]]},"properties":{}},{"type":"Feature","geometry":{"type":"Polygon","coordinates":[[[-3.445410773062251,47.644014304414156],[-3.445135992889604,47.64373147183357],[-3.445362147574096,47.64350222446102],[-3.445655516352574,47.64338666371548],[-3.446042649712115,47.64338332117339],[-3.446551790170135,47.64372544121325],[-3.446838160203738,47.64377282308081],[-3.446291366085329,47.643450848252265],[-3.446252869840011,47.64335363549936],[-3.445746508305425,47.643255198506445],[-3.44529626116545,47.64328912247253],[-3.444829834742866,47.64363099369272],[-3.445410773062251,47.644014304414156]]]},"properties":{}},{"type":"Feature","geometry":{"type":"Polygon","coordinates":[[[-3.448115780350067,47.64372925918424],[-3.448214371899362,47.64366058878743],[-3.448166094127358,47.64348263805068],[-3.447666113117684,47.642995521244494],[-3.447423914882304,47.6429818228858],[-3.446372340448763,47.643347029489604],[-3.446398648503388,47.64345394719042],[-3.446848176174703,47.643745176109846],[-3.446932408574775,47.643668269885964],[-3.446743305801713,47.64365163382365],[-3.446990331371483,47.64348444604427],[-3.446985746676955,47.64355694787951],[-3.447279959343076,47.64355873974357],[-3.447143476136058,47.64375593928729],[-3.447403536565715,47.64369640225472],[-3.448115780350067,47.64372925918424]],[[-3.447380724246345,47.64350801197821],[-3.447196445656062,47.64331048907108],[-3.447265229853964,47.64321637475218],[-3.447366841414309,47.643283003689504],[-3.447254974972532,47.64335240749356],[-3.447395562965189,47.64329947737868],[-3.447456265038784,47.643359337633925],[-3.447448422067293,47.643404926594556],[-3.447362257248633,47.64335550554711],[-3.447380724246345,47.64350801197821]]]},"properties":{}},{"type":"Feature","geometry":{"type":"Polygon","coordinates":[[[-3.423925640057443,47.64503756483708],[-3.424200662398482,47.64476954803798],[-3.424222372618781,47.64450645798005],[-3.424433406176014,47.644594168363376],[-3.424519837166029,47.64453522068248],[-3.42452957945298,47.644615961241534],[-3.424705688615718,47.64452497918861],[-3.424978768422334,47.644573146154734],[-3.424999107740607,47.64440947037285],[-3.424820321484462,47.644256768127626],[-3.424884816249776,47.64412678234393],[-3.424804083732033,47.64412220054208],[-3.424747223604463,47.64387247078915],[-3.424845275996321,47.64402059140315],[-3.425055226099889,47.64409932951311],[-3.425230534041399,47.64389098983285],[-3.425178002433292,47.64367714494329],[-3.425075849280334,47.64382726803306],[-3.425072885903141,47.64369196886587],[-3.424937971941496,47.64368134232212],[-3.424858607324468,47.64357734607217],[-3.424650539377162,47.64362493560261],[-3.424452784154788,47.64353649405047],[-3.42439182202234,47.643585007515085],[-3.424414327632985,47.643439274110435],[-3.424145869856028,47.643318604854684],[-3.423940762763123,47.6435014923412],[-3.423832399219941,47.643489401598174],[-3.423669279733856,47.64368803661118],[-3.423727790980399,47.643729966808934],[-3.423616975169606,47.643808319146586],[-3.423698502358326,47.64393025859527],[-3.423777069815467,47.64391689879512],[-3.423661350109963,47.64417613769698],[-3.423578453004509,47.64415361268207],[-3.423510708124793,47.644256684190715],[-3.423567850218249,47.644398028886805],[-3.423713876131415,47.64438998321283],[-3.423670516765597,47.644473649570244],[-3.423756948403149,47.644414702449964],[-3.423641514714924,47.64456555566537],[-3.42377397902868,47.64466662694088],[-3.423717852626107,47.64497676709363],[-3.423766337160671,47.64504634221267],[-3.423780981678175,47.64494619637269],[-3.423925640057443,47.64503756483708]],[[-3.424302023230346,47.64450206900731],[-3.424231318019273,47.644469841783014],[-3.424312336844742,47.644366038367544],[-3.424302023230346,47.64450206900731]],[[-3.423928219584989,47.644062094401164],[-3.423832334355401,47.643931915386204],[-3.423950726662944,47.643916361121995],[-3.423928219584989,47.644062094401164]]]},"properties":{}},{"type":"Feature","geometry":{"type":"Polygon","coordinates":[[[-3.503944851688904,47.639200889133974],[-3.50389664047652,47.63880618893243],[-3.504069060246054,47.63890494778837],[-3.503974932249111,47.63900954730251],[-3.504182911360831,47.63896181642463],[-3.504246959474767,47.639048558664705],[-3.504230523039271,47.638914001821],[-3.504481360764374,47.63910773213899],[-3.504638440911723,47.63908090379316],[-3.504562338135408,47.63889548678259],[-3.504728306838225,47.63883203587693],[-3.504512903914769,47.63860020240073],[-3.50461811100202,47.6384769208946],[-3.504437774973132,47.6385321418062],[-3.504601182850365,47.6387759083939],[-3.504501577101581,47.638835656072125],[-3.504408792127113,47.63873245426005],[-3.504350099750742,47.63879895044987],[-3.504503645771055,47.63896198304391],[-3.504442761665184,47.63901053836518],[-3.504140053614011,47.63872035464366],[-3.503948759173875,47.638685870209564],[-3.503915515717447,47.63874191461836],[-3.50371983866703,47.638671547967185],[-3.503643490297103,47.63870290247823],[-3.503793746826855,47.63883902462603],[-3.503733957890976,47.638896550041835],[-3.503537184871705,47.63881721262868],[-3.503475204420035,47.638856796985955],[-3.503356971841721,47.63876404579524],[-3.503357942186573,47.63888140232703],[-3.50308835922051,47.63864355768636],[-3.503009693448589,47.638765356919166],[-3.502871616157225,47.63861952285929],[-3.502444957568466,47.6384085026818],[-3.502354240874797,47.638431626258125],[-3.502382722291649,47.63866485862892],[-3.50238954942491,47.63850190932389],[-3.502753258661075,47.63863515712582],[-3.503191971700978,47.638944851284336],[-3.502805000606976,47.63883999712467],[-3.503022714145176,47.63898138860106],[-3.503232759663743,47.639059986405435],[-3.503388744677666,47.63902418927368],[-3.503481528186777,47.639127391880194],[-3.503485065118179,47.63893753115974],[-3.503604518725076,47.63893086661676],[-3.503635321904442,47.63907365349471],[-3.503763541271266,47.63913875248003],[-3.503824426141382,47.63909019751594],[-3.503944851688904,47.639200889133974]]]},"properties":{}},{"type":"Feature","geometry":{"type":"Polygon","coordinates":[[[-3.499947000818463,47.638963270747816],[-3.500311232913999,47.6386629818818],[-3.500435066768009,47.63869220255635],[-3.500452851018829,47.63861895830439],[-3.500634286612061,47.63857271403828],[-3.500641119072029,47.63840976482766],[-3.500773713869568,47.63851074908546],[-3.500877703931458,47.638486886536136],[-3.500682162520103,47.63830812869831],[-3.500467480997028,47.638410416482365],[-3.500418640053195,47.63855764515168],[-3.500015119538963,47.63842661039526],[-3.499993218791694,47.63824720041629],[-3.500255251948775,47.63831387268676],[-3.500276453085746,47.63815915384076],[-3.500450221514447,47.63805011636615],[-3.500233745265863,47.637809304409544],[-3.500322271661378,47.63776824147516],[-3.500271503819798,47.637680756893445],[-3.500520393198926,47.63763978259484],[-3.500415440773475,47.63754628820638],[-3.500498491075979,47.63746037263741],[-3.500138212393574,47.63724564309349],[-3.500230723299579,47.63756562065625],[-3.500135626902868,47.63755286051833],[-3.500059146065966,47.63769259883475],[-3.500242637388419,47.6377726822828],[-3.499841313232833,47.63765958787252],[-3.500261253561392,47.637925180764014],[-3.500271109225449,47.638005915248],[-3.500108686665643,47.637879499126676],[-3.500191211204536,47.63822712822546],[-3.499932463618438,47.63818736730955],[-3.499986516485536,47.63830176351369],[-3.499880204026376,47.638416070360314],[-3.499952041897344,47.638457222393185],[-3.499801266292499,47.638754639592314],[-3.499820976565061,47.638916108564196],[-3.499947000818463,47.638963270747816]],[[-3.500207242255696,47.63868684392476],[-3.500113238929308,47.63868305427149],[-3.500115560905512,47.63859260919114],[-3.500207242255696,47.63868684392476]]]},"properties":{}},{"type":"Feature","geometry":{"type":"Polygon","coordinates":[[[-3.5007683175667,47.63748145113391],[-3.500742998682177,47.637383515865196],[-3.500399277001836,47.63719495842165],[-3.500307860786186,47.636883951433795],[-3.500132169424827,47.636758275408724],[-3.500302516963394,47.63673071274117],[-3.500228491063591,47.636671619877895],[-3.50044851026087,47.6367225711398],[-3.500279652410215,47.636433945959375],[-3.499809920656528,47.6361982247979],[-3.499615353272258,47.6361368216906],[-3.499555562859951,47.63619434504861],[-3.499392052620243,47.63605895729859],[-3.499121139023057,47.636028905090065],[-3.498648131679314,47.63576626765048],[-3.498414846249516,47.635716052896704],[-3.498382693544079,47.63578106634303],[-3.498047747740662,47.635664266038134],[-3.497567086938075,47.635338830454245],[-3.497857426384138,47.63574712834208],[-3.497769174660139,47.635571416978124],[-3.498756227235382,47.63599506150241],[-3.498625832016365,47.63591201586966],[-3.498703274109814,47.63588963511487],[-3.498969539168581,47.636100578656155],[-3.499045886561554,47.63606922715727],[-3.499781054231975,47.63629015014385],[-3.499840579704153,47.63644939907744],[-3.500152143503592,47.636702972139844],[-3.500067998805814,47.63677991699076],[-3.500255867201118,47.63689588247638],[-3.500268744759687,47.637220300830656],[-3.500519691168741,47.63730565367882],[-3.500612466142066,47.637408858655775],[-3.500460995515875,47.63737214796401],[-3.500508478062121,47.63743272098236],[-3.5007683175667,47.63748145113391]]]},"properties":{}},{"type":"Feature","geometry":{"type":"Polygon","coordinates":[[[-3.497638371394213,47.63581352894029],[-3.497498865135928,47.635730910629675],[-3.497279485062845,47.635390988437734],[-3.497334486452184,47.635622742814625],[-3.497422326866425,47.63568558300179],[-3.497206283374477,47.63555763665528],[-3.497263886568358,47.635482173404995],[-3.497049347930474,47.63547606881316],[-3.496546668004582,47.63507960443257],[-3.496532440973365,47.63496298732389],[-3.496224047768979,47.63484470231841],[-3.496128002802525,47.63471458206363],[-3.496045089843808,47.63469210836066],[-3.495796070163276,47.63484145947224],[-3.495724381121323,47.6346919185201],[-3.495790880121358,47.6345798341183],[-3.495467172040192,47.63433595929621],[-3.494689903531033,47.6342076726316],[-3.494766393431563,47.63406793757826],[-3.494606327000131,47.633851068353806],[-3.494352124310053,47.63373879093182],[-3.493955651704743,47.633336399297214],[-3.493315926959136,47.63291143235013],[-3.493234111773355,47.63289792721804],[-3.493290332526343,47.63303026800721],[-3.493181026710938,47.63290088454896],[-3.49269684559582,47.63276528949471],[-3.492462632603591,47.63259770578329],[-3.492212814823692,47.63252130602009],[-3.492234834906886,47.63259233158834],[-3.492127571677508,47.63258927471939],[-3.491870099561132,47.63245008002325],[-3.491884018634983,47.63278347064723],[-3.4917602031721,47.63275424081989],[-3.491759258439257,47.63263688382074],[-3.491651995147585,47.63263382651517],[-3.491788136703647,47.63254496028362],[-3.491709900846698,47.63234159306867],[-3.491866967498888,47.63231478180036],[-3.492059176682014,47.6324666431442],[-3.492109128697804,47.63232838810699],[-3.492300244996508,47.632471278452975],[-3.493470806826554,47.63286667775934],[-3.493996703982097,47.63323476524991],[-3.494099304747158,47.63341871082005],[-3.494576645020221,47.633717249281275],[-3.494608801118475,47.6336522368131],[-3.494812106244147,47.63378541288895],[-3.494941538583757,47.63375110596399],[-3.494965751001364,47.63384007210687],[-3.495138280147164,47.63383045806205],[-3.49499776446908,47.63388344587302],[-3.495052896516701,47.63400681518049],[-3.494911286195916,47.63405083231737],[-3.494987490788475,47.634127869760974],[-3.495165633439164,47.63405472218268],[-3.49533692753541,47.63414452360414],[-3.495453088872972,47.634110955692194],[-3.49579649199742,47.634516300600374],[-3.495797726857417,47.63441688485419],[-3.496012261094564,47.63442299174787],[-3.495883641212259,47.63468304299594],[-3.495953282412249,47.63470625645832],[-3.495994331939254,47.63460462178106],[-3.496290685517548,47.634624231349804],[-3.496740133580953,47.63513204213976],[-3.496721528443111,47.634979542876984],[-3.496897205917843,47.635105224146805],[-3.496938933532699,47.635337718494426],[-3.497064946789716,47.635384883874245],[-3.496939071825046,47.63522933223636],[-3.49717016474227,47.635261608870216],[-3.497593219669166,47.63566250953718],[-3.497729222369723,47.635682022760804],[-3.497776700311881,47.63574259694241],[-3.497681607750195,47.63572983479493],[-3.497638371394213,47.63581352894029]]]},"properties":{}},{"type":"Feature","geometry":{"type":"Polygon","coordinates":[[[-3.483267716149826,47.63389525910783],[-3.483643259971807,47.633467955525944],[-3.483581436392871,47.633399143094394],[-3.484145615526745,47.632545898115175],[-3.484222894699128,47.63263191331386],[-3.484215248832396,47.632569118600344],[-3.484387775804778,47.6325595204264],[-3.484495202085323,47.63245419800457],[-3.484544846775698,47.632532719006164],[-3.485053525315524,47.63254054332945],[-3.485020428335301,47.63248819614205],[-3.485157510771691,47.63251669469921],[-3.485155488140774,47.632390366967115],[-3.485333476613653,47.63242562072303],[-3.485377821975629,47.63235090164974],[-3.485588746572051,47.63254688850605],[-3.485608734143507,47.6324915876041],[-3.485721459387946,47.63253950375746],[-3.485816865146507,47.632335502855106],[-3.486052469478425,47.6322952977585],[-3.486193762237232,47.632468064137086],[-3.486261371084975,47.63236495568769],[-3.486732101949773,47.6326097024389],[-3.486496815722679,47.63243313610276],[-3.486566609252126,47.63234796878138],[-3.486688235573896,47.63235926281682],[-3.486701665868776,47.63225013781174],[-3.486802213074302,47.63230776217291],[-3.486761465715011,47.632192620915646],[-3.486625475916751,47.632173094888785],[-3.486473096672548,47.63201900888461],[-3.486543504161791,47.63226797148273],[-3.486240771663208,47.63208612680606],[-3.486222970086584,47.632159369141135],[-3.486043889350454,47.6321151460771],[-3.486038266118058,47.63217867920494],[-3.485842475885292,47.632216668793305],[-3.485671203951473,47.632126853361356],[-3.485555971863875,47.63227776865872],[-3.485286339639527,47.632148268555795],[-3.485101635370573,47.632167577138745],[-3.485058219764197,47.632359653191145],[-3.484914583515804,47.63227733050599],[-3.484706613226128,47.632325027246985],[-3.484651506830396,47.63220165295053],[-3.484846042651545,47.63226308110328],[-3.485024517932778,47.63197317607553],[-3.484713819731577,47.6319453055975],[-3.484788751291498,47.63212176552825],[-3.484638398882518,47.63209400489283],[-3.484638235619661,47.632202391310756],[-3.484554239087739,47.63217093875194],[-3.484032891683521,47.63249798044134],[-3.483802415989588,47.632799807620486],[-3.48366314919616,47.63275336612176],[-3.483508261434956,47.632798107711686],[-3.483630218759281,47.63259263215763],[-3.483621481430666,47.632520866724775],[-3.483490952656256,47.632546190448636],[-3.483367736930367,47.63285108156141],[-3.483452494630763,47.63310827837861],[-3.48315204647892,47.633603655931054],[-3.483223864973129,47.63364481835153],[-3.483062255221397,47.633744121592414],[-3.483267716149826,47.63389525910783]]]},"properties":{}},{"type":"Feature","geometry":{"type":"Polygon","coordinates":[[[-3.491648416541518,47.63282368749502],[-3.491687285769197,47.63270411302569],[-3.491551591317517,47.6324678199319],[-3.491461973484059,47.63249990572673],[-3.491363757420971,47.632351840184086],[-3.491256494724789,47.63234878251493],[-3.491394823143745,47.632277857946754],[-3.491276775915196,47.6320767077882],[-3.491008224221549,47.63195619148952],[-3.491152662356191,47.632264250159054],[-3.490866314775102,47.63221697662709],[-3.490856173132938,47.63235301395017],[-3.490783257127213,47.632302885581296],[-3.490776546152448,47.632357448317876],[-3.490352323680496,47.63205593809694],[-3.490338900898294,47.63216506353257],[-3.490288154750048,47.632077574359606],[-3.490038190220127,47.632109556356134],[-3.489937639894445,47.632051934774395],[-3.489931080601678,47.63199811103902],[-3.490081435492948,47.632025864863635],[-3.490028503440049,47.6319204343283],[-3.489784158246906,47.63188888245661],[-3.489819293174846,47.6320675559909],[-3.489729674972111,47.63209964046342],[-3.489704378895146,47.63200170253066],[-3.489599303314906,47.632016584588875],[-3.489389612821394,47.63172118910389],[-3.489227081217046,47.63170314389674],[-3.489205065503076,47.63163211772895],[-3.489134184045059,47.63170831602664],[-3.489255655567141,47.63182799383771],[-3.489194765728891,47.63187654139125],[-3.489011311254053,47.63179644034795],[-3.489064241174742,47.63190187135093],[-3.488928560374934,47.63166557511242],[-3.488848934259869,47.63167000816775],[-3.488828640848263,47.63194208253],[-3.489015374732402,47.632049095747576],[-3.4886882789164,47.631886676368026],[-3.488587575225627,47.631937440055864],[-3.488524654069915,47.631859659550145],[-3.48838850882843,47.631948522009765],[-3.488473289289047,47.632205715303584],[-3.488618334195354,47.63208023140747],[-3.488783990968804,47.63223357577872],[-3.488929035220361,47.63210809149864],[-3.489362302425733,47.6322645990647],[-3.489092815250323,47.632026721318894],[-3.489282829284782,47.632160645993814],[-3.489472058024598,47.632068826879014],[-3.489499539997654,47.63218470611057],[-3.489791504972166,47.632168449687214],[-3.489832258849469,47.63228358988893],[-3.490052402301538,47.63222617442737],[-3.490202605934417,47.63236231450907],[-3.490339842499784,47.632282420571805],[-3.490504562878157,47.63231840545714],[-3.490495816351488,47.632246640528535],[-3.490938929804015,47.63248387777368],[-3.490907071008045,47.63233211645093],[-3.49100886663869,47.63229032138521],[-3.491204503534605,47.632360709557155],[-3.491166726907339,47.632489254495965],[-3.491267279383754,47.63254687500677],[-3.491566900302269,47.63259340840208],[-3.491532404878053,47.63274886525563],[-3.491648416541518,47.63282368749502]]]},"properties":{}},{"type":"Feature","geometry":{"type":"Polygon","coordinates":[[[-3.483752010081217,47.63249554285472],[-3.483633991174883,47.63229438499644],[-3.483383095335129,47.63220899565852],[-3.483641966891939,47.632140406935136],[-3.483895047232521,47.632243737076266],[-3.48422513569112,47.63188217911],[-3.484152390805197,47.631723660152105],[-3.484495745308249,47.63136136301869],[-3.484768974639508,47.631301004100074],[-3.485058589051955,47.631375204614145],[-3.48541362857692,47.631328355057],[-3.485497785804458,47.631251420545276],[-3.485440493804759,47.63111010521603],[-3.485582104132785,47.631066099493076],[-3.485508263880383,47.630898610644245],[-3.485415367748381,47.63090377981892],[-3.485432846723558,47.63104731053285],[-3.485297952745167,47.63103675361832],[-3.485280150224789,47.631109995849435],[-3.4851796069188,47.63105237014255],[-3.485190530901447,47.63114207685547],[-3.485118714258106,47.631100915590864],[-3.485042203352811,47.6312406445405],[-3.484815667434912,47.63113584007407],[-3.484671871662566,47.63116190351486],[-3.484591317000869,47.631048976516894],[-3.484514641278325,47.63129709159328],[-3.484252662235451,47.63123038377826],[-3.484169595478293,47.63131628807359],[-3.484118860249409,47.63122879618256],[-3.484004717917172,47.6313886806996],[-3.484060914196367,47.63152102603284],[-3.483919136685768,47.631673416347915],[-3.483751146233308,47.631610510118094],[-3.483795163186875,47.63175256450394],[-3.483597023253362,47.63188099540966],[-3.482558429386947,47.632020047992874],[-3.482708446142797,47.63226458413593],[-3.482955139649523,47.63220570576548],[-3.483752010081217,47.63249554285472]],[[-3.483841034989947,47.6321293330709],[-3.483885382195011,47.632054614552715],[-3.483931748990141,47.6321062237949],[-3.483841034989947,47.6321293330709]],[[-3.483438530206123,47.63211559772885],[-3.483412153546217,47.632008687751274],[-3.483708653235109,47.63191994283808],[-3.483722851436653,47.632036561690434],[-3.483438530206123,47.63211559772885]],[[-3.485024400413488,47.63131388672491],[-3.484936035611435,47.63124655173805],[-3.485056566698419,47.63124887680584],[-3.485024400413488,47.63131388672491]]]},"properties":{}},{"type":"Feature","geometry":{"type":"Polygon","coordinates":[[[-3.486118082712406,47.631298185862676],[-3.48582065883213,47.631269579790114],[-3.485598652449303,47.63109227302776],[-3.485727019363159,47.63107632143572],[-3.48568843257086,47.63095180522446],[-3.485800062135328,47.63099075067302],[-3.486075633523968,47.630839943529374],[-3.486055035661008,47.63056111439539],[-3.486153393884324,47.63060079803443],[-3.486194458913805,47.63049916658582],[-3.486221932963033,47.6306150466823],[-3.486301557722456,47.630610615415215],[-3.486372441766495,47.630534418793175],[-3.486235843814027,47.630180762069074],[-3.486113290278456,47.63005211034874],[-3.486064577750984,47.63009094711944],[-3.485863815036891,47.62975892381261],[-3.486035240116044,47.62974035252039],[-3.486034308023648,47.62962299529261],[-3.486181216467807,47.62973222871892],[-3.486048510695313,47.62973961400052],[-3.486127973932605,47.62984356940165],[-3.485999637914557,47.62988683729987],[-3.486368550657386,47.63017337657632],[-3.486281118689235,47.630223399763175],[-3.486472371381887,47.63025791327567],[-3.486540750711419,47.63038054826142],[-3.48646221891339,47.6303939503547],[-3.486574940494014,47.63044186573639],[-3.486739175678842,47.63080301548032],[-3.486638472178917,47.63085377751629],[-3.48665923235864,47.631024220024656],[-3.486389444086833,47.63100310887189],[-3.48615557898675,47.6306187393634],[-3.486126371590694,47.630927434588095],[-3.486004748650482,47.63091613995931],[-3.486257667789103,47.63112785152717],[-3.486118082712406,47.631298185862676]],[[-3.486434879393613,47.630937360003195],[-3.486513571449201,47.63081557143998],[-3.48633137704878,47.63063605030249],[-3.486264863098598,47.6307481295473],[-3.486437224210738,47.63084691483356],[-3.486434879393613,47.630937360003195]]]},"properties":{}},{"type":"Feature","geometry":{"type":"Polygon","coordinates":[[[-3.486448493907912,47.629952172133784],[-3.486451931244578,47.62987069758303],[-3.486299399191693,47.62982499772258],[-3.486455368570752,47.629789223028745],[-3.486461150609,47.62961730324345],[-3.486625860147855,47.629653293647486],[-3.486536403480218,47.629576989148646],[-3.486608378421175,47.629509763008805],[-3.486418380533707,47.629375833800445],[-3.486600889464776,47.629338581775414],[-3.486514711112786,47.629289189247],[-3.486560144806369,47.62922344027145],[-3.486759042472591,47.629320747999756],[-3.486755148837034,47.62895970556972],[-3.486598726579917,47.6285529635728],[-3.486453846076278,47.62857005857211],[-3.486519264347123,47.628449008422734],[-3.486056218548373,47.628267055023336],[-3.486179540114362,47.62862145084325],[-3.486307713082078,47.62868656933606],[-3.486514575193619,47.62862989898479],[-3.486658044943431,47.62882060646753],[-3.486675526577956,47.62896413714977],[-3.486493952069342,47.62911874656036],[-3.486185935099594,47.62878366149436],[-3.486086327386692,47.62884339377958],[-3.485994687874357,47.628749147486644],[-3.486320344048202,47.62911937719214],[-3.486341102537536,47.62928981990959],[-3.486232753745155,47.629277786953864],[-3.486366071666103,47.6296045318451],[-3.48618934455953,47.629469863713204],[-3.486301744189518,47.629734552503734],[-3.486192141863604,47.629821935399306],[-3.486448493907912,47.629952172133784]],[[-3.486449451378764,47.62930185276474],[-3.486355465558522,47.62929805202351],[-3.48634453999547,47.62920834533417],[-3.486449451378764,47.62930185276474]],[[-3.486305528007612,47.628668627992056],[-3.486214980928006,47.6285833525359],[-3.48625604428817,47.62848172095989],[-3.486375316920075,47.62858346061948],[-3.486305528007612,47.628668627992056]]]},"properties":{}},{"type":"Feature","geometry":{"type":"Polygon","coordinates":[[[-3.484622543565862,47.62867196647596],[-3.48459867739675,47.62836622470594],[-3.484730124624787,47.62845825700548],[-3.484776652083542,47.62840147938349],[-3.484891389795273,47.628575724434604],[-3.484978820366952,47.62852570224544],[-3.484947747935428,47.62859968291957],[-3.485067180718764,47.628593037294486],[-3.484638651418804,47.62825562299724],[-3.484634119169251,47.628328126873235],[-3.484512502467326,47.62831683067564],[-3.484557610969852,47.62846785570536],[-3.484443639503105,47.62851935426127],[-3.484202318224852,47.627963798856456],[-3.484086327561513,47.62788896903503],[-3.483982350641857,47.6279128167687],[-3.483695601329061,47.6274230081795],[-3.483689975795984,47.62748654134806],[-3.483561808903221,47.62742141994261],[-3.483500918913256,47.62746996463851],[-3.483774396523826,47.62796051195748],[-3.483602976374077,47.627979079948865],[-3.483573325244624,47.62784525767621],[-3.48351134273023,47.62788483166572],[-3.483432979540685,47.62778984508268],[-3.483407365561755,47.62790867888762],[-3.483221749406038,47.62781062718208],[-3.483112145988541,47.62789800727434],[-3.482996323580144,47.627714789707326],[-3.482974909878098,47.62797789290094],[-3.482865472563237,47.62795688610725],[-3.482839857240753,47.62807571977753],[-3.482740414208961,47.62802706258847],[-3.482798787688643,47.6281773501738],[-3.482661717655531,47.628148848784924],[-3.482693383311761,47.628408999310565],[-3.482615945360196,47.628431369538596],[-3.4824603127239,47.62825036587734],[-3.482422517948226,47.628378908260345],[-3.482245636739517,47.62835262070705],[-3.482270749342914,47.62855894705735],[-3.482081857545495,47.628433981440836],[-3.481958394926298,47.628187967899656],[-3.481809146840573,47.62816917428144],[-3.481763539104213,47.62834330807442],[-3.481538113646885,47.628247467811796],[-3.481912450088323,47.628578874988754],[-3.481808470853607,47.62860272077884],[-3.481517953860378,47.62841115476385],[-3.48144269884272,47.628451465649775],[-3.481333431122101,47.628322070801474],[-3.481363076900895,47.628455893609775],[-3.481136389663269,47.62845946848034],[-3.481226758240049,47.62865313449015],[-3.481124961887152,47.62869492110977],[-3.480934059800299,47.62844362558684],[-3.480982945230912,47.6282964042976],[-3.480873508046999,47.6282753956411],[-3.48093003484744,47.628190969437355],[-3.480758955224163,47.62799275997483],[-3.480835301714375,47.6279614202464],[-3.48077584240897,47.627802160935424],[-3.480532784672373,47.62767117371386],[-3.480436275522032,47.62786620006058],[-3.48040025509728,47.627570165921455],[-3.480271919902611,47.62761342757749],[-3.480255030978176,47.627804026562565],[-3.480030356757934,47.627933927403326],[-3.480115435438976,47.6279743540169],[-3.480300299060061,47.62784666662687],[-3.480334480051051,47.627907986008275],[-3.480424096862942,47.627875908674305],[-3.48049464233851,47.62801648880978],[-3.480527903704356,47.6279604507569],[-3.480684791802444,47.628042041107975],[-3.480798423782194,47.62820731948481],[-3.480652279437216,47.62832382319507],[-3.481035173552685,47.62883538556906],[-3.481195510290982,47.6288355007626],[-3.481142598953272,47.62873006602792],[-3.481312760666855,47.62881091753881],[-3.481302013705104,47.628612823747545],[-3.481520720297408,47.62876322675344],[-3.481582874764173,47.628615267229975],[-3.481758495644967,47.62874097167608],[-3.481939913853208,47.62869475620697],[-3.482043724687849,47.62877929690675],[-3.482214056098659,47.62875176050139],[-3.482170045827397,47.62860970529983],[-3.482209688697762,47.62871587766127],[-3.482313667973667,47.62869203151544],[-3.48244511206426,47.62878406637084],[-3.482403284912484,47.628659952675974],[-3.482459809700576,47.62857552574868],[-3.482520534346497,47.628635368237624],[-3.482530696526048,47.628499331377945],[-3.482733951888882,47.62863252882644],[-3.48274990737527,47.62832457223196],[-3.482958789132076,47.62839423620977],[-3.482868581553825,47.628092184874866],[-3.482941484374588,47.62814231829271],[-3.483016737824528,47.62810200643477],[-3.483007076648804,47.627912883434355],[-3.483322118570004,47.62797664132286],[-3.483462630287507,47.627923667394775],[-3.483609363452535,47.62814129079465],[-3.483841509732712,47.628182564611606],[-3.483838563145022,47.62793887922703],[-3.483614723722145,47.62752685365251],[-3.483814701794097,47.62763313718131],[-3.484053997683127,47.62806236544828],[-3.48404979354703,47.627918096013566],[-3.484198877577297,47.62804527342109],[-3.48418762756462,47.62817233976359],[-3.48439509090538,47.62844980374498],[-3.484259111508209,47.62843027492565],[-3.484229130319289,47.62851322610417],[-3.48433076001943,47.62857982339559],[-3.484474549002476,47.628553760339976],[-3.484431297751733,47.62863744990659],[-3.484622543565862,47.62867196647596]],[[-3.482113688923447,47.62858574547482],[-3.481961164256813,47.628540039919315],[-3.481845344405975,47.628356821271666],[-3.482113688923447,47.62858574547482]],[[-3.480909531572286,47.62857142952668],[-3.480847717188788,47.628502615474446],[-3.480921881100004,47.628453334249556],[-3.480909531572286,47.62857142952668]]]},"properties":{}},{"type":"Feature","geometry":{"type":"Polygon","coordinates":[[[-3.476695875509307,47.62764964750166],[-3.476588982290492,47.62742980302911],[-3.476633335742184,47.62735508708318],[-3.476680782336989,47.62741567009659],[-3.476742769370347,47.62737609972222],[-3.476791665382823,47.627228880106294],[-3.47671894891339,47.62707035613957],[-3.476812930124508,47.627074164638685],[-3.476815291075029,47.62698371948268],[-3.476899274884197,47.62701517769017],[-3.476848555659879,47.62692768244777],[-3.477235011528476,47.626590105633696],[-3.477791639168682,47.62699267527431],[-3.478079599690629,47.62738308254704],[-3.478253202161196,47.627382464162444],[-3.478358447780973,47.627259205595394],[-3.478572775686988,47.62737373121659],[-3.478724378138998,47.62730208379795],[-3.478734549739107,47.6271660471752],[-3.478825082463981,47.62725132849189],[-3.478787805024782,47.6270547097092],[-3.47862856485439,47.62706356196191],[-3.478625115757552,47.627145036399966],[-3.478493682289347,47.62705299716833],[-3.478203571515848,47.62730394027863],[-3.478109942808572,47.62708335952772],[-3.478198821076409,47.62682553973129],[-3.478056124798285,47.62686056584229],[-3.47771544234486,47.62625633525692],[-3.477641278525886,47.626305614501696],[-3.47773071699562,47.62638192594079],[-3.477762003156066,47.626858851458834],[-3.477607305075761,47.62679519865654],[-3.477410971349713,47.6264990433135],[-3.477134485421307,47.62653247286829],[-3.476994328619591,47.62636866577428],[-3.477051414519845,47.626618372309636],[-3.476931073132882,47.62650765225753],[-3.476823823008537,47.626504581326955],[-3.476885450903258,47.62668178429458],[-3.476699850994162,47.62658372216356],[-3.476844192014999,47.6268917993734],[-3.47664532147476,47.62679447464165],[-3.476641689884636,47.62698433573033],[-3.476469179539601,47.626993922491714],[-3.476582975839146,47.62705081837049],[-3.476462274752595,47.62715687124255],[-3.476572439527198,47.627403628168786],[-3.476391021060372,47.62744983533225],[-3.476323759635703,47.627336164992315],[-3.476307036866876,47.62741837676639],[-3.476184333190413,47.627398101121194],[-3.476070717219979,47.627232818187075],[-3.475998732078709,47.627300037912285],[-3.476101439995491,47.62737561317928],[-3.475848397823194,47.627272265894526],[-3.47581840421472,47.62735521496331],[-3.475720059655895,47.62731552255602],[-3.475781866054297,47.62738433936371],[-3.475682430744483,47.62733567614878],[-3.475582813980919,47.62739539952133],[-3.475467200376388,47.62710378775845],[-3.475130177927717,47.626968979665925],[-3.475072010030706,47.62671030145071],[-3.474884049151584,47.62670268157393],[-3.474901132398528,47.62706298756107],[-3.475048011013434,47.627172235132186],[-3.474995296294193,47.62695841083203],[-3.475074008583089,47.62683662972653],[-3.475035106413909,47.6269561990274],[-3.47551991712951,47.6273176118296],[-3.475656618243532,47.627562894945505],[-3.475672251333795,47.62747171249374],[-3.475836946976345,47.627507718150156],[-3.475922202748913,47.62743976116153],[-3.475882573332238,47.62733358659674],[-3.476030545485353,47.627451803692225],[-3.476038361701524,47.6274062124395],[-3.476177607909845,47.62745266315622],[-3.476215056364986,47.62754089607134],[-3.476372116671054,47.62751410557077],[-3.476341032900186,47.62758808399353],[-3.476473554838472,47.627689096390505],[-3.476695875509307,47.62764964750166]],[[-3.477938700356586,47.62699353252124],[-3.477855984069217,47.62686265911913],[-3.477979955017324,47.626783517066855],[-3.478047219272404,47.62689718648542],[-3.477938700356586,47.62699353252124]]]},"properties":{}},{"type":"Feature","geometry":{"type":"MultiPolygon","coordinates":[[[[-3.473566305509145,47.62718229663717],[-3.473278006453361,47.62700865158682],[-3.473118048497744,47.62679175213712],[-3.473127674434085,47.626980876063236],[-3.473091321754856,47.62690161293661],[-3.472933171350528,47.62691942822912],[-3.472839377893016,47.626807229912245],[-3.472763028359526,47.62683856443295],[-3.472347147144353,47.62627462347478],[-3.472193208937353,47.626232855025776],[-3.472370604673384,47.62613785036852],[-3.472476387766303,47.62634872803545],[-3.472975348976431,47.62682677204167],[-3.473013352252378,47.62658984590531],[-3.473132782023354,47.626583212475914],[-3.473279469389134,47.62680084900055],[-3.473219661057153,47.6268583591542],[-3.473566305509145,47.62718229663717]]],[[[-3.472122787786895,47.62621625857839],[-3.47199994926916,47.62627584243101],[-3.472003408421732,47.6261943681524],[-3.471909240012582,47.626298942510566],[-3.471810900306621,47.62625924679041],[-3.471502091934067,47.625806764946184],[-3.471389013382559,47.62597560840387],[-3.471085278278703,47.62578475303988],[-3.470884950141983,47.625895221123194],[-3.470899501005254,47.62579506840269],[-3.47078789317893,47.62575610861129],[-3.470931681166084,47.62573006218914],[-3.470903152937647,47.625605207376786],[-3.470978029943358,47.62578167674054],[-3.471131817919523,47.6257279807756],[-3.471088929549639,47.62559489200716],[-3.470884433763572,47.625561090025826],[-3.470887894572397,47.625479615750315],[-3.471028412054749,47.62542665671233],[-3.471114569840392,47.6254760607633],[-3.471253235469421,47.62584767767246],[-3.471549721148195,47.625758963339855],[-3.471740380022668,47.626118661284046],[-3.471881187129999,47.62603424914512],[-3.471856538728539,47.62608511669789],[-3.471938676545335,47.626115888534436],[-3.471930518534669,47.62614422785803],[-3.472122787786895,47.62621625857839]]],[[[-3.47188502132156,47.626026336414114],[-3.471803648563134,47.62597967758428],[-3.471854737018703,47.62585040157063],[-3.472015064770364,47.62585052936576],[-3.471940569534492,47.62610931265819],[-3.471941986319419,47.62590877582033],[-3.47188502132156,47.626026336414114]]]]},"properties":{}},{"type":"Feature","geometry":{"type":"Polygon","coordinates":[[[-3.470389799024108,47.625778211585065],[-3.470563588184797,47.625669217873266],[-3.470611026392394,47.62572980340461],[-3.470723208525508,47.62544360307828],[-3.470555959383499,47.62560642204118],[-3.470362554062113,47.62555394071664],[-3.470129213641309,47.6249527644666],[-3.470013249249673,47.624877920555654],[-3.469952349841018,47.624926458251664],[-3.469848758918206,47.62473351983264],[-3.469785680162323,47.62476411575775],[-3.469736064407081,47.624685588170735],[-3.469661895404653,47.62473486238865],[-3.469541887662289,47.625066652674334],[-3.469567531143109,47.62494782173781],[-3.469477912723962,47.62497989079045],[-3.46953009549458,47.62485958657398],[-3.469389966420294,47.624695770215],[-3.469310154719258,47.62480857677541],[-3.469022776932738,47.62475227867053],[-3.468965535522608,47.62461095479084],[-3.4690573327395,47.6245968278293],[-3.469058617167247,47.62449741186276],[-3.468919189707659,47.62455933940978],[-3.468741433822795,47.62441567367952],[-3.468692322570083,47.624671276952164],[-3.46859725669003,47.624658491058575],[-3.46852129966743,47.62447304920919],[-3.468540910050231,47.6246345246367],[-3.46840950015092,47.624542473939805],[-3.468322953643963,47.6247098414987],[-3.468324239442089,47.62461042554603],[-3.46825224808295,47.62467764058765],[-3.468170648537163,47.62455573103148],[-3.467993589982842,47.62463780866034],[-3.467915259172977,47.62454281150983],[-3.467754935358923,47.62454267808708],[-3.467824748471406,47.62445752161921],[-3.467615704070966,47.62449621726029],[-3.467601740892465,47.624271209170765],[-3.467499050982342,47.62419562630966],[-3.467260200694408,47.62420888154185],[-3.467079874241268,47.62426404518956],[-3.467140576740518,47.62432389580571],[-3.46698134278646,47.62433273219215],[-3.466998278005028,47.62414213478843],[-3.466839044569585,47.62415097098171],[-3.466916682141471,47.62402022432265],[-3.466731109799606,47.62392214621798],[-3.466600594040814,47.62394745118062],[-3.466626443339177,47.62372023396386],[-3.466456320098444,47.623639360848216],[-3.466488993214866,47.62390848724453],[-3.466398285596436,47.62393158307239],[-3.466390261368088,47.62408556060417],[-3.466264301895372,47.624038361865324],[-3.466163390941245,47.62419749326169],[-3.466294595634826,47.624397933327316],[-3.466429469075408,47.62440851222228],[-3.466460965021713,47.62411776265219],[-3.466709417813671,47.62429363376971],[-3.46675744905616,47.62402906040525],[-3.466908061682917,47.62449936236349],[-3.467003126874981,47.624512149632984],[-3.467056403980156,47.62440081736485],[-3.467176720135767,47.62451154770984],[-3.46711839464642,47.624361252036856],[-3.467266736171596,47.624262706764085],[-3.467549752286558,47.624283125734216],[-3.467419037832859,47.62441681843321],[-3.467598077309499,47.624461070223596],[-3.46750806248372,47.62470991139932],[-3.467598968781023,47.62457842790733],[-3.467783455656216,47.62466753373652],[-3.467838909987921,47.624574142848346],[-3.468100442211763,47.6248576613135],[-3.468141537192245,47.62475603591321],[-3.468261856399341,47.62486676512015],[-3.46831839953551,47.62478234487244],[-3.468558145711883,47.62488644513798],[-3.468613598915695,47.624793053892525],[-3.468728471655303,47.62485892834255],[-3.468703217540406,47.624760985499954],[-3.468815911283305,47.62480891815653],[-3.46882848203476,47.62458243711724],[-3.468960982295337,47.624683458193346],[-3.4689011716833,47.62474096619835],[-3.469040404728386,47.624787425486936],[-3.469045657613616,47.62494066654235],[-3.469305601943191,47.62488108018397],[-3.469357396472605,47.6249775496409],[-3.469387398784644,47.624894602129935],[-3.469615669750469,47.62523415211582],[-3.469743498629819,47.62485677089174],[-3.470138828657039,47.62514188881791],[-3.470061390184743,47.62516425076026],[-3.470389799024108,47.625778211585065]]]},"properties":{}},{"type":"Feature","geometry":{"type":"Polygon","coordinates":[[[-3.438800895042462,47.62526994528731],[-3.438804404799756,47.62518847195691],[-3.438921666670103,47.62516393124167],[-3.43887318044203,47.62509436169667],[-3.438991526586063,47.625078792040775],[-3.438920009802453,47.62492921551552],[-3.439009390601989,47.62500555664898],[-3.439122569503238,47.62483674446836],[-3.439439964986637,47.62481017631773],[-3.439675825525517,47.624661677855414],[-3.439430458791921,47.62462104942135],[-3.439439135417035,47.62469281844053],[-3.439327552864657,47.62465382856895],[-3.43932729762595,47.624762215321404],[-3.439220053183791,47.62475910986047],[-3.439276642129548,47.62467470367294],[-3.439167228799203,47.62465365590567],[-3.438948146389026,47.62471994681693],[-3.439314793433841,47.62443778825987],[-3.43926413826579,47.62435027659137],[-3.439647304715931,47.624094297123015],[-3.439620189769335,47.623870018906445],[-3.439498592768845,47.62385867581775],[-3.439544334533545,47.623684558150096],[-3.439307648680692,47.62371569848439],[-3.439230454799122,47.62362965319122],[-3.439519134520166,47.62358660894497],[-3.439545928690952,47.6234767556499],[-3.43937450758234,47.623495258773865],[-3.43947224338533,47.623309237074466],[-3.439115047939551,47.623338004912945],[-3.439218206914582,47.62319683909699],[-3.439057887225156,47.6231966662835],[-3.438981778967279,47.62311959194101],[-3.438991539219028,47.623200332187174],[-3.43883230396714,47.623209130202234],[-3.438804424017158,47.62331001220928],[-3.438680659617965,47.62328072598664],[-3.438477848098634,47.623481583163404],[-3.438485438861672,47.623544381154076],[-3.438646844016611,47.62355352589314],[-3.438581323203056,47.62367454951447],[-3.438675039145751,47.62378677551064],[-3.438766842954515,47.62377267235051],[-3.438770668019491,47.6240253304915],[-3.438608176990619,47.62400721478773],[-3.438552101315393,47.62387484709804],[-3.438402109252081,47.62418115834628],[-3.438307308814092,47.624059961013316],[-3.43821550438987,47.62407406381014],[-3.438289701494337,47.62402480954809],[-3.438185711659932,47.6240486165589],[-3.438266672356387,47.623944802372584],[-3.438000192017673,47.623950492813734],[-3.437901623732014,47.62401915529121],[-3.438008092868488,47.62434742230008],[-3.438135112433859,47.62440362264148],[-3.438063909888178,47.62458817697819],[-3.438218039420245,47.624868655710934],[-3.438163359732639,47.62507939038499],[-3.438286043623914,47.62509970599269],[-3.438178798564321,47.62509659957624],[-3.438114359163304,47.62522659397603],[-3.438201570540573,47.62528499344253],[-3.438391947144062,47.62520222790153],[-3.438647332500073,47.62521521197222],[-3.438778120957513,47.62508155153639],[-3.438800895042462,47.62526994528731]],[[-3.4387729549461,47.624928309142135],[-3.438662456841128,47.62489828977234],[-3.438663797881641,47.62479887416284],[-3.438869354815265,47.62484170369794],[-3.4387729549461,47.624928309142135]],[[-3.438781709836678,47.62356413671811],[-3.438669045697186,47.6235161750561],[-3.438839382662948,47.62348870182943],[-3.438781709836678,47.62356413671811]],[[-3.438877022767778,47.62346856006791],[-3.438843976697857,47.6234161995619],[-3.438986689479455,47.62338122129723],[-3.438877022767778,47.62346856006791]]]},"properties":{}},{"type":"Feature","geometry":{"type":"Polygon","coordinates":[[[-3.430700180363051,47.621021103650094],[-3.430763549696489,47.62088214183511],[-3.43088297193147,47.620875551586764],[-3.430829622913261,47.620986867544616],[-3.430971251370334,47.620942927806084],[-3.430986958841276,47.62085175103913],[-3.431263444199282,47.62081843062797],[-3.43074513799581,47.620729630998284],[-3.431134546043221,47.62063589330783],[-3.43128592145407,47.62067269418612],[-3.431449754217125,47.6205914043665],[-3.431486583045147,47.62045390676791],[-3.431275633325765,47.620366208029715],[-3.431472502033308,47.62033728089671],[-3.431517183800812,47.62015419483679],[-3.431394513850625,47.62013387206775],[-3.431717029976524,47.61981804873771],[-3.431576759228604,47.619762573621074],[-3.431639041620669,47.61961464001786],[-3.431330880958665,47.61949618280856],[-3.431437302472047,47.61938193726813],[-3.431415640002981,47.61920251273955],[-3.431178701467446,47.618899504298945],[-3.431053868424075,47.61886123869768],[-3.431159745680792,47.618963767491984],[-3.431035995551145,47.618934473103444],[-3.431018122629181,47.619007707503684],[-3.430883542216849,47.618888700635104],[-3.430591632010003,47.61890480993334],[-3.430495775715471,47.618774634695825],[-3.430403978316672,47.61878873139094],[-3.430473297102896,47.61892037112745],[-3.430268852625011,47.61888649792521],[-3.4302122555736,47.618970899998814],[-3.430238519252404,47.61907782268182],[-3.430372289152133,47.61907947200305],[-3.430274802976847,47.61915709945234],[-3.430275338725169,47.61938284475884],[-3.430206829015209,47.61936856320595],[-3.430438349290928,47.619626717375766],[-3.430279659060628,47.61986124899699],[-3.430367662654879,47.62003701270263],[-3.430176482896315,47.62000240715895],[-3.430145065632229,47.62018476054791],[-3.430044328375623,47.62023547405904],[-3.430090358875566,47.62039549194859],[-3.430200842840046,47.62042551949721],[-3.430231986372239,47.6203515530932],[-3.430319181162815,47.62040995859116],[-3.430240649937657,47.62042332295261],[-3.430317824693343,47.620509374328456],[-3.430175113909882,47.62054434205213],[-3.430434533640493,47.62070161599733],[-3.430248492573857,47.62082025368106],[-3.430135841891741,47.62077228372051],[-3.430021834383418,47.620823729367935],[-3.430355455145572,47.620931754331295],[-3.430484897700211,47.62089751860633],[-3.430700180363051,47.621021103650094]]]},"properties":{}},{"type":"Feature","geometry":{"type":"Polygon","coordinates":[[[-3.464925198186085,47.62219024936875],[-3.46489576372224,47.622118371674226],[-3.464753274904749,47.6220449946699],[-3.464826355909629,47.62198675259754],[-3.46504845843297,47.62205571271548],[-3.464970339815824,47.621852326505035],[-3.465126097343083,47.62192496710593],[-3.465023618505824,47.621740995012004],[-3.465124325364856,47.6216902513737],[-3.465089279919018,47.621511569465724],[-3.464798658006209,47.62142834816178],[-3.464991157222287,47.62136348092005],[-3.464845403949207,47.62126319128405],[-3.464734695136612,47.621341583517854],[-3.46463528115284,47.62129291074787],[-3.464693596299234,47.62144320789769],[-3.464442781758814,47.62135777740537],[-3.464574380944313,47.62134144572911],[-3.464575673641961,47.62124202964577],[-3.464323567072761,47.621256014976325],[-3.464340510804043,47.6210654176568],[-3.464191288836229,47.62104660145941],[-3.463936327740466,47.62081689919017],[-3.463857393502306,47.62104706017362],[-3.463580456708952,47.620746325784054],[-3.463308345961868,47.6208156063915],[-3.463505405086508,47.62067823824978],[-3.463357892308,47.62034323080312],[-3.463432061027396,47.62029396047731],[-3.463286313603102,47.62019366884059],[-3.463256304453671,47.62027661498443],[-3.463112527410434,47.62030265203078],[-3.463093402598947,47.62047530739367],[-3.462601791946326,47.620276790252916],[-3.462498700449394,47.62041797692757],[-3.46235492265597,47.620444013039354],[-3.462198084903948,47.62036239775221],[-3.462160246926976,47.62049093409627],[-3.461949246689309,47.62040329076978],[-3.462008641590105,47.620562560265604],[-3.461868337419712,47.620507121556244],[-3.461839414151371,47.6205990382601],[-3.461504433392324,47.620590519309836],[-3.4615031349912,47.620689935392356],[-3.461195779210709,47.620688915023386],[-3.461058317741376,47.6208771622058],[-3.460922366175037,47.62085760614434],[-3.46084145421973,47.620961436195174],[-3.460894106326683,47.6211752675389],[-3.460640911037411,47.62118027397679],[-3.460605004893224,47.62088423272472],[-3.460478845811027,47.620945414676704],[-3.460475157124538,47.621135275829715],[-3.460362691140393,47.6209789480362],[-3.46027307385499,47.621011010091365],[-3.460277213192938,47.621155280887805],[-3.460107769659769,47.62130014334932],[-3.460412315624247,47.6216083856148],[-3.459784985178124,47.62183281873981],[-3.459547445621031,47.62174664221129],[-3.459457826557297,47.62177870362825],[-3.459244864759409,47.621564726599075],[-3.458914444966147,47.621483697084734],[-3.458744772137435,47.6211860386801],[-3.458615347014182,47.621220305718786],[-3.45865754498672,47.62112765443146],[-3.458440893074647,47.62110353696336],[-3.458511155435836,47.62135251784084],[-3.458194223846093,47.62116236389832],[-3.458215977109279,47.62134178326915],[-3.458356279680309,47.62139722634239],[-3.45813614681205,47.62145458238744],[-3.457902526975057,47.62107015445028],[-3.457780932470529,47.6210588303791],[-3.45788686540926,47.62116133482163],[-3.457858804937675,47.621370608459124],[-3.457523387262674,47.6210279461649],[-3.457410711641245,47.62098000252023],[-3.457387218052169,47.62111677298224],[-3.457269104854843,47.62102397431747],[-3.457303036295855,47.62119368763865],[-3.457125103791705,47.621158390972376],[-3.457047446401842,47.62128913131406],[-3.456959133485593,47.62122177482059],[-3.456929113927746,47.62130471929466],[-3.4569038831418,47.621206773723095],[-3.456828619697647,47.621247068898505],[-3.456933244251668,47.621448990187744],[-3.456927587498994,47.621512522258925],[-3.456782716611114,47.62152958051709],[-3.456882772159957,47.62180400485624],[-3.456658286368724,47.62182547419122],[-3.456540599432618,47.622066806635885],[-3.456383545205488,47.62209357054478],[-3.456462718852772,47.62230593345213],[-3.456363310615561,47.62225725366541],[-3.456368731725089,47.62285301407898],[-3.456191881664829,47.62282668699942],[-3.456221461365636,47.62296051656029],[-3.455924965761908,47.62304919211041],[-3.455741813463012,47.62286065157517],[-3.455757900862572,47.62310360320883],[-3.455641738530815,47.62313713183591],[-3.455516878049117,47.62309889246802],[-3.455553646617471,47.62296138746352],[-3.455438571700653,47.62300388687615],[-3.455311537252491,47.622947705313216],[-3.455360684817327,47.62324301284242],[-3.455240618953418,47.62302388337881],[-3.455202762338201,47.62315241729265],[-3.45509574342507,47.6230409395312],[-3.455041161702327,47.62270077690388],[-3.454899548399732,47.62274474578925],[-3.454943928313486,47.62267003790194],[-3.45485213067649,47.62268415378502],[-3.45476512922074,47.62251737977097],[-3.454562829716119,47.62250149115086],[-3.454480177698899,47.62237060089835],[-3.454364016159651,47.622404128267256],[-3.45438815580434,47.622493103328914],[-3.454223715088717,47.62234868042687],[-3.453982470345706,47.62245235342959],[-3.453865447068474,47.622368522389095],[-3.453751233080912,47.622528378062626],[-3.453459762955577,47.62232777067153],[-3.453317062475441,47.62236276663899],[-3.453179568914486,47.62255100438557],[-3.45298424562785,47.6223721652767],[-3.452760614697152,47.62251098503175],[-3.452805856327215,47.62255363586499],[-3.45270862449351,47.62252289499981],[-3.452700560991708,47.62267687170026],[-3.45254264470177,47.62258627252739],[-3.452741630412711,47.62312615703679],[-3.452406234554214,47.622783480356176],[-3.45226810791089,47.62274597220877],[-3.452257240970023,47.62265626203694],[-3.452135414825919,47.622753318988536],[-3.452108018816136,47.62263743041669],[-3.451856529437152,47.622877133618786],[-3.451636843960225,47.62271770360342],[-3.451552651394659,47.622794614051635],[-3.451616364300214,47.622989772725674],[-3.451422756410743,47.62304564684442],[-3.450950490439235,47.623116946222375],[-3.451064482672241,47.62306548020759],[-3.450933338439989,47.622865022899916],[-3.450871960399517,47.62313032443748],[-3.450818260052846,47.62290751776236],[-3.450849767417624,47.62316767760109],[-3.450749276246048,47.62311002202931],[-3.451011797026622,47.62340254999309],[-3.450809727204429,47.623278268026056],[-3.450888025717409,47.62337327670779],[-3.450770541283641,47.62350621630523],[-3.450519971843597,47.62331236915422],[-3.450501891640996,47.623493993215945],[-3.45032636163664,47.62336824144626],[-3.450382465974045,47.62350060351605],[-3.450225404441797,47.623527359124246],[-3.4501603763884,47.623431615560804],[-3.450171239963355,47.62352132589195],[-3.45004746883969,47.623492051717676],[-3.44995217586691,47.62358763748144],[-3.449738392766581,47.623256285430315],[-3.449650937812347,47.62330628137287],[-3.449492173191057,47.623098320205024],[-3.449335728784976,47.62335081937426],[-3.44933960384106,47.623603477221636],[-3.449213660584028,47.62355626008423],[-3.449183627679052,47.62363920246759],[-3.449086395954076,47.62360845860409],[-3.449107124121443,47.62322800315965],[-3.449048379920116,47.62329447208353],[-3.448971406598994,47.6231000463509],[-3.448831959491575,47.62316194996167],[-3.448621206943009,47.62296589581099],[-3.448668240544883,47.62269235866069],[-3.448505750215869,47.62267425671421],[-3.44849814778938,47.622611459347205],[-3.448342173962705,47.62264718348765],[-3.448416122964409,47.622706309643],[-3.448272095073221,47.62284071526548],[-3.448272706963565,47.62306646005677],[-3.448168111997903,47.62286453117827],[-3.44804651547212,47.622853196982895],[-3.448064977332285,47.62300570492229],[-3.447942770009934,47.62276862581902],[-3.447862067816471,47.62276405989869],[-3.447735413371545,47.62304200176403],[-3.44768871827895,47.62265624623459],[-3.447615617662234,47.622714477562084],[-3.447611512421148,47.62257020643425],[-3.447527314289059,47.62264711398652],[-3.447408128970984,47.622545334360936],[-3.447270614104827,47.622733565133196],[-3.447252393746534,47.62247267015617],[-3.447126455003384,47.6224254507407],[-3.447107996025024,47.6222729426075],[-3.447039238534868,47.62236705785263],[-3.446900030954807,47.62232057228131],[-3.446949610918665,47.622399109661075],[-3.446835856125281,47.62234218478017],[-3.446776629863575,47.62262542637257],[-3.44691909551771,47.62269882528461],[-3.446901243124729,47.62277206197263],[-3.44673959873901,47.62287131551042],[-3.446749850999387,47.622735281374034],[-3.446669148958369,47.62273071462936],[-3.446376499759729,47.623072023954585],[-3.446354785583083,47.62289260254002],[-3.44645008375631,47.62279701967727],[-3.44639073278864,47.62263774245483],[-3.44636154076954,47.622838042097975],[-3.44630303464621,47.62279612278342],[-3.446331623182546,47.62237007829464],[-3.446099048247151,47.622545503597635],[-3.446144767358716,47.62237138322818],[-3.44608734756582,47.62233843487129],[-3.445990963927043,47.62242504638387],[-3.445971180826256,47.62237195389327],[-3.446110629187315,47.62231005367298],[-3.446160690688181,47.62217181758382],[-3.446097842866722,47.62209401384547],[-3.446021242746259,47.622233717868255],[-3.446000374055116,47.62217165429974],[-3.445926186640677,47.62222091350673],[-3.446085900785389,47.62199533199195],[-3.446004114291835,47.621981793708095],[-3.445987346509817,47.622064001361736],[-3.445963221060615,47.62197502454465],[-3.445815690117618,47.62219090086253],[-3.445867799353313,47.622621512618664],[-3.445748976280482,47.622853863012374],[-3.445836793723446,47.62313800164496],[-3.445695413983255,47.62307357250589],[-3.445453192255143,47.622617351362564],[-3.445395286806631,47.62280117642522],[-3.445313499253642,47.62278763766336],[-3.44545246387612,47.622942511981414],[-3.445347393807292,47.62295735430234],[-3.445455477752968,47.623077812078776],[-3.445352092502274,47.623327370257165],[-3.445449321564579,47.62335811723378],[-3.445420368481751,47.623450029734926],[-3.445320968184394,47.62340134057876],[-3.44524544968693,47.62355001507672],[-3.445346778280492,47.62372503327119],[-3.445479474714609,47.62371769420777],[-3.445340378419808,47.62411372512867],[-3.445112621711008,47.62410825902134],[-3.444959653933543,47.62427927863968],[-3.444821772733594,47.62413337492148],[-3.444822614127802,47.62425073279394],[-3.444952897131895,47.62433383896022],[-3.444882206169011,47.62430162389718],[-3.444786902502484,47.624397205406716],[-3.444804758339639,47.624323969103074],[-3.444726224984366,47.62433734317767],[-3.444759277394031,47.62438970199445],[-3.444488209080232,47.624467909700435],[-3.444482537196561,47.62453144106953],[-3.444367695086735,47.624465542765755],[-3.444323298879446,47.6245402465647],[-3.443789248185234,47.62454268338488],[-3.443623498040701,47.624497661400405],[-3.443600460704799,47.62441765529618],[-3.443552807663145,47.62446544553546],[-3.443443639955825,47.624336014992664],[-3.443436043247552,47.6242732173499],[-3.44354328695867,47.624276318940545],[-3.443507226800564,47.624088659708825],[-3.443281297223157,47.623767000708035],[-3.44323749068564,47.624067448821904],[-3.443086345014615,47.623922276697506],[-3.443073912835632,47.624040368236415],[-3.443001053066749,47.6239902098367],[-3.44285024914699,47.62417916889575],[-3.442842745904947,47.62455888942931],[-3.44274985668749,47.62456402469038],[-3.442740090502035,47.62448328481498],[-3.442626087216585,47.62453474266745],[-3.442794006917237,47.62459770825955],[-3.442790503287805,47.62467918173447],[-3.442636938354456,47.62462445364808],[-3.442486380179404,47.62470502541897],[-3.44263318595682,47.624814313873856],[-3.442449915141372,47.62517665750957],[-3.442510591060844,47.62523652089531],[-3.442395500857015,47.625279007406846],[-3.442461602335133,47.62538372629796],[-3.442283665681217,47.6253484070975],[-3.442393917738525,47.62548680975319],[-3.442228165839325,47.62544178581046],[-3.442024524191356,47.62552529111532],[-3.442116080524542,47.625619572045785],[-3.441903507895855,47.625739695052985],[-3.442102311146005,47.62583707897916],[-3.44203003536217,47.62601266450097],[-3.441421772920335,47.62606434708204],[-3.441431286427251,47.62625347367583],[-3.441263111810006,47.62629889284922],[-3.441149354770499,47.62624196254414],[-3.441142342264722,47.62640490925389],[-3.441009638554498,47.62641224337966],[-3.441067311309464,47.626336807501424],[-3.440806243542745,47.626387359859336],[-3.440968742562679,47.62640547248295],[-3.440851478906164,47.62643001523765],[-3.44081250038038,47.62654957315444],[-3.440668948023667,47.626467195831715],[-3.44071769026365,47.6264283779256],[-3.440545175281557,47.6264379116324],[-3.440511872895387,47.626493938336814],[-3.440654592812365,47.62645895808955],[-3.440675456964215,47.62652102247626],[-3.440450944822417,47.62654246060715],[-3.440519213651981,47.62666512274686],[-3.440433082269904,47.626615696161494],[-3.440361884718513,47.62680025168889],[-3.439989226470587,47.62681181326188],[-3.439870622629489,47.62693577054716],[-3.439812117112434,47.62689384806966],[-3.439837319224721,47.62699179704488],[-3.439961092862797,47.627021081985916],[-3.440171251934467,47.62699140700256],[-3.440251128472025,47.62687862048764],[-3.440441001605953,47.6270126249387],[-3.440464035326348,47.62709263155916],[-3.440262554157677,47.62719407593337],[-3.440387413288456,47.62723233152744],[-3.440383905812919,47.62731380481966],[-3.440428309840021,47.62723910262483],[-3.440538560991841,47.62737750689706],[-3.440247692049673,47.62740261136471],[-3.440267217978527,47.6275640912854],[-3.440350349536631,47.627478218055955],[-3.440420788939138,47.627618822404564],[-3.440339573661759,47.627831024471114],[-3.439562598113069,47.628144888022554],[-3.438051890704755,47.628246409828925],[-3.4372791862087,47.62815362530968],[-3.436554407843881,47.62790466183369],[-3.436237515580898,47.627714448957036],[-3.435820667074725,47.62724979372195],[-3.435720709600926,47.62697535211752],[-3.435772148857469,47.62673770533758],[-3.435778652893237,47.62679153224741],[-3.435984477221802,47.62672598018663],[-3.436083875193358,47.626774677204985],[-3.436015616415706,47.62665201248007],[-3.435896181891591,47.62665860795707],[-3.436285624144312,47.626564853377765],[-3.436116621875235,47.62649290734304],[-3.436437542150335,47.626384874174406],[-3.436395823856261,47.62626074387277],[-3.436576188749751,47.62620562765896],[-3.437486163876287,47.626218584845155],[-3.43679853269851,47.62616625468244],[-3.436708590093631,47.625864167404345],[-3.436640070344604,47.62584988967288],[-3.436631959991006,47.626003864997344],[-3.436568298271183,47.62580869845527],[-3.436312910581612,47.62579570984277],[-3.436298817616358,47.62567908487381],[-3.436482693968777,47.625542495547585],[-3.436435294666102,47.62548189615515],[-3.436589939825466,47.62554560352068],[-3.436556332339563,47.625267497855035],[-3.436473459157528,47.62524498176872],[-3.436602084908278,47.62509338146592],[-3.436484822126603,47.62511791985332],[-3.43629197489666,47.62484860864051],[-3.436176880580165,47.62489108903287],[-3.436282256789755,47.62521038631258],[-3.436159573406735,47.62519006860134],[-3.436146826668748,47.62497402800594],[-3.435967549496239,47.62503811474953],[-3.435964035419127,47.625119588000906],[-3.435909049124245,47.624996190276136],[-3.435761994134628,47.6249952801119],[-3.435762815624897,47.625112637996814],[-3.43593749517681,47.62512105366244],[-3.435844604317223,47.62512618343038],[-3.435863032103318,47.62527869311845],[-3.435752534909543,47.62524867100118],[-3.435777466346612,47.625455007641115],[-3.435591946243481,47.62535688014179],[-3.435593851314716,47.625483209165345],[-3.435502306735072,47.625388923116084],[-3.435435692616289,47.62550097369846],[-3.435296486969727,47.62545447437233],[-3.435258580609836,47.625583001657034],[-3.435147262980536,47.62543562110997],[-3.435125614360477,47.625698715792126],[-3.434894600428535,47.6256663162762],[-3.434912734468337,47.62548469483691],[-3.434699591645397,47.625379060177934],[-3.434604267823788,47.62547463332508],[-3.434665754370054,47.62565185863707],[-3.434446108821466,47.625492396518325],[-3.434233785025936,47.625504118880265],[-3.43423243571742,47.62560353440267],[-3.433773927494756,47.62545725820933],[-3.433753071782851,47.62539519255608],[-3.433824841127934,47.62543638551231],[-3.433974330763467,47.62534685376228],[-3.433857066217139,47.62537138950831],[-3.433795316205292,47.62530255045504],[-3.434001403283456,47.625128615124815],[-3.43385434796161,47.62512770255887],[-3.433804784730342,47.62504915973135],[-3.433715144665926,47.62508120133914],[-3.433673433721145,47.62495706998194],[-3.433518793747461,47.62489335873574],[-3.43345379399558,47.624797605940145],[-3.433724880146895,47.6247194238568],[-3.433431855342686,47.62472656902591],[-3.433390412626336,47.62449405079679],[-3.433460280487199,47.62440891487507],[-3.433556421083089,47.62443070055074],[-3.433558855204964,47.62434025615958],[-3.433879501417424,47.62434061666266],[-3.433904140291976,47.624212822342734],[-3.433739483120932,47.624176757505545],[-3.433693988675979,47.6242424860925],[-3.433351137366466,47.62427947489649],[-3.433284774107753,47.62384061926928],[-3.433140972857759,47.62386661936908],[-3.433268253692125,47.62381443823156],[-3.433269604751011,47.62371502262883],[-3.433020996803961,47.623647467142796],[-3.432996892251073,47.62355848772092],[-3.432998243808834,47.62345907210825],[-3.433153146775381,47.623414397282914],[-3.433068110940556,47.62337393637579],[-3.433185371461817,47.62334940139666],[-3.433123344650118,47.62294643024134],[-3.433076767018789,47.623003187435835],[-3.432931069236381,47.62290285806445],[-3.432883139681692,47.62305903082043],[-3.432713338341506,47.62286972169849],[-3.432439279213574,47.6228126010681],[-3.432456888933305,47.62329027195003],[-3.432314172116868,47.62332524223755],[-3.432302255239841,47.623226559038585],[-3.432164955132892,47.6233063851444],[-3.432041194384948,47.623277091886294],[-3.43210077315389,47.62332798953555],[-3.432014654950974,47.623278556657866],[-3.432097793110097,47.6231926891129],[-3.431969429319171,47.623235897788376],[-3.43186679186057,47.62316028356676],[-3.431517446927603,47.62314343978161],[-3.43150228192696,47.623017842866645],[-3.43121495368516,47.62296145169319],[-3.431191120361261,47.623206603559844],[-3.430814425330847,47.62307386421777],[-3.430925726073203,47.623221249073],[-3.430778676058229,47.623220332633814],[-3.430891332483856,47.623268301913996],[-3.43083581487764,47.62336167531265],[-3.430653560355585,47.62329045350469],[-3.430742116161662,47.623249443002514],[-3.430637314276246,47.623155885271125],[-3.430429331075668,47.623203485594544],[-3.430312343143541,47.62311963099101],[-3.430142002968109,47.62314709178693],[-3.4300317875084,47.62300867740153],[-3.42999739326809,47.62305572998442],[-3.429854949930771,47.62298231044671],[-3.430250862332111,47.623384921648196],[-3.430134683374124,47.623418424900166],[-3.429993321845052,47.62335397676461],[-3.429994130628274,47.623471334788846],[-3.429936993919998,47.623329991706214],[-3.429883640476388,47.62344130709162],[-3.429659686678102,47.62324595090116],[-3.42956679847835,47.62325107568133],[-3.429385610079551,47.623631341551786],[-3.42961769476936,47.623672723220395],[-3.429434890173245,47.62381827309427],[-3.429515592382136,47.6238228517446],[-3.429506378891236,47.623967855511616],[-3.429376652825199,47.62411047686427],[-3.429272934499894,47.62402588917366],[-3.429359326844042,47.6239669372858],[-3.429308688443291,47.62387942127917],[-3.429185734947829,47.62396748300306],[-3.429070912936386,47.623901569641],[-3.429041655240785,47.62410186482029],[-3.428983437571915,47.62395155008994],[-3.42878844310422,47.62410680219705],[-3.428988299158749,47.62421317975254],[-3.428905960813972,47.62441640301373],[-3.428765404222693,47.62446931139664],[-3.428641919577252,47.624331627807734],[-3.428626207077103,47.624422804096255],[-3.428542255809257,47.62439131114401],[-3.428507885448384,47.62399584500334],[-3.428443978493192,47.623909060608],[-3.428345397993362,47.623977715021795],[-3.428430180576674,47.62368404779535],[-3.428253341552917,47.62365767842475],[-3.428319968446856,47.62354563183282],[-3.427932173596518,47.6234315576544],[-3.427825736508957,47.62354579976324],[-3.42771524742269,47.62351577001589],[-3.427733405157405,47.62333414949111],[-3.427647012041821,47.62339310019549],[-3.427731518764054,47.62320782020036],[-3.427639713012208,47.623221914690625],[-3.427628887362253,47.62313220225362],[-3.42753924681015,47.623164239153155],[-3.427510018126208,47.62292201552916],[-3.427342645110821,47.62308477280154],[-3.42718557326136,47.62311149743189],[-3.42713762671121,47.62326766781296],[-3.427043935935262,47.62315543253073],[-3.426885500796518,47.62328157231422],[-3.426897407672584,47.62338025606283],[-3.426844608995109,47.62327479646148],[-3.426771484797077,47.62333301472244],[-3.426855994462885,47.62314773535504],[-3.426759858912277,47.623125944149805],[-3.426773930364121,47.62324257042198],[-3.426710027129535,47.623155785044325],[-3.426634738152218,47.623196060718946],[-3.426496108748864,47.62293277721717],[-3.426612288933351,47.62289927757618],[-3.426551113462728,47.622613660938015],[-3.42666051763652,47.622634720545356],[-3.426676232967615,47.622543544437484],[-3.426544619240028,47.62255983339908],[-3.426438743715103,47.62245730061017],[-3.426462598528099,47.622212149619365],[-3.426369993354444,47.622108884995164],[-3.426459632836141,47.62207684897566],[-3.426125730772811,47.622077199818996],[-3.426392765997735,47.62185476271324],[-3.426208357953781,47.621765591390414],[-3.426195888942121,47.62188368126095],[-3.426121165446541,47.62170718286406],[-3.425875257540151,47.621883299663786],[-3.425840060731796,47.62181299290406],[-3.42568407408219,47.62184868679908],[-3.425620174287829,47.621761900763005],[-3.425344762674272,47.62180417906966],[-3.425361562161413,47.62172197437146],[-3.425277333316939,47.62179886591412],[-3.425166051134231,47.62165147556899],[-3.425079657906754,47.62171042442529],[-3.425007900319072,47.621669226016905],[-3.425085352580952,47.62164689390825],[-3.425033641292189,47.62155040466917],[-3.424949412246104,47.62162729598213],[-3.424972191446088,47.62137317391441],[-3.424859259741914,47.62143358578276],[-3.42476774106599,47.621339291124784],[-3.425111147608559,47.62108555363013],[-3.424857949415304,47.62109048249345],[-3.424921334037977,47.62095152385375],[-3.424777536497725,47.62097751369494],[-3.424889385271715,47.620908130611916],[-3.424874521062036,47.62067414575196],[-3.424664378359937,47.62070379330883],[-3.424621098020231,47.62034494196322],[-3.424490571065444,47.62037019991309],[-3.424449110949636,47.62058019711953],[-3.424425022068546,47.62049121578897],[-3.424308845752049,47.62052471329563],[-3.424353552243447,47.620341629994726],[-3.424221371462567,47.620574690264625],[-3.424196201030871,47.620476737598885],[-3.424111972472592,47.62055362835026],[-3.424081678858102,47.6203024322543],[-3.423829566151389,47.62031633017993],[-3.423754565839644,47.62024821709484],[-3.423817378923521,47.62032603292685],[-3.423742091754676,47.62036630679531],[-3.423639471466252,47.62029068523279],[-3.423642209261457,47.62009185388667],[-3.423580191341625,47.620131396220614],[-3.423639250835075,47.6199565530242],[-3.423531509720864,47.61972768788053],[-3.42349141550094,47.61983826912893],[-3.423368242783724,47.61959219263992],[-3.423310552307568,47.61966762003862],[-3.423309758274002,47.61955026173936],[-3.423212548900981,47.61951949627351],[-3.423272402868189,47.619462011520035],[-3.423012145253387,47.61962988258537],[-3.423016183792158,47.61977415478857],[-3.422916306138507,47.619499701175776],[-3.422754627077442,47.619598921680726],[-3.422669894233423,47.61945006612062],[-3.42262439018836,47.619515790554715],[-3.42257484868879,47.61943724273628],[-3.422464081610175,47.61951559496357],[-3.422404516283414,47.61946469229935],[-3.422253362374671,47.619762012188865],[-3.422291875510127,47.61941671473981],[-3.42198294562086,47.619180874525256],[-3.421962316199667,47.619452938922485],[-3.421893017708077,47.61932129417101],[-3.421781168364535,47.61939067444093],[-3.421860409851083,47.61993719335148],[-3.421689285007497,47.619847283573144],[-3.421687912482055,47.619946699238284],[-3.421599646406964,47.619879315968],[-3.421610461265664,47.61996902911338],[-3.421523276723083,47.61991061710069],[-3.421445533970427,47.62004133384044],[-3.421407391446677,47.6198357247521],[-3.421317752696416,47.619867756930795],[-3.421320413460275,47.62011144482738],[-3.421215050270368,47.620234652422035],[-3.421153030386948,47.620274193464205],[-3.42104500695641,47.6201537130305],[-3.421065553553763,47.620324168075946],[-3.420974043480406,47.620229870391626],[-3.421002159639917,47.620463124667644],[-3.420791317152029,47.619932887822465],[-3.420766063064626,47.62027745357855],[-3.420601225291799,47.619907237925055],[-3.420487503908629,47.61985028731197],[-3.420686448304594,47.620281840195815],[-3.420545106487629,47.620217380521574],[-3.420719090986413,47.62088511192666],[-3.420876948225274,47.620975754199186],[-3.421158847690908,47.62098731429378],[-3.420818171357704,47.621042208997025],[-3.420798819517575,47.621657376223695],[-3.420867036943736,47.62178005015384],[-3.420940165453375,47.62172183554325],[-3.420884632050775,47.62181520428523],[-3.421063331892045,47.62196791432404],[-3.4211375418925,47.62191867090587],[-3.421149437839303,47.622017355309296],[-3.421309753925107,47.622017552704726],[-3.421316242803569,47.6220713805496],[-3.420903219469808,47.62230184845901],[-3.420707712206863,47.62223134221444],[-3.420747228091268,47.62233753575146],[-3.420642445513083,47.62224396900857],[-3.420627801335575,47.62234411563079],[-3.420577178788429,47.62225659576617],[-3.42054356469149,47.622421003734885],[-3.420447726585641,47.62229082048605],[-3.420331543857345,47.622324314005354],[-3.420356414324507,47.62253065424319],[-3.420495599331224,47.62257717144414],[-3.420340688203552,47.622621829500986],[-3.420558025087502,47.62320589428337],[-3.420431814638094,47.62326703289558],[-3.420321624108249,47.62312860935672],[-3.420337256599487,47.62347995259053],[-3.420206719952711,47.623505205712014],[-3.42005996369337,47.62339588900025],[-3.420100560456783,47.62351105400487],[-3.420021235250696,47.62340705338468],[-3.419810784237705,47.62354507894168],[-3.419800266558394,47.623346979015075],[-3.41971632218965,47.62331547970185],[-3.41968408112529,47.62338047187212],[-3.419622646932895,47.62320323846972],[-3.419538407485459,47.62328012581491],[-3.419541060296972,47.62352381332504],[-3.419620679986099,47.623519427495864],[-3.419650168385488,47.62365326625677],[-3.419452199845003,47.62367320209462],[-3.419486308259626,47.623734539395386],[-3.419561603389285,47.62369426834005],[-3.419475200667329,47.62375321298869],[-3.419563470466058,47.623820597730486],[-3.419480311168479,47.623906456324505],[-3.41957536392685,47.62391928219781],[-3.419507636996184,47.624022352464145],[-3.419821793584001,47.623968923668144],[-3.419594826048452,47.62408076585815],[-3.419606719625175,47.62417945030907],[-3.419696366642146,47.62414741951458],[-3.419686045171457,47.62428345116951],[-3.41932204955401,47.62436671731543],[-3.419338267477872,47.62450128703778],[-3.418576054633574,47.62504899658503],[-3.418585784374109,47.62512973845365],[-3.418442270140817,47.62504733375738],[-3.418493972902831,47.62514382574108],[-3.418410026479327,47.62511232551809],[-3.418202807643572,47.625277262015196],[-3.417963157959128,47.62517305843189],[-3.417792505915055,47.62530888785892],[-3.417794966785582,47.625218443838946],[-3.417707478706614,47.6252684158085],[-3.417831719391084,47.625523468873226],[-3.417676199077215,47.625784896623315],[-3.417797795823739,47.62579626241928],[-3.417828959674831,47.62572229952771],[-3.417953799281098,47.625760579129555],[-3.418063392264758,47.6261157779741],[-3.417909549824524,47.626169404043694],[-3.418037633575078,47.62623459750625],[-3.417859411418121,47.62630762773064],[-3.417836895134776,47.62645336116426],[-3.417788136235296,47.62649216952013],[-3.417789516191922,47.62639275423532],[-3.417687375337369,47.6265428722078],[-3.417909435881255,47.62661192179392],[-3.417739860075077,47.6267567223607],[-3.417859297058914,47.62675014544933],[-3.417826752753935,47.62692352357303],[-3.417974595158011,47.62704181420773],[-3.417902238381577,47.62721738468257],[-3.417791747279135,47.627187345604696],[-3.417773853423765,47.627260577666476],[-3.417965051134672,47.62729520338311],[-3.418012431077826,47.627355810212684],[-3.417910587746163,47.62739754175704],[-3.418022160386298,47.62743655203235],[-3.417828501221857,47.627492370330756],[-3.417902423131682,47.627551515653956],[-3.418102867085735,47.627441138559746],[-3.418214141835236,47.62758853519525],[-3.418442991735799,47.627603025052586],[-3.418553078019655,47.628183967437565],[-3.418414663483413,47.62825480587015],[-3.418406500191844,47.628408779734265],[-3.418263760487565,47.62844373276065],[-3.418336900965497,47.628385519979666],[-3.418239678368717,47.62835475051446],[-3.418139995459105,47.62841442485048],[-3.418131831350828,47.62856839868273],[-3.41823908221568,47.62857152350035],[-3.418005306890466,47.62873792098443],[-3.418090339851365,47.628778392745744],[-3.418006089398272,47.62885527876508],[-3.41809328470155,47.62891369313461],[-3.418051010169813,47.629006329382435],[-3.417675571234506,47.62921665005346],[-3.417771415014405,47.62934683511286],[-3.417716949161282,47.6294491732883],[-3.417654915980171,47.629488712285365],[-3.41760429153167,47.62940119145411],[-3.417459386684591,47.62941820086421],[-3.417231310082819,47.62952106683888],[-3.417229929005658,47.62962048195679],[-3.417502144399374,47.62955130903187],[-3.417323910435571,47.62962433831437],[-3.417283495897132,47.629843303284815],[-3.417260495735826,47.629763292210114],[-3.417135346939768,47.62983339836276],[-3.417265300391501,47.63002492157464],[-3.417047729584008,47.630325886621655],[-3.416860845206291,47.63032714469971],[-3.416765480609425,47.630422703042264],[-3.416777370368283,47.63052138745881],[-3.41690792579606,47.63049613826134],[-3.416927682998031,47.63054923544904],[-3.41675376846496,47.6306581490574],[-3.416828774470015,47.63072626627309],[-3.416134665821938,47.63139663377295],[-3.415661975543767,47.63157617646557],[-3.415695781393584,47.63174590092915],[-3.415893781278484,47.6317259715412],[-3.416275904418142,47.6319036149547],[-3.4161973527673,47.63191696979406],[-3.416280704440268,47.63216524407059],[-3.41611573223931,47.632237540817016],[-3.416176386646612,47.632297417661505],[-3.416069128415753,47.632294290956004],[-3.416069906718506,47.63241164853415],[-3.416277938602785,47.63236407400742],[-3.416400329070531,47.63249279879146],[-3.416548485273071,47.63250270463211],[-3.416522418542274,47.632729909691584],[-3.41674005595127,47.63320559231511],[-3.416522770806981,47.63339816967997],[-3.416563367546006,47.633513335320124],[-3.416672790120077,47.6335344041646],[-3.416642701034494,47.63361733774685],[-3.416405655953381,47.63375681770641],[-3.416588883215827,47.634279548656316],[-3.416535490988216,47.634390857314216],[-3.416914392360695,47.634541584512846],[-3.417169216603472,47.634771387767024],[-3.417287590532097,47.63475584018041],[-3.417282966238544,47.63482834117336],[-3.417461217636926,47.634755312149686],[-3.417668658875246,47.6349245074746],[-3.417949550144435,47.63492710395075],[-3.417925949296461,47.635063865474734],[-3.418412421366965,47.635109326640766],[-3.418568938029205,47.63529938620844],[-3.418633139881,47.63527778938696],[-3.418563234141582,47.635362915960414],[-3.418802146395442,47.63534976039006],[-3.419191771604111,47.63603270840822],[-3.419797907871063,47.63762487481133],[-3.420351466235066,47.63822654519244],[-3.421126947927122,47.63856312678701],[-3.423276631946778,47.63910394884813],[-3.425099356444965,47.639924649171704],[-3.426536104332768,47.640757571075596],[-3.426656654323815,47.640759956388756],[-3.426613302521072,47.640843623996034],[-3.426776923520132,47.640870727398834],[-3.426831905055107,47.64099412840929],[-3.426835434119395,47.64091265610174],[-3.426942710301817,47.640915772907995],[-3.427015578084343,47.64096594088518],[-3.426943512642556,47.64103312988841],[-3.427032100741974,47.64099212257516],[-3.427326018897066,47.64110235049498],[-3.427283750737015,47.6411949894992],[-3.427419741774566,47.64121458451023],[-3.427306770852979,47.64127499812617],[-3.427331956803815,47.64137294906969],[-3.427430570741092,47.64130429612845],[-3.427476890964141,47.64135592751803],[-3.427469310621908,47.641293129390505],[-3.427620742100862,47.64132993462677],[-3.427606351338789,47.641764209632775],[-3.427730152526286,47.641793507310176],[-3.427750482346336,47.64162983081285],[-3.427977229054348,47.64162635957121],[-3.428001890043836,47.64149856763857],[-3.428320473209858,47.64148100108867],[-3.429086579886829,47.64162840314359],[-3.429090636512472,47.641772673498025],[-3.429227988728847,47.64169285176792],[-3.429199805076456,47.64190211628705],[-3.429400811840011,47.642017463300036],[-3.429292450073515,47.64200537761152],[-3.429327664748156,47.64207568259741],[-3.429480182988836,47.64212145654889],[-3.429397011128239,47.642207321390515],[-3.42944414189791,47.64237630885753],[-3.429535447274092,47.64213647045649],[-3.42960696081354,47.642286051395835],[-3.429665750134537,47.642219592904546],[-3.429719656435049,47.642334021333475],[-3.429913357019549,47.6422781837496],[-3.430200240170486,47.6425513490376],[-3.430062338913861,47.64284794331658],[-3.429869719758109,47.64291275226241],[-3.430040932348715,47.64300264898305],[-3.429909269189034,47.6430189415639],[-3.4298458713436,47.64315790132614],[-3.429683325087346,47.64313977338556],[-3.429557886072529,47.64331827805099],[-3.429617759897517,47.64326079075224],[-3.429746982302268,47.643334941929325],[-3.429887587611361,47.64328203288141],[-3.429846954685916,47.64316687245666],[-3.429954235575789,47.64316998649415],[-3.429997584030219,47.643086317748455],[-3.430116782016104,47.643188114057565],[-3.430220812746894,47.64316431446643],[-3.430216205296138,47.643236815654106],[-3.430392026736075,47.643254210660835],[-3.430401241150316,47.64310920827004],[-3.430676758712926,47.64306691850522],[-3.43090188918018,47.642828727921525],[-3.431015670644844,47.64288566771759],[-3.431149772183855,47.64277893041032],[-3.431706220502852,47.64273920226221],[-3.432344213243413,47.642821404949004],[-3.432652510850868,47.6429398580576],[-3.432635715915523,47.64302206290289],[-3.432721051476628,47.64295413800198],[-3.432860300528882,47.64300063997655],[-3.43279365887782,47.64311268803126],[-3.432930740685535,47.643141247711554],[-3.432974631856756,47.64328332036837],[-3.433030166446322,47.64318994691481],[-3.433183774952306,47.64324468710579],[-3.433051844081378,47.643369368921384],[-3.433147750790472,47.643499540407745],[-3.433315986521918,47.64345413332329],[-3.433341184531435,47.64355208286019],[-3.433428687944303,47.64350209965427],[-3.433561168154439,47.64360315988943],[-3.433868921782713,47.643495867286475],[-3.434315660120109,47.64354345978455],[-3.434870501097818,47.64371151685894],[-3.434956654921228,47.64376094710862],[-3.434903291521395,47.64387226361075],[-3.435008405675031,47.64385743084586],[-3.434985372897833,47.643777423844114],[-3.4351479228972,47.643795544402614],[-3.435142237839213,47.64385907468253],[-3.435264963755639,47.64387939326605],[-3.435209432359016,47.643972767748274],[-3.4353045246392,47.643985580687676],[-3.435227864838117,47.644125276049365],[-3.435360613391886,47.64411794855957],[-3.435350327989712,47.644253980190754],[-3.435259572317282,47.64427705159121],[-3.435296701398394,47.64447368248224],[-3.435420513093608,47.6445029719696],[-3.435348453458249,47.644570166033084],[-3.435845608421028,47.644813650723],[-3.435945302162732,47.64475396178582],[-3.4360314586648,47.644803391216165],[-3.436100264478087,47.644709283544024],[-3.436300212270085,47.6448156474539],[-3.436996195471774,47.64471400619869],[-3.437266033469874,47.644735231272385],[-3.437286900826441,47.644797295677044],[-3.437859894765757,47.64478371844993],[-3.437850390612934,47.644594593379644],[-3.43797880102026,47.64455137871826],[-3.437769914772578,47.64448163490037],[-3.437885050074649,47.64443915336885],[-3.437837890752673,47.64427016948899],[-3.438124771521063,47.64410080138711],[-3.438427665318786,47.64417438393375],[-3.438593729019633,47.644111027173324],[-3.439196519648468,47.64412289026997],[-3.439316822453281,47.64423364817669],[-3.439437635975041,47.644127634637876],[-3.439594508758152,47.64420927948401],[-3.439509179939405,47.644277209360354],[-3.439584234131495,47.64434531148123],[-3.439669562963596,47.64427738155247],[-3.439659288515157,47.64441341355149],[-3.439847561005704,47.64431270438921],[-3.439892234113679,47.644129617394185],[-3.440003857802987,47.64416860633345],[-3.440004688917321,47.6442859630241],[-3.439900660364258,47.64430977131228],[-3.439863836752191,47.644447269868365],[-3.440002264810672,47.64437640661602],[-3.440140114768955,47.64407980084362],[-3.440207543772081,47.64411848234402],[-3.440135267025236,47.64426068804818],[-3.44021791776045,47.64439158696844],[-3.440296735123273,47.644269830409314],[-3.440217437209538,47.64412415783148],[-3.440312433526802,47.64417865348794],[-3.440513978729213,47.644077209919686],[-3.440460373575372,47.644296914600794],[-3.440649729322532,47.644205175167045],[-3.440683295194892,47.644040763268656],[-3.440776218514586,47.64403562970283],[-3.44078924091106,47.6441432819991],[-3.440884334834637,47.64415609039624],[-3.440895187034307,47.644245800628006],[-3.440965068782655,47.64416066108739],[-3.441022257004616,47.64430199725113],[-3.441393117695699,47.64416410478774],[-3.441396122478753,47.644299403504895],[-3.441612276897123,47.64409780995728],[-3.441672973391187,47.644157673192055],[-3.441857734847815,47.64413843339847],[-3.441818160810665,47.644032248204425],[-3.441894553109099,47.64400093419194],[-3.442028135999269,47.64411095581445],[-3.442177664185258,47.644021414431094],[-3.442601121361327,47.64409735533215],[-3.442690539533038,47.64417369289145],[-3.442806755793998,47.644140177510266],[-3.442704651351838,47.64429031597255],[-3.442926818109653,47.644359317360035],[-3.443078516662255,47.64428771684318],[-3.442895088774225,47.644207543906035],[-3.443031093219009,47.64422712071541],[-3.443125349851518,47.644122570616275],[-3.443285732422429,47.644122737844796],[-3.443247241167921,47.64402552413567],[-3.443335821704318,47.64398450452529],[-3.443478339649176,47.64405790682368],[-3.443445276314046,47.64400554817713],[-3.443614590550145,47.643969097277086],[-3.443519743120197,47.64384790541546],[-3.443705834961325,47.643729248004966],[-3.443672525102545,47.64378527510907],[-3.44380418594884,47.64376896702577],[-3.44381336400715,47.643623963618154],[-3.444207259216537,47.64356606744731],[-3.4441874700529,47.643512975234806],[-3.444391176959507,47.643429466936055],[-3.446239958178078,47.644681910628506],[-3.44644125312761,47.644688842512686],[-3.446249733355703,47.644762649367365],[-3.445708605192009,47.644377141177],[-3.445621111847644,47.64442713355602],[-3.445664436757731,47.64434345905426],[-3.44558153010771,47.64432094965268],[-3.44547617513724,47.64444417758746],[-3.445451197326703,47.64423784504686],[-3.445093266328508,47.644040888525595],[-3.444968120621323,47.64411102397429],[-3.444789033989853,47.64406673794692],[-3.444723501919624,47.64418776372953],[-3.444814985905308,47.643839527930325],[-3.444438952200929,47.64382419063266],[-3.444450896121721,47.64392287154112],[-3.444334926526626,47.643848002874435],[-3.44430596040718,47.64393991412545],[-3.444001728262845,47.64396576149819],[-3.443948383526973,47.644077082118706],[-3.443868735168092,47.644081484484786],[-3.443828071462188,47.64396632897179],[-3.443696410136244,47.64398263708032],[-3.443535287632437,47.644307627430265],[-3.443393607510716,47.64435158187332],[-3.443372238992288,47.644506289858995],[-3.44307777351752,47.64461287380337],[-3.443050385955951,47.64449698441769],[-3.442810104928699,47.644609604156734],[-3.442798163888471,47.64451092311587],[-3.442476310924308,47.64450161609327],[-3.442506365996038,47.64441867632991],[-3.442270924718513,47.644350407687405],[-3.442134670607716,47.64443921564952],[-3.441985391113654,47.64442037130868],[-3.441935297924368,47.644558604017895],[-3.441881363182315,47.64444418135864],[-3.441690923343005,47.64452695176275],[-3.441485288315333,47.64448412762949],[-3.441469340842739,47.64468369033379],[-3.441343354797576,47.644636465225005],[-3.441361222133116,47.64456323021473],[-3.441140723786498,47.644728939175984],[-3.441198164618124,47.64476188958319],[-3.441002296325359,47.64479980376407],[-3.440929410159105,47.6447496446108],[-3.440818617490936,47.644828013219275],[-3.440865205937695,47.644771253578334],[-3.440713755559896,47.644734465574366],[-3.440836737879728,47.644646392662075],[-3.440764937285659,47.64460520442398],[-3.440572324786988,47.64467003095379],[-3.440697225030937,47.64470828587052],[-3.440572071980859,47.64477841658637],[-3.440462616918986,47.64475737025151],[-3.440518139939777,47.644663993310964],[-3.44032903563844,47.64464734687624],[-3.440204967362743,47.64472644822705],[-3.440339887004464,47.64473705713665],[-3.440084407807118,47.64472407689776],[-3.440078728527391,47.64478760738703],[-3.439870669438595,47.64483522398987],[-3.439919683168948,47.64468802115586],[-3.439816993184156,47.64461241475993],[-3.439616529651649,47.64472282813027],[-3.4395192650226,47.644692076637995],[-3.439673139141195,47.64463842262256],[-3.439446380397523,47.64464191655681],[-3.439388685567297,47.64471735091982],[-3.439119102572846,47.644587745113846],[-3.43906466210615,47.64469009243114],[-3.438957377629241,47.644686986761066],[-3.439231556076731,47.64474409145056],[-3.43896254608312,47.64484022758026],[-3.439088530502292,47.64488745525108],[-3.439100464766571,47.644986136651596],[-3.439013220207204,47.64492773845175],[-3.438930059312942,47.64501360995345],[-3.438790799718678,47.644967115261544],[-3.438868023758393,47.64505315989547],[-3.438699787710427,47.64509857493614],[-3.438609288844785,47.64501326331909],[-3.438677005519858,47.64491018309892],[-3.438554275933634,47.644889868110134],[-3.438528296849673,47.64511707661125],[-3.438349212186967,47.64507278073689],[-3.438250605333853,47.64514144275853],[-3.43835680587,47.6451355780345],[-3.438351124489644,47.64519910842617],[-3.438180975635593,47.6451181950301],[-3.438099982647941,47.6452220080197],[-3.437939596789675,47.64522183367323],[-3.438079941076307,47.64527730041772],[-3.438157991490182,47.64548070213831],[-3.437948016620373,47.645401987629626],[-3.437863768535427,47.64547888730673],[-3.437838561314445,47.64538093884354],[-3.43780064692224,47.64550946562732],[-3.437563863246682,47.64554060207638],[-3.437624556840067,47.64560046736911],[-3.437521609345095,47.6456332445697],[-3.437454407807961,47.64551955293196],[-3.43717862325107,47.64567024419941],[-3.437152332577814,47.64556332454668],[-3.437240920352008,47.645522309589886],[-3.437069427623665,47.64554080911979],[-3.436816417744585,47.64587989160464],[-3.436731343331259,47.64583943383496],[-3.436777112967589,47.64566531923158],[-3.43692205577252,47.645648286001574],[-3.436913379125384,47.64557651757388],[-3.436822621879421,47.64559959017248],[-3.436875983002726,47.64548827289391],[-3.436704490257255,47.64550677188853],[-3.436696898465908,47.645443974495684],[-3.436558463248575,47.64551483379267],[-3.436479073258091,47.64541084553621],[-3.436359596804825,47.64541744142302],[-3.436212223864699,47.64552491741646],[-3.436163984431697,47.64534696189532],[-3.436164807119372,47.64546431854115],[-3.435879521890555,47.645425881620504],[-3.435697481516368,47.64568879629155],[-3.435564992082265,47.645587738588354],[-3.435519218557366,47.64576185272393],[-3.435391066580333,47.645696679091834],[-3.435420049008638,47.645604770135506],[-3.435634884092389,47.64550260229525],[-3.435441441022363,47.64545006369339],[-3.435339313350881,47.64560019561646],[-3.435337408164038,47.645473867904364],[-3.435142353535763,47.64562912888963],[-3.435025309032155,47.64554527997974],[-3.43492127580256,47.64556908381905],[-3.434857332580491,47.645482303901844],[-3.435084359151989,47.64537043329409],[-3.435181622461577,47.64540118846718],[-3.4351718639138,47.64532044883002],[-3.43497382079172,47.64534041075241],[-3.434906096417124,47.64544348880321],[-3.43460021265227,47.64523459836036],[-3.434670105739125,47.64514946262871],[-3.435013090224974,47.64511247035234],[-3.434913923373,47.64495538728122],[-3.434557399721552,47.64510149753627],[-3.434583660676052,47.64476590430258],[-3.43430488506196,47.64478128999806],[-3.434334134340275,47.64458099564357],[-3.43418160490635,47.64453522808691],[-3.434000909432657,47.64469872570252],[-3.433744347933081,47.64467676051615],[-3.433977059937877,47.64450136182435],[-3.433954028429059,47.64442135464611],[-3.43379147692881,47.6444032324326],[-3.433866790425403,47.644362952586555],[-3.433735391768602,47.64427086382715],[-3.433829400191357,47.64427470687587],[-3.433831834755741,47.6441842634075],[-3.433770880410505,47.64423278174889],[-3.433680390893325,47.64414746627605],[-3.433575275799249,47.644162297844],[-3.433593153636907,47.644089064003886],[-3.433360709619681,47.64415607632319],[-3.433342831440565,47.644229310125205],[-3.433208182235227,47.644110307485704],[-3.433072997561593,47.64420807598585],[-3.433127449028191,47.644105731434806],[-3.432993616307509,47.644104085290614],[-3.432970586444653,47.64402407790199],[-3.432754668361631,47.64411726982319],[-3.432818606528541,47.64420405095267],[-3.432664726771072,47.644257695953236],[-3.432688562727176,47.64401254645455],[-3.432612165010413,47.64404385444778],[-3.432552831715714,47.64388457194566],[-3.432429023029395,47.643855279410225],[-3.432519779208238,47.64383221020329],[-3.432419268929106,47.643774539478244],[-3.432465865389882,47.64371778315547],[-3.432139414129593,47.6437809489114],[-3.432126409271467,47.64367329563143],[-3.432064370232757,47.643712841988695],[-3.43180483383222,47.64355557353337],[-3.431869581212262,47.64331719815815],[-3.431792370969539,47.64323114882153],[-3.431489220429149,47.64326593473592],[-3.43161085994895,47.64327728604904],[-3.431440997018919,47.64353049093863],[-3.4314344953183,47.6434766642537],[-3.431331548118745,47.64350943603671],[-3.431427181391826,47.643305480763225],[-3.431166021479681,47.64335601113034],[-3.431170083858551,47.64350028128292],[-3.431088268191369,47.6434867327049],[-3.431164394096287,47.64356381137897],[-3.431074721345421,47.64359585065346],[-3.431154370033902,47.64359145700757],[-3.431076888461378,47.643613792887535],[-3.431129715626702,47.64371924946646],[-3.43103787548466,47.64373334647828],[-3.431091786256656,47.64384777418405],[-3.430920296778582,47.64386626470513],[-3.430926798007999,47.64392009140776],[-3.431086096364124,47.643911304264805],[-3.431114541214545,47.64403616760351],[-3.43093871696266,47.644018773691066],[-3.430820864771089,47.644260077438275],[-3.43075720252493,47.644064909573544],[-3.430594107057018,47.64426355419378],[-3.430363825419727,47.64434850278123],[-3.430272257717335,47.644254213553594],[-3.430184750114664,47.64430419437607],[-3.430156307297006,47.64417933082844],[-3.429998091376309,47.644197087826846],[-3.430118923327706,47.64409108392205],[-3.430018415155713,47.644033411139546],[-3.429654300945927,47.644116708633554],[-3.429629109437274,47.644018758330425],[-3.429713367083333,47.643941864532586],[-3.429810624693324,47.643972624199314],[-3.429830948962247,47.64380894752549],[-3.429516685596802,47.643862402694324],[-3.429547843755432,47.64378843736835],[-3.429644017668755,47.643810226045986],[-3.429589026729325,47.64368682653957],[-3.429208389620523,47.643743941368456],[-3.429319197087506,47.6436655837254],[-3.429224106814968,47.64365276591279],[-3.42919350011238,47.643509959819234],[-3.429072391480342,47.64372434846507],[-3.429011709615446,47.64366447867199],[-3.429224658513182,47.6434359945659],[-3.429312992596308,47.64306085736464],[-3.429191078144501,47.643157889356225],[-3.429026365702737,47.64312181822823],[-3.428887926324772,47.643192668522765],[-3.42878958750352,47.643152936935216],[-3.428812080921808,47.64300720265097],[-3.42865603430786,47.64304290012431],[-3.428683414499182,47.642716279001824],[-3.428840543303147,47.642689552627935],[-3.42868721778603,47.642526420984815],[-3.428731121394725,47.64222598120024],[-3.428602986199676,47.642160800003644],[-3.428413894487747,47.64214413426371],[-3.428439082880919,47.64224208492434],[-3.428288731310189,47.64221425191554],[-3.427873416198827,47.642426799777596],[-3.427934899923844,47.64260402707816],[-3.427848197194495,47.6427713630612],[-3.427798626416374,47.64269281840202],[-3.427747940411968,47.6430478165592],[-3.427632800042818,47.64309028813228],[-3.427562060755397,47.64350057678878],[-3.427564819038731,47.64285923380008],[-3.42751035817576,47.64296157582493],[-3.427449678930734,47.64290170519687],[-3.427271657460335,47.64330887738091],[-3.427223449845797,47.643130917964605],[-3.427299849416908,47.64309961347999],[-3.427223729756266,47.64302253226956],[-3.427142718633916,47.64312633777625],[-3.427140832939255,47.643000009768556],[-3.427030303958756,47.642969979675314],[-3.427197460333368,47.642915610230524],[-3.427134615731255,47.64283779712432],[-3.427232429625398,47.64265178752934],[-3.427068802934023,47.642624684789546],[-3.427113238339718,47.642549988249414],[-3.426980772955613,47.642448920648334],[-3.426678706519021,47.64249266525597],[-3.426610449255733,47.64236999603331],[-3.426580089418431,47.6425613175202],[-3.42642079435048,47.64257009852606],[-3.426398056588282,47.6423817040492],[-3.426374192462618,47.6426268524718],[-3.426205953433195,47.64267224958045],[-3.426202423291494,47.642753721794485],[-3.426074289917997,47.642688537842645],[-3.426081868816798,47.64275133601512],[-3.425919325077783,47.64273320283437],[-3.425816941457445,47.642549198340085],[-3.425735928317135,47.642653002896914],[-3.425666307318652,47.64262974768108],[-3.425703399904736,47.64282638178757],[-3.425475848808082,47.64271249173336],[-3.42533740577819,47.642783337836086],[-3.425464790688151,47.6422886516478],[-3.425365089830297,47.64234833171892],[-3.425244820234482,47.642237559340614],[-3.425374601408645,47.64209494391369],[-3.425431746124159,47.64223628785714],[-3.425510310653355,47.642222926879775],[-3.425437726102465,47.64206437225183],[-3.425562093355448,47.64187690071741],[-3.425451619024584,47.64140435484464],[-3.425035041845,47.64083127859996],[-3.424892557888995,47.640757853684576],[-3.425046949214875,47.640929961642435],[-3.424944003005897,47.64096272784077],[-3.424629809755749,47.64057365548547],[-3.424143568731414,47.64041983450419],[-3.423734589016538,47.639909551720265],[-3.422887580043134,47.639423402450895],[-3.422827703273833,47.63948088641525],[-3.420802092383117,47.63886097534749],[-3.419806953629239,47.63836490306442],[-3.419244452277207,47.63779984608995],[-3.418824832155599,47.636757317532016],[-3.418530766772534,47.63631293857813],[-3.417853467057699,47.63568195087022],[-3.417870282451367,47.63559974783811],[-3.417793888085842,47.635631046278576],[-3.417701575610085,47.635419389397185],[-3.417607284549413,47.635523919454016],[-3.417523921460135,47.63527564655529],[-3.417376838465059,47.63527471324871],[-3.417215701706914,47.63515715305943],[-3.417181888863008,47.634987429335084],[-3.416986039389878,47.63502530344781],[-3.417028320537524,47.63493266787346],[-3.416790791749074,47.634846404979875],[-3.416693859525097,47.63470724819411],[-3.416389968522884,47.63462463765333],[-3.416172630752911,47.63404056855421],[-3.416186205640004,47.63393145179455],[-3.416255811161052,47.633954712763995],[-3.416194678439907,47.6336690923314],[-3.41631161970628,47.63297631451941],[-3.416167913974539,47.63255977730936],[-3.416061736027049,47.63256562190397],[-3.416072068336304,47.63242959115023],[-3.415893044887433,47.632385260568334],[-3.415848733283597,47.63201743682078],[-3.415738233400338,47.63198739587481],[-3.415725567696434,47.63177135381508],[-3.415514599148737,47.63168362712182],[-3.415548234569158,47.63151922138513],[-3.415456715049928,47.631424919921386],[-3.416280308065074,47.63072033665154],[-3.416216412940221,47.63063354586754],[-3.416327212261527,47.630555200014165],[-3.416226744481275,47.630497514964354],[-3.416432908861716,47.63032361110232],[-3.416439695573505,47.63026905260355],[-3.416310221285729,47.63030327259635],[-3.416330279785444,47.630247983505214],[-3.41649524554665,47.63017568638154],[-3.416204350061669,47.63020073093959],[-3.416117154723143,47.630142315198825],[-3.416164058916429,47.62997717857768],[-3.416005880440502,47.629994916759784],[-3.415964206840798,47.62987077939578],[-3.415819300196303,47.62988778676721],[-3.415790898666048,47.629762918791975],[-3.415895990342494,47.62974810311303],[-3.415962045362883,47.62985283675399],[-3.415964509544485,47.62976239298434],[-3.416160340431951,47.62972452048119],[-3.416085034229838,47.629764789218754],[-3.416161118897778,47.629841878214435],[-3.41617901583111,47.629768646497176],[-3.416311731291096,47.62976134059502],[-3.416361273156179,47.6298398906529],[-3.416360494250314,47.62972253292086],[-3.41658394859307,47.629692169814874],[-3.416625145369148,47.62959056281477],[-3.416650306204817,47.62968851665248],[-3.416498312081626,47.62986846980801],[-3.416608808006101,47.62989851006787],[-3.416818813404425,47.629534746571835],[-3.417015723759021,47.62950584394484],[-3.416980533594026,47.629435534791476],[-3.417140091330188,47.629318380157216],[-3.417104901124965,47.62924807103453],[-3.417027434495175,47.62927039776345],[-3.417091930129943,47.629140415272715],[-3.416972487703153,47.62914699139133],[-3.417010440623512,47.62901847028053],[-3.417120154512122,47.62893115229424],[-3.417258272449211,47.62896870188554],[-3.417236353635819,47.6288976620834],[-3.417427556862015,47.62893228865064],[-3.417604707378636,47.62885028787357],[-3.417683553371633,47.628728545593056],[-3.41757414025038,47.62870747764307],[-3.417762997094239,47.62839003027219],[-3.417973472503969,47.62825200874921],[-3.417899549545338,47.62819286349231],[-3.418023910953437,47.628005398636795],[-3.417978991100906,47.62785434793107],[-3.417809710482816,47.62789076198537],[-3.417920501772366,47.62781241450992],[-3.417839794527248,47.62780782785739],[-3.4178731215283,47.627751807657305],[-3.417680841257301,47.6277082104834],[-3.417764009371947,47.627622353338616],[-3.417382693046197,47.62756207226368],[-3.417522487635423,47.627391819798184],[-3.417455351661158,47.62727811558778],[-3.4171400923437,47.62732256660592],[-3.417040710636747,47.627273853482045],[-3.417053201160955,47.62715576491708],[-3.416854137826746,47.62716672499212],[-3.416915388816355,47.627009828480524],[-3.417166454052325,47.626986974205124],[-3.417389115360038,47.626839251614975],[-3.417148379376647,47.62672607512154],[-3.417144656459696,47.626473416633],[-3.416975379651688,47.626509829504066],[-3.417032005624724,47.626425434173306],[-3.416898217730413,47.626423769578246],[-3.416999279735893,47.62626468095872],[-3.416870896338793,47.62630787297136],[-3.416874740470055,47.626118013729254],[-3.417055125031478,47.626062927657],[-3.417298800519406,47.62631140497159],[-3.41744291575024,47.62617703779422],[-3.41730294309382,47.62601315909145],[-3.417454324215474,47.62604997779485],[-3.417242894734994,47.625736509364714],[-3.416928725163672,47.62578993117557],[-3.416932268337441,47.625708458527356],[-3.416736753843022,47.625637945759216],[-3.416862974129877,47.62557681121448],[-3.416650646142727,47.62558850161283],[-3.416652630757741,47.62527231297336],[-3.41670138936851,47.62523350506715],[-3.416792900471716,47.6253278058567],[-3.416772365591582,47.62515735049799],[-3.416881470304663,47.6252868059073],[-3.416864177540427,47.62514326456393],[-3.41699039651169,47.62508212986593],[-3.416815720079228,47.62507368586444],[-3.41683853946948,47.62481956583451],[-3.417016156976236,47.62496331049426],[-3.416947944331677,47.62484063451572],[-3.417102564372056,47.62490436770146],[-3.417097760974832,47.62464273764011],[-3.417291410565541,47.62458692047136],[-3.417315189472134,47.62478428978461],[-3.417352357454917,47.62453841023486],[-3.417401896004064,47.624616960062724],[-3.417525951326748,47.62453788210512],[-3.417399552662172,47.62426488591899],[-3.417579930420175,47.62420979898371],[-3.417544144075332,47.62435626326135],[-3.41762700789119,47.6243787927881],[-3.41762976829018,47.624179962000966],[-3.417983738046206,47.62412434589751],[-3.417998871555109,47.62424994449446],[-3.41783392614234,47.624322243962304],[-3.418072789163734,47.62430908980855],[-3.41814838440796,47.62416043294659],[-3.418046845722333,47.62409377794487],[-3.418296815745497,47.62406194987712],[-3.418097764203371,47.62407291208903],[-3.418076927258566,47.62401084359373],[-3.418279221602083,47.62402679539649],[-3.418332599827979,47.62391548534673],[-3.418558190849622,47.62390306102635],[-3.418371924556562,47.62368754801776],[-3.418545515651427,47.62368701837247],[-3.41856340725038,47.6236137860578],[-3.418344601365882,47.62357165159249],[-3.418302927342047,47.623447514652284],[-3.418186740750726,47.6234810060181],[-3.418015909236595,47.62328270424227],[-3.417838777827302,47.62336470587801],[-3.417836914847847,47.62323837643041],[-3.417706676738121,47.623155239975915],[-3.417764976920214,47.622863041884436],[-3.417924996849461,47.622971630726894],[-3.418012779466399,47.622813271730934],[-3.417776383910693,47.62273598163707],[-3.417922351442349,47.622727943110974],[-3.417941324500215,47.62266368219155],[-3.418046103167899,47.62275725133753],[-3.418141451779034,47.62266169157234],[-3.417952432402355,47.62264500873367],[-3.417930515261637,47.62257396883058],[-3.418052104748603,47.62258533438056],[-3.418097915369717,47.62241122500449],[-3.417950867808157,47.62241029241442],[-3.417961193338151,47.6222742607819],[-3.418110700720964,47.62218474919138],[-3.417988329761354,47.622056025515796],[-3.41818737380579,47.62204506347905],[-3.418146185825916,47.622146671424716],[-3.418240452203833,47.62204214021193],[-3.418255585726447,47.62216773891001],[-3.418383958046771,47.62212454528346],[-3.418282422939286,47.622057890416826],[-3.418373148173512,47.62203483193862],[-3.418450008515271,47.62222927792845],[-3.418502303578884,47.62210899636463],[-3.418735157226045,47.62226775786466],[-3.419158408481348,47.62234378457646],[-3.418983252635897,47.622109598791404],[-3.418988954607637,47.622046068584815],[-3.41911378644888,47.6220843470192],[-3.418992494388744,47.621964595717316],[-3.419174728825217,47.62203583576939],[-3.419143568990644,47.62210979916021],[-3.419201267993344,47.6220343739145],[-3.41880701727197,47.621866441384014],[-3.418754236074044,47.621760978043895],[-3.418611514372106,47.62179593161479],[-3.418557950012438,47.62157310997294],[-3.418817934243827,47.62151363588608],[-3.418771045695841,47.62167877429214],[-3.418894307807023,47.621482336548176],[-3.419148589513207,47.6214863919448],[-3.419171588938329,47.621566402988506],[-3.419202748416915,47.6214924395696],[-3.419403850859781,47.621941936929595],[-3.419260446668765,47.62141701427075],[-3.419624422270591,47.621333748190644],[-3.419853147919929,47.62179075418041],[-3.419826117301522,47.6215664711102],[-3.420018377203466,47.62161006489041],[-3.420156677077841,47.621981743121076],[-3.420115588542349,47.62164083298192],[-3.42026263402223,47.62164176284693],[-3.420120796283175,47.6213515576077],[-3.420140648734773,47.62096213556509],[-3.420032626196951,47.62084165423754],[-3.420132881229854,47.62056520419005],[-3.420025646338483,47.620562081098434],[-3.420071154474642,47.62049635771218],[-3.419991539331065,47.620500743855246],[-3.419787685230457,47.62025007843446],[-3.419787193820003,47.62002433318223],[-3.419902290683435,47.619981868834884],[-3.419759869431772,47.619908436870055],[-3.419862778223315,47.619875674883595],[-3.419859042938044,47.6196230155923],[-3.41997738249532,47.61960746515884],[-3.419933839963463,47.619356998882836],[-3.42019892400754,47.619450765320536],[-3.420296719217883,47.61926475928651],[-3.420311856790727,47.61939035789709],[-3.420345175943246,47.61933433674935],[-3.420449952289788,47.61942790389864],[-3.420328957050959,47.619199766809814],[-3.42035578850578,47.61908991767296],[-3.420453783197714,47.61923804386786],[-3.420336913431745,47.61871165965468],[-3.420474219406058,47.61863184726594],[-3.420429794618924,47.618706542203135],[-3.420573294875107,47.618788944725594],[-3.420649168469995,47.618531898774776],[-3.420564149889159,47.6184914286631],[-3.420678161529701,47.61843999218676],[-3.420614273952603,47.6183532032603],[-3.420717472211088,47.61821205342764],[-3.420857727600345,47.61826754163051],[-3.420870118188473,47.61859197168679],[-3.420928892293856,47.6185255167793],[-3.421104629325986,47.618542925983434],[-3.421227789188999,47.618789004992074],[-3.421190729787615,47.61859236702512],[-3.421269260584439,47.618579008736475],[-3.421126344138171,47.61827983293739],[-3.421420416624277,47.61828168994039],[-3.421491959706204,47.61798875807488],[-3.421393672813324,47.617949019745815],[-3.421468958344904,47.61790874734133],[-3.421704755906327,47.618202804311174],[-3.421628388682217,47.61823410553952],[-3.421725594801933,47.61826487234423],[-3.421742689654847,47.618074280940036],[-3.421857780758954,47.618031814623095],[-3.421878619765721,47.61809388263427],[-3.421918716016105,47.61798330184071],[-3.422018084879654,47.61803201104664],[-3.422126607496096,47.618378236170244],[-3.422029901814717,47.618573215137864],[-3.422256049135746,47.61834400952084],[-3.422241988844177,47.61822738241142],[-3.422364650929125,47.6182477148135],[-3.422451331019319,47.618080380782025],[-3.422597285118266,47.61807233639414],[-3.422563679876578,47.61823674529708],[-3.42270530784043,47.618192815520594],[-3.422677400037455,47.618293693935634],[-3.422783548876753,47.61828784328497],[-3.422810878999342,47.61840373898591],[-3.423031613798944,47.618129675289424],[-3.423149949121996,47.61811412162938],[-3.423038392217367,47.618075116065384],[-3.423111513284625,47.618016899984646],[-3.423252852374552,47.618081356625645],[-3.423287755545699,47.61826005137654],[-3.423169419939344,47.618275605175064],[-3.423182400549678,47.61838326086295],[-3.423070554846919,47.61845264240107],[-3.423171295363504,47.61840193485901],[-3.423407104479333,47.618695988317334],[-3.423463999412111,47.618503202472155],[-3.423358137848306,47.618400666677346],[-3.423448854675322,47.61837760421313],[-3.423515992221704,47.61849130549832],[-3.423674134119062,47.618473557041696],[-3.42367983012052,47.618410026487716],[-3.423575844709486,47.61843382055903],[-3.423499765593294,47.61835673594109],[-3.423640311309977,47.61830383372901],[-3.423788429480173,47.61831373045965],[-3.423801411347974,47.618421386076626],[-3.423950611723933,47.61844025390202],[-3.423905110116188,47.61850597886912],[-3.424010177381827,47.61849115580439],[-3.424047247097381,47.61868779288672],[-3.424142291661433,47.6187006150777],[-3.424166155340766,47.618455464083546],[-3.424271222434517,47.618440640783554],[-3.423742419663386,47.618153709916044],[-3.423823399504065,47.618049905429],[-3.424025672977648,47.61806584732768],[-3.424049250686388,47.61792908337482],[-3.424070092200756,47.6179911509982],[-3.424089056175625,47.61792688892414],[-3.424252605660319,47.61795399618241],[-3.424323847099718,47.61776944963966],[-3.424228804149732,47.61775662759031],[-3.42425511657725,47.61742103194215],[-3.424385636433327,47.61739577421724],[-3.42445904048899,47.61722917014167],[-3.424562737983537,47.6173137624019],[-3.424563023160162,47.61720537526928],[-3.424727937472776,47.61713306603475],[-3.424551121975977,47.617106690970154],[-3.424742572530104,47.61703291863096],[-3.424746103198869,47.61695144537988],[-3.42465675627888,47.61687509301725],[-3.424502947088449,47.61692872802528],[-3.424443382703896,47.61687782633351],[-3.424572819220641,47.61684359708998],[-3.424449077619763,47.61681429569009],[-3.424693600037408,47.6167375972994],[-3.424642976141354,47.61665007894555],[-3.424846611118332,47.616566603566866],[-3.424926219996386,47.616562214105286],[-3.424945695620229,47.616723697483124],[-3.425131450176208,47.61671345516494],[-3.425158270500538,47.616603604785055],[-3.425269825879199,47.61664260835344],[-3.425300175673421,47.61645128464911],[-3.425385993145426,47.61660910982422],[-3.425260602096235,47.61678761231944],[-3.425448520950076,47.616795312087454],[-3.425499146304296,47.61688283008559],[-3.42540382118302,47.61697839614022],[-3.425580636676165,47.617004769915546],[-3.42534124099411,47.61723471375652],[-3.425602561709696,47.61707580858562],[-3.425729268107102,47.61724040976662],[-3.425847600673201,47.617224853366025],[-3.425746065566201,47.61715820482076],[-3.425882277312068,47.617069414721136],[-3.425901756012614,47.61723089789759],[-3.425646928110659,47.61744363145731],[-3.426018724113852,47.61731475717213],[-3.425962921841661,47.617516515664434],[-3.426155172169666,47.61756009943288],[-3.426186838079581,47.61771187951739],[-3.426347941938218,47.61782942838779],[-3.426350344007969,47.61818150351269],[-3.426575346742285,47.61838583783185],[-3.426622489258861,47.618112308927294],[-3.426684502579973,47.618072764936926],[-3.426786040597771,47.61813941263506],[-3.426587335951151,47.61759948255321],[-3.426720300534197,47.61748377765756],[-3.426743309582115,47.61756378737406],[-3.426941252745523,47.61754383911558],[-3.42706010776814,47.617754026998824],[-3.427073936343182,47.61753652094002],[-3.427174391452579,47.61759419704425],[-3.42722205302097,47.61754641331971],[-3.427257248836495,47.61761671981678],[-3.427373416975212,47.61758321932732],[-3.427347647425623,47.61814456111296],[-3.427437524058061,47.61844665679486],[-3.427502505287346,47.61854241325047],[-3.42755369388951,47.61841315614032],[-3.427720494073056,47.61846717233381],[-3.427796300821402,47.618652641263814],[-3.427404457089983,47.618836812441444],[-3.427752690047364,47.61884469730353],[-3.427325647873011,47.61895856190175],[-3.427345411166118,47.61901165764208],[-3.427621889267178,47.61897834582031],[-3.427258744903579,47.619178995225845],[-3.426947069031563,47.61914199966205],[-3.426961941898097,47.61937598444199],[-3.426876636697648,47.619443905963465],[-3.427146622889642,47.619356767664904],[-3.427331024180341,47.61944593761647],[-3.427293662200414,47.61935768867875],[-3.427654084852484,47.61935587071832],[-3.427706356364606,47.61923558485682],[-3.42781250652529,47.619229729638086],[-3.428041293250638,47.61968672008323],[-3.427858776504411,47.61972388078699],[-3.427758841761011,47.619891950593384],[-3.427856054431933,47.61992271226919],[-3.427758563058204,47.62000033758449],[-3.427159014686042,47.620123716103414],[-3.427385670090774,47.62012024597117],[-3.427342336190691,47.62020391474026],[-3.426792613694702,47.620297450157715],[-3.426773652132064,47.62036171259267],[-3.427250255765226,47.62032639591813],[-3.427170361565982,47.620439173920786],[-3.42686272739027,47.62054645015787],[-3.426849177728693,47.62065556890959],[-3.427224520315747,47.62044521782897],[-3.427449012124379,47.6204238050541],[-3.42743546369226,47.62053292388069],[-3.427344465378136,47.620664376369305],[-3.427041440084259,47.62069915114894],[-3.427120774942335,47.620803147145445],[-3.42702680833433,47.62079929865259],[-3.427043604915231,47.62071709367006],[-3.426915242986321,47.620760296845624],[-3.42692281976132,47.620823095674844],[-3.427009209517637,47.62076414542832],[-3.427039797336851,47.6209069537723],[-3.427129434398477,47.62087491721895],[-3.427068220466247,47.62103181958023],[-3.426935528180748,47.62103913773618],[-3.42684132049542,47.62070115702016],[-3.42674843645292,47.62070627956556],[-3.426784716101464,47.62078555735408],[-3.42671187608047,47.62073538871026],[-3.42661381949559,47.62102978690636],[-3.426677720028952,47.62111657243142],[-3.426709951211911,47.621051578255276],[-3.426767357659815,47.621084536159415],[-3.426837191690342,47.62144192298291],[-3.42712695201413,47.621407880576875],[-3.427198431037652,47.621557464591994],[-3.427300255967192,47.6215157248245],[-3.427360910736724,47.621575596191725],[-3.427368208647241,47.621746781858796],[-3.427515254544641,47.621747702592536],[-3.427533133189152,47.621674468831365],[-3.427900314255802,47.62206060951899],[-3.427900592681568,47.621952222642165],[-3.428005665620212,47.6219373960091],[-3.428085004196763,47.62204139128451],[-3.427916831496114,47.62208679133953],[-3.428008635222735,47.622072696623206],[-3.428044917671286,47.62215197396465],[-3.428220668961126,47.622169372428345],[-3.428224194661531,47.622087899286775],[-3.428450581027012,47.622192813961625],[-3.428428122135257,47.62189603101501],[-3.428543216160047,47.62185355819303],[-3.428566783968473,47.62171679359405],[-3.42864856563204,47.621730344090125],[-3.428523199418148,47.62146633079297],[-3.428632878954651,47.62137900165493],[-3.428732260264374,47.621427705063006],[-3.428798883370087,47.62131565806952],[-3.428847076536895,47.621493618841754],[-3.428918030461135,47.6214174567466],[-3.429004142794437,47.621466891954746],[-3.429030957538092,47.62135704095322],[-3.429183140514347,47.62151120269242],[-3.429137366818958,47.62168531649518],[-3.429247852916763,47.62171534492547],[-3.429235686403311,47.62128252936228],[-3.429313136335515,47.62126019444553],[-3.429375958712152,47.62133800724738],[-3.429378399775403,47.62124756279978],[-3.429451243000995,47.621297729767335],[-3.429585293440279,47.621190993065234],[-3.429689006752851,47.62127558060164],[-3.429703633639255,47.621175432788995],[-3.429733938283209,47.621869146149386],[-3.429852020419546,47.62151945380013],[-3.430107386079468,47.62153245656787],[-3.430139613338052,47.621467461459176],[-3.429991759417947,47.621349185884334],[-3.429950594442471,47.621450798028036],[-3.429853377782111,47.6214200381198],[-3.429886962577918,47.62125562738832],[-3.429977407230544,47.62134094680834],[-3.43004402761465,47.6212288990996],[-3.430557195435116,47.621164458764774],[-3.43111964567294,47.62128694724771],[-3.430852905412666,47.6214010083109],[-3.430605394326726,47.62134241882522],[-3.430547712184641,47.621417849730825],[-3.430473784759328,47.621358712224506],[-3.430432620693975,47.62146032453762],[-3.430604038366549,47.621441834518244],[-3.430585080985431,47.621506097534194],[-3.430737541538326,47.62155187033065],[-3.430628948126604,47.62164817266041],[-3.430769495443287,47.62159526195824],[-3.431054649643841,47.62163371182904],[-3.431103122539829,47.62170328474308],[-3.430958242890376,47.62172031096582],[-3.431110704374978,47.62176608327013],[-3.431280228059633,47.62162126292216],[-3.431246107444953,47.62155992899967],[-3.431379883595286,47.6215615771647],[-3.431321119157398,47.62162803722768],[-3.431478996592602,47.621718665134985],[-3.43151907567933,47.62160808125168],[-3.431616022761599,47.62174722667346],[-3.431832665155087,47.6217713938929],[-3.431880326283244,47.62172360836969],[-3.431769838687675,47.621693582429856],[-3.4318551412572,47.62162565741279],[-3.432165751734147,47.62165366862236],[-3.432157894720466,47.62125673819254],[-3.432435464777219,47.621232386224484],[-3.432421657088963,47.62144989250547],[-3.432503439322017,47.62146344030412],[-3.432500458361792,47.62132813976219],[-3.432674856287308,47.621444947245436],[-3.432614464558702,47.62127669170856],[-3.432695969255771,47.62095610735548],[-3.432911525520476,47.620971301376635],[-3.432837059299971,47.62112893923955],[-3.432909637362194,47.62128749098454],[-3.432807548794352,47.62143762257031],[-3.432722516370177,47.62139716137052],[-3.432721164351153,47.6214965770853],[-3.432843569550197,47.62162528535933],[-3.432913434528659,47.62154014963924],[-3.433064813729755,47.62157694819476],[-3.432993865509617,47.62165311280282],[-3.43315201362092,47.62163535154101],[-3.433207538254886,47.62198449576832],[-3.433292839459971,47.62191656971135],[-3.433221075257319,47.62187537635371],[-3.433325063072207,47.62185157373654],[-3.433550374925033,47.62194750734224],[-3.433345902880963,47.6214711207535],[-3.433448806345742,47.62143834682249],[-3.433411981892416,47.62157584497033],[-3.433502432721055,47.62166116164644],[-3.433893743634537,47.62169374410475],[-3.433814394259403,47.62158975275695],[-3.434029953400883,47.621604944708935],[-3.433924331586882,47.62139403173375],[-3.434028584131383,47.62126184155501],[-3.433969005830324,47.62121094483516],[-3.434077326446958,47.62122302631618],[-3.434039952071618,47.621134779617456],[-3.434122817846823,47.62115729747795],[-3.434147741074306,47.62136363489955],[-3.434228439976621,47.62136821029926],[-3.434224657903898,47.6215580705715],[-3.434356001500964,47.62165015986188],[-3.434337291679175,47.621163517673295],[-3.43441717182198,47.62105073481025],[-3.434625432474048,47.621337259338176],[-3.434545287410377,47.62155842924731],[-3.434653344149149,47.6216788971055],[-3.434480843432545,47.62168842187874],[-3.434623289679123,47.62176183582344],[-3.434552343436757,47.62183800137097],[-3.434379023788216,47.6217301679027],[-3.434387162642714,47.62201871119819],[-3.434231181107605,47.622054416504504],[-3.434817465471692,47.62193173450688],[-3.434743268072788,47.621980986616094],[-3.434805015464974,47.62204982528575],[-3.434862692274434,47.62197439230211],[-3.435041696558173,47.62201869404925],[-3.434939612587951,47.62216882744224],[-3.434994593729818,47.62229222580272],[-3.435054702019964,47.62212634820963],[-3.435198234040489,47.62220873261595],[-3.435183324285598,47.621974749226254],[-3.435312766272834,47.62194050816885],[-3.435349586082069,47.62180300944747],[-3.435529936995037,47.62174789472295],[-3.435685654147727,47.62182057458474],[-3.435658294326188,47.62170468210139],[-3.435987858238769,47.62166841931313],[-3.435942630796176,47.62162576194692],[-3.436141931235838,47.621506382389065],[-3.436016004600615,47.62145915097035],[-3.436197437631967,47.62141300637948],[-3.436214220284657,47.621330800104495],[-3.436427349941844,47.621436432219326],[-3.436540268560251,47.621376009166056],[-3.43643684493046,47.62162555966949],[-3.436234292761913,47.62171802621153],[-3.436292789797071,47.621759950592654],[-3.436458786307553,47.62169659613245],[-3.436403280073691,47.62178997225266],[-3.436653489012144,47.62164971794817],[-3.436571705440667,47.62163617305686],[-3.436655917760242,47.62155927336332],[-3.436730936373318,47.62162737811669],[-3.437032052281778,47.62146624896093],[-3.437047794261805,47.62181759025029],[-3.43691726958738,47.62184286206906],[-3.436872084504538,47.62224272381669],[-3.436674127630751,47.62226268885912],[-3.436796804482203,47.622283006060485],[-3.436585056428723,47.62252047762826],[-3.436442344374635,47.62255545297386],[-3.436516280068749,47.6226145866657],[-3.436415544279791,47.62266530560889],[-3.436522784352483,47.62266841364824],[-3.436154789039116,47.62304997937245],[-3.435964416642557,47.623132741358624],[-3.435999627654547,47.623203045019046],[-3.436113634483094,47.62315159359933],[-3.436246069272878,47.623252651853505],[-3.436356823875911,47.62317428670635],[-3.436416406644668,47.62322518215677],[-3.436006691514733,47.62348261681863],[-3.435837996376073,47.62374480185518],[-3.43601618537698,47.623671744104186],[-3.436102307919481,47.62372117402136],[-3.435950658454482,47.62379276624237],[-3.436055732779447,47.62377793238123],[-3.436069824711744,47.623894557493564],[-3.436278889606075,47.623855918303406],[-3.4363736850765,47.62397711729544],[-3.436805084575329,47.623899104528086],[-3.437017921270183,47.62367060388403],[-3.437079673549884,47.62373944129131],[-3.437084269996303,47.62366693910236],[-3.437243506901823,47.62365814347256],[-3.43715144323584,47.623780632238535],[-3.437315276604897,47.62369933432084],[-3.437344290943604,47.624049942180186],[-3.437161506123362,47.624195504118326],[-3.4371845337131,47.62427551150141],[-3.437343513152759,47.62437510250735],[-3.437586967413163,47.62428940627032],[-3.437785757387487,47.624386797615976],[-3.43776086930652,47.624622979499904],[-3.437674743773386,47.62457355082862],[-3.437500891043883,47.62468249565739],[-3.437541526411168,47.624797654520854],[-3.437650939395644,47.62481870380946],[-3.437626309211134,47.62494649887979],[-3.437752245497629,47.62499372847761],[-3.437725446874261,47.62510358127549],[-3.437842709054138,47.6250790416424],[-3.438051261641228,47.62525717275257],[-3.437761228970989,47.625399628907296],[-3.437970866889491,47.62558673127028],[-3.438000144499517,47.62582895194237],[-3.43788479125526,47.6259798206779],[-3.438048372415596,47.62600690850373],[-3.438122056976634,47.62617442774498],[-3.438089836595711,47.626239424898706],[-3.437898629618468,47.62620483210629],[-3.437754048925166,47.62655599781997],[-3.43799725452499,47.626578687471614],[-3.4380877211591,47.62666400037704],[-3.438100164979837,47.626545909528545],[-3.438284609400831,47.626635061854955],[-3.43829653809821,47.62673374427022],[-3.438398364222727,47.62669199493847],[-3.438334437960564,47.626605216075845],[-3.438477159601883,47.62657023849116],[-3.438402131814466,47.626502135032496],[-3.438499619584129,47.62642450109245],[-3.438461149807692,47.62632728491629],[-3.438541856583446,47.62633185732394],[-3.438561319702828,47.62605081983656],[-3.438762799789352,47.62594937833715],[-3.438783089746715,47.62578569858057],[-3.439012449260697,47.625583374757916],[-3.439184706222234,47.625682230011556],[-3.439483413463065,47.62561153932488],[-3.440329197731657,47.6256460827528],[-3.440727555719707,47.62551569552613],[-3.440737823808574,47.625379662102844],[-3.441242339454714,47.62524340605759],[-3.441512080718871,47.62526462153929],[-3.44167749790562,47.62497551519799],[-3.441814537890047,47.62500406472321],[-3.441922032947244,47.6248987810571],[-3.441881388053201,47.6247836237238],[-3.441976697611881,47.62468804460411],[-3.441838573369842,47.62465052415944],[-3.441762709317944,47.62446506491833],[-3.441834733739801,47.62439786620034],[-3.44173533494802,47.62434917401639],[-3.441839323784784,47.62432536384893],[-3.441902168026472,47.62440316978948],[-3.441968767201973,47.62429111545623],[-3.441885558398858,47.62393447171628],[-3.441723066589623,47.62391636034513],[-3.44180944500657,47.623857399245686],[-3.4417509413407,47.623815477672906],[-3.441568169339337,47.62396104652458],[-3.441455752772415,47.62380470075582],[-3.441491473141295,47.623658229117055],[-3.441623085013779,47.623641923321735],[-3.441625004296215,47.62376825235798],[-3.441706792416045,47.62378179369592],[-3.441710297640534,47.62370032021591],[-3.441845164440262,47.623710927502714],[-3.441656051041167,47.62325176461778],[-3.441774808922178,47.62257689986491],[-3.441953571064739,47.622729577875724],[-3.441959830959944,47.62289179141451],[-3.442181072132482,47.62284343701258],[-3.44217856544858,47.62249136306239],[-3.442063730571497,47.62242546242421],[-3.442026591900031,47.622228831442726],[-3.442254589558342,47.62212591667347],[-3.442226379666702,47.62189266772127],[-3.442045449631172,47.62172204782914],[-3.44211288055879,47.6217273513039],[-3.442089011336535,47.621529986738814],[-3.441972258612096,47.6213377568],[-3.442069981413427,47.62115173272077],[-3.442020323863138,47.62063067420645],[-3.442191984260031,47.62050378018233],[-3.441820370989909,47.620081799618234],[-3.441912417565115,47.61995930693962],[-3.441763206599762,47.61994046207654],[-3.441743929243438,47.61967059473807],[-3.441664066644041,47.61978338269161],[-3.441495078594535,47.61971144418835],[-3.441455774278894,47.619496870487495],[-3.441586291069143,47.61947159356629],[-3.441564343783995,47.619400557985664],[-3.441687850348523,47.61953822825925],[-3.441572771774048,47.61958071408445],[-3.441694359471582,47.61959205503865],[-3.441882875397094,47.61982547355086],[-3.441959233019762,47.61979415910449],[-3.441841399678828,47.61959295773642],[-3.441912332538532,47.61951678767374],[-3.442010387819945,47.61966489574293],[-3.441930275861169,47.619886070908564],[-3.441994199922612,47.61997284810279],[-3.442106024214012,47.61990344849764],[-3.442336768478361,47.62004422086806],[-3.442239796547571,47.61990508422496],[-3.442442082543771,47.619920994210645],[-3.442538308937491,47.62038529171197],[-3.442524203800946,47.620268667170286],[-3.442699116941025,47.62016868573552],[-3.443081931164565,47.62101450664343],[-3.443005572454992,47.62104582180422],[-3.443050557387112,47.621196863406944],[-3.443319193762906,47.62120910364967],[-3.443407242508263,47.62138485740576],[-3.443431018921356,47.62113970281989],[-3.443489520974219,47.62118162360873],[-3.443492283010043,47.6214253108263],[-3.443292999310552,47.62154470293154],[-3.443480937505311,47.621552373664024],[-3.443469345131565,47.62178782341943],[-3.443336653218108,47.621795160206396],[-3.443240018816009,47.62199015638836],[-3.443422532600155,47.6219529716909],[-3.443423864702317,47.62185355587645],[-3.443512753336717,47.62214666750425],[-3.443610817888686,47.62229477402985],[-3.4436749939668,47.6222731633025],[-3.443702125137247,47.62249744076147],[-3.44357051672138,47.622513748909135],[-3.443546986999286,47.622650516477286],[-3.443666165190614,47.62275230003742],[-3.443575449666601,47.62277537815343],[-3.443540080807692,47.62325598214763],[-3.443694727997007,47.62331968017913],[-3.443645744295598,47.623466886223525],[-3.443802562800481,47.62354852629217],[-3.44390136857322,47.623371471984626],[-3.443871819530657,47.62323763933347],[-3.44373887779382,47.623353363412676],[-3.443816570778868,47.623222632060546],[-3.44396253571207,47.62321456099274],[-3.443969887082896,47.62338574547455],[-3.444053845869096,47.623417227353656],[-3.444311639920643,47.6233397543956],[-3.444409463966085,47.623596246987944],[-3.444567262399321,47.62324433869308],[-3.444584521854293,47.62294535758139],[-3.44448970957532,47.622824165189776],[-3.444576083169327,47.62276520201121],[-3.44449212510061,47.62273372049695],[-3.444595024155213,47.62270093676687],[-3.444640151779508,47.62230107212741],[-3.444745220753292,47.62228623043771],[-3.444968029901634,47.62203006801637],[-3.445030876001208,47.62210787236521],[-3.445045717950856,47.62189933575776],[-3.445165982809958,47.622010088914216],[-3.445060803368525,47.62158241219031],[-3.445228716654406,47.62164537437759],[-3.445166114180557,47.621459183173855],[-3.445302547688808,47.62126198366781],[-3.445498083874473,47.621332448773764],[-3.445615692379429,47.621642033212325],[-3.445547060509807,47.62118524179116],[-3.445624503475075,47.62116289605703],[-3.445660811463728,47.621242167961114],[-3.445739824438263,47.62101201930505],[-3.445663467291351,47.62104333620359],[-3.44564609851557,47.620899798818016],[-3.445743565520345,47.62082215860871],[-3.4458644310856,47.62115865613276],[-3.445926675514104,47.62101071501845],[-3.446038214112959,47.621082751849215],[-3.446068291606138,47.62096675697371],[-3.446179871374756,47.62100574047938],[-3.446376978432742,47.621861825993385],[-3.446410753461392,47.62158902361309],[-3.44647951105746,47.62149490870034],[-3.44655237068891,47.62154506499443],[-3.446649232544101,47.621241679069406],[-3.446765156276979,47.621316546313714],[-3.446823901144597,47.621250078470716],[-3.446864554009725,47.621365234292945],[-3.446922213039042,47.62128979532827],[-3.446865159931261,47.621590979262635],[-3.446936694503447,47.621740551178924],[-3.44684791368676,47.6218899609192],[-3.447071317888025,47.62185953937201],[-3.447041761735549,47.62172570741899],[-3.44716769875306,47.62177292694275],[-3.447197972985109,47.62158159805802],[-3.44736504184488,47.621527199161456],[-3.447650578547621,47.621899740386105],[-3.447505095011845,47.621691042204894],[-3.447482291737289,47.62150264980579],[-3.447571917528637,47.621470597573804],[-3.447911380089306,47.62195755954081],[-3.447818019911297,47.62217947267433],[-3.447986073703635,47.62268494951933],[-3.447978709550909,47.62251376522889],[-3.448107296047377,47.62236215204489],[-3.448041424771267,47.62214904927603],[-3.448144083193222,47.622224649321545],[-3.448229365775521,47.62215671236518],[-3.448240225846077,47.62224642293467],[-3.448420564946278,47.62219128831792],[-3.448735059511984,47.6224719134775],[-3.448753523207313,47.62262442133793],[-3.448847730490203,47.62251986545506],[-3.449075625213586,47.62296784285895],[-3.449143058412949,47.62297314227141],[-3.449107214824085,47.62267709776017],[-3.449210346098689,47.62253592307201],[-3.449344125245887,47.622537550659715],[-3.449366935532864,47.62272594259513],[-3.449376094863605,47.62258093717349],[-3.44948791502125,47.6225115305935],[-3.449731725236503,47.6227599406794],[-3.449589489946121,47.62257815831091],[-3.449658243212125,47.6224840415747],[-3.449541226656024,47.62240020620302],[-3.449600203630248,47.622225350091426],[-3.449901902835559,47.622289932680566],[-3.449862713763897,47.62251788077088],[-3.450034980924386,47.622616720177696],[-3.450032574795187,47.62270716499035],[-3.449923394973617,47.62257774038738],[-3.450078667339031,47.62286717479377],[-3.450152851819854,47.62281791296558],[-3.450073935924034,47.62249715894226],[-3.45016682084021,47.62249201785104],[-3.450266922917431,47.62221554219041],[-3.450448036685564,47.62282866790755],[-3.450557450722067,47.62284970512696],[-3.450462857674452,47.62262013068939],[-3.450514692135722,47.622165703066194],[-3.450723665781207,47.62267794354283],[-3.450674312197171,47.62249102087986],[-3.450766342610228,47.62236852137539],[-3.450926196491616,47.62258545191937],[-3.450987110526716,47.62253692408654],[-3.451020167962163,47.62258928117987],[-3.451070217011853,47.6224510430064],[-3.451168534276973,47.622490756265016],[-3.451201822981493,47.622434726407434],[-3.451241399672896,47.622540909608176],[-3.451451534834863,47.62251121426089],[-3.45149443783598,47.62209340488061],[-3.451662360316348,47.62215635780153],[-3.451828569661787,47.62198459458382],[-3.451937752889092,47.62211401744525],[-3.45198562585164,47.62195783679859],[-3.452068500471746,47.62198034191629],[-3.452116542545669,47.62226667993612],[-3.452170935121948,47.62216432535241],[-3.452266850352562,47.62229448256813],[-3.452209885007786,47.62204476337684],[-3.452351269885052,47.62210918466412],[-3.452234707962452,47.6218085781051],[-3.452415270110658,47.6216450503611],[-3.452625172867445,47.62172373983739],[-3.45263689877271,47.621930807973435],[-3.45272000166025,47.621844925692685],[-3.452803735318215,47.62198478824159],[-3.452776338252037,47.62186889978077],[-3.45285377918273,47.62184654926097],[-3.453064315519796,47.62215098281294],[-3.452969712929923,47.62192141032339],[-3.453127855184967,47.621903622015594],[-3.453232694022566,47.62199715962259],[-3.453211817040227,47.621935097335324],[-3.453292518437917,47.62193965956108],[-3.453420182009847,47.622221588210905],[-3.453402385072109,47.62174392024427],[-3.453507450512705,47.621729070667875],[-3.453773466314634,47.621940118724766],[-3.453698651569869,47.621763637987605],[-3.454088212796301,47.62211234258165],[-3.454326832198229,47.62220750119727],[-3.454374473579007,47.622159706507276],[-3.454382082853541,47.62222250350619],[-3.454630935343255,47.62218162664984],[-3.454882825176324,47.622276049171255],[-3.455197995381968,47.62278240170372],[-3.455351790587031,47.62272872643382],[-3.455614779036564,47.62280447033793],[-3.45580729437284,47.62273961827944],[-3.455678529692479,47.62244872132749],[-3.455858640128769,47.6225019621436],[-3.455865607203008,47.62233901422612],[-3.455967189759083,47.62240563640267],[-3.456051375351123,47.62232872275696],[-3.455853647011272,47.622240333384504],[-3.455902595924083,47.622093122129215],[-3.455966766783186,47.62207150464585],[-3.45595545083209,47.62219856865165],[-3.456050730576227,47.622102977921976],[-3.455988955729009,47.62203415048899],[-3.456197556964632,47.62221224947244],[-3.45625737842757,47.622154747898655],[-3.455953940633957,47.62185546587258],[-3.456127746494652,47.62174649342179],[-3.456270868358605,47.622045625826644],[-3.456205848714539,47.621398979792076],[-3.456340712578307,47.62140957035319],[-3.456355289504009,47.62130941921532],[-3.45627154760092,47.621169559164294],[-3.456420767120325,47.62118838547925],[-3.456552794975616,47.62150619474964],[-3.45664893976359,47.62152796144882],[-3.4566458976057,47.62139266153397],[-3.456790768165745,47.621375603444314],[-3.456600006805956,47.62112426721747],[-3.456695283478641,47.621028675909265],[-3.456621107521377,47.621077941938076],[-3.456601314348281,47.6210248512118],[-3.456775116183368,47.62091587775119],[-3.456720086117073,47.62079248956139],[-3.456912153818171,47.62094440962166],[-3.456883660935099,47.62081955108003],[-3.456998729993142,47.62077705019594],[-3.456840592365209,47.62079484375528],[-3.456755762590452,47.62064601303048],[-3.456812319450337,47.62056159817073],[-3.456988074868023,47.6205789533585],[-3.456908682167994,47.62047497764594],[-3.457052243467547,47.62055733526195],[-3.456998300574037,47.62044291816357],[-3.457219517973158,47.62039453521506],[-3.45719646203299,47.62031453162508],[-3.45737112925791,47.62032291525641],[-3.457549928452808,47.62047556956982],[-3.457649116432912,47.620632635410615],[-3.457581249026454,47.62084411492413],[-3.457677611006448,47.62075749377748],[-3.457863155714124,47.62085558642541],[-3.457763096903295,47.620581162792554],[-3.457894478693819,47.620673225654095],[-3.457939940299747,47.62060748752338],[-3.458078935874929,47.62076234698977],[-3.458184215018842,47.62063910618485],[-3.458123526750539,47.62057925080102],[-3.458208577118768,47.6206196935222],[-3.458255125949685,47.6205629262387],[-3.458253821498389,47.620662342286415],[-3.458395426514495,47.62061836928707],[-3.458268177866306,47.62067057788996],[-3.458292323233881,47.62075955222379],[-3.458450460273387,47.62074175669845],[-3.458314293335366,47.62083058460972],[-3.458265785773151,47.620761022962135],[-3.458175079945506,47.62078411244092],[-3.458233376348661,47.62093441285511],[-3.458516371362488,47.62095485374879],[-3.458572925765651,47.620870438049856],[-3.45853181556174,47.62097206028565],[-3.45863992523525,47.62109250598225],[-3.45873280688205,47.621087358074966],[-3.45904734914862,47.62136795562327],[-3.459215493097865,47.62132251073004],[-3.459307072580982,47.621416778386624],[-3.459321643943788,47.62131662687897],[-3.45950740786785,47.62130632990742],[-3.45948543598309,47.621235297763285],[-3.45961377268536,47.621192058804986],[-3.459545466984026,47.62106940748397],[-3.459758855493503,47.62106661003897],[-3.459916118428232,47.62093145457613],[-3.459788209958272,47.6207579198575],[-3.459953087517826,47.62068556101908],[-3.459960489814403,47.62085674471321],[-3.460064463717245,47.62083291827742],[-3.460087075427093,47.620578789282426],[-3.460228678711539,47.62053481405846],[-3.460288281289718,47.62058569739754],[-3.460278489307803,47.620504958825585],[-3.460359189147202,47.6205095161718],[-3.460259993422772,47.62035245262279],[-3.460431821937877,47.62011714472785],[-3.460531017730609,47.62027420814988],[-3.46066696766795,47.62029376467275],[-3.460664579655583,47.62038420981148],[-3.460718953925103,47.62028185114855],[-3.460912330665721,47.62033434858315],[-3.461025430401505,47.62016551478017],[-3.46117075176007,47.620482583314434],[-3.461294522004743,47.620511845746215],[-3.461384137838773,47.620479782899054],[-3.461198587967934,47.62038169582603],[-3.461299506508013,47.620222568407584],[-3.461732596229969,47.62037917939891],[-3.461688857179593,47.62012872882471],[-3.461971640001034,47.62025754840223],[-3.461949665269223,47.62018651668348],[-3.462053636978966,47.62016268846864],[-3.461937694313942,47.620087836356156],[-3.462005125151409,47.620093128350376],[-3.461978797353855,47.61998621287552],[-3.462061673125254,47.62000871092483],[-3.462020988513791,47.61989356031436],[-3.462093651563495,47.62005209401327],[-3.462364254765898,47.620190619384566],[-3.462424275646733,47.62002472753675],[-3.462513681841305,47.620101050872655],[-3.462496268068825,47.619957515926856],[-3.462749249720085,47.62006089252418],[-3.462676584711605,47.61990235923389],[-3.462838656439809,47.6201372156099],[-3.462902822139124,47.620115594293985],[-3.462798177620349,47.619913678214836],[-3.462994820397298,47.619993085006],[-3.462971341548327,47.62012985666024],[-3.463101642744287,47.620212942756275],[-3.463079666527363,47.62014191124854],[-3.463201260067164,47.6201532298084],[-3.463276723753709,47.62000454344518],[-3.463459892863615,47.62019307244023],[-3.463509759257913,47.6207141219366],[-3.463615908420705,47.620708234180704],[-3.463709671777985,47.62082044025501],[-3.463713143229077,47.62073896599392],[-3.463891284039861,47.62066586560788],[-3.464045742967437,47.62083792379524],[-3.464048125271868,47.620747478608486],[-3.464232797637994,47.62072820320149],[-3.464260628187392,47.62062731499608],[-3.464324589430752,47.62071407993143],[-3.464203878320844,47.620820120480445],[-3.464413795207812,47.62089878880253],[-3.464310027617838,47.62081423209402],[-3.464372016154807,47.620774668150794],[-3.464504498531775,47.62087569447989],[-3.464456458961068,47.62114026734633],[-3.464698358758886,47.62126231754974],[-3.46472401119342,47.621143487444535],[-3.464927397365376,47.62116832938184],[-3.465053145892226,47.621323916626466],[-3.465102068596928,47.621176701447375],[-3.465202571628339,47.62123434472638],[-3.465121870279956,47.621229790728535],[-3.465244352972097,47.621358465051706],[-3.465203255091902,47.621460089610004],[-3.465310291941249,47.621571558199655],[-3.465412087087865,47.6215297852099],[-3.465532191341034,47.62174890438364],[-3.465471291427748,47.6217974398212],[-3.465390791514196,47.62168449904145],[-3.465317509081301,47.62185112844156],[-3.465139366268375,47.621924230958534],[-3.465081326422044,47.622216452785835],[-3.464989532246261,47.622230576639765],[-3.464966463868997,47.62215057465947],[-3.464925198186085,47.62219024936875]],[[-3.444488209080232,47.624467909700435],[-3.444535861286674,47.62442011907957],[-3.444452986054901,47.624397608645204],[-3.444488209080232,47.624467909700435]],[[-3.416288907280114,47.63001545987503],[-3.416225012985054,47.62992866906415],[-3.41617841129358,47.629985419314394],[-3.416288907280114,47.63001545987503]],[[-3.416426901195782,47.63049552729105],[-3.416560221424228,47.630271448347045],[-3.416499568888551,47.630211571639215],[-3.416426901195782,47.63049552729105]],[[-3.417657639863851,47.62529825280772],[-3.417822887435257,47.62511756694951],[-3.417620289779812,47.6252100010413],[-3.417657639863851,47.62529825280772]],[[-3.41796282959279,47.62328562740546],[-3.418018369635226,47.623192260123375],[-3.417911129590506,47.623189135094464],[-3.41796282959279,47.62328562740546]],[[-3.419427627976629,47.62335847500768],[-3.419563080200897,47.6231523344527],[-3.419420355308781,47.623187288987005],[-3.419427627976629,47.62335847500768]],[[-3.419403841895104,47.62316110597987],[-3.419557674164893,47.62310747785917],[-3.419459379287688,47.623067738006576],[-3.419403841895104,47.62316110597987]],[[-3.420798390922151,47.61976994179805],[-3.420822270434296,47.619524791621764],[-3.420693411101919,47.619342242658576],[-3.420798390922151,47.61976994179805]],[[-3.42078805045982,47.618686802769346],[-3.420713642314507,47.61840191356689],[-3.420684356279362,47.618602207217016],[-3.42078805045982,47.618686802769346]],[[-3.421172290760057,47.62010154497572],[-3.421106237583562,47.61999681375595],[-3.421066430428412,47.619999007187616],[-3.421013354216457,47.620001931742074],[-3.421037437190458,47.62009091379856],[-3.421172290760057,47.62010154497572]],[[-3.421066430428412,47.619999007187616],[-3.421038314232518,47.61976575287156],[-3.421107903398477,47.619789011119586],[-3.421151246732245,47.6197053446462],[-3.421016978944612,47.619477939453354],[-3.421142887634992,47.61952518709124],[-3.421026507085405,47.61922454901085],[-3.420932251137521,47.619329082623345],[-3.420959285270022,47.61955336569497],[-3.420865906694999,47.619332738237695],[-3.420841238863271,47.61946053012565],[-3.421066430428412,47.619999007187616]],[[-3.423568071137273,47.61969857971638],[-3.423429178449298,47.61954367910822],[-3.423382593480993,47.61960043253545],[-3.423568071137273,47.61969857971638]],[[-3.425973741842996,47.64052667591782],[-3.426020342322755,47.64046992206987],[-3.425927423794008,47.6404750439101],[-3.425973741842996,47.64052667591782]],[[-3.423818747493285,47.62022661725605],[-3.423738338075874,47.62011364769197],[-3.42373913305995,47.620231005954416],[-3.423818747493285,47.62022661725605]],[[-3.426739665324557,47.64244415057064],[-3.426853722186638,47.642392708701614],[-3.426719893956029,47.64239105537004],[-3.426739665324557,47.64244415057064]],[[-3.424463521684145,47.62014591775306],[-3.424493876359485,47.61995459460169],[-3.424409649053712,47.620031485588335],[-3.424463521684145,47.62014591775306]],[[-3.42427669310927,47.61804297766427],[-3.424266956053741,47.61796223597619],[-3.424172994651597,47.61795838518163],[-3.42427669310927,47.61804297766427]],[[-3.424552588588386,47.62033065710057],[-3.424654413246593,47.62028891961356],[-3.424608399131894,47.620128899573174],[-3.424552588588386,47.62033065710057]],[[-3.424717512569245,47.620258347996575],[-3.424745417544294,47.62015746919568],[-3.424662557276833,47.620134944670376],[-3.424717512569245,47.620258347996575]],[[-3.42507554761739,47.619904463210744],[-3.425078793825004,47.61993137705797],[-3.42519821463465,47.61992479261921],[-3.425214499400308,47.61961684258679],[-3.425086422763188,47.61955165677282],[-3.424952367445816,47.619658388400865],[-3.42496859813131,47.619792957666434],[-3.424904701960536,47.619706171147364],[-3.424875715489248,47.61979807872486],[-3.424768481861479,47.6197949599868],[-3.424764951038816,47.619876433119856],[-3.424929588883133,47.61991251068831],[-3.424773607177634,47.61994820340212],[-3.424893825582369,47.62005897754041],[-3.425021105399066,47.620006805288504],[-3.424957208886995,47.619920018807676],[-3.42507554761739,47.619904463210744]],[[-3.424934430235728,47.62017414106197],[-3.424986708676603,47.620053856468274],[-3.424882720646257,47.62007765168317],[-3.424934430235728,47.62017414106197]],[[-3.425346464334335,47.621153857669356],[-3.425267132411454,47.62104986048632],[-3.425235981593149,47.62112382553977],[-3.42512766317931,47.621111735858186],[-3.425346464334335,47.621153857669356]],[[-3.425237170098939,47.62024775871108],[-3.425228513288367,47.620175988474195],[-3.425149981133193,47.620189349414204],[-3.425237170098939,47.62024775871108]],[[-3.42787941963584,47.64181236988883],[-3.427904080945509,47.641684577989174],[-3.427825517808242,47.64169794057987],[-3.42787941963584,47.64181236988883]],[[-3.425376816418523,47.62096253438744],[-3.425429378071258,47.62073386270569],[-3.425312119731019,47.62075838993091],[-3.425376816418523,47.62096253438744]],[[-3.425389674400486,47.61985101932576],[-3.425524811468199,47.61975325848534],[-3.425353166102796,47.619437608771676],[-3.425260798663513,47.61966847543286],[-3.425293545384866,47.6198292268767],[-3.425389674400486,47.61985101932576]],[[-3.425452154605379,47.62047974042784],[-3.425523112025285,47.620403580355614],[-3.425440534459191,47.62027266942055],[-3.425362800770748,47.62040338874345],[-3.425452154605379,47.62047974042784]],[[-3.425399876796148,47.62060002520361],[-3.425477327342883,47.62057769282274],[-3.425416675819505,47.620517820446665],[-3.425399876796148,47.62060002520361]],[[-3.425466608443249,47.61960294166653],[-3.425536482538725,47.61951781027131],[-3.425469339398405,47.619404110207526],[-3.425384032254097,47.61947203063777],[-3.425466608443249,47.61960294166653]],[[-3.425632944019715,47.61898869612411],[-3.425674115314371,47.61888708537402],[-3.425586928092713,47.618828676362575],[-3.425441771084439,47.61895408281135],[-3.425632944019715,47.61898869612411]],[[-3.425500823178964,47.61877923856807],[-3.425505434922531,47.61870673665098],[-3.425430151310592,47.618747011641034],[-3.425500823178964,47.61877923856807]],[[-3.42622382524787,47.61879355515366],[-3.426285839655565,47.61875401138878],[-3.42614044821285,47.61854528626557],[-3.426075987408001,47.61867527445956],[-3.426048932225222,47.61845099247187],[-3.425840163684191,47.618381226387136],[-3.425716134982764,47.61846031342495],[-3.425643299138312,47.61841014405487],[-3.425716651448456,47.61868605883261],[-3.425900248319475,47.61865787273737],[-3.42622382524787,47.61879355515366]],[[-3.426373521875241,47.62202741190693],[-3.426517321466469,47.62200142011469],[-3.426456667159214,47.62194154832246],[-3.426338324315676,47.62195710530257],[-3.426373521875241,47.62202741190693]],[[-3.426389368445745,47.620608679048416],[-3.426415105832806,47.620489857331556],[-3.426337655805788,47.620512190335326],[-3.426389368445745,47.620608679048416]],[[-3.42953836923891,47.64359931152508],[-3.429604210102007,47.64336990854312],[-3.42939045533068,47.643481036541736],[-3.42953836923891,47.64359931152508]],[[-3.429357187746246,47.64220951762287],[-3.42940161960307,47.64213482019633],[-3.429320889711194,47.64213024151061],[-3.429357187746246,47.64220951762287]],[[-3.427224299991154,47.62310033067023],[-3.427387343341577,47.62290168858012],[-3.427290928349312,47.622988284633216],[-3.427189380478528,47.62292163753984],[-3.427224299991154,47.62310033067023]],[[-3.429773547370091,47.64289096376038],[-3.42988760226246,47.64283951894174],[-3.429774096828528,47.64267419232502],[-3.429773547370091,47.64289096376038]],[[-3.4302988076312,47.644252749193825],[-3.430398506529188,47.64419306497195],[-3.430291223556571,47.644189951344025],[-3.4302988076312,47.644252749193825]],[[-3.427949804609184,47.62302419221904],[-3.427912439102045,47.622935943641366],[-3.428077088508916,47.622972016716126],[-3.4280134616806,47.6227768452082],[-3.427772442805643,47.622772077213156],[-3.427949804609184,47.62302419221904]],[[-3.427935978181226,47.623241697769224],[-3.42807220180701,47.62315290539246],[-3.428024814173573,47.62309230251286],[-3.427906190816161,47.62321624788524],[-3.427835511621854,47.62318402248719],[-3.427935978181226,47.623241697769224]],[[-3.427938730925653,47.622600348055194],[-3.428009687616757,47.62252418655518],[-3.42784151333115,47.62256958649047],[-3.427938730925653,47.622600348055194]],[[-3.429122909754051,47.62388967020398],[-3.429134289930232,47.62376260891567],[-3.429052228933659,47.623857445553384],[-3.429122909754051,47.62388967020398]],[[-3.429102399520966,47.622391661341545],[-3.429052039124906,47.62219575828667],[-3.428974311479541,47.62232647988416],[-3.429102399520966,47.622391661341545]],[[-3.429369955865897,47.6223949624278],[-3.4294433512402,47.622228355646826],[-3.429387832182875,47.62232172840708],[-3.429365899957884,47.62225069063882],[-3.429224266710059,47.6222946284011],[-3.429221825337798,47.62238507279686],[-3.429369955865897,47.6223949624278]],[[-3.432359667028244,47.64372364252958],[-3.432477241834817,47.64359072284444],[-3.432347745511787,47.64362496037608],[-3.432359667028244,47.64372364252958]],[[-3.430313197095284,47.62146691432352],[-3.430336760198653,47.62133014934023],[-3.430176172342805,47.62143835125241],[-3.430313197095284,47.62146691432352]],[[-3.430606442607744,47.62312146485859],[-3.430705018618548,47.62305280850624],[-3.430488371535362,47.623028639211014],[-3.430606442607744,47.62312146485859]],[[-3.430674146966,47.62301838810978],[-3.430637049833804,47.62282175356855],[-3.430561764290409,47.62286203178144],[-3.430473482194816,47.62279465531901],[-3.430510578705697,47.62299128991493],[-3.430674146966,47.62301838810978]],[[-3.430812818125566,47.621954110794],[-3.43061107373773,47.621721406896405],[-3.430624615980589,47.621612287768066],[-3.430484341653489,47.62155681139047],[-3.430441011443766,47.62164048124755],[-3.430489756713429,47.621601667513545],[-3.430673625754546,47.62190760587358],[-3.430812818125566,47.621954110794]],[[-3.431098504315965,47.623103342737764],[-3.431140751531482,47.62301070148769],[-3.431041365077546,47.62296200016868],[-3.431098504315965,47.623103342737764]],[[-3.431578650832138,47.62254401667672],[-3.431660705321579,47.62244917820003],[-3.431397752621321,47.62237338034839],[-3.431472765670228,47.62244148845057],[-3.431378795864855,47.62243764346242],[-3.431374191775623,47.62251014547245],[-3.431578650832138,47.62254401667672]],[[-3.431890349775301,47.62258099981539],[-3.432192299273695,47.62253724128412],[-3.431931511930143,47.622479387047],[-3.431890349775301,47.62258099981539]],[[-3.43221370067027,47.62326757072412],[-3.432160891602064,47.62316211352013],[-3.432120812678126,47.62327269753541],[-3.43221370067027,47.62326757072412]],[[-3.435044797679849,47.64526424587445],[-3.434978686130063,47.64515952386405],[-3.43486029428,47.645175089292195],[-3.435044797679849,47.64526424587445]],[[-3.435232290917687,47.64548870095274],[-3.435265610701537,47.64543267630482],[-3.435172684419103,47.64543780548445],[-3.435232290917687,47.64548870095274]],[[-3.435335735902821,47.644796641106375],[-3.435467664966063,47.644671956804586],[-3.43531378652249,47.64472560528077],[-3.435335735902821,47.644796641106375]],[[-3.433014998195528,47.62204931059796],[-3.433047222226155,47.62198431470422],[-3.432951086243727,47.62196252858205],[-3.433014998195528,47.62204931059796]],[[-3.43345187911284,47.62422875863846],[-3.4336855865391,47.62406232985728],[-3.433659313503807,47.62395540822317],[-3.433822886316427,47.62398250199491],[-3.433727013024943,47.623852329748935],[-3.433905756420543,47.62400501997648],[-3.433791194976195,47.62383072447],[-3.433874331137652,47.62374485568485],[-3.433684219419865,47.623719227132455],[-3.433774940823139,47.62369615671033],[-3.433699106141682,47.6235106921417],[-3.433656862970243,47.62360333429332],[-3.433558556685838,47.62356360631723],[-3.433608668064704,47.62386789408045],[-3.43344184504869,47.62381388644661],[-3.433380913608546,47.623862405095764],[-3.43336575820567,47.62417932677986],[-3.43345187911284,47.62422875863846]],[[-3.433849177886324,47.6245319418211],[-3.43399324665175,47.62439755410341],[-3.433773075245274,47.62445486413756],[-3.433857296042861,47.62437796657335],[-3.433694805608307,47.62435984403739],[-3.433683436159768,47.624486905730805],[-3.433849177886324,47.6245319418211]],[[-3.436515604895415,47.64493922025009],[-3.436426194274858,47.644862877995855],[-3.436421595108563,47.64493537936392],[-3.436515604895415,47.64493922025009]],[[-3.434213194387273,47.62533366660747],[-3.434227813897931,47.625233518437255],[-3.434144675986651,47.625319387408254],[-3.434213194387273,47.62533366660747]],[[-3.434112165073789,47.62505025218182],[-3.434218591707229,47.62493600443293],[-3.434145739036923,47.62488584053262],[-3.434112165073789,47.62505025218182]],[[-3.434020220555287,47.62196672279577],[-3.434051359694715,47.62189275543186],[-3.433969576411175,47.62187920872012],[-3.434020220555287,47.62196672279577]],[[-3.434120425707657,47.62213277968104],[-3.434203558695357,47.62204691058664],[-3.434087385129975,47.62208041779337],[-3.434120425707657,47.62213277968104]],[[-3.434833377473077,47.62538070438404],[-3.434746434167243,47.625213915694545],[-3.434708526653809,47.62534244281665],[-3.434833377473077,47.62538070438404]],[[-3.435068169491073,47.62522324410258],[-3.435075200382814,47.625060297658905],[-3.434946834511057,47.62510350956511],[-3.435068169491073,47.62522324410258]],[[-3.437537571865394,47.64543368250312],[-3.43764728591138,47.64534634598257],[-3.437545682558965,47.64527970866469],[-3.43745032828474,47.645375283149924],[-3.437537571865394,47.64543368250312]],[[-3.438095847984649,47.644635224713],[-3.438114804537495,47.64457096124659],[-3.437992075945496,47.644550645663706],[-3.438095847984649,47.644635224713]],[[-3.435708974682007,47.622234714204936],[-3.435683782390057,47.62213676409947],[-3.435623938789235,47.62219425513413],[-3.435708974682007,47.622234714204936]],[[-3.436377093822808,47.625774103164446],[-3.436517646304778,47.62572118565741],[-3.436352982715503,47.6256851245326],[-3.436377093822808,47.625774103164446]],[[-3.436415140385662,47.62420963452767],[-3.43642325109205,47.624055659076134],[-3.436201999680732,47.62410400254105],[-3.436209587855038,47.6241668006595],[-3.436367742343139,47.62414903506629],[-3.436415140385662,47.62420963452767]],[[-3.436552778539872,47.62490645307078],[-3.436577411275896,47.624778658224216],[-3.436398135276442,47.624842745635114],[-3.436552778539872,47.62490645307078]],[[-3.436544668077828,47.62506042846395],[-3.436587991496673,47.6249767564897],[-3.436439852467719,47.62496687602653],[-3.436544668077828,47.62506042846395]],[[-3.436121111339379,47.6218868358639],[-3.436188803483927,47.62178375585325],[-3.436108103785471,47.62177918180904],[-3.436121111339379,47.6218868358639]],[[-3.436227265848226,47.62188097300489],[-3.436407616118454,47.62182585692728],[-3.436348034919848,47.621774961435776],[-3.436227265848226,47.62188097300489]],[[-3.437101842433075,47.62602306801394],[-3.437160864155739,47.62584821851164],[-3.43701246265787,47.62594672546075],[-3.436877591169983,47.62593611260584],[-3.436959641459142,47.62584127057201],[-3.436789296019063,47.625868741024036],[-3.436820997093657,47.62602051757623],[-3.437013546855303,47.62595569660466],[-3.437101842433075,47.62602306801394]],[[-3.437679847808183,47.626605251677596],[-3.437686612331107,47.6265506918418],[-3.437594803459312,47.6265647941327],[-3.437679847808183,47.626605251677596]],[[-3.437643399079552,47.6251984238833],[-3.437681299424432,47.62506989579926],[-3.437542918350156,47.62514075700984],[-3.437643399079552,47.6251984238833]],[[-3.440227176761851,47.64468909750292],[-3.440205220914268,47.64461806259234],[-3.440394578239679,47.6445263235874],[-3.44010795613693,47.6445873115884],[-3.440227176761851,47.64468909750292]],[[-3.441583055202188,47.64429810618318],[-3.441676229445099,47.64418458624012],[-3.441571116500806,47.64419942500092],[-3.441583055202188,47.64429810618318]],[[-3.440220897352485,47.627512464598844],[-3.440236590957353,47.62742128689652],[-3.440155882389297,47.62741671566243],[-3.440220897352485,47.627512464598844]],[[-3.440352881234356,47.626394351752076],[-3.44036423521392,47.62626728953461],[-3.440255649577495,47.62636360058097],[-3.440352881234356,47.626394351752076]],[[-3.440401117504652,47.626572307290125],[-3.440566292029776,47.62639158938111],[-3.440502615463255,47.62619642502257],[-3.440491008944318,47.626431873920005],[-3.440281937010462,47.626470520598424],[-3.44040028579456,47.626454949526185],[-3.440401117504652,47.626572307290125]],[[-3.441355421512291,47.62606801432317],[-3.44153144080121,47.62597700603864],[-3.44148754108601,47.62583493532485],[-3.441410923531945,47.62597463605499],[-3.441375703565117,47.625904334126304],[-3.4412484256735,47.62595652404252],[-3.441355421512291,47.62606801432317]],[[-3.441768135383075,47.62594586123413],[-3.441686594386427,47.62582393326192],[-3.441556062112252,47.62584921021273],[-3.441527100974856,47.62594112163089],[-3.441768135383075,47.62594586123413]],[[-3.442406013639931,47.62503458708248],[-3.442492393111972,47.62497562551187],[-3.442449576751183,47.62484252618462],[-3.442355352838031,47.62494707678156],[-3.442406013639931,47.62503458708248]],[[-3.442745175920685,47.6241940088663],[-3.443129067105734,47.62361285752003],[-3.44306212899693,47.623390780981346],[-3.443201336025619,47.623437271101444],[-3.4432744424471,47.623379042558476],[-3.443220183031626,47.62293048761283],[-3.443318742466251,47.62286182060867],[-3.443338673341963,47.622364008053],[-3.443311296628217,47.6222481173953],[-3.443126858969906,47.62215897280554],[-3.443169331990201,47.62195794024984],[-3.442978632681521,47.62170658185354],[-3.442693221116192,47.621776548023384],[-3.442524812942508,47.62193035603536],[-3.442647582380935,47.62239318580741],[-3.442556867026834,47.62241626313654],[-3.44257614948416,47.62268612996053],[-3.442488688756687,47.62273612055461],[-3.442428015703695,47.622676257080556],[-3.442745488633767,47.62309219847184],[-3.442490361246806,47.622970836494545],[-3.442549452258128,47.62323850251586],[-3.442479849256491,47.62321525708583],[-3.442461990600682,47.62328849307576],[-3.442571153785806,47.623417924605775],[-3.442503720677236,47.623412621400206],[-3.44261297505757,47.62398457123377],[-3.442745175920685,47.6241940088663]],[[-3.442492013047199,47.621769609600165],[-3.44287815276149,47.6216489194665],[-3.442860791277538,47.621505381711415],[-3.442729433366832,47.62141330197905],[-3.442718922777777,47.6216577227874],[-3.442663087829264,47.621416969971754],[-3.442540162035499,47.62150504586397],[-3.442492013047199,47.621769609600165]],[[-3.443333397692693,47.621768246893105],[-3.443242093091093,47.621565579797306],[-3.443148123980876,47.621561744276725],[-3.443126421268626,47.62138232212294],[-3.442901342561114,47.62117802000991],[-3.443041133429732,47.621450255380026],[-3.442989979414558,47.62157951907466],[-3.443333397692693,47.621768246893105]],[[-3.44494374899408,47.623485420501154],[-3.444938809277345,47.62322379141015],[-3.444870046738281,47.62331790533224],[-3.44494374899408,47.623485420501154]],[[-3.455906924569216,47.62267991163106],[-3.455924986107164,47.62249828665709],[-3.455836450897319,47.622539316266725],[-3.455906924569216,47.62267991163106]],[[-3.456800738449439,47.621066823740925],[-3.456711814520329,47.621054853669655],[-3.456801214273017,47.62113118133808],[-3.456800738449439,47.621066823740925]],[[-3.457296079954351,47.62080572980539],[-3.457178186581991,47.620604544019464],[-3.457000256123946,47.6205692471523],[-3.456954793393494,47.62063498491852],[-3.457296079954351,47.62080572980539]],[[-3.457418761301724,47.620826025360714],[-3.45740788609656,47.62073631557989],[-3.457528392248223,47.62073866906416],[-3.457544054302272,47.62064748872112],[-3.457373954612934,47.62056660224932],[-3.457418761301724,47.620826025360714]],[[-3.457725682064454,47.621043829669084],[-3.457757875402148,47.62097882692721],[-3.457577768210481,47.620925588998304],[-3.457725682064454,47.621043829669084]],[[-3.458111999166508,47.62081470212335],[-3.45817181700141,47.62075719952775],[-3.458053486034665,47.62077278865181],[-3.458111999166508,47.62081470212335]],[[-3.459729714490109,47.62126691318209],[-3.459705566497479,47.62117793916861],[-3.459627041504469,47.62119132328358],[-3.459729714490109,47.62126691318209]],[[-3.460785749929299,47.62061230494325],[-3.460810322674826,47.620484504710134],[-3.460711790129543,47.62055318655686],[-3.460785749929299,47.62061230494325]],[[-3.460823591301592,47.62048376905253],[-3.460908854966584,47.62041582277783],[-3.460849251986587,47.62036493975104],[-3.460823591301592,47.62048376905253]],[[-3.462513473697182,47.62020943792458],[-3.462422978972278,47.62012414365835],[-3.462433862479922,47.62021385300017],[-3.462513473697182,47.62020943792458]],[[-3.465290084919296,47.62173524290967],[-3.465306822873505,47.62165303247338],[-3.465230476290447,47.62168436215334],[-3.465290084919296,47.62173524290967]]]},"properties":{}}]}