{"type":"FeatureCollection","features":[{"type":"Feature","geometry":{"type":"Polygon","coordinates":[[[-3.494813503962527,47.65373588756927],[-3.494565915875526,47.65356904940906],[-3.494551401863769,47.65366920362963],[-3.494403315964704,47.65355101160884],[-3.494143259993497,47.65361065293279],[-3.493973254426303,47.65339589262828],[-3.494068267315238,47.653434200975205],[-3.494000935472805,47.65332054235073],[-3.493970661998049,47.65339261771603],[-3.493937836772071,47.65335115086401],[-3.493958629024173,47.653521590081404],[-3.493734024723631,47.65354313032216],[-3.493661222052474,47.65338461907197],[-3.49360468870624,47.65346905033088],[-3.493562816242757,47.653344942224564],[-3.493372570435006,47.65331941122603],[-3.493133888345793,47.65311594868386],[-3.493086254049591,47.653163758411175],[-3.492927084817176,47.65306424478918],[-3.492823062787439,47.6530881000805],[-3.492851657005356,47.65321294775378],[-3.492652512113186,47.65322403685134],[-3.492377286519531,47.65304970203126],[-3.492375246015734,47.65292337577333],[-3.491990234381066,47.65294481282275],[-3.491920719631587,47.65281321195798],[-3.49236664122144,47.652743226488816],[-3.492314482673713,47.65286353916265],[-3.492449433224461,47.65287408785498],[-3.492490208653576,47.652989225889925],[-3.492587518917618,47.6530199331481],[-3.492762445578453,47.65291987845261],[-3.492968007828103,47.6530709973991],[-3.493098582317096,47.653045663356366],[-3.49313636884476,47.65291711916672],[-3.493146070453347,47.65310623887236],[-3.493263222853511,47.65319002920988],[-3.493401457114514,47.65322748827874],[-3.493446902706157,47.65316173744243],[-3.493496579838653,47.65324025379386],[-3.493473455310207,47.653160258735156],[-3.493542025323943,47.65317450292099],[-3.493743068761984,47.653398123761036],[-3.493826154483977,47.653312213644746],[-3.493759917603787,47.65320752536151],[-3.49404966343209,47.653281702739434],[-3.494243048741483,47.65344252931856],[-3.494495299538475,47.65342847963943],[-3.494832395427631,47.65367161522303],[-3.494813503962527,47.65373588756927]]]},"properties":{}},{"type":"Feature","geometry":{"type":"Polygon","coordinates":[[[-3.491629139760988,47.6532719850347],[-3.491571807875538,47.6531306743304],[-3.491756582374434,47.653111355727745],[-3.491763294957448,47.65305679352364],[-3.491852798468281,47.65313309308869],[-3.492006792627098,47.652970985151974],[-3.491891682033754,47.65301351981414],[-3.491599752814234,47.65292139605651],[-3.491501200007326,47.65299010271943],[-3.49158523341062,47.65302154994257],[-3.491517608675838,47.6531246603655],[-3.491503387825013,47.653008043739604],[-3.491300811999228,47.65310060425431],[-3.491317519713877,47.653018391431296],[-3.491149303232184,47.653063881790125],[-3.490858468819,47.65298072669667],[-3.49059950542304,47.653049330668445],[-3.490619495481563,47.65299402949879],[-3.490321948243113,47.65296543520967],[-3.490144829492336,47.65304754520466],[-3.489329659374149,47.65293938209756],[-3.488858582476735,47.652803033662956],[-3.488579780585043,47.652818548781546],[-3.48857743843434,47.65290899296148],[-3.488691458010739,47.65285749102453],[-3.48875221728253,47.6529173295191],[-3.4890995881357,47.65291606078425],[-3.489200022817224,47.653082067709924],[-3.489267651976951,47.65297895862582],[-3.489441337600093,47.652978323621454],[-3.489367147467594,47.65302760962746],[-3.489561764652632,47.65308902926204],[-3.489662507339686,47.653038265292565],[-3.490081728902309,47.65307815164026],[-3.489927881166903,47.653131871791565],[-3.490035185569623,47.653134930647596],[-3.489974272124034,47.653183478069714],[-3.490059398602555,47.653223896910184],[-3.490341483335989,47.653235289824664],[-3.490287436020041,47.65312089004883],[-3.490420199361671,47.65311350004129],[-3.490753050434596,47.65321238012123],[-3.490986555585595,47.65315422447729],[-3.491011864045082,47.65325216105535],[-3.49108495912762,47.65319390349796],[-3.491196639167462,47.65323284333926],[-3.491164467110178,47.65329785420598],[-3.491629139760988,47.6532719850347]],[[-3.490243080270564,47.65319561017883],[-3.490118124657374,47.65315740840025],[-3.490122651563756,47.653084905246494],[-3.490231049580109,47.653096934445315],[-3.490243080270564,47.65319561017883]],[[-3.490660267053263,47.653109168164995],[-3.490498763606625,47.65310009544535],[-3.490477831107766,47.653038040826736],[-3.490660267053263,47.653109168164995]]]},"properties":{}},{"type":"Feature","geometry":{"type":"Polygon","coordinates":[[[-3.507218264096611,47.652755255523964],[-3.50733469291511,47.65250490553897],[-3.507104733371793,47.6523732343653],[-3.507086092597608,47.65222073812228],[-3.506835065533481,47.652135400041445],[-3.506862831905448,47.652034503340275],[-3.506680259491574,47.65207178658253],[-3.506761129408717,47.6519679264663],[-3.506844073727004,47.651990392361675],[-3.506778909400291,47.65189468175795],[-3.506488175943438,47.65170318017225],[-3.506498043574855,47.651783913551604],[-3.506383066247438,47.65171807717447],[-3.506335445072185,47.65176589233648],[-3.506351032823693,47.65167470693098],[-3.506235936464243,47.651717255750334],[-3.506100009504276,47.65158936724686],[-3.505796739713488,47.651732731130735],[-3.505527935405588,47.651720634788724],[-3.505462531729495,47.65184169411781],[-3.505391767806886,47.65180951614565],[-3.505207977407906,47.65194621203783],[-3.505017731017232,47.651920699978255],[-3.505025404139812,47.65198349269643],[-3.504780958200819,47.6519519725229],[-3.504771093136533,47.65187123900568],[-3.504579628324258,47.65194514117116],[-3.504466845147868,47.651897243699764],[-3.504488889539938,47.651968266241994],[-3.504329702608053,47.65186876808925],[-3.504263199997987,47.65198085634306],[-3.503794160902783,47.65197089416813],[-3.503956635091915,47.652097304238175],[-3.504122645581695,47.65203385462918],[-3.504456611377634,47.652141666129054],[-3.504768656044119,47.65207006887637],[-3.504806169056299,47.6521582914921],[-3.505036243887927,47.6521815818924],[-3.504934543390135,47.65211500343393],[-3.505058532839497,47.65203583368389],[-3.505142572729317,47.65206727117356],[-3.505278741400971,47.65197839011898],[-3.505406993785101,47.65204348686314],[-3.505577508187408,47.65190753139637],[-3.505517827438559,47.651856672003404],[-3.506025716817237,47.651747049206186],[-3.506261152835146,47.65192357443095],[-3.506127178634951,47.652030397388025],[-3.506287585122962,47.65203047813839],[-3.506263345572267,47.651941515184475],[-3.506413765157008,47.65196924769974],[-3.506342881259288,47.65204545563212],[-3.506517660050056,47.65205376562367],[-3.506485507372674,47.65211878074706],[-3.506613761566621,47.652183876162034],[-3.506675755171452,47.65214429041449],[-3.506640194689902,47.652290779775186],[-3.506690986875815,47.65237826092369],[-3.506809373704801,47.65236262277995],[-3.50689317891022,47.65261082960108],[-3.507096704640758,47.652635597696026],[-3.507218264096611,47.652755255523964]],[[-3.507195119205286,47.65267526316135],[-3.506904380001032,47.6524837626893],[-3.506978671117108,47.652326080232115],[-3.507241761282011,47.65251009201262],[-3.507195119205286,47.65267526316135]],[[-3.506899015670017,47.65233052554321],[-3.50681947847462,47.65222658548957],[-3.506710960003736,47.65232295698328],[-3.506717775665844,47.65216000858454],[-3.506964416685978,47.65220946544114],[-3.506899015670017,47.65233052554321]]]},"properties":{}},{"type":"Feature","geometry":{"type":"Polygon","coordinates":[[[-3.486322806921699,47.65294412286956],[-3.485899378128008,47.65275995552761],[-3.485664776234354,47.65280913045323],[-3.485525617113972,47.65265430639713],[-3.485336470480427,47.652637732875114],[-3.485177479502686,47.65242982339803],[-3.485173876529295,47.652619682224866],[-3.48476045222708,47.65240786059606],[-3.484184767428231,47.65196121486002],[-3.48400780717139,47.651934930296996],[-3.483949404293976,47.65178464516923],[-3.483631108736435,47.65158559267234],[-3.483464314163499,47.651423271943656],[-3.483491197483028,47.651205024829316],[-3.483110730952019,47.65115392967401],[-3.483062163496419,47.65108437942079],[-3.483000153606278,47.65112395266183],[-3.482818994086752,47.65095339853903],[-3.482729339953479,47.650985477326245],[-3.482757151310376,47.65088458629663],[-3.482547256979039,47.65069756679979],[-3.4823613951809,47.65070790025947],[-3.48237702359448,47.65061671800559],[-3.482069663570715,47.65050736720709],[-3.482033450189229,47.65031972244307],[-3.481928336395896,47.65033459745973],[-3.481734076481439,47.65005639422594],[-3.481499482636527,47.65010556085916],[-3.481446210002093,47.65021689823032],[-3.481360172677594,47.65005911703251],[-3.481486206928997,47.650106298854425],[-3.48151402017826,47.650005408074364],[-3.481692234307903,47.64993228164641],[-3.48175625902475,47.65001903571712],[-3.481811399067386,47.65001176396936],[-3.481851204262584,47.650140196136306],[-3.481972701410747,47.65025988037427],[-3.482089074735521,47.650117940633],[-3.482158730078697,47.65014116213205],[-3.482159654005251,47.65025851814071],[-3.482046725942292,47.65031898438572],[-3.482162594157762,47.65050220074565],[-3.482370637572045,47.650454508984105],[-3.482463232563385,47.65066611303971],[-3.482683292498567,47.65071709738619],[-3.482862099027829,47.65097809589683],[-3.483367343870017,47.6511757863865],[-3.48351337927357,47.651167666009385],[-3.483583202071528,47.65108250129964],[-3.483725794326657,47.65115585422592],[-3.483527416592156,47.65139266905476],[-3.483709672436937,47.65157219262986],[-3.483888816543962,47.65161641882501],[-3.484041079758138,47.65187889193953],[-3.484521970619563,47.65209599507787],[-3.484850107529252,47.652375780274454],[-3.485114376793833,47.65246042716134],[-3.485059248658562,47.652337054348514],[-3.485479230919986,47.65260269833882],[-3.485719296713918,47.652598376611344],[-3.485776612526423,47.65273969022576],[-3.485899538891822,47.6526515702662],[-3.486235497677666,47.652885760181746],[-3.486449012024839,47.65288291401886],[-3.486322806921699,47.65294412286956]]]},"properties":{}},{"type":"Feature","geometry":{"type":"Polygon","coordinates":[[[-3.481263455883168,47.65036252718841],[-3.480832762737504,47.64989877609039],[-3.480476503629441,47.6499366406453],[-3.480142772553558,47.64972037507701],[-3.479800309224602,47.649432343443],[-3.479781747515957,47.64927984261944],[-3.479397848915543,47.64931020886024],[-3.479512614023415,47.649484457304375],[-3.479194348739711,47.6492853924841],[-3.478818091670786,47.649378551316005],[-3.478770272648795,47.64953474073452],[-3.478708436738259,47.64946592629861],[-3.478618782633152,47.64949800195706],[-3.478595155258453,47.649743160083055],[-3.478334008552151,47.6497937956989],[-3.478373659528644,47.649899968195086],[-3.477907564284531,47.650133584857315],[-3.477893373977529,47.650016966394666],[-3.477778258508053,47.65005948722012],[-3.477758433533197,47.65000640087784],[-3.477907180684979,47.64969107257336],[-3.477766783404483,47.64963565379993],[-3.477678219964488,47.64967669938803],[-3.477808616214378,47.64975976780408],[-3.477655324702527,47.65014759875595],[-3.477840093906813,47.650128302126916],[-3.47782991564882,47.65026433705154],[-3.477923023182429,47.65015078856956],[-3.478274919029074,47.65007704921416],[-3.478566244957409,47.649835079536295],[-3.47875537955202,47.649851664040376],[-3.47871463615964,47.64973652102609],[-3.478786472945387,47.64977768582945],[-3.479130722808808,47.649641149370225],[-3.479645196349375,47.64958546495582],[-3.4795966348388,47.64951591320541],[-3.479775768632485,47.64956014575317],[-3.479805768570866,47.64947719662352],[-3.480165875604722,47.64980037291621],[-3.480604720839853,47.6500017646755],[-3.480673111985857,47.65012440183867],[-3.480764949996533,47.65011026586278],[-3.480788054149361,47.650190263562685],[-3.480944086754164,47.65015449660585],[-3.480981559024667,47.650242726953664],[-3.481263455883168,47.65036252718841]]]},"properties":{}},{"type":"Feature","geometry":{"type":"MultiPolygon","coordinates":[[[[-3.470024909046099,47.64938817738227],[-3.46970469305363,47.6490627598096],[-3.469536664613661,47.64899983370739],[-3.469518834465418,47.64907307285208],[-3.469268076858561,47.64887926849397],[-3.469078137097258,47.64881489930951],[-3.469242810384446,47.64878132698693],[-3.469249350871318,47.648835151413095],[-3.469393201802489,47.64880910719641],[-3.469375371521061,47.648882346326516],[-3.469563409744249,47.64888997497999],[-3.469989635926239,47.64931788493937],[-3.470132397557472,47.64928286909076],[-3.470024909046099,47.64938817738227]]],[[[-3.469043657635596,47.64880321442421],[-3.468947478164456,47.64877061969002],[-3.46864541038787,47.64881447264343],[-3.468625203279835,47.648978155622125],[-3.468586662358043,47.6488809505114],[-3.468390994735327,47.6488105250678],[-3.468132022702068,47.64887907939959],[-3.467774869127143,47.648799549051034],[-3.46787235489253,47.64872189149868],[-3.468175315924094,47.64879539674854],[-3.468397033342016,47.648530222409796],[-3.468581800292581,47.64851094040339],[-3.468649071916308,47.64862461395295],[-3.468819278141752,47.64870548282819],[-3.468894571260976,47.6486651804989],[-3.469043657635596,47.64880321442421]],[[-3.468453012770894,47.64877095953179],[-3.468402286716918,47.64868346160921],[-3.468356814080084,47.648749202856806],[-3.468453012770894,47.64877095953179]]]]},"properties":{}},{"type":"Feature","geometry":{"type":"Polygon","coordinates":[[[-3.473645166026464,47.6489343503796],[-3.473624254763054,47.648872292608544],[-3.473878856266503,47.64876784332666],[-3.474113266557869,47.648827077424585],[-3.473899952911883,47.64872151558939],[-3.473494957991594,47.64879819018306],[-3.473120345274574,47.64857514498715],[-3.473088154002366,47.64864015103408],[-3.473025235745159,47.648562362855905],[-3.472963221342512,47.648601930822764],[-3.472931404049984,47.648450165871694],[-3.472620616225619,47.64842226346837],[-3.472607528564845,47.64831461496847],[-3.472254020759525,47.64804523941492],[-3.472056170288099,47.6479568786507],[-3.472022887560496,47.648012913709955],[-3.471913602625774,47.64788351136341],[-3.471666634794395,47.648050751443414],[-3.471802091425604,47.64839545120332],[-3.471592055472513,47.64831679727998],[-3.471469115466976,47.64840490238778],[-3.471682423038013,47.648510468677785],[-3.471647859392061,47.648665918369794],[-3.47186899126187,47.64872589384946],[-3.471885916763744,47.64853529814564],[-3.472227806598012,47.64848922598604],[-3.472318741777678,47.64835774044052],[-3.47255077941202,47.64850742174552],[-3.472820650709474,47.648528564666826],[-3.472958671500073,47.64867443347991],[-3.473282736441794,47.64870159791813],[-3.473301279374436,47.64885409981951],[-3.473358930728491,47.64877864888105],[-3.473482587317443,47.64891628342827],[-3.473645166026464,47.6489343503796]]]},"properties":{}},{"type":"Feature","geometry":{"type":"MultiPolygon","coordinates":[[[[-3.462673241009548,47.648170292114024],[-3.46261089584981,47.647906918062134],[-3.462734173568071,47.64812175879789],[-3.46284929684353,47.64807925275008],[-3.462673241009548,47.648170292114024]]],[[[-3.462604995900718,47.64788199387996],[-3.462590945528681,47.64782263835085],[-3.462397676004463,47.64766175893523],[-3.462304331100623,47.64788368069262],[-3.462308015127733,47.64769382210927],[-3.462205078761508,47.647726621019665],[-3.461936513982331,47.64760603887523],[-3.461952637047701,47.64784898654285],[-3.461919972151752,47.64757986221395],[-3.46181942304436,47.647522216895915],[-3.461781564895705,47.64765075131164],[-3.461585032135722,47.647462958096895],[-3.461761966509105,47.647489276674534],[-3.461785460496434,47.6473525071986],[-3.461428116145314,47.64738134291635],[-3.461375436039813,47.64716751471202],[-3.46114561294853,47.64703575275604],[-3.461052263932466,47.64725767358566],[-3.460895560896748,47.64706767214335],[-3.46095431651187,47.647001198079494],[-3.461034845228624,47.647114140437616],[-3.46113254877787,47.646928102894236],[-3.461218732118123,47.64697751369417],[-3.461192392631473,47.64687059952825],[-3.460840705978811,47.64683590201352],[-3.460725371905265,47.64698679165799],[-3.460708377999159,47.64662648732272],[-3.460884220535185,47.6466438364135],[-3.460909470654861,47.64674177983647],[-3.460956039400078,47.64668501224336],[-3.461044399504102,47.64675236482738],[-3.461077692974049,47.64669633285881],[-3.461398473692707,47.64669661781166],[-3.461267688921799,47.64683030207486],[-3.461501445786123,47.64721471815781],[-3.461422672461735,47.6473364888294],[-3.461495791741037,47.647278249603296],[-3.461632899603492,47.6473067755457],[-3.461650739985423,47.64723353753715],[-3.461839650478212,47.647358534970394],[-3.461969136929858,47.64732426482204],[-3.462133466554417,47.647577060468855],[-3.462304748453568,47.647666909686244],[-3.462394409287039,47.647634846514265],[-3.462378075749347,47.64750028440241],[-3.462457519317486,47.647604254943325],[-3.462570463830069,47.64754380754499],[-3.462673864792997,47.64784513564189],[-3.462604995900718,47.64788199387996]]]]},"properties":{}},{"type":"Feature","geometry":{"type":"Polygon","coordinates":[[[-3.460449857937302,47.64702915218926],[-3.460357356557652,47.64681753029759],[-3.460596097617541,47.64691267488831],[-3.460663774226351,47.64680958203197],[-3.460556696457836,47.64669811063934],[-3.460429387731516,47.646750320892856],[-3.460289016344277,47.646694881037035],[-3.460344081376242,47.646818265892215],[-3.460135157030215,47.646748562142314],[-3.460058109480765,47.64655414607798],[-3.460127963674395,47.646468995181316],[-3.460066155359918,47.646400170772466],[-3.460006310820224,47.646457673575746],[-3.459893792838548,47.646301347377886],[-3.459764307536341,47.64633561524474],[-3.459899662242746,47.646129430388804],[-3.4596533070466,47.64597148845493],[-3.459715328260923,47.645931927497955],[-3.459928602690673,47.646037515378595],[-3.460053733250178,47.64596736397809],[-3.460354252805955,47.64558043465764],[-3.460170794522423,47.64550028889666],[-3.459895501350282,47.64543426252513],[-3.459641334553367,47.645872809207575],[-3.459327518350626,47.645709573276825],[-3.459170180900191,47.64584472621557],[-3.458758657101538,47.64586752477798],[-3.458686625015032,47.64593473318369],[-3.458430263962095,47.64580443661146],[-3.458350397520617,47.6459172344493],[-3.458469655911436,47.646019001677274],[-3.458394358652918,47.646059297344685],[-3.458230922641594,47.64592385269766],[-3.457989796534395,47.64591914711568],[-3.458030926990185,47.64581752638142],[-3.457871627389733,47.64582635025033],[-3.457951494707237,47.64571355273438],[-3.457700576883385,47.6456281088358],[-3.457644431128865,47.64549575179715],[-3.457507111640211,47.64557560676971],[-3.457499713785035,47.645404425107635],[-3.457206359566764,47.645520015468996],[-3.457210492514604,47.64566428454588],[-3.456929982019015,47.64544501124577],[-3.456799408970889,47.64547030497429],[-3.456835750099382,47.64554957240736],[-3.456652077058171,47.64557780674089],[-3.456704308887052,47.645457509538694],[-3.456594846071705,47.645436478323624],[-3.456551537414379,47.64552015682986],[-3.456555241746723,47.64533029819451],[-3.45615917129406,47.645370294187096],[-3.456207698480879,47.645439855824655],[-3.455992903046818,47.645542061489984],[-3.455990948966538,47.645415734115154],[-3.455645801633761,47.645434846201454],[-3.455702386522754,47.64535043296087],[-3.45556311143851,47.6453039582678],[-3.455564643861377,47.64509615787744],[-3.455182072371457,47.64502702986765],[-3.454962926215597,47.64509335011736],[-3.454835392007858,47.645253939954735],[-3.454776854651105,47.645212025371166],[-3.454638444047814,47.645282906095204],[-3.454465007665498,47.6451751037446],[-3.454228235202525,47.64520627396776],[-3.454294834457562,47.64509421381386],[-3.454134448933827,47.64509406169678],[-3.454049773797122,47.64538774431289],[-3.453915075494035,47.64526876561156],[-3.454001700533471,47.645101410511955],[-3.45375120119506,47.64535008590455],[-3.453522718626813,47.64511889409618],[-3.453535132593089,47.64500080273402],[-3.453258762895061,47.64492578980706],[-3.45328662681204,47.644824905479354],[-3.453138429593712,47.64481504629658],[-3.453180655733897,47.6447223981183],[-3.453147355203478,47.64477842789413],[-3.452978272520321,47.64470650693615],[-3.452989600333519,47.644579444697605],[-3.452570473310509,47.6445394251179],[-3.452594391591237,47.64473678519154],[-3.452460785350072,47.64462677568582],[-3.452494487916525,47.64490487398314],[-3.452369807600428,47.64475824602937],[-3.452185047789519,47.644777502438956],[-3.452354987915078,47.6449667811019],[-3.45219437357912,47.64507501196194],[-3.452318195941655,47.64510428353426],[-3.45230989893355,47.64536664403304],[-3.452331470807232,47.6451035488508],[-3.452729085606768,47.64485576544825],[-3.452686858577017,47.64494841345693],[-3.452860518478391,47.644947832817394],[-3.452791513928987,47.64515033598191],[-3.452857660423565,47.645255047911675],[-3.452948410148339,47.64523196285471],[-3.45298343051855,47.64541064621206],[-3.452998020301734,47.6453104967361],[-3.453154917307895,47.645392123324804],[-3.453007173641936,47.64516549272367],[-3.45309139940721,47.64508858211685],[-3.453019588759977,47.64504740141914],[-3.453149075267133,47.645013141003545],[-3.453140782358374,47.64527550157376],[-3.453423904510226,47.64529595454961],[-3.453457205073231,47.645239924710054],[-3.453449140298685,47.64539389965301],[-3.453633901787633,47.64537464125078],[-3.453736612814642,47.64545023547248],[-3.45384888512025,47.64571495327508],[-3.453978372714839,47.64568069195238],[-3.453996448602142,47.64549906943753],[-3.454043885627482,47.64555966107406],[-3.45411809799542,47.645510397305635],[-3.454377484886832,47.64577600163593],[-3.454424059738067,47.64571923661765],[-3.45446039750749,47.64579850477918],[-3.454605335025857,47.64578144961565],[-3.454503485156164,47.645823212662236],[-3.454622736000025,47.645924983821345],[-3.454777494316143,47.64543776751529],[-3.454959856671628,47.64550895086036],[-3.455068454725997,47.645412627100946],[-3.455220781521335,47.64556675298729],[-3.455336992944711,47.64553322516792],[-3.455284535032144,47.64576190736113],[-3.455343296199267,47.64569543607359],[-3.455466034027249,47.64571573341894],[-3.455381810694743,47.645792645712305],[-3.455424676122209,47.645925738853705],[-3.455541333012254,47.64567543963139],[-3.455540022891076,47.64577485435807],[-3.455644047320409,47.645751032164526],[-3.455559824188769,47.645827944584795],[-3.455738925668518,47.645872214062756],[-3.455750890944902,47.64597089370986],[-3.455925641924199,47.645979279391845],[-3.455980051365057,47.64587692428974],[-3.456082766682554,47.645952516429304],[-3.456128252057448,47.645886779862984],[-3.456167855945801,47.64599296010602],[-3.456227704100669,47.645935459254744],[-3.456261869014265,47.64599678510284],[-3.456416817922838,47.645952079947286],[-3.456324759807461,47.646074582409305],[-3.456396574387731,47.64611576105366],[-3.456560447006561,47.64603443708308],[-3.456530853664947,47.645900609205626],[-3.456697989150022,47.64584619764331],[-3.456755220849105,47.64598752597987],[-3.456941071154569,47.645977233221586],[-3.456944115462484,47.64611253140854],[-3.457190901405568,47.64605370787268],[-3.457232252458649,47.64584370182683],[-3.457358474129038,47.64578252416939],[-3.457702098984877,47.6459712073737],[-3.457505149933753,47.646000178335235],[-3.457579141451212,47.64605929797441],[-3.457804816923348,47.64604679799576],[-3.457780660926362,47.64595782472443],[-3.458096650160688,47.646139006496725],[-3.458203067498595,47.64602473814649],[-3.458351269012042,47.646034590899454],[-3.458347571021166,47.64622444952203],[-3.458479016957792,47.64631651050538],[-3.458553226283575,47.64626724393961],[-3.458491420233909,47.646198418690574],[-3.458686408996633,47.64604311878122],[-3.458704909289249,47.6461956232076],[-3.458857464495828,47.64624135870975],[-3.458846581692152,47.64615165024181],[-3.458942771821741,47.64617341477528],[-3.458799138687083,47.646091060573845],[-3.459031559174513,47.6460239977195],[-3.459141897387778,47.64616238308184],[-3.459293364519067,47.6461991471716],[-3.459213929208167,47.646095174403435],[-3.459339060842438,47.646025023770356],[-3.459448311475364,47.646154438000835],[-3.459606523388337,47.64613664114392],[-3.459604132422021,47.646227085052566],[-3.459721430955612,47.64620252372394],[-3.459663549067343,47.64638635361436],[-3.460037214952242,47.64649208579937],[-3.460082056358758,47.6467515044109],[-3.460449857937302,47.64702915218926]],[[-3.457555422456457,47.6457535534518],[-3.457512551852797,47.64562046108017],[-3.457596553611828,47.645651932861696],[-3.457555422456457,47.6457535534518]],[[-3.456314322969278,47.64576810249884],[-3.456218355673172,47.64563795018738],[-3.45632890659865,47.64566795262573],[-3.456314322969278,47.64576810249884]],[[-3.456867519883537,47.645701341967325],[-3.45673607824255,47.6456092791417],[-3.456875574840685,47.64554736681323],[-3.456867519883537,47.645701341967325]],[[-3.455773533849895,47.64571676885313],[-3.455691708541301,47.64570323751925],[-3.455728492234672,47.645565734067674],[-3.455773533849895,47.64571676885313]],[[-3.455830118835778,47.64563235556307],[-3.455743076908242,47.64546558425711],[-3.455885615874196,47.64553897136445],[-3.455830118835778,47.64563235556307]],[[-3.45564557944093,47.64554323182149],[-3.455599228330434,47.6454916117151],[-3.455677790093186,47.64547823047634],[-3.45564557944093,47.64554323182149]],[[-3.454921343149604,47.64541174106819],[-3.454855192411197,47.64530703031526],[-3.454938328133561,47.645221147494276],[-3.455008829394672,47.64536174175115],[-3.454921343149604,47.64541174106819]],[[-3.453165839227266,47.644930933297566],[-3.453104041674123,47.644862105151155],[-3.453196965228016,47.64485696170963],[-3.453165839227266,47.644930933297566]]]},"properties":{}},{"type":"Feature","geometry":{"type":"Polygon","coordinates":[[[-3.452276368050547,47.64553105915614],[-3.451868334872324,47.64547236057666],[-3.451928187076298,47.645414861912045],[-3.45183200117554,47.64539309159563],[-3.451820273237939,47.64518602589095],[-3.451657713344831,47.64516792854021],[-3.45165468249451,47.645032630149245],[-3.451518672833743,47.64501306338589],[-3.451429471381106,47.64482834697026],[-3.451236015208211,47.64477583449934],[-3.451066079659853,47.644586554190155],[-3.450920057341523,47.64459463404612],[-3.450759905441941,47.64448609163261],[-3.450143833406758,47.644475022629805],[-3.450107502950793,47.64439575307139],[-3.450004565448809,47.64442854129016],[-3.449975375073749,47.6446288395793],[-3.450011705492128,47.644708109169166],[-3.45011705050968,47.64458487716199],[-3.450070238553056,47.64475002615089],[-3.449950765261077,47.64475663593691],[-3.44988920593852,47.64457942042683],[-3.449866769421158,47.644725158644285],[-3.449752729763508,47.64477662291357],[-3.449673080839559,47.64478102923466],[-3.449651346744958,47.644601610447566],[-3.449359301553309,47.64461776644081],[-3.449395396164168,47.644805421872164],[-3.449312252168627,47.64489130076775],[-3.449290284143971,47.64482026757226],[-3.449134245932588,47.644855992360206],[-3.449112893855734,47.64501070135467],[-3.449057856658818,47.64488731109193],[-3.448852592939029,47.64517862777837],[-3.448685073984237,47.644898900300014],[-3.448352115764154,47.644908285628894],[-3.447350828720289,47.64502687963591],[-3.446963443692898,47.64513861213525],[-3.446864001586889,47.645089924838565],[-3.44687051904799,47.645143750618686],[-3.446358226494102,47.64521723279787],[-3.445508141724048,47.64548097727698],[-3.445401941286887,47.6454868484997],[-3.445365617186321,47.64540757750881],[-3.445445466739236,47.645388261930925],[-3.445490522592724,47.64544582728704],[-3.446875104035411,47.645071248847856],[-3.44887441772661,47.64480714756671],[-3.448792359452535,47.644901997037984],[-3.448843900322375,47.64510686021984],[-3.448926430497326,47.64479523944264],[-3.449177801009113,47.64466393092367],[-3.44911166246832,47.64455921687865],[-3.449248756722583,47.64458775739212],[-3.449321885521186,47.644529525701124],[-3.449261415179583,47.64436128078343],[-3.449449434589824,47.64436894182139],[-3.449410462224352,47.644488501496355],[-3.449505558831894,47.644501302874716],[-3.449575661693944,47.64430777252448],[-3.449710582139114,47.64431837061609],[-3.449783241874357,47.64447690997155],[-3.449707705983186,47.64462558573374],[-3.449813904232359,47.64461971059494],[-3.450057044677615,47.64419986130911],[-3.450400012386622,47.644162823849086],[-3.450548207287576,47.644172686508384],[-3.450557988890419,47.64425342490813],[-3.450739486844312,47.64420725827149],[-3.450655259080342,47.64428416721823],[-3.450677228701287,47.64435520017692],[-3.450776904994637,47.64429549857203],[-3.450753384137987,47.64443226605107],[-3.450939230183912,47.64442198283058],[-3.450999937509551,47.644481841209775],[-3.451086338965387,47.64442287387732],[-3.451092860604039,47.64447669944056],[-3.451197971445961,47.64446185211624],[-3.451213188897137,47.644587445077114],[-3.45150958141288,47.644607168140624],[-3.451430789137136,47.64472893224079],[-3.451612287953233,47.64468276425984],[-3.451649707880272,47.64477100425902],[-3.451654286342254,47.644698502286715],[-3.45176157157988,47.64470159629873],[-3.451792009343607,47.64495278203215],[-3.451926074514667,47.64484602099784],[-3.452177208649583,47.64482309168327],[-3.451958917012985,47.64500676286456],[-3.45195542603661,47.64508823575337],[-3.45207381270456,47.645072653003645],[-3.451950847950346,47.645160737722776],[-3.451932765215154,47.64534235995312],[-3.452132976261583,47.645340311114325],[-3.452142760476307,47.64542104933228],[-3.452309669965198,47.6454750296505],[-3.452276368050547,47.64553105915614]]]},"properties":{}},{"type":"Feature","geometry":{"type":"Polygon","coordinates":[[[-3.446235493277951,47.64519692588046],[-3.446828761819446,47.64501962525],[-3.448631124424997,47.64478448077709],[-3.44860575719568,47.64424402099598],[-3.44841169319691,47.64396576150933],[-3.44818517522485,47.64386088670933],[-3.447781504800145,47.64383805763607],[-3.447788023033815,47.64389188340009],[-3.448098771473134,47.64391985191371],[-3.44831853366502,47.64407928683593],[-3.448468190636528,47.64443225106636],[-3.448443103668104,47.64477681842402],[-3.448147797795176,47.644766058536874],[-3.44824506753097,47.64479680284519],[-3.446838778029305,47.644991978297774],[-3.446235493277951,47.64519692588046]]]},"properties":{}},{"type":"Feature","geometry":{"type":"Polygon","coordinates":[[[-3.448187822772432,47.643662057218464],[-3.448138458663646,47.6434751355117],[-3.447588639323286,47.64301786808029],[-3.446729906206172,47.64320985402632],[-3.446387787212764,47.643364237433076],[-3.446848176174703,47.643745176109846],[-3.446932408574775,47.643668269885964],[-3.446743305801713,47.64365163382365],[-3.446990331371483,47.64348444604427],[-3.446985746676955,47.64355694787951],[-3.447279959343076,47.64355873974357],[-3.44712911527447,47.643747702414565],[-3.447365885411522,47.64371654655323],[-3.447345006755246,47.64365448391416],[-3.44760700062705,47.643721274064006],[-3.447650321850114,47.6436375987952],[-3.447795017544729,47.6437289377667],[-3.448187822772432,47.643662057218464]],[[-3.447380724246345,47.64350801197821],[-3.447196445656062,47.64331048907108],[-3.447265229853964,47.64321637475218],[-3.447366841414309,47.643283003689504],[-3.447254974972532,47.64335240749356],[-3.447395562965189,47.64329947737868],[-3.447456265038784,47.643359337633925],[-3.447448422067293,47.643404926594556],[-3.447362257248633,47.64335550554711],[-3.447380724246345,47.64350801197821]]]},"properties":{}},{"type":"Feature","geometry":{"type":"Polygon","coordinates":[[[-3.423925640057443,47.64503756483708],[-3.424200662398482,47.64476954803798],[-3.424222372618781,47.64450645798005],[-3.424433406176014,47.644594168363376],[-3.424519837166029,47.64453522068248],[-3.42452957945298,47.644615961241534],[-3.424705688615718,47.64452497918861],[-3.424978768422334,47.644573146154734],[-3.424999107740607,47.64440947037285],[-3.424820321484462,47.644256768127626],[-3.424884816249776,47.64412678234393],[-3.424804083732033,47.64412220054208],[-3.424747223604463,47.64387247078915],[-3.424845275996321,47.64402059140315],[-3.425055226099889,47.64409932951311],[-3.425230534041399,47.64389098983285],[-3.425178002433292,47.64367714494329],[-3.425075849280334,47.64382726803306],[-3.425072885903141,47.64369196886587],[-3.424937971941496,47.64368134232212],[-3.424858607324468,47.64357734607217],[-3.424650539377162,47.64362493560261],[-3.424452784154788,47.64353649405047],[-3.42439182202234,47.643585007515085],[-3.424414327632985,47.643439274110435],[-3.424145869856028,47.643318604854684],[-3.423940762763123,47.6435014923412],[-3.423832399219941,47.643489401598174],[-3.423669279733856,47.64368803661118],[-3.423727790980399,47.643729966808934],[-3.423616975169606,47.643808319146586],[-3.423698502358326,47.64393025859527],[-3.423777069815467,47.64391689879512],[-3.423661350109963,47.64417613769698],[-3.423578453004509,47.64415361268207],[-3.423510708124793,47.644256684190715],[-3.423567850218249,47.644398028886805],[-3.423713876131415,47.64438998321283],[-3.423670516765597,47.644473649570244],[-3.423756948403149,47.644414702449964],[-3.423641514714924,47.64456555566537],[-3.42377397902868,47.64466662694088],[-3.423717852626107,47.64497676709363],[-3.423766337160671,47.64504634221267],[-3.423780981678175,47.64494619637269],[-3.423925640057443,47.64503756483708]],[[-3.424302023230346,47.64450206900731],[-3.424231318019273,47.644469841783014],[-3.424312336844742,47.644366038367544],[-3.424302023230346,47.64450206900731]],[[-3.423928219584989,47.644062094401164],[-3.423832334355401,47.643931915386204],[-3.423950726662944,47.643916361121995],[-3.423928219584989,47.644062094401164]]]},"properties":{}},{"type":"Feature","geometry":{"type":"Polygon","coordinates":[[[-3.436816417744585,47.64587989160464],[-3.437069427623665,47.64554080911979],[-3.437240920352008,47.645522309589886],[-3.437152332577814,47.64556332454668],[-3.43717862325107,47.64567024419941],[-3.437454407807961,47.64551955293196],[-3.437521609345095,47.6456332445697],[-3.437624556840067,47.64560046736911],[-3.437563863246682,47.64554060207638],[-3.43780064692224,47.64550946562732],[-3.437838561314445,47.64538093884354],[-3.437863768535427,47.64547888730673],[-3.437948016620373,47.645401987629626],[-3.438157991490182,47.64548070213831],[-3.438079941076307,47.64527730041772],[-3.437939596789675,47.64522183367323],[-3.438099982647941,47.6452220080197],[-3.438180975635593,47.6451181950301],[-3.438351124489644,47.64519910842617],[-3.43835680587,47.6451355780345],[-3.438250605333853,47.64514144275853],[-3.438349212186967,47.64507278073689],[-3.438528296849673,47.64511707661125],[-3.438554275933634,47.644889868110134],[-3.438728764114966,47.645006665130566],[-3.438930059312942,47.64501360995345],[-3.438973395191056,47.644929937958544],[-3.439100464766571,47.644986136651596],[-3.439088530502292,47.64488745525108],[-3.43896254608312,47.64484022758026],[-3.439231556076731,47.64474409145056],[-3.438957377629241,47.644686986761066],[-3.43906466210615,47.64469009243114],[-3.439119102572846,47.644587745113846],[-3.439388685567297,47.64471735091982],[-3.439446380397523,47.64464191655681],[-3.439673139141195,47.64463842262256],[-3.4395192650226,47.644692076637995],[-3.439616529651649,47.64472282813027],[-3.439816993184156,47.64461241475993],[-3.439919683168948,47.64468802115586],[-3.439870669438595,47.64483522398987],[-3.440078728527391,47.64478760738703],[-3.440084407807118,47.64472407689776],[-3.440339887004464,47.64473705713665],[-3.440204967362743,47.64472644822705],[-3.44032903563844,47.64464734687624],[-3.440518139939777,47.644663993310964],[-3.440462616918986,47.64475737025151],[-3.440572071980859,47.64477841658637],[-3.440697225030937,47.64470828587052],[-3.440572324786988,47.64467003095379],[-3.440764937285659,47.64460520442398],[-3.440836737879728,47.644646392662075],[-3.440713755559896,47.644734465574366],[-3.440865205937695,47.644771253578334],[-3.440818617490936,47.644828013219275],[-3.440929410159105,47.6447496446108],[-3.441002296325359,47.64479980376407],[-3.441198164618124,47.64476188958319],[-3.441140723786498,47.644728939175984],[-3.441361222133116,47.64456323021473],[-3.441343354797576,47.644636465225005],[-3.441469340842739,47.64468369033379],[-3.441498312251732,47.64459177982162],[-3.441399961464076,47.64455205887692],[-3.441485288315333,47.64448412762949],[-3.441690923343005,47.64452695176275],[-3.441881363182315,47.64444418135864],[-3.441935297924368,47.644558604017895],[-3.441985391113654,47.64442037130868],[-3.442134670607716,47.64443921564952],[-3.442270924718513,47.644350407687405],[-3.442506365996038,47.64441867632991],[-3.442476310924308,47.64450161609327],[-3.442798163888471,47.64451092311587],[-3.442810104928699,47.644609604156734],[-3.443050385955951,47.64449698441769],[-3.44307777351752,47.64461287380337],[-3.443372238992288,47.644506289858995],[-3.443393607510716,47.64435158187332],[-3.443535287632437,47.644307627430265],[-3.443696410136244,47.64398263708032],[-3.443828071462188,47.64396632897179],[-3.443868735168092,47.644081484484786],[-3.443948383526973,47.644077082118706],[-3.444001728262845,47.64396576149819],[-3.44430596040718,47.64393991412545],[-3.444334926526626,47.643848002874435],[-3.444450896121721,47.64392287154112],[-3.444438952200929,47.64382419063266],[-3.444814985905308,47.643839527930325],[-3.444723501919624,47.64418776372953],[-3.444789033989853,47.64406673794692],[-3.444968120621323,47.64411102397429],[-3.445093266328508,47.644040888525595],[-3.445451197326703,47.64423784504686],[-3.44547617513724,47.64444417758746],[-3.44558153010771,47.64432094965268],[-3.445664436757731,47.64434345905426],[-3.445621111847644,47.64442713355602],[-3.445708605192009,47.644377141177],[-3.446249733355703,47.644762649367365],[-3.44644125312761,47.644688842512686],[-3.446298488247403,47.64472382950018],[-3.445016277492064,47.64384646227242],[-3.444824758772608,47.64392026682378],[-3.444900307269791,47.64377159416394],[-3.444521506115321,47.643512572759214],[-3.443835324248741,47.64369499788744],[-3.443591544821571,47.64388909197695],[-3.443582366114904,47.64403409534713],[-3.443293579055704,47.64407714918065],[-3.443047624743909,47.644253300095635],[-3.442951444560514,47.64423152245588],[-3.443148147410387,47.6443109616631],[-3.443101561793805,47.644367722227884],[-3.443095048229193,47.644313896215834],[-3.442989935424739,47.64432873625201],[-3.442962052300544,47.64442961814947],[-3.442824961815425,47.644401070257544],[-3.442815191885836,47.64432033121706],[-3.442682443852816,47.64432766717533],[-3.44258325588343,47.64417059054975],[-3.442386305273477,47.64419953605488],[-3.442386554391932,47.64409115038575],[-3.442290374770585,47.64406937220001],[-3.442044666996133,47.644137135338134],[-3.442009434206949,47.64406683426136],[-3.44185013718677,47.644075636295845],[-3.441872095000847,47.644146670917394],[-3.44173692610961,47.64424444943896],[-3.44167514409343,47.64417561522416],[-3.44158631121932,47.6443250192318],[-3.441564353712284,47.64425398456315],[-3.441385018273281,47.64431807898246],[-3.441345445043561,47.64421189363825],[-3.441319729460548,47.64433071718664],[-3.441217038179709,47.644255112007095],[-3.441148241975943,47.64434922271434],[-3.440950204694591,47.64436919477613],[-3.440951541962316,47.64426978014197],[-3.44074590851905,47.644226954701715],[-3.440770540131764,47.64409916024847],[-3.440522154164998,47.64436574945358],[-3.440421634232937,47.644308085628595],[-3.440458456311683,47.644170586886766],[-3.440347917413549,47.644140569410375],[-3.440233869825777,47.644192024404624],[-3.440310009946622,47.64426909709129],[-3.44019245315656,47.64440202461067],[-3.440089763335666,47.64432641844323],[-3.440095696324951,47.644154502277544],[-3.439945656119682,47.6444608122947],[-3.439827267268887,47.644476382761134],[-3.43996486442101,47.64428816286956],[-3.439863260189321,47.644221527530235],[-3.439633569080396,47.644532236716294],[-3.439612953851405,47.6443617870743],[-3.439553089559415,47.644419279461545],[-3.4395035000224,47.64434073983643],[-3.43941274599818,47.64436381446167],[-3.439440635797963,47.64426293340785],[-3.439269147879593,47.64428143617833],[-3.439136655175819,47.64418038245099],[-3.438553647692556,47.64422161219763],[-3.438493782416533,47.64427910404633],[-3.438592130537788,47.64431882744285],[-3.438491355749358,47.644369547607205],[-3.438481592382461,47.644288808203164],[-3.438380817545656,47.64433952827298],[-3.438200650845039,47.64428626110694],[-3.438037840362776,47.64437653044968],[-3.438174670549252,47.6445134696008],[-3.437996983577412,47.64481227216148],[-3.437665108711637,47.644830598084596],[-3.437702505678377,47.644918842542225],[-3.437593051460321,47.64489779352086],[-3.437597649031744,47.64482529210527],[-3.437385249004315,47.644837020078704],[-3.437339741435862,47.644902749383014],[-3.437188293115497,47.644865956812026],[-3.437104044782008,47.644942855962825],[-3.436961533242348,47.64486944592356],[-3.436866178654989,47.644965019952515],[-3.43681442346799,47.64486853709375],[-3.436560029004376,47.64486452020773],[-3.436651608864165,47.64495880447755],[-3.436536471458935,47.645001284782175],[-3.436101909557119,47.644943996907365],[-3.4361961810317,47.64483945243733],[-3.43612546819104,47.64480723241646],[-3.435717195655062,47.64485686303412],[-3.435545967552994,47.64476697471809],[-3.435453863572046,47.64488946080843],[-3.435332219559886,47.64487811350564],[-3.435387751683805,47.64478473900904],[-3.435252569295015,47.64488250999653],[-3.435142031850837,47.64485248760634],[-3.435248495773427,47.644738240089836],[-3.435077268841528,47.644648351081415],[-3.435180215937786,47.64461557601761],[-3.435082954060951,47.64458482083076],[-3.434987304829127,47.64434626536791],[-3.435080229228543,47.644341136332784],[-3.434997327047542,47.64431861942139],[-3.435192377307495,47.64416335857228],[-3.43497781093516,47.64415714002103],[-3.435081021101405,47.64401597937916],[-3.434982411995991,47.644084638680454],[-3.43494285167997,47.643978451155235],[-3.434885151200882,47.64405388332044],[-3.434793576015212,47.64395959762176],[-3.434670585304545,47.64404766420468],[-3.434700916980443,47.64385634076446],[-3.434533500237221,47.64401910657909],[-3.434607993388782,47.64386146949921],[-3.434436239820285,47.643988350844374],[-3.434372299281155,47.64390157059035],[-3.434231696786453,47.64395448501793],[-3.434505312520634,47.6437858584027],[-3.434155565893762,47.643877408358016],[-3.434373914182947,47.64369377033371],[-3.434181297210751,47.643758586358786],[-3.434176142591826,47.643605345242136],[-3.433270207489064,47.64362824677116],[-3.432993057710789,47.64343582907664],[-3.433099523407821,47.64332158343399],[-3.433004432840344,47.64330876869565],[-3.432977615245668,47.64341861936326],[-3.432783098506322,47.643357105202924],[-3.432835381967231,47.6432368185369],[-3.432710490803947,47.64319855518725],[-3.432734057359099,47.64306179125603],[-3.432569073766146,47.64313411082827],[-3.432599143465689,47.6430511735549],[-3.432508388649478,47.64307424283285],[-3.432467750226497,47.642959083307126],[-3.432177876289553,47.64299313858413],[-3.432262128643559,47.642916242907354],[-3.432190336996059,47.64287504936339],[-3.431661791368752,47.642813900541626],[-3.430962572215325,47.64288859675895],[-3.430814111887986,47.64298709496426],[-3.430836054563369,47.643058131699256],[-3.43074096500894,47.643045315117064],[-3.430493890567866,47.643212468577055],[-3.430429137169634,47.64345084320289],[-3.430327546440365,47.64338419954306],[-3.429979962021394,47.64349367926758],[-3.430139807239469,47.64326812204341],[-3.430105674094577,47.64320678847381],[-3.42995071112384,47.643251458800236],[-3.429982951689735,47.643186464464186],[-3.429891112161704,47.64320056057853],[-3.429829880739486,47.643357462577384],[-3.429836655411861,47.64330290366948],[-3.429721516154753,47.643345377295226],[-3.429688466759445,47.64329301473729],[-3.429603126796378,47.64336093741131],[-3.42952156929873,47.64368151589448],[-3.429651875910294,47.643764638291216],[-3.429516685596802,47.643862402694324],[-3.429835282376531,47.6438448320356],[-3.429810624693324,47.643972624199314],[-3.429713367083333,47.643941864532586],[-3.429629109437274,47.644018758330425],[-3.429654300945927,47.644116708633554],[-3.430018415155713,47.644033411139546],[-3.430118923327706,47.64409108392205],[-3.429998091376309,47.644197087826846],[-3.430156307297006,47.64417933082844],[-3.430184750114664,47.64430419437607],[-3.430272257717335,47.644254213553594],[-3.430363825419727,47.64434850278123],[-3.430594107057018,47.64426355419378],[-3.430743927621198,47.64406564180632],[-3.430820864771089,47.644260077438275],[-3.43093871696266,47.644018773691066],[-3.431114541214545,47.64403616760351],[-3.431086096364124,47.643911304264805],[-3.430926798007999,47.64392009140776],[-3.430920296778582,47.64386626470513],[-3.431091786256656,47.64384777418405],[-3.43103787548466,47.64373334647828],[-3.431129715626702,47.64371924946646],[-3.431088268191369,47.6434867327049],[-3.431170083858551,47.64350028128292],[-3.431178212630962,47.64334630773205],[-3.431427181391826,47.643305480763225],[-3.431331548118745,47.64350943603671],[-3.4314344953183,47.6434766642537],[-3.431440997018919,47.64353049093863],[-3.43161085994895,47.64327728604904],[-3.431493554914455,47.64330181919465],[-3.431513602568583,47.64324652786968],[-3.43182000400815,47.64323865522745],[-3.43180483383222,47.64355557353337],[-3.432064370232757,47.643712841988695],[-3.432126409271467,47.64367329563143],[-3.432139414129593,47.6437809489114],[-3.432465865389882,47.64371778315547],[-3.432419268929106,47.643774539478244],[-3.432519779208238,47.64383221020329],[-3.432429023029395,47.643855279410225],[-3.432552831715714,47.64388457194566],[-3.432612165010413,47.64404385444778],[-3.432688562727176,47.64401254645455],[-3.432664726771072,47.644257695953236],[-3.432818606528541,47.64420405095267],[-3.432754668361631,47.64411726982319],[-3.432970586444653,47.64402407790199],[-3.432993616307509,47.644104085290614],[-3.433127449028191,47.644105731434806],[-3.433072997561593,47.64420807598585],[-3.433208182235227,47.644110307485704],[-3.433342831440565,47.644229310125205],[-3.433360709619681,47.64415607632319],[-3.433593153636907,47.644089064003886],[-3.433575275799249,47.644162297844],[-3.433680390893325,47.64414746627605],[-3.433770880410505,47.64423278174889],[-3.433831834755741,47.6441842634075],[-3.433829400191357,47.64427470687587],[-3.433735391768602,47.64427086382715],[-3.433866790425403,47.644362952586555],[-3.43379147692881,47.6444032324326],[-3.433954028429059,47.64442135464611],[-3.433977059937877,47.64450136182435],[-3.433744347933081,47.64467676051615],[-3.434000909432657,47.64469872570252],[-3.43418160490635,47.64453522808691],[-3.434334134340275,47.64458099564357],[-3.43430488506196,47.64478128999806],[-3.434583660676052,47.64476590430258],[-3.434557399721552,47.64510149753627],[-3.434913923373,47.64495538728122],[-3.435013090224974,47.64511247035234],[-3.434670105739125,47.64514946262871],[-3.43460021265227,47.64523459836036],[-3.434906096417124,47.64544348880321],[-3.43497382079172,47.64534041075241],[-3.4351718639138,47.64532044883002],[-3.435181622461577,47.64540118846718],[-3.435084359151989,47.64537043329409],[-3.434857332580491,47.645482303901844],[-3.43492127580256,47.64556908381905],[-3.435025309032155,47.64554527997974],[-3.435142353535763,47.64562912888963],[-3.435337408164038,47.645473867904364],[-3.435339313350881,47.64560019561646],[-3.435441441022363,47.64545006369339],[-3.435634884092389,47.64550260229525],[-3.435420049008638,47.645604770135506],[-3.435391066580333,47.645696679091834],[-3.435519218557366,47.64576185272393],[-3.435564992082265,47.645587738588354],[-3.435697481516368,47.64568879629155],[-3.435879521890555,47.645425881620504],[-3.436164807119372,47.64546431854115],[-3.436163984431697,47.64534696189532],[-3.436212223864699,47.64552491741646],[-3.436359596804825,47.64541744142302],[-3.436479073258091,47.64541084553621],[-3.436558463248575,47.64551483379267],[-3.436696898465908,47.645443974495684],[-3.436704490257255,47.64550677188853],[-3.436875983002726,47.64548827289391],[-3.436822621879421,47.64559959017248],[-3.436913379125384,47.64557651757388],[-3.43692205577252,47.645648286001574],[-3.436777112967589,47.64566531923158],[-3.436731343331259,47.64583943383496],[-3.436816417744585,47.64587989160464]],[[-3.437537571865394,47.64543368250312],[-3.43745032828474,47.645375283149924],[-3.437545682558965,47.64527970866469],[-3.43764728591138,47.64534634598257],[-3.437537571865394,47.64543368250312]],[[-3.435232290917687,47.64548870095274],[-3.435172684419103,47.64543780548445],[-3.435265610701537,47.64543267630482],[-3.435232290917687,47.64548870095274]],[[-3.435823168020972,47.64540189967476],[-3.435729157468832,47.64539805823243],[-3.435717229347028,47.64529937650882],[-3.435839958794953,47.64531969447317],[-3.435823168020972,47.64540189967476]],[[-3.435046966198461,47.6452821880193],[-3.434750840657553,47.64515403761122],[-3.435019595734696,47.64516629679225],[-3.435046966198461,47.6452821880193]],[[-3.435240671909772,47.645226341689416],[-3.435171307190606,47.64509470657174],[-3.435267485754173,47.6451164906058],[-3.435240671909772,47.645226341689416]],[[-3.437987789509457,47.64495727502214],[-3.437787579360315,47.64495929962425],[-3.437791091959762,47.64487782715457],[-3.438018936565294,47.644883307479795],[-3.437987789509457,47.64495727502214]],[[-3.437559734454073,47.64495381884807],[-3.437452449534545,47.64495071179663],[-3.437441602979368,47.644861001278116],[-3.437559734454073,47.64495381884807]],[[-3.438118628006068,47.64482361669048],[-3.438095590148597,47.64474361034213],[-3.438202874689186,47.64474671680338],[-3.438118628006068,47.64482361669048]],[[-3.440227176761851,47.64468909750292],[-3.44010795613693,47.6445873115884],[-3.440394578239679,47.6445263235874],[-3.440205220914268,47.64461806259234],[-3.440227176761851,47.64468909750292]],[[-3.440070301600186,47.644607453526596],[-3.439985226748544,47.644566998099215],[-3.44007598087077,47.64454392303178],[-3.440070301600186,47.644607453526596]],[[-3.435096785434534,47.64480983042386],[-3.435075920620369,47.6447477656285],[-3.435184289265408,47.64475984593588],[-3.435096785434534,47.64480983042386]],[[-3.435040432567329,47.64478584809292],[-3.435031758591099,47.64471407949326],[-3.434941001998415,47.64473715064076],[-3.435037443871707,47.64465054924701],[-3.435040432567329,47.64478584809292]],[[-3.440175669376457,47.64448423047688],[-3.440036410078426,47.64443773725671],[-3.440065383821947,47.644345827088095],[-3.440175669376457,47.64448423047688]],[[-3.439535219790567,47.64449251420078],[-3.439413575815552,47.6444811711446],[-3.43941600092473,47.64439072756984],[-3.439510009967512,47.64439456604788],[-3.439535219790567,47.64449251420078]],[[-3.443388426379471,47.644198341211386],[-3.44334208829469,47.64414671620729],[-3.443459389737852,47.644122171177266],[-3.443388426379471,47.644198341211386]],[[-3.443969750203177,47.64392237399311],[-3.443881416338328,47.64385500839979],[-3.443988699428925,47.64385810955008],[-3.443969750203177,47.64392237399311]],[[-3.4302988076312,47.644252749193825],[-3.430291223556571,47.644189951344025],[-3.430398506529188,47.64419306497195],[-3.4302988076312,47.644252749193825]],[[-3.433827480605784,47.64370586531179],[-3.433765709416078,47.64363702689587],[-3.433886266234631,47.64363940474606],[-3.433827480605784,47.64370586531179]],[[-3.432359667028244,47.64372364252958],[-3.432347745511787,47.64362496037608],[-3.432477241834817,47.64359072284444],[-3.432359667028244,47.64372364252958]],[[-3.432309004959066,47.643636128718015],[-3.432289497231302,47.6434746488114],[-3.432385941125901,47.64338804954932],[-3.432309004959066,47.643636128718015]],[[-3.430528014822103,47.64371631587285],[-3.430454056527137,47.64365717903551],[-3.430561338438148,47.64366029251478],[-3.430528014822103,47.64371631587285]],[[-3.430172309216988,47.64353725583874],[-3.430202382868754,47.64345431919961],[-3.430259815573644,47.643487275005626],[-3.430172309216988,47.64353725583874]]]},"properties":{}},{"type":"Feature","geometry":{"type":"Polygon","coordinates":[[[-3.503941564538132,47.63917397775979],[-3.503893353374371,47.63877927755137],[-3.504004888642391,47.638926591508735],[-3.504069060246054,47.63890494778837],[-3.50397383653069,47.639000576843884],[-3.504196183981649,47.638961075846616],[-3.504201786312027,47.63889754206951],[-3.504356551184306,47.6389611592481],[-3.504140053614011,47.63872035464366],[-3.503948759173875,47.638685870209564],[-3.503915515717447,47.63874191461836],[-3.50371983866703,47.638671547967185],[-3.503643490297103,47.63870290247823],[-3.503793746826855,47.63883902462603],[-3.503733957890976,47.638896550041835],[-3.503537184871705,47.63881721262868],[-3.503475204420035,47.638856796985955],[-3.503356971841721,47.63876404579524],[-3.503357942186573,47.63888140232703],[-3.50308835922051,47.63864355768636],[-3.503009693448589,47.638765356919166],[-3.502871616157225,47.63861952285929],[-3.502444957568466,47.6384085026818],[-3.502354240874797,47.638431626258125],[-3.502347540959364,47.63848618948573],[-3.502806348896525,47.63863219545388],[-3.503093585432032,47.63890518216416],[-3.503201957569331,47.63891719942031],[-3.503139006885975,47.638839427068724],[-3.503360133411838,47.63889934325688],[-3.503474954364881,47.63907356910327],[-3.503582480895262,47.63885984342551],[-3.503675139872031,47.63907143194291],[-3.503941564538132,47.63917397775979]]]},"properties":{}},{"type":"Feature","geometry":{"type":"Polygon","coordinates":[[[-3.500043326737609,47.63887661546871],[-3.500145259485587,47.63872642651812],[-3.500619918892697,47.638564483719705],[-3.500638928780922,47.63839182384228],[-3.500877703931458,47.638486886536136],[-3.500682162520103,47.63830812869831],[-3.500467480997028,47.638410416482365],[-3.500418640053195,47.63855764515168],[-3.500015119538963,47.63842661039526],[-3.499993218791694,47.63824720041629],[-3.500255251948775,47.63831387268676],[-3.500276453085746,47.63815915384076],[-3.500450221514447,47.63805011636615],[-3.500233745265863,47.637809304409544],[-3.500322271661378,47.63776824147516],[-3.500271503819798,47.637680756893445],[-3.500520393198926,47.63763978259484],[-3.500415440773475,47.63754628820638],[-3.500498491075979,47.63746037263741],[-3.500179124187182,47.63725239323382],[-3.500282586034916,47.63766207576042],[-3.500137816990348,47.63757080152096],[-3.500116615685191,47.637725520388976],[-3.500242637388419,47.6377726822828],[-3.500041361583511,47.637765843061985],[-3.500302165891488,47.63793193085888],[-3.50031421178433,47.63803060633417],[-3.500223494809838,47.638053728260545],[-3.500113066850771,47.637915381126646],[-3.50022993361085,47.638215937349095],[-3.500115956451908,47.638267450936034],[-3.499974471137381,47.63820308801851],[-3.499906749115568,47.63841459017997],[-3.499979549915186,47.638573098775055],[-3.499872009533777,47.63878682116844],[-3.500043326737609,47.63887661546871]],[[-3.500207242255696,47.63868684392476],[-3.500113238929308,47.63868305427149],[-3.500115560905512,47.63859260919114],[-3.500207242255696,47.63868684392476]]]},"properties":{}},{"type":"Feature","geometry":{"type":"MultiPolygon","coordinates":[[[[-3.500251618572662,47.63675161428635],[-3.500116707247642,47.63674107451537],[-3.500179782766508,47.63671046240132],[-3.50006278763406,47.636518292089576],[-3.499971110264151,47.63642405713671],[-3.499867123816268,47.6364479189046],[-3.499977812350255,47.63636949398709],[-3.499831952366905,47.6362692487987],[-3.499517936690884,47.63621450622657],[-3.499439532784973,47.6361195307926],[-3.499184080536423,47.63610667971974],[-3.498723249344116,47.63583433206543],[-3.498521981043985,47.6358274902201],[-3.498560567058639,47.63592468611012],[-3.498071460669674,47.63567253511809],[-3.498382693544079,47.63578106634303],[-3.498414846249516,47.635716052896704],[-3.498648131679314,47.63576626765048],[-3.499121139023057,47.636028905090065],[-3.499392052620243,47.63605895729859],[-3.499555562859951,47.63619434504861],[-3.499615353272258,47.6361368216906],[-3.499809920656528,47.6361982247979],[-3.500265285321314,47.63642571558807],[-3.50044851026087,47.6367225711398],[-3.500228491063591,47.636671619877895],[-3.500251618572662,47.63675161428635]]],[[[-3.498016121594435,47.63564400566006],[-3.497833344758247,47.63554977664523],[-3.497728264459905,47.63556466598798],[-3.497771227267755,47.635697744282346],[-3.497554909690315,47.63534854081636],[-3.498016121594435,47.63564400566006]]]]},"properties":{}},{"type":"Feature","geometry":{"type":"Polygon","coordinates":[[[-3.496938933532699,47.635337718494426],[-3.496897205917843,47.635105224146805],[-3.496721528443111,47.634979542876984],[-3.496740133580953,47.63513204213976],[-3.496290685517548,47.634624231349804],[-3.495994331939254,47.63460462178106],[-3.495953282412249,47.63470625645832],[-3.495883641212259,47.63468304299594],[-3.496012261094564,47.63442299174787],[-3.495797726857417,47.63441688485419],[-3.49579649199742,47.634516300600374],[-3.495453088872972,47.634110955692194],[-3.49533692753541,47.63414452360414],[-3.495165633439164,47.63405472218268],[-3.494987490788475,47.634127869760974],[-3.494911286195916,47.63405083231737],[-3.495052896516701,47.63400681518049],[-3.49499776446908,47.63388344587302],[-3.495138280147164,47.63383045806205],[-3.494965751001364,47.63384007210687],[-3.494941538583757,47.63375110596399],[-3.494812106244147,47.63378541288895],[-3.494608801118475,47.6336522368131],[-3.494576645020221,47.633717249281275],[-3.494099304747158,47.63341871082005],[-3.493996703982097,47.63323476524991],[-3.493470806826554,47.63286667775934],[-3.49204386657531,47.63234105473031],[-3.492080102951614,47.63252869814332],[-3.492207346785461,47.63247645302474],[-3.492512436422993,47.63256783699085],[-3.49280192178625,47.63275040465605],[-3.49297663528233,47.63275873498298],[-3.493195391758563,47.63290911580646],[-3.493282821645658,47.632859087514],[-3.493782319449036,47.63312026827856],[-3.494077137742968,47.633456071993734],[-3.494843977011199,47.63393717303249],[-3.494831514450528,47.63416365576664],[-3.495125676888694,47.634165327161725],[-3.495501515820791,47.63428888772371],[-3.495815234903553,47.634560413752766],[-3.495804964836347,47.63480483762701],[-3.496009651990983,47.634730209530034],[-3.495998709089534,47.63464050399608],[-3.496291640249473,47.6347415881915],[-3.496938933532699,47.635337718494426]]]},"properties":{}},{"type":"Feature","geometry":{"type":"Polygon","coordinates":[[[-3.48335313854186,47.63371891059486],[-3.483522723935149,47.633465629002565],[-3.483615624709312,47.633460461339844],[-3.483732287248635,47.63310174600907],[-3.484132344223419,47.632546636417786],[-3.484425568807807,47.632430977684905],[-3.484782637654677,47.63251045781627],[-3.484994978175992,47.63249864361121],[-3.485053687736094,47.63243215692987],[-3.48510005598886,47.63248376569827],[-3.48511802150411,47.63230213713963],[-3.485259473258806,47.632366518244275],[-3.48521092009869,47.63229696820515],[-3.485338170103445,47.63224473056278],[-3.485541285305174,47.632486309271805],[-3.485595624193846,47.632383939669936],[-3.485720366870194,47.63253053309784],[-3.485764872753847,47.632347427476404],[-3.486020464232683,47.63225192150567],[-3.486119757870931,47.63240896220458],[-3.486148645724482,47.632317040051014],[-3.486545370682258,47.63250268560253],[-3.486438267567971,47.63239123710555],[-3.48663296534971,47.6323442758701],[-3.486628753905521,47.63220000684706],[-3.48680002768537,47.632289820871684],[-3.486761465715011,47.632192620915646],[-3.486625475916751,47.632173094888785],[-3.486473096672548,47.63201900888461],[-3.486543504161791,47.63226797148273],[-3.486240771663208,47.63208612680606],[-3.486222970086584,47.632159369141135],[-3.486043889350454,47.6321151460771],[-3.486038266118058,47.63217867920494],[-3.485842475885292,47.632216668793305],[-3.485671203951473,47.632126853361356],[-3.485555971863875,47.63227776865872],[-3.485286339639527,47.632148268555795],[-3.485101635370573,47.632167577138745],[-3.485058219764197,47.632359653191145],[-3.484914583515804,47.63227733050599],[-3.484706613226128,47.632325027246985],[-3.484651506830396,47.63220165295053],[-3.484846042651545,47.63226308110328],[-3.485024517932778,47.63197317607553],[-3.484713819731577,47.6319453055975],[-3.484788751291498,47.63212176552825],[-3.484638398882518,47.63209400489283],[-3.484638235619661,47.632202391310756],[-3.484554239087739,47.63217093875194],[-3.484032891683521,47.63249798044134],[-3.483802415989588,47.632799807620486],[-3.48366314919616,47.63275336612176],[-3.483508261434956,47.632798107711686],[-3.483630218759281,47.63259263215763],[-3.483581667516506,47.632523081449484],[-3.483506408259887,47.63256339357938],[-3.483427970289509,47.63323608253946],[-3.483204040679036,47.63359173248042],[-3.48335313854186,47.63371891059486]]]},"properties":{}},{"type":"Feature","geometry":{"type":"Polygon","coordinates":[[[-3.490951107601807,47.63247416808682],[-3.490952351439619,47.632374752287085],[-3.490890369136599,47.63241433009952],[-3.490783257127213,47.632302885581296],[-3.490789817316783,47.63235670926035],[-3.490720181428229,47.63233349269172],[-3.490352323680496,47.63205593809694],[-3.490338900898294,47.63216506353257],[-3.490288154750048,47.632077574359606],[-3.490038190220127,47.632109556356134],[-3.489937639894445,47.632051934774395],[-3.489931080601678,47.63199811103902],[-3.490081435492948,47.632025864863635],[-3.490028503440049,47.6319204343283],[-3.489784158246906,47.63188888245661],[-3.489819293174846,47.6320675559909],[-3.489729674972111,47.63209964046342],[-3.489704378895146,47.63200170253066],[-3.489599303314906,47.632016584588875],[-3.489389612821394,47.63172118910389],[-3.489227081217046,47.63170314389674],[-3.489205065503076,47.63163211772895],[-3.489134184045059,47.63170831602664],[-3.489255655567141,47.63182799383771],[-3.489194765728891,47.63187654139125],[-3.489011311254053,47.63179644034795],[-3.489064241174742,47.63190187135093],[-3.488928560374934,47.63166557511242],[-3.488848934259869,47.63167000816775],[-3.488828640848263,47.63194208253],[-3.489015374732402,47.632049095747576],[-3.4886882789164,47.631886676368026],[-3.488587575225627,47.631937440055864],[-3.488524654069915,47.631859659550145],[-3.48838850882843,47.631948522009765],[-3.488457832188149,47.63218851282685],[-3.488584141015833,47.63201891458249],[-3.488781804916757,47.63221563451389],[-3.488793044844554,47.63208856799426],[-3.48888484967115,47.63207442550454],[-3.48922193909176,47.63220919355318],[-3.489023180530456,47.632003503734694],[-3.489220999949537,47.632091836500514],[-3.489489855112528,47.63199558404543],[-3.489523895975983,47.63216528703268],[-3.489772767884544,47.63212433551396],[-3.489816801288028,47.632266387592686],[-3.490115478256627,47.63219556767583],[-3.490262402133631,47.63230479582422],[-3.490520171995607,47.63222722124351],[-3.490951107601807,47.63247416808682]]]},"properties":{}},{"type":"Feature","geometry":{"type":"Polygon","coordinates":[[[-3.483752010081217,47.63249554285472],[-3.483633991174883,47.63229438499644],[-3.483383095335129,47.63220899565852],[-3.483641966891939,47.632140406935136],[-3.483895047232521,47.632243737076266],[-3.48422513569112,47.63188217911],[-3.484152390805197,47.631723660152105],[-3.484495745308249,47.63136136301869],[-3.484768974639508,47.631301004100074],[-3.485058589051955,47.631375204614145],[-3.48541362857692,47.631328355057],[-3.485497785804458,47.631251420545276],[-3.485440493804759,47.63111010521603],[-3.485582104132785,47.631066099493076],[-3.485484999464132,47.63092699956691],[-3.485446117636104,47.631046572081935],[-3.48505312714306,47.631330351257546],[-3.48480676583341,47.631172461151685],[-3.484786777925031,47.631227761954094],[-3.48454025441809,47.63117825775326],[-3.484514641278325,47.63129709159328],[-3.484313391911818,47.63129022525318],[-3.484295587955879,47.63136346732466],[-3.484099963826936,47.63129306754618],[-3.48417161573512,47.631442615892844],[-3.483965503182389,47.631725025586874],[-3.483894778892813,47.63169283426216],[-3.483302707794731,47.631987681410926],[-3.482798402841478,47.632015732219394],[-3.48281587514347,47.6321592632424],[-3.483196039801446,47.6323187462716],[-3.483576372151624,47.63236984164946],[-3.483659110999748,47.63250071062846],[-3.483752010081217,47.63249554285472]],[[-3.483838685717156,47.632219778128466],[-3.483744860022174,47.63210758887642],[-3.483883197796902,47.632036673194584],[-3.483960475809103,47.6321226885895],[-3.483838685717156,47.632219778128466]],[[-3.483598876803217,47.63211570962328],[-3.483438530206123,47.63211559772885],[-3.483398882366318,47.63200942597077],[-3.483824817043126,47.63188638645049],[-3.483834646730195,47.63196712257159],[-3.483598876803217,47.63211570962328]]]},"properties":{}},{"type":"Feature","geometry":{"type":"Polygon","coordinates":[[[-3.486455368570752,47.629789223028745],[-3.486461150609,47.62961730324345],[-3.486625860147855,47.629653293647486],[-3.486536403480218,47.629576989148646],[-3.486608378421175,47.629509763008805],[-3.486418380533707,47.629375833800445],[-3.486600889464776,47.629338581775414],[-3.486514711112786,47.629289189247],[-3.486560144806369,47.62922344027145],[-3.486759042472591,47.629320747999756],[-3.486755148837034,47.62895970556972],[-3.486598726579917,47.6285529635728],[-3.486453846076278,47.62857005857211],[-3.486519264347123,47.628449008422734],[-3.486056218548373,47.628267055023336],[-3.486179540114362,47.62862145084325],[-3.486236991405838,47.62865437937893],[-3.486248396624099,47.62841892624495],[-3.486684585627043,47.62881912928407],[-3.486724078614829,47.6290336866998],[-3.486602459863102,47.62902239268229],[-3.486652104461534,47.629100912927456],[-3.486555774445259,47.629187557602606],[-3.486185935099594,47.62878366149436],[-3.486093042713954,47.62878883121359],[-3.486476151829748,47.62919198904622],[-3.486381073640849,47.62917921765729],[-3.486479270044423,47.62932728763143],[-3.486278027851993,47.62932042466903],[-3.486379342207027,47.6296037932876],[-3.48618044417831,47.629506484926964],[-3.486348111305602,47.62978616084862],[-3.486455368570752,47.629789223028745]]]},"properties":{}},{"type":"Feature","geometry":{"type":"Polygon","coordinates":[[[-3.429541343932997,47.64373461058533],[-3.429208389620523,47.643743941368456],[-3.429319197087506,47.6436655837254],[-3.429224106814968,47.64365276591279],[-3.42919350011238,47.643509959819234],[-3.429032566952867,47.64372654458503],[-3.429344958222384,47.64310424889971],[-3.429286443248394,47.64306232150131],[-3.429191078144501,47.643157889356225],[-3.429026365702737,47.64312181822823],[-3.428887926324772,47.643192668522765],[-3.42878958750352,47.643152936935216],[-3.428812080921808,47.64300720265097],[-3.42865603430786,47.64304290012431],[-3.428683414499182,47.642716279001824],[-3.428840543303147,47.642689552627935],[-3.42868721778603,47.642526420984815],[-3.428731121394725,47.64222598120024],[-3.428602986199676,47.642160800003644],[-3.428413894487747,47.64214413426371],[-3.428439082880919,47.64224208492434],[-3.428288731310189,47.64221425191554],[-3.427873416198827,47.642426799777596],[-3.427934899923844,47.64260402707816],[-3.427848197194495,47.6427713630612],[-3.427798626416374,47.64269281840202],[-3.427747940411968,47.6430478165592],[-3.427632800042818,47.64309028813228],[-3.427562060755397,47.64350057678878],[-3.427564819038731,47.64285923380008],[-3.42751035817576,47.64296157582493],[-3.427449678930734,47.64290170519687],[-3.427271657460335,47.64330887738091],[-3.427223449845797,47.643130917964605],[-3.427299849416908,47.64309961347999],[-3.427223729756266,47.64302253226956],[-3.427142718633916,47.64312633777625],[-3.427140832939255,47.643000009768556],[-3.427030303958756,47.642969979675314],[-3.427197460333368,47.642915610230524],[-3.427134615731255,47.64283779712432],[-3.427232429625398,47.64265178752934],[-3.427068802934023,47.642624684789546],[-3.427113238339718,47.642549988249414],[-3.426980772955613,47.642448920648334],[-3.426678706519021,47.64249266525597],[-3.426610449255733,47.64236999603331],[-3.426580089418431,47.6425613175202],[-3.42642079435048,47.64257009852606],[-3.426398056588282,47.6423817040492],[-3.426374192462618,47.6426268524718],[-3.426205953433195,47.64267224958045],[-3.426202423291494,47.642753721794485],[-3.426074289917997,47.642688537842645],[-3.426081868816798,47.64275133601512],[-3.425919325077783,47.64273320283437],[-3.425816941457445,47.642549198340085],[-3.425735928317135,47.642653002896914],[-3.425666307318652,47.64262974768108],[-3.425703399904736,47.64282638178757],[-3.425475848808082,47.64271249173336],[-3.42533740577819,47.642783337836086],[-3.425464790688151,47.6422886516478],[-3.425365089830297,47.64234833171892],[-3.425244820234482,47.642237559340614],[-3.425374601408645,47.64209494391369],[-3.425431746124159,47.64223628785714],[-3.425510310653355,47.642222926879775],[-3.425437726102465,47.64206437225183],[-3.425562093355448,47.64187690071741],[-3.425451619024584,47.64140435484464],[-3.424961093635504,47.64077213819718],[-3.424892557888995,47.640757853684576],[-3.424916656697786,47.64084683398781],[-3.425048031705229,47.64093893282781],[-3.424944003005897,47.64096272784077],[-3.424629809755749,47.64057365548547],[-3.424143568731414,47.64041983450419],[-3.423734589016538,47.639909551720265],[-3.422887580043134,47.639423402450895],[-3.422827703273833,47.63948088641525],[-3.420802092383117,47.63886097534749],[-3.420266322079267,47.63862859027944],[-3.419600573758427,47.638204683086585],[-3.419244452277207,47.63779984608995],[-3.418824832155599,47.636757317532016],[-3.418530766772534,47.63631293857813],[-3.417853467057699,47.63568195087022],[-3.417870282451367,47.63559974783811],[-3.417793888085842,47.635631046278576],[-3.417701575610085,47.635419389397185],[-3.417607284549413,47.635523919454016],[-3.417523921460135,47.63527564655529],[-3.417376838465059,47.63527471324871],[-3.417215701706914,47.63515715305943],[-3.417181888863008,47.634987429335084],[-3.416986039389878,47.63502530344781],[-3.417028320537524,47.63493266787346],[-3.416790791749074,47.634846404979875],[-3.416693859525097,47.63470724819411],[-3.416389968522884,47.63462463765333],[-3.416172630752911,47.63404056855421],[-3.416186205640004,47.63393145179455],[-3.416255811161052,47.633954712763995],[-3.416194678439907,47.6336690923314],[-3.41631161970628,47.63297631451941],[-3.416167913974539,47.63255977730936],[-3.416061736027049,47.63256562190397],[-3.416072068336304,47.63242959115023],[-3.415893044887433,47.632385260568334],[-3.415868489995007,47.632070534145925],[-3.415738233400338,47.63198739587481],[-3.415682509347335,47.63174663145542],[-3.416005361492484,47.63176498365581],[-3.416093640160121,47.631832370741684],[-3.416139638836566,47.631992393171785],[-3.41600445359253,47.63209014253608],[-3.416083005546494,47.632076787827614],[-3.416025291281366,47.63215221114262],[-3.416199990754228,47.63216065629536],[-3.416135489297804,47.632290638090964],[-3.41600060593545,47.63228000116474],[-3.416029009295696,47.632404868926706],[-3.416268989774985,47.63240068982523],[-3.416333967955256,47.632496451806574],[-3.416481043276064,47.63249738642749],[-3.416438763107714,47.63259002192044],[-3.416610398049978,47.632905682596366],[-3.416615979318038,47.63328466908455],[-3.416523072396394,47.63328978346456],[-3.416472923710586,47.633428006048554],[-3.41657988276916,47.633539518589124],[-3.416373404550391,47.63382180861292],[-3.416539035333228,47.634309385039515],[-3.416440420311289,47.63437802903629],[-3.416532248209229,47.63436394343016],[-3.416563896723198,47.63451572480986],[-3.416663592790295,47.63445605200689],[-3.417088498899834,47.63476680061188],[-3.417270774506854,47.63483804316454],[-3.417464460908143,47.63478222600251],[-3.417523739052868,47.634941516915994],[-3.417792438741219,47.63495381578562],[-3.417958982055476,47.63511623158276],[-3.418247442953481,47.63518162628755],[-3.41864041167142,47.635448974389114],[-3.419183016958225,47.63640345382127],[-3.41968926201573,47.63772116617013],[-3.420033194363276,47.6381357040903],[-3.420383127901567,47.63837832523362],[-3.420974154442494,47.638625727780514],[-3.422873008178987,47.63908103366538],[-3.423855201637282,47.63946942521265],[-3.424496616380103,47.63991271332292],[-3.424943031835396,47.64006872760566],[-3.425291917851105,47.64030236261308],[-3.425339033939272,47.640471351903024],[-3.425650833266301,47.64050835135092],[-3.425794117407523,47.64069913235974],[-3.42592361083494,47.64066490203953],[-3.426101823860714,47.64103437450874],[-3.426212348309763,47.64106440551053],[-3.426105354042264,47.640952902224974],[-3.426175255073068,47.64086777138556],[-3.42628333201496,47.64098824578572],[-3.426238896748035,47.641062942070846],[-3.426546087896759,47.641172440226555],[-3.426750053664261,47.64142309114242],[-3.426762766289961,47.64163913092449],[-3.426910428067478,47.6414232808483],[-3.426835394159695,47.641355170483884],[-3.427016622449389,47.64141742642002],[-3.427239036828632,47.64137807195062],[-3.427437871573032,47.64147548004696],[-3.427552695367705,47.64198390865351],[-3.427676776019874,47.641904820625285],[-3.427628289241297,47.64183524701528],[-3.427720127017336,47.64182115266956],[-3.427813851986114,47.64193338632674],[-3.42785503683007,47.64183177601116],[-3.427869920001354,47.64206575793506],[-3.427967450194749,47.64200737315823],[-3.427895942979355,47.64183855144514],[-3.428019744498304,47.641867848814556],[-3.427985893041255,47.64169812880951],[-3.428182842227075,47.64166920754037],[-3.428666133901419,47.64168771239423],[-3.428971167291898,47.641779261842544],[-3.428981722647815,47.64197735905488],[-3.429142098724616,47.64197754569744],[-3.429175678095291,47.64225565109187],[-3.429269682639455,47.642259497813164],[-3.429244492713494,47.6421615473325],[-3.429407568149633,47.64240541852028],[-3.42953028853915,47.64242574314252],[-3.429550337898317,47.64237045212924],[-3.429630793155652,47.642483416393134],[-3.429701773869615,47.64240725464769],[-3.429963739529472,47.64247408440022],[-3.429766788338338,47.64250300865923],[-3.429713140518946,47.642722708587655],[-3.429586086220004,47.642666499620084],[-3.429517271553026,47.642760603555956],[-3.429635384594373,47.64285342923841],[-3.429695257814318,47.642795941886085],[-3.429681708295308,47.6429050597123],[-3.429745914799398,47.64288345686912],[-3.429873778598636,47.643057022493316],[-3.429791689245911,47.64315185870442],[-3.42973209054669,47.64310096039897],[-3.429602593650975,47.64313519489686],[-3.429509395557136,47.64324870527276],[-3.429610985006691,47.64331534964865],[-3.429545419437084,47.64343636696369],[-3.429376097283711,47.643472797486076],[-3.429444086912024,47.643703850690656],[-3.429541343932997,47.64373461058533]],[[-3.426739665324557,47.64244415057064],[-3.426853722186638,47.642392708701614],[-3.426719893956029,47.64239105537004],[-3.426739665324557,47.64244415057064]],[[-3.426839966119039,47.641725183655744],[-3.426803672152892,47.64164590674158],[-3.426757071479292,47.641702660867274],[-3.426839966119039,47.641725183655744]],[[-3.427129836574358,47.641691141599324],[-3.427068076356636,47.6416222995707],[-3.42703475034596,47.64167832199178],[-3.427129836574358,47.641691141599324]],[[-3.427104650844339,47.64159319062843],[-3.427162359660389,47.64151776220929],[-3.427087023348705,47.64154863184647],[-3.427104650844339,47.64159319062843]],[[-3.429312185014137,47.642943500524204],[-3.429407549518013,47.64284793255978],[-3.429164273425004,47.6428252252142],[-3.42913636494994,47.64292610388974],[-3.429312185014137,47.642943500524204]],[[-3.429417574345686,47.64282028707038],[-3.429479614308169,47.642780742100115],[-3.429383442317343,47.64275895327552],[-3.429417574345686,47.64282028707038]]]},"properties":{}},{"type":"Feature","geometry":{"type":"MultiPolygon","coordinates":[[[[-3.482989652524244,47.627896552573496],[-3.483022863815236,47.627713313355024],[-3.483112145988541,47.62789800727434],[-3.482989652524244,47.627896552573496]]],[[[-3.482982902233967,47.62793379631383],[-3.483004559580984,47.62811171531634],[-3.482853127450375,47.62807498162005],[-3.48291461042269,47.628360567893],[-3.482723366828705,47.62832604852178],[-3.482705227326565,47.62861606370058],[-3.482485426108987,47.62845669219237],[-3.482502896404422,47.62860022352581],[-3.482363641698581,47.628553780377175],[-3.482373300710565,47.62874290336831],[-3.481881879923616,47.628327694989224],[-3.481808808848461,47.62838594754225],[-3.482100418576621,47.628586483548105],[-3.482172061249535,47.62873603333005],[-3.481896827333545,47.62867005822336],[-3.481756312097348,47.628723030247514],[-3.481589594666082,47.62856070491655],[-3.481576154848525,47.62866982954148],[-3.481485615322532,47.628584550419475],[-3.48145781318118,47.628685442314165],[-3.48128655995581,47.62859562029008],[-3.481226758240049,47.62865313449015],[-3.481136389663269,47.62845946848034],[-3.481363076900895,47.628455893609775],[-3.481346701413796,47.62832133281522],[-3.48144269884272,47.628451465649775],[-3.481517953860378,47.62841115476385],[-3.481808470853607,47.62860272077884],[-3.481912450088323,47.628578874988754],[-3.481533746741639,47.62821158493708],[-3.481763539104213,47.62834330807442],[-3.481771519626481,47.62818932982688],[-3.481888768317712,47.628164746016736],[-3.482216576141246,47.62855292870205],[-3.482245636739517,47.62835262070705],[-3.482422517948226,47.628378908260345],[-3.4824603127239,47.62825036587734],[-3.482655756262499,47.62842915513835],[-3.482661717655531,47.628148848784924],[-3.482798787688643,47.6281773501738],[-3.482740414208961,47.62802706258847],[-3.482839857240753,47.62807571977753],[-3.482865472563237,47.62795688610725],[-3.482974909878098,47.62797789290094],[-3.482982902233967,47.62793379631383]]]]},"properties":{}},{"type":"Feature","geometry":{"type":"Polygon","coordinates":[[[-3.478237749750698,47.62736526029072],[-3.478073582661529,47.62700409795602],[-3.47813120367142,47.62692864380853],[-3.478193012730256,47.6269974593541],[-3.478198821076409,47.62682553973129],[-3.478056124798285,47.62686056584229],[-3.477729803219338,47.62626456844426],[-3.477641278525886,47.626305614501696],[-3.477762534779283,47.62653369132071],[-3.477749824240421,47.62686855979875],[-3.477410971349713,47.6264990433135],[-3.477134485421307,47.62653247286829],[-3.476994328619591,47.62636866577428],[-3.477051414519845,47.626618372309636],[-3.476823823008537,47.626504581326955],[-3.476878905431088,47.626627959677954],[-3.476926530562946,47.62658015589942],[-3.477032511220108,47.62668264268256],[-3.477258278442018,47.626561718290766],[-3.477374256649215,47.626636554943374],[-3.477395341514329,47.62659022604362],[-3.47763584962092,47.626920051754496],[-3.477772913814957,47.62694855905904],[-3.478117227730388,47.62736292818253],[-3.478138312237581,47.62731659916597],[-3.478237749750698,47.62736526029072]],[[-3.477928703632394,47.62702118239497],[-3.47781617413617,47.62686487188531],[-3.477882700986502,47.62675279722745],[-3.477988860570386,47.62674689642671],[-3.478062671485999,47.62691439038649],[-3.477928703632394,47.62702118239497]]]},"properties":{}},{"type":"Feature","geometry":{"type":"Polygon","coordinates":[[[-3.438800895042462,47.62526994528731],[-3.438804404799756,47.62518847195691],[-3.438921666670103,47.62516393124167],[-3.43887318044203,47.62509436169667],[-3.438991526586063,47.625078792040775],[-3.438920009802453,47.62492921551552],[-3.439009390601989,47.62500555664898],[-3.439122569503238,47.62483674446836],[-3.439439964986637,47.62481017631773],[-3.439675825525517,47.624661677855414],[-3.439430458791921,47.62462104942135],[-3.439439135417035,47.62469281844053],[-3.439327552864657,47.62465382856895],[-3.43932729762595,47.624762215321404],[-3.439220053183791,47.62475910986047],[-3.439276642129548,47.62467470367294],[-3.439167228799203,47.62465365590567],[-3.438948146389026,47.62471994681693],[-3.439314793433841,47.62443778825987],[-3.43926413826579,47.62435027659137],[-3.439647304715931,47.624094297123015],[-3.439620189769335,47.623870018906445],[-3.439498592768845,47.62385867581775],[-3.439544334533545,47.623684558150096],[-3.439307648680692,47.62371569848439],[-3.439230454799122,47.62362965319122],[-3.439519134520166,47.62358660894497],[-3.439545928690952,47.6234767556499],[-3.43937450758234,47.623495258773865],[-3.43947224338533,47.623309237074466],[-3.439115047939551,47.623338004912945],[-3.439218206914582,47.62319683909699],[-3.439057887225156,47.6231966662835],[-3.438981778967279,47.62311959194101],[-3.438991539219028,47.623200332187174],[-3.43883230396714,47.623209130202234],[-3.438804424017158,47.62331001220928],[-3.438680659617965,47.62328072598664],[-3.438477848098634,47.623481583163404],[-3.438485438861672,47.623544381154076],[-3.438646844016611,47.62355352589314],[-3.438581323203056,47.62367454951447],[-3.438675039145751,47.62378677551064],[-3.438766842954515,47.62377267235051],[-3.438770668019491,47.6240253304915],[-3.438608176990619,47.62400721478773],[-3.438552101315393,47.62387484709804],[-3.438402109252081,47.62418115834628],[-3.438307308814092,47.624059961013316],[-3.43821550438987,47.62407406381014],[-3.438289701494337,47.62402480954809],[-3.438185711659932,47.6240486165589],[-3.438266672356387,47.623944802372584],[-3.438000192017673,47.623950492813734],[-3.437901623732014,47.62401915529121],[-3.438008092868488,47.62434742230008],[-3.438135112433859,47.62440362264148],[-3.438063909888178,47.62458817697819],[-3.438218039420245,47.624868655710934],[-3.438163359732639,47.62507939038499],[-3.438286043623914,47.62509970599269],[-3.438178798564321,47.62509659957624],[-3.438114359163304,47.62522659397603],[-3.438201570540573,47.62528499344253],[-3.438391947144062,47.62520222790153],[-3.438647332500073,47.62521521197222],[-3.438778120957513,47.62508155153639],[-3.438800895042462,47.62526994528731]],[[-3.4387729549461,47.624928309142135],[-3.438662456841128,47.62489828977234],[-3.438663797881641,47.62479887416284],[-3.438869354815265,47.62484170369794],[-3.4387729549461,47.624928309142135]],[[-3.438781709836678,47.62356413671811],[-3.438669045697186,47.6235161750561],[-3.438839382662948,47.62348870182943],[-3.438781709836678,47.62356413671811]],[[-3.438877022767778,47.62346856006791],[-3.438843976697857,47.6234161995619],[-3.438986689479455,47.62338122129723],[-3.438877022767778,47.62346856006791]]]},"properties":{}},{"type":"Feature","geometry":{"type":"Polygon","coordinates":[[[-3.449293277878099,47.62355185402794],[-3.449179518129253,47.623494931463426],[-3.449209550959449,47.62341198907499],[-3.44914646193825,47.623442573873525],[-3.449119307414678,47.62321829778867],[-3.448981181955854,47.62318078576244],[-3.448959458980769,47.62300136484224],[-3.448876348243276,47.623087244396146],[-3.448786956546148,47.62301091073861],[-3.448782376049981,47.62308341341175],[-3.448619034768659,47.622947953711225],[-3.448725662311328,47.62272530574272],[-3.44862843251462,47.62269456148358],[-3.448667390721202,47.62257500072208],[-3.448606474533999,47.62262352734411],[-3.448564730884449,47.62249940115014],[-3.448485115099869,47.622503806712174],[-3.448454468999014,47.62236100410709],[-3.448296086813609,47.62248717298089],[-3.448260760644413,47.62296777847495],[-3.44811418581447,47.62275011011279],[-3.448013223195004,47.6229092259291],[-3.447973042028805,47.62257729683123],[-3.448107296047377,47.62236215204489],[-3.448079060459428,47.622128904535266],[-3.448144083193222,47.622224649321545],[-3.448229365775521,47.62215671236518],[-3.448240225846077,47.62224642293467],[-3.448420564946278,47.62219128831792],[-3.448735059511984,47.6224719134775],[-3.448753523207313,47.62262442133793],[-3.448847730490203,47.62251986545506],[-3.448924702524351,47.62271429132715],[-3.449004318586563,47.622709885465945],[-3.448996244372163,47.622863861895674],[-3.449143058412949,47.62297314227141],[-3.449107214824085,47.62267709776017],[-3.449210346098689,47.62253592307201],[-3.449344125245887,47.622537550659715],[-3.449366935532864,47.62272594259513],[-3.449376094863605,47.62258093717349],[-3.44948791502125,47.6225115305935],[-3.449731725236503,47.6227599406794],[-3.449589489946121,47.62257815831091],[-3.449658243212125,47.6224840415747],[-3.449541226656024,47.62240020620302],[-3.449600203630248,47.622225350091426],[-3.449901902835559,47.622289932680566],[-3.449862713763897,47.62251788077088],[-3.450034980924386,47.622616720177696],[-3.450032574795187,47.62270716499035],[-3.449923394973617,47.62257774038738],[-3.450078667339031,47.62286717479377],[-3.450152851819854,47.62281791296558],[-3.450073935924034,47.62249715894226],[-3.45016682084021,47.62249201785104],[-3.450280192119612,47.622214807731304],[-3.450448036685564,47.62282866790755],[-3.450570720077879,47.622848970635076],[-3.450462857674452,47.62262013068939],[-3.450514692135722,47.622165703066194],[-3.450750204402507,47.622676474519665],[-3.450674312197171,47.62249102087986],[-3.450740890574082,47.62237896143532],[-3.450926196491616,47.62258545191937],[-3.450987110526716,47.62253692408654],[-3.451020167962163,47.62258928117987],[-3.451070217011853,47.6224510430064],[-3.451168534276973,47.622490756265016],[-3.451201822981493,47.622434726407434],[-3.451241399672896,47.622540909608176],[-3.451451534834863,47.62251121426089],[-3.45149443783598,47.62209340488061],[-3.451662360316348,47.62215635780153],[-3.451828569661787,47.62198459458382],[-3.451937752889092,47.62211401744525],[-3.45198562585164,47.62195783679859],[-3.452068500471746,47.62198034191629],[-3.452116542545669,47.62226667993612],[-3.452170935121948,47.62216432535241],[-3.452266850352562,47.62229448256813],[-3.452209885007786,47.62204476337684],[-3.452351269885052,47.62210918466412],[-3.452234707962452,47.6218085781051],[-3.452375463016,47.62164725446227],[-3.452625172867445,47.62172373983739],[-3.45263689877271,47.621930807973435],[-3.45272000166025,47.621844925692685],[-3.452803735318215,47.62198478824159],[-3.452776338252037,47.62186889978077],[-3.45285377918273,47.62184654926097],[-3.453064315519796,47.62215098281294],[-3.452969712929923,47.62192141032339],[-3.453127855184967,47.621903622015594],[-3.453232694022566,47.62199715962259],[-3.453278162496328,47.621931423351285],[-3.453433451170139,47.62222085339355],[-3.453382141474262,47.62190760287768],[-3.453466556523844,47.62172230413074],[-3.453773466314634,47.621940118724766],[-3.453698651569869,47.621763637987605],[-3.453900496746499,47.621996301989675],[-3.454326832198229,47.62220750119727],[-3.454346848281034,47.62215220535406],[-3.454531304649734,47.62224133222502],[-3.454685098966357,47.62218765781812],[-3.454882825176324,47.622276049171255],[-3.455197995381968,47.62278240170372],[-3.455351790587031,47.62272872643382],[-3.455628048311523,47.62280373527146],[-3.45580729437284,47.62273961827944],[-3.455678529692479,47.62244872132749],[-3.455858640128769,47.6225019621436],[-3.455865607203008,47.62233901422612],[-3.455967189759083,47.62240563640267],[-3.456051375351123,47.62232872275696],[-3.455853647011272,47.622240333384504],[-3.455902595924083,47.622093122129215],[-3.455966766783186,47.62207150464585],[-3.45595545083209,47.62219856865165],[-3.456050730576227,47.622102977921976],[-3.455988955729009,47.62203415048899],[-3.456197556964632,47.62221224947244],[-3.45625737842757,47.622154747898655],[-3.455953940633957,47.62185546587258],[-3.456127746494652,47.62174649342179],[-3.456270868358605,47.622045625826644],[-3.456205848714539,47.621398979792076],[-3.456340712578307,47.62140957035319],[-3.456355289504009,47.62130941921532],[-3.45627154760092,47.621169559164294],[-3.456420767120325,47.62118838547925],[-3.456552794975616,47.62150619474964],[-3.45664893976359,47.62152796144882],[-3.4566458976057,47.62139266153397],[-3.456790768165745,47.621375603444314],[-3.456600006805956,47.62112426721747],[-3.456695283478641,47.621028675909265],[-3.456621107521377,47.621077941938076],[-3.456601314348281,47.6210248512118],[-3.456775116183368,47.62091587775119],[-3.456720086117073,47.62079248956139],[-3.456912153818171,47.62094440962166],[-3.456883660935099,47.62081955108003],[-3.456998729993142,47.62077705019594],[-3.456797523835181,47.62077013641434],[-3.456787956869211,47.62058101054269],[-3.456988074868023,47.6205789533585],[-3.456908682167994,47.62047497764594],[-3.457052243467547,47.62055733526195],[-3.456998300574037,47.62044291816357],[-3.457219517973158,47.62039453521506],[-3.45719646203299,47.62031453162508],[-3.45730043611336,47.62029070764335],[-3.457485978505709,47.620388800913986],[-3.457649116432912,47.620632635410615],[-3.45755884348312,47.6209898564058],[-3.457760920354616,47.621114126841825],[-3.457827916752363,47.62133619521225],[-3.457297167455849,47.620814700784436],[-3.457237348614434,47.62087220293033],[-3.457345455165243,47.62099264983134],[-3.457174048206476,47.62101117910247],[-3.457273236075841,47.62116824521931],[-3.45707768495153,47.62109779982237],[-3.457046358932643,47.62128016033487],[-3.45694042737196,47.62117765513622],[-3.45691367014882,47.6212875125488],[-3.456917371511826,47.6210976515233],[-3.45676575741816,47.621169270864435],[-3.456821655705295,47.62141001696479],[-3.456919975331411,47.62144972540299],[-3.456760748259812,47.621458547868535],[-3.456836440464543,47.621752384606935],[-3.456691568896629,47.621769442749944],[-3.456539305757161,47.621615316884444],[-3.456596290895248,47.621865034018775],[-3.456510152374442,47.62181561916764],[-3.456509711694241,47.6220323930527],[-3.456352657552868,47.622059156920514],[-3.456448362323603,47.62229769763354],[-3.456373317616781,47.62222960557064],[-3.456300227057733,47.62228784234612],[-3.456316962729141,47.62275653875826],[-3.455932798503883,47.6230036021013],[-3.455937369281977,47.62293109914504],[-3.455714187610189,47.62285315074807],[-3.455738107796886,47.62305051239151],[-3.455565606416201,47.62306006829931],[-3.455566915932275,47.622960652404046],[-3.455423127910601,47.62298667994821],[-3.455340473032869,47.62285579033714],[-3.455348725356413,47.623144331994915],[-3.455252801084944,47.62301417736706],[-3.455182969806508,47.62309932638256],[-3.455056605286553,47.62271798388486],[-3.454922825513377,47.622716362840436],[-3.454965031076972,47.62262371295853],[-3.454858877152008,47.62262959284597],[-3.454925446917839,47.62251753102418],[-3.454831699043433,47.62240531799614],[-3.454695745866819,47.62238575470197],[-3.454738590789048,47.62251884970653],[-3.45465811249452,47.622405901572165],[-3.454540863918611,47.62243045812025],[-3.45414758614551,47.62227161593476],[-3.454005973245388,47.62231558374637],[-3.454003573857452,47.62240602865471],[-3.453862186200157,47.62234160937747],[-3.453662922273582,47.62246101911967],[-3.453389069516017,47.62229556072412],[-3.453150856741793,47.62253453194157],[-3.453016445539819,47.622307163886234],[-3.452865050520111,47.622270391205575],[-3.452691236293884,47.622379358771575],[-3.452747345455486,47.62251171977257],[-3.45266338296718,47.622480244128255],[-3.452643365017649,47.62253553967363],[-3.452552882120127,47.62245023786207],[-3.452464344398368,47.62249126491648],[-3.452678771876668,47.623048356878115],[-3.452226355651846,47.62262184733144],[-3.452154346707426,47.622689052518204],[-3.452080622925296,47.6225215418315],[-3.451928141308793,47.62247579692054],[-3.451956623485573,47.622600656564714],[-3.451807401593162,47.62258182455983],[-3.451940721695065,47.62280022295478],[-3.451808028430193,47.62280756936241],[-3.451792815788051,47.62268197506447],[-3.451746258237763,47.62273873971038],[-3.451558545076096,47.62262269539169],[-3.45149150704674,47.622951529051655],[-3.451364246085741,47.623003730069726],[-3.45131791868539,47.62295210766316],[-3.45136641918501,47.6230216721179],[-3.45113300270412,47.62307974949748],[-3.450964454668497,47.62279105106254],[-3.450879406329259,47.622750603111264],[-3.450903076867711,47.62305635262654],[-3.450755636604177,47.622721329675855],[-3.450634039855268,47.62270999817354],[-3.450719478079864,47.62308457796286],[-3.45087716096804,47.6232835664365],[-3.450796457745198,47.62327900254494],[-3.450734224167544,47.62342694608198],[-3.450550856461222,47.62334678429875],[-3.450547829655092,47.623211484351856],[-3.450419713466586,47.62314632644334],[-3.450544105492058,47.62340134496877],[-3.450414669734644,47.6234356028806],[-3.450275689432771,47.623280734506125],[-3.450306340933416,47.62342353656583],[-3.450102952976758,47.62339866919611],[-3.44990150406816,47.62350013038885],[-3.449750575951501,47.62324657999362],[-3.449796283753412,47.62307245825767],[-3.449638371222294,47.622981855176505],[-3.449669489313268,47.622907883688555],[-3.449564420485194,47.62292272980339],[-3.44966094848659,47.623278633868225],[-3.449459116938998,47.62304596269291],[-3.449331383926116,47.62331493520819],[-3.449257668137706,47.62314742279357],[-3.449293277878099,47.62355185402794]],[[-3.450395114621073,47.623274124314484],[-3.450319222799669,47.623088670500906],[-3.450292450993182,47.623198526288334],[-3.450395114621073,47.623274124314484]],[[-3.455906924569216,47.62267991163106],[-3.455924986107164,47.62249828665709],[-3.455836450897319,47.622539316266725],[-3.455906924569216,47.62267991163106]],[[-3.456800738449439,47.621066823740925],[-3.456711814520329,47.621054853669655],[-3.456801214273017,47.62113118133808],[-3.456800738449439,47.621066823740925]],[[-3.457259536172768,47.6208348485091],[-3.457178186581991,47.620604544019464],[-3.457000256123946,47.6205692471523],[-3.456954793393494,47.62063498491852],[-3.45720668003914,47.62072940250303],[-3.457177748624326,47.62082131804177],[-3.457259536172768,47.6208348485091]],[[-3.457424198918011,47.62087088024921],[-3.457593648370436,47.62072602164919],[-3.457564066467887,47.6205921922823],[-3.457355248386051,47.62052248261655],[-3.45729804239773,47.62038115271333],[-3.457272373800604,47.620499981233436],[-3.457141861925631,47.62052527567076],[-3.457424198918011,47.62087088024921]]]},"properties":{}},{"type":"Feature","geometry":{"type":"Polygon","coordinates":[[[-3.447807753264815,47.622588343507104],[-3.447805732487053,47.62274008345123],[-3.447711522774745,47.62284463848175],[-3.447713799721421,47.622311675097635],[-3.447642023861186,47.62227049061002],[-3.447638289429403,47.62246035122592],[-3.447547576118749,47.62248343243053],[-3.447588708395515,47.62238181414097],[-3.447465180035404,47.622244150308944],[-3.447364455348552,47.622294878704686],[-3.447211371025406,47.6220233827397],[-3.447152865127578,47.62198146383331],[-3.447093034052663,47.62203896074855],[-3.447030185028816,47.62196115750662],[-3.446910282700606,47.622184538092355],[-3.446772161468752,47.62214702343379],[-3.44680075696243,47.62271440299191],[-3.446522340648568,47.62262143113033],[-3.446428973535476,47.62284334307779],[-3.446409912393688,47.62246509002257],[-3.446316545086682,47.622687001897965],[-3.446329692812715,47.6222437492452],[-3.446110629187315,47.62231005367298],[-3.446274685520489,47.622120356218915],[-3.446277339105444,47.62192152453708],[-3.446181197838317,47.62189974930453],[-3.446274323210944,47.62178622438057],[-3.446163827391883,47.621756212059054],[-3.446281078339638,47.62173166391218],[-3.446144044367033,47.62170311957949],[-3.446132102287738,47.621604437710886],[-3.445987227702325,47.621621482577304],[-3.445907371149441,47.62173427331944],[-3.445970460007471,47.62170369024373],[-3.446006768877634,47.62178296201825],[-3.445884089670989,47.62176265448562],[-3.445820758652275,47.621901624439374],[-3.445816900373401,47.62164896625462],[-3.445669369739787,47.62186484242382],[-3.445803022299511,47.62241737969382],[-3.445667673271233,47.6226235507464],[-3.445548861570201,47.6218624767047],[-3.445386131900816,47.62195275733261],[-3.445389988162922,47.62220541549219],[-3.445325213441054,47.62200128225873],[-3.445279735115077,47.622067015431206],[-3.445344509742801,47.622271148683005],[-3.445431967034208,47.62222115593848],[-3.445492642938425,47.622281017866],[-3.445565017589188,47.62254794853975],[-3.445488658142855,47.62257926529931],[-3.445604340667848,47.62276252052138],[-3.445380332192946,47.62256719441038],[-3.445277789953935,47.62293411053636],[-3.445441122714497,47.62306957491051],[-3.445246179335164,47.623224854560654],[-3.445299014314093,47.62333030584333],[-3.445216140452393,47.623307795937855],[-3.445264502965164,47.623928268111065],[-3.445202739913066,47.623859435038234],[-3.445099838998607,47.623892219284215],[-3.444975338494098,47.6241881001491],[-3.444991266737211,47.623988534850525],[-3.444912490026484,47.62411029585354],[-3.444910562952046,47.62398396689364],[-3.444839872478015,47.62395175179919],[-3.444836372013389,47.624033225362524],[-3.444755668173918,47.62402865729874],[-3.444744813596607,47.62393894648749],[-3.444687989725324,47.62413174215512],[-3.444629727968477,47.62398143522885],[-3.444537191377027,47.62432070337847],[-3.444257194793762,47.624435528681744],[-3.443906752285209,47.624409750881135],[-3.443814355683935,47.62419811341983],[-3.443765371506362,47.62434531944795],[-3.443595034342711,47.62437279984649],[-3.443564893515841,47.62401322250724],[-3.443473090561152,47.62402732943687],[-3.443498791570481,47.62390850416666],[-3.443292396490401,47.62374832485173],[-3.443142679471845,47.62394625540673],[-3.442995627251767,47.62394535434931],[-3.443149685548827,47.62378330837085],[-3.44307865408455,47.62341696063926],[-3.443232215997225,47.623471688178874],[-3.443276860056446,47.623288597916584],[-3.443366244339438,47.623364935780266],[-3.443310404686026,47.623124183485224],[-3.443454939534438,47.6227730102749],[-3.443374731742596,47.622551667503096],[-3.443315981148275,47.622618133566746],[-3.443352189732344,47.6222548874863],[-3.443227834734238,47.62199986115217],[-3.443422532600155,47.6219529716909],[-3.443409510306518,47.62184531845332],[-3.443512753336717,47.62214666750425],[-3.443610817888686,47.62229477402985],[-3.4436749939668,47.6222731633025],[-3.443702125137247,47.62249744076147],[-3.44357051672138,47.622513748909135],[-3.443546986999286,47.622650516477286],[-3.443666165190614,47.62275230003742],[-3.443575449666601,47.62277537815343],[-3.443505106579953,47.62307729391339],[-3.443558776574455,47.62330010393055],[-3.443694727997007,47.62331968017913],[-3.443645744295598,47.623466886223525],[-3.443842371666603,47.623546325115115],[-3.443871819530657,47.62323763933347],[-3.443737792519049,47.62334439231922],[-3.443816570778868,47.623222632060546],[-3.443948180867192,47.623206323641575],[-3.444053845869096,47.623417227353656],[-3.444325994857483,47.62334799170151],[-3.444422733592012,47.62359551319481],[-3.444567262399321,47.62324433869308],[-3.444584521854293,47.62294535758139],[-3.44448970957532,47.622824165189776],[-3.444576083169327,47.62276520201121],[-3.44449212510061,47.62273372049695],[-3.444595024155213,47.62270093676687],[-3.444640151779508,47.62230107212741],[-3.444745220753292,47.62228623043771],[-3.444968029901634,47.62203006801637],[-3.445030876001208,47.62210787236521],[-3.445045717950856,47.62189933575776],[-3.445165982809958,47.622010088914216],[-3.445060803368525,47.62158241219031],[-3.445228716654406,47.62164537437759],[-3.445166114180557,47.621459183173855],[-3.445302547688808,47.62126198366781],[-3.445498083874473,47.621332448773764],[-3.445615692379429,47.621642033212325],[-3.445547060509807,47.62118524179116],[-3.445624503475075,47.62116289605703],[-3.445660811463728,47.621242167961114],[-3.445739824438263,47.62101201930505],[-3.445663467291351,47.62104333620359],[-3.44564609851557,47.620899798818016],[-3.445783372273441,47.62081995676699],[-3.4458644310856,47.62115865613276],[-3.445926675514104,47.62101071501845],[-3.446038214112959,47.621082751849215],[-3.446068291606138,47.62096675697371],[-3.446179871374756,47.62100574047938],[-3.446376978432742,47.621861825993385],[-3.446410753461392,47.62158902361309],[-3.44647951105746,47.62149490870034],[-3.44655237068891,47.62154506499443],[-3.446649232544101,47.621241679069406],[-3.446765156276979,47.621316546313714],[-3.446823901144597,47.621250078470716],[-3.446864554009725,47.621365234292945],[-3.446922213039042,47.62128979532827],[-3.446865159931261,47.621590979262635],[-3.446936694503447,47.621740551178924],[-3.44684791368676,47.6218899609192],[-3.447071317888025,47.62185953937201],[-3.447041761735549,47.62172570741899],[-3.44716769875306,47.62177292694275],[-3.447197972985109,47.62158159805802],[-3.44736504184488,47.621527199161456],[-3.447650578547621,47.621899740386105],[-3.447482291737289,47.62150264980579],[-3.447629337304349,47.6215035452155],[-3.447911380089306,47.62195755954081],[-3.447818019911297,47.62217947267433],[-3.447957600768524,47.62256008891245],[-3.447894749871134,47.62248228615658],[-3.447807753264815,47.622588343507104]],[[-3.444971373660509,47.62349292387329],[-3.445037123404078,47.62326350981425],[-3.444896232146602,47.62298230600236],[-3.444867631826846,47.62340835000574],[-3.444971373660509,47.62349292387329]],[[-3.446449720344364,47.6224628879556],[-3.446433916297564,47.62211154805238],[-3.446375773857758,47.62240376054783],[-3.446449720344364,47.6224628879556]]]},"properties":{}},{"type":"Feature","geometry":{"type":"MultiPolygon","coordinates":[[[[-3.46342008693132,47.620250797414066],[-3.463263248658309,47.620113666440254],[-3.46310122884171,47.62042971684374],[-3.462979634693392,47.62041839818132],[-3.463025971170895,47.620470016028825],[-3.462584169878915,47.62024164238345],[-3.462525445743998,47.62030811818673],[-3.462412767149967,47.62026017935018],[-3.462509792297361,47.62039929921349],[-3.462153925935366,47.62032872144551],[-3.462165897344344,47.62042740173846],[-3.461932713281283,47.620377113742016],[-3.461808523846591,47.6205646260524],[-3.461588608144429,47.620513601601445],[-3.461445707529191,47.620656994558296],[-3.461226879951072,47.620614940369926],[-3.461057229606588,47.62086819126208],[-3.460837313372012,47.62081716540438],[-3.460847771298329,47.621123648864284],[-3.460642211056102,47.62108085792887],[-3.460602828776072,47.62086629082887],[-3.460481234163161,47.6208549695678],[-3.460455360097482,47.62108218575823],[-3.460330713553596,47.620935564494445],[-3.460143650137059,47.62104527882673],[-3.460224137985971,47.6211582232599],[-3.460121464509309,47.62108263379184],[-3.460073829234916,47.62113043085237],[-3.460080144001088,47.62129264354892],[-3.4603781615507,47.621547060206865],[-3.459777369603738,47.62177002208048],[-3.459397135565552,47.62171884894126],[-3.459255957984026,47.62154604920504],[-3.458913357179252,47.62147472612385],[-3.458772397553352,47.62119353879679],[-3.45856923030617,47.621060299149924],[-3.458342572954859,47.62106382979843],[-3.458490272569303,47.62129045647669],[-3.458164423218851,47.62113692170596],[-3.458260134431679,47.62137546104726],[-3.458103083100492,47.62140222727791],[-3.457930152212681,47.621077654766644],[-3.457763313318921,47.621023681796395],[-3.457801162259771,47.62089514691218],[-3.457643242584509,47.62080455455303],[-3.457719592361578,47.62077322981879],[-3.457798987084482,47.620877204964174],[-3.457885342827672,47.620818231884925],[-3.457763096903295,47.620581162792554],[-3.457894478693819,47.620673225654095],[-3.457939940299747,47.62060748752338],[-3.458078935874929,47.62076234698977],[-3.458184215018842,47.62063910618485],[-3.458123526750539,47.62057925080102],[-3.458298194987121,47.62058763304476],[-3.458253821498389,47.620662342286415],[-3.458395426514495,47.62061836928707],[-3.45825817213864,47.6206982261692],[-3.458292323233881,47.62075955222379],[-3.458419572070532,47.620707343596955],[-3.458415004853863,47.62077984673309],[-3.458301024587833,47.6208313199821],[-3.458265785773151,47.620761022962135],[-3.458175079945506,47.62078411244092],[-3.458233376348661,47.62093441285511],[-3.458516371362488,47.62095485374879],[-3.458572925765651,47.620870438049856],[-3.45853181556174,47.62097206028565],[-3.45863992523525,47.62109250598225],[-3.45873280688205,47.621087358074966],[-3.45904734914862,47.62136795562327],[-3.459215493097865,47.62132251073004],[-3.45934687921745,47.62141457192267],[-3.459321643943788,47.62131662687897],[-3.45950740786785,47.62130632990742],[-3.45948543598309,47.621235297763285],[-3.45961377268536,47.621192058804986],[-3.459521105165014,47.621088820420994],[-3.459693599467946,47.621079258661524],[-3.459687072015939,47.62102543292776],[-3.459758855493503,47.62106661003897],[-3.459916118428232,47.62093145457613],[-3.459788209958272,47.6207579198575],[-3.459953087517826,47.62068556101908],[-3.459960489814403,47.62085674471321],[-3.460064463717245,47.62083291827742],[-3.460087075427093,47.620578789282426],[-3.460228678711539,47.62053481405846],[-3.460288281289718,47.62058569739754],[-3.460278489307803,47.620504958825585],[-3.460359189147202,47.6205095161718],[-3.460259993422772,47.62035245262279],[-3.460431821937877,47.62011714472785],[-3.460531017730609,47.62027420814988],[-3.46066696766795,47.62029376467275],[-3.460664579655583,47.62038420981148],[-3.460718953925103,47.62028185114855],[-3.460912330665721,47.62033434858315],[-3.461025430401505,47.62016551478017],[-3.46117075176007,47.620482583314434],[-3.461294522004743,47.620511845746215],[-3.461384137838773,47.620479782899054],[-3.461198587967934,47.62038169582603],[-3.461299506508013,47.620222568407584],[-3.461732596229969,47.62037917939891],[-3.461688857179593,47.62012872882471],[-3.461971640001034,47.62025754840223],[-3.461949665269223,47.62018651668348],[-3.462053636978966,47.62016268846864],[-3.461937694313942,47.620087836356156],[-3.462005125151409,47.620093128350376],[-3.461978797353855,47.61998621287552],[-3.462061673125254,47.62000871092483],[-3.462020988513791,47.61989356031436],[-3.462093651563495,47.62005209401327],[-3.462364254765898,47.620190619384566],[-3.462424275646733,47.62002472753675],[-3.462513681841305,47.620101050872655],[-3.462496268068825,47.619957515926856],[-3.462749249720085,47.62006089252418],[-3.462676584711605,47.61990235923389],[-3.462838656439809,47.6201372156099],[-3.462902822139124,47.620115594293985],[-3.462798177620349,47.619913678214836],[-3.462994820397298,47.619993085006],[-3.463033123193636,47.62019868046709],[-3.463128179799307,47.620211470918704],[-3.463104026620267,47.62012249755981],[-3.463201260067164,47.6201532298084],[-3.463263455279857,47.62000527938167],[-3.463408113632811,47.62009660013126],[-3.46342008693132,47.620250797414066]],[[-3.458111999166508,47.62081470212335],[-3.45817181700141,47.62075719952775],[-3.458053486034665,47.62077278865181],[-3.458111999166508,47.62081470212335]],[[-3.459729714490109,47.62126691318209],[-3.459705566497479,47.62117793916861],[-3.459627041504469,47.62119132328358],[-3.459729714490109,47.62126691318209]],[[-3.460785749929299,47.62061230494325],[-3.460810322674826,47.620484504710134],[-3.460711790129543,47.62055318655686],[-3.460785749929299,47.62061230494325]],[[-3.460823591301592,47.62048376905253],[-3.460908854966584,47.62041582277783],[-3.460849251986587,47.62036493975104],[-3.460823591301592,47.62048376905253]],[[-3.462513473697182,47.62020943792458],[-3.462422978972278,47.62012414365835],[-3.462433862479922,47.62021385300017],[-3.462513473697182,47.62020943792458]],[[-3.462904584298219,47.62035031024951],[-3.462829741597215,47.620173835218665],[-3.462787551619368,47.62026648805866],[-3.462904584298219,47.62035031024951]]],[[[-3.463423839554134,47.62029912511697],[-3.463431854747036,47.62040234752015],[-3.463368983839841,47.62032455300672],[-3.463423839554134,47.62029912511697]]]]},"properties":{}},{"type":"Feature","geometry":{"type":"Polygon","coordinates":[[[-3.430700180363051,47.621021103650094],[-3.430763549696489,47.62088214183511],[-3.43088297193147,47.620875551586764],[-3.430829622913261,47.620986867544616],[-3.430971251370334,47.620942927806084],[-3.430986958841276,47.62085175103913],[-3.431263444199282,47.62081843062797],[-3.43074513799581,47.620729630998284],[-3.431134546043221,47.62063589330783],[-3.43128592145407,47.62067269418612],[-3.431449754217125,47.6205914043665],[-3.431486583045147,47.62045390676791],[-3.431275633325765,47.620366208029715],[-3.431472502033308,47.62033728089671],[-3.431517183800812,47.62015419483679],[-3.431394513850625,47.62013387206775],[-3.431717029976524,47.61981804873771],[-3.431576759228604,47.619762573621074],[-3.431639041620669,47.61961464001786],[-3.431330880958665,47.61949618280856],[-3.431437302472047,47.61938193726813],[-3.431415640002981,47.61920251273955],[-3.431178701467446,47.618899504298945],[-3.431053868424075,47.61886123869768],[-3.431159745680792,47.618963767491984],[-3.431035995551145,47.618934473103444],[-3.431018122629181,47.619007707503684],[-3.430883542216849,47.618888700635104],[-3.430591632010003,47.61890480993334],[-3.430495775715471,47.618774634695825],[-3.430403978316672,47.61878873139094],[-3.430473297102896,47.61892037112745],[-3.430268852625011,47.61888649792521],[-3.4302122555736,47.618970899998814],[-3.430238519252404,47.61907782268182],[-3.430372289152133,47.61907947200305],[-3.430274802976847,47.61915709945234],[-3.430275338725169,47.61938284475884],[-3.430206829015209,47.61936856320595],[-3.430438349290928,47.619626717375766],[-3.430279659060628,47.61986124899699],[-3.430367662654879,47.62003701270263],[-3.430176482896315,47.62000240715895],[-3.430145065632229,47.62018476054791],[-3.430044328375623,47.62023547405904],[-3.430090358875566,47.62039549194859],[-3.430200842840046,47.62042551949721],[-3.430231986372239,47.6203515530932],[-3.430319181162815,47.62040995859116],[-3.430240649937657,47.62042332295261],[-3.430317824693343,47.620509374328456],[-3.430175113909882,47.62054434205213],[-3.430434533640493,47.62070161599733],[-3.430248492573857,47.62082025368106],[-3.430135841891741,47.62077228372051],[-3.430021834383418,47.620823729367935],[-3.430355455145572,47.620931754331295],[-3.430484897700211,47.62089751860633],[-3.430700180363051,47.621021103650094]]]},"properties":{}},{"type":"Feature","geometry":{"type":"MultiPolygon","coordinates":[[[[-3.415657045979454,47.63175706381843],[-3.415514599148737,47.63168362712182],[-3.415466744957789,47.63139727546575],[-3.416280308065074,47.63072033665154],[-3.416216412940221,47.63063354586754],[-3.416327212261527,47.630555200014165],[-3.416226744481275,47.630497514964354],[-3.416442938057048,47.63029596654714],[-3.416338926264958,47.63031975402927],[-3.416319169733603,47.630266656735714],[-3.416498488052532,47.630202600324864],[-3.416204350061669,47.63020073093959],[-3.416117154723143,47.630142315198825],[-3.416164058916429,47.62997717857768],[-3.416005880440502,47.629994916759784],[-3.415964206840798,47.62987077939578],[-3.415819300196303,47.62988778676721],[-3.415790898666048,47.629762918791975],[-3.415895990342494,47.62974810311303],[-3.415962045362883,47.62985283675399],[-3.415964509544485,47.62976239298434],[-3.416160340431951,47.62972452048119],[-3.416085034229838,47.629764789218754],[-3.416161118897778,47.629841878214435],[-3.41617901583111,47.629768646497176],[-3.416311731291096,47.62976134059502],[-3.416361273156179,47.6298398906529],[-3.416360494250314,47.62972253292086],[-3.41658394859307,47.629692169814874],[-3.416625145369148,47.62959056281477],[-3.416650306204817,47.62968851665248],[-3.416498312081626,47.62986846980801],[-3.416608808006101,47.62989851006787],[-3.416818813404425,47.629534746571835],[-3.417015723759021,47.62950584394484],[-3.416980533594026,47.629435534791476],[-3.417140091330188,47.629318380157216],[-3.417104901124965,47.62924807103453],[-3.417027434495175,47.62927039776345],[-3.417091930129943,47.629140415272715],[-3.416972487703153,47.62914699139133],[-3.417010440623512,47.62901847028053],[-3.417120154512122,47.62893115229424],[-3.417258272449211,47.62896870188554],[-3.417236353635819,47.6288976620834],[-3.417427556862015,47.62893228865064],[-3.417604707378636,47.62885028787357],[-3.417683553371633,47.628728545593056],[-3.41757414025038,47.62870747764307],[-3.417762997094239,47.62839003027219],[-3.417973472503969,47.62825200874921],[-3.417899549545338,47.62819286349231],[-3.418023910953437,47.628005398636795],[-3.417978991100906,47.62785434793107],[-3.417809710482816,47.62789076198537],[-3.417920501772366,47.62781241450992],[-3.417839794527248,47.62780782785739],[-3.4178731215283,47.627751807657305],[-3.417680841257301,47.6277082104834],[-3.417764009371947,47.627622353338616],[-3.417382693046197,47.62756207226368],[-3.417522487635423,47.627391819798184],[-3.417455351661158,47.62727811558778],[-3.4171400923437,47.62732256660592],[-3.417040710636747,47.627273853482045],[-3.417053201160955,47.62715576491708],[-3.416854137826746,47.62716672499212],[-3.416915388816355,47.627009828480524],[-3.417166454052325,47.626986974205124],[-3.417389115360038,47.626839251614975],[-3.417148379376647,47.62672607512154],[-3.417144656459696,47.626473416633],[-3.416975379651688,47.626509829504066],[-3.417032005624724,47.626425434173306],[-3.416898217730413,47.626423769578246],[-3.416999279735893,47.62626468095872],[-3.416870896338793,47.62630787297136],[-3.416874740470055,47.626118013729254],[-3.417055125031478,47.626062927657],[-3.417298800519406,47.62631140497159],[-3.41744291575024,47.62617703779422],[-3.41730294309382,47.62601315909145],[-3.417454324215474,47.62604997779485],[-3.417242894734994,47.625736509364714],[-3.416928725163672,47.62578993117557],[-3.416932268337441,47.625708458527356],[-3.416736753843022,47.625637945759216],[-3.416862974129877,47.62557681121448],[-3.416650646142727,47.62558850161283],[-3.416652630757741,47.62527231297336],[-3.41670138936851,47.62523350506715],[-3.416792900471716,47.6253278058567],[-3.416772365591582,47.62515735049799],[-3.416881470304663,47.6252868059073],[-3.416864177540427,47.62514326456393],[-3.41699039651169,47.62508212986593],[-3.416815720079228,47.62507368586444],[-3.41683853946948,47.62481956583451],[-3.417016156976236,47.62496331049426],[-3.416947944331677,47.62484063451572],[-3.417102564372056,47.62490436770146],[-3.417097760974832,47.62464273764011],[-3.417291410565541,47.62458692047136],[-3.417315189472134,47.62478428978461],[-3.417352357454917,47.62453841023486],[-3.417401896004064,47.624616960062724],[-3.417525951326748,47.62453788210512],[-3.417399552662172,47.62426488591899],[-3.417579930420175,47.62420979898371],[-3.417544144075332,47.62435626326135],[-3.41762700789119,47.6243787927881],[-3.41762976829018,47.624179962000966],[-3.417983738046206,47.62412434589751],[-3.417998871555109,47.62424994449446],[-3.41783392614234,47.624322243962304],[-3.418072789163734,47.62430908980855],[-3.41814838440796,47.62416043294659],[-3.418046845722333,47.62409377794487],[-3.418296815745497,47.62406194987712],[-3.418097764203371,47.62407291208903],[-3.418076927258566,47.62401084359373],[-3.418279221602083,47.62402679539649],[-3.418332599827979,47.62391548534673],[-3.418558190849622,47.62390306102635],[-3.418371924556562,47.62368754801776],[-3.418545515651427,47.62368701837247],[-3.41856340725038,47.6236137860578],[-3.418344601365882,47.62357165159249],[-3.418302927342047,47.623447514652284],[-3.418186740750726,47.6234810060181],[-3.418015909236595,47.62328270424227],[-3.417838777827302,47.62336470587801],[-3.417836914847847,47.62323837643041],[-3.417706676738121,47.623155239975915],[-3.417764976920214,47.622863041884436],[-3.417924996849461,47.622971630726894],[-3.418012779466399,47.622813271730934],[-3.417776383910693,47.62273598163707],[-3.417922351442349,47.622727943110974],[-3.417941324500215,47.62266368219155],[-3.418046103167899,47.62275725133753],[-3.418141451779034,47.62266169157234],[-3.417952432402355,47.62264500873367],[-3.417930515261637,47.62257396883058],[-3.418052104748603,47.62258533438056],[-3.418097915369717,47.62241122500449],[-3.417950867808157,47.62241029241442],[-3.417961193338151,47.6222742607819],[-3.418110700720964,47.62218474919138],[-3.417988329761354,47.622056025515796],[-3.41818737380579,47.62204506347905],[-3.418146185825916,47.622146671424716],[-3.418240452203833,47.62204214021193],[-3.418255585726447,47.62216773891001],[-3.418383958046771,47.62212454528346],[-3.418282422939286,47.622057890416826],[-3.418373148173512,47.62203483193862],[-3.418450008515271,47.62222927792845],[-3.418502303578884,47.62210899636463],[-3.418735157226045,47.62226775786466],[-3.419158408481348,47.62234378457646],[-3.418983252635897,47.622109598791404],[-3.418988954607637,47.622046068584815],[-3.41911378644888,47.6220843470192],[-3.418992494388744,47.621964595717316],[-3.419174728825217,47.62203583576939],[-3.419143568990644,47.62210979916021],[-3.419201267993344,47.6220343739145],[-3.41880701727197,47.621866441384014],[-3.418754236074044,47.621760978043895],[-3.418611514372106,47.62179593161479],[-3.418557950012438,47.62157310997294],[-3.418817934243827,47.62151363588608],[-3.418771045695841,47.62167877429214],[-3.418894307807023,47.621482336548176],[-3.419148589513207,47.6214863919448],[-3.419171588938329,47.621566402988506],[-3.419202748416915,47.6214924395696],[-3.419403850859781,47.621941936929595],[-3.419260446668765,47.62141701427075],[-3.419624422270591,47.621333748190644],[-3.419853147919929,47.62179075418041],[-3.419826117301522,47.6215664711102],[-3.420018377203466,47.62161006489041],[-3.420156677077841,47.621981743121076],[-3.420115588542349,47.62164083298192],[-3.42026263402223,47.62164176284693],[-3.420120796283175,47.6213515576077],[-3.420140648734773,47.62096213556509],[-3.420032626196951,47.62084165423754],[-3.420132881229854,47.62056520419005],[-3.420025646338483,47.620562081098434],[-3.420071154474642,47.62049635771218],[-3.419991539331065,47.620500743855246],[-3.419787685230457,47.62025007843446],[-3.419787193820003,47.62002433318223],[-3.419902290683435,47.619981868834884],[-3.419759869431772,47.619908436870055],[-3.419862778223315,47.619875674883595],[-3.419859042938044,47.6196230155923],[-3.41997738249532,47.61960746515884],[-3.419933839963463,47.619356998882836],[-3.42019892400754,47.619450765320536],[-3.420296719217883,47.61926475928651],[-3.420311856790727,47.61939035789709],[-3.420345175943246,47.61933433674935],[-3.420449952289788,47.61942790389864],[-3.420328957050959,47.619199766809814],[-3.42035578850578,47.61908991767296],[-3.420453783197714,47.61923804386786],[-3.420336913431745,47.61871165965468],[-3.420474219406058,47.61863184726594],[-3.420429794618924,47.618706542203135],[-3.420573294875107,47.618788944725594],[-3.420649168469995,47.618531898774776],[-3.420564149889159,47.6184914286631],[-3.420678161529701,47.61843999218676],[-3.420614273952603,47.6183532032603],[-3.420729659519752,47.61820235099369],[-3.420857727600345,47.61826754163051],[-3.420870118188473,47.61859197168679],[-3.420928892293856,47.6185255167793],[-3.421104629325986,47.618542925983434],[-3.421227789188999,47.618789004992074],[-3.421190729787615,47.61859236702512],[-3.421269260584439,47.618579008736475],[-3.421126344138171,47.61827983293739],[-3.421420416624277,47.61828168994039],[-3.421491959706204,47.61798875807488],[-3.421393672813324,47.617949019745815],[-3.421468958344904,47.61790874734133],[-3.421704755906327,47.618202804311174],[-3.421628388682217,47.61823410553952],[-3.421725594801933,47.61826487234423],[-3.421742689654847,47.618074280940036],[-3.421857780758954,47.618031814623095],[-3.421878619765721,47.61809388263427],[-3.421918716016105,47.61798330184071],[-3.422018084879654,47.61803201104664],[-3.422126607496096,47.618378236170244],[-3.422029901814717,47.618573215137864],[-3.422256049135746,47.61834400952084],[-3.422241988844177,47.61822738241142],[-3.422364650929125,47.6182477148135],[-3.422451331019319,47.618080380782025],[-3.422597285118266,47.61807233639414],[-3.422563679876578,47.61823674529708],[-3.42270530784043,47.618192815520594],[-3.422677400037455,47.618293693935634],[-3.422783548876753,47.61828784328497],[-3.422810878999342,47.61840373898591],[-3.423031613798944,47.618129675289424],[-3.423149949121996,47.61811412162938],[-3.423038392217367,47.618075116065384],[-3.423111513284625,47.618016899984646],[-3.423252852374552,47.618081356625645],[-3.423287755545699,47.61826005137654],[-3.423169419939344,47.618275605175064],[-3.423182400549678,47.61838326086295],[-3.423070554846919,47.61845264240107],[-3.423171295363504,47.61840193485901],[-3.423407104479333,47.618695988317334],[-3.423463999412111,47.618503202472155],[-3.423358137848306,47.618400666677346],[-3.423448854675322,47.61837760421313],[-3.423515992221704,47.61849130549832],[-3.423674134119062,47.618473557041696],[-3.42367983012052,47.618410026487716],[-3.423575844709486,47.61843382055903],[-3.423499765593294,47.61835673594109],[-3.423640311309977,47.61830383372901],[-3.423788429480173,47.61831373045965],[-3.423801411347974,47.618421386076626],[-3.423950611723933,47.61844025390202],[-3.423905110116188,47.61850597886912],[-3.424010177381827,47.61849115580439],[-3.424047247097381,47.61868779288672],[-3.424142291661433,47.6187006150777],[-3.424166155340766,47.618455464083546],[-3.424271222434517,47.618440640783554],[-3.423742419663386,47.618153709916044],[-3.423823399504065,47.618049905429],[-3.424025672977648,47.61806584732768],[-3.424049250686388,47.61792908337482],[-3.424070092200756,47.6179911509982],[-3.424089056175625,47.61792688892414],[-3.424252605660319,47.61795399618241],[-3.424323847099718,47.61776944963966],[-3.424228804149732,47.61775662759031],[-3.42425511657725,47.61742103194215],[-3.424385636433327,47.61739577421724],[-3.42445904048899,47.61722917014167],[-3.424562737983537,47.6173137624019],[-3.424563023160162,47.61720537526928],[-3.424727937472776,47.61713306603475],[-3.424551121975977,47.617106690970154],[-3.424742572530104,47.61703291863096],[-3.424746103198869,47.61695144537988],[-3.42465675627888,47.61687509301725],[-3.424502947088449,47.61692872802528],[-3.424443382703896,47.61687782633351],[-3.424572819220641,47.61684359708998],[-3.424449077619763,47.61681429569009],[-3.424693600037408,47.6167375972994],[-3.424642976141354,47.61665007894555],[-3.424846611118332,47.616566603566866],[-3.424926219996386,47.616562214105286],[-3.424945695620229,47.616723697483124],[-3.425131450176208,47.61671345516494],[-3.425158270500538,47.616603604785055],[-3.425269825879199,47.61664260835344],[-3.425300175673421,47.61645128464911],[-3.425385993145426,47.61660910982422],[-3.425260602096235,47.61678761231944],[-3.425448520950076,47.616795312087454],[-3.425499146304296,47.61688283008559],[-3.42540382118302,47.61697839614022],[-3.425580636676165,47.617004769915546],[-3.42534124099411,47.61723471375652],[-3.425602561709696,47.61707580858562],[-3.425729268107102,47.61724040976662],[-3.425847600673201,47.617224853366025],[-3.425746065566201,47.61715820482076],[-3.425882277312068,47.617069414721136],[-3.425901756012614,47.61723089789759],[-3.425646928110659,47.61744363145731],[-3.426018724113852,47.61731475717213],[-3.425962921841661,47.617516515664434],[-3.426155172169666,47.61756009943288],[-3.426186838079581,47.61771187951739],[-3.426347941938218,47.61782942838779],[-3.426350344007969,47.61818150351269],[-3.426575346742285,47.61838583783185],[-3.426622489258861,47.618112308927294],[-3.426684502579973,47.618072764936926],[-3.426786040597771,47.61813941263506],[-3.426587335951151,47.61759948255321],[-3.426720300534197,47.61748377765756],[-3.426743309582115,47.61756378737406],[-3.426941252745523,47.61754383911558],[-3.42706010776814,47.617754026998824],[-3.427073936343182,47.61753652094002],[-3.427174391452579,47.61759419704425],[-3.42722205302097,47.61754641331971],[-3.427257248836495,47.61761671981678],[-3.427373416975212,47.61758321932732],[-3.427347647425623,47.61814456111296],[-3.427437524058061,47.61844665679486],[-3.427502505287346,47.61854241325047],[-3.42755369388951,47.61841315614032],[-3.427720494073056,47.61846717233381],[-3.427796300821402,47.618652641263814],[-3.427404457089983,47.618836812441444],[-3.427752690047364,47.61884469730353],[-3.427325647873011,47.61895856190175],[-3.427345411166118,47.61901165764208],[-3.427621889267178,47.61897834582031],[-3.427258744903579,47.619178995225845],[-3.426947069031563,47.61914199966205],[-3.426961941898097,47.61937598444199],[-3.426876636697648,47.619443905963465],[-3.427146622889642,47.619356767664904],[-3.427331024180341,47.61944593761647],[-3.427293662200414,47.61935768867875],[-3.427654084852484,47.61935587071832],[-3.427706356364606,47.61923558485682],[-3.42781250652529,47.619229729638086],[-3.428041293250638,47.61968672008323],[-3.427858776504411,47.61972388078699],[-3.427758841761011,47.619891950593384],[-3.427856054431933,47.61992271226919],[-3.427758563058204,47.62000033758449],[-3.427159014686042,47.620123716103414],[-3.427385670090774,47.62012024597117],[-3.427342336190691,47.62020391474026],[-3.426792613694702,47.620297450157715],[-3.426773652132064,47.62036171259267],[-3.427250255765226,47.62032639591813],[-3.427170361565982,47.620439173920786],[-3.42686272739027,47.62054645015787],[-3.426849177728693,47.62065556890959],[-3.427224520315747,47.62044521782897],[-3.427449012124379,47.6204238050541],[-3.42743546369226,47.62053292388069],[-3.427344465378136,47.620664376369305],[-3.427041440084259,47.62069915114894],[-3.427120774942335,47.620803147145445],[-3.42702680833433,47.62079929865259],[-3.427043604915231,47.62071709367006],[-3.426915242986321,47.620760296845624],[-3.42692281976132,47.620823095674844],[-3.427009209517637,47.62076414542832],[-3.427039797336851,47.6209069537723],[-3.427129434398477,47.62087491721895],[-3.427068220466247,47.62103181958023],[-3.426935528180748,47.62103913773618],[-3.42684132049542,47.62070115702016],[-3.42674843645292,47.62070627956556],[-3.426784716101464,47.62078555735408],[-3.42671187608047,47.62073538871026],[-3.42661381949559,47.62102978690636],[-3.426677720028952,47.62111657243142],[-3.426709951211911,47.621051578255276],[-3.426767357659815,47.621084536159415],[-3.426837191690342,47.62144192298291],[-3.42712695201413,47.621407880576875],[-3.427198431037652,47.621557464591994],[-3.427300255967192,47.6215157248245],[-3.427360910736724,47.621575596191725],[-3.427368208647241,47.621746781858796],[-3.427515254544641,47.621747702592536],[-3.427533133189152,47.621674468831365],[-3.427900314255802,47.62206060951899],[-3.427900592681568,47.621952222642165],[-3.428005665620212,47.6219373960091],[-3.428085004196763,47.62204139128451],[-3.427916831496114,47.62208679133953],[-3.428008635222735,47.622072696623206],[-3.428044917671286,47.62215197396465],[-3.428220668961126,47.622169372428345],[-3.428224194661531,47.622087899286775],[-3.428450581027012,47.622192813961625],[-3.428428122135257,47.62189603101501],[-3.428543216160047,47.62185355819303],[-3.428566783968473,47.62171679359405],[-3.42864856563204,47.621730344090125],[-3.428523199418148,47.62146633079297],[-3.428632878954651,47.62137900165493],[-3.428732260264374,47.621427705063006],[-3.428798883370087,47.62131565806952],[-3.428847076536895,47.621493618841754],[-3.428918030461135,47.6214174567466],[-3.429004142794437,47.621466891954746],[-3.429030957538092,47.62135704095322],[-3.429183140514347,47.62151120269242],[-3.429137366818958,47.62168531649518],[-3.429247852916763,47.62171534492547],[-3.429235686403311,47.62128252936228],[-3.429313136335515,47.62126019444553],[-3.429375958712152,47.62133800724738],[-3.429378399775403,47.62124756279978],[-3.429451243000995,47.621297729767335],[-3.429585293440279,47.621190993065234],[-3.429689006752851,47.62127558060164],[-3.429703633639255,47.621175432788995],[-3.429733938283209,47.621869146149386],[-3.429852020419546,47.62151945380013],[-3.430107386079468,47.62153245656787],[-3.430139613338052,47.621467461459176],[-3.429991759417947,47.621349185884334],[-3.429950594442471,47.621450798028036],[-3.429853377782111,47.6214200381198],[-3.429886962577918,47.62125562738832],[-3.429977407230544,47.62134094680834],[-3.43004402761465,47.6212288990996],[-3.430557195435116,47.621164458764774],[-3.43111964567294,47.62128694724771],[-3.430852905412666,47.6214010083109],[-3.430605394326726,47.62134241882522],[-3.430547712184641,47.621417849730825],[-3.430473784759328,47.621358712224506],[-3.430432620693975,47.62146032453762],[-3.430604038366549,47.621441834518244],[-3.430585080985431,47.621506097534194],[-3.430737541538326,47.62155187033065],[-3.430628948126604,47.62164817266041],[-3.430769495443287,47.62159526195824],[-3.431054649643841,47.62163371182904],[-3.431103122539829,47.62170328474308],[-3.430958242890376,47.62172031096582],[-3.431110704374978,47.62176608327013],[-3.431280228059633,47.62162126292216],[-3.431246107444953,47.62155992899967],[-3.431379883595286,47.6215615771647],[-3.431321119157398,47.62162803722768],[-3.431478996592602,47.621718665134985],[-3.43151907567933,47.62160808125168],[-3.431616022761599,47.62174722667346],[-3.431832665155087,47.6217713938929],[-3.431880326283244,47.62172360836969],[-3.431769838687675,47.621693582429856],[-3.4318551412572,47.62162565741279],[-3.432165751734147,47.62165366862236],[-3.432157894720466,47.62125673819254],[-3.432435464777219,47.621232386224484],[-3.432421657088963,47.62144989250547],[-3.432503439322017,47.62146344030412],[-3.432500458361792,47.62132813976219],[-3.432674856287308,47.621444947245436],[-3.432614464558702,47.62127669170856],[-3.432695969255771,47.62095610735548],[-3.432911525520476,47.620971301376635],[-3.432837059299971,47.62112893923955],[-3.432909637362194,47.62128749098454],[-3.432807548794352,47.62143762257031],[-3.432722516370177,47.62139716137052],[-3.432721164351153,47.6214965770853],[-3.432843569550197,47.62162528535933],[-3.432913434528659,47.62154014963924],[-3.433064813729755,47.62157694819476],[-3.432993865509617,47.62165311280282],[-3.43315201362092,47.62163535154101],[-3.433207538254886,47.62198449576832],[-3.433292839459971,47.62191656971135],[-3.433221075257319,47.62187537635371],[-3.433325063072207,47.62185157373654],[-3.433550374925033,47.62194750734224],[-3.433345902880963,47.6214711207535],[-3.433448806345742,47.62143834682249],[-3.433411981892416,47.62157584497033],[-3.433502432721055,47.62166116164644],[-3.433893743634537,47.62169374410475],[-3.433814394259403,47.62158975275695],[-3.434029953400883,47.621604944708935],[-3.433924331586882,47.62139403173375],[-3.434028584131383,47.62126184155501],[-3.433969005830324,47.62121094483516],[-3.434077326446958,47.62122302631618],[-3.434039952071618,47.621134779617456],[-3.434122817846823,47.62115729747795],[-3.434147741074306,47.62136363489955],[-3.434228439976621,47.62136821029926],[-3.434224657903898,47.6215580705715],[-3.434356001500964,47.62165015986188],[-3.434337291679175,47.621163517673295],[-3.43441717182198,47.62105073481025],[-3.434625432474048,47.621337259338176],[-3.434545287410377,47.62155842924731],[-3.434653344149149,47.6216788971055],[-3.434480843432545,47.62168842187874],[-3.434623289679123,47.62176183582344],[-3.434552343436757,47.62183800137097],[-3.434379023788216,47.6217301679027],[-3.434387162642714,47.62201871119819],[-3.434231181107605,47.622054416504504],[-3.434817465471692,47.62193173450688],[-3.434743268072788,47.621980986616094],[-3.434805015464974,47.62204982528575],[-3.434862692274434,47.62197439230211],[-3.435041696558173,47.62201869404925],[-3.434939612587951,47.62216882744224],[-3.434994593729818,47.62229222580272],[-3.435054702019964,47.62212634820963],[-3.435198234040489,47.62220873261595],[-3.435183324285598,47.621974749226254],[-3.435312766272834,47.62194050816885],[-3.435349586082069,47.62180300944747],[-3.435529936995037,47.62174789472295],[-3.435685654147727,47.62182057458474],[-3.435658294326188,47.62170468210139],[-3.435987858238769,47.62166841931313],[-3.435942630796176,47.62162576194692],[-3.436141931235838,47.621506382389065],[-3.436016004600615,47.62145915097035],[-3.436197437631967,47.62141300637948],[-3.436214220284657,47.621330800104495],[-3.436427349941844,47.621436432219326],[-3.436540268560251,47.621376009166056],[-3.43643684493046,47.62162555966949],[-3.436234292761913,47.62171802621153],[-3.436292789797071,47.621759950592654],[-3.436458786307553,47.62169659613245],[-3.436403280073691,47.62178997225266],[-3.436653489012144,47.62164971794817],[-3.436571705440667,47.62163617305686],[-3.436655917760242,47.62155927336332],[-3.436730936373318,47.62162737811669],[-3.437032052281778,47.62146624896093],[-3.437047794261805,47.62181759025029],[-3.43691726958738,47.62184286206906],[-3.436872084504538,47.62224272381669],[-3.436674127630751,47.62226268885912],[-3.436796804482203,47.622283006060485],[-3.436585056428723,47.62252047762826],[-3.436442344374635,47.62255545297386],[-3.436516280068749,47.6226145866657],[-3.436415544279791,47.62266530560889],[-3.436522784352483,47.62266841364824],[-3.436154789039116,47.62304997937245],[-3.435964416642557,47.623132741358624],[-3.435999627654547,47.623203045019046],[-3.436113634483094,47.62315159359933],[-3.436246069272878,47.623252651853505],[-3.436356823875911,47.62317428670635],[-3.436416406644668,47.62322518215677],[-3.436006691514733,47.62348261681863],[-3.435837996376073,47.62374480185518],[-3.43601618537698,47.623671744104186],[-3.436102307919481,47.62372117402136],[-3.435950658454482,47.62379276624237],[-3.436055732779447,47.62377793238123],[-3.436069824711744,47.623894557493564],[-3.436278889606075,47.623855918303406],[-3.4363736850765,47.62397711729544],[-3.436805084575329,47.623899104528086],[-3.437017921270183,47.62367060388403],[-3.437079673549884,47.62373944129131],[-3.437084269996303,47.62366693910236],[-3.437243506901823,47.62365814347256],[-3.43715144323584,47.623780632238535],[-3.437315276604897,47.62369933432084],[-3.437344290943604,47.624049942180186],[-3.437161506123362,47.624195504118326],[-3.4371845337131,47.62427551150141],[-3.437343513152759,47.62437510250735],[-3.437586967413163,47.62428940627032],[-3.437785757387487,47.624386797615976],[-3.43776086930652,47.624622979499904],[-3.437674743773386,47.62457355082862],[-3.437500891043883,47.62468249565739],[-3.437541526411168,47.624797654520854],[-3.437650939395644,47.62481870380946],[-3.437626309211134,47.62494649887979],[-3.437752245497629,47.62499372847761],[-3.437725446874261,47.62510358127549],[-3.437842709054138,47.6250790416424],[-3.438051261641228,47.62525717275257],[-3.437761228970989,47.625399628907296],[-3.437970866889491,47.62558673127028],[-3.438000144499517,47.62582895194237],[-3.43788479125526,47.6259798206779],[-3.438048372415596,47.62600690850373],[-3.438122056976634,47.62617442774498],[-3.438089836595711,47.626239424898706],[-3.437898629618468,47.62620483210629],[-3.437754048925166,47.62655599781997],[-3.43799725452499,47.626578687471614],[-3.4380877211591,47.62666400037704],[-3.438100164979837,47.626545909528545],[-3.438284609400831,47.626635061854955],[-3.43829653809821,47.62673374427022],[-3.438398364222727,47.62669199493847],[-3.438334437960564,47.626605216075845],[-3.438477159601883,47.62657023849116],[-3.438402131814466,47.626502135032496],[-3.438499619584129,47.62642450109245],[-3.438461149807692,47.62632728491629],[-3.438541856583446,47.62633185732394],[-3.438561319702828,47.62605081983656],[-3.438762799789352,47.62594937833715],[-3.438783089746715,47.62578569858057],[-3.439012449260697,47.625583374757916],[-3.439184706222234,47.625682230011556],[-3.439483413463065,47.62561153932488],[-3.440329197731657,47.6256460827528],[-3.440727555719707,47.62551569552613],[-3.440737823808574,47.625379662102844],[-3.441242339454714,47.62524340605759],[-3.441512080718871,47.62526462153929],[-3.44167749790562,47.62497551519799],[-3.441814537890047,47.62500406472321],[-3.441922032947244,47.6248987810571],[-3.441881388053201,47.6247836237238],[-3.441976697611881,47.62468804460411],[-3.441838573369842,47.62465052415944],[-3.441762709317944,47.62446506491833],[-3.441834733739801,47.62439786620034],[-3.44173533494802,47.62434917401639],[-3.441839323784784,47.62432536384893],[-3.441902168026472,47.62440316978948],[-3.441968767201973,47.62429111545623],[-3.441885558398858,47.62393447171628],[-3.441723066589623,47.62391636034513],[-3.44180944500657,47.623857399245686],[-3.4417509413407,47.623815477672906],[-3.441568169339337,47.62396104652458],[-3.441455752772415,47.62380470075582],[-3.441491473141295,47.623658229117055],[-3.441623085013779,47.623641923321735],[-3.441625004296215,47.62376825235798],[-3.441706792416045,47.62378179369592],[-3.441710297640534,47.62370032021591],[-3.441845164440262,47.623710927502714],[-3.441656051041167,47.62325176461778],[-3.441774808922178,47.62257689986491],[-3.441953571064739,47.622729577875724],[-3.441959830959944,47.62289179141451],[-3.442181072132482,47.62284343701258],[-3.44217856544858,47.62249136306239],[-3.442063730571497,47.62242546242421],[-3.442026591900031,47.622228831442726],[-3.442254589558342,47.62212591667347],[-3.442226379666702,47.62189266772127],[-3.442045449631172,47.62172204782914],[-3.44211288055879,47.6217273513039],[-3.442089011336535,47.621529986738814],[-3.441972258612096,47.6213377568],[-3.442069981413427,47.62115173272077],[-3.442020323863138,47.62063067420645],[-3.442191984260031,47.62050378018233],[-3.441820370989909,47.620081799618234],[-3.441912417565115,47.61995930693962],[-3.441763206599762,47.61994046207654],[-3.441743929243438,47.61967059473807],[-3.441664066644041,47.61978338269161],[-3.441495078594535,47.61971144418835],[-3.441455774278894,47.619496870487495],[-3.441586291069143,47.61947159356629],[-3.441564343783995,47.619400557985664],[-3.441687850348523,47.61953822825925],[-3.441572771774048,47.61958071408445],[-3.441694359471582,47.61959205503865],[-3.441882875397094,47.61982547355086],[-3.441959233019762,47.61979415910449],[-3.441841399678828,47.61959295773642],[-3.441912332538532,47.61951678767374],[-3.442010387819945,47.61966489574293],[-3.441930275861169,47.619886070908564],[-3.441994199922612,47.61997284810279],[-3.442106024214012,47.61990344849764],[-3.442336768478361,47.62004422086806],[-3.442239796547571,47.61990508422496],[-3.442442082543771,47.619920994210645],[-3.442538308937491,47.62038529171197],[-3.442524203800946,47.620268667170286],[-3.442699116941025,47.62016868573552],[-3.442876292569326,47.62052916540256],[-3.442844081383757,47.620594164056214],[-3.442676671054623,47.620314424410076],[-3.442736348513778,47.62080783578374],[-3.442827061057218,47.62078475829614],[-3.442858435355905,47.62060240155412],[-3.443081931164565,47.62101450664343],[-3.443005572454992,47.62104582180422],[-3.443050557387112,47.621196863406944],[-3.443319193762906,47.62120910364967],[-3.443407242508263,47.62138485740576],[-3.443431018921356,47.62113970281989],[-3.443527996199352,47.621278838385734],[-3.443492283010043,47.6214253108263],[-3.443292999310552,47.62154470293154],[-3.443480937505311,47.621552373664024],[-3.443469345131565,47.62178782341943],[-3.443348837233376,47.62178545543022],[-3.443308782518471,47.621896043361744],[-3.443321213678546,47.62177795166775],[-3.443229414503299,47.621792058422066],[-3.44324460674546,47.62191765389205],[-3.442975377341997,47.62167966852907],[-3.442778509919085,47.62170861503173],[-3.442959100693613,47.621545101899734],[-3.442923881610325,47.62147480027781],[-3.442865131639773,47.62154126615142],[-3.442690959498963,47.62131608694568],[-3.442631124364345,47.62137358159471],[-3.442572622775179,47.621331660380044],[-3.442584558213853,47.62143034262631],[-3.442481909192462,47.62135473766353],[-3.442383938436878,47.6216491490005],[-3.44230565758754,47.621554134534215],[-3.442354981003308,47.621741060822366],[-3.442522891596875,47.62180402689463],[-3.44249669184674,47.62213962589537],[-3.442375098176517,47.6221282857913],[-3.442430096463397,47.62225168065353],[-3.442492102882462,47.62221212835405],[-3.442493526571415,47.62255523123935],[-3.442396549670885,47.622416094905745],[-3.442348648244166,47.62257227158401],[-3.442586502937308,47.62299261475327],[-3.4424716664784,47.62292671453316],[-3.442405070060655,47.62303876923173],[-3.442338971597011,47.62293405018233],[-3.442301083982431,47.62306257991863],[-3.442433530264101,47.62316363116121],[-3.44267749338012,47.624297092548936],[-3.442478943653303,47.624091322733975],[-3.442493885976876,47.624325304936846],[-3.442339237307222,47.6242616053483],[-3.442368534011707,47.62450382509016],[-3.442640939235123,47.624326206625774],[-3.442740338810165,47.62437489803961],[-3.442493637168584,47.62443369171446],[-3.442534283116943,47.62454884885541],[-3.44261173222293,47.62452650515763],[-3.442470940072333,47.62468781679366],[-3.44254572179597,47.62486430445597],[-3.442401086217398,47.624772958092684],[-3.442335323286116,47.625002370489604],[-3.442277903014551,47.62496942030451],[-3.442329399638238,47.62517428847264],[-3.442455838401389,47.62500473952064],[-3.442514343924182,47.625046660714695],[-3.442427715415666,47.62521400903335],[-3.442181009551857,47.625272802022494],[-3.442359781884114,47.625425479199976],[-3.441982543726501,47.62550954947107],[-3.441899752811236,47.62592955514624],[-3.441781405629376,47.62594512774199],[-3.441772975930377,47.6257649722473],[-3.441520842037033,47.62577890832325],[-3.441538201307873,47.62592244596218],[-3.441442305718605,47.6257922801798],[-3.441212954516724,47.625994608751995],[-3.441093522105891,47.626001209545585],[-3.441102201191271,47.62607297839024],[-3.441163128136401,47.62602445576845],[-3.441357591372192,47.626085956529145],[-3.441146351629355,47.62610666255606],[-3.441113883353367,47.62628004721794],[-3.441033176435677,47.62627547658735],[-3.440988192931926,47.62612443460194],[-3.440687062688982,47.6262855735713],[-3.440699500671148,47.62616748242295],[-3.440845474127944,47.62615941526285],[-3.440778290027384,47.62604572439043],[-3.440759343259745,47.6261099889052],[-3.440649926402938,47.626088942542395],[-3.440360980914384,47.62624037620038],[-3.440186297002564,47.62623196715507],[-3.440180619811523,47.626295498257484],[-3.440009443732695,47.62620561561875],[-3.439604570997312,47.626282173640966],[-3.439584538095091,47.626337466839274],[-3.439750290545609,47.62638249451275],[-3.43966173646319,47.626423511778555],[-3.440102659776719,47.626534613639514],[-3.440173604341608,47.626458444904564],[-3.440206653599093,47.62651080495244],[-3.439949922979983,47.62659723983718],[-3.439946160886632,47.62678709978376],[-3.439455982490975,47.626931588011196],[-3.439975448118247,47.62702931981094],[-3.439746340441613,47.62712325875833],[-3.439808676379629,47.6274178389297],[-3.439938128598762,47.62738359284199],[-3.439830624624745,47.627488874547524],[-3.440070327384984,47.62759303313556],[-3.43985882700526,47.627722123406826],[-3.439844217377762,47.62782227215327],[-3.439709340588065,47.62781166257842],[-3.439731288862918,47.627882698200494],[-3.439540904776227,47.62796546581025],[-3.438996802524063,47.62799552728379],[-3.438909585848271,47.62793712849257],[-3.438878449914898,47.62801109692163],[-3.438520138192602,47.6280308917542],[-3.438382264903914,47.62788498071643],[-3.438179949937707,47.627869063764074],[-3.438345963206176,47.62780570682078],[-3.438020958531432,47.62776947407577],[-3.437929973949563,47.627900934321765],[-3.438320248849962,47.627924530718516],[-3.438292365469378,47.62802541235852],[-3.438403954313517,47.62806440315135],[-3.438084370122694,47.62807302619393],[-3.437265349951441,47.62792861403377],[-3.43681900001532,47.62777264585632],[-3.436455790592786,47.62753080550546],[-3.436256430210813,47.62720766770943],[-3.436370445344761,47.627156216145046],[-3.436308690026988,47.62708737848383],[-3.436414854857329,47.62708151546998],[-3.436328726603884,47.627032085868734],[-3.436513430710161,47.627012854355414],[-3.436334669783867,47.62686016835494],[-3.436583557707526,47.626819330050374],[-3.436545352033316,47.62661372662594],[-3.436717044684844,47.62648684103949],[-3.436832662637088,47.626227586837416],[-3.437486163876287,47.626218584845155],[-3.437035230880503,47.626135119471996],[-3.43713705684958,47.62609337122696],[-3.437008950115751,47.62602819870547],[-3.437226956069661,47.62595294033431],[-3.437240485862142,47.62584382067659],[-3.437036010574826,47.62580995944133],[-3.437009729968595,47.62570303865709],[-3.437112639341703,47.62567026156929],[-3.437008645776935,47.62569406751198],[-3.436943638790225,47.62559831669803],[-3.436823122579808,47.62559594198024],[-3.436914929989165,47.625581840288866],[-3.436816877976677,47.625433728392025],[-3.436901095933894,47.625356828671805],[-3.436791682142139,47.62533577868661],[-3.436897843435871,47.625329915228505],[-3.436889170123842,47.62525814604409],[-3.436741290750452,47.62513987924466],[-3.437034577276299,47.625024339047734],[-3.436569300904319,47.624932633629186],[-3.436627239057283,47.62474881314486],[-3.436820868606584,47.624692963601824],[-3.436807858957748,47.624585309780116],[-3.436293581749325,47.62464080630926],[-3.436374847386797,47.62487112486019],[-3.436252426231066,47.624742420501924],[-3.436134080033932,47.62475798738516],[-3.436205327203198,47.62501595236073],[-3.43610944624613,47.62488578213959],[-3.435940187413631,47.62492222252383],[-3.435977567581962,47.62501046844271],[-3.435913647268784,47.624923688180125],[-3.435779862553213,47.62492204521094],[-3.435614676371601,47.625102756487756],[-3.435389347491582,47.62500682701996],[-3.435204649921308,47.62502605677563],[-3.435288342676269,47.6251659316498],[-3.435257203341504,47.62523989921904],[-3.435162144465659,47.62522708611686],[-3.435209542096783,47.62528768603388],[-3.435095793668482,47.62523074980369],[-3.435177846039115,47.625135908987104],[-3.435062194164887,47.62495264366313],[-3.434871813289094,47.62503540378746],[-3.434862614138286,47.62518040788623],[-3.434826319506594,47.62510113278643],[-3.434675748198936,47.62518169446907],[-3.434499984888225,47.625164305745884],[-3.434459355803263,47.62504914584606],[-3.434392739919295,47.625161195853245],[-3.434285760440325,47.62504969914294],[-3.434210474507952,47.62508997966158],[-3.434208572724519,47.62496365058991],[-3.43450810126374,47.625010330503],[-3.4345470927852,47.624890774595706],[-3.434444448493666,47.62481516270364],[-3.434388935493693,47.62490853771685],[-3.434088589822318,47.624744499583926],[-3.434101594026098,47.624852153699635],[-3.434049863335793,47.62475566861213],[-3.434010870799414,47.62487522436175],[-3.433901725390231,47.6247457849287],[-3.433838359639488,47.62488474817043],[-3.433732465494632,47.62478222211629],[-3.434050661194212,47.624430508370835],[-3.434255129303934,47.62446437485629],[-3.434156820988654,47.62442464740133],[-3.434305223524633,47.624326144003305],[-3.434213683205225,47.62423185688796],[-3.43407963438447,47.62433859873541],[-3.434064463016112,47.62421300223037],[-3.434201762614399,47.62413317392881],[-3.434047124396833,47.624069463355106],[-3.434158967600469,47.62400007150549],[-3.434042789756582,47.624033578634226],[-3.433901421880555,47.623969135249176],[-3.434256456971494,47.62392244100707],[-3.434169252136146,47.62386403855405],[-3.434287862391076,47.62374008686237],[-3.434003492740497,47.62337648450996],[-3.434125884854544,47.62306267285184],[-3.434018092515001,47.622833817749246],[-3.434103128209473,47.62287427797593],[-3.434116663606915,47.62276515850739],[-3.433949026055197,47.622593793525986],[-3.433831501157504,47.62272671613494],[-3.433835018331694,47.622645242847526],[-3.433718843232926,47.62267874967738],[-3.43387619525163,47.62298614797911],[-3.43381444797415,47.62291730885151],[-3.433720210548044,47.62302185258526],[-3.43358209642081,47.6229843223448],[-3.433593481864225,47.623299779073776],[-3.433423142801935,47.623327244652465],[-3.433349490967429,47.62360224064386],[-3.433165868496406,47.62318791994258],[-3.433193210911408,47.622861294411635],[-3.433079201888212,47.62291274298831],[-3.43297981384827,47.62286404331637],[-3.432807845937026,47.62265679191986],[-3.432779954890985,47.622757672517174],[-3.43267271485702,47.62275456104136],[-3.432607988098292,47.622550420815074],[-3.432777241685283,47.622513985215214],[-3.432668104094811,47.62238454447232],[-3.432727682465349,47.62243544182513],[-3.432788612870493,47.622386923481166],[-3.432494510414144,47.621942576388996],[-3.432245642098844,47.62198340608297],[-3.432293847358304,47.62216136537176],[-3.432186338825563,47.6222666403241],[-3.43226866645882,47.62250593321733],[-3.432138677486511,47.62231442595886],[-3.432007065990818,47.62233072107784],[-3.431964820816783,47.62242336267362],[-3.431940718577,47.62233438297783],[-3.431820209957712,47.622332003094066],[-3.431929885879266,47.62224467089871],[-3.432027105237756,47.62227542906545],[-3.431974567674586,47.62206158484303],[-3.431415085549871,47.6220744010532],[-3.431350633327173,47.6222043919229],[-3.431538572126243,47.62221208186982],[-3.431479807169854,47.62227854199046],[-3.431562673640529,47.622301061654184],[-3.431327072435341,47.62234115704933],[-3.431352256830027,47.6224391080841],[-3.431240684895167,47.622400110441916],[-3.431303511422791,47.62247792216139],[-3.431182730743688,47.62258392847578],[-3.431244202601635,47.62276115585218],[-3.431175688297005,47.62274687489241],[-3.431158625625414,47.62293746721911],[-3.43086696577026,47.62284519033729],[-3.430800890180211,47.62274046474886],[-3.430712335263596,47.62278147530629],[-3.430636512521418,47.62259600866213],[-3.430645987200764,47.622785136469936],[-3.430498401663908,47.62255847476695],[-3.430440718056693,47.62263390557261],[-3.430179932139238,47.622576047427344],[-3.430344035032813,47.62282889099799],[-3.430227048055563,47.622745036292855],[-3.430199152086484,47.622845916269235],[-3.430021506130034,47.62270219150227],[-3.429963821693688,47.622777622066835],[-3.430213504712716,47.62285415531162],[-3.430309367644101,47.62298433050828],[-3.430082974269069,47.62287941947906],[-3.430064015750199,47.62294368236296],[-3.429972485292306,47.62284939185675],[-3.429743377954447,47.62294331138508],[-3.429669449307672,47.62288417341597],[-3.429706542919185,47.623080808258194],[-3.429624758918237,47.62306725851235],[-3.429436799001849,47.62350208395385],[-3.429202273735403,47.623551146263324],[-3.429127262024019,47.62348303674176],[-3.429063885343787,47.623621997483234],[-3.429037621782031,47.62351507478549],[-3.428960422413332,47.623871541077065],[-3.428704215432983,47.624183696116795],[-3.42853847912852,47.624138652717726],[-3.428444255824772,47.62380067383281],[-3.428511714076879,47.62336346675914],[-3.428394451376937,47.623387997045874],[-3.428392008548772,47.623478441373486],[-3.428330545333821,47.62330121256137],[-3.428258505393713,47.623368402988895],[-3.428165894740359,47.62326513985],[-3.428062984511125,47.62329790909556],[-3.42816400732599,47.62313881056177],[-3.42826122614294,47.62316957184905],[-3.428249844015163,47.623296633091],[-3.42833298825801,47.623210768226805],[-3.428322716593758,47.6229042822099],[-3.428119062877266,47.62298776337851],[-3.428307281573476,47.6228870716966],[-3.428230662140319,47.62258424541842],[-3.42791976992471,47.62266461060024],[-3.428029452910218,47.62257728208261],[-3.427967713645163,47.622508439849724],[-3.427717477863823,47.62264867548378],[-3.427590473442308,47.622592463763],[-3.427624590516902,47.6226537987209],[-3.427542807698585,47.62264024751423],[-3.427488367420221,47.62274259059835],[-3.42748539909903,47.622607290017555],[-3.427435288832508,47.62274551806718],[-3.427406863932131,47.62262065245846],[-3.427322636615691,47.622697545440616],[-3.427311811604917,47.622607832950074],[-3.427064260761469,47.62299175457648],[-3.427038001514811,47.62288483139449],[-3.426853027721898,47.62301243478636],[-3.426767997302625,47.622971969284144],[-3.426881210601003,47.62280316879086],[-3.426780225001826,47.62251974765579],[-3.426890431021417,47.62265816514421],[-3.426937295313119,47.622493023562434],[-3.426773730559539,47.622465920127006],[-3.426954653261023,47.62219404494804],[-3.42684957952535,47.62220887063362],[-3.426762666329106,47.62204207573014],[-3.42673448338711,47.62225134177885],[-3.42661806540579,47.621950709691795],[-3.426694435020738,47.621919405260385],[-3.426372721073169,47.62191005377069],[-3.426498921510392,47.62184890869631],[-3.426358932403408,47.621685040482326],[-3.426444241843646,47.62161711941711],[-3.426177771866734,47.62162278289164],[-3.426077592377875,47.621456719149215],[-3.425963297141184,47.6216165477139],[-3.425872858437002,47.621531225197536],[-3.425800817792182,47.62159841417024],[-3.425659466314527,47.62153396072919],[-3.425566297547386,47.62164746922672],[-3.425420901037828,47.62143874351751],[-3.425389466684496,47.621621095492465],[-3.425261385025363,47.621555909937406],[-3.425298230457092,47.62141841435873],[-3.42525272797011,47.621484139750486],[-3.425174477854224,47.62138911379618],[-3.42532721708077,47.62132650675276],[-3.425415490253411,47.62139388715576],[-3.425414691566885,47.62127652897479],[-3.425257624072569,47.62130325103719],[-3.425590722228787,47.62118554449027],[-3.425583146969314,47.62112274558633],[-3.425497837223538,47.621190666039816],[-3.425463723527409,47.62112933041463],[-3.425638671434116,47.62102937457729],[-3.425527956331079,47.62066521063875],[-3.42522817618062,47.62072689453736],[-3.425233870573169,47.62066336398101],[-3.42527908864341,47.620706025514785],[-3.425627616512826,47.62060552976036],[-3.425617876946794,47.620524788291014],[-3.425390137575553,47.620519283715026],[-3.425569412269257,47.62045521305853],[-3.425523678510856,47.620186806422964],[-3.425428630969188,47.62017398536596],[-3.425262342332616,47.62034571116399],[-3.42521171408284,47.62025819321849],[-3.425282671551288,47.62018203328368],[-3.425545887972323,47.620149458016435],[-3.425545089017764,47.6200320997614],[-3.425580284263562,47.62010240667427],[-3.425681025509407,47.620051697010226],[-3.425628232526617,47.61994623667877],[-3.425570544860899,47.62002166518013],[-3.425520998557302,47.6199431186319],[-3.425182497550223,47.62001596865073],[-3.425218543889647,47.619761114714734],[-3.425277828491382,47.61992040292553],[-3.425547819702586,47.61983326834431],[-3.42557440799724,47.61938928574234],[-3.425499406761745,47.619321173745405],[-3.425578220678646,47.61919942554012],[-3.425698721948385,47.61920181186818],[-3.425708461395333,47.61928255338558],[-3.425856865224653,47.619184060462366],[-3.426021501671687,47.61922013650437],[-3.425948664503673,47.61916996734428],[-3.426165575806153,47.61908575807602],[-3.426161528808791,47.61894148593091],[-3.426378720345933,47.618748889206124],[-3.42636709698273,47.618541818107275],[-3.426246597172764,47.61853943246804],[-3.42619300421505,47.6183166139567],[-3.425990729144298,47.61830067581393],[-3.425962309988934,47.61817580956892],[-3.425920057613689,47.61826844917546],[-3.425819885220519,47.61810238492632],[-3.425576723411372,47.61807966982086],[-3.425531224112785,47.61814539543366],[-3.425437829107258,47.61792477147304],[-3.425183563887358,47.61792072976202],[-3.425193018420197,47.618109858465324],[-3.42540286714313,47.61818859700398],[-3.425597516557388,47.618584256747084],[-3.425503837237956,47.618472019959704],[-3.425446150989416,47.61854744845662],[-3.425428837381077,47.61840390788539],[-3.425231174289949,47.618315466499006],[-3.42515885320408,47.61849104225541],[-3.424996667942706,47.618364520494225],[-3.42500612189206,47.618553649169705],[-3.424906749331556,47.61850494251924],[-3.424884255576052,47.61865067789489],[-3.424819278911051,47.618554919987815],[-3.424827934908639,47.6186266903147],[-3.424769450310158,47.61858476012436],[-3.424623210076422,47.61870119428055],[-3.424782320301444,47.61957745442692],[-3.424935054804809,47.619514847838175],[-3.424930442216844,47.61958734970272],[-3.424788812384532,47.61963128214624],[-3.424705383115699,47.619825531638575],[-3.424579755720139,47.61966990085293],[-3.424624175502605,47.619595204374114],[-3.424492283084855,47.61971987804674],[-3.424542683361335,47.61947326403862],[-3.424329299396466,47.6194759971428],[-3.424406628610098,47.62033870392278],[-3.424268813762478,47.62019277565141],[-3.424046485454003,47.62023212489704],[-3.423669608356664,47.61976523006848],[-3.423598649141084,47.61984138903951],[-3.42354131323411,47.619365910255326],[-3.423395355740988,47.619373955817665],[-3.423389659298167,47.61943748632639],[-3.423344443812178,47.61939482403332],[-3.423353097963291,47.61946659443859],[-3.4232637488263,47.61939024110859],[-3.423293819608135,47.61930730521375],[-3.423363409159096,47.6193305621233],[-3.423358287950028,47.619177318597586],[-3.423202089451328,47.61887887683221],[-3.42302851403654,47.618879413399696],[-3.42304582134552,47.61902295429171],[-3.422971905546552,47.61896381196447],[-3.422914215189465,47.6190392391917],[-3.422914431279155,47.6193733715588],[-3.422808569045409,47.61927083531157],[-3.422718643152635,47.61941125558654],[-3.42260196481056,47.61921900608091],[-3.422362546370578,47.61944894355483],[-3.422412164175571,47.619084972098264],[-3.422319862000294,47.61887331706246],[-3.422261379101465,47.61883138562146],[-3.422157102168323,47.618963565459744],[-3.422118667527416,47.618866343530584],[-3.422085350527929,47.618922365197726],[-3.421996004114825,47.61884601087657],[-3.422025495887593,47.61897984935874],[-3.421926125253121,47.61893114018275],[-3.421716986891498,47.619412273169225],[-3.42178137736433,47.61972480674989],[-3.42164436164862,47.619696233643644],[-3.421612125117098,47.6197612264669],[-3.421511464627764,47.61936941332923],[-3.421341715347255,47.61918008731836],[-3.42123448316732,47.61917696533445],[-3.421275079256214,47.61929213018021],[-3.421199002238915,47.619215044097416],[-3.421145342563034,47.619434742732096],[-3.421040068284595,47.61911543085487],[-3.420928510829213,47.61907642329549],[-3.420905713361602,47.61933054487362],[-3.420757097401824,47.619094899136314],[-3.420821189088237,47.61951582029811],[-3.420564845954235,47.61905130651592],[-3.420636505270276,47.61953502707096],[-3.420958904111662,47.62010427192097],[-3.420900128305576,47.62017072678978],[-3.42070767058435,47.619793002186945],[-3.420696766452579,47.62014580817292],[-3.420395208040536,47.61963863083814],[-3.420514536436642,47.620074570426596],[-3.420407302508447,47.62007144768462],[-3.420455466579187,47.62024941203216],[-3.420393739773102,47.620180565713625],[-3.420335750684067,47.62036437857288],[-3.420435323114463,47.620747221202336],[-3.42032946291798,47.62064468278021],[-3.420312656021419,47.6207268867999],[-3.420497838498615,47.62093342572097],[-3.420689015316009,47.6209680470914],[-3.420704740354916,47.62087687170927],[-3.420827115161371,47.62100559261659],[-3.420789177125812,47.621134115497156],[-3.420693340731239,47.62100393236386],[-3.42050403298969,47.62109564055337],[-3.420533228885801,47.62133786615688],[-3.42057785719238,47.62159730327124],[-3.420685882489702,47.62171778404775],[-3.420760092490621,47.6216685408631],[-3.420792826886459,47.62182929340364],[-3.421012416577888,47.621988781495276],[-3.420984503591582,47.62208965930931],[-3.420952264811458,47.62215465187059],[-3.420863996014317,47.62208726812067],[-3.420754302314589,47.622174589930815],[-3.420690410144401,47.622087801212274],[-3.420517905618037,47.62209730536049],[-3.420481047405847,47.622234799382916],[-3.420399560698942,47.62211285632178],[-3.420277971788372,47.62210149321286],[-3.420410481220737,47.62297921988388],[-3.420295672170424,47.622913297862],[-3.420244955051735,47.62326829639235],[-3.419959307742664,47.623004075255885],[-3.419932473504697,47.623113924080954],[-3.420086797810731,47.62328604016179],[-3.419921071565224,47.62324098451419],[-3.419782180243127,47.62308607985064],[-3.419873398377807,47.623288765119284],[-3.419678183986623,47.6231098703944],[-3.419608295847487,47.623194998127424],[-3.419474321394119,47.622859204762456],[-3.419328353737277,47.62286724522758],[-3.419207355496357,47.62263910737947],[-3.418988256575192,47.62270536091843],[-3.418888097419686,47.622539291102214],[-3.41878302076484,47.62255410952804],[-3.41896112390963,47.62292359634406],[-3.418852209662817,47.62312827445038],[-3.419040149911712,47.62313598450526],[-3.419111120009672,47.62305982843282],[-3.419176091918647,47.623155589294136],[-3.419079663148557,47.62324217855712],[-3.41907887836291,47.6231248204446],[-3.418904695709645,47.6233421244555],[-3.419044962692887,47.623397614689345],[-3.419132446453868,47.62334764166992],[-3.419208526376391,47.62342472893534],[-3.419261902062595,47.623313418426434],[-3.419355576754208,47.623425659941525],[-3.419446303849404,47.6234026006459],[-3.419387226810762,47.62357744141239],[-3.41947009019552,47.62359996964056],[-3.419312717019577,47.62373507043894],[-3.419335717659502,47.6238150813579],[-3.419449741853457,47.62376364622137],[-3.419357637179749,47.623886120951994],[-3.41946812233051,47.62391615859968],[-3.419517367958617,47.62410309429778],[-3.419143050445961,47.62432239152997],[-3.419123781987083,47.62449503930951],[-3.418553054600604,47.624968985567236],[-3.418443648841878,47.6249479183909],[-3.418416810507878,47.625057766757955],[-3.418278403896772,47.62512860514311],[-3.418258647357517,47.625075508035536],[-3.418177646038304,47.6251793082893],[-3.417856994900625,47.62517890468051],[-3.417788780048268,47.62505622920663],[-3.417524453795887,47.62507981558046],[-3.417419853205682,47.62532037743419],[-3.417459364836098,47.6254265719149],[-3.417571232443362,47.62535719599919],[-3.417566609349224,47.625429697355],[-3.417660583425332,47.625433553450016],[-3.417678959365694,47.62558606597885],[-3.417520794404826,47.62560380625247],[-3.417543493690164,47.62579220409069],[-3.417690849735997,47.625684750548395],[-3.417664009482429,47.625794598700836],[-3.417855201871325,47.625829224623416],[-3.417811848399245,47.62591288961026],[-3.417859525775432,47.625865109911146],[-3.417939632743732,47.626086469816464],[-3.417854305340291,47.62615438451323],[-3.417897061425525,47.626287492760206],[-3.417768678699993,47.62633068575912],[-3.417650806026557,47.626571978428515],[-3.417830892426088,47.62662527776818],[-3.417632612885728,47.626753597081816],[-3.417798348104979,47.626798655895115],[-3.417837263813982,47.62712162331277],[-3.417664443275786,47.62723950978513],[-3.417936347279823,47.62727872232407],[-3.417954724643279,47.62743123466462],[-3.417811987257187,47.62746618715656],[-3.417836068262208,47.627555169531675],[-3.417931127122745,47.627567996719016],[-3.418038674444893,47.62746273517723],[-3.418029429149127,47.62760773776575],[-3.418294848780958,47.62759312158966],[-3.418355500355194,47.62765299744615],[-3.418369146693213,47.628320528348695],[-3.418111290948393,47.62839794384394],[-3.418165158520254,47.62851237842129],[-3.418031066860128,47.628619101612664],[-3.418007170460394,47.62886425007171],[-3.417789907559949,47.62905683022509],[-3.417680493723806,47.6290357623783],[-3.417745470340151,47.62913152374084],[-3.417553667249184,47.62931367059695],[-3.41760429153167,47.62940119145411],[-3.417202605257561,47.629504585618434],[-3.417204466954487,47.62963091466855],[-3.417346129561108,47.629586991648665],[-3.417318986683582,47.629805225919576],[-3.417245062299088,47.62974608029588],[-3.417103399187082,47.629790003189584],[-3.417114989062108,47.62999707401131],[-3.416910689190024,47.630297308117804],[-3.416803434935298,47.6302941820833],[-3.4167489662596,47.63039651975735],[-3.416690475111716,47.63035458577526],[-3.416744341612109,47.63046902089233],[-3.416674740423681,47.63044576017207],[-3.416618109620679,47.6305301551547],[-3.416741878719272,47.630559464645415],[-3.416582014944761,47.6307850050226],[-3.416007652784749,47.631340409710845],[-3.415640057784193,47.63150513645948],[-3.415657045979454,47.63175706381843]],[[-3.416288907280114,47.63001545987503],[-3.416225012985054,47.62992866906415],[-3.41617841129358,47.629985419314394],[-3.416288907280114,47.63001545987503]],[[-3.416426901195782,47.63049552729105],[-3.416560221424228,47.630271448347045],[-3.416499568888551,47.630211571639215],[-3.416426901195782,47.63049552729105]],[[-3.416886129257776,47.62998258157002],[-3.416780257563429,47.629880040418264],[-3.416778875636891,47.62997945551244],[-3.416886129257776,47.62998258157002]],[[-3.417398062487152,47.626802635606296],[-3.417509933057867,47.62673325979845],[-3.417396200430705,47.62667630637511],[-3.417524584288866,47.626633113793304],[-3.417514855879453,47.62655237189879],[-3.417482610179722,47.62661736335314],[-3.417382148562348,47.626559679179955],[-3.417194977191463,47.626669324388985],[-3.417398062487152,47.626802635606296]],[[-3.41731495173543,47.62566932581404],[-3.417414630441221,47.625609652097715],[-3.417285287195801,47.62520135528321],[-3.417226501204399,47.62526780812913],[-3.417155825741494,47.625235576302615],[-3.41705986986076,47.62554790845413],[-3.417249980105634,47.625573564041225],[-3.41731495173543,47.62566932581404]],[[-3.417529754789732,47.627563005566635],[-3.417575271967474,47.627497283389495],[-3.41745799516183,47.62752180264381],[-3.417529754789732,47.627563005566635]],[[-3.417803339259319,47.627394416635944],[-3.417917372575615,47.627342983090124],[-3.417729417676839,47.627335271245244],[-3.417803339259319,47.627394416635944]],[[-3.41796282959279,47.62328562740546],[-3.418018369635226,47.623192260123375],[-3.417911129590506,47.623189135094464],[-3.41796282959279,47.62328562740546]],[[-3.419118968720675,47.62423340927625],[-3.419205372613196,47.624174464905714],[-3.419165858436216,47.62406827094728],[-3.419118968720675,47.62423340927625]],[[-3.419273885546994,47.62418875287681],[-3.419451017486075,47.6241067490994],[-3.419390664426522,47.62393848695714],[-3.419183749311945,47.623995038551946],[-3.419195642109645,47.624093723049064],[-3.419297478133735,47.62405199031331],[-3.419273885546994,47.62418875287681]],[[-3.420181356504807,47.62307312064842],[-3.420165725158739,47.6227217773203],[-3.419909372333743,47.62225726286363],[-3.419912026787791,47.6225009504934],[-3.419999213797748,47.622559363631204],[-3.419901411515412,47.622745369101594],[-3.420021920535122,47.622747761282604],[-3.420010518886746,47.622874821748475],[-3.420146166410933,47.62300281221595],[-3.420083061226586,47.623033381320006],[-3.420181356504807,47.62307312064842]],[[-3.42078805045982,47.618686802769346],[-3.420713642314507,47.61840191356689],[-3.420684356279362,47.618602207217016],[-3.42078805045982,47.618686802769346]],[[-3.421691530585782,47.619422706913795],[-3.421910693443602,47.618913928789105],[-3.421853873697938,47.61866419437728],[-3.421847594102688,47.618944498910686],[-3.421656714865499,47.618801492364],[-3.421537004803926,47.618916460221406],[-3.421652306077129,47.61920812652321],[-3.421550481133372,47.619249861415895],[-3.421691530585782,47.619422706913795]],[[-3.423447349413878,47.619362058879716],[-3.423548091288611,47.61931135103627],[-3.423494221462466,47.619196918400306],[-3.423391316207841,47.61922968359798],[-3.423447349413878,47.619362058879716]],[[-3.423947174529089,47.619740898255294],[-3.4238221229288,47.61936849263197],[-3.423794724970284,47.61969511655237],[-3.423911981672291,47.61967059083726],[-3.423864315244957,47.61971837315885],[-3.423947174529089,47.619740898255294]],[[-3.424206000177386,47.620114960056874],[-3.424224168693707,47.61993333976071],[-3.424109361484569,47.619867421384654],[-3.424057081249543,47.619987705597126],[-3.424206000177386,47.620114960056874]],[[-3.42427669310927,47.61804297766427],[-3.424266956053741,47.61796223597619],[-3.424172994651597,47.61795838518163],[-3.42427669310927,47.61804297766427]],[[-3.425061699338532,47.61801775870386],[-3.42516243714337,47.617967049432934],[-3.425149452641637,47.617859393942204],[-3.424992395067529,47.61788611569472],[-3.425087438431408,47.617898937121765],[-3.424999969172895,47.6179489147412],[-3.425061699338532,47.61801775870386]],[[-3.425300816054335,47.61789620263019],[-3.425346315424203,47.617830477098764],[-3.425261294399957,47.61779001039207],[-3.425202526496982,47.61785646750483],[-3.425300816054335,47.61789620263019]],[[-3.425677446520142,47.62057568928859],[-3.425742992781782,47.62045467271505],[-3.425587010036053,47.6204903665053],[-3.425677446520142,47.62057568928859]],[[-3.42565010906275,47.62045979438762],[-3.425704833411977,47.62024906507412],[-3.425789858688571,47.62028953140691],[-3.425818843852964,47.62019762362569],[-3.425927160568647,47.62020971267192],[-3.425757110190451,47.620128780140185],[-3.425562403466694,47.62017564019556],[-3.42565010906275,47.62045979438762]],[[-3.425604141966321,47.6198572555625],[-3.425679992857251,47.61960020648456],[-3.42558522943588,47.61947899854208],[-3.425604141966321,47.6198572555625]],[[-3.425488738815971,47.61790390232912],[-3.425370688180457,47.6178110712597],[-3.425382591036533,47.61790975543973],[-3.425488738815971,47.61790390232912]],[[-3.425689215987061,47.61945520269439],[-3.425711707884196,47.619309467223786],[-3.425610968068058,47.61936017693362],[-3.425689215987061,47.61945520269439]],[[-3.425803693095522,47.6200720257812],[-3.425751982033899,47.61997553678223],[-3.425724079055921,47.62007641583301],[-3.425803693095522,47.6200720257812]],[[-3.425747936086769,47.6198312646886],[-3.425798047986728,47.619693037156196],[-3.425720598857544,47.61971536975987],[-3.425747936086769,47.6198312646886]],[[-3.425939582414363,47.620534141866635],[-3.425915491069844,47.620445160841406],[-3.425822607383909,47.62045028265119],[-3.425939582414363,47.620534141866635]],[[-3.426149205425956,47.620278746817455],[-3.426046864075802,47.62009474039089],[-3.426068508863298,47.62027416583279],[-3.426149205425956,47.620278746817455]],[[-3.426269709157383,47.620281132555064],[-3.42653970057398,47.620193995696965],[-3.426624487081078,47.61990032921076],[-3.426613663810655,47.619810616526706],[-3.426529439785083,47.61988750904776],[-3.426490996516763,47.61979028860373],[-3.426335016212285,47.619825983405164],[-3.426303348627156,47.619674203525285],[-3.426202608684745,47.619724913735965],[-3.426310642886696,47.61984538942544],[-3.426183364715031,47.61989756308703],[-3.426184165070664,47.620014921345785],[-3.42612243114833,47.61994607804693],[-3.42606474418102,47.62002150679239],[-3.426269709157383,47.620281132555064]],[[-3.426438830181307,47.62157226310688],[-3.42644560555472,47.62151770378144],[-3.426339450694807,47.62152355775092],[-3.426438830181307,47.62157226310688]],[[-3.426353890242691,47.62064675934942],[-3.426458441418156,47.620406188918786],[-3.426260487461563,47.62042613632965],[-3.426353890242691,47.62064675934942]],[[-3.427085705800025,47.62239452924],[-3.427033990171585,47.6222980409237],[-3.42698848907187,47.622363766961996],[-3.427085705800025,47.62239452924]],[[-3.426887140350758,47.62008452488939],[-3.426940777051055,47.61986482369035],[-3.426862245782138,47.619878185783854],[-3.426795099365098,47.61976448650328],[-3.426887140350758,47.62008452488939]],[[-3.42724323817749,47.62004682313763],[-3.42736538289441,47.61984140502736],[-3.427540847211745,47.61996719152667],[-3.427642668840461,47.619925451426575],[-3.42765216561393,47.61967206050256],[-3.427493218258973,47.61957245606564],[-3.427484000008693,47.619717459989516],[-3.427409275286584,47.61954096222061],[-3.427373519037666,47.61968742985989],[-3.42727738950684,47.619665639041905],[-3.42723297337801,47.61974033652711],[-3.427174485670685,47.619698407565146],[-3.427128986959556,47.619764133745875],[-3.427062922515354,47.61965940587723],[-3.427043401197008,47.61994044236857],[-3.42724323817749,47.62004682313763]],[[-3.427724252067064,47.62259411611434],[-3.427875909158405,47.62252253453071],[-3.427720200591426,47.622449844283004],[-3.427724252067064,47.62259411611434]],[[-3.428351698817194,47.62281237392351],[-3.428403972141891,47.622692087963145],[-3.428306754112238,47.622661326787146],[-3.428351698817194,47.62281237392351]],[[-3.429028726720167,47.62266665474009],[-3.428977559799981,47.62235339358952],[-3.429074501611316,47.622492541067615],[-3.429150339536652,47.622235490083696],[-3.429031466307046,47.62202530481089],[-3.428840003776184,47.62209908399217],[-3.428974311479541,47.62232647988416],[-3.428808580713022,47.62228143682536],[-3.429028726720167,47.62266665474009]],[[-3.429212570815284,47.623415113717236],[-3.429411892984601,47.62329574575395],[-3.429453335687215,47.623085747078996],[-3.429239661822142,47.623196875967075],[-3.429212570815284,47.623415113717236]],[[-3.429369955865897,47.6223949624278],[-3.429589315625494,47.62222030253773],[-3.429514047881593,47.621818061340825],[-3.429640244503321,47.62175691286927],[-3.42959854563084,47.62163277984497],[-3.429471266411172,47.621684957041836],[-3.429460695067117,47.6219293766195],[-3.429427659185786,47.621877013408245],[-3.429277088825089,47.621957568264634],[-3.42931770437812,47.62207273014985],[-3.429243777408486,47.62201359188486],[-3.429192589446098,47.62214284949703],[-3.429164415976109,47.62235211612117],[-3.429369955865897,47.6223949624278]],[[-3.429315205004254,47.62349073026133],[-3.429428411348415,47.62332192734408],[-3.429302210784425,47.62338307553758],[-3.429315205004254,47.62349073026133]],[[-3.42941330694354,47.62186877426517],[-3.429400588299478,47.62165273256554],[-3.429313116928517,47.62170271331913],[-3.42941330694354,47.62186877426517]],[[-3.430313197095284,47.62146691432352],[-3.430336760198653,47.62133014934023],[-3.430176172342805,47.62143835125241],[-3.430313197095284,47.62146691432352]],[[-3.430812818125566,47.621954110794],[-3.43061107373773,47.621721406896405],[-3.430624615980589,47.621612287768066],[-3.430484341653489,47.62155681139047],[-3.430441011443766,47.62164048124755],[-3.430489756713429,47.621601667513545],[-3.430673625754546,47.62190760587358],[-3.430812818125566,47.621954110794]],[[-3.431032705177037,47.62244771185829],[-3.431106906647865,47.62239846211817],[-3.43091355175421,47.62234591539239],[-3.431032705177037,47.62244771185829]],[[-3.431065203863926,47.62227432965843],[-3.431148341986281,47.622188462745015],[-3.430904886972145,47.62227414565372],[-3.431065203863926,47.62227432965843]],[[-3.432864979490869,47.62235561502207],[-3.432764777825382,47.622189557078684],[-3.432908306481944,47.62227194429645],[-3.432872285062209,47.62208428158974],[-3.432608517928939,47.621891128357404],[-3.432689494778902,47.62222983667617],[-3.432864979490869,47.62235561502207]],[[-3.433117635144486,47.62212492385369],[-3.433092715543018,47.621918586292935],[-3.432977624997764,47.62196106359672],[-3.432929149424836,47.62189149146989],[-3.432948651200591,47.62205297307105],[-3.433117635144486,47.62212492385369]],[[-3.433344875441105,47.623232224262715],[-3.433412574652273,47.62312914593243],[-3.43330966790605,47.623161919803046],[-3.433344875441105,47.623232224262715]],[[-3.433452650792574,47.62301856146573],[-3.433519265976023,47.6229065118713],[-3.433420961077205,47.62286678376517],[-3.433452650792574,47.62301856146573]],[[-3.434142753723089,47.62475054027058],[-3.434186080655198,47.624666869173964],[-3.434043361291263,47.624701841549665],[-3.434142753723089,47.62475054027058]],[[-3.433934121667996,47.62235981002312],[-3.433990716427859,47.62227540629269],[-3.433864789881931,47.62222817257318],[-3.433934121667996,47.62235981002312]],[[-3.434020220555287,47.62196672279577],[-3.434051359694715,47.62189275543186],[-3.433969576411175,47.62187920872012],[-3.434020220555287,47.62196672279577]],[[-3.434120425707657,47.62213277968104],[-3.434203558695357,47.62204691058664],[-3.434087385129975,47.62208041779337],[-3.434120425707657,47.62213277968104]],[[-3.435725563299322,47.62314593210969],[-3.435836843080763,47.62285079376745],[-3.435933243961604,47.6227641906541],[-3.435992825868816,47.622815086331364],[-3.435934590031008,47.62266477496694],[-3.436093824136647,47.622655980900035],[-3.436204839293598,47.62246922900596],[-3.43618532751629,47.62230774798315],[-3.436219454283549,47.62236908043901],[-3.436377603442548,47.622351314816015],[-3.436434455430738,47.62215852301615],[-3.436494037139815,47.622209418453544],[-3.436607218067019,47.62204060846774],[-3.436561166615031,47.62188059328234],[-3.436450153928665,47.622067345571566],[-3.436360781708251,47.621991002364425],[-3.436213473441136,47.622098479661496],[-3.436336149739927,47.62211879734842],[-3.436196428962511,47.622289072787275],[-3.436110570401239,47.622131256017255],[-3.436006059343932,47.62237183487367],[-3.435664042883687,47.622526188541705],[-3.435655519610521,47.62262148504621],[-3.435576575945921,47.62257617396369],[-3.435587414839138,47.6226658856892],[-3.435537851343677,47.6225873434977],[-3.435448216453215,47.62261938647611],[-3.435493181328923,47.622770430866964],[-3.435390013327772,47.62291159342363],[-3.435565506643404,47.623037367667855],[-3.435577676327788,47.62303427266213],[-3.435577429510487,47.62313605054337],[-3.435725563299322,47.62314593210969]],[[-3.435708974682007,47.622234714204936],[-3.435683782390057,47.62213676409947],[-3.435623938789235,47.62219425513413],[-3.435708974682007,47.622234714204936]],[[-3.436415140385662,47.62420963452767],[-3.43642325109205,47.624055659076134],[-3.436201999680732,47.62410400254105],[-3.436209587855038,47.6241668006595],[-3.436367742343139,47.62414903506629],[-3.436415140385662,47.62420963452767]],[[-3.436121111339379,47.6218868358639],[-3.436188803483927,47.62178375585325],[-3.436108103785471,47.62177918180904],[-3.436121111339379,47.6218868358639]],[[-3.436227265848226,47.62188097300489],[-3.436407616118454,47.62182585692728],[-3.436348034919848,47.621774961435776],[-3.436227265848226,47.62188097300489]],[[-3.436835786298313,47.62492694645554],[-3.436810590668274,47.62482899672866],[-3.436707682731484,47.62486177356452],[-3.43672962579915,47.62493280985846],[-3.436835786298313,47.62492694645554]],[[-3.437026988009589,47.62496154101058],[-3.437057040546485,47.6248786018105],[-3.43714425019853,47.624937002076905],[-3.437348981467703,47.62486247640143],[-3.43723900325901,47.62461568218954],[-3.437028851910373,47.62464535193341],[-3.437055956363617,47.624869630662026],[-3.436959813549126,47.62484784787187],[-3.436953568618144,47.62468563422851],[-3.436875032764212,47.62469900302158],[-3.436911070019735,47.62488666424136],[-3.437026988009589,47.62496154101058]],[[-3.436702532171047,47.62194503351726],[-3.436670833853344,47.621793256614914],[-3.436607478815234,47.62193222156968],[-3.436702532171047,47.62194503351726]],[[-3.437679847808183,47.626605251677596],[-3.437686612331107,47.6265506918418],[-3.437594803459312,47.6265647941327],[-3.437679847808183,47.626605251677596]],[[-3.437643399079552,47.6251984238833],[-3.437681299424432,47.62506989579926],[-3.437542918350156,47.62514075700984],[-3.437643399079552,47.6251984238833]],[[-3.438166936773836,47.62776141026981],[-3.438160430211585,47.62770758351989],[-3.438001181377195,47.62771638038145],[-3.438166936773836,47.62776141026981]],[[-3.438541514178494,47.62787618333609],[-3.438529584772926,47.62777750100392],[-3.43838820156507,47.62771306317374],[-3.438541514178494,47.62787618333609]],[[-3.438726220408238,47.62785694833206],[-3.438666630267121,47.6278060541813],[-3.438741916667458,47.62776577084678],[-3.438603786735352,47.62772824663623],[-3.43863115603928,47.62784413807042],[-3.438726220408238,47.62785694833206]],[[-3.438871942604729,47.62795727021826],[-3.438891976853003,47.62790197718831],[-3.438801250513418,47.627925051535016],[-3.438871942604729,47.62795727021826]],[[-3.439731021039163,47.62611262773539],[-3.439918144161108,47.626002946386926],[-3.439872909905395,47.625960290637785],[-3.439523289276753,47.62605185750457],[-3.439731021039163,47.62611262773539]],[[-3.439620774593541,47.6259742226108],[-3.439739122470174,47.62595865220448],[-3.439684126584449,47.625835256310324],[-3.439627537052713,47.62591966264488],[-3.439530306678331,47.62588891086246],[-3.439620774593541,47.6259742226108]],[[-3.440288373986546,47.626081829490204],[-3.440235546182576,47.62597637609034],[-3.440191142936094,47.62605107826046],[-3.440288373986546,47.626081829490204]],[[-3.440449787122646,47.626090971725816],[-3.440416990919378,47.62593022505179],[-3.440328184886748,47.62607962951376],[-3.440449787122646,47.626090971725816]],[[-3.440872266860641,47.62604956180889],[-3.440909075183923,47.62591206162566],[-3.440820522772309,47.62595307977993],[-3.440872266860641,47.62604956180889]],[[-3.441045613649806,47.626157385401505],[-3.441073490851402,47.626056503007256],[-3.440994954012507,47.62606987456108],[-3.441045613649806,47.626157385401505]],[[-3.441127908463044,47.62595415376685],[-3.441253267982871,47.62577563507822],[-3.441087264478567,47.62583899621975],[-3.441127908463044,47.62595415376685]],[[-3.441284650591108,47.625593279226706],[-3.441342322072641,47.625517843180866],[-3.441131084572004,47.625538549186224],[-3.441284650591108,47.625593279226706]],[[-3.44141843715802,47.62559491589004],[-3.441577929773744,47.62547772764857],[-3.441435213085227,47.62551270904169],[-3.44141843715802,47.62559491589004]],[[-3.442710895651505,47.62081827410206],[-3.442705718763849,47.62066503154626],[-3.442545655351928,47.62055647653209],[-3.442710895651505,47.62081827410206]],[[-3.443333397692693,47.621768246893105],[-3.443242093091093,47.621565579797306],[-3.443148123980876,47.621561744276725],[-3.443126421268626,47.62138232212294],[-3.442901342561114,47.62117802000991],[-3.443041133429732,47.621450255380026],[-3.442989979414558,47.62157951907466],[-3.443333397692693,47.621768246893105]]],[[[-3.435588186508623,47.62303159970162],[-3.435656226074877,47.62301429577639],[-3.435677608351705,47.62285958748311],[-3.435703622302214,47.623074895561864],[-3.435588186508623,47.62303159970162]]]]},"properties":{}}]}