{"type":"FeatureCollection","features":[{"type":"Feature","geometry":{"type":"Polygon","coordinates":[[[-3.477925206317992,47.65016872987026],[-3.478274919029074,47.65007704921416],[-3.478566244957409,47.649835079536295],[-3.47875537955202,47.649851664040376],[-3.47871463615964,47.64973652102609],[-3.478786472945387,47.64977768582945],[-3.478793198372098,47.64972312427599],[-3.479655196411608,47.64955781525874],[-3.479362215434397,47.64945669012857],[-3.479323654606764,47.649359488584295],[-3.478816824827977,47.649477966107405],[-3.478785731651351,47.64955194433801],[-3.478633149902418,47.64950623493416],[-3.47862607328138,47.64977756733041],[-3.478391477798646,47.64982672773136],[-3.478280553391728,47.65001351705099],[-3.477927566404999,47.65007828577512],[-3.477925206317992,47.65016872987026]]]},"properties":{}},{"type":"Feature","geometry":{"type":"Polygon","coordinates":[[[-3.473259457759073,47.64872998414334],[-3.472714634751716,47.64842607522279],[-3.472608431452747,47.648431971163674],[-3.472202010029107,47.64805715790236],[-3.472196368635502,47.648120689837114],[-3.471896677429544,47.64807410713603],[-3.471811383560896,47.64814206045949],[-3.47181536684131,47.64839471430758],[-3.471566405269463,47.64843562722232],[-3.471730973317126,47.64858002375323],[-3.471702051821456,47.64867194156373],[-3.471828074255079,47.64871913383605],[-3.471885916763744,47.64853529814564],[-3.472227806598012,47.64848922598604],[-3.472318741777678,47.64835774044052],[-3.47255077941202,47.64850742174552],[-3.472820650709474,47.648528564666826],[-3.472958671500073,47.64867443347991],[-3.473259457759073,47.64872998414334]]]},"properties":{}},{"type":"Feature","geometry":{"type":"Polygon","coordinates":[[[-3.460039178651311,47.64661841303554],[-3.460071597807693,47.64644502494448],[-3.459714472540151,47.64636546985956],[-3.459847650620866,47.64614134338912],[-3.45965548386831,47.645989430135586],[-3.45968768990519,47.645924427700244],[-3.459897698891969,47.6460031031181],[-3.460012819855923,47.64596059981786],[-3.459895074227554,47.64565103377505],[-3.459760148391157,47.645640447450916],[-3.459642422960013,47.645881780048505],[-3.459456787961612,47.64578369149641],[-3.459277468877679,47.645847813324764],[-3.459279430754393,47.64597414061609],[-3.459116865931257,47.645956053650245],[-3.459162347571329,47.645890315903],[-3.458818286573844,47.64591840820081],[-3.458835698925067,47.64606194176868],[-3.458561709006746,47.64589649752191],[-3.458484235564132,47.64591885154829],[-3.45851861941985,47.64587179113631],[-3.458413507837979,47.64588664503514],[-3.458511657374508,47.64603473722837],[-3.458343218239573,47.64618856611618],[-3.458451378576627,47.646309010416736],[-3.458686408996633,47.64604311878122],[-3.458704909289249,47.6461956232076],[-3.458857464495828,47.64624135870975],[-3.458919486613854,47.64620179818075],[-3.458733851831075,47.64610370849649],[-3.458943860117077,47.64618238562131],[-3.458799138687083,47.646091060573845],[-3.459031559174513,47.6460239977195],[-3.459141897387778,47.64616238308184],[-3.459293364519067,47.6461991471716],[-3.459213929208167,47.646095174403435],[-3.459339060842438,47.646025023770356],[-3.459448311475364,47.646154438000835],[-3.459606523388337,47.64613664114392],[-3.459604132422021,47.646227085052566],[-3.459721430955612,47.64620252372394],[-3.459663549067343,47.64638635361436],[-3.460037214952242,47.64649208579937],[-3.460039178651311,47.64661841303554]]]},"properties":{}},{"type":"Feature","geometry":{"type":"Polygon","coordinates":[[[-3.458349092627014,47.646016649194934],[-3.458112535883555,47.645939441678735],[-3.457944313425223,47.64598488440551],[-3.457626367659228,47.64567737487646],[-3.457557598563894,47.645771495173555],[-3.457492530247387,47.64567575679468],[-3.457416144706172,47.6457070809772],[-3.457494924768053,47.64558531290331],[-3.457282526095216,47.64559707704069],[-3.457212668502422,47.645682226274914],[-3.457017027622473,47.64561178166935],[-3.456916267908052,47.6456625176891],[-3.457002225861566,47.645820317238254],[-3.456821815772383,47.645875464431306],[-3.456723891222455,47.6456189851947],[-3.456638581957653,47.64568692752884],[-3.456639890029985,47.64558751278528],[-3.456404204864652,47.6456276582811],[-3.456318674352201,47.64580398598813],[-3.456134133547809,47.6457148630261],[-3.456270367614585,47.645626038799406],[-3.456230763794573,47.645519858570815],[-3.456086915308332,47.64554588662846],[-3.456035769797178,47.64567515442457],[-3.456019452894206,47.64554059128692],[-3.45585253944758,47.645486616269814],[-3.455955032268325,47.645670594150296],[-3.455879733602552,47.64571088820457],[-3.455778106789934,47.645644266755035],[-3.455837733170539,47.64569515170478],[-3.455722387415777,47.64584603650055],[-3.455669731690213,47.645632205553405],[-3.455779416464338,47.645544852018894],[-3.455579204790679,47.64554690710548],[-3.455639275285451,47.645381020919274],[-3.455463661178534,47.64525527829435],[-3.455496959574381,47.64519924787231],[-3.455328960057332,47.64513630121472],[-3.455074562930358,47.64513232463896],[-3.454911331048669,47.645439388707075],[-3.454861941743781,47.645252470014455],[-3.454438008668071,47.645393344853275],[-3.454319846864606,47.64530054437068],[-3.45410962355558,47.645330244528374],[-3.454078498543932,47.645404216341205],[-3.453911587487223,47.64535023854767],[-3.453987523454517,47.64553568789109],[-3.45411809799542,47.645510397305635],[-3.454274997302722,47.64559202238185],[-3.454377484886832,47.64577600163593],[-3.454424059738067,47.64571923661765],[-3.45446039750749,47.64579850477918],[-3.454605335025857,47.64578144961565],[-3.454503485156164,47.645823212662236],[-3.454622736000025,47.645924983821345],[-3.454777494316143,47.64543776751529],[-3.454959856671628,47.64550895086036],[-3.455068454725997,47.645412627100946],[-3.455220781521335,47.64556675298729],[-3.455336992944711,47.64553322516792],[-3.455284535032144,47.64576190736113],[-3.455343296199267,47.64569543607359],[-3.455466034027249,47.64571573341894],[-3.455381810694743,47.645792645712305],[-3.455424676122209,47.645925738853705],[-3.455541333012254,47.64567543963139],[-3.455540022891076,47.64577485435807],[-3.455644047320409,47.645751032164526],[-3.455559824188769,47.645827944584795],[-3.455738925668518,47.645872214062756],[-3.455750890944902,47.64597089370986],[-3.455925641924199,47.645979279391845],[-3.456006601379412,47.645875454089854],[-3.456235318946573,47.64599825536063],[-3.456206814269332,47.64587339827129],[-3.456261869014265,47.64599678510284],[-3.456416817922838,47.645952079947286],[-3.456324759807461,47.646074582409305],[-3.456396574387731,47.64611576105366],[-3.456445543704113,47.645968551388854],[-3.45653063326789,47.646008994801065],[-3.456530853664947,47.645900609205626],[-3.456697989150022,47.64584619764331],[-3.45686577280068,47.64601752790483],[-3.456941071154569,47.645977233221586],[-3.456944115462484,47.64611253140854],[-3.457190901405568,47.64605370787268],[-3.457136932440286,47.64593929234652],[-3.457358474129038,47.64578252416939],[-3.457702098984877,47.6459712073737],[-3.457505149933753,47.646000178335235],[-3.457579141451212,47.64605929797441],[-3.457726254856927,47.64606018066065],[-3.457780660926362,47.64595782472443],[-3.457899918321312,47.64605959253174],[-3.458349092627014,47.646016649194934]],[[-3.455459730397186,47.6455535225216],[-3.455384654246084,47.64548543064244],[-3.455491076088027,47.645371164723265],[-3.455459730397186,47.6455535225216]],[[-3.454255197370887,47.645538931930865],[-3.454203410187183,47.64544245680548],[-3.454280884731345,47.64542010561191],[-3.454255197370887,47.645538931930865]]]},"properties":{}},{"type":"Feature","geometry":{"type":"Polygon","coordinates":[[[-3.436816417744585,47.64587989160464],[-3.437069427623665,47.64554080911979],[-3.437240920352008,47.645522309589886],[-3.437152332577814,47.64556332454668],[-3.43717862325107,47.64567024419941],[-3.437454407807961,47.64551955293196],[-3.437521609345095,47.6456332445697],[-3.437624556840067,47.64560046736911],[-3.437563863246682,47.64554060207638],[-3.43780064692224,47.64550946562732],[-3.437838561314445,47.64538093884354],[-3.437863768535427,47.64547888730673],[-3.437948016620373,47.645401987629626],[-3.438157991490182,47.64548070213831],[-3.438079941076307,47.64527730041772],[-3.437939596789675,47.64522183367323],[-3.438099982647941,47.6452220080197],[-3.438180975635593,47.6451181950301],[-3.438351124489644,47.64519910842617],[-3.43835680587,47.6451355780345],[-3.438250605333853,47.64514144275853],[-3.438349212186967,47.64507278073689],[-3.438528296849673,47.64511707661125],[-3.438554275933634,47.644889868110134],[-3.43876858919846,47.645004465707245],[-3.438930059312942,47.64501360995345],[-3.438973395191056,47.644929937958544],[-3.439100464766571,47.644986136651596],[-3.439088530502292,47.64488745525108],[-3.43896254608312,47.64484022758026],[-3.439231556076731,47.64474409145056],[-3.438957377629241,47.644686986761066],[-3.43906466210615,47.64469009243114],[-3.439119102572846,47.644587745113846],[-3.439388685567297,47.64471735091982],[-3.439446380397523,47.64464191655681],[-3.439673139141195,47.64463842262256],[-3.4395192650226,47.644692076637995],[-3.439616529651649,47.64472282813027],[-3.439816993184156,47.64461241475993],[-3.439919683168948,47.64468802115586],[-3.439870669438595,47.64483522398987],[-3.440078728527391,47.64478760738703],[-3.440084407807118,47.64472407689776],[-3.440339887004464,47.64473705713665],[-3.440204967362743,47.64472644822705],[-3.44032903563844,47.64464734687624],[-3.440518139939777,47.644663993310964],[-3.440462616918986,47.64475737025151],[-3.440572071980859,47.64477841658637],[-3.440697225030937,47.64470828587052],[-3.440572324786988,47.64467003095379],[-3.440764937285659,47.64460520442398],[-3.440836737879728,47.644646392662075],[-3.440713755559896,47.644734465574366],[-3.440865205937695,47.644771253578334],[-3.440805342535536,47.64482874659487],[-3.440929410159105,47.6447496446108],[-3.441042121160742,47.64479760356562],[-3.441306785991807,47.64466557857795],[-3.441221961595984,47.644516738409465],[-3.441392113143197,47.64459764740259],[-3.441472013454645,47.64448486108095],[-3.441703112847835,47.64451724727231],[-3.441881363182315,47.64444418135864],[-3.441935297924368,47.644558604017895],[-3.441985391113654,47.64442037130868],[-3.442134670607716,47.64443921564952],[-3.442217825449828,47.64435334184144],[-3.442506365996038,47.64441867632991],[-3.442476310924308,47.64450161609327],[-3.442798163888471,47.64451092311587],[-3.442810104928699,47.644609604156734],[-3.443037111113578,47.64449771804695],[-3.443260364790726,47.64457568979429],[-3.443734062863364,47.64396249396705],[-3.443948383526973,47.644077082118706],[-3.444001728262845,47.64396576149819],[-3.44430596040718,47.64393991412545],[-3.444334926526626,47.643848002874435],[-3.444450896121721,47.64392287154112],[-3.444438952200929,47.64382419063266],[-3.444818243524455,47.64386644089528],[-3.444885946750244,47.643763357015594],[-3.44465292151737,47.64360464942442],[-3.444171532975987,47.64371253840864],[-3.444152584022116,47.6437768028862],[-3.444079696292035,47.64372664567136],[-3.443633540220203,47.64390483289319],[-3.443621104596726,47.64402292326981],[-3.443429583314342,47.644096725527554],[-3.443490281845856,47.64415658781829],[-3.443390597660156,47.64421628321124],[-3.443111827458337,47.644231689923075],[-3.44314247182218,47.64437449231491],[-3.442966394595473,47.6444655021605],[-3.442749655027502,47.644441355876616],[-3.442807344808103,47.64436591984329],[-3.442655645669332,47.64443752000516],[-3.442593862244524,47.64436868628306],[-3.442677016237768,47.64428281214501],[-3.442355164670582,47.644273504787634],[-3.442323437012079,47.64412173117161],[-3.441925194082888,47.64414373692016],[-3.441963683014198,47.644240951058784],[-3.441846630837394,47.64415710892147],[-3.441731248848341,47.644307980024394],[-3.441432439928128,47.64437867577542],[-3.441363643944949,47.64447278660345],[-3.441151246148541,47.644484521424765],[-3.441154753581135,47.64440304883391],[-3.441018749376369,47.64438346984229],[-3.440703408644353,47.64442798406165],[-3.440680367082316,47.64434797820649],[-3.440468801770448,47.64447706846223],[-3.440525409651194,47.644392662530805],[-3.44036962003946,47.644319989969766],[-3.440298652007676,47.644396158119484],[-3.440135013333324,47.64436907370291],[-3.440187859147092,47.64447452614432],[-3.440033986018646,47.644528180842144],[-3.440058873322579,47.64429200090621],[-3.439911256794418,47.64450786727464],[-3.439813992387339,47.64447711602423],[-3.439856241393616,47.64438447264622],[-3.439750042517121,47.64439033873537],[-3.439649014014335,47.64454944553997],[-3.439606189040206,47.64441634651859],[-3.439526284887749,47.64452913156833],[-3.439393535883275,47.64453646378926],[-3.439323076855837,47.644395860052974],[-3.439196837791819,47.64445701827069],[-3.438738982299219,47.644428119683134],[-3.438737640905477,47.64452753428375],[-3.438369197718596,47.644574974748174],[-3.438397659964668,47.64469983627019],[-3.438301223455716,47.6447864404351],[-3.438451587495021,47.64481426052217],[-3.438438055369193,47.64492337924858],[-3.438203701851678,47.64486407347151],[-3.43820235944973,47.64496348804342],[-3.438117285446641,47.64492303126351],[-3.438162792074634,47.64485730165707],[-3.438013512813813,47.64483845224591],[-3.438055249394995,47.644962580775854],[-3.438207783372661,47.64500834326562],[-3.437433492049118,47.64501497514287],[-3.437521819693758,47.64508234556995],[-3.43741019590663,47.645043354278116],[-3.437499608237355,47.645119695772195],[-3.437444079460313,47.64521307125616],[-3.437391238337405,47.645107617614414],[-3.437206471914903,47.64512685033553],[-3.437117059991567,47.64505050861742],[-3.43682040990994,47.64513913465427],[-3.436855636570758,47.64520943725634],[-3.436752949923989,47.64513382818812],[-3.436469835028597,47.645113334816855],[-3.43655030906954,47.6452262941544],[-3.43645846776595,47.64524039541577],[-3.436372310162757,47.64519096631152],[-3.436420249384686,47.64503479391165],[-3.436228976141873,47.64500019872272],[-3.436132535570419,47.64508680108415],[-3.436121691206599,47.6449970904495],[-3.435969159050173,47.64495132523623],[-3.435862958618363,47.644957187790695],[-3.435871633752032,47.64502895631954],[-3.436028765765007,47.645002220311106],[-3.43597215012502,47.645086624037106],[-3.435861611853172,47.64505660233084],[-3.435902259197837,47.64517176055036],[-3.435719660758429,47.64520893304938],[-3.435585003780596,47.645089933209626],[-3.435456590138724,47.64513314522813],[-3.435458495595553,47.64525947296069],[-3.435328176288873,47.64517635710454],[-3.435228481067718,47.64523604550207],[-3.435127965216956,47.64517837714927],[-3.43509681398154,47.64525234390956],[-3.435035039364142,47.64518350622009],[-3.435136903246662,47.64514176013048],[-3.435026365330527,47.64511173763491],[-3.435114953989062,47.64507072428029],[-3.434963506726006,47.6450339288289],[-3.435013090224974,47.64511247035234],[-3.434882507606831,47.645137739592755],[-3.435018511482164,47.64515732571906],[-3.435075685021656,47.64529866471956],[-3.434988180205473,47.645348649112165],[-3.435157504479276,47.645312210492705],[-3.435181622461577,47.64540118846718],[-3.435084359151989,47.64537043329409],[-3.434893905464617,47.64545319257985],[-3.43492127580256,47.64556908381905],[-3.435025309032155,47.64554527997974],[-3.435142353535763,47.64562912888963],[-3.43536395854569,47.6454724023946],[-3.435365863795336,47.645598730106364],[-3.435454716206022,47.64544933092744],[-3.435639221547268,47.64553848655838],[-3.435456621669705,47.64557565863924],[-3.435406510483085,47.64571388846583],[-3.435519218557366,47.64576185272393],[-3.435564992082265,47.645587738588354],[-3.435697481516368,47.64568879629155],[-3.435859477941527,47.64548117363177],[-3.435751107678723,47.64546909395512],[-3.435710460433767,47.64535393570085],[-3.435617271457778,47.645467450817215],[-3.435644347466492,47.64524921407195],[-3.435853233940704,47.64531896166189],[-3.43589605027815,47.645452061996096],[-3.436164807119372,47.64546431854115],[-3.436163984431697,47.64534696189532],[-3.436212223864699,47.64552491741646],[-3.436359596804825,47.64541744142302],[-3.436479073258091,47.64541084553621],[-3.436558463248575,47.64551483379267],[-3.436696898465908,47.645443974495684],[-3.436704490257255,47.64550677188853],[-3.436875983002726,47.64548827289391],[-3.436822621879421,47.64559959017248],[-3.436913379125384,47.64557651757388],[-3.43692205577252,47.645648286001574],[-3.436777112967589,47.64566531923158],[-3.436731343331259,47.64583943383496],[-3.436816417744585,47.64587989160464]],[[-3.437384777963194,47.64549630473365],[-3.437191333193117,47.64544376902864],[-3.437193762112593,47.64535332554534],[-3.437384777963194,47.64549630473365]],[[-3.437715572353261,47.64546900856641],[-3.437606117001549,47.645447959563306],[-3.437623989737926,47.645374725155555],[-3.437457920952978,47.64543808049607],[-3.437468201210581,47.64530204876322],[-3.437629672002686,47.645311194805046],[-3.437715572353261,47.64546900856641]],[[-3.437984587763289,47.64537287533906],[-3.437862942111016,47.64536153067377],[-3.43788081446597,47.64528829622342],[-3.437984587763289,47.64537287533906]],[[-3.435232290917687,47.64548870095274],[-3.435172684419103,47.64543780548445],[-3.435265610701537,47.64543267630482],[-3.435232290917687,47.64548870095274]],[[-3.43545823239957,47.64536785854872],[-3.435340103663698,47.64527503887417],[-3.435461748582379,47.645286386166426],[-3.43545823239957,47.64536785854872]],[[-3.437194021783357,47.645244939952626],[-3.437029297490424,47.64520888014576],[-3.437111377144266,47.64511403895162],[-3.43719319683553,47.64512758330063],[-3.437194021783357,47.645244939952626]],[[-3.435290255995485,47.64530488308737],[-3.435177549092209,47.645256918596985],[-3.435297025332161,47.64525032391828],[-3.435290255995485,47.64530488308737]],[[-3.440227176761851,47.64468909750292],[-3.44010795613693,47.6445873115884],[-3.440394578239679,47.6445263235874],[-3.440205220914268,47.64461806259234],[-3.440227176761851,47.64468909750292]],[[-3.440072471781854,47.64462539558426],[-3.439951912460423,47.64462302411814],[-3.439995246419058,47.644539351727225],[-3.44012908044685,47.64454098985137],[-3.440072471781854,47.64462539558426]],[[-3.441695515314815,47.64445445017203],[-3.441597164633478,47.64441472939047],[-3.441723400846387,47.64435356857813],[-3.441695515314815,47.64445445017203]],[[-3.443970835935451,47.64393134498895],[-3.443892519573763,47.64383633268049],[-3.443986527961717,47.643840167558],[-3.443970835935451,47.64393134498895]]]},"properties":{}},{"type":"Feature","geometry":{"type":"MultiPolygon","coordinates":[[[[-3.447912316021152,47.64370438826103],[-3.447725385531995,47.64370569570897],[-3.447650321850114,47.6436375987952],[-3.44760700062705,47.643721274064006],[-3.44738483047423,47.643652281552605],[-3.447141303612288,47.64373799735288],[-3.447279959343076,47.64355873974357],[-3.446985746676955,47.64355694787951],[-3.446990331371483,47.64348444604427],[-3.446747215570985,47.64364898769031],[-3.446415422372902,47.64337174038654],[-3.446757541334463,47.64321735689946],[-3.447413660450463,47.64311785565772],[-3.448019836717398,47.64359910000184],[-3.447912316021152,47.64370438826103]],[[-3.447380724246345,47.64350801197821],[-3.447362257248633,47.64335550554711],[-3.447448422067293,47.643404926594556],[-3.447456265038784,47.643359337633925],[-3.447395562965189,47.64329947737868],[-3.447254974972532,47.64335240749356],[-3.447366841414309,47.643283003689504],[-3.447265229853964,47.64321637475218],[-3.447196445656062,47.64331048907108],[-3.447380724246345,47.64350801197821]]],[[[-3.44675121504081,47.643652329634676],[-3.446932408574775,47.643668269885964],[-3.446861450777459,47.64374444204729],[-3.44675121504081,47.643652329634676]]]]},"properties":{}},{"type":"Feature","geometry":{"type":"Polygon","coordinates":[[[-3.434704774825255,47.6449940236063],[-3.434557399721552,47.64510149753627],[-3.434630810130704,47.64493488945214],[-3.434532728897052,47.644786777121546],[-3.43466574399517,47.644671064804584],[-3.434390221311674,47.64471336394025],[-3.434491819645171,47.644780004021555],[-3.434347962555328,47.64480600532577],[-3.434334134340275,47.64458099564357],[-3.43418160490635,47.64453522808691],[-3.433962168446391,47.64470989458632],[-3.433728904866549,47.64465955091316],[-3.433978144001994,47.644510332910265],[-3.433954028429059,47.64442135464611],[-3.43379147692881,47.6444032324326],[-3.433866790425403,47.644362952586555],[-3.433735391768602,47.64427086382715],[-3.433829400191357,47.64427470687587],[-3.433831834755741,47.6441842634075],[-3.433770880410505,47.64423278174889],[-3.433680390893325,47.64414746627605],[-3.433575275799249,47.644162297844],[-3.433593153636907,47.644089064003886],[-3.433360709619681,47.64415607632319],[-3.433342831440565,47.644229310125205],[-3.433208182235227,47.644110307485704],[-3.433072997561593,47.64420807598585],[-3.433127449028191,47.644105731434806],[-3.432993616307509,47.644104085290614],[-3.432970586444653,47.64402407790199],[-3.432754668361631,47.64411726982319],[-3.432818606528541,47.64420405095267],[-3.432664726771072,47.644257695953236],[-3.432688562727176,47.64401254645455],[-3.432612165010413,47.64404385444778],[-3.432552831715714,47.64388457194566],[-3.432429023029395,47.643855279410225],[-3.432519779208238,47.64383221020329],[-3.432419268929106,47.643774539478244],[-3.432465865389882,47.64371778315547],[-3.432139414129593,47.6437809489114],[-3.432126409271467,47.64367329563143],[-3.432064370232757,47.643712841988695],[-3.43180483383222,47.64355557353337],[-3.43182000400815,47.64323865522745],[-3.431513602568583,47.64324652786968],[-3.431493554914455,47.64330181919465],[-3.43161085994895,47.64327728604904],[-3.431440997018919,47.64353049093863],[-3.4314344953183,47.6434766642537],[-3.431331548118745,47.64350943603671],[-3.431427181391826,47.643305480763225],[-3.431178212630962,47.64334630773205],[-3.431170083858551,47.64350028128292],[-3.431088268191369,47.6434867327049],[-3.431129715626702,47.64371924946646],[-3.43103787548466,47.64373334647828],[-3.431091786256656,47.64384777418405],[-3.430920296778582,47.64386626470513],[-3.430926798007999,47.64392009140776],[-3.431086096364124,47.643911304264805],[-3.431114541214545,47.64403616760351],[-3.43093871696266,47.644018773691066],[-3.430820864771089,47.644260077438275],[-3.430743927621198,47.64406564180632],[-3.430630681431563,47.644234444187745],[-3.430403650356577,47.64434630620822],[-3.430272257717335,47.644254213553594],[-3.430184750114664,47.64430419437607],[-3.430156307297006,47.64417933082844],[-3.429998091376309,47.644197087826846],[-3.430118923327706,47.64409108392205],[-3.430018415155713,47.644033411139546],[-3.429654300945927,47.644116708633554],[-3.429629109437274,47.644018758330425],[-3.429713367083333,47.643941864532586],[-3.429810624693324,47.643972624199314],[-3.429830948962247,47.64380894752549],[-3.429516685596802,47.643862402694324],[-3.429651875910294,47.643764638291216],[-3.429535927424319,47.64368975493136],[-3.429545144240032,47.64354475264093],[-3.429651617535956,47.64343051014658],[-3.429738849401924,47.64348891538151],[-3.429794389867292,47.64339554347596],[-3.429920362760833,47.64344278106719],[-3.429949613625504,47.64368500151802],[-3.430056895563017,47.643688115460435],[-3.430036846233643,47.643743406522745],[-3.430098886810431,47.64370386124266],[-3.430055263850433,47.64389591565769],[-3.430144937717621,47.6438638771706],[-3.430181238156129,47.643943152955366],[-3.430266578314451,47.6438752298797],[-3.430147639988178,47.64410756184371],[-3.430309105910466,47.64411671800748],[-3.430287437193779,47.643937295561926],[-3.430544540054636,47.64374249702867],[-3.430454319927021,47.64399130713896],[-3.430678371792852,47.643744145978324],[-3.430581387192852,47.643605001360086],[-3.430431030664741,47.643577171127795],[-3.430489820381843,47.643510712266476],[-3.430658868960011,47.643582665808594],[-3.430747458436721,47.64354165573267],[-3.430661308866461,47.64349222237379],[-3.430800830175021,47.64343034110954],[-3.430753421436131,47.643369739972364],[-3.4309238258491,47.643342278571794],[-3.430741502969092,47.64327105763686],[-3.430892403716482,47.643082116079434],[-3.431047365407165,47.643037444500145],[-3.431100191943588,47.64314290112403],[-3.431276556720194,47.64294352338938],[-3.431878248852279,47.64294645312944],[-3.432019664558495,47.64301089833084],[-3.432029417914593,47.64309163832826],[-3.431923220751123,47.64309749730758],[-3.432052445963949,47.64317164594119],[-3.43199149115756,47.64322016337985],[-3.432164061920862,47.64321064238919],[-3.432173815531943,47.64329138236617],[-3.432367247559395,47.64334392643666],[-3.432270264390129,47.64364729704703],[-3.43239596451204,47.64336040381215],[-3.432498910770387,47.64332763108878],[-3.432518688235866,47.643380725285475],[-3.432604024519486,47.643312800482704],[-3.432577206098524,47.64342265105818],[-3.432770638998998,47.64347519445727],[-3.432753575396115,47.64366578497452],[-3.432864755230186,47.64369414401911],[-3.43277768862593,47.64375476352142],[-3.432850565770583,47.64380492778532],[-3.432697771031986,47.643867543939905],[-3.432862488257097,47.643903609878265],[-3.432953512607302,47.643772154668994],[-3.432889079965881,47.64370034859971],[-3.433015551056032,47.64373260784085],[-3.433032345629877,47.64365040297134],[-3.433194894579081,47.64366852624804],[-3.433397000583548,47.64379283737655],[-3.433550878264373,47.64373919139863],[-3.433690130088334,47.64378569236522],[-3.433573908874318,47.64381919868473],[-3.433599107529649,47.64391714814741],[-3.433865688045531,47.643911467806056],[-3.433768161587768,47.643989097175705],[-3.434011711073332,47.64390340926045],[-3.433994651766163,47.64409399991648],[-3.434160720479876,47.64403064945389],[-3.434089743970691,47.64410681384371],[-3.434231165422721,47.64417125632955],[-3.434534319318598,47.644136463317494],[-3.434805792777973,47.64439240753187],[-3.43483562163504,47.644860368953466],[-3.43510085855142,47.64495410033046],[-3.435055348069285,47.64501982874105],[-3.434913923373,47.64495538728122],[-3.434704774825255,47.6449940236063]],[[-3.429922515120811,47.64390323712084],[-3.429992413926642,47.643818104128336],[-3.4298485572378,47.643844099905955],[-3.429922515120811,47.64390323712084]],[[-3.4302988076312,47.644252749193825],[-3.430398506529188,47.64419306497195],[-3.430291223556571,47.644189951344025],[-3.4302988076312,47.644252749193825]],[[-3.430451606287686,47.644190136188925],[-3.43054155358828,47.64404971175757],[-3.430437521274448,47.6440735116233],[-3.430451606287686,47.644190136188925]],[[-3.430562685989416,47.644003391737414],[-3.430680265888391,47.64387047387992],[-3.430552934685904,47.643922651655885],[-3.430562685989416,47.644003391737414]],[[-3.432359667028244,47.64372364252958],[-3.432477241834817,47.64359072284444],[-3.432347745511787,47.64362496037608],[-3.432359667028244,47.64372364252958]],[[-3.433302725474032,47.643897379645075],[-3.43333062658081,47.64379650002547],[-3.433233099554784,47.64387412895316],[-3.433302725474032,47.643897379645075]]]},"properties":{}},{"type":"Feature","geometry":{"type":"Polygon","coordinates":[[[-3.423925640057443,47.64503756483708],[-3.424200662398482,47.64476954803798],[-3.424222372618781,47.64450645798005],[-3.424433406176014,47.644594168363376],[-3.424519837166029,47.64453522068248],[-3.42452957945298,47.644615961241534],[-3.424705688615718,47.64452497918861],[-3.424978768422334,47.644573146154734],[-3.424999107740607,47.64440947037285],[-3.424820321484462,47.644256768127626],[-3.424884816249776,47.64412678234393],[-3.424820606281889,47.64414838250184],[-3.424726086207271,47.64391878976052],[-3.424802488371387,47.643887486921706],[-3.424845275996321,47.64402059140315],[-3.425055226099889,47.64409932951311],[-3.425230534041399,47.64389098983285],[-3.425178002433292,47.64367714494329],[-3.425075849280334,47.64382726803306],[-3.425072885903141,47.64369196886587],[-3.424937971941496,47.64368134232212],[-3.424858607324468,47.64357734607217],[-3.424650539377162,47.64362493560261],[-3.424452784154788,47.64353649405047],[-3.42439182202234,47.643585007515085],[-3.424414327632985,47.643439274110435],[-3.424145869856028,47.643318604854684],[-3.423940762763123,47.6435014923412],[-3.423832399219941,47.643489401598174],[-3.423669279733856,47.64368803661118],[-3.423727790980399,47.643729966808934],[-3.423616975169606,47.643808319146586],[-3.423698502358326,47.64393025859527],[-3.423777069815467,47.64391689879512],[-3.423661350109963,47.64417613769698],[-3.423578453004509,47.64415361268207],[-3.423510708124793,47.644256684190715],[-3.423567850218249,47.644398028886805],[-3.423713876131415,47.64438998321283],[-3.423670516765597,47.644473649570244],[-3.423756948403149,47.644414702449964],[-3.423641514714924,47.64456555566537],[-3.42377397902868,47.64466662694088],[-3.423717852626107,47.64497676709363],[-3.423766337160671,47.64504634221267],[-3.423780981678175,47.64494619637269],[-3.423925640057443,47.64503756483708]],[[-3.424302023230346,47.64450206900731],[-3.424231318019273,47.644469841783014],[-3.424312336844742,47.644366038367544],[-3.424302023230346,47.64450206900731]],[[-3.423928219584989,47.644062094401164],[-3.423832334355401,47.643931915386204],[-3.423950726662944,47.643916361121995],[-3.423928219584989,47.644062094401164]]]},"properties":{}},{"type":"Feature","geometry":{"type":"Polygon","coordinates":[[[-3.483465103490171,47.63354108555503],[-3.483470895566702,47.63336916625097],[-3.48365904640259,47.6332683859329],[-3.483632668731286,47.63316147606879],[-3.483899519680427,47.63293890881074],[-3.483995097687353,47.63262652305134],[-3.484176691367405,47.63247191780512],[-3.484473192358376,47.63238317097266],[-3.484789354776019,47.632455895428485],[-3.484870237566466,47.63235204940628],[-3.48498842381261,47.632444819610804],[-3.485021683219975,47.63238878040646],[-3.485105680370176,47.63242023262561],[-3.485098195824808,47.632249051553146],[-3.485315066898973,47.632164733016914],[-3.485064006581106,47.632187733703184],[-3.485044948519804,47.63236039159754],[-3.484914583515804,47.63227733050599],[-3.48463479536429,47.63228386571002],[-3.484722395342962,47.63212545739236],[-3.484638398882518,47.63209400489283],[-3.484638235619661,47.632202391310756],[-3.484554239087739,47.63217093875194],[-3.483971996330624,47.63254652525566],[-3.483802415989588,47.632799807620486],[-3.48366314919616,47.63275336612176],[-3.483522624963095,47.63280634015902],[-3.483486252879554,47.63272708050646],[-3.48344124177401,47.63323534431714],[-3.483292739178653,47.6334422960209],[-3.483302568347415,47.633523032121865],[-3.483465103490171,47.63354108555503]]]},"properties":{}},{"type":"Feature","geometry":{"type":"Polygon","coordinates":[[[-3.429541343932997,47.64373461058533],[-3.429208389620523,47.643743941368456],[-3.429319197087506,47.6436655837254],[-3.429224106814968,47.64365276591279],[-3.42919350011238,47.643509959819234],[-3.429032566952867,47.64372654458503],[-3.429344958222384,47.64310424889971],[-3.429286443248394,47.64306232150131],[-3.429191078144501,47.643157889356225],[-3.429026365702737,47.64312181822823],[-3.428887926324772,47.643192668522765],[-3.42878958750352,47.643152936935216],[-3.428812080921808,47.64300720265097],[-3.42865603430786,47.64304290012431],[-3.428683414499182,47.642716279001824],[-3.428840543303147,47.642689552627935],[-3.42868721778603,47.642526420984815],[-3.428731121394725,47.64222598120024],[-3.428602986199676,47.642160800003644],[-3.428413894487747,47.64214413426371],[-3.428439082880919,47.64224208492434],[-3.428288731310189,47.64221425191554],[-3.427873416198827,47.642426799777596],[-3.427934899923844,47.64260402707816],[-3.427848197194495,47.6427713630612],[-3.427798626416374,47.64269281840202],[-3.427747940411968,47.6430478165592],[-3.427632800042818,47.64309028813228],[-3.427562060755397,47.64350057678878],[-3.427564819038731,47.64285923380008],[-3.42751035817576,47.64296157582493],[-3.427449678930734,47.64290170519687],[-3.427271657460335,47.64330887738091],[-3.427223449845797,47.643130917964605],[-3.427299849416908,47.64309961347999],[-3.427223729756266,47.64302253226956],[-3.427142718633916,47.64312633777625],[-3.427140832939255,47.643000009768556],[-3.427030303958756,47.642969979675314],[-3.427197460333368,47.642915610230524],[-3.427134615731255,47.64283779712432],[-3.427232429625398,47.64265178752934],[-3.427068802934023,47.642624684789546],[-3.427113238339718,47.642549988249414],[-3.426980772955613,47.642448920648334],[-3.426678706519021,47.64249266525597],[-3.426610449255733,47.64236999603331],[-3.426580089418431,47.6425613175202],[-3.42642079435048,47.64257009852606],[-3.426398056588282,47.6423817040492],[-3.426374192462618,47.6426268524718],[-3.426205953433195,47.64267224958045],[-3.426202423291494,47.642753721794485],[-3.426074289917997,47.642688537842645],[-3.426081868816798,47.64275133601512],[-3.425919325077783,47.64273320283437],[-3.425816941457445,47.642549198340085],[-3.425735928317135,47.642653002896914],[-3.425666307318652,47.64262974768108],[-3.425703399904736,47.64282638178757],[-3.425475848808082,47.64271249173336],[-3.42533740577819,47.642783337836086],[-3.425464790688151,47.6422886516478],[-3.425365089830297,47.64234833171892],[-3.425244820234482,47.642237559340614],[-3.425374601408645,47.64209494391369],[-3.425431746124159,47.64223628785714],[-3.425510310653355,47.642222926879775],[-3.425437726102465,47.64206437225183],[-3.425562093355448,47.64187690071741],[-3.425451619024584,47.64140435484464],[-3.424961093635504,47.64077213819718],[-3.424892557888995,47.640757853684576],[-3.424916656697786,47.64084683398781],[-3.425048031705229,47.64093893282781],[-3.424944003005897,47.64096272784077],[-3.424629809755749,47.64057365548547],[-3.424143568731414,47.64041983450419],[-3.423734589016538,47.639909551720265],[-3.422887580043134,47.639423402450895],[-3.422827703273833,47.63948088641525],[-3.420802092383117,47.63886097534749],[-3.420266322079267,47.63862859027944],[-3.419600573758427,47.638204683086585],[-3.419244452277207,47.63779984608995],[-3.418824832155599,47.636757317532016],[-3.418530766772534,47.63631293857813],[-3.417853467057699,47.63568195087022],[-3.417870282451367,47.63559974783811],[-3.417793888085842,47.635631046278576],[-3.417701575610085,47.635419389397185],[-3.417607284549413,47.635523919454016],[-3.417523921460135,47.63527564655529],[-3.417376838465059,47.63527471324871],[-3.417215701706914,47.63515715305943],[-3.417181888863008,47.634987429335084],[-3.416986039389878,47.63502530344781],[-3.417028320537524,47.63493266787346],[-3.416790791749074,47.634846404979875],[-3.416693859525097,47.63470724819411],[-3.416389968522884,47.63462463765333],[-3.416172630752911,47.63404056855421],[-3.416186205640004,47.63393145179455],[-3.416255811161052,47.633954712763995],[-3.416194678439907,47.6336690923314],[-3.41631161970628,47.63297631451941],[-3.416057715318336,47.63242135041086],[-3.416258960094076,47.63242833433544],[-3.416494491452616,47.63283078587415],[-3.416344697677049,47.63380532721828],[-3.416440420311289,47.63437802903629],[-3.417078469198757,47.63479444515861],[-3.417337138469467,47.63483438962169],[-3.417531306790762,47.63500431589511],[-3.417723613224958,47.63504791315088],[-3.417951897582596,47.63527917614673],[-3.418411230308374,47.635542871077256],[-3.418991785827201,47.63636883026118],[-3.419584941803889,47.637853342424684],[-3.419910192719207,47.63822375540112],[-3.420545069596746,47.6386132380291],[-3.423004086853152,47.639281520789226],[-3.423840271998522,47.639677957228294],[-3.424448361335287,47.64017726709954],[-3.424511995871196,47.6403724387954],[-3.424606281973763,47.64026790342882],[-3.424826243697376,47.64031899699047],[-3.42508682627838,47.64048525239807],[-3.425095201972887,47.64066540772198],[-3.425195982497092,47.640614699014485],[-3.425324109818413,47.64067988399977],[-3.425310551898934,47.640789001438925],[-3.425424606601098,47.64073756092074],[-3.425683027896917,47.640885872598325],[-3.42611396946049,47.641467185983274],[-3.42624450238828,47.6418844407544],[-3.426325231644296,47.641889021566335],[-3.426238806934446,47.641947970663836],[-3.426441171712239,47.641963908182376],[-3.42639729902035,47.64182183297436],[-3.426465555092531,47.64194450235646],[-3.426778446610497,47.641990469934115],[-3.426683078930659,47.64208603579523],[-3.426694708648134,47.64229310434641],[-3.426888973420501,47.642020500280914],[-3.426801747073986,47.641962092873776],[-3.427049349619581,47.64202068979603],[-3.427027692713936,47.64184126655052],[-3.427147965117404,47.641952037116425],[-3.427228974446882,47.64184823154274],[-3.427409121963013,47.641901515693476],[-3.427390677241075,47.64219152017337],[-3.427500401226951,47.64210419303375],[-3.427578685859632,47.642199216412884],[-3.427565690587453,47.64209156253692],[-3.427845741698399,47.64213794860064],[-3.427833345607204,47.64209486710974],[-3.427993722033119,47.64209505532859],[-3.428116997352149,47.64189860992418],[-3.428598124866846,47.64189917275235],[-3.428833537834755,47.64196746903158],[-3.428881749767576,47.64214542789117],[-3.429004469358933,47.642165753068426],[-3.428970061865828,47.64221280488295],[-3.429092781645764,47.64223312996676],[-3.429528654814546,47.64263354346886],[-3.429472031406758,47.642717944149055],[-3.429226589421639,47.642677294659286],[-3.428950243516565,47.64304473814349],[-3.429007951293631,47.6429693088697],[-3.429058607316117,47.643056824142846],[-3.429202462267445,47.64303082932716],[-3.429233620376065,47.642956864053],[-3.429242286268722,47.64302863314849],[-3.429460647992413,47.64284500422506],[-3.429537853916478,47.642931055119746],[-3.429696066236705,47.64291329873284],[-3.429674658583483,47.643068004326935],[-3.429368789960885,47.64330161386647],[-3.4295435280435,47.6433100390152],[-3.429564385860937,47.64337210484475],[-3.429373930745337,47.64345485521913],[-3.429331388645332,47.643655880521386],[-3.429541343932997,47.64373461058533]],[[-3.427846840860159,47.64214176863418],[-3.427626089953326,47.64225981887504],[-3.42760684246256,47.64243246645181],[-3.427653442869715,47.64237571200873],[-3.427725230343153,47.64241690835094],[-3.42774203265236,47.64233470418578],[-3.427863669252283,47.642346059405455],[-3.427776441306825,47.64228765273587],[-3.427879388332529,47.64225488406441],[-3.427846840860159,47.64214176863418]],[[-3.418021989713655,47.63552817953022],[-3.417972440124265,47.63544963040763],[-3.417940189606234,47.63551462168974],[-3.418021989713655,47.63552817953022]],[[-3.426739665324557,47.64244415057064],[-3.426853722186638,47.642392708701614],[-3.426702288220874,47.64235590249156],[-3.426739665324557,47.64244415057064]],[[-3.427407165242829,47.64266021587587],[-3.42748953744453,47.642456995588276],[-3.42738767270485,47.64249873506921],[-3.427407165242829,47.64266021587587]],[[-3.428758175887399,47.64289277384338],[-3.428828075227172,47.64280764150269],[-3.42871185309067,47.64284114300301],[-3.428758175887399,47.64289277384338]],[[-3.428930469726061,47.642991643333545],[-3.428973819640775,47.64290797495993],[-3.428890922263101,47.642885453699236],[-3.428930469726061,47.642991643333545]],[[-3.428940517332534,47.64252148387443],[-3.429096838334144,47.642377400275606],[-3.429016384366951,47.642264435637834],[-3.428847872120469,47.64241822229859],[-3.428940517332534,47.64252148387443]]]},"properties":{}},{"type":"Feature","geometry":{"type":"Polygon","coordinates":[[[-3.438800895042462,47.62526994528731],[-3.438804404799756,47.62518847195691],[-3.438921666670103,47.62516393124167],[-3.43887318044203,47.62509436169667],[-3.438991526586063,47.625078792040775],[-3.438920009802453,47.62492921551552],[-3.439009390601989,47.62500555664898],[-3.439122569503238,47.62483674446836],[-3.439439964986637,47.62481017631773],[-3.439675825525517,47.624661677855414],[-3.439430458791921,47.62462104942135],[-3.439439135417035,47.62469281844053],[-3.439327552864657,47.62465382856895],[-3.43932729762595,47.624762215321404],[-3.439220053183791,47.62475910986047],[-3.439276642129548,47.62467470367294],[-3.439167228799203,47.62465365590567],[-3.438948146389026,47.62471994681693],[-3.439314793433841,47.62443778825987],[-3.43926413826579,47.62435027659137],[-3.439647304715931,47.624094297123015],[-3.439620189769335,47.623870018906445],[-3.439498592768845,47.62385867581775],[-3.439544334533545,47.623684558150096],[-3.439307648680692,47.62371569848439],[-3.439230454799122,47.62362965319122],[-3.439519134520166,47.62358660894497],[-3.439545928690952,47.6234767556499],[-3.43937450758234,47.623495258773865],[-3.43947224338533,47.623309237074466],[-3.439115047939551,47.623338004912945],[-3.439218206914582,47.62319683909699],[-3.439057887225156,47.6231966662835],[-3.438981778967279,47.62311959194101],[-3.438991539219028,47.623200332187174],[-3.43883230396714,47.623209130202234],[-3.438804424017158,47.62331001220928],[-3.438680659617965,47.62328072598664],[-3.438477848098634,47.623481583163404],[-3.438485438861672,47.623544381154076],[-3.438646844016611,47.62355352589314],[-3.438581323203056,47.62367454951447],[-3.438675039145751,47.62378677551064],[-3.438766842954515,47.62377267235051],[-3.438770668019491,47.6240253304915],[-3.438608176990619,47.62400721478773],[-3.438552101315393,47.62387484709804],[-3.438402109252081,47.62418115834628],[-3.438307308814092,47.624059961013316],[-3.43821550438987,47.62407406381014],[-3.438289701494337,47.62402480954809],[-3.438185711659932,47.6240486165589],[-3.438266672356387,47.623944802372584],[-3.438000192017673,47.623950492813734],[-3.437901623732014,47.62401915529121],[-3.438008092868488,47.62434742230008],[-3.438135112433859,47.62440362264148],[-3.438063909888178,47.62458817697819],[-3.438218039420245,47.624868655710934],[-3.438163359732639,47.62507939038499],[-3.438286043623914,47.62509970599269],[-3.438178798564321,47.62509659957624],[-3.438114359163304,47.62522659397603],[-3.438201570540573,47.62528499344253],[-3.438522479334345,47.62517695447838],[-3.438647332500073,47.62521521197222],[-3.438778120957513,47.62508155153639],[-3.438800895042462,47.62526994528731]],[[-3.4387729549461,47.624928309142135],[-3.438662456841128,47.62489828977234],[-3.438663797881641,47.62479887416284],[-3.438869354815265,47.62484170369794],[-3.4387729549461,47.624928309142135]],[[-3.438708971707318,47.62439901224741],[-3.438542141871869,47.62434501191319],[-3.438604667011505,47.624088688161706],[-3.438795610550968,47.62423166661687],[-3.438809708588835,47.62434829137136],[-3.438708971707318,47.62439901224741]],[[-3.439234600307167,47.62421644283457],[-3.439029045488143,47.62417361392851],[-3.439234855731472,47.6241080560519],[-3.439234600307167,47.62421644283457]],[[-3.439036892824336,47.62412802507987],[-3.43889334971946,47.62404564547232],[-3.4388446083285,47.624084462664726],[-3.438808308528619,47.62400518875768],[-3.439183627539105,47.62379479960719],[-3.439329084275123,47.62400350792727],[-3.439281427779357,47.62405129643398],[-3.439180947439696,47.62399363093568],[-3.439233771198267,47.62409908492009],[-3.439036892824336,47.62412802507987]],[[-3.438781709836678,47.62356413671811],[-3.438669045697186,47.6235161750561],[-3.438839382662948,47.62348870182943],[-3.438781709836678,47.62356413671811]],[[-3.438877022767778,47.62346856006791],[-3.438843976697857,47.6234161995619],[-3.438986689479455,47.62338122129723],[-3.438877022767778,47.62346856006791]]]},"properties":{}},{"type":"Feature","geometry":{"type":"Polygon","coordinates":[[[-3.449187591910479,47.62334095507098],[-3.449300353839145,47.6228380012365],[-3.449299413905171,47.62327154869854],[-3.449370810691284,47.62297860052262],[-3.449573962279671,47.62311185603855],[-3.449460672483241,47.622838159990835],[-3.449562247995593,47.62290478772076],[-3.449554644293489,47.62284199042996],[-3.449677327376646,47.62286229409579],[-3.449801481228493,47.623225700309106],[-3.449869382481624,47.62301422557604],[-3.450209575230686,47.62317601992448],[-3.450228742678379,47.62300336691305],[-3.45034599449597,47.62297881470112],[-3.450392088213785,47.6231388243585],[-3.450421265274544,47.62293852373918],[-3.450617668473306,47.62312633811269],[-3.450557915578846,47.62263293135598],[-3.450651887106554,47.6226367609127],[-3.450649946503635,47.62251043195216],[-3.450527961322107,47.622164968578915],[-3.450462857674452,47.62262013068939],[-3.450570720077879,47.622848970635076],[-3.450448036685564,47.62282866790755],[-3.450323646453416,47.622573649204746],[-3.450413272336819,47.62254159480998],[-3.450280192119612,47.622214807731304],[-3.45016682084021,47.62249201785104],[-3.450073935924034,47.62249715894226],[-3.450091936705771,47.62286644035629],[-3.449888550971461,47.622841572606106],[-3.449868145203735,47.622562735972004],[-3.450032574795187,47.62270716499035],[-3.450034980924386,47.622616720177696],[-3.449862713763897,47.62251788077088],[-3.449901902835559,47.622289932680566],[-3.44977270338106,47.622215802990105],[-3.449600203630248,47.622225350091426],[-3.449535795507407,47.62235535098296],[-3.449731725236503,47.6227599406794],[-3.44948791502125,47.6225115305935],[-3.449376094863605,47.62258093717349],[-3.449366935532864,47.62272594259513],[-3.449344125245887,47.622537550659715],[-3.449210346098689,47.62253592307201],[-3.449107214824085,47.62267709776017],[-3.449129789006631,47.62297387660105],[-3.448996244372163,47.622863861895674],[-3.449004318586563,47.622709885465945],[-3.448924702524351,47.62271429132715],[-3.448899014167271,47.622833117863955],[-3.44906344196957,47.62297754822662],[-3.449187591910479,47.62334095507098]]]},"properties":{}},{"type":"Feature","geometry":{"type":"Polygon","coordinates":[[[-3.451126483638954,47.623025923340876],[-3.451333591996258,47.622860928256856],[-3.451405371498212,47.62290211046329],[-3.451391477061339,47.62267710025625],[-3.451523939592956,47.62277814120974],[-3.451631015177835,47.622338716761995],[-3.451752381291573,47.62245843413514],[-3.451784812690933,47.62228504617688],[-3.451916418032936,47.62226872877129],[-3.452150000007798,47.622653168444785],[-3.452211999691297,47.62261361099347],[-3.452303569021951,47.62270788407876],[-3.452450617989371,47.622708773417806],[-3.452354701566361,47.62257861638069],[-3.452460855665723,47.622572738769094],[-3.452512617514693,47.622669215808024],[-3.452442609997321,47.622311844580764],[-3.452569639913079,47.62236802928244],[-3.452478527748463,47.62205698254661],[-3.45257467186706,47.62207875259356],[-3.45258096395882,47.62224096561585],[-3.45264101754554,47.622075078971726],[-3.452889642990348,47.622142592748375],[-3.453129979644444,47.622472469656806],[-3.453273767399091,47.62244644492886],[-3.453276168025288,47.6223560000374],[-3.453167840768095,47.62234393636997],[-3.453070836431966,47.622204808885556],[-3.453179163384923,47.62221687264381],[-3.45312414028888,47.62209348284223],[-3.453280109297538,47.62205775230564],[-3.453339706952849,47.622108639150845],[-3.453336673148822,47.621973339190255],[-3.452994077511134,47.6219019987613],[-3.453064315519796,47.62215098281294],[-3.45285377918273,47.62184654926097],[-3.452776338252037,47.62186889978077],[-3.452803735318215,47.62198478824159],[-3.45272000166025,47.621844925692685],[-3.45263689877271,47.621930807973435],[-3.452625172867445,47.62172373983739],[-3.452375463016,47.62164725446227],[-3.452234707962452,47.6218085781051],[-3.452351269885052,47.62210918466412],[-3.452209885007786,47.62204476337684],[-3.452266850352562,47.62229448256813],[-3.452170935121948,47.62216432535241],[-3.452116542545669,47.62226667993612],[-3.452012164080233,47.62195636748813],[-3.451977560349865,47.6221118134938],[-3.451868377030564,47.62198239066945],[-3.451662360316348,47.62215635780153],[-3.45149443783598,47.62209340488061],[-3.451451534834863,47.62251121426089],[-3.451241399672896,47.622540909608176],[-3.451201822981493,47.622434726407434],[-3.451168534276973,47.622490756265016],[-3.451070217011853,47.6224510430064],[-3.451020167962163,47.62258928117987],[-3.450987110526716,47.62253692408654],[-3.450926196491616,47.62258545191937],[-3.450740890574082,47.62237896143532],[-3.450674312197171,47.62249102087986],[-3.450758895929561,47.62274824276894],[-3.450841771259544,47.62277074874797],[-3.450798935850519,47.62263765233128],[-3.450922705405341,47.62266692572205],[-3.451126483638954,47.623025923340876]]]},"properties":{}},{"type":"Feature","geometry":{"type":"Polygon","coordinates":[[[-3.455689601574426,47.62298094975327],[-3.455725282337795,47.622834473701744],[-3.455949551265652,47.622921393060146],[-3.456147724446817,47.62279300846446],[-3.45611139983144,47.622713739884325],[-3.456204284542747,47.62270859399221],[-3.456020911090475,47.62262844076739],[-3.456040925576373,47.62257314464581],[-3.456176879723141,47.62259270637225],[-3.456045717455738,47.62239225475673],[-3.456107935107506,47.62224430831124],[-3.456202993696039,47.622257104385824],[-3.456238009888132,47.62243578889074],[-3.45630262254936,47.622197397385115],[-3.45643291841237,47.62228049083291],[-3.456322857302675,47.62203371426998],[-3.456476649219881,47.62198003749826],[-3.456301110120019,47.62185429461033],[-3.456463600595744,47.62187238571916],[-3.4565103727132,47.62170723221608],[-3.45630851725532,47.621474572690026],[-3.456546270638106,47.62145236885217],[-3.456375523759277,47.621145736016445],[-3.45627154760092,47.621169559164294],[-3.456340712578307,47.62140957035319],[-3.456205848714539,47.621398979792076],[-3.45625737842757,47.622154747898655],[-3.456197556964632,47.62221224947244],[-3.455988955729009,47.62203415048899],[-3.456050730576227,47.622102977921976],[-3.45595545083209,47.62219856865165],[-3.455966766783186,47.62207150464585],[-3.455902595924083,47.622093122129215],[-3.455853647011272,47.622240333384504],[-3.456051375351123,47.62232872275696],[-3.455967189759083,47.62240563640267],[-3.455865607203008,47.62233901422612],[-3.455858640128769,47.6225019621436],[-3.455678529692479,47.62244872132749],[-3.45580729437284,47.62273961827944],[-3.455628048311523,47.62280373527146],[-3.455351790587031,47.62272872643382],[-3.455197995381968,47.62278240170372],[-3.455031600612638,47.62251165107589],[-3.454904344161977,47.62256385596296],[-3.454933920489418,47.622697685868],[-3.455110769501931,47.62272401485406],[-3.455201033949413,47.622917701559686],[-3.455364837178469,47.6228363782898],[-3.455406596902629,47.62296050203138],[-3.455546035859484,47.62289859056477],[-3.455689601574426,47.62298094975327]],[[-3.455906924569216,47.62267991163106],[-3.455836450897319,47.622539316266725],[-3.455924986107164,47.62249828665709],[-3.455906924569216,47.62267991163106]]]},"properties":{}},{"type":"Feature","geometry":{"type":"Polygon","coordinates":[[[-3.444440205942751,47.62418156886803],[-3.443927025885198,47.624246070101684],[-3.443819189139117,47.62401722418561],[-3.44370060040039,47.62414118553796],[-3.443471660537142,47.623684226823066],[-3.443491935195646,47.62352054605809],[-3.443273948007923,47.62359581621643],[-3.443402797430648,47.623335821462035],[-3.443386766189602,47.623092868158565],[-3.443504268100606,47.622959935960665],[-3.443484044364492,47.62213019268052],[-3.443254373224597,47.62199839383171],[-3.443417068942632,47.62195444750435],[-3.44343229935485,47.62203371161423],[-3.443610817888686,47.62229477402985],[-3.4436749939668,47.6222731633025],[-3.443702125137247,47.62249744076147],[-3.44357051672138,47.622513748909135],[-3.443548072227886,47.62265948757571],[-3.443666165190614,47.62275230003742],[-3.443575449666601,47.62277537815343],[-3.443519214601508,47.623193918168425],[-3.443558776574455,47.62330010393055],[-3.443694727997007,47.62331968017913],[-3.443645744295598,47.623466886223525],[-3.443802562800481,47.62354852629217],[-3.443889430266379,47.62327278997132],[-3.443780857080961,47.62336910444313],[-3.443768918997419,47.62327042241736],[-3.443948180867192,47.623206323641575],[-3.443969887082896,47.62338574547455],[-3.444108009550392,47.62342326342318],[-3.444152405130021,47.62334855966316],[-3.444311639920643,47.6233397543956],[-3.444395108949609,47.623588009693314],[-3.444496924304023,47.62354625497761],[-3.444595375960211,47.62303506845335],[-3.44448970957532,47.622824165189776],[-3.444576083169327,47.62276520201121],[-3.44449212510061,47.62273372049695],[-3.444595024155213,47.62270093676687],[-3.444640151779508,47.62230107212741],[-3.444745220753292,47.62228623043771],[-3.444968029901634,47.62203006801637],[-3.445030876001208,47.62210787236521],[-3.445045717950856,47.62189933575776],[-3.445126175143975,47.62201229054415],[-3.445186008307329,47.62195479463574],[-3.445157055532241,47.62204670713787],[-3.445344509742801,47.622271148683005],[-3.445359707097369,47.62239674384693],[-3.445247282720541,47.622240401601985],[-3.445225928424678,47.62239511169527],[-3.445156325357268,47.622371867850184],[-3.445353793478269,47.62256866221349],[-3.445196245541673,47.622812184825555],[-3.445198772142619,47.62316425865268],[-3.44506257697735,47.62325307100206],[-3.444992131109809,47.62311246913706],[-3.445128082580114,47.62313204371908],[-3.445116385536446,47.62292497495788],[-3.444904318204582,47.62282832986567],[-3.445003473349216,47.622985406254344],[-3.444838812467195,47.62294935704204],[-3.444727826516462,47.62313611709561],[-3.444792953376833,47.62367438211749],[-3.444697895000588,47.623661576765784],[-3.444602592146714,47.62375715815639],[-3.444504383953376,47.624159957705906],[-3.44442718105321,47.62407391586719],[-3.444440205942751,47.62418156886803]]]},"properties":{}},{"type":"Feature","geometry":{"type":"Polygon","coordinates":[[[-3.446571315642082,47.62247422381566],[-3.446796528406376,47.62212761316687],[-3.446569625224894,47.6222395078746],[-3.446600987594377,47.62205715026358],[-3.446479874649273,47.621829040588025],[-3.446536689598333,47.62163624382056],[-3.446588439833106,47.62173272353112],[-3.446663711690566,47.62169243496504],[-3.446809431975649,47.621792747266454],[-3.446720650715987,47.62194215690598],[-3.446797854229708,47.622028197322955],[-3.446900990357698,47.62188702462697],[-3.446922213039042,47.62128979532827],[-3.446864554009725,47.621365234292945],[-3.446823901144597,47.621250078470716],[-3.446765156276979,47.621316546313714],[-3.446689039572652,47.62123947691948],[-3.44655237068891,47.62154506499443],[-3.44647951105746,47.62149490870034],[-3.446410753461392,47.62158902361309],[-3.446390247600505,47.621861091976086],[-3.446314612738641,47.62156724848664],[-3.4462458547587,47.621661363298784],[-3.446293383149643,47.62216447758982],[-3.446350802882596,47.62219742584835],[-3.446375651829769,47.62196124184103],[-3.446509188805774,47.622071259593746],[-3.446475173259679,47.62245244883128],[-3.446571315642082,47.62247422381566]],[[-3.446790734050192,47.62174862596976],[-3.44665936876273,47.62165655066904],[-3.446806414739886,47.62165744711476],[-3.446790734050192,47.62174862596976]]]},"properties":{}},{"type":"Feature","geometry":{"type":"Polygon","coordinates":[[[-3.445674070570259,47.62223485857335],[-3.445618949047722,47.621668946463714],[-3.445697478253966,47.621655571770546],[-3.445745611254055,47.62139100669759],[-3.445858519229007,47.621330574634165],[-3.445917023397183,47.621372494202944],[-3.445878543754193,47.62127528021767],[-3.445968170126678,47.62124322921265],[-3.44596877225641,47.62146897420111],[-3.446099533204965,47.621335305310346],[-3.446039943314481,47.62128441475064],[-3.446223538385187,47.621256196744326],[-3.446229207849024,47.621192665183806],[-3.446120281775551,47.62095484995206],[-3.4460269159059,47.62117676176801],[-3.445979751361559,47.62100777914355],[-3.445904238084616,47.62115645425022],[-3.44583572191898,47.621142181878746],[-3.445783372273441,47.62081995676699],[-3.44564609851557,47.620899798818016],[-3.445663467291351,47.62104333620359],[-3.445739824438263,47.62101201930505],[-3.445660811463728,47.621242167961114],[-3.445624503475075,47.62116289605703],[-3.445547060509807,47.62118524179116],[-3.445615692379429,47.621642033212325],[-3.445498083874473,47.621332448773764],[-3.44532908575533,47.621260515875385],[-3.44518396851482,47.6213859467017],[-3.445228716654406,47.62164537437759],[-3.445060803368525,47.62158241219031],[-3.445125333117722,47.6218949325389],[-3.445164298586203,47.621775372896906],[-3.445258268217271,47.621779206794905],[-3.44528239240304,47.62186818376654],[-3.445399044274672,47.621617891558],[-3.445479744524794,47.6216224591829],[-3.445674070570259,47.62223485857335]]]},"properties":{}},{"type":"Feature","geometry":{"type":"Polygon","coordinates":[[[-3.462165660458309,47.620185212140136],[-3.462174142040411,47.620165037160085],[-3.462070170379879,47.62018886548218],[-3.4621430428747,47.62023901208288],[-3.462164677086057,47.62018755126819],[-3.462219180460584,47.620316071443426],[-3.462076700132286,47.62024269110584],[-3.462066487404942,47.620378726759114],[-3.461941628773117,47.620340494205536],[-3.461878341241893,47.62047947296503],[-3.461781107962365,47.62044873962016],[-3.46177981007991,47.620548155712996],[-3.461533357232791,47.620498602688535],[-3.461392843303452,47.62055155043728],[-3.46141372925515,47.62061361130591],[-3.461253417257594,47.62061346895865],[-3.461073518882222,47.62045184938052],[-3.461127259558344,47.62067465161956],[-3.460944685189363,47.62070843869488],[-3.460956943047524,47.62070215738944],[-3.460991519718653,47.6205467086119],[-3.460869925751206,47.62053538775368],[-3.460818604195159,47.62077304633207],[-3.460922094363605,47.62072001492503],[-3.460968912327718,47.62080083778617],[-3.460896040168889,47.62075069046732],[-3.460821868474509,47.62079995917103],[-3.460843630420957,47.62097937808573],[-3.460778586428885,47.62088364030966],[-3.460733128083245,47.620949379535965],[-3.460793819698094,47.62100923355235],[-3.460709854829162,47.620977763668435],[-3.460651127550663,47.62104423850413],[-3.460663732053141,47.62081775790674],[-3.460582155736078,47.62069584280786],[-3.460403134702883,47.62065158017751],[-3.460441215636589,47.62096556342515],[-3.460101880897372,47.62092115665699],[-3.460174539646784,47.621079691466285],[-3.460018791323394,47.621007044230566],[-3.459961151106803,47.62108248967077],[-3.460048166455999,47.621249259936796],[-3.459968553484272,47.621253673329534],[-3.4601960866782,47.62136749745917],[-3.460215670738814,47.62152897454122],[-3.459851757164278,47.621612367101584],[-3.459816515792078,47.62154207057768],[-3.459761050576097,47.621635457802],[-3.459528737184419,47.62170252295338],[-3.459082589393069,47.62143825238554],[-3.458948812704703,47.6214366359515],[-3.458931408081205,47.62129310057267],[-3.458688433586161,47.6211620674626],[-3.458676468440286,47.62106338685049],[-3.45904734914862,47.62136795562327],[-3.459215493097865,47.62132251073004],[-3.45934687921745,47.62141457192267],[-3.459321643943788,47.62131662687897],[-3.45950740786785,47.62130632990742],[-3.45948543598309,47.621235297763285],[-3.45961377268536,47.621192058804986],[-3.459521105165014,47.621088820420994],[-3.459693599467946,47.621079258661524],[-3.459687072015939,47.62102543292776],[-3.459758855493503,47.62106661003897],[-3.459916118428232,47.62093145457613],[-3.459788209958272,47.6207579198575],[-3.459953087517826,47.62068556101908],[-3.459960489814403,47.62085674471321],[-3.460064463717245,47.62083291827742],[-3.460087075427093,47.620578789282426],[-3.460228678711539,47.62053481405846],[-3.460288281289718,47.62058569739754],[-3.460278489307803,47.620504958825585],[-3.460359189147202,47.6205095161718],[-3.460259993422772,47.62035245262279],[-3.460431821937877,47.62011714472785],[-3.460531017730609,47.62027420814988],[-3.460683500429533,47.62031994188082],[-3.460537333784645,47.62043642089297],[-3.460673284137378,47.62045597740686],[-3.460718953925103,47.62028185114855],[-3.460862520583101,47.62036420408895],[-3.461025430401505,47.62016551478017],[-3.46117075176007,47.620482583314434],[-3.461441565072167,47.62051272376638],[-3.461418502753974,47.620432721014865],[-3.461200764265553,47.620399637715266],[-3.461275145713258,47.620241981718934],[-3.461351492554682,47.62021065460141],[-3.461333660792566,47.62028389358775],[-3.461531601097411,47.62026388673022],[-3.461759133405362,47.62037770787256],[-3.46167667687663,47.620138435522115],[-3.461971640001034,47.62025754840223],[-3.461949665269223,47.62018651668348],[-3.462053636978966,47.62016268846864],[-3.46194095911554,47.62011474917334],[-3.461966617136123,47.61999591960386],[-3.462061673125254,47.62000871092483],[-3.461982271392187,47.61990473863103],[-3.462090595691113,47.61991679413809],[-3.462078206482424,47.620034887939305],[-3.462323360833179,47.620183855943246],[-3.462424275646733,47.62002472753675],[-3.462492794811468,47.6200389901844],[-3.462584377879634,47.6201332553332],[-3.462470403014134,47.620184732668235],[-3.462422978972278,47.62012414365835],[-3.462434950832698,47.62022282393408],[-3.462316622295397,47.620238417381735],[-3.462378403222304,47.62030724153108],[-3.462165660458309,47.620185212140136]],[[-3.459709062787055,47.621647370891544],[-3.459726897233356,47.62157413220448],[-3.45963727856699,47.62160619376199],[-3.459709062787055,47.621647370891544]],[[-3.459729714490109,47.62126691318209],[-3.459705566497479,47.62117793916861],[-3.459627041504469,47.62119132328358],[-3.459729714490109,47.62126691318209]],[[-3.460209118840612,47.62092424295051],[-3.460222600383311,47.62081512035328],[-3.460146252015023,47.62084644672313],[-3.460209118840612,47.62092424295051]],[[-3.460785749929299,47.62061230494325],[-3.460810322674826,47.620484504710134],[-3.460711790129543,47.62055318655686],[-3.460785749929299,47.62061230494325]],[[-3.460823591301592,47.62048376905253],[-3.460908854966584,47.62041582277783],[-3.460849251986587,47.62036493975104],[-3.460747455490977,47.620406708788806],[-3.460823591301592,47.62048376905253]]]},"properties":{}},{"type":"Feature","geometry":{"type":"MultiPolygon","coordinates":[[[[-3.443008248472994,47.62159000313447],[-3.443248356765032,47.621727793364],[-3.443041723184578,47.62167600035945],[-3.443039305249898,47.621766445071394],[-3.44290686128792,47.62166539444321],[-3.443020858175318,47.62161393624083],[-3.443008248472994,47.62159000313447]]],[[[-3.442995446267696,47.62156570463549],[-3.442951504952449,47.62148230413542],[-3.442634628020067,47.6212921079862],[-3.442562021069758,47.62113356228616],[-3.442644890437138,47.621156074100014],[-3.442623189581088,47.62097665181537],[-3.442489414550705,47.62097501652808],[-3.44238701554833,47.62079102448985],[-3.442264339998149,47.620770713144715],[-3.442230793625763,47.62093512747434],[-3.442350801389928,47.621154270544025],[-3.442283121941636,47.6212573541591],[-3.442389025515402,47.62135987264608],[-3.442347884128638,47.62146148915754],[-3.442265263670912,47.62133059019259],[-3.442218447815625,47.6214957380202],[-3.44227728659526,47.621871791301714],[-3.442422163044307,47.62185475103948],[-3.442291391615961,47.62198841577725],[-3.44237534721473,47.622019898885526],[-3.442316346803556,47.62219475136656],[-3.442416578189034,47.62236080111368],[-3.442301743298986,47.62229490070509],[-3.442214282955509,47.62234489110373],[-3.442402312904227,47.62279508219038],[-3.442390964514087,47.622922144832835],[-3.442298327299449,47.622818892877795],[-3.442262609705976,47.6229653648265],[-3.442426522082474,47.62332657820603],[-3.442445306403643,47.62381321855553],[-3.442264706382511,47.62397673070252],[-3.442400659053671,47.62399630845057],[-3.442273386713305,47.62404849953489],[-3.442410424636659,47.624077048374595],[-3.442463005987504,47.62429088767931],[-3.442330556853246,47.62418983652868],[-3.442077095878594,47.6243031894986],[-3.442183254538053,47.62429732123347],[-3.442190849776018,47.62436011895689],[-3.442279398492248,47.62431909973014],[-3.442256700424843,47.6245732247827],[-3.442171655844654,47.62453277052792],[-3.442142696481359,47.62462468216096],[-3.442263210735423,47.62462705139121],[-3.442251861624734,47.624754113900494],[-3.442343666152008,47.624740007936026],[-3.442325557647442,47.62492163059775],[-3.442187183122691,47.624992497315944],[-3.442170159048405,47.62518309102942],[-3.441945403208432,47.62531291877551],[-3.442106814303282,47.625322058724855],[-3.441876632700862,47.62540703083414],[-3.441885062693163,47.62558718635454],[-3.441461251551274,47.625728015543736],[-3.441375120808989,47.6256785896292],[-3.441343989609381,47.625752558801445],[-3.441257858936069,47.62570313280105],[-3.441049875283177,47.62575075197395],[-3.440907409554498,47.62567734601813],[-3.440910412065868,47.62581264604227],[-3.440779879451764,47.62583792212579],[-3.440829201482826,47.626024848646644],[-3.440644754920602,47.6259357003104],[-3.440751421690506,47.625713059965115],[-3.440094165685828,47.62591194026531],[-3.440093588349117,47.62568619576271],[-3.44008657269361,47.62584914245567],[-3.439908890123189,47.625705432950454],[-3.439312814782092,47.62574740015829],[-3.439321236175531,47.62592755583207],[-3.439132198622206,47.62591090729885],[-3.439149551513073,47.62605444528296],[-3.439625943140038,47.62612746488506],[-3.439494324529388,47.62614376840909],[-3.439501916866786,47.6262065662477],[-3.438937798965834,47.62629192065558],[-3.439155036489507,47.62654181867121],[-3.439270131995044,47.6264993353803],[-3.439260370718715,47.62641859529443],[-3.439307774060222,47.626479193511166],[-3.439463765128837,47.62644348150624],[-3.439202121748858,47.62626828583795],[-3.43958670737072,47.62635540907567],[-3.439515762105328,47.62643157745818],[-3.439597553770731,47.62644512025455],[-3.439448070491398,47.626534659150664],[-3.439537454734301,47.626610999816926],[-3.439389310624232,47.62660112310287],[-3.439519590905587,47.62668423522897],[-3.439272619684345,47.62685140866689],[-3.439438118443197,47.62700482339868],[-3.439464404554424,47.627111743564825],[-3.439344969427918,47.6271183425667],[-3.439445455826613,47.62717600783115],[-3.438877561649383,47.62745122177092],[-3.438712891129156,47.62741516400516],[-3.438563403649401,47.62750470172435],[-3.437990595368877,47.62751828252339],[-3.437882002905009,47.62761459130103],[-3.437403431801041,47.6275236223761],[-3.437422383110657,47.62745935845256],[-3.437289676268076,47.62746668834802],[-3.437162909950751,47.62730210057589],[-3.437087623012777,47.627342382902306],[-3.436973868202883,47.627285448561345],[-3.43692807124912,47.62701704733681],[-3.436853868729123,47.62706630065802],[-3.436877417546302,47.626929534749415],[-3.436799962553716,47.62695187461713],[-3.436799138754948,47.62683451685059],[-3.437110561385904,47.626537354927166],[-3.437273837860058,47.62623031272895],[-3.437486163876287,47.626218584845155],[-3.437436594288478,47.62614004360294],[-3.437533823914101,47.626170797124246],[-3.437525149610388,47.626099028018125],[-3.437696579721413,47.6260805276332],[-3.43759852462415,47.625932416430544],[-3.437528661369312,47.62601755476086],[-3.437376182239448,47.62597179093465],[-3.43736100265075,47.62584619496345],[-3.437199850347918,47.62572866177039],[-3.437220969718493,47.62568234010701],[-3.437311433592894,47.62576765365305],[-3.437373447888503,47.62572810414263],[-3.437216632813717,47.62564645553373],[-3.43734174541681,47.625576327717546],[-3.437180593971073,47.62545879448159],[-3.437128032630473,47.62524495292775],[-3.437148067667152,47.62518966011969],[-3.437244211174079,47.62521144275106],[-3.437138309839929,47.625108919802074],[-3.437271270257316,47.62499320334067],[-3.437185144580215,47.62494377431779],[-3.4373766057791,47.62486998156451],[-3.437306696705273,47.624512601675534],[-3.437244683772253,47.62455215117524],[-3.437074602404663,47.62447123530351],[-3.437030195986833,47.62454593632976],[-3.436993898567593,47.62446666187765],[-3.436842248180541,47.62453825522887],[-3.436621255881159,47.62447821271919],[-3.436509414876531,47.62454760690954],[-3.436171161317711,47.624512101850556],[-3.436207195972659,47.62469976330553],[-3.435905237533723,47.624743532167734],[-3.436006799751258,47.624810171620354],[-3.435694822325896,47.62488158624765],[-3.435430768007969,47.62479682640939],[-3.435394472793342,47.624717551470475],[-3.435250406691857,47.6248519408944],[-3.435259604732686,47.624706936740566],[-3.435207344882942,47.624827225644204],[-3.434970651434145,47.62485835717143],[-3.434502658870425,47.62452295651329],[-3.434651325773131,47.62431606591995],[-3.434492351531929,47.62421647124663],[-3.43467379525163,47.62417032908803],[-3.434657538770318,47.624035761474715],[-3.434519421360905,47.62399823236222],[-3.434616910204394,47.623920601562865],[-3.434524021306802,47.6239257302837],[-3.435174770547421,47.62367305409645],[-3.435170698854518,47.623528782604176],[-3.435304743460165,47.62342203946008],[-3.43523622722117,47.62340776088715],[-3.435395726873156,47.62329058095601],[-3.435171489867609,47.62320362215016],[-3.435150633411298,47.62314155667453],[-3.435235670454323,47.62318201607023],[-3.435213730094272,47.6231109794317],[-3.435316635573313,47.62307820388261],[-3.435215341091794,47.62290317692967],[-3.43521724518426,47.62302950611876],[-3.435123274074232,47.62302566414448],[-3.435061141887754,47.622892224856905],[-3.435081561461271,47.62290153315896],[-3.435099430112499,47.62282829828328],[-3.435043449130626,47.622854226564854],[-3.435033082292449,47.62283196193903],[-3.434950213533798,47.62280944474372],[-3.434956716262217,47.62286327180808],[-3.434715960970413,47.622750131293],[-3.434686699950193,47.622507909414466],[-3.434747628657587,47.62245939005035],[-3.43485243637896,47.6225529441269],[-3.434851616929408,47.622435586081146],[-3.43461654718599,47.62225891436326],[-3.434622230569323,47.62219538339956],[-3.434705098236436,47.62221790083467],[-3.434536376812387,47.62203756546474],[-3.434508224345457,47.622246833388765],[-3.434346005517167,47.62212032485601],[-3.434373915813478,47.62246196255275],[-3.434269109109311,47.622368408042405],[-3.4342203658874,47.622407223338456],[-3.434232817270749,47.62228913264357],[-3.434340056460663,47.622292242687664],[-3.434282909508065,47.62215090164563],[-3.434245003053654,47.62227942881967],[-3.434032691992687,47.62229115083541],[-3.434113126473487,47.62240411318465],[-3.433983682592712,47.62243835290433],[-3.434056797699767,47.62238013010145],[-3.433923551813729,47.62216171125086],[-3.433812795739617,47.622240074131355],[-3.433697971730787,47.62217416525966],[-3.433731828967406,47.62234388532117],[-3.433779488906693,47.622296099037015],[-3.43391950239335,47.62245995830452],[-3.433791141838778,47.622503168998364],[-3.433804677779836,47.62239404954518],[-3.433720726647619,47.622362560282276],[-3.433676317290797,47.6224372601143],[-3.433550390641254,47.62239002605977],[-3.433606452354895,47.62252239625153],[-3.433474840794527,47.62253869302272],[-3.433407676947827,47.62242499769962],[-3.433422579045828,47.62265898126184],[-3.433331859252854,47.622682051422544],[-3.433198080234499,47.622680405494286],[-3.433085690878204,47.62252405156747],[-3.432966265227469,47.62253064406256],[-3.43294216127008,47.622441664578346],[-3.433108431730497,47.622269928031216],[-3.432981690644374,47.622105335281574],[-3.433133071495166,47.62214213373798],[-3.433174230946232,47.62204052050874],[-3.433069695102288,47.62183857800633],[-3.432880673978254,47.621821919320475],[-3.432921028969415,47.62204546684987],[-3.432830846834254,47.62185176284635],[-3.43273444256831,47.621938363439554],[-3.432677300245502,47.621797021586254],[-3.432520234855772,47.621823753408464],[-3.432551921391163,47.62197553143471],[-3.432444137994076,47.621746674751755],[-3.43228598931749,47.62176443505405],[-3.432248078329836,47.62189296160542],[-3.432176314965087,47.62185176760533],[-3.43215086365584,47.622304722353576],[-3.43199054388265,47.62186202110204],[-3.431819938115733,47.621997871252795],[-3.431396671576695,47.6219218904124],[-3.431263706075392,47.62203760036879],[-3.431293222845606,47.62217143629054],[-3.431082227466002,47.622130829601076],[-3.431138593781742,47.622107721801854],[-3.431105556144275,47.622055359069996],[-3.43094523990993,47.622055175120664],[-3.430985859135741,47.622170336419984],[-3.431069168987066,47.62213618301692],[-3.431016730498853,47.622204756749056],[-3.430832041048233,47.622223979617964],[-3.430895949868312,47.622310762781765],[-3.430648434517189,47.62225217341466],[-3.430560690306079,47.62241054195107],[-3.429945960175951,47.62240833754578],[-3.429899654005212,47.62235670662976],[-3.430075680584812,47.62226571543607],[-3.430356505847836,47.62226828209741],[-3.430396587672361,47.622157698630524],[-3.430239793756665,47.62207604050514],[-3.430251706564359,47.62217472397284],[-3.430106825363947,47.622191749135304],[-3.430101136607428,47.622255279879276],[-3.429869057705048,47.62221389914116],[-3.429826808913271,47.62230653996916],[-3.429580377628314,47.622256919566105],[-3.429722559937879,47.62199620761973],[-3.429600178440722,47.62142497726314],[-3.429448526779305,47.62149656112604],[-3.429449334336758,47.62161391926602],[-3.42938867718156,47.6215540489846],[-3.429313116928517,47.62170271331913],[-3.429255708244263,47.621669756676766],[-3.429247676589072,47.62170907223684],[-3.429235686403311,47.62128252936228],[-3.429313136335515,47.62126019444553],[-3.429375958712152,47.62133800724738],[-3.429378399775403,47.62124756279978],[-3.429451243000995,47.621297729767335],[-3.429585293440279,47.621190993065234],[-3.429689006752851,47.62127558060164],[-3.429703633639255,47.621175432788995],[-3.429733938283209,47.621869146149386],[-3.429852020419546,47.62151945380013],[-3.430107386079468,47.62153245656787],[-3.430139613338052,47.621467461459176],[-3.429991759417947,47.621349185884334],[-3.429950594442471,47.621450798028036],[-3.429853377782111,47.6214200381198],[-3.429886962577918,47.62125562738832],[-3.429977407230544,47.62134094680834],[-3.43004402761465,47.6212288990996],[-3.430557195435116,47.621164458764774],[-3.43111964567294,47.62128694724771],[-3.430852905412666,47.6214010083109],[-3.430605394326726,47.62134241882522],[-3.430547712184641,47.621417849730825],[-3.430473784759328,47.621358712224506],[-3.430432620693975,47.62146032453762],[-3.430604038366549,47.621441834518244],[-3.430585080985431,47.621506097534194],[-3.430737541538326,47.62155187033065],[-3.430628948126604,47.62164817266041],[-3.430769495443287,47.62159526195824],[-3.431054649643841,47.62163371182904],[-3.431103122539829,47.62170328474308],[-3.430958242890376,47.62172031096582],[-3.431110704374978,47.62176608327013],[-3.431280228059633,47.62162126292216],[-3.431246107444953,47.62155992899967],[-3.431379883595286,47.6215615771647],[-3.431321119157398,47.62162803722768],[-3.431478996592602,47.621718665134985],[-3.43151907567933,47.62160808125168],[-3.431616022761599,47.62174722667346],[-3.431832665155087,47.6217713938929],[-3.431880326283244,47.62172360836969],[-3.431769838687675,47.621693582429856],[-3.4318551412572,47.62162565741279],[-3.432165751734147,47.62165366862236],[-3.432157894720466,47.62125673819254],[-3.432435464777219,47.621232386224484],[-3.432421657088963,47.62144989250547],[-3.432503439322017,47.62146344030412],[-3.432500458361792,47.62132813976219],[-3.432674856287308,47.621444947245436],[-3.432614464558702,47.62127669170856],[-3.432695969255771,47.62095610735548],[-3.432911525520476,47.620971301376635],[-3.432837059299971,47.62112893923955],[-3.432909637362194,47.62128749098454],[-3.432807548794352,47.62143762257031],[-3.432722516370177,47.62139716137052],[-3.432721164351153,47.6214965770853],[-3.432843569550197,47.62162528535933],[-3.432913434528659,47.62154014963924],[-3.433064813729755,47.62157694819476],[-3.432993865509617,47.62165311280282],[-3.43315201362092,47.62163535154101],[-3.433207538254886,47.62198449576832],[-3.433292839459971,47.62191656971135],[-3.433221075257319,47.62187537635371],[-3.433325063072207,47.62185157373654],[-3.433550374925033,47.62194750734224],[-3.433345902880963,47.6214711207535],[-3.433448806345742,47.62143834682249],[-3.433411981892416,47.62157584497033],[-3.433502432721055,47.62166116164644],[-3.433893743634537,47.62169374410475],[-3.433814394259403,47.62158975275695],[-3.434029953400883,47.621604944708935],[-3.433924331586882,47.62139403173375],[-3.434028584131383,47.62126184155501],[-3.433969005830324,47.62121094483516],[-3.434077326446958,47.62122302631618],[-3.434039952071618,47.621134779617456],[-3.434122817846823,47.62115729747795],[-3.434147741074306,47.62136363489955],[-3.434228439976621,47.62136821029926],[-3.434224657903898,47.6215580705715],[-3.434356001500964,47.62165015986188],[-3.434337291679175,47.621163517673295],[-3.43441717182198,47.62105073481025],[-3.434625432474048,47.621337259338176],[-3.434545287410377,47.62155842924731],[-3.434653344149149,47.6216788971055],[-3.434480843432545,47.62168842187874],[-3.434623289679123,47.62176183582344],[-3.434552343436757,47.62183800137097],[-3.434379023788216,47.6217301679027],[-3.434387162642714,47.62201871119819],[-3.434231181107605,47.622054416504504],[-3.434817465471692,47.62193173450688],[-3.434743268072788,47.621980986616094],[-3.434805015464974,47.62204982528575],[-3.434862692274434,47.62197439230211],[-3.435041696558173,47.62201869404925],[-3.434939612587951,47.62216882744224],[-3.434994593729818,47.62229222580272],[-3.435054702019964,47.62212634820963],[-3.435198234040489,47.62220873261595],[-3.435183324285598,47.621974749226254],[-3.435312766272834,47.62194050816885],[-3.435349586082069,47.62180300944747],[-3.435529936995037,47.62174789472295],[-3.435685654147727,47.62182057458474],[-3.435658294326188,47.62170468210139],[-3.435987858238769,47.62166841931313],[-3.435942630796176,47.62162576194692],[-3.436141931235838,47.621506382389065],[-3.436016004600615,47.62145915097035],[-3.436197437631967,47.62141300637948],[-3.436214220284657,47.621330800104495],[-3.436427349941844,47.621436432219326],[-3.436540268560251,47.621376009166056],[-3.43643684493046,47.62162555966949],[-3.436234292761913,47.62171802621153],[-3.436292789797071,47.621759950592654],[-3.436458786307553,47.62169659613245],[-3.436403280073691,47.62178997225266],[-3.436653489012144,47.62164971794817],[-3.436571705440667,47.62163617305686],[-3.436655917760242,47.62155927336332],[-3.436730936373318,47.62162737811669],[-3.437032052281778,47.62146624896093],[-3.437047794261805,47.62181759025029],[-3.43691726958738,47.62184286206906],[-3.436872084504538,47.62224272381669],[-3.436674127630751,47.62226268885912],[-3.436796804482203,47.622283006060485],[-3.436585056428723,47.62252047762826],[-3.436442344374635,47.62255545297386],[-3.436516280068749,47.6226145866657],[-3.436415544279791,47.62266530560889],[-3.436522784352483,47.62266841364824],[-3.436154789039116,47.62304997937245],[-3.435964416642557,47.623132741358624],[-3.435999627654547,47.623203045019046],[-3.436113634483094,47.62315159359933],[-3.436246069272878,47.623252651853505],[-3.436356823875911,47.62317428670635],[-3.436416406644668,47.62322518215677],[-3.436006691514733,47.62348261681863],[-3.435837996376073,47.62374480185518],[-3.43601618537698,47.623671744104186],[-3.436102307919481,47.62372117402136],[-3.435950658454482,47.62379276624237],[-3.436055732779447,47.62377793238123],[-3.436069824711744,47.623894557493564],[-3.436278889606075,47.623855918303406],[-3.4363736850765,47.62397711729544],[-3.436805084575329,47.623899104528086],[-3.437017921270183,47.62367060388403],[-3.437079673549884,47.62373944129131],[-3.437084269996303,47.62366693910236],[-3.437243506901823,47.62365814347256],[-3.43715144323584,47.623780632238535],[-3.437315276604897,47.62369933432084],[-3.437297716837248,47.62410670102571],[-3.437244896895677,47.62400124616615],[-3.437194810591944,47.624139478302936],[-3.437071045152767,47.62411019038717],[-3.437008293888831,47.62398147103413],[-3.437128720986275,47.62403475636438],[-3.437182059915228,47.6239234377038],[-3.437024166277971,47.623832817608594],[-3.437002945030238,47.623970499087115],[-3.436946715839901,47.62385515760923],[-3.436848146375278,47.62392381920102],[-3.436885267151585,47.624120451657475],[-3.436716271812946,47.62404850639986],[-3.43666401589013,47.624168795995956],[-3.436808640014383,47.624260149491704],[-3.43718479330007,47.62416712472653],[-3.4371845337131,47.62427551150141],[-3.437343513152759,47.62437510250735],[-3.437586967413163,47.62428940627032],[-3.437785757387487,47.624386797615976],[-3.43776086930652,47.624622979499904],[-3.437674743773386,47.62457355082862],[-3.437500891043883,47.62468249565739],[-3.437541526411168,47.624797654520854],[-3.437650939395644,47.62481870380946],[-3.437626309211134,47.62494649887979],[-3.437752245497629,47.62499372847761],[-3.437725446874261,47.62510358127549],[-3.437842709054138,47.6250790416424],[-3.438051261641228,47.62525717275257],[-3.437761228970989,47.625399628907296],[-3.437970866889491,47.62558673127028],[-3.438000144499517,47.62582895194237],[-3.43788479125526,47.6259798206779],[-3.438048372415596,47.62600690850373],[-3.438122056976634,47.62617442774498],[-3.438089836595711,47.626239424898706],[-3.437898629618468,47.62620483210629],[-3.437754048925166,47.62655599781997],[-3.43799725452499,47.626578687471614],[-3.4380877211591,47.62666400037704],[-3.438100164979837,47.626545909528545],[-3.438284609400831,47.626635061854955],[-3.43829653809821,47.62673374427022],[-3.438398364222727,47.62669199493847],[-3.438334437960564,47.626605216075845],[-3.438477159601883,47.62657023849116],[-3.438402131814466,47.626502135032496],[-3.438499619584129,47.62642450109245],[-3.438461149807692,47.62632728491629],[-3.438541856583446,47.62633185732394],[-3.438561319702828,47.62605081983656],[-3.438762799789352,47.62594937833715],[-3.438783089746715,47.62578569858057],[-3.439012449260697,47.625583374757916],[-3.439184706222234,47.625682230011556],[-3.439483413463065,47.62561153932488],[-3.440329197731657,47.6256460827528],[-3.440727555719707,47.62551569552613],[-3.440737823808574,47.625379662102844],[-3.441242339454714,47.62524340605759],[-3.441512080718871,47.62526462153929],[-3.44167749790562,47.62497551519799],[-3.441814537890047,47.62500406472321],[-3.441922032947244,47.6248987810571],[-3.441881388053201,47.6247836237238],[-3.441976697611881,47.62468804460411],[-3.441838573369842,47.62465052415944],[-3.441762709317944,47.62446506491833],[-3.441834733739801,47.62439786620034],[-3.44173533494802,47.62434917401639],[-3.441839323784784,47.62432536384893],[-3.441902168026472,47.62440316978948],[-3.441968767201973,47.62429111545623],[-3.441885558398858,47.62393447171628],[-3.441723066589623,47.62391636034513],[-3.44180944500657,47.623857399245686],[-3.4417509413407,47.623815477672906],[-3.441568169339337,47.62396104652458],[-3.441455752772415,47.62380470075582],[-3.441491473141295,47.623658229117055],[-3.441623085013779,47.623641923321735],[-3.441625004296215,47.62376825235798],[-3.441706792416045,47.62378179369592],[-3.441710297640534,47.62370032021591],[-3.441845164440262,47.623710927502714],[-3.441656051041167,47.62325176461778],[-3.441774808922178,47.62257689986491],[-3.441974435269225,47.622791642149444],[-3.44178490751304,47.622991771602315],[-3.441920857499856,47.623011349918755],[-3.441945476510885,47.622883553815846],[-3.442069241780235,47.62291283658485],[-3.442181072132482,47.62284343701258],[-3.44217856544858,47.62249136306239],[-3.442063730571497,47.62242546242421],[-3.442026591900031,47.622228831442726],[-3.442254589558342,47.62212591667347],[-3.442226379666702,47.62189266772127],[-3.442045449631172,47.62172204782914],[-3.44211288055879,47.6217273513039],[-3.442089011336535,47.621529986738814],[-3.441972258612096,47.6213377568],[-3.442069981413427,47.62115173272077],[-3.442020323863138,47.62063067420645],[-3.442184389569369,47.62044098233457],[-3.441940375151179,47.62030094320558],[-3.441819286104027,47.620072828491864],[-3.441912417565115,47.61995930693962],[-3.441820621144788,47.61997341259979],[-3.441729075016247,47.61987913116424],[-3.441813277135382,47.619802227682875],[-3.441743929243438,47.61967059473807],[-3.441664066644041,47.61978338269161],[-3.441555747232002,47.61977130823815],[-3.441455774278894,47.619496870487495],[-3.441632856572502,47.61941483287567],[-3.441687850348523,47.61953822825925],[-3.441572771774048,47.61958071408445],[-3.441694359471582,47.61959205503865],[-3.441882875397094,47.61982547355086],[-3.441959233019762,47.61979415910449],[-3.441841399678828,47.61959295773642],[-3.441912332538532,47.61951678767374],[-3.442010387819945,47.61966489574293],[-3.441930275861169,47.619886070908564],[-3.441994199922612,47.61997284810279],[-3.442106024214012,47.61990344849764],[-3.442336768478361,47.62004422086806],[-3.442239796547571,47.61990508422496],[-3.442442082543771,47.619920994210645],[-3.442538308937491,47.62038529171197],[-3.442524203800946,47.620268667170286],[-3.442699116941025,47.62016868573552],[-3.442787161929117,47.62034444005291],[-3.44261491551996,47.62024558984108],[-3.442640956174757,47.6204608966628],[-3.442581370557204,47.620410004315694],[-3.442548074068123,47.62046603177419],[-3.442367645930006,47.62007863823404],[-3.442323250572198,47.620153341441046],[-3.44220516569305,47.62006052749772],[-3.442149671211009,47.62015390642704],[-3.442231453926787,47.62016744742272],[-3.442204666942879,47.62027730152048],[-3.442439255269777,47.620670732124886],[-3.442677599043723,47.62087430158576],[-3.442765056544156,47.620824310802426],[-3.442832238304791,47.62093800083716],[-3.442771318681649,47.62098652445641],[-3.442909186150226,47.621132430831],[-3.442883485165018,47.621251256140916],[-3.443000488747215,47.621335098232116],[-3.442903016816698,47.62141273613172],[-3.443041133429732,47.621450255380026],[-3.442995446267696,47.62156570463549]],[[-3.429851456550453,47.62217874637074],[-3.42991374654228,47.622030813871056],[-3.430022067904587,47.62204289910809],[-3.429958160825765,47.621956115454175],[-3.430110896064241,47.621893502173094],[-3.430152596331705,47.62201763499786],[-3.43024575599325,47.62190412286349],[-3.430265523281067,47.62195721802941],[-3.430354077173653,47.621916207793376],[-3.430269319462365,47.621767357924526],[-3.43023600920572,47.62182338183322],[-3.430113335907777,47.621803057735924],[-3.430083274314599,47.62188599528016],[-3.429988496838566,47.6217647910529],[-3.429937310917874,47.621894049007956],[-3.429840367944447,47.62175490220324],[-3.429749098797234,47.62199474336802],[-3.429851456550453,47.62217874637074]],[[-3.430313197095284,47.62146691432352],[-3.430336760198653,47.62133014934023],[-3.430176172342805,47.62143835125241],[-3.430313197095284,47.62146691432352]],[[-3.430812818125566,47.621954110794],[-3.43061107373773,47.621721406896405],[-3.430624615980589,47.621612287768066],[-3.430484341653489,47.62155681139047],[-3.430441011443766,47.62164048124755],[-3.430489756713429,47.621601667513545],[-3.430673625754546,47.62190760587358],[-3.430812818125566,47.621954110794]],[[-3.432348272079725,47.62161650122454],[-3.432365060723535,47.621534295511374],[-3.432242387279378,47.621513973647296],[-3.432348272079725,47.62161650122454]],[[-3.434020220555287,47.62196672279577],[-3.434051359694715,47.62189275543186],[-3.433969576411175,47.62187920872012],[-3.434020220555287,47.62196672279577]],[[-3.434120425707657,47.62213277968104],[-3.434203558695357,47.62204691058664],[-3.434087385129975,47.62208041779337],[-3.434120425707657,47.62213277968104]],[[-3.434847942886106,47.62439551991833],[-3.434809481222008,47.62429830243809],[-3.434927007144456,47.6241653789524],[-3.434763433211108,47.62413828672952],[-3.434687884268397,47.62428695434356],[-3.434847942886106,47.62439551991833]],[[-3.435067057345594,47.624771754862415],[-3.435197853680817,47.62463809840524],[-3.434795682413617,47.62451580865704],[-3.434779980369819,47.62460698576451],[-3.435067057345594,47.624771754862415]],[[-3.435087065883951,47.62427394420629],[-3.434993356629044,47.62416171535945],[-3.434960049836156,47.624217740546456],[-3.435087065883951,47.62427394420629]],[[-3.43555361614229,47.62338120327786],[-3.43565678461838,47.623240040610746],[-3.435808170530763,47.6232768355784],[-3.435702275792342,47.623174311225426],[-3.435860427508933,47.623156546310064],[-3.4359183661752,47.62297272600953],[-3.436210820133782,47.62273982973239],[-3.436208913700449,47.6226135005407],[-3.436330507165642,47.62262484706149],[-3.43643636238154,47.622284852233676],[-3.436572308606285,47.622304436782834],[-3.436609386167392,47.62205855079905],[-3.436740995587069,47.62204225049168],[-3.436934051266759,47.621760655708776],[-3.436875813929087,47.62161034473228],[-3.436608000308489,47.62171544775547],[-3.436532459931282,47.62186411674767],[-3.436253543005778,47.62198789417525],[-3.436204540007928,47.62213509719897],[-3.436080779758909,47.622105808203685],[-3.435897735959842,47.62235975518859],[-3.435643186119392,47.62246412313246],[-3.435630179388593,47.62235646905628],[-3.435526191618044,47.622380273719614],[-3.435464442913707,47.622311435442924],[-3.435431664043725,47.622150687057044],[-3.43522017400911,47.62227976929033],[-3.435247006150044,47.622612435574474],[-3.435452815018897,47.62254688430964],[-3.435264611000465,47.622647587523886],[-3.435239976105102,47.622775382233584],[-3.43555361614229,47.62338120327786]],[[-3.435641446287001,47.624550386049094],[-3.435971027779323,47.62451412336139],[-3.435968037860022,47.62437882312017],[-3.435671500745108,47.62446744718799],[-3.435757624252159,47.6245168773391],[-3.435641446287001,47.624550386049094]],[[-3.435812609703297,47.62464027516556],[-3.436004893726803,47.624683842559776],[-3.435943141740577,47.62461500461767],[-3.435812609703297,47.62464027516556]],[[-3.435708974682007,47.622234714204936],[-3.435683782390057,47.62213676409947],[-3.435623938789235,47.62219425513413],[-3.435708974682007,47.622234714204936]],[[-3.435773975358333,47.62233046587161],[-3.436034467917485,47.62205417971209],[-3.435954851763844,47.62205857673359],[-3.435929921227338,47.6218522397713],[-3.435844623480446,47.62192016775647],[-3.435895008542587,47.62211606790945],[-3.4357866857026,47.62210398811981],[-3.435860882309813,47.62205473535084],[-3.43579696572534,47.62196795489256],[-3.435697314369639,47.62202764440643],[-3.435723590537982,47.62213456568799],[-3.435832997347606,47.62215561670835],[-3.435773975358333,47.62233046587161]],[[-3.436415140385662,47.62420963452767],[-3.43642325109205,47.624055659076134],[-3.436201999680732,47.62410400254105],[-3.436209587855038,47.6241668006595],[-3.436367742343139,47.62414903506629],[-3.436415140385662,47.62420963452767]],[[-3.436121111339379,47.6218868358639],[-3.436212090125692,47.62175537662023],[-3.436108103785471,47.62177918180904],[-3.436121111339379,47.6218868358639]],[[-3.436227265848226,47.62188097300489],[-3.436407616118454,47.62182585692728],[-3.436348034919848,47.621774961435776],[-3.436227265848226,47.62188097300489]],[[-3.437452810348409,47.6258320928511],[-3.437603379299462,47.6257515276155],[-3.437399988393205,47.625726638155264],[-3.437452810348409,47.6258320928511]],[[-3.437679847808183,47.626605251677596],[-3.437686612331107,47.6265506918418],[-3.437594803459312,47.6265647941327],[-3.437679847808183,47.626605251677596]],[[-3.437643399079552,47.6251984238833],[-3.437681299424432,47.62506989579926],[-3.437542918350156,47.62514075700984],[-3.437643399079552,47.6251984238833]],[[-3.439276702717029,47.62699567976933],[-3.439281296459778,47.62692317761542],[-3.439146422053734,47.62691256738564],[-3.439276702717029,47.62699567976933]],[[-3.44147477263119,47.62561889538309],[-3.441624249946606,47.62552935385107],[-3.441581435306272,47.62539625424351],[-3.441321457537549,47.62545577888122],[-3.441195517003249,47.625408553143046],[-3.441115644660753,47.62552134038914],[-3.440880036419761,47.62556145498802],[-3.440886545462718,47.62561528164591],[-3.44147477263119,47.62561889538309]],[[-3.441842075228029,47.62313310891196],[-3.441921942462523,47.623020321030616],[-3.441778147629658,47.623046331775264],[-3.441842075228029,47.62313310891196]],[[-3.442114898200502,47.62373214160896],[-3.442202610306018,47.6235737645015],[-3.442109722741139,47.623578899256074],[-3.442183915564296,47.62352964250773],[-3.442071248441046,47.62348168412671],[-3.442212874262591,47.6234377308127],[-3.442054973522304,47.62334711749594],[-3.441961586569597,47.623569025789074],[-3.442114898200502,47.62373214160896]],[[-3.442205117199327,47.62392583825533],[-3.442286319119825,47.62371363446525],[-3.442027435327357,47.62378213183078],[-3.442205117199327,47.62392583825533]],[[-3.442770822221695,47.6212032983786],[-3.442679272306075,47.621109017747386],[-3.442676853783019,47.621199462478145],[-3.442770822221695,47.6212032983786]]],[[[-3.429246471839774,47.62171496957075],[-3.429171740355345,47.62208078292011],[-3.429040426309589,47.62154616901159],[-3.429078047385949,47.6219685492012],[-3.428945629351307,47.621867482753025],[-3.428928835337287,47.62194968796054],[-3.428707862654869,47.62188963039864],[-3.42864881762335,47.6220644759844],[-3.428785542756005,47.62264394636898],[-3.428680191797246,47.62276716053765],[-3.428548578129858,47.62278345175557],[-3.428596771787319,47.62296141249694],[-3.428518236377652,47.62297477568271],[-3.428457050623356,47.622689160054],[-3.428320301303596,47.62255220797871],[-3.428394505421938,47.62250295996449],[-3.428187883255767,47.62245114070172],[-3.428215782819199,47.6223502611853],[-3.427998861486554,47.62243447412032],[-3.427851009631175,47.62231619589416],[-3.427732666363469,47.62233175428409],[-3.427602694087427,47.62214024196042],[-3.426982033168819,47.621867420705414],[-3.426984478312019,47.62177697633248],[-3.426870465621347,47.62182841887707],[-3.426758096591211,47.62167205879344],[-3.426602912270523,47.621825112064],[-3.42676839953669,47.62153602633158],[-3.426644926826517,47.62139834042392],[-3.426513315912691,47.621414629359826],[-3.426510350136498,47.621279328662006],[-3.426403113437944,47.62127621142717],[-3.42645562791079,47.62149005824151],[-3.426083285837441,47.62139318857525],[-3.426192969214863,47.621305861725276],[-3.426021550451404,47.621324345271766],[-3.425929230094641,47.62111269333196],[-3.425833098586953,47.62109090134112],[-3.425930594751883,47.62101327767657],[-3.425894598709492,47.620825612697274],[-3.426054111150155,47.62070844536863],[-3.425971249475386,47.6206859217782],[-3.426054393317084,47.62060005842097],[-3.425919585051888,47.62014691375834],[-3.426078249065137,47.62035490727494],[-3.426483096240915,47.62027839590668],[-3.426479568002936,47.62035986907135],[-3.426217433384656,47.62040141770903],[-3.426313801178651,47.620757341514555],[-3.42644950157729,47.62044280574164],[-3.426572170354678,47.62046313370139],[-3.426527752575629,47.62053783088782],[-3.426675877479084,47.62054772394501],[-3.426788805253646,47.62048731029266],[-3.426773652132064,47.62036171259267],[-3.426905260370773,47.620345423354614],[-3.42680451973352,47.62039613406702],[-3.42688926560736,47.620544986554904],[-3.426820474701261,47.620639089977594],[-3.427214498553985,47.620472863449706],[-3.427100488870024,47.62052430625329],[-3.427133241655794,47.62068505711068],[-3.427327145979283,47.62052083623534],[-3.427279761527918,47.62046023297155],[-3.427449012124379,47.6204238050541],[-3.427344465378136,47.620664376369305],[-3.427041440084259,47.62069915114894],[-3.427120774942335,47.620803147145445],[-3.42702680833433,47.62079929865259],[-3.427043604915231,47.62071709367006],[-3.426915242986321,47.620760296845624],[-3.42692281976132,47.620823095674844],[-3.427009209517637,47.62076414542832],[-3.427039797336851,47.6209069537723],[-3.427129434398477,47.62087491721895],[-3.427068220466247,47.62103181958023],[-3.426935528180748,47.62103913773618],[-3.42684132049542,47.62070115702016],[-3.42674843645292,47.62070627956556],[-3.426784716101464,47.62078555735408],[-3.42671187608047,47.62073538871026],[-3.42661381949559,47.62102978690636],[-3.426677720028952,47.62111657243142],[-3.426709951211911,47.621051578255276],[-3.426767357659815,47.621084536159415],[-3.426837191690342,47.62144192298291],[-3.42712695201413,47.621407880576875],[-3.427198431037652,47.621557464591994],[-3.427300255967192,47.6215157248245],[-3.427360910736724,47.621575596191725],[-3.427368208647241,47.621746781858796],[-3.427515254544641,47.621747702592536],[-3.427533133189152,47.621674468831365],[-3.427770063348699,47.62197748423639],[-3.427847514902289,47.62195515029953],[-3.427940122667273,47.62205841376036],[-3.427900592681568,47.621952222642165],[-3.428005665620212,47.6219373960091],[-3.428085004196763,47.62204139128451],[-3.427916831496114,47.62208679133953],[-3.428180860478453,47.6221715682825],[-3.428224194661531,47.622087899286775],[-3.428450581027012,47.622192813961625],[-3.428428122135257,47.62189603101501],[-3.428543216160047,47.62185355819303],[-3.428566783968473,47.62171679359405],[-3.42864856563204,47.621730344090125],[-3.428523199418148,47.62146633079297],[-3.428632878954651,47.62137900165493],[-3.428732260264374,47.621427705063006],[-3.428798883370087,47.62131565806952],[-3.428847076536895,47.621493618841754],[-3.428918030461135,47.6214174567466],[-3.429004142794437,47.621466891954746],[-3.429030957538092,47.62135704095322],[-3.429183140514347,47.62151120269242],[-3.429137366818958,47.62168531649518],[-3.429246471839774,47.62171496957075]],[[-3.426507427038775,47.62070150895495],[-3.426551844982442,47.620626811782515],[-3.426447856533699,47.62065060838399],[-3.426507427038775,47.62070150895495]],[[-3.428817542758959,47.621802301106165],[-3.428855461941278,47.62167377566247],[-3.428724127774784,47.62158168018761],[-3.428661835010543,47.621729612086945],[-3.428817542758959,47.621802301106165]]]]},"properties":{}},{"type":"Feature","geometry":{"type":"Polygon","coordinates":[[[-3.430700180363051,47.621021103650094],[-3.430763549696489,47.62088214183511],[-3.43088297193147,47.620875551586764],[-3.430829622913261,47.620986867544616],[-3.430971251370334,47.620942927806084],[-3.430986958841276,47.62085175103913],[-3.431263444199282,47.62081843062797],[-3.43074513799581,47.620729630998284],[-3.431134546043221,47.62063589330783],[-3.43128592145407,47.62067269418612],[-3.431449754217125,47.6205914043665],[-3.431486583045147,47.62045390676791],[-3.431275633325765,47.620366208029715],[-3.431472502033308,47.62033728089671],[-3.431517183800812,47.62015419483679],[-3.431394513850625,47.62013387206775],[-3.431717029976524,47.61981804873771],[-3.431576759228604,47.619762573621074],[-3.431639041620669,47.61961464001786],[-3.431330880958665,47.61949618280856],[-3.431437302472047,47.61938193726813],[-3.431415640002981,47.61920251273955],[-3.431178701467446,47.618899504298945],[-3.431053868424075,47.61886123869768],[-3.431159745680792,47.618963767491984],[-3.431035995551145,47.618934473103444],[-3.431018122629181,47.619007707503684],[-3.430883542216849,47.618888700635104],[-3.430591632010003,47.61890480993334],[-3.430495775715471,47.618774634695825],[-3.430403978316672,47.61878873139094],[-3.430473297102896,47.61892037112745],[-3.430268852625011,47.61888649792521],[-3.4302122555736,47.618970899998814],[-3.430238519252404,47.61907782268182],[-3.430372289152133,47.61907947200305],[-3.430274802976847,47.61915709945234],[-3.430275338725169,47.61938284475884],[-3.430206829015209,47.61936856320595],[-3.430438349290928,47.619626717375766],[-3.430279659060628,47.61986124899699],[-3.430367662654879,47.62003701270263],[-3.430176482896315,47.62000240715895],[-3.430145065632229,47.62018476054791],[-3.430044328375623,47.62023547405904],[-3.430090358875566,47.62039549194859],[-3.430200842840046,47.62042551949721],[-3.430231986372239,47.6203515530932],[-3.430319181162815,47.62040995859116],[-3.430240649937657,47.62042332295261],[-3.430317824693343,47.620509374328456],[-3.430175113909882,47.62054434205213],[-3.430434533640493,47.62070161599733],[-3.430248492573857,47.62082025368106],[-3.430135841891741,47.62077228372051],[-3.430021834383418,47.620823729367935],[-3.430355455145572,47.620931754331295],[-3.430484897700211,47.62089751860633],[-3.430700180363051,47.621021103650094]],[[-3.431015668563496,47.62042570988204],[-3.430905728772315,47.620178909145096],[-3.431022983269658,47.62015437629668],[-3.431002132827488,47.620092309983185],[-3.431154589700513,47.62013808226845],[-3.431295132520764,47.620085170892736],[-3.431241513518495,47.620304874066385],[-3.431015668563496,47.62042570988204]]]},"properties":{}},{"type":"Feature","geometry":{"type":"Polygon","coordinates":[[[-3.422066577488077,47.61830717223303],[-3.421966592788863,47.618269652828566],[-3.4219321944937,47.618316703150576],[-3.421883736623738,47.618247126309946],[-3.421794100826494,47.61827915888032],[-3.421883155379512,47.61846390044029],[-3.421652471883839,47.61832308754982],[-3.421494828373473,47.618566578710066],[-3.421419541933772,47.61860685111765],[-3.421345628512451,47.61854770774851],[-3.421523943413765,47.619251323806694],[-3.421242636891232,47.619022990542085],[-3.421119681276166,47.61911104399391],[-3.420926933255561,47.61884170658647],[-3.420824027110077,47.61887446952797],[-3.420757976134926,47.61876973804536],[-3.420741170488404,47.61885194220573],[-3.420668338784814,47.6188017697431],[-3.420691339330999,47.61888178059771],[-3.420621751529049,47.61885852209063],[-3.420709428664901,47.61914268018431],[-3.420540764236858,47.618962324314545],[-3.420450832899042,47.6191027428655],[-3.420735289932598,47.61980051130522],[-3.42055472900359,47.619521470949444],[-3.420595818712134,47.61986238130486],[-3.420504603689126,47.619659696243914],[-3.420456934221928,47.61970747717503],[-3.420404151899159,47.61960201446374],[-3.420325619381082,47.61961537216364],[-3.420370245238886,47.61987480958661],[-3.420230185426927,47.62015345308225],[-3.420337325703551,47.6205990951066],[-3.420229303456451,47.620478613938516],[-3.420199720411863,47.62078729418268],[-3.420270097912594,47.620927911162205],[-3.420459111933879,47.62094459026472],[-3.420417929126772,47.62104619906891],[-3.420329662836788,47.6209788148768],[-3.420491258052387,47.62132211675502],[-3.420387559223528,47.62123752105348],[-3.420354238927672,47.62129354215863],[-3.420819073105608,47.62193621804738],[-3.420632218186552,47.621937482164576],[-3.420612460487149,47.621884385368084],[-3.420538250050011,47.62193362845349],[-3.420516329760405,47.6218625890097],[-3.420439663031552,47.622002276264],[-3.420397985361172,47.62187813997129],[-3.420274234382359,47.62184883422344],[-3.420196191681371,47.62208793685815],[-3.420268051273553,47.622905788651764],[-3.420203864962273,47.62292738650953],[-3.4201300424347,47.62242572389792],[-3.419899149213274,47.62195077595754],[-3.419776774477671,47.621822054140345],[-3.419753184104276,47.62195881695736],[-3.419648699190039,47.621756862437024],[-3.419660492929327,47.62229806573369],[-3.419936601117234,47.622815677617126],[-3.419845875231306,47.62283873730054],[-3.419590310524964,47.62249158032408],[-3.419609181645364,47.62286983772933],[-3.419744828194662,47.62299782866324],[-3.419520617917398,47.62291083979807],[-3.419409644979592,47.62265505723559],[-3.419190057335911,47.62249556618513],[-3.419146708663102,47.62257923181086],[-3.419003496912335,47.62238844086509],[-3.418988849620625,47.62248858727435],[-3.418803370690025,47.622390432961666],[-3.418673917025549,47.62242465571315],[-3.418677646897864,47.62267731467901],[-3.418522545342975,47.62238783852178],[-3.418565894838569,47.62230417311949],[-3.418279665080821,47.6222567214362],[-3.418186479361528,47.62237022400406],[-3.41813496602998,47.622607863567424],[-3.418293011154441,47.62303264100004],[-3.418531868292478,47.623019485898716],[-3.418536976015467,47.62317272933361],[-3.418731699836568,47.62312588106294],[-3.418803644915316,47.623501214962765],[-3.418989720757617,47.62338259567448],[-3.419201743364511,47.62347928778726],[-3.419100693195788,47.62363837854031],[-3.419211177689232,47.62366841643485],[-3.418897806653383,47.62383920167446],[-3.419061371615145,47.623866316120385],[-3.418902915505279,47.62399244502876],[-3.419005536199835,47.62406807060926],[-3.418968672731652,47.62420556401514],[-3.418731675520943,47.624345049371406],[-3.418921782285526,47.62437070225328],[-3.418703756992651,47.624445926518156],[-3.418742189431411,47.62454314929257],[-3.418633865550473,47.62453105360964],[-3.418574784602062,47.62470589386372],[-3.418258945375395,47.624967121350444],[-3.417960810891111,47.62482098440013],[-3.417802648290754,47.624838725062396],[-3.417729512089798,47.624896937615176],[-3.41779232186071,47.62497475650158],[-3.417423995026867,47.625022131397635],[-3.417383284586478,47.62534948358945],[-3.41731242787019,47.62498312050249],[-3.41715102205343,47.624973946288016],[-3.417123100209238,47.625074823024285],[-3.417002586066212,47.625072427855166],[-3.416976825518804,47.625191247217174],[-3.417082988698242,47.625185401768576],[-3.41690338716314,47.625357845908184],[-3.416947221055096,47.625499925889784],[-3.417114032648479,47.625553957034874],[-3.417033028377569,47.62565775646927],[-3.417265112298963,47.6256991626396],[-3.417415711338215,47.62561862342483],[-3.417397635907624,47.625357724196014],[-3.417426820039098,47.62559995004531],[-3.417518632576482,47.62558586360003],[-3.417539170004412,47.625756318789925],[-3.417460627715513,47.62576967452109],[-3.417634225590296,47.62576914623075],[-3.417576220928196,47.625952957191885],[-3.417660168181636,47.625984458000495],[-3.41767049514377,47.62584842664368],[-3.417673438768172,47.625983727247366],[-3.41777281865064,47.62603243986528],[-3.417556231040924,47.62678489550982],[-3.417678611799213,47.62691361932509],[-3.417610278715423,47.62723346146485],[-3.417753797541846,47.62731586709064],[-3.417720470687742,47.62737188726927],[-3.417869693931206,47.62739076277651],[-3.417824959297591,47.627573842931334],[-3.418032970763563,47.627526265160405],[-3.41803159123105,47.62762568039005],[-3.418198410565056,47.62767970992734],[-3.418183350448568,47.628330759849646],[-3.417931681926143,47.628570389279396],[-3.417937869505033,47.62873260361055],[-3.417355976807491,47.629225216378124],[-3.417479743285421,47.62925452510677],[-3.417355676932307,47.629333602823195],[-3.41743392477476,47.62942863362708],[-3.417173900450031,47.629488104390816],[-3.417287338815423,47.629653444375066],[-3.417080399318701,47.62970999207724],[-3.417040284236038,47.6298205705428],[-3.416886430090059,47.62987419516246],[-3.416909429738437,47.629954206306216],[-3.416806800697268,47.62987857911337],[-3.416703870744942,47.629911338238465],[-3.416706812143195,47.6300466385832],[-3.41681977129659,47.62998623486584],[-3.416844631758206,47.630192575037334],[-3.41675359089453,47.63032401861949],[-3.416572110769905,47.6303701327922],[-3.416686931260466,47.63043605822104],[-3.416555295024478,47.63045233585965],[-3.41651163416341,47.630644386534236],[-3.415880640015143,47.63128418550903],[-3.41575764731,47.63137223275998],[-3.415634957580989,47.63135189355581],[-3.415563667971419,47.63153643350781],[-3.415466744957789,47.63139727546575],[-3.416280308065074,47.63072033665154],[-3.416216412940221,47.63063354586754],[-3.416327212261527,47.630555200014165],[-3.416226744481275,47.630497514964354],[-3.416442938057048,47.63029596654714],[-3.416338926264958,47.63031975402927],[-3.416319169733603,47.630266656735714],[-3.416498488052532,47.630202600324864],[-3.416204350061669,47.63020073093959],[-3.416117154723143,47.630142315198825],[-3.416164058916429,47.62997717857768],[-3.416005880440502,47.629994916759784],[-3.415964206840798,47.62987077939578],[-3.415819300196303,47.62988778676721],[-3.415790898666048,47.629762918791975],[-3.415895990342494,47.62974810311303],[-3.415962045362883,47.62985283675399],[-3.415964509544485,47.62976239298434],[-3.416160340431951,47.62972452048119],[-3.416085034229838,47.629764789218754],[-3.416161118897778,47.629841878214435],[-3.41617901583111,47.629768646497176],[-3.416311731291096,47.62976134059502],[-3.416361273156179,47.6298398906529],[-3.416360494250314,47.62972253292086],[-3.41658394859307,47.629692169814874],[-3.416625145369148,47.62959056281477],[-3.416650306204817,47.62968851665248],[-3.416498312081626,47.62986846980801],[-3.416608808006101,47.62989851006787],[-3.416818813404425,47.629534746571835],[-3.417015723759021,47.62950584394484],[-3.416980533594026,47.629435534791476],[-3.417140091330188,47.629318380157216],[-3.417104901124965,47.62924807103453],[-3.417027434495175,47.62927039776345],[-3.417091930129943,47.629140415272715],[-3.416972487703153,47.62914699139133],[-3.417010440623512,47.62901847028053],[-3.417120154512122,47.62893115229424],[-3.417258272449211,47.62896870188554],[-3.417236353635819,47.6288976620834],[-3.417427556862015,47.62893228865064],[-3.417604707378636,47.62885028787357],[-3.417683553371633,47.628728545593056],[-3.41757414025038,47.62870747764307],[-3.41770823304608,47.62860075498111],[-3.417716398381205,47.628446781181005],[-3.417973472503969,47.62825200874921],[-3.417899549545338,47.62819286349231],[-3.418006017142351,47.62807863070329],[-3.417993343187465,47.62786258845381],[-3.417809710482816,47.62789076198537],[-3.417919420746112,47.627803443197614],[-3.417680841257301,47.6277082104834],[-3.417764009371947,47.627622353338616],[-3.417452290783089,47.627585332596695],[-3.417657059696204,47.62751084154167],[-3.417441481369791,47.62749561941763],[-3.417514920987147,47.62732902057167],[-3.417440999814799,47.627269874996465],[-3.4171400923437,47.62732256660592],[-3.417040710636747,47.627273853482045],[-3.417053201160955,47.62715576491708],[-3.416854137826746,47.62716672499212],[-3.416915388816355,47.627009828480524],[-3.417166454052325,47.626986974205124],[-3.417389115360038,47.626839251614975],[-3.41713078511146,47.62669092051611],[-3.417424604073845,47.626801174158686],[-3.417554668067498,47.62655017968503],[-3.417534911722001,47.62649708249389],[-3.417427365352014,47.62660234362421],[-3.417392176558915,47.62653203448964],[-3.417235089585533,47.626558745690716],[-3.417166273910927,47.6266528431354],[-3.417144656459696,47.626473416633],[-3.416975379651688,47.626509829504066],[-3.417032005624724,47.626425434173306],[-3.416898217730413,47.626423769578246],[-3.416999279735893,47.62626468095872],[-3.416870896338793,47.62630787297136],[-3.416874740470055,47.626118013729254],[-3.417055125031478,47.626062927657],[-3.417298800519406,47.62631140497159],[-3.41744291575024,47.62617703779422],[-3.41730294309382,47.62601315909145],[-3.417442134519831,47.62605967984789],[-3.417490111942214,47.62590351367237],[-3.417378542895123,47.62586450285808],[-3.417345216553327,47.625920522971484],[-3.417242894734994,47.625736509364714],[-3.416901103252016,47.6257824211802],[-3.416962051861017,47.62573391117721],[-3.416736753843022,47.625637945759216],[-3.416862974129877,47.62557681121448],[-3.416650646142727,47.62558850161283],[-3.416619002674821,47.625436719557484],[-3.416688118955171,47.62523423571012],[-3.416804009329946,47.62530913253363],[-3.41674690557981,47.625167783134],[-3.416881470304663,47.6252868059073],[-3.416864177540427,47.62514326456393],[-3.41699039651169,47.62508212986593],[-3.416815720079228,47.62507368586444],[-3.41683853946948,47.62481956583451],[-3.417016156976236,47.62496331049426],[-3.416947944331677,47.62484063451572],[-3.417102564372056,47.62490436770146],[-3.417097760974832,47.62464273764011],[-3.417291410565541,47.62458692047136],[-3.417315189472134,47.62478428978461],[-3.417352357454917,47.62453841023486],[-3.417401896004064,47.624616960062724],[-3.417525951326748,47.62453788210512],[-3.417399552662172,47.62426488591899],[-3.417579930420175,47.62420979898371],[-3.417544144075332,47.62435626326135],[-3.41762700789119,47.6243787927881],[-3.41762976829018,47.624179962000966],[-3.417983738046206,47.62412434589751],[-3.417998871555109,47.62424994449446],[-3.41783392614234,47.624322243962304],[-3.418072789163734,47.62430908980855],[-3.41814838440796,47.62416043294659],[-3.418046845722333,47.62409377794487],[-3.418296815745497,47.62406194987712],[-3.418097764203371,47.62407291208903],[-3.418076927258566,47.62401084359373],[-3.418279221602083,47.62402679539649],[-3.418332599827979,47.62391548534673],[-3.418558190849622,47.62390306102635],[-3.418371924556562,47.62368754801776],[-3.418545515651427,47.62368701837247],[-3.41856340725038,47.6236137860578],[-3.418344601365882,47.62357165159249],[-3.418302927342047,47.623447514652284],[-3.418186740750726,47.6234810060181],[-3.418015909236595,47.62328270424227],[-3.417838777827302,47.62336470587801],[-3.417836914847847,47.62323837643041],[-3.417706676738121,47.623155239975915],[-3.417764976920214,47.622863041884436],[-3.417924996849461,47.622971630726894],[-3.418012779466399,47.622813271730934],[-3.417776383910693,47.62273598163707],[-3.417922351442349,47.622727943110974],[-3.417941324500215,47.62266368219155],[-3.418046103167899,47.62275725133753],[-3.418141451779034,47.62266169157234],[-3.417952432402355,47.62264500873367],[-3.417930515261637,47.62257396883058],[-3.418052104748603,47.62258533438056],[-3.418097915369717,47.62241122500449],[-3.417950867808157,47.62241029241442],[-3.417961193338151,47.6222742607819],[-3.418110700720964,47.62218474919138],[-3.417988329761354,47.622056025515796],[-3.41818737380579,47.62204506347905],[-3.418146185825916,47.622146671424716],[-3.418240452203833,47.62204214021193],[-3.418255585726447,47.62216773891001],[-3.418383958046771,47.62212454528346],[-3.418282422939286,47.622057890416826],[-3.418373148173512,47.62203483193862],[-3.418450008515271,47.62222927792845],[-3.418502303578884,47.62210899636463],[-3.418735157226045,47.62226775786466],[-3.419158408481348,47.62234378457646],[-3.418983252635897,47.622109598791404],[-3.418988954607637,47.622046068584815],[-3.41911378644888,47.6220843470192],[-3.418992494388744,47.621964595717316],[-3.419174728825217,47.62203583576939],[-3.419143568990644,47.62210979916021],[-3.419201267993344,47.6220343739145],[-3.41880701727197,47.621866441384014],[-3.418754236074044,47.621760978043895],[-3.418611514372106,47.62179593161479],[-3.418557950012438,47.62157310997294],[-3.418817934243827,47.62151363588608],[-3.418771045695841,47.62167877429214],[-3.418894307807023,47.621482336548176],[-3.419148589513207,47.6214863919448],[-3.419171588938329,47.621566402988506],[-3.419202748416915,47.6214924395696],[-3.419403850859781,47.621941936929595],[-3.419260446668765,47.62141701427075],[-3.419624422270591,47.621333748190644],[-3.419853147919929,47.62179075418041],[-3.419826117301522,47.6215664711102],[-3.420018377203466,47.62161006489041],[-3.420156677077841,47.621981743121076],[-3.420115588542349,47.62164083298192],[-3.42026263402223,47.62164176284693],[-3.420120796283175,47.6213515576077],[-3.420140648734773,47.62096213556509],[-3.420032626196951,47.62084165423754],[-3.420132881229854,47.62056520419005],[-3.420025646338483,47.620562081098434],[-3.420071154474642,47.62049635771218],[-3.419991539331065,47.620500743855246],[-3.419785522857033,47.62023213577462],[-3.419787193820003,47.62002433318223],[-3.419902290683435,47.619981868834884],[-3.419760950607436,47.61991740820174],[-3.419862778223315,47.619875674883595],[-3.419816778827,47.61971565292174],[-3.419859042938044,47.6196230155923],[-3.41997738249532,47.61960746515884],[-3.419921652246591,47.619366701227996],[-3.42019892400754,47.619450765320536],[-3.420296719217883,47.61926475928651],[-3.420311856790727,47.61939035789709],[-3.420345175943246,47.61933433674935],[-3.420438845930567,47.619446577624856],[-3.420328957050959,47.619199766809814],[-3.42035578850578,47.61908991767296],[-3.420453783197714,47.61923804386786],[-3.420336913431745,47.61871165965468],[-3.420474219406058,47.61863184726594],[-3.420429794618924,47.618706542203135],[-3.420573294875107,47.618788944725594],[-3.420649168469995,47.618531898774776],[-3.420564149889159,47.6184914286631],[-3.420678161529701,47.61843999218676],[-3.420614273952603,47.6183532032603],[-3.420729659519752,47.61820235099369],[-3.420857727600345,47.61826754163051],[-3.420839255456325,47.61855754861223],[-3.420912086987374,47.618607720974566],[-3.420928892293856,47.6185255167793],[-3.421104629325986,47.618542925983434],[-3.421227789188999,47.618789004992074],[-3.421190729787615,47.61859236702512],[-3.421269260584439,47.618579008736475],[-3.421126344138171,47.61827983293739],[-3.421420416624277,47.61828168994039],[-3.421491959706204,47.61798875807488],[-3.421393672813324,47.617949019745815],[-3.421496576825462,47.61791625628683],[-3.421704755906327,47.618202804311174],[-3.421628388682217,47.61823410553952],[-3.421725594801933,47.61826487234423],[-3.421742689654847,47.618074280940036],[-3.421857780758954,47.618031814623095],[-3.421878619765721,47.61809388263427],[-3.421958521633322,47.61798110811626],[-3.422066577488077,47.61830717223303]],[[-3.416288907280114,47.63001545987503],[-3.416194146693704,47.62989424496278],[-3.416149706543711,47.629968937839166],[-3.416288907280114,47.63001545987503]],[[-3.416307884894855,47.62995119946208],[-3.416398624398322,47.62992814261138],[-3.416322539264407,47.629851053773834],[-3.416307884894855,47.62995119946208]],[[-3.416426901195782,47.63049552729105],[-3.416560221424228,47.630271448347045],[-3.416499568888551,47.630211571639215],[-3.416426901195782,47.63049552729105]],[[-3.417198099995855,47.62713875599101],[-3.417254726283936,47.627054360579606],[-3.41716399203535,47.6270774181295],[-3.417198099995855,47.62713875599101]],[[-3.417357050669197,47.62723837405117],[-3.417328646951444,47.627113506279265],[-3.417452708184622,47.62703442850108],[-3.417376625653008,47.62695734023512],[-3.417286972525102,47.626989369202796],[-3.41727093981267,47.627188930402816],[-3.417357050669197,47.62723837405117]],[[-3.417734523509098,47.62748851437494],[-3.417739146553481,47.62741601308934],[-3.417622950970563,47.62744950382593],[-3.417734523509098,47.62748851437494]],[[-3.41796282959279,47.62328562740546],[-3.418018369635226,47.623192260123375],[-3.417911129590506,47.623189135094464],[-3.41796282959279,47.62328562740546]],[[-3.418263567489172,47.62489461994998],[-3.418291487083956,47.62479374293173],[-3.418183162796636,47.624781646832346],[-3.418150918980166,47.62484663853043],[-3.418263567489172,47.62489461994998]],[[-3.418456433333895,47.62472144283525],[-3.41859975760639,47.62446971608506],[-3.418395001674148,47.62454420890933],[-3.41835597423221,47.62466375944338],[-3.418404731048829,47.62462495081395],[-3.418456433333895,47.62472144283525]],[[-3.420141332513136,47.62030284263465],[-3.420176321862872,47.62003901896539],[-3.420054737722974,47.62002765561197],[-3.420033311307775,47.62018236126699],[-3.420141332513136,47.62030284263465]],[[-3.42078805045982,47.618686802769346],[-3.420713642314507,47.61840191356689],[-3.420684356279362,47.618602207217016],[-3.42078805045982,47.618686802769346]]]},"properties":{}},{"type":"Feature","geometry":{"type":"Polygon","coordinates":[[[-3.4278631066381,47.61975976581666],[-3.428030189492904,47.61970539452881],[-3.428046984184659,47.61962318935585],[-3.42781250652529,47.619229729638086],[-3.427706356364606,47.61923558485682],[-3.427654084852484,47.61935587071832],[-3.427293662200414,47.61935768867875],[-3.427331024180341,47.61944593761647],[-3.427146622889642,47.619356767664904],[-3.426876636697648,47.619443905963465],[-3.426961941898097,47.61937598444199],[-3.426947069031563,47.61914199966205],[-3.427258744903579,47.619178995225845],[-3.427621889267178,47.61897834582031],[-3.427345411166118,47.61901165764208],[-3.427325647873011,47.61895856190175],[-3.427742668859542,47.61887234299226],[-3.42773509139703,47.6188095441534],[-3.427633271968816,47.61885128435795],[-3.427560433789457,47.61880111619361],[-3.427410951726721,47.618890640035396],[-3.427351382380787,47.61883973987802],[-3.427284759326878,47.61895178618808],[-3.427181054337859,47.618867196415884],[-3.427102244566575,47.61898894572354],[-3.426947629722015,47.61892522558228],[-3.426888862668581,47.61899168350496],[-3.426799789913973,47.6188069458124],[-3.426550411865982,47.618622018052235],[-3.426613789152911,47.61848305831811],[-3.426826888445284,47.618588708105875],[-3.426788726234942,47.61838310062241],[-3.426896518034953,47.61816944334429],[-3.426783354985118,47.61789572461725],[-3.426861602844487,47.61799074966384],[-3.426890865369832,47.61779045440256],[-3.426990760257505,47.61806490485641],[-3.42708147494473,47.618041839566494],[-3.427112863768965,47.61830200644629],[-3.427244746564366,47.61817732972364],[-3.427367130950665,47.61830604395603],[-3.427514133054441,47.61874948423625],[-3.427750803767009,47.618718367722025],[-3.427720494073056,47.61846717233381],[-3.42755369388951,47.61841315614032],[-3.427502505287346,47.61854241325047],[-3.427437524058061,47.61844665679486],[-3.427347647425623,47.61814456111296],[-3.427373416975212,47.61758321932732],[-3.427257248836495,47.61761671981678],[-3.42722205302097,47.61754641331971],[-3.427174391452579,47.61759419704425],[-3.427073936343182,47.61753652094002],[-3.42706010776814,47.617754026998824],[-3.426941252745523,47.61754383911558],[-3.426743309582115,47.61756378737406],[-3.426720300534197,47.61748377765756],[-3.426587335951151,47.61759948255321],[-3.426786040597771,47.61813941263506],[-3.426684502579973,47.618072764936926],[-3.426622489258861,47.618112308927294],[-3.426575346742285,47.61838583783185],[-3.426350344007969,47.61818150351269],[-3.426347941938218,47.61782942838779],[-3.426186838079581,47.61771187951739],[-3.426155172169666,47.61756009943288],[-3.425962921841661,47.617516515664434],[-3.426018724113852,47.61731475717213],[-3.425898227088901,47.61731237117195],[-3.425893615999177,47.61738487315634],[-3.425770954552776,47.61736454445181],[-3.425637988209288,47.61748024827364],[-3.425804783540015,47.617534267229026],[-3.425799606968669,47.61782354342217],[-3.425983200829855,47.61779535718408],[-3.425963956846127,47.61796800666975],[-3.426131036027624,47.61791363804898],[-3.426179499129909,47.61798321313906],[-3.426184109883083,47.6179107111656],[-3.426224715685809,47.61802587436536],[-3.426328699121704,47.61800207793055],[-3.426188957201872,47.618172341755674],[-3.426278590182798,47.618140305810456],[-3.426416123805824,47.61839461894085],[-3.42634865467087,47.618831825918974],[-3.426507035208245,47.61914820602839],[-3.426335341892937,47.61927507708429],[-3.426353740494655,47.61942758872988],[-3.426460692141797,47.61953909302662],[-3.426563596108987,47.61950632512965],[-3.426630460716651,47.619728411561894],[-3.426804319494594,47.61961948263727],[-3.427023115856627,47.61966160133959],[-3.42704885137662,47.619542779425366],[-3.427202385710461,47.61959752814828],[-3.427269009743079,47.61948548192232],[-3.427578801946119,47.61939614708004],[-3.427795154345285,47.61952870883474],[-3.4278631066381,47.61975976581666]]]},"properties":{}},{"type":"Feature","geometry":{"type":"Polygon","coordinates":[[[-3.424268364626088,47.61952451114583],[-3.424345363991469,47.61883391476111],[-3.424458231131439,47.61921602274553],[-3.424545702973069,47.61916604556429],[-3.424470192162252,47.61887218753344],[-3.424547129066998,47.618624110355476],[-3.424432895169379,47.6183414181202],[-3.424566663044285,47.61834307409188],[-3.424607835870425,47.6182414636841],[-3.4244204829895,47.6180169884006],[-3.424398048257032,47.6177202040438],[-3.424457898930652,47.617662718629745],[-3.424610343254771,47.61770849951468],[-3.424538876635514,47.617558913620464],[-3.424711080904781,47.61765779062506],[-3.42486381,47.617595184067916],[-3.424780156424673,47.61745530118178],[-3.424969443913014,47.61736358589011],[-3.424973258601074,47.6171737255106],[-3.425170118950835,47.61714480895403],[-3.42501386123145,47.61728888917481],[-3.425139484289848,47.617444519683424],[-3.425117559721059,47.61737348093981],[-3.425225870548358,47.61738557065392],[-3.425419768755401,47.61722135266768],[-3.425385090671311,47.617376791163146],[-3.425534855096013,47.617178882708515],[-3.425646928110659,47.61744363145731],[-3.425912860000184,47.617212223630695],[-3.425882277312068,47.617069414721136],[-3.425746065566201,47.61715820482076],[-3.425847600673201,47.617224853366025],[-3.425756886841074,47.617247917707154],[-3.425589293445895,47.61707654024296],[-3.425239422697777,47.61727645190767],[-3.425309577771107,47.617082933405676],[-3.425450917042169,47.61714738741726],[-3.425580636676165,47.617004769915546],[-3.42540382118302,47.61697839614022],[-3.425499146304296,47.61688283008559],[-3.425448520950076,47.616795312087454],[-3.425260602096235,47.61678761231944],[-3.425385993145426,47.61660910982422],[-3.425300175673421,47.61645128464911],[-3.425269825879199,47.61664260835344],[-3.425158270500538,47.616603604785055],[-3.425131450176208,47.61671345516494],[-3.424945695620229,47.616723697483124],[-3.424926219996386,47.616562214105286],[-3.424846611118332,47.616566603566866],[-3.424642976141354,47.61665007894555],[-3.424693600037408,47.6167375972994],[-3.424449077619763,47.61681429569009],[-3.424572819220641,47.61684359708998],[-3.424443382703896,47.61687782633351],[-3.424502947088449,47.61692872802528],[-3.42465675627888,47.61687509301725],[-3.424746103198869,47.61695144537988],[-3.424742572530104,47.61703291863096],[-3.424551121975977,47.617106690970154],[-3.424727937472776,47.61713306603475],[-3.424563023160162,47.61720537526928],[-3.424562737983537,47.6173137624019],[-3.42445904048899,47.61722917014167],[-3.424385636433327,47.61739577421724],[-3.42425511657725,47.61742103194215],[-3.424228804149732,47.61775662759031],[-3.424323847099718,47.61776944963966],[-3.424252605660319,47.61795399618241],[-3.424089056175625,47.61792688892414],[-3.424070092200756,47.6179911509982],[-3.424049250686388,47.61792908337482],[-3.424025672977648,47.61806584732768],[-3.423823399504065,47.618049905429],[-3.423742419663386,47.618153709916044],[-3.424271222434517,47.618440640783554],[-3.424166155340766,47.618455464083546],[-3.424142291661433,47.6187006150777],[-3.424047247097381,47.61868779288672],[-3.424010177381827,47.61849115580439],[-3.423905110116188,47.61850597886912],[-3.423950611723933,47.61844025390202],[-3.423801411347974,47.618421386076626],[-3.423788429480173,47.61831373045965],[-3.423640311309977,47.61830383372901],[-3.423499765593294,47.61835673594109],[-3.423575844709486,47.61843382055903],[-3.42367983012052,47.618410026487716],[-3.423674134119062,47.618473557041696],[-3.423515992221704,47.61849130549832],[-3.423448854675322,47.61837760421313],[-3.423358137848306,47.618400666677346],[-3.423463999412111,47.618503202472155],[-3.423407104479333,47.618695988317334],[-3.423171295363504,47.61840193485901],[-3.423070554846919,47.61845264240107],[-3.423182400549678,47.61838326086295],[-3.423169419939344,47.618275605175064],[-3.423287755545699,47.61826005137654],[-3.423252852374552,47.618081356625645],[-3.423111513284625,47.618016899984646],[-3.423038392217367,47.618075116065384],[-3.423149949121996,47.61811412162938],[-3.423031613798944,47.618129675289424],[-3.422810878999342,47.61840373898591],[-3.422783548876753,47.61828784328497],[-3.422677400037455,47.618293693935634],[-3.42270530784043,47.618192815520594],[-3.422563679876578,47.61823674529708],[-3.422597285118266,47.61807233639414],[-3.422451331019319,47.618080380782025],[-3.422364650929125,47.6182477148135],[-3.422241988844177,47.61822738241142],[-3.422278260116484,47.61830666170043],[-3.421966512489921,47.61871217237777],[-3.421945092142506,47.618866878487815],[-3.422117374876293,47.618523239758964],[-3.422192660671694,47.618482966899805],[-3.422278472223084,47.618640794194164],[-3.422294193862096,47.61854961848923],[-3.422380295436114,47.61859905865373],[-3.422475628863119,47.6185034951465],[-3.4223954377219,47.61872465703706],[-3.4224574548851,47.618685115303734],[-3.422534614582832,47.61877117189895],[-3.422499927092052,47.618926609414174],[-3.42255869953712,47.61886015369787],[-3.422605788050469,47.619029145959274],[-3.422689223713987,47.61883489788755],[-3.422738764822888,47.61891344568171],[-3.422880683038173,47.61876112866602],[-3.422884721155974,47.61890540093803],[-3.423042359327841,47.618661907943974],[-3.423241389680121,47.61865093727492],[-3.423304994145908,47.618846111795385],[-3.423452031983819,47.6188470376462],[-3.423518882822098,47.61906912593478],[-3.42353380795307,47.61886059174367],[-3.423781586543285,47.61881080924852],[-3.423932665245733,47.618956006731324],[-3.423937788082247,47.619109250249245],[-3.424004418356911,47.61899720585767],[-3.42405151156735,47.61916619752427],[-3.424273835433193,47.61912684824757],[-3.424273549659203,47.61923523527277],[-3.42413192022045,47.61927916692759],[-3.424268364626088,47.61952451114583]],[[-3.42427669310927,47.61804297766427],[-3.424172994651597,47.61795838518163],[-3.424266956053741,47.61796223597619],[-3.42427669310927,47.61804297766427]],[[-3.424765806088305,47.61744706144893],[-3.424779359193618,47.617337942759505],[-3.424840006389913,47.61739781556414],[-3.424765806088305,47.61744706144893]]]},"properties":{}}]}