{"type":"FeatureCollection","features":[{"type":"Feature","geometry":{"type":"Polygon","coordinates":[[[-3.494813503962527,47.65373588756927],[-3.494832395427631,47.65367161522303],[-3.494480928765576,47.653420248629615],[-3.494228678003716,47.65343429827779],[-3.49404966343209,47.653281702739434],[-3.493759917603787,47.65320752536151],[-3.493826154483977,47.653312213644746],[-3.493743068761984,47.653398123761036],[-3.493566244222472,47.65326346845507],[-3.493611689641683,47.653197717555926],[-3.493473455310207,47.653160258735156],[-3.493483303517225,47.65324099315085],[-3.493390514804496,47.65313778336386],[-3.493401457114514,47.65322748827874],[-3.493263222853511,47.65319002920988],[-3.493146070453347,47.65310623887236],[-3.493135274663039,47.65290814867155],[-3.493098582317096,47.653045663356366],[-3.492994560400266,47.65306951880057],[-3.492748075209882,47.65291164722753],[-3.492664988375753,47.65299755659534],[-3.492490208653576,47.652989225889925],[-3.492462709468914,47.65287334861529],[-3.492314482673713,47.65286353916265],[-3.49236664122144,47.652743226488816],[-3.491916343732994,47.652777329929435],[-3.491990234381066,47.65294481282275],[-3.492210460761386,47.652887393911186],[-3.492389616329944,47.6529316070442],[-3.492377286519531,47.65304970203126],[-3.492652512113186,47.65322403685134],[-3.492851657005356,47.65321294775378],[-3.492823062787439,47.6530881000805],[-3.492927084817176,47.65306424478918],[-3.493086254049591,47.653163758411175],[-3.493133888345793,47.65311594868386],[-3.493372570435006,47.65331941122603],[-3.493562816242757,47.653344942224564],[-3.49360468870624,47.65346905033088],[-3.493661222052474,47.65338461907197],[-3.493734024723631,47.65354313032216],[-3.493958629024173,47.653521590081404],[-3.493937836772071,47.65335115086401],[-3.494143259993497,47.65361065293279],[-3.494403315964704,47.65355101160884],[-3.494551401863769,47.65366920362963],[-3.494565915875526,47.65356904940906],[-3.494813503962527,47.65373588756927]]]},"properties":{}},{"type":"Feature","geometry":{"type":"Polygon","coordinates":[[[-3.491629139760988,47.6532719850347],[-3.491571807875538,47.6531306743304],[-3.491756582374434,47.653111355727745],[-3.491763294957448,47.65305679352364],[-3.491852798468281,47.65313309308869],[-3.492006792627098,47.652970985151974],[-3.491891682033754,47.65301351981414],[-3.491586476545869,47.65292213519814],[-3.491300811999228,47.65310060425431],[-3.491289873247131,47.653010899136845],[-3.491148209381546,47.653054911277025],[-3.490858468819,47.65298072669667],[-3.490717898455143,47.65303370883187],[-3.490348500836059,47.65296395721226],[-3.490130459493226,47.65303931365825],[-3.489329659374149,47.65293938209756],[-3.489239066271084,47.65285411006048],[-3.488926057327216,47.65280831002414],[-3.488579780585043,47.652818548781546],[-3.48857743843434,47.65290899296148],[-3.488691458010739,47.65285749102453],[-3.48875221728253,47.6529173295191],[-3.4890995881357,47.65291606078425],[-3.489200022817224,47.653082067709924],[-3.489267651976951,47.65297895862582],[-3.489441337600093,47.652978323621454],[-3.489367147467594,47.65302760962746],[-3.489561764652632,47.65308902926204],[-3.489662507339686,47.653038265292565],[-3.490081728902309,47.65307815164026],[-3.489927881166903,47.653131871791565],[-3.490035185569623,47.653134930647596],[-3.489974272124034,47.653183478069714],[-3.490059398602555,47.653223896910184],[-3.490341483335989,47.653235289824664],[-3.490287436020041,47.65312089004883],[-3.490420199361671,47.65311350004129],[-3.490753050434596,47.65321238012123],[-3.490986555585595,47.65315422447729],[-3.491011864045082,47.65325216105535],[-3.49108495912762,47.65319390349796],[-3.491196639167462,47.65323284333926],[-3.491164467110178,47.65329785420598],[-3.491629139760988,47.6532719850347]],[[-3.490243080270564,47.65319561017883],[-3.490118124657374,47.65315740840025],[-3.490122651563756,47.653084905246494],[-3.490231049580109,47.653096934445315],[-3.490243080270564,47.65319561017883]]]},"properties":{}},{"type":"Feature","geometry":{"type":"Polygon","coordinates":[[[-3.507218264096611,47.652755255523964],[-3.50733469291511,47.65250490553897],[-3.507104733371793,47.6523732343653],[-3.507086092597608,47.65222073812228],[-3.506835065533481,47.652135400041445],[-3.506862831905448,47.652034503340275],[-3.506680259491574,47.65207178658253],[-3.506761129408717,47.6519679264663],[-3.506844073727004,47.651990392361675],[-3.506778909400291,47.65189468175795],[-3.506487079541791,47.651694209796496],[-3.506498043574855,47.651783913551604],[-3.506347624468812,47.65175618114212],[-3.506351032823693,47.65167470693098],[-3.506235936464243,47.651717255750334],[-3.506100009504276,47.65158936724686],[-3.505835470745715,47.65172153847522],[-3.505527935405588,47.651720634788724],[-3.505462531729495,47.65184169411781],[-3.505391767806886,47.65180951614565],[-3.505220157050909,47.65193650096187],[-3.505017731017232,47.651920699978255],[-3.505089591033542,47.65196184856269],[-3.504920293483187,47.6519983883808],[-3.504842952896012,47.65191238774284],[-3.504766586238956,47.651943742771614],[-3.504771093136533,47.65187123900568],[-3.504579628324258,47.65194514117116],[-3.50444029347731,47.65189872490579],[-3.504475613687477,47.65196900684825],[-3.504302054910144,47.65186127886868],[-3.504263199997987,47.65198085634306],[-3.503794160902783,47.65197089416813],[-3.504003038717943,47.6521489049745],[-3.503757621158288,47.65200002694565],[-3.503714381148771,47.65208372263094],[-3.503454467839706,47.652034999402055],[-3.503436432963822,47.65232501422032],[-3.503300385752474,47.65230550780975],[-3.50338210799806,47.65242739105715],[-3.503647627561968,47.65241258113366],[-3.503574672124978,47.65236246127232],[-3.503652260718708,47.65223169212176],[-3.503882459594279,47.65214659948101],[-3.503977458860243,47.65226774178345],[-3.504327017215607,47.65228436857864],[-3.504204369289571,47.65215573731887],[-3.503984282863645,47.65210479353952],[-3.504109369707828,47.65203459519381],[-3.504456611377634,47.652141666129054],[-3.504768656044119,47.65207006887637],[-3.504806169056299,47.6521582914921],[-3.505036243887927,47.6521815818924],[-3.504934543390135,47.65211500343393],[-3.505058532839497,47.65203583368389],[-3.505142572729317,47.65206727117356],[-3.505278741400971,47.65197839011898],[-3.505406993785101,47.65204348686314],[-3.505577508187408,47.65190753139637],[-3.505517827438559,47.651856672003404],[-3.506025716817237,47.651747049206186],[-3.506261152835146,47.65192357443095],[-3.506127178634951,47.652030397388025],[-3.506287585122962,47.65203047813839],[-3.506263345572267,47.651941515184475],[-3.506413765157008,47.65196924769974],[-3.506342881259288,47.65204545563212],[-3.506517660050056,47.65205376562367],[-3.506485507372674,47.65211878074706],[-3.506613761566621,47.652183876162034],[-3.506675755171452,47.65214429041449],[-3.506640194689902,47.652290779775186],[-3.506690986875815,47.65237826092369],[-3.506809373704801,47.65236262277995],[-3.50689317891022,47.65261082960108],[-3.507096704640758,47.652635597696026],[-3.507218264096611,47.652755255523964]],[[-3.507181843214479,47.65267600407477],[-3.506936414360336,47.65252713276275],[-3.50697976761439,47.65233505060027],[-3.507241761282011,47.65251009201262],[-3.507181843214479,47.65267600407477]],[[-3.506899015670017,47.65233052554321],[-3.506705596244406,47.652169719815454],[-3.506964416685978,47.65220946544114],[-3.506899015670017,47.65233052554321]],[[-3.50377844425291,47.65217046453506],[-3.503684416916589,47.65216667778177],[-3.50373094487854,47.652109893310474],[-3.50377844425291,47.65217046453506]]]},"properties":{}},{"type":"Feature","geometry":{"type":"Polygon","coordinates":[[[-3.509995583449236,47.65218477042489],[-3.510152810816626,47.65204954952428],[-3.5102113991634,47.652091436206014],[-3.510198234760483,47.651983792134764],[-3.510418326619784,47.65203472421442],[-3.510470221836556,47.6521311740688],[-3.510545488317657,47.65209084498016],[-3.510402967684141,47.65190913948735],[-3.510316619686096,47.65196815043479],[-3.510123079721174,47.65191573567067],[-3.51016169850406,47.65201292691437],[-3.509795685650607,47.651861762416424],[-3.509649539840495,47.651978300967635],[-3.509550027815436,47.651929667208925],[-3.509610050275533,47.651655368522306],[-3.509438562998472,47.65167397419878],[-3.509326986080684,47.651526666406866],[-3.509279367714571,47.65157448277328],[-3.50913893290337,47.65151910175087],[-3.508994338800675,47.65121106841033],[-3.508810673911011,47.6512393846426],[-3.508745506973782,47.651143675097956],[-3.50850544960033,47.651148044130174],[-3.508641266639757,47.65138431523133],[-3.508736504090911,47.651288682988444],[-3.509008597401746,47.65132768301452],[-3.50898302908665,47.6514465209699],[-3.509206294718891,47.65163275175852],[-3.509128834181412,47.65165513929206],[-3.509247105359388,47.651747884018896],[-3.509375475102496,47.65170459107306],[-3.509380846483115,47.65185782815554],[-3.509598630566107,47.65199920641903],[-3.509840885622672,47.65201277582881],[-3.50984625837101,47.65216601286519],[-3.509995583449236,47.65218477042489]]]},"properties":{}},{"type":"Feature","geometry":{"type":"Polygon","coordinates":[[[-3.486322806921699,47.65294412286956],[-3.486449012024839,47.65288291401886],[-3.486235497677666,47.652885760181746],[-3.485912815171611,47.652650831770536],[-3.485776612526423,47.65273969022576],[-3.485689304214406,47.652681327123645],[-3.48573366591368,47.65260660870206],[-3.485394108902509,47.652562276149006],[-3.485043786826239,47.65231985160006],[-3.485100007728991,47.65245219499385],[-3.484976150339231,47.652422958275196],[-3.484648941915001,47.65226052930559],[-3.484521970619563,47.65209599507787],[-3.484041079758138,47.65187889193953],[-3.483902092594003,47.65161568055738],[-3.483679842659526,47.65154675734997],[-3.483541785129015,47.65140090142017],[-3.483725794326657,47.65115585422592],[-3.483603033241587,47.65113558662374],[-3.483594292913003,47.65106382188035],[-3.483380619817634,47.651175048177954],[-3.482876467350391,47.65098632834583],[-3.48265346368851,47.65069166183294],[-3.482463232563385,47.65066611303971],[-3.482383913353981,47.650453770888504],[-3.48216150187055,47.65049323013648],[-3.482060001694989,47.65031824632686],[-3.482170745173816,47.65023983884851],[-3.482127809567046,47.65010675582595],[-3.481971609160423,47.65025090976219],[-3.481850112035136,47.65013122552253],[-3.481887923597876,47.65000268477544],[-3.48175625902475,47.65001903571712],[-3.481746429156931,47.649938300178114],[-3.481525111520238,47.649986728840965],[-3.481486206928997,47.650106298854425],[-3.481346896979693,47.65005985501197],[-3.481446210002093,47.65021689823032],[-3.481499482636527,47.65010556085916],[-3.481734076481439,47.65005639422594],[-3.481928336395896,47.65033459745973],[-3.482033450189229,47.65031972244307],[-3.482069663570715,47.65050736720709],[-3.48237702359448,47.65061671800559],[-3.4823613951809,47.65070790025947],[-3.482547256979039,47.65069756679979],[-3.482757151310376,47.65088458629663],[-3.482729339953479,47.650985477326245],[-3.482818994086752,47.65095339853903],[-3.483000153606278,47.65112395266183],[-3.483062163496419,47.65108437942079],[-3.483110730952019,47.65115392967401],[-3.483491197483028,47.651205024829316],[-3.483464314163499,47.651423271943656],[-3.483631108736435,47.65158559267234],[-3.483949404293976,47.65178464516923],[-3.48400780717139,47.651934930296996],[-3.484184767428231,47.65196121486002],[-3.48476045222708,47.65240786059606],[-3.485173876529295,47.652619682224866],[-3.485177479502686,47.65242982339803],[-3.485336470480427,47.652637732875114],[-3.485525617113972,47.65265430639713],[-3.485664776234354,47.65280913045323],[-3.485899378128008,47.65275995552761],[-3.486322806921699,47.65294412286956]]]},"properties":{}},{"type":"Feature","geometry":{"type":"Polygon","coordinates":[[[-3.481263455883168,47.65036252718841],[-3.480832762737504,47.64989877609039],[-3.480475411637284,47.64992767001772],[-3.480054383429031,47.64965303704112],[-3.479815768529599,47.649449546911136],[-3.47979502304143,47.64927910481751],[-3.479410032653675,47.64930050046145],[-3.479363481260532,47.64935727533016],[-3.479100328236855,47.64928158594487],[-3.478841367679185,47.64935016399313],[-3.478754813656209,47.64951753712885],[-3.478627691538916,47.64946138169953],[-3.478595155258453,47.649743160083055],[-3.478334008552151,47.6497937956989],[-3.478372567890781,47.649890997547686],[-3.478045956553232,47.65006267675225],[-3.477763891221725,47.650051254140315],[-3.477904997575023,47.649673131267825],[-3.477777875981428,47.64961697491861],[-3.477657126222002,47.64972302778429],[-3.477804250056596,47.64972388519042],[-3.477647684055132,47.65008480418419],[-3.477669691998045,47.650155831848686],[-3.477840093906813,47.650128302126916],[-3.47782991564882,47.65026433705154],[-3.477923023182429,47.65015078856956],[-3.478274919029074,47.65007704921416],[-3.478566244957409,47.649835079536295],[-3.47875537955202,47.649851664040376],[-3.47871463615964,47.64973652102609],[-3.478786472945387,47.64977768582945],[-3.479130722808808,47.649641149370225],[-3.479645196349375,47.64958546495582],[-3.4795966348388,47.64951591320541],[-3.479775768632485,47.64956014575317],[-3.479805768570866,47.64947719662352],[-3.480165875604722,47.64980037291621],[-3.480604720839853,47.6500017646755],[-3.480673111985857,47.65012440183867],[-3.480764949996533,47.65011026586278],[-3.480788054149361,47.650190263562685],[-3.480944086754164,47.65015449660585],[-3.480981559024667,47.650242726953664],[-3.481263455883168,47.65036252718841]],[[-3.479512614023415,47.649484457304375],[-3.479374399212461,47.64944698173423],[-3.479391124159181,47.64936477046025],[-3.479512614023415,47.649484457304375]]]},"properties":{}},{"type":"Feature","geometry":{"type":"Polygon","coordinates":[[[-3.477185750644968,47.64980340290864],[-3.477316502818325,47.64966970103915],[-3.477165191917304,47.649524574953844],[-3.477290307989622,47.64945440522424],[-3.47719864861563,47.649360153039076],[-3.477052617198592,47.64936826553254],[-3.477121356538956,47.64927413394132],[-3.476974412838568,47.64916489022932],[-3.476865846697347,47.649261234156064],[-3.476637979434742,47.649255829593834],[-3.476447576356511,47.649338656430444],[-3.476217706698097,47.64920692427007],[-3.47610150039819,47.649240472791156],[-3.476000932841837,47.649182839726954],[-3.47557684182003,47.64877289302229],[-3.475337883522896,47.64878616460416],[-3.475390803278719,47.648891600871],[-3.475545744562186,47.64884687041795],[-3.475707960849653,47.649081705415156],[-3.476140055269921,47.64933767540465],[-3.476225345536877,47.64926971896411],[-3.476317003036229,47.649363971917154],[-3.476724001499861,47.6494136143343],[-3.476789108879728,47.649509341814394],[-3.476845843782809,47.64931653308012],[-3.476980782301746,47.649327099654535],[-3.477006063237922,47.649425039460084],[-3.477170827542968,47.64946104282586],[-3.477044441149205,47.649630627191534],[-3.477185750644968,47.64980340290864]]]},"properties":{}},{"type":"Feature","geometry":{"type":"MultiPolygon","coordinates":[[[[-3.470024909046099,47.64938817738227],[-3.46970469305363,47.6490627598096],[-3.469536664613661,47.64899983370739],[-3.469518834465418,47.64907307285208],[-3.469268076858561,47.64887926849397],[-3.469080344741538,47.6488144492338],[-3.469242810384446,47.64878132698693],[-3.469563409744249,47.64888997497999],[-3.469989635926239,47.64931788493937],[-3.470132397557472,47.64928286909076],[-3.470024909046099,47.64938817738227]]],[[[-3.469041190478912,47.648800930176485],[-3.468975119295805,47.64877811728633],[-3.46864541038787,47.64881447264343],[-3.468625203279835,47.648978155622125],[-3.468586662358043,47.6488809505114],[-3.468390994735327,47.6488105250678],[-3.468132022702068,47.64887907939959],[-3.468003823414256,47.6488139416468],[-3.467793593882758,47.648843666369004],[-3.467818162844777,47.648715866528846],[-3.468162040358442,47.64879613323059],[-3.468347201126562,47.64856008067206],[-3.468595075781483,47.64851020387355],[-3.468691078432052,47.64864034582349],[-3.468819278141752,47.64870548282819],[-3.468894571260976,47.6486651804989],[-3.469041190478912,47.648800930176485]]]]},"properties":{}},{"type":"Feature","geometry":{"type":"Polygon","coordinates":[[[-3.47173528865407,47.64927519004751],[-3.471694560851158,47.649160044551394],[-3.471799675182737,47.64914517873103],[-3.471988281712047,47.648827647129444],[-3.471838078205696,47.64869148479555],[-3.471885916763744,47.64853529814564],[-3.472227806598012,47.64848922598604],[-3.472292190978203,47.6483592143449],[-3.47255077941202,47.64850742174552],[-3.472820650709474,47.648528564666826],[-3.472958671500073,47.64867443347991],[-3.473282736441794,47.64870159791813],[-3.473301279374436,47.64885409981951],[-3.473358930728491,47.64877864888105],[-3.473565512872804,47.64893877297746],[-3.473878856266503,47.64876784332666],[-3.474112175658229,47.64881810673238],[-3.473981787464437,47.64873503415085],[-3.473657721963763,47.64870787165175],[-3.473508233484119,47.64879745309516],[-3.473133620716779,47.6485744079417],[-3.473074878543176,47.64864088807434],[-3.472916850822472,47.64855031766949],[-3.472931404049984,47.648450165871694],[-3.472799740564042,47.64846650673507],[-3.472667173977511,47.6483654912583],[-3.472620616225619,47.64842226346837],[-3.472605347293182,47.64829667355108],[-3.471856139470437,47.647850576111885],[-3.471624627865544,47.64803502063769],[-3.471802091425604,47.64839545120332],[-3.47157659914724,47.64829959271383],[-3.471441474178533,47.64839740537996],[-3.471682423038013,47.648510468677785],[-3.47171769785415,47.64858076063931],[-3.471597128198968,47.64857842182936],[-3.471647859392061,47.648665918369794],[-3.471916451450363,47.648786478126716],[-3.471831156468147,47.64885443143934],[-3.471731684750875,47.648805765403026],[-3.471718931057532,47.6491406293574],[-3.471332138242396,47.64892728606751],[-3.471209386993866,47.64890700542245],[-3.47114390890941,47.649028045710885],[-3.471231195332078,47.64908641979029],[-3.471370684199274,47.64902449027032],[-3.471457780775738,47.649191249622234],[-3.471655824520207,47.64917122590557],[-3.47173528865407,47.64927519004751]]]},"properties":{}},{"type":"Feature","geometry":{"type":"Polygon","coordinates":[[[-3.462673241009548,47.648170292114024],[-3.46284929684353,47.64807925275008],[-3.462758546560443,47.64810234546219],[-3.462614021442972,47.64790263973737],[-3.462570463830069,47.64754380754499],[-3.462456430402425,47.64759528413666],[-3.462378075749347,47.64750028440241],[-3.462394409287039,47.647634846514265],[-3.462304748453568,47.647666909686244],[-3.461995687499275,47.64732279326243],[-3.461867289879224,47.6473660342535],[-3.461649651213563,47.64722456672124],[-3.461541061352204,47.64732089650598],[-3.461272043722393,47.64686618535975],[-3.461425023965561,47.64669514638123],[-3.460956039400078,47.64668501224336],[-3.460909470654861,47.64674177983647],[-3.46086876814713,47.64662663041616],[-3.460720564524576,47.64661678085924],[-3.460725371905265,47.64698679165799],[-3.460840705978811,47.64683590201352],[-3.461192392631473,47.64687059952825],[-3.461218732118123,47.64697751369417],[-3.46111709622742,47.64691089693228],[-3.461059218378994,47.64709472744616],[-3.46095431651187,47.647001198079494],[-3.460895560896748,47.64706767214335],[-3.461052263932466,47.64725767358566],[-3.46114561294853,47.64703575275604],[-3.461375436039813,47.64716751471202],[-3.461428116145314,47.64738134291635],[-3.461702542372231,47.647330009271364],[-3.461645964876302,47.647414425330304],[-3.461748900983937,47.647381626907105],[-3.461748691179936,47.647490012428484],[-3.461585032135722,47.647462958096895],[-3.461781564895705,47.64765075131164],[-3.46181942304436,47.647522216895915],[-3.461919972151752,47.64757986221395],[-3.461952637047701,47.64784898654285],[-3.461936513982331,47.64760603887523],[-3.462205078761508,47.647726621019665],[-3.462308015127733,47.64769382210927],[-3.462304331100623,47.64788368069262],[-3.462397676004463,47.64766175893523],[-3.462590945528681,47.64782263835085],[-3.462673241009548,47.648170292114024]]]},"properties":{}},{"type":"Feature","geometry":{"type":"Polygon","coordinates":[[[-3.460449857937302,47.64702915218926],[-3.460357356557652,47.64681753029759],[-3.460596097617541,47.64691267488831],[-3.460681403802842,47.646844729708306],[-3.460555607880833,47.64668913981075],[-3.460429387731516,47.646750320892856],[-3.460365401613012,47.64666355499261],[-3.460287927812341,47.64668591020592],[-3.460328629111844,47.646801059825],[-3.460205886937956,47.64678076759888],[-3.460084446538502,47.6466610605172],[-3.460080518932183,47.64640840604364],[-3.460006310820224,47.646457673575746],[-3.459890527467255,47.64627443486784],[-3.459833948223944,47.64635885009584],[-3.459762130663918,47.64631767356934],[-3.459925998773386,47.646236344887406],[-3.459912937258913,47.6461286948444],[-3.459662228378976,47.645934869577],[-3.459968427668276,47.64603530873091],[-3.460365350634869,47.645561757390176],[-3.459932060539983,47.645405143366965],[-3.459666796054056,47.64586236733503],[-3.459312066735073,47.64569236706525],[-3.459156905944433,47.64584546167569],[-3.458809580433359,47.6458466414119],[-3.458686625015032,47.64593473318369],[-3.458373899560018,47.64578046554739],[-3.458393270452474,47.646050326492954],[-3.458369113472705,47.64596135334345],[-3.458004159656725,47.64592738264414],[-3.458059653197264,47.64583399742734],[-3.457871627389733,47.64582635025033],[-3.457947142233669,47.64567766930421],[-3.457712763727908,47.64561840268095],[-3.457643343065988,47.64548678093581],[-3.45750602359879,47.645566635907464],[-3.457470987982047,47.6453879539204],[-3.45733606329184,47.64537736479568],[-3.457322569640736,47.64548648567405],[-3.457191996677216,47.64551177984072],[-3.457210492514604,47.64566428454588],[-3.457095808454431,47.645490013858506],[-3.456900168433472,47.64541956905023],[-3.456906696058362,47.64547339426089],[-3.456793969373066,47.64542545062713],[-3.456847937083277,47.64553986634232],[-3.456650989160452,47.645568835870684],[-3.456702133079322,47.6454395677981],[-3.456605945186523,47.64541780141182],[-3.456550449534737,47.64551118595845],[-3.456581791473255,47.64532882786351],[-3.456395943356809,47.64533912005384],[-3.456361778710203,47.64527779422396],[-3.456225545684678,47.64536661857334],[-3.45616374368044,47.64529779206082],[-3.456180060873033,47.64543235519537],[-3.456048399706448,47.64544867720966],[-3.456006177970695,47.6455413263892],[-3.455989861183269,47.64540676323805],[-3.455645801633761,47.645434846201454],[-3.455701298789329,47.64534146208078],[-3.455562023729447,47.64529498738619],[-3.455634281102657,47.64511939524649],[-3.455287183159483,47.64501217886905],[-3.454969675411,47.64503878980424],[-3.454822117139349,47.64525467492261],[-3.454775767076097,47.645203054481804],[-3.454570982109916,47.645277609916654],[-3.45437992099704,47.64513465881064],[-3.454294609522111,47.64520259945055],[-3.454279384643001,47.6450770069313],[-3.454163173548684,47.645110533706806],[-3.454075912303042,47.645052146758566],[-3.454000613091035,47.645092439614864],[-3.454152073642793,47.64512921038954],[-3.454063048709374,47.64538700943281],[-3.453913988062751,47.64525979471444],[-3.454014975375151,47.64510067563723],[-3.453750113789669,47.64534111500628],[-3.45352054390264,47.64510095229318],[-3.453548407416168,47.64500006791226],[-3.453443296168104,47.6450149173468],[-3.453178481140895,47.64470445630524],[-3.453071195815381,47.644701363594216],[-3.453077719490175,47.64475518903886],[-3.452976097996014,47.644688565119175],[-3.45300178779542,47.644569739028825],[-3.452569386120134,47.64453045420488],[-3.452554795745764,47.64463060366796],[-3.452460785350072,47.64462677568582],[-3.452506675542805,47.64489516836766],[-3.452369807600428,47.64475824602937],[-3.452183960659089,47.64476853152345],[-3.452354987915078,47.6449667811019],[-3.45219437357912,47.64507501196194],[-3.452318195941655,47.64510428353426],[-3.45230989893355,47.64536664403304],[-3.452331470807232,47.6451035488508],[-3.452729085606768,47.64485576544825],[-3.452686858577017,47.64494841345693],[-3.452860518478391,47.644947832817394],[-3.452791513928987,47.64515033598191],[-3.452857660423565,47.645255047911675],[-3.452948410148339,47.64523196285471],[-3.45298343051855,47.64541064621206],[-3.452998020301734,47.6453104967361],[-3.453154917307895,47.645392123324804],[-3.453007173641936,47.64516549272367],[-3.453150162564797,47.645022111908915],[-3.453140782358374,47.64527550157376],[-3.453423904510226,47.64529595454961],[-3.453457205073231,47.645239924710054],[-3.453449140298685,47.64539389965301],[-3.453633901787633,47.64537464125078],[-3.453736612814642,47.64545023547248],[-3.45384888512025,47.64571495327508],[-3.453978372714839,47.64568069195238],[-3.453996448602142,47.64549906943753],[-3.454043885627482,47.64555966107406],[-3.45411809799542,47.645510397305635],[-3.454377484886832,47.64577600163593],[-3.454424059738067,47.64571923661765],[-3.45446039750749,47.64579850477918],[-3.454605335025857,47.64578144961565],[-3.454503485156164,47.645823212662236],[-3.454622736000025,47.645924983821345],[-3.454777494316143,47.64543776751529],[-3.454959856671628,47.64550895086036],[-3.455068454725997,47.645412627100946],[-3.455220781521335,47.64556675298729],[-3.455336992944711,47.64553322516792],[-3.455284535032144,47.64576190736113],[-3.455343296199267,47.64569543607359],[-3.455466034027249,47.64571573341894],[-3.455381810694743,47.645792645712305],[-3.455424676122209,47.645925738853705],[-3.455541333012254,47.64567543963139],[-3.455540022891076,47.64577485435807],[-3.455644047320409,47.645751032164526],[-3.455559824188769,47.645827944584795],[-3.455738925668518,47.645872214062756],[-3.455750890944902,47.64597089370986],[-3.455925641924199,47.645979279391845],[-3.455980051365057,47.64587692428974],[-3.456082766682554,47.645952516429304],[-3.456128252057448,47.645886779862984],[-3.456167855945801,47.64599296010602],[-3.456227704100669,47.645935459254744],[-3.456261869014265,47.64599678510284],[-3.456416817922838,47.645952079947286],[-3.456324759807461,47.646074582409305],[-3.456396574387731,47.64611576105366],[-3.456560447006561,47.64603443708308],[-3.456530853664947,47.645900609205626],[-3.456697989150022,47.64584619764331],[-3.456755220849105,47.64598752597987],[-3.456941071154569,47.645977233221586],[-3.456944115462484,47.64611253140854],[-3.457190901405568,47.64605370787268],[-3.457232252458649,47.64584370182683],[-3.457358474129038,47.64578252416939],[-3.457702098984877,47.6459712073737],[-3.457505149933753,47.646000178335235],[-3.457579141451212,47.64605929797441],[-3.457804816923348,47.64604679799576],[-3.457780660926362,47.64595782472443],[-3.458096650160688,47.646139006496725],[-3.458203067498595,47.64602473814649],[-3.458351269012042,47.646034590899454],[-3.458347571021166,47.64622444952203],[-3.458479016957792,47.64631651050538],[-3.458553226283575,47.64626724393961],[-3.458491420233909,47.646198418690574],[-3.458686408996633,47.64604311878122],[-3.458704909289249,47.6461956232076],[-3.458857464495828,47.64624135870975],[-3.458846581692152,47.64615165024181],[-3.458942771821741,47.64617341477528],[-3.458799138687083,47.646091060573845],[-3.459031559174513,47.6460239977195],[-3.459141897387778,47.64616238308184],[-3.459293364519067,47.6461991471716],[-3.459213929208167,47.646095174403435],[-3.459339060842438,47.646025023770356],[-3.459448311475364,47.646154438000835],[-3.459606523388337,47.64613664114392],[-3.459604132422021,47.646227085052566],[-3.459721430955612,47.64620252372394],[-3.459663549067343,47.64638635361436],[-3.460037214952242,47.64649208579937],[-3.460082056358758,47.6467515044109],[-3.460449857937302,47.64702915218926]],[[-3.457554334403285,47.64574458259082],[-3.457512551852797,47.64562046108017],[-3.457596553611828,47.645651932861696],[-3.457554334403285,47.64574458259082]],[[-3.456313235124462,47.64575913162638],[-3.456218355673172,47.64563795018738],[-3.45632890659865,47.64566795262573],[-3.456313235124462,47.64575913162638]],[[-3.456867519883537,47.645701341967325],[-3.456749353172912,47.64560854395651],[-3.456875574840685,47.64554736681323],[-3.456867519883537,47.645701341967325]],[[-3.455733708936613,47.64571897407144],[-3.4557683170338,47.64556352885095],[-3.455822282684461,47.64567794503161],[-3.455733708936613,47.64571897407144]],[[-3.455842306021499,47.64562264960335],[-3.455717614829105,47.64547602527681],[-3.455838176775971,47.64547838047498],[-3.455842306021499,47.64562264960335]],[[-3.45565776663986,47.64553352588057],[-3.455599228330434,47.6454916117151],[-3.455677790093186,47.64547823047634],[-3.45565776663986,47.64553352588057]],[[-3.454921343149604,47.64541174106819],[-3.454855192411197,47.64530703031526],[-3.454925053274627,47.645221882473855],[-3.455007741777616,47.64535277086464],[-3.454900455042638,47.645349679834254],[-3.454921343149604,47.64541174106819]],[[-3.453925724141153,47.64546686020094],[-3.453868500494531,47.645325530440275],[-3.45397229920314,47.645410095353604],[-3.453925724141153,47.64546686020094]],[[-3.453178026737391,47.64492122761218],[-3.453117316468635,47.64486137037833],[-3.453196965228016,47.64485696170963],[-3.453178026737391,47.64492122761218]]]},"properties":{}},{"type":"Feature","geometry":{"type":"Polygon","coordinates":[[[-3.452276368050547,47.64553105915614],[-3.451868334872324,47.64547236057666],[-3.451928187076298,47.645414861912045],[-3.45183200117554,47.64539309159563],[-3.451820273237939,47.64518602589095],[-3.451657713344831,47.64516792854021],[-3.45165468249451,47.645032630149245],[-3.451518672833743,47.64501306338589],[-3.451429471381106,47.64482834697026],[-3.451236015208211,47.64477583449934],[-3.451066079659853,47.644586554190155],[-3.450920057341523,47.64459463404612],[-3.450759905441941,47.64448609163261],[-3.450143833406758,47.644475022629805],[-3.450107502950793,47.64439575307139],[-3.450004565448809,47.64442854129016],[-3.449975375073749,47.6446288395793],[-3.450037168321227,47.64469766938869],[-3.45011705050968,47.64458487716199],[-3.450070238553056,47.64475002615089],[-3.449950765261077,47.64475663593691],[-3.44988920593852,47.64457942042683],[-3.449866769421158,47.644725158644285],[-3.449752729763508,47.64477662291357],[-3.449673080839559,47.64478102923466],[-3.449651346744958,47.644601610447566],[-3.449359301553309,47.64461776644081],[-3.449395396164168,47.644805421872164],[-3.449312252168627,47.64489130076775],[-3.449290284143971,47.64482026757226],[-3.449134245932588,47.644855992360206],[-3.449112893855734,47.64501070135467],[-3.449045668407058,47.64489701634771],[-3.448852592939029,47.64517862777837],[-3.448685073984237,47.644898900300014],[-3.448352115764154,47.644908285628894],[-3.447350828720289,47.64502687963591],[-3.446963443692898,47.64513861213525],[-3.446864001586889,47.645089924838565],[-3.44687051904799,47.645143750618686],[-3.446358226494102,47.64521723279787],[-3.445508141724048,47.64548097727698],[-3.445401941286887,47.6454868484997],[-3.445365617186321,47.64540757750881],[-3.445445466739236,47.645388261930925],[-3.445490522592724,47.64544582728704],[-3.446875104035411,47.645071248847856],[-3.448904227143252,47.644832591818],[-3.449176714386561,47.644654959979675],[-3.449044437591047,47.64444553184426],[-3.449141471859586,47.644584661072706],[-3.449310784041721,47.64454820192957],[-3.44925815528934,47.644334367949334],[-3.449459449319771,47.644341294635176],[-3.449410462224352,47.644488501496355],[-3.449505558831894,47.644501302874716],[-3.449586763030685,47.6442890962685],[-3.449721683430841,47.64429969434741],[-3.449745356894716,47.64460544069016],[-3.449973668981995,47.64439412637642],[-3.450016133906022,47.64419309364248],[-3.450384564097641,47.644145616443225],[-3.450559308255833,47.64415401015872],[-3.450557988890419,47.64425342490813],[-3.450682040718508,47.644174312545495],[-3.450768209933815,47.64422373112369],[-3.450656345943909,47.64429313815022],[-3.450677228701287,47.64435520017692],[-3.450776904994637,47.64429549857203],[-3.450752297255274,47.64442329512062],[-3.450979054327292,47.644419779244856],[-3.450999937509551,47.644481841209775],[-3.451071977315719,47.64441463749207],[-3.451196884487904,47.64445288119007],[-3.451194479343425,47.64454332500542],[-3.451300677265173,47.64453744851506],[-3.451255187093432,47.64460318324822],[-3.451495219648286,47.6445989318082],[-3.451429702134497,47.644719961318025],[-3.451581390302354,47.644648349775764],[-3.451635346049954,47.64476276794451],[-3.451665387032776,47.64467982583707],[-3.451774846352945,47.644700861678366],[-3.451789835208124,47.6449348401954],[-3.452160672469277,47.6447969136027],[-3.451951077646175,47.645052352088285],[-3.452074899822668,47.645081623918756],[-3.451950847950346,47.645160737722776],[-3.45193167811563,47.64533338903791],[-3.452160613252849,47.645347812701225],[-3.452276368050547,47.64553105915614]],[[-3.448859584367817,47.64501568219039],[-3.448931863417639,47.64484009417054],[-3.448805634316319,47.644901262755006],[-3.448859584367817,47.64501568219039]]]},"properties":{}},{"type":"Feature","geometry":{"type":"Polygon","coordinates":[[[-3.446235493277951,47.64519692588046],[-3.446828761819446,47.64501962525],[-3.448644399261766,47.6447837465124],[-3.448619031898348,47.64424328673396],[-3.448381884499345,47.64394031712091],[-3.44815753956257,47.64385338417635],[-3.447771489295301,47.643865704685695],[-3.448098771473134,47.64391985191371],[-3.44831853366502,47.64407928683593],[-3.448468190636528,47.64443225106636],[-3.448443103668104,47.64477681842402],[-3.448147797795176,47.644766058536874],[-3.44824506753097,47.64479680284519],[-3.446838778029305,47.644991978297774],[-3.446235493277951,47.64519692588046]]]},"properties":{}},{"type":"Feature","geometry":{"type":"Polygon","coordinates":[[[-3.448201097336079,47.6436613230037],[-3.448153906034245,47.643492343220515],[-3.447615188146211,47.64301639978491],[-3.447336425432631,47.6430318165855],[-3.44638670108571,47.64335526645705],[-3.446396476242341,47.64343600523938],[-3.446848176174703,47.643745176109846],[-3.446932408574775,47.643668269885964],[-3.446743305801713,47.64365163382365],[-3.446990331371483,47.64348444604427],[-3.446985746676955,47.64355694787951],[-3.447279959343076,47.64355873974357],[-3.44712911527447,47.643747702414565],[-3.447365885411522,47.64371654655323],[-3.44738483047423,47.643652281552605],[-3.447446619249433,47.64372111276694],[-3.448201097336079,47.6436613230037]],[[-3.447380724246345,47.64350801197821],[-3.447196445656062,47.64331048907108],[-3.447265229853964,47.64321637475218],[-3.447366841414309,47.643283003689504],[-3.447254974972532,47.64335240749356],[-3.447395562965189,47.64329947737868],[-3.447456265038784,47.643359337633925],[-3.447448422067293,47.643404926594556],[-3.447362257248633,47.64335550554711],[-3.447380724246345,47.64350801197821]]]},"properties":{}},{"type":"Feature","geometry":{"type":"Polygon","coordinates":[[[-3.423925640057443,47.64503756483708],[-3.424200662398482,47.64476954803798],[-3.424222372618781,47.64450645798005],[-3.424433406176014,47.644594168363376],[-3.424519837166029,47.64453522068248],[-3.42452957945298,47.644615961241534],[-3.424705688615718,47.64452497918861],[-3.424978768422334,47.644573146154734],[-3.424999107740607,47.64440947037285],[-3.424820321484462,47.644256768127626],[-3.424884816249776,47.64412678234393],[-3.424804083732033,47.64412220054208],[-3.424747223604463,47.64387247078915],[-3.424845275996321,47.64402059140315],[-3.425055226099889,47.64409932951311],[-3.425230534041399,47.64389098983285],[-3.425178002433292,47.64367714494329],[-3.425075849280334,47.64382726803306],[-3.425072885903141,47.64369196886587],[-3.424937971941496,47.64368134232212],[-3.424858607324468,47.64357734607217],[-3.424650539377162,47.64362493560261],[-3.424452784154788,47.64353649405047],[-3.42439182202234,47.643585007515085],[-3.424414327632985,47.643439274110435],[-3.424145869856028,47.643318604854684],[-3.423940762763123,47.6435014923412],[-3.423832399219941,47.643489401598174],[-3.423669279733856,47.64368803661118],[-3.423727790980399,47.643729966808934],[-3.423616975169606,47.643808319146586],[-3.423698502358326,47.64393025859527],[-3.423777069815467,47.64391689879512],[-3.423661350109963,47.64417613769698],[-3.423578453004509,47.64415361268207],[-3.423510708124793,47.644256684190715],[-3.423567850218249,47.644398028886805],[-3.423713876131415,47.64438998321283],[-3.423670516765597,47.644473649570244],[-3.423756948403149,47.644414702449964],[-3.423641514714924,47.64456555566537],[-3.42377397902868,47.64466662694088],[-3.423717852626107,47.64497676709363],[-3.423766337160671,47.64504634221267],[-3.423780981678175,47.64494619637269],[-3.423925640057443,47.64503756483708]],[[-3.424302023230346,47.64450206900731],[-3.424231318019273,47.644469841783014],[-3.424312336844742,47.644366038367544],[-3.424302023230346,47.64450206900731]],[[-3.423928219584989,47.644062094401164],[-3.423832334355401,47.643931915386204],[-3.423950726662944,47.643916361121995],[-3.423928219584989,47.644062094401164]]]},"properties":{}},{"type":"Feature","geometry":{"type":"Polygon","coordinates":[[[-3.438529010714202,47.64434940617538],[-3.438589960866326,47.64430088535483],[-3.438481048309028,47.64427130757301],[-3.438602407688428,47.64418279553099],[-3.438962997625327,47.64418094269391],[-3.438969507005742,47.644234768939945],[-3.439136655175819,47.64418038245099],[-3.439130974825613,47.64424391291217],[-3.43934879691625,47.644277036948075],[-3.439450655693529,47.644235287078175],[-3.439424935880051,47.64435411020808],[-3.4394826302663,47.64427867581291],[-3.439566619277307,47.64431016057737],[-3.439506754993314,47.6443676529424],[-3.439565279428435,47.64440957519358],[-3.439610783834961,47.64434384500564],[-3.439644673943396,47.64451356140727],[-3.439886554668428,47.644193147893795],[-3.439978139253479,47.644287429589234],[-3.439826182222124,47.64446741172936],[-3.439944571053332,47.64445184126393],[-3.440145540230898,47.6441246559965],[-3.440104123266361,47.64433465617863],[-3.440219002871528,47.64440055799693],[-3.440310009946622,47.64426909709129],[-3.440235208423599,47.64409260976949],[-3.440326793452106,47.64418689119661],[-3.440360107074357,47.64413086505808],[-3.440482835602372,47.644151178158126],[-3.440466884480331,47.64435074076016],[-3.440769454934091,47.6440901892237],[-3.440772458131702,47.64422548796209],[-3.44094937149954,47.6442518380973],[-3.440950204694591,47.64436919477613],[-3.441160431538866,47.644339518279615],[-3.441213782353084,47.64422819894722],[-3.441345445043561,47.64421189363825],[-3.441383932967854,47.644309107964396],[-3.441549993577879,47.644245747006885],[-3.441611775513819,47.64431458128535],[-3.441685162814929,47.64414796870163],[-3.441749115541543,47.64423474494231],[-3.441871009617021,47.644137699903055],[-3.441847966429756,47.64405769426608],[-3.442029221408966,47.64411992682746],[-3.442289289318013,47.6440604011892],[-3.442399829142107,47.64409041683025],[-3.442399580050617,47.644198802499425],[-3.442499265312286,47.64413910795142],[-3.442603043694841,47.644223683015795],[-3.442719260119629,47.64419016772248],[-3.442711164519781,47.64434414200702],[-3.442841741488059,47.644318864007296],[-3.442823876266233,47.64439209925325],[-3.442962052300544,47.64442961814947],[-3.442989935424739,47.64432873625201],[-3.44314597620737,47.64429301965964],[-3.442949273426865,47.644213580448],[-3.443046539160291,47.64424432909271],[-3.443128606635787,47.64414948362439],[-3.443249165028443,47.64415185181342],[-3.443301425675574,47.644031560514925],[-3.443361038355998,47.64408245187353],[-3.443569091394999,47.64403482903702],[-3.443637882923975,47.643940716889055],[-3.44356499545379,47.6438905593574],[-3.443672278597472,47.64389366079816],[-3.443613751501749,47.64385174059287],[-3.443818546302913,47.64377720430705],[-3.443846427467014,47.64367632217096],[-3.444357622895728,47.6435938799517],[-3.444492785337015,47.64349609836539],[-3.444900307269791,47.64377159416394],[-3.444836947568927,47.64391056200336],[-3.444958835288283,47.64381351372653],[-3.446298488247403,47.64472382950018],[-3.44644125312761,47.644688842512686],[-3.446249733355703,47.644762649367365],[-3.445708605192009,47.644377141177],[-3.445621111847644,47.64442713355602],[-3.445664436757731,47.64434345905426],[-3.44558153010771,47.64432094965268],[-3.44547617513724,47.64444417758746],[-3.445451197326703,47.64423784504686],[-3.445093266328508,47.644040888525595],[-3.444968120621323,47.64411102397429],[-3.444789033989853,47.64406673794692],[-3.444723501919624,47.64418776372953],[-3.444814985905308,47.643839527930325],[-3.444438952200929,47.64382419063266],[-3.444450896121721,47.64392287154112],[-3.444334926526626,47.643848002874435],[-3.44430596040718,47.64393991412545],[-3.444001728262845,47.64396576149819],[-3.443948383526973,47.644077082118706],[-3.443868735168092,47.644081484484786],[-3.443828071462188,47.64396632897179],[-3.443696410136244,47.64398263708032],[-3.443535287632437,47.644307627430265],[-3.443393607510716,47.64435158187332],[-3.443372238992288,47.644506289858995],[-3.44307777351752,47.64461287380337],[-3.443050385955951,47.64449698441769],[-3.442810104928699,47.644609604156734],[-3.442798163888471,47.64451092311587],[-3.442476310924308,47.64450161609327],[-3.442506365996038,47.64441867632991],[-3.442270924718513,47.644350407687405],[-3.442134670607716,47.64443921564952],[-3.441985391113654,47.64442037130868],[-3.441935297924368,47.644558604017895],[-3.441881363182315,47.64444418135864],[-3.441690923343005,47.64452695176275],[-3.441485288315333,47.64448412762949],[-3.441399961464076,47.64455205887692],[-3.441497226921692,47.6445828088059],[-3.441469340842739,47.64468369033379],[-3.441343354797576,47.644636465225005],[-3.441361222133116,47.64456323021473],[-3.441140723786498,47.644728939175984],[-3.441198164618124,47.64476188958319],[-3.441002296325359,47.64479980376407],[-3.440929410159105,47.6447496446108],[-3.440818617490936,47.644828013219275],[-3.440865205937695,47.644771253578334],[-3.440713755559896,47.644734465574366],[-3.440836737879728,47.644646392662075],[-3.440764937285659,47.64460520442398],[-3.440572324786988,47.64467003095379],[-3.440697225030937,47.64470828587052],[-3.440572071980859,47.64477841658637],[-3.440462616918986,47.64475737025151],[-3.440518139939777,47.644663993310964],[-3.44032903563844,47.64464734687624],[-3.440204967362743,47.64472644822705],[-3.440339887004464,47.64473705713665],[-3.440084407807118,47.64472407689776],[-3.440078728527391,47.64478760738703],[-3.439870669438595,47.64483522398987],[-3.439919683168948,47.64468802115586],[-3.439816993184156,47.64461241475993],[-3.439616529651649,47.64472282813027],[-3.4395192650226,47.644692076637995],[-3.439673139141195,47.64463842262256],[-3.439446380397523,47.64464191655681],[-3.439388685567297,47.64471735091982],[-3.439119102572846,47.644587745113846],[-3.43906466210615,47.64469009243114],[-3.438957377629241,47.644686986761066],[-3.439231556076731,47.64474409145056],[-3.43896254608312,47.64484022758026],[-3.439088530502292,47.64488745525108],[-3.439100464766571,47.644986136651596],[-3.439013220207204,47.64492773845175],[-3.438930059312942,47.64501360995345],[-3.438790799718678,47.644967115261544],[-3.438868023758393,47.64505315989547],[-3.438699787710427,47.64509857493614],[-3.438609288844785,47.64501326331909],[-3.438677005519858,47.64491018309892],[-3.438554275933634,47.644889868110134],[-3.438528296849673,47.64511707661125],[-3.438349212186967,47.64507278073689],[-3.438250605333853,47.64514144275853],[-3.43835680587,47.6451355780345],[-3.438351124489644,47.64519910842617],[-3.438180975635593,47.6451181950301],[-3.438099982647941,47.6452220080197],[-3.437939596789675,47.64522183367323],[-3.438079941076307,47.64527730041772],[-3.438157991490182,47.64548070213831],[-3.437948016620373,47.645401987629626],[-3.437863768535427,47.64547888730673],[-3.437838561314445,47.64538093884354],[-3.43780064692224,47.64550946562732],[-3.437563863246682,47.64554060207638],[-3.437624556840067,47.64560046736911],[-3.437521609345095,47.6456332445697],[-3.437454407807961,47.64551955293196],[-3.43717862325107,47.64567024419941],[-3.437152332577814,47.64556332454668],[-3.437240920352008,47.645522309589886],[-3.437069427623665,47.64554080911979],[-3.436816417744585,47.64587989160464],[-3.436731343331259,47.64583943383496],[-3.436777112967589,47.64566531923158],[-3.43692205577252,47.645648286001574],[-3.436913379125384,47.64557651757388],[-3.436822621879421,47.64559959017248],[-3.436875983002726,47.64548827289391],[-3.436704490257255,47.64550677188853],[-3.436696898465908,47.645443974495684],[-3.436558463248575,47.64551483379267],[-3.436479073258091,47.64541084553621],[-3.436359596804825,47.64541744142302],[-3.436212223864699,47.64552491741646],[-3.436163984431697,47.64534696189532],[-3.436164807119372,47.64546431854115],[-3.435879521890555,47.645425881620504],[-3.435697481516368,47.64568879629155],[-3.435564992082265,47.645587738588354],[-3.435519218557366,47.64576185272393],[-3.435391066580333,47.645696679091834],[-3.435420049008638,47.645604770135506],[-3.435634884092389,47.64550260229525],[-3.435441441022363,47.64545006369339],[-3.435339313350881,47.64560019561646],[-3.435337408164038,47.645473867904364],[-3.435142353535763,47.64562912888963],[-3.435025309032155,47.64554527997974],[-3.43492127580256,47.64556908381905],[-3.434857332580491,47.645482303901844],[-3.435084359151989,47.64537043329409],[-3.435181622461577,47.64540118846718],[-3.4351718639138,47.64532044883002],[-3.43497382079172,47.64534041075241],[-3.434906096417124,47.64544348880321],[-3.43460021265227,47.64523459836036],[-3.434670105739125,47.64514946262871],[-3.435013090224974,47.64511247035234],[-3.434913923373,47.64495538728122],[-3.434557399721552,47.64510149753627],[-3.434583660676052,47.64476590430258],[-3.43430488506196,47.64478128999806],[-3.434334134340275,47.64458099564357],[-3.43418160490635,47.64453522808691],[-3.434000909432657,47.64469872570252],[-3.433744347933081,47.64467676051615],[-3.433977059937877,47.64450136182435],[-3.433954028429059,47.64442135464611],[-3.43379147692881,47.6444032324326],[-3.433866790425403,47.644362952586555],[-3.433735391768602,47.64427086382715],[-3.433829400191357,47.64427470687587],[-3.433831834755741,47.6441842634075],[-3.433770880410505,47.64423278174889],[-3.433680390893325,47.64414746627605],[-3.433575275799249,47.644162297844],[-3.433593153636907,47.644089064003886],[-3.433360709619681,47.64415607632319],[-3.433342831440565,47.644229310125205],[-3.433208182235227,47.644110307485704],[-3.433072997561593,47.64420807598585],[-3.433127449028191,47.644105731434806],[-3.432993616307509,47.644104085290614],[-3.432970586444653,47.64402407790199],[-3.432754668361631,47.64411726982319],[-3.432818606528541,47.64420405095267],[-3.432664726771072,47.644257695953236],[-3.432688562727176,47.64401254645455],[-3.432612165010413,47.64404385444778],[-3.432552831715714,47.64388457194566],[-3.432429023029395,47.643855279410225],[-3.432519779208238,47.64383221020329],[-3.432419268929106,47.643774539478244],[-3.432465865389882,47.64371778315547],[-3.432139414129593,47.6437809489114],[-3.432126409271467,47.64367329563143],[-3.432064370232757,47.643712841988695],[-3.43180483383222,47.64355557353337],[-3.43182000400815,47.64323865522745],[-3.431513602568583,47.64324652786968],[-3.431493554914455,47.64330181919465],[-3.43161085994895,47.64327728604904],[-3.431440997018919,47.64353049093863],[-3.4314344953183,47.6434766642537],[-3.431331548118745,47.64350943603671],[-3.431427181391826,47.643305480763225],[-3.431178212630962,47.64334630773205],[-3.431170083858551,47.64350028128292],[-3.431088268191369,47.6434867327049],[-3.431129715626702,47.64371924946646],[-3.43103787548466,47.64373334647828],[-3.431091786256656,47.64384777418405],[-3.430920296778582,47.64386626470513],[-3.430926798007999,47.64392009140776],[-3.431086096364124,47.643911304264805],[-3.431114541214545,47.64403616760351],[-3.43093871696266,47.644018773691066],[-3.430820864771089,47.644260077438275],[-3.430743927621198,47.64406564180632],[-3.430594107057018,47.64426355419378],[-3.430363825419727,47.64434850278123],[-3.430272257717335,47.644254213553594],[-3.430184750114664,47.64430419437607],[-3.430156307297006,47.64417933082844],[-3.429998091376309,47.644197087826846],[-3.430118923327706,47.64409108392205],[-3.430018415155713,47.644033411139546],[-3.429654300945927,47.644116708633554],[-3.429629109437274,47.644018758330425],[-3.429713367083333,47.643941864532586],[-3.429810624693324,47.643972624199314],[-3.429835282376531,47.6438448320356],[-3.429516685596802,47.643862402694324],[-3.429547843755432,47.64378843736835],[-3.429644017668755,47.643810226045986],[-3.42952156929873,47.64368151589448],[-3.429635367851759,47.643295943174856],[-3.429684133488698,47.643257130211445],[-3.429761340369409,47.64334318093999],[-3.429877562940442,47.643309678404506],[-3.42990222015702,47.64318188618261],[-3.430132223491887,47.643205324151104],[-3.430191822689316,47.643256222249704],[-3.429994594451727,47.64339353256824],[-3.430007594940998,47.64350118610111],[-3.430100518347272,47.643496061024024],[-3.430260089318832,47.64337888932347],[-3.430413695527048,47.643433633150785],[-3.430513939224206,47.643157177421045],[-3.430738798029016,47.64302737287145],[-3.430836054563369,47.643058131699256],[-3.430846351242578,47.64292210038102],[-3.430962572215325,47.64288859675895],[-3.431633074936896,47.642797422981005],[-3.432310892022966,47.64287742883998],[-3.432659828657939,47.64311104150388],[-3.432786072029294,47.643049890306166],[-3.432848388149244,47.64334447176239],[-3.432986554456162,47.64338200247543],[-3.433003348964332,47.64329979759509],[-3.433136095770014,47.64329247262945],[-3.433053743782405,47.64349569680907],[-3.433295673077585,47.643617810633344],[-3.433607496304481,47.64365478878668],[-3.433876509968945,47.64355866492669],[-3.434242516298766,47.64360168211254],[-3.434263379695506,47.64366374709374],[-3.434405065510543,47.643619803706144],[-3.434306456267507,47.64368846245113],[-3.434465753375501,47.643679670699456],[-3.434446792744835,47.6437439336036],[-3.434541884434116,47.643756747165185],[-3.434436770349135,47.64377157951119],[-3.434540535238063,47.64385616175222],[-3.434383405854171,47.64388289577525],[-3.434434071559596,47.6439704086761],[-3.434596886898822,47.64388014433585],[-3.434654852418094,47.64369632663178],[-3.434634542988223,47.643860004153964],[-3.434734236302925,47.643800316220435],[-3.434771627700897,47.64388856166339],[-3.434774060650699,47.64379811815722],[-3.434820390143476,47.6438497465683],[-3.4346629961143,47.643984866632024],[-3.43493851482018,47.643942566837126],[-3.435148479507916,47.644021286813654],[-3.434991085803539,47.644156407307264],[-3.435217842775452,47.64415292201845],[-3.435217579096128,47.644261307668366],[-3.435042572967834,47.64436127665327],[-3.435082954060951,47.64458482083076],[-3.435216788051731,47.644586464581415],[-3.435104903076088,47.644655856704915],[-3.435227630810799,47.644676175319226],[-3.435244979301142,47.64481971248895],[-3.435470654753709,47.644807255637986],[-3.435554905226956,47.6447303576595],[-3.43572830195624,47.64483818810047],[-3.436178568246221,47.64480430103176],[-3.436101909557119,47.644943996907365],[-3.436237913386214,47.64496358161632],[-3.436349797533679,47.64489418841902],[-3.436521027398008,47.644984075551136],[-3.436477125385838,47.644842004352384],[-3.436593347004475,47.644808495162984],[-3.436877544888164,47.64483795929573],[-3.436848565386709,47.64492986865024],[-3.437075585433259,47.644817994141505],[-3.437137362259848,47.644886830765245],[-3.437996983577412,47.64481227216148],[-3.438056849986834,47.644754780583305],[-3.437972861166832,47.64472329474089],[-3.438144608691478,47.64459640824576],[-3.437935722050818,47.644526664725895],[-3.438078491885816,47.64449168795287],[-3.438053542657326,47.644285353836906],[-3.43837430874627,47.64428570199708],[-3.438407624480147,47.64422967641812],[-3.438455042675348,47.64429027442221],[-3.438480126123751,47.64427198015642],[-3.438529010714202,47.64434940617538]],[[-3.430201561277064,47.6437794762146],[-3.430218360200568,47.64369727175161],[-3.430137627874866,47.64369269363393],[-3.430201561277064,47.6437794762146]],[[-3.4302988076312,47.644252749193825],[-3.430398506529188,47.64419306497195],[-3.430291223556571,47.644189951344025],[-3.4302988076312,47.644252749193825]],[[-3.432359667028244,47.64372364252958],[-3.432477241834817,47.64359072284444],[-3.432347745511787,47.64362496037608],[-3.432359667028244,47.64372364252958]],[[-3.432861404392865,47.64389463877916],[-3.432926963005413,47.64377361963234],[-3.4328483980505,47.64378698558593],[-3.432861404392865,47.64389463877916]],[[-3.434394777768515,47.64375583528848],[-3.434441372111807,47.643699078177356],[-3.434310792681613,47.643724346797434],[-3.434394777768515,47.64375583528848]],[[-3.435046966198461,47.6452821880193],[-3.434977601884546,47.64515055279045],[-3.434765199986729,47.64516227599918],[-3.435046966198461,47.6452821880193]],[[-3.435232290917687,47.64548870095274],[-3.435265610701537,47.64543267630482],[-3.435172684419103,47.64543780548445],[-3.435232290917687,47.64548870095274]],[[-3.435453863572046,47.64488946080843],[-3.435487182749092,47.64483343607984],[-3.43536662316162,47.64483105988293],[-3.435453863572046,47.64488946080843]],[[-3.437537571865394,47.64543368250312],[-3.43764728591138,47.64534634598257],[-3.437545682558965,47.64527970866469],[-3.43745032828474,47.645375283149924],[-3.437537571865394,47.64543368250312]],[[-3.437571924807706,47.64494411479079],[-3.437441602979368,47.644861001278116],[-3.43743700519285,47.644933502686214],[-3.437571924807706,47.64494411479079]],[[-3.437814129418635,47.64495783355736],[-3.437898376752469,47.64488093389518],[-3.437791091959762,47.64487782715457],[-3.437814129418635,47.64495783355736]],[[-3.437987789509457,47.64495727502214],[-3.438018936565294,47.644883307479795],[-3.437929265712973,47.6449153519928],[-3.437987789509457,47.64495727502214]],[[-3.440174584270962,47.64447525944836],[-3.440078658667381,47.64434509379637],[-3.440061874729879,47.64442729964864],[-3.440174584270962,47.64447525944836]],[[-3.440227176761851,47.64468909750292],[-3.440205220914268,47.64461806259234],[-3.440394578239679,47.6445263235874],[-3.44010795613693,47.6445873115884],[-3.440227176761851,47.64468909750292]],[[-3.44337515161604,47.64419907487918],[-3.443459389737852,47.644122171177266],[-3.44334208829469,47.64414671620729],[-3.44337515161604,47.64419907487918]],[[-3.443969750203177,47.64392237399311],[-3.443988699428925,47.64385810955008],[-3.443894691009208,47.64385427467435],[-3.443969750203177,47.64392237399311]]]},"properties":{}},{"type":"Feature","geometry":{"type":"Polygon","coordinates":[[[-3.503982478291028,47.63918072656148],[-3.50386899960659,47.63879869955846],[-3.504069060246054,47.63890494778837],[-3.503974932249111,47.63900954730251],[-3.504061266292346,47.638950540642874],[-3.504134203851699,47.639000660550565],[-3.504202882066646,47.63890651252645],[-3.504356551184306,47.6389611592481],[-3.504140053614011,47.63872035464366],[-3.503948759173875,47.638685870209564],[-3.503915515717447,47.63874191461836],[-3.50371983866703,47.638671547967185],[-3.503643490297103,47.63870290247823],[-3.503793746826855,47.63883902462603],[-3.503733957890976,47.638896550041835],[-3.503537184871705,47.63881721262868],[-3.503475204420035,47.638856796985955],[-3.503356971841721,47.63876404579524],[-3.503357942186573,47.63888140232703],[-3.50308835922051,47.63864355768636],[-3.503009693448589,47.638765356919166],[-3.502871616157225,47.63861952285929],[-3.502444957568466,47.6384085026818],[-3.502354240874797,47.638431626258125],[-3.502361908924077,47.63849441959219],[-3.50292348468975,47.63871597673837],[-3.503199640809688,47.639007644546695],[-3.503387649057478,47.639015218809625],[-3.503297057130248,47.63892995705327],[-3.503361229025023,47.63890831372173],[-3.503488227023316,47.63907282860571],[-3.503483969483579,47.6389285606962],[-3.503553619529268,47.638951769576664],[-3.50358357654501,47.63886881388843],[-3.503676235541697,47.639080402404005],[-3.503982478291028,47.63918072656148]]]},"properties":{}},{"type":"Feature","geometry":{"type":"Polygon","coordinates":[[[-3.499981343625519,47.638916197971206],[-3.5003090427234,47.63864504089259],[-3.500419603932885,47.638675001720344],[-3.500587898047828,47.63852111159954],[-3.500657546302263,47.63854432221138],[-3.500638928780922,47.63839182384228],[-3.500877703931458,47.638486886536136],[-3.500682162520103,47.63830812869831],[-3.500467480997028,47.638410416482365],[-3.500418640053195,47.63855764515168],[-3.500015119538963,47.63842661039526],[-3.499993218791694,47.63824720041629],[-3.500255251948775,47.63831387268676],[-3.500276453085746,47.63815915384076],[-3.500450221514447,47.63805011636615],[-3.500233745265863,47.637809304409544],[-3.500322271661378,47.63776824147516],[-3.500271503819798,47.637680756893445],[-3.500520393198926,47.63763978259484],[-3.500415440773475,47.63754628820638],[-3.500498491075979,47.63746037263741],[-3.500179124187182,47.63725239323382],[-3.500220999410658,47.63737650000911],[-3.500130283507632,47.63739962187096],[-3.500282586034916,47.63766207576042],[-3.500149994275202,47.637561090900775],[-3.500114425598488,47.63770757938739],[-3.500242637388419,47.6377726822828],[-3.499867857946837,47.63765810770044],[-3.500287798395851,47.637923700496714],[-3.500313116701323,47.638021635836665],[-3.500222399741603,47.63804475776231],[-3.500113066850771,47.637915381126646],[-3.500228838538206,47.63820696685169],[-3.500115956451908,47.638267450936034],[-3.499974471137381,47.63820308801851],[-3.499880204026376,47.638416070360314],[-3.499971884657703,47.63851030528722],[-3.499868592110703,47.6388682957371],[-3.499981343625519,47.638916197971206]],[[-3.500207242255696,47.63868684392476],[-3.500113238929308,47.63868305427149],[-3.500115560905512,47.63859260919114],[-3.500207242255696,47.63868684392476]]]},"properties":{}},{"type":"Feature","geometry":{"type":"MultiPolygon","coordinates":[[[[-3.500251618572662,47.63675161428635],[-3.500116707247642,47.63674107451537],[-3.500112459007681,47.636596806308724],[-3.499852756787224,47.636439688482625],[-3.49992253424203,47.63635451335941],[-3.499833047333084,47.63627821930883],[-3.49956539142973,47.63618488915636],[-3.499615353272258,47.6361368216906],[-3.499809920656528,47.6361982247979],[-3.500265285321314,47.63642571558807],[-3.50044851026087,47.6367225711398],[-3.500228491063591,47.636671619877895],[-3.500251618572662,47.63675161428635]]],[[[-3.499528684407406,47.636172089544424],[-3.499386444862205,47.63612249093845],[-3.499186270244688,47.63612462075363],[-3.499010584024086,47.63599894299244],[-3.498908787586595,47.63604074495052],[-3.498683433585562,47.635836551933295],[-3.49856070205928,47.635816299883096],[-3.498560567058639,47.63592468611012],[-3.498098232231695,47.635681870783685],[-3.498382693544079,47.63578106634303],[-3.498414846249516,47.635716052896704],[-3.498648131679314,47.63576626765048],[-3.499121139023057,47.636028905090065],[-3.499392052620243,47.63605895729859],[-3.499528684407406,47.636172089544424]]],[[[-3.497970555853684,47.6356148152405],[-3.497860983098521,47.63555726745973],[-3.497728264459905,47.63556466598798],[-3.497771227267755,47.635697744282346],[-3.497554909690315,47.63534854081636],[-3.497970555853684,47.6356148152405]]]]},"properties":{}},{"type":"Feature","geometry":{"type":"MultiPolygon","coordinates":[[[[-3.497636182219049,47.63579558787447],[-3.49745598527087,47.63574241185567],[-3.497533564694821,47.635611645637084],[-3.497447366096921,47.63556226133492],[-3.497418495947132,47.63565418612733],[-3.497327498476913,47.63541070434824],[-3.497593219669166,47.63566250953718],[-3.497729222369723,47.635682022760804],[-3.497776700311881,47.63574259694241],[-3.497692690466737,47.63571115388872],[-3.497636182219049,47.63579558787447]]],[[[-3.497317002974234,47.63540075844046],[-3.497294808364385,47.63551657596705],[-3.497227492255253,47.635402918141764],[-3.497133494924514,47.63539912608453],[-3.497220787478789,47.63545748116087],[-3.497115707191278,47.63547236995336],[-3.496945500303109,47.63539154174315],[-3.496528063437807,47.634927105134835],[-3.496167817830351,47.63471236306542],[-3.496001991956106,47.63466741565682],[-3.496022923672819,47.63472946987893],[-3.495790598876038,47.63479660669847],[-3.495815234903553,47.634560413752766],[-3.495519164201859,47.63432403036903],[-3.495140042576543,47.63417355817472],[-3.49501279756751,47.634225806441854],[-3.494807159491443,47.63418307593108],[-3.494713592907237,47.63385412294475],[-3.494092597022043,47.63347327371562],[-3.493767954254064,47.63311203709413],[-3.493311551754238,47.63287555000251],[-3.493217559152807,47.632871754789555],[-3.493228497017327,47.63296146066603],[-3.492499165230019,47.63256857624398],[-3.49218189803862,47.63248690205966],[-3.492136468492331,47.63255265311088],[-3.491865725366049,47.63241419761292],[-3.491801110463213,47.63276099390974],[-3.491759258439257,47.63263688382074],[-3.491653088664382,47.63264279711883],[-3.491788136703647,47.63254496028362],[-3.491709900846698,47.63234159306867],[-3.491866967498888,47.63231478180036],[-3.492059176682014,47.6324666431442],[-3.492109128697804,47.63232838810699],[-3.492300244996508,47.632471278452975],[-3.493470806826554,47.63286667775934],[-3.493996703982097,47.63323476524991],[-3.494099304747158,47.63341871082005],[-3.494576645020221,47.633717249281275],[-3.494608801118475,47.6336522368131],[-3.494812106244147,47.63378541288895],[-3.494941538583757,47.63375110596399],[-3.494965751001364,47.63384007210687],[-3.495138280147164,47.63383045806205],[-3.49499776446908,47.63388344587302],[-3.495052896516701,47.63400681518049],[-3.494911286195916,47.63405083231737],[-3.494987490788475,47.634127869760974],[-3.495165633439164,47.63405472218268],[-3.49533692753541,47.63414452360414],[-3.495453088872972,47.634110955692194],[-3.49579649199742,47.634516300600374],[-3.495797726857417,47.63441688485419],[-3.496012261094564,47.63442299174787],[-3.495883641212259,47.63468304299594],[-3.495953282412249,47.63470625645832],[-3.495994331939254,47.63460462178106],[-3.496290685517548,47.634624231349804],[-3.496740133580953,47.63513204213976],[-3.496721528443111,47.634979542876984],[-3.496897205917843,47.635105224146805],[-3.496938933532699,47.635337718494426],[-3.497064946789716,47.635384883874245],[-3.496939071825046,47.63522933223636],[-3.49717016474227,47.635261608870216],[-3.497317002974234,47.63540075844046]]]]},"properties":{}},{"type":"Feature","geometry":{"type":"Polygon","coordinates":[[[-3.48531258679798,47.632344437499235],[-3.485356741763701,47.632397231852536],[-3.485120206328158,47.6323200784722],[-3.485114419677922,47.6324919979512],[-3.48506695899821,47.632431418522536],[-3.484797001301965,47.6325186901081],[-3.484425568807807,47.632430977684905],[-3.484394493335945,47.63250495806271],[-3.48412016516869,47.632556345393425],[-3.483732287248635,47.63310174600907],[-3.483615624709312,47.633460461339844],[-3.483522723935149,47.633465629002565],[-3.483343143362972,47.633746560835924],[-3.483177497525871,47.6335932088694],[-3.483427970289509,47.63323608253946],[-3.483504223968343,47.6325454522189],[-3.483630218759281,47.63259263215763],[-3.483508261434956,47.632798107711686],[-3.48366314919616,47.63275336612176],[-3.483802415989588,47.632799807620486],[-3.484032891683521,47.63249798044134],[-3.484554239087739,47.63217093875194],[-3.484638235619661,47.632202391310756],[-3.484638398882518,47.63209400489283],[-3.484788751291498,47.63212176552825],[-3.484713819731577,47.6319453055975],[-3.485024517932778,47.63197317607553],[-3.484846042651545,47.63226308110328],[-3.484651506830396,47.63220165295053],[-3.484706613226128,47.632325027246985],[-3.484914583515804,47.63227733050599],[-3.485058219764197,47.632359653191145],[-3.485101635370573,47.632167577138745],[-3.485286339639527,47.632148268555795],[-3.485555971863875,47.63227776865872],[-3.485671203951473,47.632126853361356],[-3.485842475885292,47.632216668793305],[-3.486038266118058,47.63217867920494],[-3.486043889350454,47.6321151460771],[-3.486222970086584,47.632159369141135],[-3.486240771663208,47.63208612680606],[-3.486543504161791,47.63226797148273],[-3.486473096672548,47.63201900888461],[-3.486625475916751,47.632173094888785],[-3.486761465715011,47.632192620915646],[-3.486788941866941,47.63230850077743],[-3.486628753905521,47.63220000684706],[-3.486658415114789,47.63233382804327],[-3.486451538800756,47.63239049854092],[-3.486545370682258,47.63250268560253],[-3.486247007253203,47.632356723575235],[-3.486119757870931,47.63240896220458],[-3.486020464232683,47.63225192150567],[-3.485777051461726,47.632337718328266],[-3.485746909424536,47.632529056130274],[-3.485641992928734,47.6324355482245],[-3.485556741552304,47.632503512131805],[-3.485428721993515,47.632330006537444],[-3.48531258679798,47.632344437499235]]]},"properties":{}},{"type":"Feature","geometry":{"type":"Polygon","coordinates":[[[-3.490951107601807,47.63247416808682],[-3.490952351439619,47.632374752287085],[-3.490890369136599,47.63241433009952],[-3.490783257127213,47.632302885581296],[-3.490789817316783,47.63235670926035],[-3.490720181428229,47.63233349269172],[-3.490352323680496,47.63205593809694],[-3.490338900898294,47.63216506353257],[-3.490288154750048,47.632077574359606],[-3.490038190220127,47.632109556356134],[-3.489937639894445,47.632051934774395],[-3.489931080601678,47.63199811103902],[-3.490081435492948,47.632025864863635],[-3.490028503440049,47.6319204343283],[-3.489784158246906,47.63188888245661],[-3.489819293174846,47.6320675559909],[-3.489729674972111,47.63209964046342],[-3.489704378895146,47.63200170253066],[-3.489599303314906,47.632016584588875],[-3.489389612821394,47.63172118910389],[-3.489227081217046,47.63170314389674],[-3.489205065503076,47.63163211772895],[-3.489134184045059,47.63170831602664],[-3.489255655567141,47.63182799383771],[-3.489194765728891,47.63187654139125],[-3.489011311254053,47.63179644034795],[-3.489064241174742,47.63190187135093],[-3.488928560374934,47.63166557511242],[-3.488848934259869,47.63167000816775],[-3.488828640848263,47.63194208253],[-3.489015374732402,47.632049095747576],[-3.4886882789164,47.631886676368026],[-3.488587575225627,47.631937440055864],[-3.488524654069915,47.631859659550145],[-3.48838850882843,47.631948522009765],[-3.488457832188149,47.63218851282685],[-3.488599598108324,47.63203611704403],[-3.488782897942596,47.63222460514633],[-3.488845036308487,47.63207664202361],[-3.489349031264537,47.632265337960064],[-3.489036451631059,47.63200276487624],[-3.489220999949537,47.632091836500514],[-3.489519676731906,47.63202101810061],[-3.489510624841719,47.63216602594643],[-3.48978713219755,47.63213256719386],[-3.489831165646055,47.632274619266575],[-3.490102207123022,47.63219630665679],[-3.490291131012231,47.63232125906027],[-3.49052126531385,47.63223619185963],[-3.490951107601807,47.63247416808682]]]},"properties":{}},{"type":"Feature","geometry":{"type":"Polygon","coordinates":[[[-3.483829462294097,47.63221695950138],[-3.483946112397406,47.6321144561931],[-3.483884289995773,47.632045643873674],[-3.483745952199245,47.63211655955648],[-3.483819625836472,47.63221294338352],[-3.483641966891939,47.632140406935136],[-3.483383095335129,47.63220899565852],[-3.483633991174883,47.63229438499644],[-3.483752010081217,47.63249554285472],[-3.483659110999748,47.63250071062846],[-3.483590735575018,47.63237807409023],[-3.482803695937664,47.63216897208271],[-3.482744058962795,47.632118100539515],[-3.482844768551802,47.63206734189406],[-3.482742042059145,47.63199177273966],[-3.483301615694792,47.63197871072612],[-3.483358142576536,47.631894283508736],[-3.483610294398588,47.6318802571676],[-3.484107280697695,47.6315726352196],[-3.484112142597089,47.631283358566336],[-3.484267953691398,47.63135597328471],[-3.484268117703573,47.63124758681991],[-3.484514641278325,47.63129709159328],[-3.48454025441809,47.63117825775326],[-3.484797864219692,47.63120908222793],[-3.484817852109587,47.6311537814231],[-3.48505312714306,47.631330351257546],[-3.485082016249769,47.63123842931654],[-3.485273433774531,47.63116455830335],[-3.485225974094679,47.631103978897734],[-3.485446117636104,47.631046572081935],[-3.485481722130219,47.630900087558835],[-3.485582104132785,47.631066099493076],[-3.485440493804759,47.63111010521603],[-3.485497785804458,47.631251420545276],[-3.48541362857692,47.631328355057],[-3.485058589051955,47.631375204614145],[-3.484768974639508,47.631301004100074],[-3.484495745308249,47.63136136301869],[-3.484152390805197,47.631723660152105],[-3.48422513569112,47.63188217911],[-3.483895047232521,47.632243737076266],[-3.483829462294097,47.63221695950138]],[[-3.483598876803217,47.63211570962328],[-3.483834646730195,47.63196712257159],[-3.483797182574009,47.63187889230119],[-3.483398882366318,47.63200942597077],[-3.483438530206123,47.63211559772885],[-3.483598876803217,47.63211570962328]]]},"properties":{}},{"type":"Feature","geometry":{"type":"Polygon","coordinates":[[[-3.486540261120199,47.630752023653386],[-3.486654087472612,47.63076259375038],[-3.486511864581183,47.6304724706039],[-3.486349177968606,47.63056280789325],[-3.486385872247839,47.630425293721544],[-3.486012908530739,47.629886098784105],[-3.486368550657386,47.63017337657632],[-3.486281118689235,47.630223399763175],[-3.486472371381887,47.63025791327567],[-3.486540750711419,47.63038054826142],[-3.48646221891339,47.6303939503547],[-3.486574940494014,47.63044186573639],[-3.486739175678842,47.63080301548032],[-3.486638472178917,47.63085377751629],[-3.48665923235864,47.631024220024656],[-3.486389444086833,47.63100310887189],[-3.48615557898675,47.6306187393634],[-3.486126371590694,47.630927434588095],[-3.486004748650482,47.63091613995931],[-3.486257667789103,47.63112785152717],[-3.486118082712406,47.631298185862676],[-3.48582065883213,47.631269579790114],[-3.48559974491716,47.63110124369519],[-3.485823004704645,47.63117913464833],[-3.48568843257086,47.63095180522446],[-3.485829881435046,47.631016185683315],[-3.485795692140485,47.63095486800846],[-3.486104360322731,47.63085640780752],[-3.486056128194696,47.63057008506101],[-3.486129037393665,47.63062021642528],[-3.486196644025874,47.630517107914955],[-3.486224118089081,47.63063298800986],[-3.486303742875086,47.63062855674132],[-3.486250499701385,47.630739897428406],[-3.486396159375957,47.630948546349266],[-3.486630664512063,47.63089936939684],[-3.486540261120199,47.630752023653386]]]},"properties":{}},{"type":"Feature","geometry":{"type":"Polygon","coordinates":[[[-3.486381661641646,47.62918010430412],[-3.486309098859327,47.629246443668556],[-3.486306140947673,47.62900275847996],[-3.486093042713954,47.62878883121359],[-3.486185935099594,47.62878366149436],[-3.486540318836335,47.629170354845336],[-3.486651011857758,47.62909194226061],[-3.486588096878201,47.629014160597585],[-3.486724078614829,47.6290336866998],[-3.486684585627043,47.62881912928407],[-3.486498027191372,47.62860372554662],[-3.486392957406222,47.628618604746826],[-3.486361113842043,47.628466841881774],[-3.486224041163584,47.62843834467745],[-3.486265717078156,47.628670843635945],[-3.486179540114362,47.62862145084325],[-3.486056218548373,47.628267055023336],[-3.486519264347123,47.628449008422734],[-3.486453846076278,47.62857005857211],[-3.486598726579917,47.6285529635728],[-3.486755148837034,47.62895970556972],[-3.486759042472591,47.629320747999756],[-3.486560144806369,47.62922344027145],[-3.486514711112786,47.629289189247],[-3.486600889464776,47.629338581775414],[-3.486418380533707,47.629375833800445],[-3.486608378421175,47.629509763008805],[-3.486536403480218,47.629576989148646],[-3.486625860147855,47.629653293647486],[-3.486461150609,47.62961730324345],[-3.486455368570752,47.629789223028745],[-3.486299399191693,47.62982499772258],[-3.486451931244578,47.62987069758303],[-3.486448493907912,47.629952172133784],[-3.486192141863604,47.629821935399306],[-3.486335933283771,47.629795870069096],[-3.486348271089037,47.629677774293135],[-3.48618044417831,47.629506484926964],[-3.486379342207027,47.6296037932876],[-3.486278027851993,47.62932042466903],[-3.486479270044423,47.62932728763143],[-3.486381661641646,47.62918010430412]],[[-3.48638243190037,47.62917940010626],[-3.486476151829748,47.62919198904622],[-3.486437592687143,47.629094788827835],[-3.486329244268894,47.62908275596039],[-3.486393251513784,47.62916950842903],[-3.48638243190037,47.62917940010626]]]},"properties":{}},{"type":"Feature","geometry":{"type":"Polygon","coordinates":[[[-3.482455106779096,47.628756416135744],[-3.482364733570813,47.62856275108658],[-3.482502896404422,47.62860022352581],[-3.482567231767265,47.62847020488327],[-3.482731768017831,47.62861458741511],[-3.482747723511455,47.628306630818074],[-3.482931156592461,47.6283867418421],[-3.482853127450375,47.62807498162005],[-3.483004559580984,47.62811171531634],[-3.482992714516937,47.62790465090285],[-3.483102151774778,47.62792565757789],[-3.483022863815236,47.627713313355024],[-3.482974909878098,47.62797789290094],[-3.482865472563237,47.62795688610725],[-3.482839857240753,47.62807571977753],[-3.482740414208961,47.62802706258847],[-3.482798787688643,47.6281773501738],[-3.482661717655531,47.628148848784924],[-3.482655756262499,47.62842915513835],[-3.4824603127239,47.62825036587734],[-3.482422517948226,47.628378908260345],[-3.482245636739517,47.62835262070705],[-3.482216576141246,47.62855292870205],[-3.481958394926298,47.628187967899656],[-3.481783698112005,47.628179621074246],[-3.481763539104213,47.62834330807442],[-3.481533746741639,47.62821158493708],[-3.481912450088323,47.628578874988754],[-3.481808470853607,47.62860272077884],[-3.481517953860378,47.62841115476385],[-3.48144269884272,47.628451465649775],[-3.481333431122101,47.628322070801474],[-3.481363076900895,47.628455893609775],[-3.481136389663269,47.62845946848034],[-3.481226758240049,47.62865313449015],[-3.481124961887152,47.62869492110977],[-3.480934059800299,47.62844362558684],[-3.480982945230912,47.6282964042976],[-3.480873508046999,47.6282753956411],[-3.48093003484744,47.628190969437355],[-3.480758955224163,47.62799275997483],[-3.480835301714375,47.6279614202464],[-3.48077584240897,47.627802160935424],[-3.480642220483422,47.627692182696144],[-3.480508427473862,47.62769059096207],[-3.480432829132508,47.627947674518296],[-3.480503546372074,47.62797986800119],[-3.480546803248014,47.627896179860656],[-3.480818414691495,47.628152019278744],[-3.480678820039945,47.62832234737584],[-3.480774986938603,47.628344094137034],[-3.480812272598002,47.62854071215482],[-3.481061714399185,47.62883390966321],[-3.481142598953272,47.62873006602792],[-3.481255312244725,47.628777986583934],[-3.481260019234009,47.62859709624719],[-3.481473267011672,47.62870264574819],[-3.481473436690404,47.628594259139],[-3.481588333479213,47.628660120811624],[-3.481564145707877,47.62857115165941],[-3.481798306813747,47.62873875756843],[-3.481939913853208,47.62869475620697],[-3.482186423478526,47.62874426595894],[-3.482114780754325,47.62859471618643],[-3.481840808353692,47.628429325035455],[-3.481827707000488,47.62832167645286],[-3.482040954800374,47.62842722493248],[-3.482247316117575,47.62869572198017],[-3.482455106779096,47.628756416135744]],[[-3.480909531572286,47.62857142952668],[-3.480847717188788,47.628502615474446],[-3.480921881100004,47.628453334249556],[-3.480909531572286,47.62857142952668]]]},"properties":{}},{"type":"Feature","geometry":{"type":"Polygon","coordinates":[[[-3.478557323176021,47.62735652738708],[-3.478706743136849,47.627266938488816],[-3.478666017087791,47.627151794108904],[-3.478829622512308,47.62717882480124],[-3.478817618784336,47.62708014656104],[-3.47862856485439,47.62706356196191],[-3.478625115757552,47.627145036399966],[-3.478561123565195,47.627058279584595],[-3.478416244545046,47.627075364627764],[-3.478203571515848,47.62730394027863],[-3.478085761549214,47.62699438958303],[-3.478172104773325,47.626935401691185],[-3.478193012730256,47.6269974593541],[-3.478198821076409,47.62682553973129],[-3.478056124798285,47.62686056584229],[-3.47771544234486,47.62625633525692],[-3.477641278525886,47.626305614501696],[-3.477762534779283,47.62653369132071],[-3.477749824240421,47.62686855979875],[-3.477382249577377,47.62648257686059],[-3.477134485421307,47.62653247286829],[-3.477020868351327,47.6263671907847],[-3.477051414519845,47.626618372309636],[-3.476823823008537,47.626504581326955],[-3.477020332211994,47.626692350947316],[-3.477271548352415,47.62656098076681],[-3.477410793428974,47.626607430033644],[-3.477591675489033,47.62688638139901],[-3.477772913814957,47.62694855905904],[-3.478131588964546,47.627371161315786],[-3.478380623213093,47.62722184728567],[-3.478557323176021,47.62735652738708]],[[-3.477938700356586,47.62699353252124],[-3.477809450590758,47.62691943402927],[-3.477870522117007,47.626762505580494],[-3.477989951670462,47.626755867185345],[-3.478049401498679,47.62691512800017],[-3.477938700356586,47.62699353252124]]]},"properties":{}},{"type":"Feature","geometry":{"type":"Polygon","coordinates":[[[-3.438800895042462,47.62526994528731],[-3.438804404799756,47.62518847195691],[-3.438921666670103,47.62516393124167],[-3.43887318044203,47.62509436169667],[-3.438991526586063,47.625078792040775],[-3.438920009802453,47.62492921551552],[-3.439009390601989,47.62500555664898],[-3.439122569503238,47.62483674446836],[-3.439439964986637,47.62481017631773],[-3.439675825525517,47.624661677855414],[-3.439430458791921,47.62462104942135],[-3.439439135417035,47.62469281844053],[-3.439327552864657,47.62465382856895],[-3.43932729762595,47.624762215321404],[-3.439220053183791,47.62475910986047],[-3.439276642129548,47.62467470367294],[-3.439167228799203,47.62465365590567],[-3.438948146389026,47.62471994681693],[-3.439314793433841,47.62443778825987],[-3.43926413826579,47.62435027659137],[-3.439647304715931,47.624094297123015],[-3.439620189769335,47.623870018906445],[-3.439498592768845,47.62385867581775],[-3.439544334533545,47.623684558150096],[-3.439307648680692,47.62371569848439],[-3.439230454799122,47.62362965319122],[-3.439519134520166,47.62358660894497],[-3.439545928690952,47.6234767556499],[-3.43937450758234,47.623495258773865],[-3.43947224338533,47.623309237074466],[-3.439115047939551,47.623338004912945],[-3.439218206914582,47.62319683909699],[-3.439057887225156,47.6231966662835],[-3.438981778967279,47.62311959194101],[-3.438991539219028,47.623200332187174],[-3.43883230396714,47.623209130202234],[-3.438804424017158,47.62331001220928],[-3.438680659617965,47.62328072598664],[-3.438477848098634,47.623481583163404],[-3.438485438861672,47.623544381154076],[-3.438646844016611,47.62355352589314],[-3.438581323203056,47.62367454951447],[-3.438675039145751,47.62378677551064],[-3.438766842954515,47.62377267235051],[-3.438770668019491,47.6240253304915],[-3.438608176990619,47.62400721478773],[-3.438552101315393,47.62387484709804],[-3.438402109252081,47.62418115834628],[-3.438307308814092,47.624059961013316],[-3.43821550438987,47.62407406381014],[-3.438289701494337,47.62402480954809],[-3.438185711659932,47.6240486165589],[-3.438266672356387,47.623944802372584],[-3.438000192017673,47.623950492813734],[-3.437901623732014,47.62401915529121],[-3.438008092868488,47.62434742230008],[-3.438135112433859,47.62440362264148],[-3.438063909888178,47.62458817697819],[-3.438218039420245,47.624868655710934],[-3.438163359732639,47.62507939038499],[-3.438286043623914,47.62509970599269],[-3.438178798564321,47.62509659957624],[-3.438114359163304,47.62522659397603],[-3.438201570540573,47.62528499344253],[-3.438391947144062,47.62520222790153],[-3.438647332500073,47.62521521197222],[-3.438778120957513,47.62508155153639],[-3.438800895042462,47.62526994528731]],[[-3.4387729549461,47.624928309142135],[-3.438662456841128,47.62489828977234],[-3.438663797881641,47.62479887416284],[-3.438869354815265,47.62484170369794],[-3.4387729549461,47.624928309142135]],[[-3.438781709836678,47.62356413671811],[-3.438669045697186,47.6235161750561],[-3.438839382662948,47.62348870182943],[-3.438781709836678,47.62356413671811]],[[-3.438877022767778,47.62346856006791],[-3.438843976697857,47.6234161995619],[-3.438986689479455,47.62338122129723],[-3.438877022767778,47.62346856006791]]]},"properties":{}},{"type":"Feature","geometry":{"type":"Polygon","coordinates":[[[-3.449306547425833,47.623551119679945],[-3.44913645096681,47.62347022133174],[-3.449119307414678,47.62321829778867],[-3.448981181955854,47.62318078576244],[-3.448941609285762,47.62307460183073],[-3.448813259414962,47.623117829019805],[-3.448619034768659,47.622947953711225],[-3.44870214570324,47.622862074334286],[-3.448611904929057,47.62266838260119],[-3.44868283221459,47.6225922085469],[-3.448610818849315,47.62265941154988],[-3.44844445787202,47.62238865152138],[-3.44830043090919,47.62252305720074],[-3.448282718306617,47.62303881266684],[-3.44811418581447,47.62275011011279],[-3.448013223195004,47.6229092259291],[-3.447964116581698,47.622613915258775],[-3.447999343053867,47.62268421531953],[-3.448079060459428,47.622128904535266],[-3.448144083193222,47.622224649321545],[-3.448229365775521,47.62215671236518],[-3.448240225846077,47.62224642293467],[-3.448420564946278,47.62219128831792],[-3.448735059511984,47.6224719134775],[-3.448753523207313,47.62262442133793],[-3.448847730490203,47.62251986545506],[-3.448924702524351,47.62271429132715],[-3.449004318586563,47.622709885465945],[-3.448996244372163,47.622863861895674],[-3.449143058412949,47.62297314227141],[-3.449107214824085,47.62267709776017],[-3.449210346098689,47.62253592307201],[-3.449344125245887,47.622537550659715],[-3.449366935532864,47.62272594259513],[-3.449376094863605,47.62258093717349],[-3.44948791502125,47.6225115305935],[-3.449731725236503,47.6227599406794],[-3.449589489946121,47.62257815831091],[-3.449658243212125,47.6224840415747],[-3.449541226656024,47.62240020620302],[-3.449600203630248,47.622225350091426],[-3.449901902835559,47.622289932680566],[-3.449862713763897,47.62251788077088],[-3.450034980924386,47.622616720177696],[-3.450032574795187,47.62270716499035],[-3.449923394973617,47.62257774038738],[-3.450078667339031,47.62286717479377],[-3.450152851819854,47.62281791296558],[-3.450073935924034,47.62249715894226],[-3.45016682084021,47.62249201785104],[-3.450280192119612,47.622214807731304],[-3.450448036685564,47.62282866790755],[-3.450570720077879,47.622848970635076],[-3.450462857674452,47.62262013068939],[-3.450514692135722,47.622165703066194],[-3.450750204402507,47.622676474519665],[-3.450674312197171,47.62249102087986],[-3.450740890574082,47.62237896143532],[-3.450926196491616,47.62258545191937],[-3.450987110526716,47.62253692408654],[-3.451020167962163,47.62258928117987],[-3.451070217011853,47.6224510430064],[-3.451168534276973,47.622490756265016],[-3.451201822981493,47.622434726407434],[-3.451241399672896,47.622540909608176],[-3.451451534834863,47.62251121426089],[-3.45149443783598,47.62209340488061],[-3.451662360316348,47.62215635780153],[-3.451828569661787,47.62198459458382],[-3.451937752889092,47.62211401744525],[-3.45198562585164,47.62195783679859],[-3.452068500471746,47.62198034191629],[-3.452116542545669,47.62226667993612],[-3.452170935121948,47.62216432535241],[-3.452266850352562,47.62229448256813],[-3.452209885007786,47.62204476337684],[-3.452351269885052,47.62210918466412],[-3.452234707962452,47.6218085781051],[-3.452375463016,47.62164725446227],[-3.452625172867445,47.62172373983739],[-3.45263689877271,47.621930807973435],[-3.45272000166025,47.621844925692685],[-3.452803735318215,47.62198478824159],[-3.452776338252037,47.62186889978077],[-3.45285377918273,47.62184654926097],[-3.453064315519796,47.62215098281294],[-3.452969712929923,47.62192141032339],[-3.453127855184967,47.621903622015594],[-3.453232694022566,47.62199715962259],[-3.453278162496328,47.621931423351285],[-3.453433451170139,47.62222085339355],[-3.453382141474262,47.62190760287768],[-3.453466556523844,47.62172230413074],[-3.453773466314634,47.621940118724766],[-3.453698651569869,47.621763637987605],[-3.453900496746499,47.621996301989675],[-3.454326832198229,47.62220750119727],[-3.454346848281034,47.62215220535406],[-3.454531304649734,47.62224133222502],[-3.454685098966357,47.62218765781812],[-3.454882825176324,47.622276049171255],[-3.455197995381968,47.62278240170372],[-3.455351790587031,47.62272872643382],[-3.455628048311523,47.62280373527146],[-3.45580729437284,47.62273961827944],[-3.455678529692479,47.62244872132749],[-3.455858640128769,47.6225019621436],[-3.455865607203008,47.62233901422612],[-3.455967189759083,47.62240563640267],[-3.456051375351123,47.62232872275696],[-3.455853647011272,47.622240333384504],[-3.455902595924083,47.622093122129215],[-3.455966766783186,47.62207150464585],[-3.45595545083209,47.62219856865165],[-3.456050730576227,47.622102977921976],[-3.455988955729009,47.62203415048899],[-3.456197556964632,47.62221224947244],[-3.45625737842757,47.622154747898655],[-3.455953940633957,47.62185546587258],[-3.456127746494652,47.62174649342179],[-3.456270868358605,47.622045625826644],[-3.456205848714539,47.621398979792076],[-3.456340712578307,47.62140957035319],[-3.456355289504009,47.62130941921532],[-3.45627154760092,47.621169559164294],[-3.456420767120325,47.62118838547925],[-3.456552794975616,47.62150619474964],[-3.45664893976359,47.62152796144882],[-3.4566458976057,47.62139266153397],[-3.456790768165745,47.621375603444314],[-3.456600006805956,47.62112426721747],[-3.456695283478641,47.621028675909265],[-3.456621107521377,47.621077941938076],[-3.456601314348281,47.6210248512118],[-3.456775116183368,47.62091587775119],[-3.456720086117073,47.62079248956139],[-3.456912153818171,47.62094440962166],[-3.456883660935099,47.62081955108003],[-3.456998729993142,47.62077705019594],[-3.456797523835181,47.62077013641434],[-3.456787956869211,47.62058101054269],[-3.456988074868023,47.6205789533585],[-3.456908682167994,47.62047497764594],[-3.457052243467547,47.62055733526195],[-3.456998300574037,47.62044291816357],[-3.457219517973158,47.62039453521506],[-3.45719646203299,47.62031453162508],[-3.45730043611336,47.62029070764335],[-3.457485978505709,47.620388800913986],[-3.457649116432912,47.620632635410615],[-3.45755884348312,47.6209898564058],[-3.457760920354616,47.621114126841825],[-3.457855542117172,47.62134369554523],[-3.457298254957711,47.620823671763425],[-3.457347630192812,47.6210105917867],[-3.457190579477508,47.621037356795334],[-3.457273236075841,47.62116824521931],[-3.4571085725153,47.621132213271856],[-3.457046358932643,47.62128016033487],[-3.456982408840199,47.62119339143913],[-3.45691367014882,47.6212875125488],[-3.456896271045696,47.621143976855755],[-3.456766844837948,47.62117824184673],[-3.456921062782826,47.62145869638256],[-3.456762923109853,47.62147648983051],[-3.456837527908087,47.621761355585896],[-3.456694831156364,47.62179635569046],[-3.456555836904019,47.62164149465903],[-3.456621741541217,47.62185459268011],[-3.456559746006846,47.62189415248767],[-3.456525596176083,47.621832825962194],[-3.456525155558453,47.62204959984539],[-3.456426835121217,47.622009891087025],[-3.456353744921363,47.62206812790258],[-3.45644944971304,47.62230666861362],[-3.456360048494791,47.622230340721984],[-3.45634132647436,47.622737126506216],[-3.456010239759026,47.62298124950162],[-3.455906259862634,47.62300507230181],[-3.455908656053914,47.62291462738223],[-3.455714187610189,47.62285315074807],[-3.455739195082303,47.623059483374696],[-3.455566693672823,47.623069039284076],[-3.455566915932275,47.622960652404046],[-3.455423127910601,47.62298667994821],[-3.455353742324364,47.62285505530186],[-3.455327622720085,47.62319065699526],[-3.455252801084944,47.62301417736706],[-3.45519841355174,47.62311653334128],[-3.455094656248162,47.62303196854192],[-3.455090753996006,47.622779310811964],[-3.454858877152008,47.62262959284597],[-3.454834960404405,47.62243223097981],[-3.454739677895671,47.6225278207015],[-3.454687912159066,47.6224313446426],[-3.454514325523955,47.62243192800492],[-3.454409483586957,47.62233839156926],[-3.454224802105354,47.62235765142741],[-3.454163029317568,47.62228882303767],[-3.45399247861654,47.62242470554159],[-3.453863273155898,47.6223505803814],[-3.453677278416947,47.62246925527992],[-3.453390156391315,47.62230453173268],[-3.453261811974263,47.62234776382735],[-3.453302479562333,47.622462917343405],[-3.453181969704976,47.62246055950088],[-3.453150856741793,47.62253453194157],[-3.453019705979667,47.62233407692196],[-3.452866137306839,47.62227936221911],[-3.452811745946264,47.62238171712053],[-3.452704505503423,47.622378624037104],[-3.452791728187351,47.62243701269414],[-3.452747345455486,47.62251171977257],[-3.452464344398368,47.62249126491648],[-3.452728589040297,47.62301850490389],[-3.452667676038764,47.62306703363298],[-3.452226355651846,47.62262184733144],[-3.452119972173045,47.622736111621634],[-3.452144566641482,47.622608313351904],[-3.452002094044655,47.622534920810565],[-3.451957710126368,47.62260962758518],[-3.451837199997242,47.622607268355296],[-3.451953991019543,47.622799488305716],[-3.451842403285569,47.6227605103525],[-3.451812374912523,47.62284345344566],[-3.451713199997649,47.62268638282658],[-3.451559631650443,47.62263166641576],[-3.451601152057068,47.62286417841454],[-3.4512646102045,47.623063432833014],[-3.45107883857726,47.62307371668467],[-3.45093682952299,47.62278354910517],[-3.450889807464925,47.62305708715611],[-3.450715828638458,47.62272353321014],[-3.450717305195468,47.623066635903214],[-3.450923488229821,47.62333518900909],[-3.450796457745198,47.62327900254494],[-3.450844957862292,47.62334856720453],[-3.450749666573584,47.623444153626],[-3.450550856461222,47.62334678429875],[-3.450460608160072,47.62315309404234],[-3.450558461407108,47.623409581508405],[-3.450415756133311,47.62344457391156],[-3.450275689432771,47.623280734506125],[-3.450322869583709,47.62344971519825],[-3.450219972603632,47.62348250396198],[-3.450131664673718,47.62341514238206],[-3.449876051323357,47.62351057025424],[-3.449734047644748,47.62322040127747],[-3.449785186902046,47.623091134738445],[-3.449607487404047,47.62294743978422],[-3.449552002869265,47.623040822092086],[-3.449617263694985,47.62302817914884],[-3.44966094848659,47.623278633868225],[-3.449448019975183,47.62306463914191],[-3.449306547425833,47.623551119679945]],[[-3.449298092709579,47.62337096450732],[-3.449311832133529,47.62315345645071],[-3.449218710835398,47.6232669837168],[-3.449298092709579,47.62337096450732]],[[-3.455906924569216,47.62267991163106],[-3.455924986107164,47.62249828665709],[-3.455836450897319,47.622539316266725],[-3.455906924569216,47.62267991163106]],[[-3.456800738449439,47.621066823740925],[-3.456711814520329,47.621054853669655],[-3.456801214273017,47.62113118133808],[-3.456800738449439,47.621066823740925]],[[-3.457296079954351,47.62080572980539],[-3.457178186581991,47.620604544019464],[-3.457000256123946,47.6205692471523],[-3.456954793393494,47.62063498491852],[-3.457296079954351,47.62080572980539]],[[-3.457502723991918,47.6208574976131],[-3.457570591726449,47.620646018146665],[-3.457386135795882,47.620556896002796],[-3.457313486038347,47.62039835941636],[-3.457187105373069,47.620567924850285],[-3.457365686264586,47.62082896643431],[-3.457502723991918,47.6208574976131]]]},"properties":{}},{"type":"Feature","geometry":{"type":"Polygon","coordinates":[[[-3.446038214112959,47.621082751849215],[-3.446068291606138,47.62096675697371],[-3.446179871374756,47.62100574047938],[-3.446376978432742,47.621861825993385],[-3.446410753461392,47.62158902361309],[-3.44647951105746,47.62149490870034],[-3.44655237068891,47.62154506499443],[-3.446649232544101,47.621241679069406],[-3.446765156276979,47.621316546313714],[-3.446823901144597,47.621250078470716],[-3.446864554009725,47.621365234292945],[-3.446922213039042,47.62128979532827],[-3.446865159931261,47.621590979262635],[-3.446936694503447,47.621740551178924],[-3.44684791368676,47.6218899609192],[-3.447071317888025,47.62185953937201],[-3.447041761735549,47.62172570741899],[-3.44716769875306,47.62177292694275],[-3.447197972985109,47.62158159805802],[-3.44736504184488,47.621527199161456],[-3.447650578547621,47.621899740386105],[-3.447482291737289,47.62150264980579],[-3.447629337304349,47.6215035452155],[-3.447911380089306,47.62195755954081],[-3.447818019911297,47.62217947267433],[-3.447960858673468,47.622587002085844],[-3.447909105130268,47.622490523025746],[-3.447877746974629,47.62267288094741],[-3.447770506232979,47.62266978333409],[-3.447869669516454,47.62282685730218],[-3.447697167450873,47.622836401589815],[-3.447713799721421,47.622311675097635],[-3.447634184146589,47.62231608008005],[-3.447616094463453,47.62249770378792],[-3.447454082540693,47.62226282657618],[-3.447276760658188,47.622453259792316],[-3.447343585071927,47.62223281537813],[-3.447266141274164,47.62225516223988],[-3.447198101828595,47.62202411685023],[-3.44708627971492,47.62209352125531],[-3.44703344242967,47.621988070714146],[-3.44693899275938,47.622201012073404],[-3.44681196916731,47.62214482124299],[-3.446768664071436,47.622228497130564],[-3.446816197894448,47.62273161106227],[-3.446523426376574,47.62263040220124],[-3.446530785878821,47.62280158657316],[-3.446384581561756,47.622918047722514],[-3.446469022497517,47.62273275413009],[-3.446385545161453,47.62248450020546],[-3.446307618484981,47.62272362019685],[-3.446330778500668,47.62225272031964],[-3.446175889934649,47.622297412647924],[-3.446151281321027,47.62242520968083],[-3.446108457883432,47.62229211152049],[-3.446272514169183,47.62210241406773],[-3.446277339105444,47.62192152453708],[-3.446181197838317,47.62189974930453],[-3.446259968393431,47.6217779873075],[-3.445898444426382,47.621770891604946],[-3.445864908617748,47.62193530689382],[-3.44573873016103,47.62199647288939],[-3.445799406153859,47.62205633466444],[-3.445677811971883,47.62204499799831],[-3.445839089398957,47.62260503837785],[-3.44574680507603,47.622835920858144],[-3.445697711067457,47.622540609223925],[-3.445659831818728,47.62266914007562],[-3.445610253501566,47.62259060215924],[-3.44566622918031,47.6222804479121],[-3.445558631524203,47.62194321645395],[-3.445388060027305,47.62207908641653],[-3.445618695648935,47.62277075767086],[-3.44538141772794,47.62257616549216],[-3.445390944641219,47.62276529210248],[-3.445261507119362,47.62279954431465],[-3.445441122714497,47.62306957491051],[-3.445377788992206,47.62320854453079],[-3.445258363329597,47.62321514959242],[-3.445403842235514,47.62342385040878],[-3.445255949080708,47.62330559427871],[-3.445283200392622,47.62397238960269],[-3.445245805568611,47.62388414661543],[-3.445043260089773,47.62397662832677],[-3.444989693761475,47.62419633736987],[-3.444993437734605,47.62400647700814],[-3.444926845263241,47.62411853308237],[-3.444884023520123,47.623985434588924],[-3.444852898169987,47.62405940476075],[-3.444768937902571,47.62402792346645],[-3.444783048936412,47.62414454751181],[-3.444647095014064,47.62412497253835],[-3.444516078893729,47.62436702639697],[-3.444220641415523,47.62446464325091],[-3.44385584357364,47.62443062798369],[-3.443901325666558,47.62436489544551],[-3.443815194864435,47.62431547129564],[-3.443741002454322,47.62436472906032],[-3.443816034048625,47.62443282916436],[-3.443583935051505,47.62439147572555],[-3.443589015888717,47.624102199726494],[-3.44351398504873,47.624034099465035],[-3.443513738312967,47.624142486261036],[-3.443292396490401,47.62374832485173],[-3.443159204770917,47.623972435045765],[-3.44305763521908,47.62390580178401],[-3.442906831738053,47.624094760924336],[-3.443149685548827,47.62378330837085],[-3.443064299321633,47.62340872318034],[-3.443179137548998,47.62347462280146],[-3.44327878323973,47.62341492694856],[-3.443320665733271,47.622988149667655],[-3.443446010955478,47.62280962835342],[-3.443435158826871,47.622719917364265],[-3.443279428501129,47.62264724786854],[-3.443336750054813,47.62223767895377],[-3.443247614968815,47.62205295411755],[-3.443188864765067,47.62211942013426],[-3.443188026995964,47.622002062121524],[-3.443422532600155,47.6219529716909],[-3.443409510306518,47.62184531845332],[-3.443512753336717,47.62214666750425],[-3.443610817888686,47.62229477402985],[-3.4436749939668,47.6222731633025],[-3.443702125137247,47.62249744076147],[-3.44357051672138,47.622513748909135],[-3.443546986999286,47.622650516477286],[-3.443666165190614,47.62275230003742],[-3.443575449666601,47.62277537815343],[-3.443505106579953,47.62307729391339],[-3.443558776574455,47.62330010393055],[-3.443694727997007,47.62331968017913],[-3.443645744295598,47.623466886223525],[-3.443842371666603,47.623546325115115],[-3.443871819530657,47.62323763933347],[-3.443737792519049,47.62334439231922],[-3.443816570778868,47.623222632060546],[-3.443948180867192,47.623206323641575],[-3.444053845869096,47.623417227353656],[-3.444325994857483,47.62334799170151],[-3.444422733592012,47.62359551319481],[-3.444567262399321,47.62324433869308],[-3.444584521854293,47.62294535758139],[-3.44448970957532,47.622824165189776],[-3.444576083169327,47.62276520201121],[-3.44449212510061,47.62273372049695],[-3.444595024155213,47.62270093676687],[-3.444640151779508,47.62230107212741],[-3.444745220753292,47.62228623043771],[-3.444968029901634,47.62203006801637],[-3.445030876001208,47.62210787236521],[-3.445045717950856,47.62189933575776],[-3.445165982809958,47.622010088914216],[-3.445060803368525,47.62158241219031],[-3.445228716654406,47.62164537437759],[-3.445166114180557,47.621459183173855],[-3.445302547688808,47.62126198366781],[-3.445498083874473,47.621332448773764],[-3.445615692379429,47.621642033212325],[-3.445547060509807,47.62118524179116],[-3.445624503475075,47.62116289605703],[-3.445660811463728,47.621242167961114],[-3.445739824438263,47.62101201930505],[-3.445663467291351,47.62104333620359],[-3.44564609851557,47.620899798818016],[-3.445783372273441,47.62081995676699],[-3.4458644310856,47.62115865613276],[-3.445926675514104,47.62101071501845],[-3.446038214112959,47.621082751849215]],[[-3.444944834474378,47.62349439158277],[-3.445026024848016,47.62328218584098],[-3.444911672542193,47.62299951432215],[-3.444850264421418,47.62326481267617],[-3.444944834474378,47.62349439158277]],[[-3.44644863463215,47.62245391688324],[-3.446482168968803,47.62228950147056],[-3.446379512775651,47.622213899966816],[-3.44644863463215,47.62245391688324]]]},"properties":{}},{"type":"Feature","geometry":{"type":"MultiPolygon","coordinates":[[[[-3.463420244475183,47.62025282632559],[-3.463254334110887,47.62015028608188],[-3.463227590395247,47.62026014499853],[-3.463111438942173,47.62029368110354],[-3.463127766004495,47.62042824500642],[-3.462979634693392,47.62041839818132],[-3.463039239763523,47.620469280119494],[-3.462610706962467,47.620240170663486],[-3.46253871430329,47.62030738233419],[-3.462427124051287,47.62026841444419],[-3.462509792297361,47.62039929921349],[-3.462155014243445,47.62033769238149],[-3.462165897344344,47.62042740173846],[-3.461933801553176,47.62038608467983],[-3.461821792479516,47.62056389028142],[-3.461617321833539,47.62053007198814],[-3.461445707529191,47.620656994558296],[-3.461226879951072,47.620614940369926],[-3.461057229606588,47.62086819126208],[-3.460837313372012,47.62081716540438],[-3.460848859403128,47.621132619808776],[-3.460628942278436,47.62108159356566],[-3.460588471995379,47.620858055513104],[-3.460451220283776,47.620937914962695],[-3.460458624212616,47.6211090986031],[-3.460371607809667,47.62094232863088],[-3.460216734802201,47.620987039608956],[-3.460159094886943,47.62106248514761],[-3.460249587585414,47.6211477811269],[-3.460144525164551,47.6211626367728],[-3.460080144001088,47.62129264354892],[-3.460392518484241,47.621555295545555],[-3.459685574792549,47.621784141769],[-3.459691228291819,47.62172060957313],[-3.459440206064054,47.62174355531154],[-3.459255957984026,47.62154604920504],[-3.458913357179252,47.62147472612385],[-3.458772397553352,47.62119353879679],[-3.458591200899858,47.62113133147279],[-3.458596855632359,47.621067799308605],[-3.458356929444432,47.62107206538938],[-3.458505716857229,47.621307663014036],[-3.458190960869227,47.62113545099092],[-3.458186176371515,47.62131634108467],[-3.458354104297999,47.62137928440936],[-3.45810417074975,47.62141119824668],[-3.457930152212681,47.621077654766644],[-3.457817476121043,47.6210297115156],[-3.457730032380799,47.62107971356454],[-3.457790068661444,47.6209138241743],[-3.457638892348921,47.6207686706493],[-3.457798987084482,47.620877204964174],[-3.457885342827672,47.620818231884925],[-3.457763096903295,47.620581162792554],[-3.457894478693819,47.620673225654095],[-3.457939940299747,47.62060748752338],[-3.458078935874929,47.62076234698977],[-3.458184215018842,47.62063910618485],[-3.458123526750539,47.62057925080102],[-3.458298194987121,47.62058763304476],[-3.458253821498389,47.620662342286415],[-3.458395426514495,47.62061836928707],[-3.45825817213864,47.6206982261692],[-3.458292323233881,47.62075955222379],[-3.458419572070532,47.620707343596955],[-3.458415004853863,47.62077984673309],[-3.458301024587833,47.6208313199821],[-3.458265785773151,47.620761022962135],[-3.458175079945506,47.62078411244092],[-3.458233376348661,47.62093441285511],[-3.458516371362488,47.62095485374879],[-3.458572925765651,47.620870438049856],[-3.45853181556174,47.62097206028565],[-3.45863992523525,47.62109250598225],[-3.45873280688205,47.621087358074966],[-3.45904734914862,47.62136795562327],[-3.459215493097865,47.62132251073004],[-3.45934687921745,47.62141457192267],[-3.459321643943788,47.62131662687897],[-3.45950740786785,47.62130632990742],[-3.45948543598309,47.621235297763285],[-3.45961377268536,47.621192058804986],[-3.459521105165014,47.621088820420994],[-3.459693599467946,47.621079258661524],[-3.459687072015939,47.62102543292776],[-3.459758855493503,47.62106661003897],[-3.459916118428232,47.62093145457613],[-3.459788209958272,47.6207579198575],[-3.459953087517826,47.62068556101908],[-3.459960489814403,47.62085674471321],[-3.460064463717245,47.62083291827742],[-3.460087075427093,47.620578789282426],[-3.460228678711539,47.62053481405846],[-3.460288281289718,47.62058569739754],[-3.460278489307803,47.620504958825585],[-3.460359189147202,47.6205095161718],[-3.460259993422772,47.62035245262279],[-3.460431821937877,47.62011714472785],[-3.460531017730609,47.62027420814988],[-3.46066696766795,47.62029376467275],[-3.460664579655583,47.62038420981148],[-3.460718953925103,47.62028185114855],[-3.460912330665721,47.62033434858315],[-3.461025430401505,47.62016551478017],[-3.46117075176007,47.620482583314434],[-3.461294522004743,47.620511845746215],[-3.461384137838773,47.620479782899054],[-3.461198587967934,47.62038169582603],[-3.461299506508013,47.620222568407584],[-3.461732596229969,47.62037917939891],[-3.461688857179593,47.62012872882471],[-3.461971640001034,47.62025754840223],[-3.461949665269223,47.62018651668348],[-3.462053636978966,47.62016268846864],[-3.461937694313942,47.620087836356156],[-3.462005125151409,47.620093128350376],[-3.461978797353855,47.61998621287552],[-3.462061673125254,47.62000871092483],[-3.462020988513791,47.61989356031436],[-3.462093651563495,47.62005209401327],[-3.462364254765898,47.620190619384566],[-3.462424275646733,47.62002472753675],[-3.462513681841305,47.620101050872655],[-3.462496268068825,47.619957515926856],[-3.462749249720085,47.62006089252418],[-3.462676584711605,47.61990235923389],[-3.462838656439809,47.6201372156099],[-3.462902822139124,47.620115594293985],[-3.462798177620349,47.619913678214836],[-3.462994820397298,47.619993085006],[-3.463033123193636,47.62019868046709],[-3.463128179799307,47.620211470918704],[-3.463104026620267,47.62012249755981],[-3.463201260067164,47.6201532298084],[-3.463263455279857,47.62000527938167],[-3.463408113632811,47.62009660013126],[-3.463420244475183,47.62025282632559]],[[-3.458111999166508,47.62081470212335],[-3.45817181700141,47.62075719952775],[-3.458053486034665,47.62077278865181],[-3.458111999166508,47.62081470212335]],[[-3.459729714490109,47.62126691318209],[-3.459705566497479,47.62117793916861],[-3.459627041504469,47.62119132328358],[-3.459729714490109,47.62126691318209]],[[-3.460785749929299,47.62061230494325],[-3.460810322674826,47.620484504710134],[-3.460711790129543,47.62055318655686],[-3.460785749929299,47.62061230494325]],[[-3.460823591301592,47.62048376905253],[-3.460908854966584,47.62041582277783],[-3.460849251986587,47.62036493975104],[-3.460823591301592,47.62048376905253]],[[-3.462513473697182,47.62020943792458],[-3.462422978972278,47.62012414365835],[-3.462433862479922,47.62021385300017],[-3.462513473697182,47.62020943792458]],[[-3.462904584298219,47.62035031024951],[-3.462886080965028,47.6201978044506],[-3.462792112853897,47.620193984732545],[-3.462904584298219,47.62035031024951]]],[[[-3.463422502154425,47.62028190158537],[-3.463431854747036,47.62040234752015],[-3.463368983839841,47.62032455300672],[-3.463422502154425,47.62028190158537]]]]},"properties":{}},{"type":"Feature","geometry":{"type":"Polygon","coordinates":[[[-3.430700180363051,47.621021103650094],[-3.430763549696489,47.62088214183511],[-3.43088297193147,47.620875551586764],[-3.430829622913261,47.620986867544616],[-3.430971251370334,47.620942927806084],[-3.430986958841276,47.62085175103913],[-3.431263444199282,47.62081843062797],[-3.43074513799581,47.620729630998284],[-3.431134546043221,47.62063589330783],[-3.43128592145407,47.62067269418612],[-3.431449754217125,47.6205914043665],[-3.431486583045147,47.62045390676791],[-3.431275633325765,47.620366208029715],[-3.431472502033308,47.62033728089671],[-3.431517183800812,47.62015419483679],[-3.431394513850625,47.62013387206775],[-3.431717029976524,47.61981804873771],[-3.431576759228604,47.619762573621074],[-3.431639041620669,47.61961464001786],[-3.431330880958665,47.61949618280856],[-3.431437302472047,47.61938193726813],[-3.431415640002981,47.61920251273955],[-3.431178701467446,47.618899504298945],[-3.431053868424075,47.61886123869768],[-3.431159745680792,47.618963767491984],[-3.431035995551145,47.618934473103444],[-3.431018122629181,47.619007707503684],[-3.430883542216849,47.618888700635104],[-3.430591632010003,47.61890480993334],[-3.430495775715471,47.618774634695825],[-3.430403978316672,47.61878873139094],[-3.430473297102896,47.61892037112745],[-3.430268852625011,47.61888649792521],[-3.4302122555736,47.618970899998814],[-3.430238519252404,47.61907782268182],[-3.430372289152133,47.61907947200305],[-3.430274802976847,47.61915709945234],[-3.430275338725169,47.61938284475884],[-3.430206829015209,47.61936856320595],[-3.430438349290928,47.619626717375766],[-3.430279659060628,47.61986124899699],[-3.430367662654879,47.62003701270263],[-3.430176482896315,47.62000240715895],[-3.430145065632229,47.62018476054791],[-3.430044328375623,47.62023547405904],[-3.430090358875566,47.62039549194859],[-3.430200842840046,47.62042551949721],[-3.430231986372239,47.6203515530932],[-3.430319181162815,47.62040995859116],[-3.430240649937657,47.62042332295261],[-3.430317824693343,47.620509374328456],[-3.430175113909882,47.62054434205213],[-3.430434533640493,47.62070161599733],[-3.430248492573857,47.62082025368106],[-3.430135841891741,47.62077228372051],[-3.430021834383418,47.620823729367935],[-3.430355455145572,47.620931754331295],[-3.430484897700211,47.62089751860633],[-3.430700180363051,47.621021103650094]]]},"properties":{}},{"type":"Feature","geometry":{"type":"Polygon","coordinates":[[[-3.434087367813643,47.62434979129364],[-3.434112942176758,47.62428257380299],[-3.434032504865985,47.62416961156267],[-3.434179557551595,47.624170523904766],[-3.433901155628117,47.6240775220277],[-3.433900338246467,47.623960164067235],[-3.434075013733613,47.623968582523226],[-3.434222331466519,47.62386110802662],[-3.433963949717647,47.62327029551617],[-3.434105847485891,47.623117965201935],[-3.433935756534417,47.62259452612954],[-3.433846937912329,47.62274392591956],[-3.433750800235615,47.62272214046415],[-3.433888381258463,47.62297644419587],[-3.433802261967377,47.622927012627336],[-3.433723461303446,47.62304876614897],[-3.433585347104295,47.62301123591286],[-3.433643859967528,47.62349568005899],[-3.433542570178332,47.62332065169289],[-3.433445080868165,47.62339828161944],[-3.433493558481737,47.62346785347827],[-3.433377381378456,47.62350135995432],[-3.433462150509025,47.62365020743491],[-3.43331076515491,47.62361340943356],[-3.433295060840353,47.623704586383695],[-3.433154485603688,47.62287246315378],[-3.43307243311739,47.62296730265929],[-3.43307486799252,47.62287685821021],[-3.43289044525699,47.622787697485],[-3.432869054931722,47.62294240527363],[-3.432850636505385,47.622789894930094],[-3.432692484873545,47.62280765577331],[-3.432669464649265,47.62272764744435],[-3.432623970121814,47.622793375663456],[-3.432409759215671,47.62267876548007],[-3.432408682110942,47.62311231283175],[-3.432251612716879,47.623139044274645],[-3.432306044267781,47.623036698991356],[-3.432036044723375,47.622681330501614],[-3.432105642480675,47.622704582161624],[-3.43206610373061,47.62259839248865],[-3.432171990343273,47.622700920168626],[-3.432135701392875,47.62262164413174],[-3.432262980241539,47.622569464056326],[-3.432155196883977,47.62234060717654],[-3.432033604953797,47.62232925630728],[-3.431907139427576,47.62249879420876],[-3.431929615632629,47.62235305776875],[-3.431687515092151,47.622339326644045],[-3.4318944105412,47.62228275285072],[-3.431749529571519,47.622299780049964],[-3.431754133132861,47.622227278017306],[-3.431547237750152,47.622283851563765],[-3.431620084427832,47.62233401715189],[-3.431468704075865,47.6222972167381],[-3.431317052442204,47.62236880299515],[-3.431402085348795,47.622409265198016],[-3.431232831155286,47.62244569880703],[-3.431429436291608,47.622525158636336],[-3.431441351398624,47.62262384195992],[-3.431244745881135,47.62254438215468],[-3.431182730743688,47.62258392847578],[-3.431296197824079,47.622749255440674],[-3.431191124201484,47.62276408502786],[-3.431149688584578,47.622974084354084],[-3.431086861697241,47.62289627257172],[-3.430945228153096,47.62294021240636],[-3.430594264759043,47.622688649749534],[-3.430550933802931,47.62277231959877],[-3.430502733801865,47.62259435964652],[-3.430458319749376,47.62266905824601],[-3.430409846816805,47.622599485098874],[-3.430285815085059,47.62267857681845],[-3.430195367673309,47.62259325769589],[-3.430458856308977,47.62289480314478],[-3.430400362612013,47.622852875866236],[-3.43035378216731,47.62290963197754],[-3.430243566648756,47.622771217775096],[-3.430252230622423,47.622842987544495],[-3.430020149047967,47.6228016071191],[-3.430286350915288,47.62290432171692],[-3.430342405075522,47.62303669344035],[-3.430098135891178,47.6230050165872],[-3.429986837884491,47.622857630926966],[-3.42990477979358,47.62295246820776],[-3.429883929558613,47.62289040178379],[-3.429731191201745,47.622953014736],[-3.429684884766261,47.622901383749266],[-3.429734165234066,47.623088315235634],[-3.429640194415357,47.62308446884993],[-3.429472276903355,47.623464002772195],[-3.429170044077694,47.623616141043804],[-3.429128344846298,47.623492007970185],[-3.429080403637875,47.623648179118184],[-3.42902868318965,47.62355169174729],[-3.428931717005029,47.623855062691156],[-3.429051422215262,47.62374008754593],[-3.429048980484053,47.6238305318709],[-3.428745384888282,47.62408208455508],[-3.4287992709005,47.6241965144816],[-3.428684172027999,47.62423898750478],[-3.428637865489673,47.624187356137064],[-3.428579094747608,47.62425381473073],[-3.428433151352296,47.62381934827725],[-3.428519293099382,47.62342626540082],[-3.428424239070607,47.62341344680309],[-3.42839742204553,47.62352329754927],[-3.428309419191061,47.62334753267366],[-3.428302367873243,47.62351047885301],[-3.428287210332523,47.623384881544375],[-3.428114980965482,47.62328601010356],[-3.428025340446825,47.62331804737362],[-3.428162924672934,47.62312983932278],[-3.428299952689857,47.62315840473105],[-3.428261781539379,47.62295279821106],[-3.428053797011966,47.62300039430927],[-3.428233076840751,47.622936319645675],[-3.428177583750752,47.62258717322486],[-3.42804136174385,47.62267596575031],[-3.427854504407333,47.62267724142172],[-3.428029452910218,47.62257728208261],[-3.427928987500248,47.62251960686128],[-3.427592359480146,47.622718793095984],[-3.427532785689583,47.62266789313111],[-3.427489449952064,47.62275156184536],[-3.42749189427609,47.62266111750287],[-3.427441783975861,47.622799345551456],[-3.427428793702255,47.62269169058105],[-3.427341318782891,47.6227416698312],[-3.427280662710452,47.622681798489666],[-3.427281465520085,47.62279915657316],[-3.427058848438807,47.622946898326646],[-3.427084025287729,47.62304485025115],[-3.427024731826897,47.62288556321273],[-3.426889589576828,47.622983325631495],[-3.426874676401929,47.62319185981006],[-3.426665648656524,47.622787963654226],[-3.426791850833607,47.62272681829089],[-3.426753925935069,47.62285534299503],[-3.426874435509636,47.62285772810553],[-3.426737168995794,47.622495029253336],[-3.426821396835996,47.622418136685376],[-3.426703333900753,47.62232530717801],[-3.426686296578681,47.62207338020419],[-3.426580140640213,47.622079234390746],[-3.426667615186747,47.62202925569368],[-3.426620230145219,47.621968652209226],[-3.426509463751723,47.622047008171435],[-3.426537366275577,47.621946129035024],[-3.426681165568087,47.621920137039965],[-3.426360533943697,47.62191975677504],[-3.426454783836303,47.621815218920744],[-3.426346745322796,47.62169474348637],[-3.426403351373169,47.621610343404086],[-3.426218662318108,47.621629558983585],[-3.426180736819116,47.62175808357404],[-3.426173442714793,47.62158689783378],[-3.426071616768507,47.62162863661735],[-3.426127140905139,47.62153526540033],[-3.426017739194891,47.62151420528148],[-3.425941087361398,47.62165389617171],[-3.425892621237604,47.62158432111365],[-3.425777525684555,47.62162679132947],[-3.425648361339418,47.62155263493062],[-3.425580649136396,47.62165570884347],[-3.425660265542998,47.62165131889299],[-3.425545169660658,47.62169378887836],[-3.425448238498929,47.62155463841392],[-3.425444708597279,47.62163611149395],[-3.425284393641859,47.62163591977428],[-3.425179888435649,47.6214339701692],[-3.425047194891775,47.621441286178246],[-3.425293103493866,47.62126517108202],[-3.425292305078307,47.62114781289246],[-3.425437184980763,47.621130793693226],[-3.425427445606913,47.62105005222976],[-3.425488097747034,47.62110992458388],[-3.425575571727664,47.62105994667985],[-3.42552494228706,47.6209724289022],[-3.425635424877485,47.62100246076079],[-3.42560484076025,47.62085965205605],[-3.425533882850757,47.620935812160084],[-3.42552118012805,47.620719769934816],[-3.425195943389733,47.6207918883154],[-3.424976346123695,47.620632407991636],[-3.425204369827142,47.62052952642468],[-3.425120940666615,47.6207237761244],[-3.425227377915839,47.62060953631492],[-3.42526365523989,47.62068881457987],[-3.425322426184614,47.620622357532845],[-3.425355457262965,47.62067472193895],[-3.42549925370629,47.62064873138214],[-3.425565882625222,47.62053668618819],[-3.42533706108328,47.62052221023365],[-3.425566165782457,47.620428299232174],[-3.425510409472801,47.620187538070184],[-3.425211430206893,47.62036658018309],[-3.425208982124505,47.62045702458438],[-3.424984773615111,47.620370046095296],[-3.425122874934462,47.620407586552474],[-3.425227147345127,47.620275404164076],[-3.425145084768169,47.62037023822638],[-3.425007267820651,47.620224310828775],[-3.424905956616692,47.620491793827],[-3.424752479275637,47.61999452295073],[-3.424601395404696,47.61984932660578],[-3.424620644472933,47.619676677511144],[-3.424372005914575,47.620051622722684],[-3.424447517853145,47.620345480639294],[-3.424384418272901,47.62037605210905],[-3.424357083724706,47.620260156893565],[-3.424202468475164,47.62019643315955],[-3.424093866032547,47.62029272947969],[-3.423929800536303,47.62003987679891],[-3.42378059569726,47.62002100896241],[-3.42381282974577,47.6199560155493],[-3.423722110393914,47.619979078277574],[-3.423670690186427,47.61977420136461],[-3.423608385528611,47.61992213070554],[-3.423548598595144,47.61953709635494],[-3.423447061960709,47.619470445889824],[-3.423387208172108,47.619527930732566],[-3.423317906069661,47.619396286831645],[-3.423215000322545,47.61942905187061],[-3.423341773845418,47.619151136093365],[-3.423271083208233,47.6191037760352],[-3.423285741122526,47.61901876074666],[-3.423238074716681,47.61906654282862],[-3.423125722138046,47.61891017902882],[-3.423048273026734,47.6189325098693],[-3.423079930917869,47.61908429068938],[-3.422964045251465,47.619009399853674],[-3.423025197401755,47.61929501889869],[-3.422953444645981,47.61925381917701],[-3.422942050720688,47.619380880156825],[-3.422816140778432,47.619333634455096],[-3.422788232588533,47.61943451283761],[-3.422705374268902,47.619411986915374],[-3.422620641858896,47.61926313130528],[-3.422353603880779,47.61948556008207],[-3.422337457105992,47.61890847102738],[-3.422145996502814,47.618982239352746],[-3.422165464600099,47.61914372299395],[-3.422012517465063,47.61887219357517],[-3.422058522715989,47.619032214741345],[-3.421931532856199,47.61897599676278],[-3.421716986891498,47.619412273169225],[-3.421801135427067,47.61977790340747],[-3.421647606113829,47.61972314758908],[-3.421590994546174,47.61980754544798],[-3.421569073728691,47.6197365061243],[-3.421488086946524,47.61984030895842],[-3.421429603641706,47.61979837712167],[-3.421464793313604,47.619868685283095],[-3.42135677,47.61974820511271],[-3.4211588165774,47.619768143883185],[-3.421131489342709,47.61965224787669],[-3.421163726393542,47.619587255182495],[-3.421208648300848,47.61973830530528],[-3.421262016131266,47.61962699367173],[-3.42131588160676,47.61974142731203],[-3.4213261980465,47.619605395195826],[-3.421528476667706,47.61962134140696],[-3.421401279343152,47.619230990532046],[-3.421381230234318,47.619286280807145],[-3.421248833423648,47.61918520549391],[-3.421305942694017,47.61932655312663],[-3.421203327854913,47.61925092938324],[-3.421251493838909,47.619428893477384],[-3.421149960278057,47.61936224101147],[-3.421155075166102,47.61951548461944],[-3.421049800670239,47.61919617276419],[-3.420903843265766,47.61920421521346],[-3.420905713361602,47.61933054487362],[-3.420721616187467,47.61913297775583],[-3.420824433127503,47.619542734268904],[-3.420622246457601,47.619084267474264],[-3.420531527208858,47.61910732773446],[-3.420563178048586,47.61925910922308],[-3.420656060166497,47.61925399159303],[-3.420711207593192,47.61971152917319],[-3.420993011977206,47.620165608894126],[-3.420900128305576,47.62017072678978],[-3.420726346267835,47.619837127701274],[-3.420731955388371,47.620216116542636],[-3.420396289317499,47.619647602165166],[-3.420531049440331,47.620100753318184],[-3.420460378822711,47.62006852340569],[-3.420471191805281,47.62015823664785],[-3.420425978041077,47.62011557324066],[-3.420474142213879,47.62029353757647],[-3.420413496624417,47.62023366259355],[-3.420374476853718,47.62035321406672],[-3.420437485727142,47.6207651638454],[-3.420347057296838,47.62067983701306],[-3.420339194507687,47.62072542468545],[-3.420496757178543,47.62092445440079],[-3.42069579648888,47.620913488082756],[-3.420682820277669,47.62080583225822],[-3.420827115161371,47.62100559261659],[-3.420984183997368,47.62097887650849],[-3.420776200672668,47.621026459695166],[-3.420789177125812,47.621134115497156],[-3.420681152776413,47.62101363478008],[-3.420632107735495,47.62116083134088],[-3.420523790289346,47.62114873738969],[-3.420524578222296,47.62126609561159],[-3.420625235044826,47.621657909218555],[-3.420712421458332,47.621716321849256],[-3.420759011111588,47.62165956954874],[-3.420806096397207,47.62182856229304],[-3.421045444274038,47.62204114708354],[-3.420934669548006,47.62211949775555],[-3.420980966842265,47.62217113223192],[-3.420894860803004,47.62212169112637],[-3.420811706293142,47.622207550743234],[-3.42069257289712,47.622105743838254],[-3.42066141512468,47.622179707631346],[-3.420535500599735,47.62213245953873],[-3.420511912032899,47.6222692224872],[-3.420388453763509,47.62213153001748],[-3.420269027424451,47.62213810953065],[-3.420410481220737,47.62297921988388],[-3.420295672170424,47.622913297862],[-3.420251443008572,47.623322124261804],[-3.420035880857689,47.6233069068932],[-3.419974151057396,47.623238060460984],[-3.419793779053466,47.623293151121246],[-3.419678183986623,47.6231098703944],[-3.419595025980684,47.62319572910144],[-3.419447781823419,47.622860666678775],[-3.419274193424585,47.6228611976653],[-3.419207355496357,47.62263910737947],[-3.419178357623985,47.62273101340431],[-3.419129899336233,47.62266143557864],[-3.419030228052692,47.62272111084923],[-3.418957392678465,47.62267093741922],[-3.418971446964617,47.62278756465811],[-3.418895368292482,47.622710477213005],[-3.41890263921191,47.62288166330831],[-3.419012040917175,47.62290273007707],[-3.418989041155454,47.622822719056856],[-3.419057552296532,47.62283700716476],[-3.419070525723911,47.622944663057595],[-3.418923476676007,47.62294373169231],[-3.418894181432681,47.62314402442665],[-3.418964070643829,47.6230588971187],[-3.419026880051799,47.623136715414745],[-3.419082418078307,47.623043347619515],[-3.419252763610117,47.62301590295206],[-3.419128714382218,47.623094982805604],[-3.419192605218911,47.623181772333545],[-3.418945586554629,47.62334890308781],[-3.419071502541561,47.62339615286496],[-3.419129203036416,47.62332072770469],[-3.419258362603213,47.62339489124564],[-3.419246469845254,47.62329620671944],[-3.419382116608319,47.623424198046564],[-3.41945849257408,47.62339289837044],[-3.419400496775296,47.62357671046212],[-3.419519926439743,47.62357013184192],[-3.419421335089548,47.62363877873515],[-3.419395284914211,47.62386598547355],[-3.419474905125654,47.62386159974452],[-3.419457800322918,47.62405219025059],[-3.419581555961282,47.62408149683031],[-3.419267102504833,47.624243311711105],[-3.41921913177299,47.62439947874988],[-3.419183942072087,47.624329170075434],[-3.419139510738288,47.624403864303325],[-3.419201240810253,47.6244727111354],[-3.418269457654086,47.625165221250775],[-3.417906833520536,47.625149067594414],[-3.417820426616687,47.625208010974774],[-3.417833995889439,47.62509889352647],[-3.417722428272709,47.625059883024484],[-3.417480019515287,47.62515450914823],[-3.417443932589053,47.62540935998845],[-3.417584502875183,47.62535646525593],[-3.417630799736274,47.62540810097434],[-3.417645450376816,47.62530795488571],[-3.417689286202873,47.62545003459249],[-3.417620472758168,47.625544132358485],[-3.417693310796087,47.62559430654807],[-3.417524037150063,47.62563072023074],[-3.417690849735997,47.625684750548395],[-3.417677280021715,47.625793867947195],[-3.417896094488192,47.62583600361448],[-3.417969416958536,47.62611192220451],[-3.417867575966413,47.626153653738086],[-3.417923602742421,47.62628603119882],[-3.4178074097349,47.62631952213841],[-3.417660833886301,47.6265443337153],[-3.417844163169599,47.62662454699588],[-3.417633693842518,47.62676256840161],[-3.417797267119785,47.62678968457701],[-3.417874914403868,47.62710148835789],[-3.417717526867579,47.62723658676349],[-3.417969375231374,47.62733108863968],[-3.417898397825723,47.62740724385097],[-3.417992375407241,47.62741109967511],[-3.417813068258555,47.627475158471405],[-3.417834987255353,47.62754619821742],[-3.417917856145873,47.62756872750084],[-3.418038674444893,47.62746273517723],[-3.41804270013417,47.62760700697126],[-3.418351175972835,47.627617112209826],[-3.4184035545756,47.62827347931808],[-3.41833473875017,47.62836757736804],[-3.418112372018934,47.628406915151714],[-3.418165158520254,47.62851237842129],[-3.418043257033204,47.628609399510964],[-3.418022603887908,47.6288814618931],[-3.417632514043068,47.62919192837999],[-3.417632996425351,47.62941767257672],[-3.417202605257561,47.629504585618434],[-3.417217738453838,47.629630183968565],[-3.417346129561108,47.629586991648665],[-3.417318986683582,47.629805225919576],[-3.417254790882471,47.62982682207994],[-3.417245062299088,47.62974608029588],[-3.417104480116417,47.62979897450025],[-3.417142613184889,47.63000458393979],[-3.416643572215419,47.63051972257561],[-3.416777370368283,47.63052138745881],[-3.416750525802686,47.63063123512749],[-3.416036358228315,47.6313568912093],[-3.415848086518451,47.631457562675976],[-3.415790675657036,47.63142459958105],[-3.415646542098314,47.631558964356216],[-3.415655965253749,47.631748092503464],[-3.416005361492484,47.63176498365581],[-3.416137779577526,47.63186606425872],[-3.416145042899936,47.63203724971813],[-3.415999049641955,47.63204528598444],[-3.41601880651321,47.632098383283406],[-3.416080843939308,47.63205884520846],[-3.416025291281366,47.63215221114262],[-3.416225454208528,47.63215022381619],[-3.416135489297804,47.632290638090964],[-3.41600060593545,47.63228000116474],[-3.416026847693375,47.63238692630959],[-3.416296615022728,47.63240819994447],[-3.416319614878872,47.632488211099655],[-3.416512992143283,47.6325407817102],[-3.416677238028597,47.63312777319317],[-3.416632494496248,47.633310852349204],[-3.416536344814861,47.633289052843374],[-3.416480791673286,47.633382418934794],[-3.416618619283887,47.633528355404124],[-3.416385596213069,47.63381210671028],[-3.416562815789202,47.63450675351606],[-3.416675784545101,47.63444635007714],[-3.416801423673264,47.634601988179526],[-3.417007000810791,47.63464485597171],[-3.417270774506854,47.63483804316454],[-3.417520795313912,47.63480621693405],[-3.417561395277481,47.63492138214349],[-3.41788859193472,47.634975614238854],[-3.417958982055476,47.63511623158276],[-3.418340353003099,47.63517651054114],[-3.418691340753697,47.635428108396724],[-3.419220673588333,47.63638331852918],[-3.419646492300659,47.63758805936542],[-3.419845790884922,47.637911223769954],[-3.420378801286767,47.63834244027133],[-3.420901295534632,47.63857555597468],[-3.422884117772594,47.63906235989678],[-3.423822160398267,47.63941706089009],[-3.424822768253065,47.639957954661725],[-3.424803797332939,47.64002221612486],[-3.424865837461332,47.63998267354702],[-3.425007236845141,47.640047127334675],[-3.425256709663369,47.64023205634618],[-3.425196834538713,47.64028954150055],[-3.42532957492736,47.640282225392674],[-3.425743751879587,47.64050322973076],[-3.425825278878708,47.640625167904936],[-3.425959102653199,47.64062682226271],[-3.426222656390302,47.64092837445905],[-3.426365424274151,47.640893411932915],[-3.426295523513125,47.640978542884966],[-3.426445589083044,47.64111476428327],[-3.426562891630491,47.641090236177824],[-3.426769022738733,47.64135882941003],[-3.427104408429076,47.641259062101135],[-3.427300796984249,47.641446913897596],[-3.427432457061714,47.64143062424281],[-3.427449783529974,47.64157416281148],[-3.42755056353295,47.64152345209694],[-3.427565969797364,47.64198317678249],[-3.42765267213111,47.64181584094031],[-3.427742343945352,47.64178380426251],[-3.427811686035497,47.641915444016476],[-3.427839596486131,47.64181456560437],[-3.427946874540248,47.64181768148717],[-3.4279593443349,47.641699592645665],[-3.427806828604451,47.641653816698906],[-3.42853800007819,47.641622531108105],[-3.428922678939867,47.641709688765154],[-3.428988774331379,47.64181441438968],[-3.429064087799338,47.64177413758514],[-3.428980639475101,47.641968387910794],[-3.429207387541593,47.641964914282404],[-3.429145072323607,47.64211284488187],[-3.429262375824128,47.64208831407891],[-3.429201419718546,47.64213683008934],[-3.429401344120667,47.642243205946585],[-3.429461749445944,47.642411461322475],[-3.429559279284913,47.64233383548372],[-3.429655175613397,47.64246400990682],[-3.42966980837091,47.642363863194525],[-3.42973265611156,47.64244167495625],[-3.429900891413704,47.642396272764095],[-3.430019004315959,47.64248909807635],[-3.429910367001439,47.6425853986963],[-3.429756763751179,47.64253065418316],[-3.429714223830115,47.642731679721415],[-3.429588252797703,47.64268444189047],[-3.429530546148942,47.642759871462026],[-3.429621026678451,47.64284519021016],[-3.429695257814318,47.642795941886085],[-3.429681708295308,47.6429050597123],[-3.42977463069483,47.6428999348928],[-3.429884886570139,47.64303834809764],[-3.429791689245911,47.64315185870442],[-3.42973209054669,47.64310096039897],[-3.429602593650975,47.64313519489686],[-3.429673300337329,47.64316741889318],[-3.429515895288159,47.64330253207116],[-3.429625343047562,47.64332358867613],[-3.429533227968327,47.643446070191146],[-3.429376097283711,47.643472797486076],[-3.429541343932997,47.64373461058533],[-3.429208389620523,47.643743941368456],[-3.429319197087506,47.6436655837254],[-3.429224106814968,47.64365276591279],[-3.42919350011238,47.643509959819234],[-3.429032566952867,47.64372654458503],[-3.429344958222384,47.64310424889971],[-3.429286443248394,47.64306232150131],[-3.429191078144501,47.643157889356225],[-3.429026365702737,47.64312181822823],[-3.428887926324772,47.643192668522765],[-3.42878958750352,47.643152936935216],[-3.428812080921808,47.64300720265097],[-3.42865603430786,47.64304290012431],[-3.428683414499182,47.642716279001824],[-3.428840543303147,47.642689552627935],[-3.42868721778603,47.642526420984815],[-3.428731121394725,47.64222598120024],[-3.428602986199676,47.642160800003644],[-3.428413894487747,47.64214413426371],[-3.428439082880919,47.64224208492434],[-3.428288731310189,47.64221425191554],[-3.427873416198827,47.642426799777596],[-3.427934899923844,47.64260402707816],[-3.427848197194495,47.6427713630612],[-3.427798626416374,47.64269281840202],[-3.427747940411968,47.6430478165592],[-3.427632800042818,47.64309028813228],[-3.427562060755397,47.64350057678878],[-3.427564819038731,47.64285923380008],[-3.42751035817576,47.64296157582493],[-3.427449678930734,47.64290170519687],[-3.427271657460335,47.64330887738091],[-3.427223449845797,47.643130917964605],[-3.427299849416908,47.64309961347999],[-3.427223729756266,47.64302253226956],[-3.427142718633916,47.64312633777625],[-3.427140832939255,47.643000009768556],[-3.427030303958756,47.642969979675314],[-3.427197460333368,47.642915610230524],[-3.427134615731255,47.64283779712432],[-3.427232429625398,47.64265178752934],[-3.427068802934023,47.642624684789546],[-3.427113238339718,47.642549988249414],[-3.426980772955613,47.642448920648334],[-3.426678706519021,47.64249266525597],[-3.426610449255733,47.64236999603331],[-3.426580089418431,47.6425613175202],[-3.42642079435048,47.64257009852606],[-3.426398056588282,47.6423817040492],[-3.426374192462618,47.6426268524718],[-3.426205953433195,47.64267224958045],[-3.426202423291494,47.642753721794485],[-3.426074289917997,47.642688537842645],[-3.426081868816798,47.64275133601512],[-3.425919325077783,47.64273320283437],[-3.425816941457445,47.642549198340085],[-3.425735928317135,47.642653002896914],[-3.425666307318652,47.64262974768108],[-3.425703399904736,47.64282638178757],[-3.425475848808082,47.64271249173336],[-3.42533740577819,47.642783337836086],[-3.425464790688151,47.6422886516478],[-3.425365089830297,47.64234833171892],[-3.425244820234482,47.642237559340614],[-3.425374601408645,47.64209494391369],[-3.425431746124159,47.64223628785714],[-3.425510310653355,47.642222926879775],[-3.425437726102465,47.64206437225183],[-3.425562093355448,47.64187690071741],[-3.425451619024584,47.64140435484464],[-3.424961093635504,47.64077213819718],[-3.424892557888995,47.640757853684576],[-3.424916656697786,47.64084683398781],[-3.425048031705229,47.64093893282781],[-3.424944003005897,47.64096272784077],[-3.424629809755749,47.64057365548547],[-3.424143568731414,47.64041983450419],[-3.423734589016538,47.639909551720265],[-3.422887580043134,47.639423402450895],[-3.422827703273833,47.63948088641525],[-3.420802092383117,47.63886097534749],[-3.420266322079267,47.63862859027944],[-3.419600573758427,47.638204683086585],[-3.419244452277207,47.63779984608995],[-3.418824832155599,47.636757317532016],[-3.418530766772534,47.63631293857813],[-3.417853467057699,47.63568195087022],[-3.417870282451367,47.63559974783811],[-3.417793888085842,47.635631046278576],[-3.417701575610085,47.635419389397185],[-3.417607284549413,47.635523919454016],[-3.417523921460135,47.63527564655529],[-3.417376838465059,47.63527471324871],[-3.417215701706914,47.63515715305943],[-3.417181888863008,47.634987429335084],[-3.416986039389878,47.63502530344781],[-3.417028320537524,47.63493266787346],[-3.416790791749074,47.634846404979875],[-3.416693859525097,47.63470724819411],[-3.416389968522884,47.63462463765333],[-3.416172630752911,47.63404056855421],[-3.416186205640004,47.63393145179455],[-3.416255811161052,47.633954712763995],[-3.416194678439907,47.6336690923314],[-3.41631161970628,47.63297631451941],[-3.416167913974539,47.63255977730936],[-3.416061736027049,47.63256562190397],[-3.416072068336304,47.63242959115023],[-3.415893044887433,47.632385260568334],[-3.415725567696434,47.63177135381508],[-3.415560899495456,47.63173526349224],[-3.415548234569158,47.63151922138513],[-3.415465360545469,47.631496690466506],[-3.415466744957789,47.63139727546575],[-3.416280308065074,47.63072033665154],[-3.416216412940221,47.63063354586754],[-3.416327212261527,47.630555200014165],[-3.416226744481275,47.630497514964354],[-3.416442938057048,47.63029596654714],[-3.416338926264958,47.63031975402927],[-3.416319169733603,47.630266656735714],[-3.416498488052532,47.630202600324864],[-3.416204350061669,47.63020073093959],[-3.416117154723143,47.630142315198825],[-3.416164058916429,47.62997717857768],[-3.416005880440502,47.629994916759784],[-3.415964206840798,47.62987077939578],[-3.415819300196303,47.62988778676721],[-3.415790898666048,47.629762918791975],[-3.415895990342494,47.62974810311303],[-3.415962045362883,47.62985283675399],[-3.415964509544485,47.62976239298434],[-3.416160340431951,47.62972452048119],[-3.416085034229838,47.629764789218754],[-3.416161118897778,47.629841878214435],[-3.41617901583111,47.629768646497176],[-3.416311731291096,47.62976134059502],[-3.416361273156179,47.6298398906529],[-3.416360494250314,47.62972253292086],[-3.41658394859307,47.629692169814874],[-3.416625145369148,47.62959056281477],[-3.416650306204817,47.62968851665248],[-3.416498312081626,47.62986846980801],[-3.416608808006101,47.62989851006787],[-3.416818813404425,47.629534746571835],[-3.417015723759021,47.62950584394484],[-3.416980533594026,47.629435534791476],[-3.417140091330188,47.629318380157216],[-3.417104901124965,47.62924807103453],[-3.417027434495175,47.62927039776345],[-3.417091930129943,47.629140415272715],[-3.416972487703153,47.62914699139133],[-3.417010440623512,47.62901847028053],[-3.417120154512122,47.62893115229424],[-3.417258272449211,47.62896870188554],[-3.417236353635819,47.6288976620834],[-3.417427556862015,47.62893228865064],[-3.417604707378636,47.62885028787357],[-3.417683553371633,47.628728545593056],[-3.41757414025038,47.62870747764307],[-3.41770823304608,47.62860075498111],[-3.417716398381205,47.628446781181005],[-3.417973472503969,47.62825200874921],[-3.417899549545338,47.62819286349231],[-3.418006017142351,47.62807863070329],[-3.417993343187465,47.62786258845381],[-3.417809710482816,47.62789076198537],[-3.417919420746112,47.627803443197614],[-3.417680841257301,47.6277082104834],[-3.417764009371947,47.627622353338616],[-3.417382693046197,47.62756207226368],[-3.417514920987147,47.62732902057167],[-3.417440999814799,47.627269874996465],[-3.4171400923437,47.62732256660592],[-3.417040710636747,47.627273853482045],[-3.417053201160955,47.62715576491708],[-3.416854137826746,47.62716672499212],[-3.416915388816355,47.627009828480524],[-3.417166454052325,47.626986974205124],[-3.417389115360038,47.626839251614975],[-3.417148379376647,47.62672607512154],[-3.417144656459696,47.626473416633],[-3.416975379651688,47.626509829504066],[-3.417032005624724,47.626425434173306],[-3.416898217730413,47.626423769578246],[-3.416999279735893,47.62626468095872],[-3.416870896338793,47.62630787297136],[-3.416874740470055,47.626118013729254],[-3.417055125031478,47.626062927657],[-3.417298800519406,47.62631140497159],[-3.41744291575024,47.62617703779422],[-3.41730294309382,47.62601315909145],[-3.417453243303258,47.62604100647009],[-3.417242894734994,47.625736509364714],[-3.416901103252016,47.6257824211802],[-3.416962051861017,47.62573391117721],[-3.416736753843022,47.625637945759216],[-3.416862974129877,47.62557681121448],[-3.416650646142727,47.62558850161283],[-3.416619002674821,47.625436719557484],[-3.416688118955171,47.62523423571012],[-3.416804009329946,47.62530913253363],[-3.41674690557981,47.625167783134],[-3.416881470304663,47.6252868059073],[-3.416864177540427,47.62514326456393],[-3.41699039651169,47.62508212986593],[-3.416815720079228,47.62507368586444],[-3.41683853946948,47.62481956583451],[-3.417016156976236,47.62496331049426],[-3.416947944331677,47.62484063451572],[-3.417102564372056,47.62490436770146],[-3.417097760974832,47.62464273764011],[-3.417291410565541,47.62458692047136],[-3.417315189472134,47.62478428978461],[-3.417352357454917,47.62453841023486],[-3.417401896004064,47.624616960062724],[-3.417525951326748,47.62453788210512],[-3.417399552662172,47.62426488591899],[-3.417579930420175,47.62420979898371],[-3.417544144075332,47.62435626326135],[-3.41762700789119,47.6243787927881],[-3.41762976829018,47.624179962000966],[-3.417983738046206,47.62412434589751],[-3.417998871555109,47.62424994449446],[-3.41783392614234,47.624322243962304],[-3.418072789163734,47.62430908980855],[-3.41814838440796,47.62416043294659],[-3.418046845722333,47.62409377794487],[-3.418296815745497,47.62406194987712],[-3.418097764203371,47.62407291208903],[-3.418076927258566,47.62401084359373],[-3.418279221602083,47.62402679539649],[-3.418332599827979,47.62391548534673],[-3.418558190849622,47.62390306102635],[-3.418371924556562,47.62368754801776],[-3.418545515651427,47.62368701837247],[-3.41856340725038,47.6236137860578],[-3.418344601365882,47.62357165159249],[-3.418302927342047,47.623447514652284],[-3.418186740750726,47.6234810060181],[-3.418015909236595,47.62328270424227],[-3.417838777827302,47.62336470587801],[-3.417836914847847,47.62323837643041],[-3.417706676738121,47.623155239975915],[-3.417764976920214,47.622863041884436],[-3.417924996849461,47.622971630726894],[-3.418012779466399,47.622813271730934],[-3.417776383910693,47.62273598163707],[-3.417922351442349,47.622727943110974],[-3.417941324500215,47.62266368219155],[-3.418046103167899,47.62275725133753],[-3.418141451779034,47.62266169157234],[-3.417952432402355,47.62264500873367],[-3.417930515261637,47.62257396883058],[-3.418052104748603,47.62258533438056],[-3.418097915369717,47.62241122500449],[-3.417950867808157,47.62241029241442],[-3.417961193338151,47.6222742607819],[-3.418110700720964,47.62218474919138],[-3.417988329761354,47.622056025515796],[-3.41818737380579,47.62204506347905],[-3.418146185825916,47.622146671424716],[-3.418240452203833,47.62204214021193],[-3.418255585726447,47.62216773891001],[-3.418383958046771,47.62212454528346],[-3.418282422939286,47.622057890416826],[-3.418373148173512,47.62203483193862],[-3.418450008515271,47.62222927792845],[-3.418502303578884,47.62210899636463],[-3.418735157226045,47.62226775786466],[-3.419158408481348,47.62234378457646],[-3.418983252635897,47.622109598791404],[-3.418988954607637,47.622046068584815],[-3.41911378644888,47.6220843470192],[-3.418992494388744,47.621964595717316],[-3.419174728825217,47.62203583576939],[-3.419143568990644,47.62210979916021],[-3.419201267993344,47.6220343739145],[-3.41880701727197,47.621866441384014],[-3.418754236074044,47.621760978043895],[-3.418611514372106,47.62179593161479],[-3.418557950012438,47.62157310997294],[-3.418817934243827,47.62151363588608],[-3.418771045695841,47.62167877429214],[-3.418894307807023,47.621482336548176],[-3.419148589513207,47.6214863919448],[-3.419171588938329,47.621566402988506],[-3.419202748416915,47.6214924395696],[-3.419403850859781,47.621941936929595],[-3.419260446668765,47.62141701427075],[-3.419624422270591,47.621333748190644],[-3.419853147919929,47.62179075418041],[-3.419826117301522,47.6215664711102],[-3.420018377203466,47.62161006489041],[-3.420156677077841,47.621981743121076],[-3.420115588542349,47.62164083298192],[-3.42026263402223,47.62164176284693],[-3.420120796283175,47.6213515576077],[-3.420140648734773,47.62096213556509],[-3.420032626196951,47.62084165423754],[-3.420132881229854,47.62056520419005],[-3.420025646338483,47.620562081098434],[-3.420071154474642,47.62049635771218],[-3.419991539331065,47.620500743855246],[-3.419787685230457,47.62025007843446],[-3.419787193820003,47.62002433318223],[-3.419902290683435,47.619981868834884],[-3.419759869431772,47.619908436870055],[-3.419862778223315,47.619875674883595],[-3.419859042938044,47.6196230155923],[-3.41997738249532,47.61960746515884],[-3.419933839963463,47.619356998882836],[-3.42019892400754,47.619450765320536],[-3.420296719217883,47.61926475928651],[-3.420311856790727,47.61939035789709],[-3.420345175943246,47.61933433674935],[-3.420449952289788,47.61942790389864],[-3.420328957050959,47.619199766809814],[-3.42035578850578,47.61908991767296],[-3.420453783197714,47.61923804386786],[-3.420336913431745,47.61871165965468],[-3.420474219406058,47.61863184726594],[-3.420429794618924,47.618706542203135],[-3.420573294875107,47.618788944725594],[-3.420649168469995,47.618531898774776],[-3.420564149889159,47.6184914286631],[-3.420678161529701,47.61843999218676],[-3.420614273952603,47.6183532032603],[-3.420729659519752,47.61820235099369],[-3.420857727600345,47.61826754163051],[-3.420870118188473,47.61859197168679],[-3.420928892293856,47.6185255167793],[-3.421104629325986,47.618542925983434],[-3.421227789188999,47.618789004992074],[-3.421190729787615,47.61859236702512],[-3.421269260584439,47.618579008736475],[-3.421126344138171,47.61827983293739],[-3.421420416624277,47.61828168994039],[-3.421491959706204,47.61798875807488],[-3.421393672813324,47.617949019745815],[-3.421468958344904,47.61790874734133],[-3.421704755906327,47.618202804311174],[-3.421628388682217,47.61823410553952],[-3.421725594801933,47.61826487234423],[-3.421742689654847,47.618074280940036],[-3.421857780758954,47.618031814623095],[-3.421878619765721,47.61809388263427],[-3.421918716016105,47.61798330184071],[-3.422018084879654,47.61803201104664],[-3.422126607496096,47.618378236170244],[-3.422029901814717,47.618573215137864],[-3.422256049135746,47.61834400952084],[-3.422241988844177,47.61822738241142],[-3.422364650929125,47.6182477148135],[-3.422451331019319,47.618080380782025],[-3.422597285118266,47.61807233639414],[-3.422563679876578,47.61823674529708],[-3.42270530784043,47.618192815520594],[-3.422677400037455,47.618293693935634],[-3.422783548876753,47.61828784328497],[-3.422810878999342,47.61840373898591],[-3.423031613798944,47.618129675289424],[-3.423149949121996,47.61811412162938],[-3.423038392217367,47.618075116065384],[-3.423111513284625,47.618016899984646],[-3.423252852374552,47.618081356625645],[-3.423287755545699,47.61826005137654],[-3.423169419939344,47.618275605175064],[-3.423182400549678,47.61838326086295],[-3.423070554846919,47.61845264240107],[-3.423171295363504,47.61840193485901],[-3.423407104479333,47.618695988317334],[-3.423463999412111,47.618503202472155],[-3.423358137848306,47.618400666677346],[-3.423448854675322,47.61837760421313],[-3.423515992221704,47.61849130549832],[-3.423674134119062,47.618473557041696],[-3.42367983012052,47.618410026487716],[-3.423575844709486,47.61843382055903],[-3.423499765593294,47.61835673594109],[-3.423640311309977,47.61830383372901],[-3.423788429480173,47.61831373045965],[-3.423801411347974,47.618421386076626],[-3.423950611723933,47.61844025390202],[-3.423905110116188,47.61850597886912],[-3.424010177381827,47.61849115580439],[-3.424047247097381,47.61868779288672],[-3.424142291661433,47.6187006150777],[-3.424166155340766,47.618455464083546],[-3.424271222434517,47.618440640783554],[-3.423742419663386,47.618153709916044],[-3.423823399504065,47.618049905429],[-3.424025672977648,47.61806584732768],[-3.424049250686388,47.61792908337482],[-3.424070092200756,47.6179911509982],[-3.424089056175625,47.61792688892414],[-3.424252605660319,47.61795399618241],[-3.424323847099718,47.61776944963966],[-3.424228804149732,47.61775662759031],[-3.42425511657725,47.61742103194215],[-3.424385636433327,47.61739577421724],[-3.42445904048899,47.61722917014167],[-3.424562737983537,47.6173137624019],[-3.424563023160162,47.61720537526928],[-3.424727937472776,47.61713306603475],[-3.424551121975977,47.617106690970154],[-3.424742572530104,47.61703291863096],[-3.424746103198869,47.61695144537988],[-3.42465675627888,47.61687509301725],[-3.424502947088449,47.61692872802528],[-3.424443382703896,47.61687782633351],[-3.424572819220641,47.61684359708998],[-3.424449077619763,47.61681429569009],[-3.424693600037408,47.6167375972994],[-3.424642976141354,47.61665007894555],[-3.424846611118332,47.616566603566866],[-3.424926219996386,47.616562214105286],[-3.424945695620229,47.616723697483124],[-3.425131450176208,47.61671345516494],[-3.425158270500538,47.616603604785055],[-3.425269825879199,47.61664260835344],[-3.425324264190308,47.61654026598335],[-3.425385993145426,47.61660910982422],[-3.425260602096235,47.61678761231944],[-3.425448520950076,47.616795312087454],[-3.425499146304296,47.61688283008559],[-3.42540382118302,47.61697839614022],[-3.425580636676165,47.617004769915546],[-3.42534124099411,47.61723471375652],[-3.425602561709696,47.61707580858562],[-3.425729268107102,47.61724040976662],[-3.425847600673201,47.617224853366025],[-3.425746065566201,47.61715820482076],[-3.425882277312068,47.617069414721136],[-3.425901756012614,47.61723089789759],[-3.425646928110659,47.61744363145731],[-3.426018724113852,47.61731475717213],[-3.425962921841661,47.617516515664434],[-3.426155172169666,47.61756009943288],[-3.426186838079581,47.61771187951739],[-3.426347941938218,47.61782942838779],[-3.426350344007969,47.61818150351269],[-3.426575346742285,47.61838583783185],[-3.426622489258861,47.618112308927294],[-3.426684502579973,47.618072764936926],[-3.426786040597771,47.61813941263506],[-3.426587335951151,47.61759948255321],[-3.426720300534197,47.61748377765756],[-3.426743309582115,47.61756378737406],[-3.426941252745523,47.61754383911558],[-3.42706010776814,47.617754026998824],[-3.427073936343182,47.61753652094002],[-3.427174391452579,47.61759419704425],[-3.42722205302097,47.61754641331971],[-3.427257248836495,47.61761671981678],[-3.427373416975212,47.61758321932732],[-3.427347647425623,47.61814456111296],[-3.427437524058061,47.61844665679486],[-3.427502505287346,47.61854241325047],[-3.42755369388951,47.61841315614032],[-3.427720494073056,47.61846717233381],[-3.427796300821402,47.618652641263814],[-3.427404457089983,47.618836812441444],[-3.427752690047364,47.61884469730353],[-3.427325647873011,47.61895856190175],[-3.427345411166118,47.61901165764208],[-3.427621889267178,47.61897834582031],[-3.427258744903579,47.619178995225845],[-3.426947069031563,47.61914199966205],[-3.426961941898097,47.61937598444199],[-3.426876636697648,47.619443905963465],[-3.427146622889642,47.619356767664904],[-3.427331024180341,47.61944593761647],[-3.427293662200414,47.61935768867875],[-3.427654084852484,47.61935587071832],[-3.427706356364606,47.61923558485682],[-3.42781250652529,47.619229729638086],[-3.428041293250638,47.61968672008323],[-3.427858776504411,47.61972388078699],[-3.427758841761011,47.619891950593384],[-3.427856054431933,47.61992271226919],[-3.427758563058204,47.62000033758449],[-3.427159014686042,47.620123716103414],[-3.427385670090774,47.62012024597117],[-3.427342336190691,47.62020391474026],[-3.426792613694702,47.620297450157715],[-3.426773652132064,47.62036171259267],[-3.427250255765226,47.62032639591813],[-3.427170361565982,47.620439173920786],[-3.42686272739027,47.62054645015787],[-3.426849177728693,47.62065556890959],[-3.427224520315747,47.62044521782897],[-3.427449012124379,47.6204238050541],[-3.42743546369226,47.62053292388069],[-3.427344465378136,47.620664376369305],[-3.427041440084259,47.62069915114894],[-3.427120774942335,47.620803147145445],[-3.42702680833433,47.62079929865259],[-3.427043604915231,47.62071709367006],[-3.426915242986321,47.620760296845624],[-3.42692281976132,47.620823095674844],[-3.427009209517637,47.62076414542832],[-3.427039797336851,47.6209069537723],[-3.427129434398477,47.62087491721895],[-3.427068220466247,47.62103181958023],[-3.426935528180748,47.62103913773618],[-3.42684132049542,47.62070115702016],[-3.42674843645292,47.62070627956556],[-3.426784716101464,47.62078555735408],[-3.42671187608047,47.62073538871026],[-3.42661381949559,47.62102978690636],[-3.426677720028952,47.62111657243142],[-3.426709951211911,47.621051578255276],[-3.426767357659815,47.621084536159415],[-3.426837191690342,47.62144192298291],[-3.42712695201413,47.621407880576875],[-3.427198431037652,47.621557464591994],[-3.427300255967192,47.6215157248245],[-3.427360910736724,47.621575596191725],[-3.427368208647241,47.621746781858796],[-3.427515254544641,47.621747702592536],[-3.427533133189152,47.621674468831365],[-3.427900314255802,47.62206060951899],[-3.427900592681568,47.621952222642165],[-3.428005665620212,47.6219373960091],[-3.428085004196763,47.62204139128451],[-3.427916831496114,47.62208679133953],[-3.428008635222735,47.622072696623206],[-3.428044917671286,47.62215197396465],[-3.428220668961126,47.622169372428345],[-3.428224194661531,47.622087899286775],[-3.428450581027012,47.622192813961625],[-3.428428122135257,47.62189603101501],[-3.428543216160047,47.62185355819303],[-3.428566783968473,47.62171679359405],[-3.42864856563204,47.621730344090125],[-3.428523199418148,47.62146633079297],[-3.428632878954651,47.62137900165493],[-3.428732260264374,47.621427705063006],[-3.428798883370087,47.62131565806952],[-3.428847076536895,47.621493618841754],[-3.428918030461135,47.6214174567466],[-3.429004142794437,47.621466891954746],[-3.429030957538092,47.62135704095322],[-3.429183140514347,47.62151120269242],[-3.429137366818958,47.62168531649518],[-3.429247852916763,47.62171534492547],[-3.429235686403311,47.62128252936228],[-3.429313136335515,47.62126019444553],[-3.429375958712152,47.62133800724738],[-3.429378399775403,47.62124756279978],[-3.429451243000995,47.621297729767335],[-3.429585293440279,47.621190993065234],[-3.429689006752851,47.62127558060164],[-3.429703633639255,47.621175432788995],[-3.429733938283209,47.621869146149386],[-3.429852020419546,47.62151945380013],[-3.430107386079468,47.62153245656787],[-3.430139613338052,47.621467461459176],[-3.429991759417947,47.621349185884334],[-3.429950594442471,47.621450798028036],[-3.429853377782111,47.6214200381198],[-3.429886962577918,47.62125562738832],[-3.429977407230544,47.62134094680834],[-3.43004402761465,47.6212288990996],[-3.430557195435116,47.621164458764774],[-3.43111964567294,47.62128694724771],[-3.430852905412666,47.6214010083109],[-3.430605394326726,47.62134241882522],[-3.430547712184641,47.621417849730825],[-3.430473784759328,47.621358712224506],[-3.430432620693975,47.62146032453762],[-3.430604038366549,47.621441834518244],[-3.430585080985431,47.621506097534194],[-3.430737541538326,47.62155187033065],[-3.430628948126604,47.62164817266041],[-3.430769495443287,47.62159526195824],[-3.431054649643841,47.62163371182904],[-3.431103122539829,47.62170328474308],[-3.430958242890376,47.62172031096582],[-3.431110704374978,47.62176608327013],[-3.431280228059633,47.62162126292216],[-3.431246107444953,47.62155992899967],[-3.431379883595286,47.6215615771647],[-3.431321119157398,47.62162803722768],[-3.431478996592602,47.621718665134985],[-3.43151907567933,47.62160808125168],[-3.431616022761599,47.62174722667346],[-3.431832665155087,47.6217713938929],[-3.431880326283244,47.62172360836969],[-3.431769838687675,47.621693582429856],[-3.4318551412572,47.62162565741279],[-3.432165751734147,47.62165366862236],[-3.432157894720466,47.62125673819254],[-3.432435464777219,47.621232386224484],[-3.432421657088963,47.62144989250547],[-3.432503439322017,47.62146344030412],[-3.432500458361792,47.62132813976219],[-3.432674856287308,47.621444947245436],[-3.432614464558702,47.62127669170856],[-3.432695969255771,47.62095610735548],[-3.432911525520476,47.620971301376635],[-3.432837059299971,47.62112893923955],[-3.432909637362194,47.62128749098454],[-3.432807548794352,47.62143762257031],[-3.432722516370177,47.62139716137052],[-3.432721164351153,47.6214965770853],[-3.432843569550197,47.62162528535933],[-3.432913434528659,47.62154014963924],[-3.433064813729755,47.62157694819476],[-3.432993865509617,47.62165311280282],[-3.43315201362092,47.62163535154101],[-3.433207538254886,47.62198449576832],[-3.433292839459971,47.62191656971135],[-3.433221075257319,47.62187537635371],[-3.433325063072207,47.62185157373654],[-3.433550374925033,47.62194750734224],[-3.433345902880963,47.6214711207535],[-3.433448806345742,47.62143834682249],[-3.433411981892416,47.62157584497033],[-3.433502432721055,47.62166116164644],[-3.433893743634537,47.62169374410475],[-3.433814394259403,47.62158975275695],[-3.434029953400883,47.621604944708935],[-3.433924331586882,47.62139403173375],[-3.434028584131383,47.62126184155501],[-3.433969005830324,47.62121094483516],[-3.434077326446958,47.62122302631618],[-3.434039952071618,47.621134779617456],[-3.434122817846823,47.62115729747795],[-3.434147741074306,47.62136363489955],[-3.434228439976621,47.62136821029926],[-3.434224657903898,47.6215580705715],[-3.434356001500964,47.62165015986188],[-3.434337291679175,47.621163517673295],[-3.43441717182198,47.62105073481025],[-3.434625432474048,47.621337259338176],[-3.434545287410377,47.62155842924731],[-3.434653344149149,47.6216788971055],[-3.434480843432545,47.62168842187874],[-3.434623289679123,47.62176183582344],[-3.434552343436757,47.62183800137097],[-3.434379023788216,47.6217301679027],[-3.434387162642714,47.62201871119819],[-3.434231181107605,47.622054416504504],[-3.434817465471692,47.62193173450688],[-3.434743268072788,47.621980986616094],[-3.434805015464974,47.62204982528575],[-3.434862692274434,47.62197439230211],[-3.435041696558173,47.62201869404925],[-3.434939612587951,47.62216882744224],[-3.434994593729818,47.62229222580272],[-3.435054702019964,47.62212634820963],[-3.435198234040489,47.62220873261595],[-3.435183324285598,47.621974749226254],[-3.435312766272834,47.62194050816885],[-3.435349586082069,47.62180300944747],[-3.435529936995037,47.62174789472295],[-3.435685654147727,47.62182057458474],[-3.435658294326188,47.62170468210139],[-3.435987858238769,47.62166841931313],[-3.435942630796176,47.62162576194692],[-3.436141931235838,47.621506382389065],[-3.436016004600615,47.62145915097035],[-3.436197437631967,47.62141300637948],[-3.436214220284657,47.621330800104495],[-3.436427349941844,47.621436432219326],[-3.436540268560251,47.621376009166056],[-3.43643684493046,47.62162555966949],[-3.436234292761913,47.62171802621153],[-3.436292789797071,47.621759950592654],[-3.436458786307553,47.62169659613245],[-3.436403280073691,47.62178997225266],[-3.436653489012144,47.62164971794817],[-3.436571705440667,47.62163617305686],[-3.436655917760242,47.62155927336332],[-3.436730936373318,47.62162737811669],[-3.436912629484859,47.621472845494864],[-3.437046405591562,47.62147448716945],[-3.437047794261805,47.62181759025029],[-3.43691726958738,47.62184286206906],[-3.436872084504538,47.62224272381669],[-3.436674127630751,47.62226268885912],[-3.436796804482203,47.622283006060485],[-3.436585056428723,47.62252047762826],[-3.436442344374635,47.62255545297386],[-3.436516280068749,47.6226145866657],[-3.436415544279791,47.62266530560889],[-3.436522784352483,47.62266841364824],[-3.436154789039116,47.62304997937245],[-3.435964416642557,47.623132741358624],[-3.435999627654547,47.623203045019046],[-3.436113634483094,47.62315159359933],[-3.436246069272878,47.623252651853505],[-3.436356823875911,47.62317428670635],[-3.436416406644668,47.62322518215677],[-3.436006691514733,47.62348261681863],[-3.435837996376073,47.62374480185518],[-3.43601618537698,47.623671744104186],[-3.436102307919481,47.62372117402136],[-3.435950658454482,47.62379276624237],[-3.436055732779447,47.62377793238123],[-3.436069824711744,47.623894557493564],[-3.436278889606075,47.623855918303406],[-3.4363736850765,47.62397711729544],[-3.436805084575329,47.623899104528086],[-3.437017921270183,47.62367060388403],[-3.437079673549884,47.62373944129131],[-3.437084269996303,47.62366693910236],[-3.437243506901823,47.62365814347256],[-3.43715144323584,47.623780632238535],[-3.437315276604897,47.62369933432084],[-3.437344290943604,47.624049942180186],[-3.437161506123362,47.624195504118326],[-3.4371845337131,47.62427551150141],[-3.437343513152759,47.62437510250735],[-3.437586967413163,47.62428940627032],[-3.437785757387487,47.624386797615976],[-3.43776086930652,47.624622979499904],[-3.437674743773386,47.62457355082862],[-3.437500891043883,47.62468249565739],[-3.437541526411168,47.624797654520854],[-3.437650939395644,47.62481870380946],[-3.437626309211134,47.62494649887979],[-3.437752245497629,47.62499372847761],[-3.437725446874261,47.62510358127549],[-3.437842709054138,47.6250790416424],[-3.438051261641228,47.62525717275257],[-3.437761228970989,47.625399628907296],[-3.437970866889491,47.62558673127028],[-3.438000144499517,47.62582895194237],[-3.43788479125526,47.6259798206779],[-3.438048372415596,47.62600690850373],[-3.438122056976634,47.62617442774498],[-3.438089836595711,47.626239424898706],[-3.437898629618468,47.62620483210629],[-3.437754048925166,47.62655599781997],[-3.43799725452499,47.626578687471614],[-3.4380877211591,47.62666400037704],[-3.438100164979837,47.626545909528545],[-3.438284609400831,47.626635061854955],[-3.43829653809821,47.62673374427022],[-3.438398364222727,47.62669199493847],[-3.438334437960564,47.626605216075845],[-3.438477159601883,47.62657023849116],[-3.438402131814466,47.626502135032496],[-3.438499619584129,47.62642450109245],[-3.438461149807692,47.62632728491629],[-3.438541856583446,47.62633185732394],[-3.438561319702828,47.62605081983656],[-3.438762799789352,47.62594937833715],[-3.438783089746715,47.62578569858057],[-3.439012449260697,47.625583374757916],[-3.439184706222234,47.625682230011556],[-3.439483413463065,47.62561153932488],[-3.440329197731657,47.6256460827528],[-3.440727555719707,47.62551569552613],[-3.440737823808574,47.625379662102844],[-3.441242339454714,47.62524340605759],[-3.441512080718871,47.62526462153929],[-3.44167749790562,47.62497551519799],[-3.441814537890047,47.62500406472321],[-3.441922032947244,47.6248987810571],[-3.441881388053201,47.6247836237238],[-3.441976697611881,47.62468804460411],[-3.441838573369842,47.62465052415944],[-3.441762709317944,47.62446506491833],[-3.441834733739801,47.62439786620034],[-3.44173533494802,47.62434917401639],[-3.441839323784784,47.62432536384893],[-3.441902168026472,47.62440316978948],[-3.441968767201973,47.62429111545623],[-3.441885558398858,47.62393447171628],[-3.441723066589623,47.62391636034513],[-3.44180944500657,47.623857399245686],[-3.4417509413407,47.623815477672906],[-3.441568169339337,47.62396104652458],[-3.441455752772415,47.62380470075582],[-3.441491473141295,47.623658229117055],[-3.441623085013779,47.623641923321735],[-3.441625004296215,47.62376825235798],[-3.441706792416045,47.62378179369592],[-3.441710297640534,47.62370032021591],[-3.441845164440262,47.623710927502714],[-3.441656051041167,47.62325176461778],[-3.441774808922178,47.62257689986491],[-3.441953571064739,47.622729577875724],[-3.441959830959944,47.62289179141451],[-3.442181072132482,47.62284343701258],[-3.44217856544858,47.62249136306239],[-3.442063730571497,47.62242546242421],[-3.442026591900031,47.622228831442726],[-3.442254589558342,47.62212591667347],[-3.442226379666702,47.62189266772127],[-3.442045449631172,47.62172204782914],[-3.44211288055879,47.6217273513039],[-3.442089011336535,47.621529986738814],[-3.441972258612096,47.6213377568],[-3.442069981413427,47.62115173272077],[-3.442020323863138,47.62063067420645],[-3.442191984260031,47.62050378018233],[-3.441820370989909,47.620081799618234],[-3.441912417565115,47.61995930693962],[-3.441763206599762,47.61994046207654],[-3.441743929243438,47.61967059473807],[-3.441664066644041,47.61978338269161],[-3.441495078594535,47.61971144418835],[-3.441455774278894,47.619496870487495],[-3.441586291069143,47.61947159356629],[-3.441564343783995,47.619400557985664],[-3.441687850348523,47.61953822825925],[-3.441572771774048,47.61958071408445],[-3.441694359471582,47.61959205503865],[-3.441882875397094,47.61982547355086],[-3.441959233019762,47.61979415910449],[-3.441841399678828,47.61959295773642],[-3.441912332538532,47.61951678767374],[-3.442010387819945,47.61966489574293],[-3.441930275861169,47.619886070908564],[-3.441994199922612,47.61997284810279],[-3.442106024214012,47.61990344849764],[-3.442336768478361,47.62004422086806],[-3.442239796547571,47.61990508422496],[-3.442442082543771,47.619920994210645],[-3.442538308937491,47.62038529171197],[-3.442524203800946,47.620268667170286],[-3.442699116941025,47.62016868573552],[-3.443081931164565,47.62101450664343],[-3.443005572454992,47.62104582180422],[-3.443050557387112,47.621196863406944],[-3.443319193762906,47.62120910364967],[-3.443407242508263,47.62138485740576],[-3.443431018921356,47.62113970281989],[-3.443523655412895,47.62124295396553],[-3.443492283010043,47.6214253108263],[-3.443292999310552,47.62154470293154],[-3.443480937505311,47.621552373664024],[-3.443469345131565,47.62178782341943],[-3.443348837233376,47.62178545543022],[-3.443308782518471,47.621896043361744],[-3.443321213678546,47.62177795166775],[-3.443255952890315,47.621790591101096],[-3.44325328805879,47.621989422727516],[-3.442976462454807,47.62168863963728],[-3.442500693324701,47.62184137849704],[-3.44250996113689,47.62213889231903],[-3.44241924615541,47.62216196954428],[-3.44250645723533,47.62222036588838],[-3.442516561444675,47.62263523763847],[-3.442437442787677,47.622422865316445],[-3.442360832616404,47.622562566914766],[-3.442618467335351,47.623036003106456],[-3.4424716664784,47.62292671453316],[-3.442435949288386,47.623073186526724],[-3.442355496188609,47.622960229948696],[-3.442315438534501,47.62307081747283],[-3.44244788486378,47.6231718686987],[-3.442600541816912,47.6241026627185],[-3.442668812465617,47.624225323755766],[-3.442854837793943,47.624106666496296],[-3.44290115801202,47.624158292228806],[-3.442610647113728,47.624517534059116],[-3.44263802347025,47.62463342474588],[-3.442492054457181,47.6246414941525],[-3.442546806901309,47.62487327555349],[-3.442480705888122,47.62476855668307],[-3.442344502107796,47.62485736578965],[-3.442328314563317,47.625165317374474],[-3.442468023309347,47.62499503485237],[-3.442508669629867,47.625110191968986],[-3.442324810185873,47.62524679081165],[-3.442386571132167,47.625315625357175],[-3.442283914920101,47.62524002037135],[-3.442182094604208,47.62528177312152],[-3.442373051992924,47.6254247456404],[-3.441983628750311,47.625518520570836],[-3.442008834197761,47.62561646914684],[-3.441888067677415,47.62572248635979],[-3.441940648556536,47.625936325718655],[-3.441547965938746,47.6260031858783],[-3.441527100974856,47.62594112163089],[-3.441768135383075,47.62594586123413],[-3.441775145918306,47.62578291444833],[-3.441729659999086,47.625848646110605],[-3.441539537018413,47.625823030372125],[-3.441538201307873,47.62592244596218],[-3.441469931086633,47.62579978437117],[-3.441281726951341,47.62590049711262],[-3.441234904045373,47.62606564415802],[-3.441370861658961,47.6260852230837],[-3.441150691213214,47.6261425469749],[-3.441131493276724,47.62631519821661],[-3.441038600838466,47.626320332112115],[-3.440989277801126,47.626133405708124],[-3.440908571115812,47.626128834991064],[-3.440651590913049,47.626323658103864],[-3.440649673842374,47.626197329217696],[-3.440830034129188,47.62614220643352],[-3.44079481481682,47.62607190433573],[-3.440447364596404,47.62618141617876],[-3.440424910034082,47.62632715397017],[-3.440346625811603,47.6262321384194],[-3.440200652080557,47.62624020495575],[-3.44025456482691,47.626354629469056],[-3.440159249209098,47.62645020710148],[-3.440010528439056,47.62621458673364],[-3.439925228914272,47.62628251754654],[-3.439783847981287,47.62621808135604],[-3.439657652433647,47.62627924064708],[-3.439627603148877,47.626362180456454],[-3.439750290545609,47.62638249451275],[-3.439687192594368,47.626413074154826],[-3.440274090393216,47.62651610947576],[-3.440164419347512,47.62660344931438],[-3.440104829234508,47.62655255586446],[-3.440100236642191,47.62662505806458],[-3.439990818989489,47.626604011089945],[-3.439959431367096,47.626786366498926],[-3.439847589866194,47.62685576380322],[-3.439468168384144,47.62692188366551],[-3.440055071354445,47.62702492005994],[-3.439794829650562,47.62719282786823],[-3.439805422290056,47.62739092559594],[-3.439968177976033,47.62730065299635],[-3.439913502706498,47.62751138822583],[-3.440155628819297,47.627525102262545],[-3.440041616546035,47.62757655751183],[-3.440166476413133,47.627614813334546],[-3.440022668348141,47.627640821856446],[-3.440099869307426,47.62772686644836],[-3.439881606030993,47.62791051669086],[-3.438577559437736,47.62806384373467],[-3.438397447475326,47.628010576423044],[-3.438383349370931,47.62789395183867],[-3.438060512957933,47.62787566145001],[-3.438081374647353,47.627937726254764],[-3.438320248849962,47.627924530718516],[-3.438433749388853,47.62808985029432],[-3.43811416505049,47.62809847341832],[-3.437353649110476,47.627995985184235],[-3.436711749670876,47.627769538097105],[-3.436286785036101,47.62745885975275],[-3.436031353234982,47.627003352969545],[-3.43612776129949,47.626916749880635],[-3.436301101320925,47.627024580466184],[-3.436376388404202,47.62698429864012],[-3.436176507252227,47.626877933878596],[-3.436503934491937,47.626823727435394],[-3.436552378599042,47.62645078021],[-3.436753864012792,47.626349342196846],[-3.436702127077668,47.62625285835844],[-3.437486163876287,47.626218584845155],[-3.436982149443423,47.62613805127434],[-3.437109431938764,47.626085866011934],[-3.436963718163351,47.62598554183026],[-3.437101842433075,47.62602306801394],[-3.437227215578652,47.62584455365289],[-3.436966146583096,47.625895097440534],[-3.437007561585639,47.625685096366816],[-3.436770041667225,47.625598873687004],[-3.436878632036724,47.62550256584319],[-3.436591284742004,47.6254461879681],[-3.436789253452242,47.62542622309874],[-3.436690117944793,47.62526913993452],[-3.436844762791921,47.62533284696963],[-3.436874815820974,47.62524990783228],[-3.436741290750452,47.62513987924466],[-3.436996935379311,47.62504448019937],[-3.436636735343252,47.62493794025684],[-3.436631054065427,47.625001471228984],[-3.436796799876271,47.625046503124594],[-3.436599655908178,47.625183825885394],[-3.436541676674001,47.62492512827541],[-3.436797841381815,47.624612956164206],[-3.436297917951908,47.624676690935374],[-3.436432002790318,47.625012464680964],[-3.436253510276313,47.62475139165845],[-3.436135164059607,47.62476695854271],[-3.436224017523884,47.62506007527758],[-3.436124884359677,47.624902991604024],[-3.436014125829526,47.62498135646159],[-3.435942355406845,47.62494016484096],[-3.435977567581962,47.62501046844271],[-3.43588710712248,47.62492515383035],[-3.435722183854989,47.62499747853324],[-3.435707567212516,47.62509762690262],[-3.435815896109297,47.62510970674706],[-3.435752797408781,47.62514028428378],[-3.435631198336721,47.62512893717622],[-3.43565123488027,47.62507364462162],[-3.435348189969899,47.62510844087489],[-3.43521900390623,47.625034295193664],[-3.435302696711718,47.62517417005694],[-3.435302433298429,47.625282556771445],[-3.435175414624002,47.62522635337496],[-3.435245837424423,47.625366961007],[-3.435083607366522,47.62524045370165],[-3.435090902055711,47.62496912053301],[-3.434863962262498,47.625080992334915],[-3.434955505186589,47.625175278899434],[-3.43487371664465,47.62516173284365],[-3.434862349831419,47.625288794599406],[-3.434799779242219,47.62510259818947],[-3.434512990023924,47.62527195979252],[-3.434447169427069,47.62505884967854],[-3.43440817755905,47.62517840554214],[-3.434343175864775,47.625082653255525],[-3.434176082609925,47.62513703342461],[-3.434232945515759,47.62494424297249],[-3.43450810126374,47.625010330503],[-3.434446615979797,47.62483310504951],[-3.43440545679755,47.62493471858132],[-3.434160358551486,47.62478569234778],[-3.43408155596059,47.62490744599468],[-3.434053114362977,47.62478258214268],[-3.434013038142254,47.62489316671511],[-3.433920413712283,47.624789908220315],[-3.433843777855327,47.624929604061236],[-3.433680468835182,47.624794123599926],[-3.433829956914291,47.624704592005095],[-3.433711876735153,47.62461176969183],[-3.433837808768569,47.624659003518325],[-3.433841326060445,47.624577530311626],[-3.434021687904189,47.62452241799472],[-3.434072035190458,47.62439009017727],[-3.434063931169792,47.62442977575492],[-3.434219919757444,47.62439407071556],[-3.434087367813643,47.62434979129364]],[[-3.432262980241539,47.622569464056326],[-3.432265146903305,47.62258740646339],[-3.432439817640859,47.62259582737081],[-3.432403528364176,47.622516551412836],[-3.432490729066659,47.62257495522462],[-3.432556262337901,47.62245393495193],[-3.432683271658357,47.622510141276756],[-3.432668104094811,47.62238454447232],[-3.432776426798325,47.6223966271526],[-3.432496677128285,47.621960518797515],[-3.432346111163132,47.622041077606994],[-3.432283283629971,47.6219632664309],[-3.432222627609839,47.62234591635972],[-3.432392694851734,47.622426839385064],[-3.432349366926821,47.622510509912715],[-3.432245646999831,47.62242592479244],[-3.432262980241539,47.622569464056326]],[[-3.416288907280114,47.63001545987503],[-3.416225012985054,47.62992866906415],[-3.41617841129358,47.629985419314394],[-3.416288907280114,47.63001545987503]],[[-3.416426901195782,47.63049552729105],[-3.416560221424228,47.630271448347045],[-3.416499568888551,47.630211571639215],[-3.416426901195782,47.63049552729105]],[[-3.416872857666266,47.6299833122322],[-3.416794610009593,47.62988828107968],[-3.416777794758627,47.62997048419962],[-3.416872857666266,47.6299833122322]],[[-3.417423523151412,47.62679220283714],[-3.417503447450929,47.62667943187119],[-3.417382929668195,47.626677037096485],[-3.417483691108543,47.626626334674945],[-3.417344498168743,47.6265798139816],[-3.417198219837156,47.62669623836155],[-3.417423523151412,47.62679220283714]],[[-3.41731495173543,47.62566932581404],[-3.417370795215111,47.62546757229955],[-3.417273578489601,47.625436801983994],[-3.417368933269763,47.62534124298111],[-3.417171257845406,47.62525278826865],[-3.41714303560842,47.62546205165598],[-3.417262469769061,47.625455475350506],[-3.417100762161125,47.625554687724616],[-3.417263250595638,47.62557283333454],[-3.41731495173543,47.62566932581404]],[[-3.417555215790931,47.62755257277284],[-3.417562001003309,47.62749801413092],[-3.417471266133332,47.62752107191422],[-3.417555215790931,47.62755257277284]],[[-3.417803339259319,47.627394416635944],[-3.417917372575615,47.627342983090124],[-3.41774268859825,47.62733454048475],[-3.417803339259319,47.627394416635944]],[[-3.417585467168441,47.625807954515665],[-3.417654281014944,47.62571385678308],[-3.417581442850583,47.62566368257223],[-3.417585467168441,47.625807954515665]],[[-3.41796282959279,47.62328562740546],[-3.418018369635226,47.623192260123375],[-3.417911129590506,47.623189135094464],[-3.41796282959279,47.62328562740546]],[[-3.419338073751161,47.62416715554411],[-3.419451017486075,47.6241067490994],[-3.41939174562176,47.623947458273655],[-3.419288532770471,47.62408860651931],[-3.419338073751161,47.62416715554411]],[[-3.420162680139727,47.62302899512025],[-3.420166806459585,47.62273074863526],[-3.419987025361658,47.622569065967234],[-3.419914681266073,47.62274463809261],[-3.420031946448644,47.62272011631146],[-3.420162680139727,47.62302899512025]],[[-3.420184012240982,47.62331680816987],[-3.42016671123486,47.62317326717016],[-3.419990172478055,47.62303849848444],[-3.419995284389056,47.623191741854015],[-3.420099280663733,47.6231679510289],[-3.420057014163042,47.62326058827669],[-3.420184012240982,47.62331680816987]],[[-3.42078805045982,47.618686802769346],[-3.420713642314507,47.61840191356689],[-3.420684356279362,47.618602207217016],[-3.42078805045982,47.618686802769346]],[[-3.421673935735928,47.61938755286084],[-3.421839442135502,47.61909847375146],[-3.421731710468402,47.618869606846786],[-3.421580055516213,47.61894118058622],[-3.421673935735928,47.61938755286084]],[[-3.423470641771991,47.61933368215225],[-3.42349530325124,47.61920588970066],[-3.423391316207841,47.61922968359798],[-3.423389946867696,47.619329099314584],[-3.423470641771991,47.61933368215225]],[[-3.426172525649627,47.64106660065872],[-3.426189329925464,47.64098439665917],[-3.426112932731127,47.64101570045207],[-3.426172525649627,47.64106660065872]],[[-3.426739665324557,47.64244415057064],[-3.426853722186638,47.642392708701614],[-3.426719893956029,47.64239105537004],[-3.426739665324557,47.64244415057064]],[[-3.424461131969068,47.619793842943984],[-3.424474175069047,47.61945897912357],[-3.424431919096029,47.61955161813079],[-3.424320358251058,47.61951261382011],[-3.424461131969068,47.619793842943984]],[[-3.42427669310927,47.61804297766427],[-3.424266956053741,47.61796223597619],[-3.424172994651597,47.61795838518163],[-3.42427669310927,47.61804297766427]],[[-3.425655336425308,47.61972799937158],[-3.425662395322647,47.61956505303575],[-3.425566468716132,47.61950208850664],[-3.425573325855376,47.6193803144621],[-3.425457436048812,47.61930542611192],[-3.425586877800988,47.61927119578705],[-3.425481010637244,47.619168661956905],[-3.425698721948385,47.61920181186818],[-3.425805154927004,47.619087571442996],[-3.425999575200096,47.61914909799097],[-3.426064036763085,47.61901910987074],[-3.426144731428336,47.61902369086145],[-3.426080834266351,47.61893690495162],[-3.426251163097484,47.61890945001935],[-3.426378720345933,47.618748889206124],[-3.426200579793713,47.618379412911466],[-3.42593981925346,47.61832154517245],[-3.425987482576121,47.61827376196955],[-3.425839646699202,47.61815548094478],[-3.425713454237428,47.61821662542262],[-3.425740274119387,47.61810677499361],[-3.425605424678913,47.61809614908014],[-3.425405031321625,47.61820653957856],[-3.425627300237561,47.61860970728035],[-3.425494897066243,47.618508636745794],[-3.42543721076551,47.618584065236874],[-3.425264203851549,47.618367830992845],[-3.425177532110985,47.61853516708732],[-3.425081405551216,47.61851337444896],[-3.42510930892663,47.61841249547088],[-3.425032943398698,47.618443798922094],[-3.425042397490596,47.61863292758694],[-3.424972808117588,47.6186096716695],[-3.424870702351886,47.61875979652312],[-3.424837672933744,47.618707431928506],[-3.424809768890917,47.61880831082645],[-3.424758060849626,47.61871182132487],[-3.424724746716159,47.61876784374941],[-3.424687389518852,47.61867959394727],[-3.424624292044865,47.61871016557274],[-3.424782320301444,47.61957745442692],[-3.42494832368356,47.619514116256084],[-3.424936934450477,47.61964117741352],[-3.424890635524164,47.619589544438305],[-3.424803163311561,47.61963952186705],[-3.424840521371937,47.6197277715887],[-3.424718936948317,47.619716413089165],[-3.424910056242086,47.62019354678648],[-3.425071733097978,47.62009432332792],[-3.425057666194449,47.6199776966622],[-3.425239103661163,47.61993156906002],[-3.425220991923928,47.61967067028096],[-3.425277828491382,47.61992040292553],[-3.425547819702586,47.61983326834431],[-3.425563941566467,47.619546967318435],[-3.425575722886536,47.61973238932305],[-3.425655336425308,47.61972799937158]],[[-3.425160802020787,47.62027906221647],[-3.425295940591097,47.62018130166234],[-3.425275380541939,47.62001084734889],[-3.425047074981834,47.62022211605413],[-3.425160802020787,47.62027906221647]],[[-3.425304208533448,47.62124649691164],[-3.425512188679183,47.62119890566692],[-3.425401705751541,47.62116887369478],[-3.425304208533448,47.62124649691164]],[[-3.427961758110271,47.64205166340109],[-3.427915715313292,47.64189164646198],[-3.427860173126044,47.64198501754748],[-3.427961758110271,47.64205166340109]],[[-3.425377719072232,47.62019485445941],[-3.425395600128875,47.62012162096712],[-3.425545887972323,47.620149458016435],[-3.425520998557302,47.6199431186319],[-3.425299754319377,47.61999144154632],[-3.425377719072232,47.62019485445941]],[[-3.425390680686894,47.61819829992565],[-3.425278323630979,47.6180419381272],[-3.42526152517364,47.618124142968576],[-3.425390680686894,47.61819829992565]],[[-3.42565010906275,47.62045979438762],[-3.425700504689325,47.62021317997344],[-3.425839688310258,47.620259690861076],[-3.425744923355718,47.62013848308918],[-3.425565649936234,47.62020255402551],[-3.42565010906275,47.62045979438762]],[[-3.425604141966321,47.6198572555625],[-3.425648560471407,47.61978255870126],[-3.425563536109323,47.619742092255066],[-3.425604141966321,47.6198572555625]],[[-3.426304104895535,47.62023408100292],[-3.426308715673884,47.62016157910819],[-3.426538618253594,47.620185024429354],[-3.42659686685293,47.619892821485614],[-3.42655056610301,47.619841189175155],[-3.426505066502077,47.619906915108],[-3.426480974498103,47.61981793417081],[-3.426460930429645,47.61987322530119],[-3.426387009670286,47.61981408516124],[-3.426208820369267,47.61988712836593],[-3.426189576361169,47.62005977770365],[-3.426138946862533,47.61997226014727],[-3.426075848691995,47.62000283253672],[-3.426209057082283,47.62022126058136],[-3.426304104895535,47.62023408100292]],[[-3.426353890242691,47.62064675934942],[-3.426435150180239,47.62043456622653],[-3.426255876594867,47.62049863821263],[-3.426353890242691,47.62064675934942]],[[-3.429298910369545,47.642944232593244],[-3.429407549518013,47.64284793255978],[-3.429177548041839,47.64282449316042],[-3.429160747789759,47.64290669751106],[-3.429298910369545,47.642944232593244]],[[-3.426798385578806,47.62233812718344],[-3.426909152152268,47.622259770958955],[-3.42679758383808,47.62222076906885],[-3.426829815541768,47.622155774896484],[-3.426750198479021,47.62216016564309],[-3.426798385578806,47.62233812718344]],[[-3.42721345292524,47.620021373035215],[-3.427362135539545,47.61981449124245],[-3.427484523961873,47.61994320524383],[-3.427630482394842,47.61993515457334],[-3.42761777142595,47.61971911246526],[-3.427497268902864,47.6197167281179],[-3.427491298059891,47.61988864581213],[-3.427462071386825,47.619646421768834],[-3.4273813756673,47.61964184168982],[-3.42736105308865,47.619805519980716],[-3.42733695970376,47.619716539215474],[-3.427193166665933,47.61974253204734],[-3.427164184114559,47.61983444019107],[-3.427087015417722,47.61974838670161],[-3.427114075619011,47.61997266829964],[-3.42721345292524,47.620021373035215]],[[-3.427708817329399,47.62257690551924],[-3.427861556982107,47.622514295199686],[-3.427708013583639,47.62245954742528],[-3.427708817329399,47.62257690551924]],[[-3.429080722344422,47.622654755314294],[-3.428964290270756,47.62235412562834],[-3.429072336025766,47.62247459860051],[-3.429150339536652,47.622235490083696],[-3.429032549083658,47.62203427604693],[-3.428941552142976,47.62216572967858],[-3.428856521489255,47.62212526567926],[-3.428976477026137,47.62234442235445],[-3.428822932972878,47.62228967604101],[-3.428871127099153,47.6224676367143],[-3.429080722344422,47.622654755314294]],[[-3.429199301025373,47.62341584578234],[-3.429411892984601,47.62329574575395],[-3.429454418556231,47.62309471830621],[-3.429199301025373,47.62341584578234]],[[-3.429369955865897,47.6223949624278],[-3.429579294755126,47.62224794833618],[-3.429543835233006,47.621843510833024],[-3.42946827500234,47.62199217524587],[-3.429302544856875,47.62194713288027],[-3.429324201337633,47.622126557548036],[-3.429205858919675,47.62214211743221],[-3.429176602694653,47.62234241282639],[-3.429369955865897,47.6223949624278]],[[-3.429400037540751,47.62186950635365],[-3.429401671130563,47.62166170379986],[-3.429322862298215,47.62178345443142],[-3.429400037540751,47.62186950635365]],[[-3.429567125433166,47.621815132925875],[-3.429600711359097,47.621650722310065],[-3.429473432098767,47.621702899508826],[-3.429567125433166,47.621815132925875]],[[-3.430313197095284,47.62146691432352],[-3.430336760198653,47.62133014934023],[-3.430176172342805,47.62143835125241],[-3.430313197095284,47.62146691432352]],[[-3.430812818125566,47.621954110794],[-3.43061107373773,47.621721406896405],[-3.430624615980589,47.621612287768066],[-3.430484341653489,47.62155681139047],[-3.430441011443766,47.62164048124755],[-3.430489756713429,47.621601667513545],[-3.430673625754546,47.62190760587358],[-3.430812818125566,47.621954110794]],[[-3.431051934382986,47.62227506193444],[-3.431148341986281,47.622188462745015],[-3.430943612316474,47.62226297765402],[-3.431051934382986,47.62227506193444]],[[-3.431531801869726,47.62226664147112],[-3.431802877983607,47.62218846374695],[-3.431855142921219,47.62206817620357],[-3.431469246439041,47.622080442987915],[-3.431350633327173,47.6222043919229],[-3.431619272087443,47.62221665907039],[-3.431531801869726,47.62226664147112]],[[-3.432015189125723,47.622176745783975],[-3.431881681757849,47.62206671146733],[-3.431841603077919,47.62217729544902],[-3.432015189125723,47.622176745783975]],[[-3.432908306481944,47.62227194429645],[-3.432837893921043,47.62213133503142],[-3.432661057863768,47.62210497231336],[-3.432685161200606,47.62219395187099],[-3.432908306481944,47.62227194429645]],[[-3.433104365728839,47.62212565636295],[-3.433094882457238,47.6219365286906],[-3.432919130345747,47.62191913755954],[-3.432964087475991,47.62207018297831],[-3.433104365728839,47.62212565636295]],[[-3.434135965235,47.62436258178347],[-3.434290869871147,47.62431790546999],[-3.434152751989519,47.624280375929324],[-3.434135965235,47.62436258178347]],[[-3.434020220555287,47.62196672279577],[-3.434051359694715,47.62189275543186],[-3.433969576411175,47.62187920872012],[-3.434020220555287,47.62196672279577]],[[-3.434120425707657,47.62213277968104],[-3.434203558695357,47.62204691058664],[-3.434087385129975,47.62208041779337],[-3.434120425707657,47.62213277968104]],[[-3.435518110606167,47.62297676782516],[-3.435568200160623,47.62283853632481],[-3.43546095980177,47.62283542740924],[-3.435518110606167,47.62297676782516]],[[-3.435667327853119,47.622995620637575],[-3.435626960643581,47.622772074166306],[-3.435556835495028,47.62296559829993],[-3.435667327853119,47.622995620637575]],[[-3.43591780652835,47.62274698114542],[-3.435857140831588,47.622687114258454],[-3.435957877192218,47.62263639579746],[-3.435848469348036,47.62261534489927],[-3.436000115605381,47.62254375276762],[-3.436055099584736,47.62266715060508],[-3.436213772782517,47.62243261147475],[-3.436166899834995,47.622155238113024],[-3.436035028050389,47.62227992465599],[-3.436102197310094,47.622393618476615],[-3.435782384270293,47.62251062211689],[-3.435965988978454,47.62248242025318],[-3.435960307163718,47.622545951272905],[-3.4356716302009,47.622588986746045],[-3.435724445637322,47.622694442393616],[-3.435784289690611,47.622636951322214],[-3.435809482403013,47.622734901380845],[-3.43591780652835,47.62274698114542]],[[-3.435809482403013,47.622734901380845],[-3.435661349739195,47.62272501991887],[-3.435701717057158,47.62294856638366],[-3.435821143304946,47.62294197109291],[-3.435809482403013,47.622734901380845]],[[-3.435708974682007,47.622234714204936],[-3.435683782390057,47.62213676409947],[-3.435623938789235,47.62219425513413],[-3.435708974682007,47.622234714204936]],[[-3.436415140385662,47.62420963452767],[-3.43642325109205,47.624055659076134],[-3.436201999680732,47.62410400254105],[-3.436209587855038,47.6241668006595],[-3.436367742343139,47.62414903506629],[-3.436415140385662,47.62420963452767]],[[-3.436121111339379,47.6218868358639],[-3.436188803483927,47.62178375585325],[-3.436108103785471,47.62177918180904],[-3.436121111339379,47.6218868358639]],[[-3.436285801446894,47.62236541610847],[-3.436428774207976,47.62222205406921],[-3.436387320382853,47.62198953660434],[-3.436263298924395,47.6220686346963],[-3.436362688478731,47.62211733159403],[-3.43620102648359,47.62221657057906],[-3.436204016872287,47.62235187096466],[-3.436285801446894,47.62236541610847]],[[-3.436227265848226,47.62188097300489],[-3.436407616118454,47.62182585692728],[-3.436348034919848,47.621774961435776],[-3.436227265848226,47.62188097300489]],[[-3.436835786298313,47.62492694645554],[-3.436811674809081,47.6248379678796],[-3.436720952777798,47.6248610406469],[-3.436835786298313,47.62492694645554]],[[-3.436474263563974,47.622156324348836],[-3.436585276351027,47.62196957204523],[-3.436446901858391,47.62204043207019],[-3.436474263563974,47.622156324348836]],[[-3.436968486889469,47.62491961706619],[-3.436980932779519,47.62480152623089],[-3.436883705966387,47.624770772227684],[-3.436968486889469,47.62491961706619]],[[-3.437117710079397,47.62493846800676],[-3.437348981467703,47.62486247640143],[-3.437206782743724,47.624680679151815],[-3.437044030376131,47.62477094802541],[-3.437117710079397,47.62493846800676]],[[-3.437679847808183,47.626605251677596],[-3.437686612331107,47.6265506918418],[-3.437594803459312,47.6265647941327],[-3.437679847808183,47.626605251677596]],[[-3.437643399079552,47.6251984238833],[-3.437681299424432,47.62506989579926],[-3.437542918350156,47.62514075700984],[-3.437643399079552,47.6251984238833]],[[-3.438325928428444,47.62786099975983],[-3.438278524974463,47.627800401187784],[-3.438023127339693,47.62778741632797],[-3.438084885678272,47.62785625305793],[-3.438325928428444,47.62786099975983]],[[-3.439731021039163,47.62611262773539],[-3.439873994583826,47.625969261755074],[-3.439641637353941,47.62603628719764],[-3.439731021039163,47.62611262773539]],[[-3.441499143079763,47.62559948625605],[-3.44155464436087,47.62550610789707],[-3.441414097438694,47.625559031471056],[-3.441499143079763,47.62559948625605]],[[-3.442419443374736,47.62448294863666],[-3.442518006705638,47.624414282363],[-3.442404501333324,47.624248966443226],[-3.442419443374736,47.62448294863666]],[[-3.442587787441105,47.62444663852037],[-3.44259762583176,47.6244098808729],[-3.442496892433179,47.62446060501428],[-3.442587787441105,47.62444663852037]],[[-3.442580015571526,47.62437473006081],[-3.442615733237082,47.62422825812116],[-3.442492213428824,47.62409058916037],[-3.44247736089485,47.6242991252084],[-3.442580015571526,47.62437473006081]],[[-3.442413482870205,47.62178298213727],[-3.442941243253963,47.621618338025755],[-3.442923881610325,47.62147480027781],[-3.442883826248208,47.621585388081236],[-3.442690959498963,47.62131608694568],[-3.442678527052287,47.621434178600595],[-3.442643308411652,47.62136387689005],[-3.442516042584262,47.621416068309365],[-3.442473567535001,47.621617100683416],[-3.442392867550246,47.621612530981345],[-3.442413482870205,47.62178298213727]],[[-3.442721994505234,47.620799598271695],[-3.442673755714479,47.620621643164135],[-3.442564349351479,47.62060059853535],[-3.442721994505234,47.620799598271695]],[[-3.442762886425088,47.62080636857406],[-3.442835400847419,47.62052239513893],[-3.44266774235303,47.62035104247532],[-3.442762886425088,47.62080636857406]],[[-3.443333397692693,47.621768246893105],[-3.443242093091093,47.621565579797306],[-3.443148123980876,47.621561744276725],[-3.443126421268626,47.62138232212294],[-3.442901342561114,47.62117802000991],[-3.443041133429732,47.621450255380026],[-3.442989979414558,47.62157951907466],[-3.443333397692693,47.621768246893105]]]},"properties":{}}]}