{"type":"FeatureCollection","features":[{"type":"Feature","geometry":{"type":"Polygon","coordinates":[[[-3.497904824338109,47.653775486185786],[-3.49794659403174,47.653669707095375],[-3.497788372587881,47.65368755579214],[-3.497787140991147,47.65378697056244],[-3.497884131509669,47.65379772716961],[-3.497811367246428,47.65387593518811],[-3.497593743750118,47.65362614987715],[-3.497656840678617,47.65359553939437],[-3.497677781746049,47.65365759270874],[-3.497680108502587,47.65356714838246],[-3.497464402172423,47.65355207416076],[-3.497514085580647,47.65363058878828],[-3.497418961199444,47.65361782654586],[-3.497381184493768,47.653746372072916],[-3.497245273590262,47.653618473406546],[-3.497169994901566,47.6536587938962],[-3.497262791831666,47.65376200065407],[-3.496948675835762,47.653707251674845],[-3.497134407310968,47.65380528024723],[-3.497198323970371,47.65400041088553],[-3.497104155870998,47.65410500404098],[-3.496813167905408,47.6541302490103],[-3.496783191793512,47.65421320230248],[-3.496718320379971,47.65390071579798],[-3.496539018817187,47.65396489453021],[-3.496450601968368,47.65389756904712],[-3.496527792728727,47.65409196034895],[-3.496374088049769,47.65403730376135],[-3.496385314492797,47.653910237953745],[-3.496314413692312,47.65398643972525],[-3.49603122902236,47.65396609076949],[-3.495978403736971,47.65375227892126],[-3.495893131466713,47.65382024961775],[-3.49572177326356,47.653730449931125],[-3.495547414164716,47.653396968124234],[-3.495492931692543,47.65360772646158],[-3.495390004325959,47.65364055450069],[-3.495156643807605,47.653590333708074],[-3.49516910952592,47.65336385322826],[-3.495001847470229,47.65352670482796],[-3.49484828856973,47.65336366098461],[-3.494727564265407,47.65346973127926],[-3.494551831432319,47.653344047947904],[-3.494482023184052,47.65342921910981],[-3.494832395427631,47.65367161522303],[-3.494800227536019,47.65373662707567],[-3.494565915875526,47.65356904940906],[-3.494551401863769,47.65366920362963],[-3.494403315964704,47.65355101160884],[-3.494143259993497,47.65361065293279],[-3.493937836772071,47.65335115086401],[-3.493958629024173,47.653521590081404],[-3.493734024723631,47.65354313032216],[-3.493661222052474,47.65338461907197],[-3.49360468870624,47.65346905033088],[-3.493562816242757,47.653344942224564],[-3.493372570435006,47.65331941122603],[-3.493133888345793,47.65311594868386],[-3.493086254049591,47.653163758411175],[-3.492927084817176,47.65306424478918],[-3.492823062787439,47.6530881000805],[-3.492851657005356,47.65321294775378],[-3.492652512113186,47.65322403685134],[-3.492377286519531,47.65304970203126],[-3.492318858847139,47.65289942117467],[-3.492013504936571,47.65291642292948],[-3.491852798468281,47.65313309308869],[-3.491763294957448,47.65305679352364],[-3.491756582374434,47.653111355727745],[-3.491571807875538,47.6531306743304],[-3.491629139760988,47.6532719850347],[-3.491499657934893,47.653306287941284],[-3.491164467110178,47.65329785420598],[-3.491196639167462,47.65323284333926],[-3.49108495912762,47.65319390349796],[-3.491011864045082,47.65325216105535],[-3.490986555585595,47.65315422447729],[-3.490753050434596,47.65321238012123],[-3.490420199361671,47.65311350004129],[-3.490287436020041,47.65312089004883],[-3.490341483335989,47.653235289824664],[-3.490059398602555,47.653223896910184],[-3.489974272124034,47.653183478069714],[-3.490035185569623,47.653134930647596],[-3.489927881166903,47.653131871791565],[-3.490081728902309,47.65307815164026],[-3.489662507339686,47.653038265292565],[-3.489561764652632,47.65308902926204],[-3.489367147467594,47.65302760962746],[-3.489441337600093,47.652978323621454],[-3.489267651976951,47.65297895862582],[-3.489200022817224,47.653082067709924],[-3.4890995881357,47.65291606078425],[-3.48875221728253,47.6529173295191],[-3.488691458010739,47.65285749102453],[-3.48857743843434,47.65290899296148],[-3.488566504300443,47.65281928758014],[-3.488647410609397,47.65271544004218],[-3.488708169670021,47.65277527856412],[-3.488900752907016,47.65271037297167],[-3.489232505125628,47.6528002868679],[-3.48934871092062,47.65276672535163],[-3.489881642974786,47.652971880245026],[-3.490202461556652,47.65297208612331],[-3.490564354065208,47.65287065931767],[-3.491045430719394,47.65297935024935],[-3.491456051117757,47.65283908229484],[-3.491762349858305,47.6529394377634],[-3.49194085672334,47.652649525286],[-3.492205138592388,47.652734156125625],[-3.492395529322103,47.652651303762475],[-3.492991277918357,47.653042607313004],[-3.493128709580432,47.65285432569927],[-3.493161681138016,47.653015055291334],[-3.493362867984785,47.653130291560295],[-3.493504675538762,47.65297789148436],[-3.493555301628011,47.65317376355732],[-3.493680404699032,47.65310357641441],[-3.494207741035506,47.65337224433817],[-3.494375955881585,47.65332674958432],[-3.494332987346734,47.653193671262486],[-3.494642576862828,47.653320930609645],[-3.494911529220826,47.65322466673935],[-3.495153786102196,47.65323826658665],[-3.495252192898288,47.65327794209657],[-3.495236585709527,47.653369125944295],[-3.495401374492478,47.653405103530275],[-3.495579722041548,47.653223570812926],[-3.495749702237966,47.65352117073084],[-3.495824981805832,47.65348085115317],[-3.496132247168716,47.653698550822234],[-3.496246261139198,47.653647041535834],[-3.496412006799122,47.65380037336965],[-3.496659740640551,47.653858822391804],[-3.496791548759772,47.65373406947734],[-3.496760755432096,47.65359128188626],[-3.496860397396583,47.653531541267064],[-3.497001919603496,47.6535959074418],[-3.49690583898445,47.653465789096195],[-3.496977833085808,47.65339855740207],[-3.497027515635031,47.653477072242744],[-3.497195728407041,47.653431573432655],[-3.497403632406876,47.65349224021601],[-3.49762166532702,47.65341687021812],[-3.497951110343139,47.65359720365818],[-3.49818159583322,47.6532953518339],[-3.498615062233452,47.65345182335759],[-3.499200581907759,47.65321146452448],[-3.499323220196588,47.65334010096447],[-3.499510449367466,47.653121940477746],[-3.499708364448864,47.65321025451372],[-3.499853307613695,47.65319314329375],[-3.499950490265955,47.65333222966396],[-3.500094338324556,47.65330614771663],[-3.500506735024762,47.653508944571975],[-3.500664955029435,47.65349109219323],[-3.50095181603233,47.653213185456664],[-3.501107714085101,47.65328577688464],[-3.501150699592211,47.653418852708654],[-3.501292356171688,47.653374828452066],[-3.50147577415628,47.65356329454429],[-3.501233384572588,47.65365809303419],[-3.501014520367402,47.65350772888609],[-3.5009671530967,47.653338771339314],[-3.500836581627302,47.65336411416975],[-3.50066372879732,47.65359050700397],[-3.500442544410711,47.65353058617099],[-3.50040039337788,47.65362325098643],[-3.500092979101354,47.653513947767436],[-3.499908206227725,47.65353327954664],[-3.499793365803392,47.65335905150766],[-3.499505802090945,47.65330282924094],[-3.499338553463927,47.65346568705249],[-3.499158295139357,47.65341251414852],[-3.498922607434245,47.65345274523537],[-3.498892634982788,47.65353569909803],[-3.498479973793783,47.65354966702092],[-3.498807097681791,47.653820442369884],[-3.498474363111234,47.65361320003849],[-3.49845766623861,47.6536954138588],[-3.498303001228616,47.65352340412699],[-3.498296159692157,47.653686351917806],[-3.498455340794612,47.65378585819449],[-3.498546085285097,47.65376273783052],[-3.498544855098519,47.65386215260487],[-3.498371302138401,47.65375441592414],[-3.498177631607447,47.65381036664381],[-3.498024062185542,47.65364732699772],[-3.497904824338109,47.653775486185786]],[[-3.490243080270564,47.65319561017883],[-3.490231049580109,47.653096934445315],[-3.490122651563756,47.653084905246494],[-3.490118124657374,47.65315740840025],[-3.490243080270564,47.65319561017883]],[[-3.491927134971184,47.6529754202564],[-3.491880890919486,47.652815429487845],[-3.491815454937036,47.65293648110796],[-3.491927134971184,47.6529754202564]],[[-3.496853135909602,47.654019644603146],[-3.497116475462374,47.65398690862063],[-3.497054748835831,47.653809718844855],[-3.496851361808182,47.653676548059224],[-3.496787987027968,47.65392392853063],[-3.496853135909602,47.654019644603146]],[[-3.497390218653995,47.65360136524511],[-3.497310698089339,47.65349741878957],[-3.497204487418637,47.65350333706881],[-3.497390218653995,47.65360136524511]]]},"properties":{}},{"type":"Feature","geometry":{"type":"Polygon","coordinates":[[[-3.50174129990232,47.6535484889609],[-3.501948498337759,47.653275021525246],[-3.502110004259226,47.65328407842067],[-3.502042399532581,47.65338719491881],[-3.502128631181949,47.65343657537232],[-3.502266999821039,47.65336563870846],[-3.502218405381703,47.65329609649914],[-3.502637638351476,47.65333593779965],[-3.502600254935325,47.65313932928788],[-3.502747388583989,47.65314015528878],[-3.502852628421864,47.65301687630622],[-3.503110228439005,47.65315604530659],[-3.50313155295308,47.652892941869816],[-3.503316322441006,47.652873604987775],[-3.503211335149645,47.65278011385266],[-3.50325360614393,47.65257906269581],[-3.50341279318826,47.65267856227742],[-3.50352789387282,47.65263601626001],[-3.503510109171164,47.65270926044528],[-3.50358647766233,47.652677906250126],[-3.503533498434904,47.65257248296744],[-3.503737022459343,47.65259725691401],[-3.503528143776451,47.65241924567391],[-3.503647627561968,47.65241258113366],[-3.503574672124978,47.65236246127232],[-3.503699884714312,47.65218387806484],[-3.503835931761573,47.65220338401154],[-3.503882459594279,47.65214659948101],[-3.503977458860243,47.65226774178345],[-3.504327017215607,47.65228436857864],[-3.5039953667748,47.65208611219465],[-3.504109369707828,47.65203459519381],[-3.504456611377634,47.652141666129054],[-3.504768656044119,47.65207006887637],[-3.504806169056299,47.6521582914921],[-3.505036243887927,47.6521815818924],[-3.504934543390135,47.65211500343393],[-3.505058532839497,47.65203583368389],[-3.505142572729317,47.65206727117356],[-3.505278741400971,47.65197839011898],[-3.505406993785101,47.65204348686314],[-3.505577508187408,47.65190753139637],[-3.505517827438559,47.651856672003404],[-3.506025716817237,47.651747049206186],[-3.506261152835146,47.65192357443095],[-3.506127178634951,47.652030397388025],[-3.506249950330048,47.652050641318304],[-3.506263345572267,47.651941515184475],[-3.506344096873957,47.65194604068169],[-3.506415957947323,47.65198718844997],[-3.506342881259288,47.65204545563212],[-3.506517660050056,47.65205376562367],[-3.506485507372674,47.65211878074706],[-3.506613761566621,47.652183876162034],[-3.506675755171452,47.65214429041449],[-3.506690986875815,47.65237826092369],[-3.506809373704801,47.65236262277995],[-3.50689317891022,47.65261082960108],[-3.507096704640758,47.652635597696026],[-3.507165160052836,47.65275821917895],[-3.507315699666765,47.652677565236196],[-3.50733469291511,47.65250490553897],[-3.507104733371793,47.6523732343653],[-3.507086092597608,47.65222073812228],[-3.506835065533481,47.652135400041445],[-3.506862831905448,47.652034503340275],[-3.506680259491574,47.65207178658253],[-3.506761129408717,47.6519679264663],[-3.506953569773448,47.65201137642695],[-3.506546761032835,47.65174506869878],[-3.506520328367118,47.65163816503401],[-3.50622497288555,47.651627551967536],[-3.506283677037188,47.651561055280034],[-3.506149943039561,47.65145110758189],[-3.505912076670258,47.651473412046],[-3.505878707134413,47.651637841989285],[-3.505474953292596,47.651615212333475],[-3.505391767806886,47.65180951614565],[-3.505054270019344,47.65189156680554],[-3.50487060069633,47.65191987683523],[-3.504641745848792,47.6517971711652],[-3.504300958872796,47.651852308473174],[-3.504255527772824,47.65191806357477],[-3.503731193954742,47.651893122664305],[-3.503770897028434,47.65199928642097],[-3.503427916072491,47.65203648037796],[-3.503490882747646,47.65211425203939],[-3.503337051295006,47.65216798986973],[-3.503390029732614,47.65227341326374],[-3.503241802596487,47.652263617668055],[-3.503294655515338,47.652477426398704],[-3.503071155224828,47.65250795499813],[-3.503117306779166,47.65277632664429],[-3.50298770749339,47.65291902756125],[-3.502421217410869,47.65298674655051],[-3.502461887326245,47.65321026635471],[-3.502205256808101,47.65318845159587],[-3.502178832126384,47.65308154702993],[-3.502068240075182,47.65305158809182],[-3.501900871798624,47.65332283484114],[-3.501556785423923,47.653351052869745],[-3.501547762630355,47.653496060038435],[-3.501718162878604,47.65346849554697],[-3.50174129990232,47.6535484889609]],[[-3.503069429964416,47.6530409109882],[-3.503043003624226,47.65293400660945],[-3.503125947878695,47.65295647513243],[-3.503069429964416,47.6530409109882]],[[-3.507179650138317,47.65265806334537],[-3.507106808729661,47.65249956040021],[-3.507237257687926,47.652582595849594],[-3.507179650138317,47.65265806334537]],[[-3.50317917800557,47.65284512804162],[-3.503144954784945,47.652783816141564],[-3.503226802972698,47.65279731419281],[-3.50317917800557,47.65284512804162]],[[-3.503408409571973,47.65264268067705],[-3.50332900406759,47.65243035296945],[-3.50353362337544,47.65246409767388],[-3.503408409571973,47.65264268067705]],[[-3.50377844425291,47.65217046453506],[-3.503684416916589,47.65216667778177],[-3.50373094487854,47.652109893310474],[-3.50377844425291,47.65217046453506]]]},"properties":{}},{"type":"Feature","geometry":{"type":"MultiPolygon","coordinates":[[[[-3.513966829141776,47.65196089030508],[-3.514298922198677,47.652179243182424],[-3.514159371577903,47.65234960915082],[-3.514173951747511,47.65214106710672],[-3.513966829141776,47.65196089030508]]],[[[-3.51394038766266,47.65194350477937],[-3.513604504746447,47.65185677343255],[-3.513482723560017,47.65195389287462],[-3.513537028662101,47.65185151131788],[-3.513419742510085,47.65187612659104],[-3.513269214385133,47.651956788430404],[-3.513439603659774,47.65192920682606],[-3.513324407354851,47.65208014795224],[-3.513402859429766,47.65217511327763],[-3.513561071161802,47.65215724342696],[-3.513691737935916,47.65202350103544],[-3.5137678911635,47.65220891083033],[-3.513866413849625,47.65214018536426],[-3.513937183321463,47.65217235819896],[-3.513946958525402,47.65236147624489],[-3.513777769903809,47.65228964357329],[-3.513794234537429,47.652424198135485],[-3.513632938085204,47.65219838675264],[-3.513455857763269,47.65228053210714],[-3.513473628668407,47.65220728639244],[-3.513357439272672,47.65224087190614],[-3.513072167897889,47.65209423828321],[-3.513030251231083,47.651970137066584],[-3.512907477149064,47.651949900258735],[-3.512992724752708,47.651881917082605],[-3.512915371323041,47.6517959217823],[-3.512368872840378,47.651808384012476],[-3.512241817146462,47.65164387987384],[-3.511825774101324,47.651739369319],[-3.511692028236507,47.6516294279737],[-3.511505071605399,47.65163083745296],[-3.511662076663172,47.65171238518935],[-3.511545887204877,47.65174596891061],[-3.511508363338518,47.651657748439625],[-3.511304839290407,47.65163298801531],[-3.511262708622466,47.65172565683965],[-3.511435183775953,47.65182440415999],[-3.511225954499495,47.65197156263282],[-3.511116456854602,47.65195058257023],[-3.511161770083596,47.65199321013681],[-3.510892853258197,47.6520895114655],[-3.510888354661149,47.65216201545905],[-3.510622838355136,47.652176841835846],[-3.510687133618293,47.65204680930549],[-3.510470221836556,47.6521311740688],[-3.510432699477883,47.652042953270225],[-3.510224786313452,47.65198230962055],[-3.510199220393517,47.65210114780134],[-3.510152810816626,47.65204954952428],[-3.510085223198773,47.652152670741124],[-3.509902652632457,47.652189959015374],[-3.509840885622672,47.65201277582881],[-3.509598630566107,47.65199920641903],[-3.509380846483115,47.65185782815554],[-3.509375475102496,47.65170459107306],[-3.509247105359388,47.651747884018896],[-3.509128834181412,47.65165513929206],[-3.509078152361762,47.651459273813906],[-3.50898302908665,47.6514465209699],[-3.509008597401746,47.65132768301452],[-3.508749779714929,47.65128794189788],[-3.508636879613625,47.651348433802895],[-3.508692061243706,47.65147179555155],[-3.508575641048679,47.65172214702407],[-3.508388770731324,47.65157817378214],[-3.508475148645126,47.65155615663705],[-3.508375753579599,47.65139913650867],[-3.508464296256573,47.65135806769549],[-3.508538351653665,47.65141715488838],[-3.508597052690607,47.6513506570315],[-3.508415925607603,47.65107175724152],[-3.508705794638612,47.65103751298411],[-3.509033068783407,47.65119987469199],[-3.50918337425633,47.65133598902233],[-3.509144530666664,47.651455568152286],[-3.509259510835782,47.651521401821455],[-3.509344762402836,47.651453421291265],[-3.509476196320659,47.65165380998803],[-3.509658765350407,47.651616522369565],[-3.50971833740312,47.65177576499908],[-3.509895309788651,47.651802010630114],[-3.51001577662225,47.65191269525746],[-3.510057909603614,47.651820026891734],[-3.510149631242364,47.65191425317348],[-3.510292373445755,47.651879188313785],[-3.510338783009428,47.65193078654004],[-3.510450585341955,47.65186132267147],[-3.510527824162835,47.65205570493022],[-3.511065657819808,47.65186310332573],[-3.51116089178009,47.65176746913102],[-3.511043824081341,47.65157531132364],[-3.511126879105685,47.651489388827436],[-3.511475337351802,47.651497023914125],[-3.511584725623999,47.651626389000654],[-3.511688736412499,47.65160251699181],[-3.511664488050492,47.65151355513847],[-3.512054968107239,47.65153690487803],[-3.512103573764886,47.65160644306056],[-3.512430968603252,47.65166040985629],[-3.512397725972813,47.651716456299674],[-3.512749584465729,47.65164261319715],[-3.513063598934723,47.651805705110434],[-3.51306459086698,47.651923060763714],[-3.513121091778873,47.65183862002537],[-3.513480633127291,47.65182756691734],[-3.513513979353804,47.65166313482038],[-3.51394038766266,47.65194350477937]]],[[[-3.508365182254755,47.65156000008861],[-3.508280515284687,47.651494768452075],[-3.508232896009202,47.65154258439285],[-3.508353358808343,47.65165327074889],[-3.50832669216544,47.651763138182524],[-3.508431801407501,47.65174823943247],[-3.50858868744357,47.6519381766275],[-3.508560924385454,47.65203907374381],[-3.508387242052478,47.65203973716447],[-3.508292233180118,47.65191859843256],[-3.508181524609967,47.6519970305926],[-3.508093212008581,47.65182132851455],[-3.508101869754358,47.652001476724344],[-3.508001262435477,47.65194387128797],[-3.507867175532284,47.652159081560306],[-3.507766568169611,47.652101475926614],[-3.507696782643277,47.65218665503642],[-3.507562927411453,47.65218509431108],[-3.507173658649,47.65206231461669],[-3.507714561423275,47.652113410194076],[-3.507816497865526,47.65196321558658],[-3.507935980093948,47.65195654666023],[-3.507912834473057,47.65187655440636],[-3.508011248244229,47.65191621920013],[-3.508016963223317,47.65174430032979],[-3.507854480489456,47.65161789588171],[-3.508024987295017,47.6514819368136],[-3.508036185453384,47.65135486971834],[-3.508171135293865,47.651365400263806],[-3.508365182254755,47.65156000008861]]]]},"properties":{}},{"type":"Feature","geometry":{"type":"Polygon","coordinates":[[[-3.513381174605152,47.650577726932625],[-3.513474207018343,47.65046415015494],[-3.513585897679985,47.65050306865416],[-3.51365467839819,47.65030053021235],[-3.513466943200212,47.6499678161999],[-3.513214924303567,47.649765135948265],[-3.513084367398296,47.64979049251007],[-3.513280307844769,47.64964407214966],[-3.513516856128237,47.64982955327059],[-3.513472745136197,47.649687511427544],[-3.513604399161193,47.64967112474895],[-3.513149962066218,47.64945265784503],[-3.513258463069159,47.64935628022784],[-3.513434331649061,47.6493735502095],[-3.5129511528432,47.649138625098644],[-3.51276958582742,47.64929327372596],[-3.513006025088576,47.649587141386675],[-3.512928569115194,47.649609531462744],[-3.512979369058706,47.6496970100004],[-3.513104332930741,47.649735187402335],[-3.513020186360083,47.64981214105942],[-3.513272309890874,47.649906436277995],[-3.513533005478152,47.65028926435909],[-3.513395652430151,47.65047757021447],[-3.513271889280863,47.65033997803332],[-3.513279782165006,47.65018599940276],[-3.51309842354905,47.65012387759112],[-3.513274189458951,47.65024953324148],[-3.513153508834239,47.6503556227404],[-3.513381174605152,47.650577726932625]],[[-3.513261545201324,47.64959996214623],[-3.513227312476854,47.64953865309532],[-3.513364453775214,47.64956711829852],[-3.513261545201324,47.64959996214623]]]},"properties":{}},{"type":"Feature","geometry":{"type":"MultiPolygon","coordinates":[[[[-3.514813064441817,47.648026842391204],[-3.514853689158574,47.64808400642419],[-3.515178768310467,47.648228410543574],[-3.515165290930674,47.64844592344868],[-3.515083547868141,47.648324048189224],[-3.514931832747893,47.64850412754438],[-3.514689694596808,47.64838218312784],[-3.514581300649718,47.648370176586816],[-3.514580100463866,47.64846959180805],[-3.51454257388496,47.648381372160486],[-3.514175372594976,47.64832963632147],[-3.514144329113527,47.64840362399724],[-3.514446048826725,47.648684810018715],[-3.514439359988866,47.64873937364809],[-3.514226961370743,47.64875124127348],[-3.514349728593169,47.648771476728896],[-3.514274469669825,47.648811808337605],[-3.514004684212461,47.64868237564107],[-3.514158494870942,47.64862862367098],[-3.514303317898776,47.64871988001047],[-3.51421389292744,47.64853521194048],[-3.514050204111724,47.64850823111093],[-3.514077954952663,47.648407332504725],[-3.513938724877357,47.64825254193671],[-3.514094729580454,47.648216730682776],[-3.514292650602866,47.64830502024436],[-3.514429892096018,47.64822509867142],[-3.514471809076133,47.64834919962872],[-3.51456253737872,47.64832606676297],[-3.514512833824604,47.64824755916758],[-3.514647777084022,47.648258082250855],[-3.514894305563158,47.64841590801137],[-3.515038234622065,47.64828142206169],[-3.51493992409262,47.64813337756069],[-3.514810469727813,47.64816770638547],[-3.514813064441817,47.648026842391204]]],[[[-3.514743721922124,47.6479292685155],[-3.514463541330751,47.64773550929707],[-3.514466937036461,47.647654034678624],[-3.514677135843566,47.64762422597449],[-3.514702689645426,47.64750538653646],[-3.514718057433261,47.64763097098697],[-3.514501169976161,47.64771534342669],[-3.514684819715483,47.64768701819881],[-3.514872758276701,47.647802959519986],[-3.515069682782224,47.64777389189953],[-3.51528526966321,47.64789731924052],[-3.515307225788039,47.64807672544915],[-3.515167891712054,47.64803032188108],[-3.51506079916948,47.647810514963695],[-3.514902498991876,47.64793677245232],[-3.514643795725592,47.647788658750066],[-3.514743721922124,47.6479292685155]]]]},"properties":{}},{"type":"Feature","geometry":{"type":"Polygon","coordinates":[[[-3.470836714664838,47.64946956318642],[-3.47075545433203,47.64913088613218],[-3.470628533328354,47.64896633654265],[-3.470352119066105,47.64889136420255],[-3.470368857739738,47.64880915419659],[-3.47044524011675,47.64877782159771],[-3.47051251604683,47.64889149405864],[-3.470518159526862,47.64882796223074],[-3.470728387478538,47.64879823260663],[-3.470796754381537,47.64892087562604],[-3.471162636530808,47.6490721624837],[-3.471030262495401,47.648862759728075],[-3.470901868492084,47.64890601061145],[-3.47061583314902,47.64864191692561],[-3.470239438206105,47.64818415004602],[-3.470134132559026,47.648307399959975],[-3.47026265341913,47.64881504800434],[-3.470123163813442,47.64887697620841],[-3.4701726099346,47.649063888093686],[-3.470048382689167,47.64925140638125],[-3.469646139838859,47.649020852759165],[-3.469573414900404,47.648862326135855],[-3.469484846441668,47.648903365530686],[-3.469328108546126,47.64871337556105],[-3.469160976961698,47.64876780510704],[-3.469121345158428,47.64866162942284],[-3.468922212330269,47.64867267810813],[-3.468543259787331,47.648413735254664],[-3.468293205704314,47.64844567044935],[-3.468157680766798,47.64876025023872],[-3.467824899353361,47.64866130557696],[-3.46767956271636,47.648895148022824],[-3.467695712320602,47.649138094734],[-3.467500441184925,47.64885089691742],[-3.467352031733038,47.64894944123175],[-3.467413455791074,47.649235032566246],[-3.467448230375152,47.64897119873164],[-3.467801720052432,47.6492405886932],[-3.46771592234058,47.648974411929736],[-3.467805779625619,47.64883395917784],[-3.468003823414256,47.6488139416468],[-3.468132022702068,47.64887907939959],[-3.468390994735327,47.6488105250678],[-3.468586662358043,47.6488809505114],[-3.468625203279835,47.648978155622125],[-3.46864541038787,47.64881447264343],[-3.468947478164456,47.64877061969002],[-3.469268076858561,47.64887926849397],[-3.469518834465418,47.64907307285208],[-3.469536664613661,47.64899983370739],[-3.46970469305363,47.6490627598096],[-3.469998357670519,47.649389650764675],[-3.470127843810388,47.6493553716119],[-3.470113670713943,47.64923875215771],[-3.470195505100406,47.64925227336708],[-3.470232446440749,47.649006380162355],[-3.470399577679451,47.648951949090645],[-3.470627059460763,47.64917413670754],[-3.470499754681625,47.64922635786491],[-3.470629946883812,47.649417819738005],[-3.470836714664838,47.64946956318642]]]},"properties":{}},{"type":"Feature","geometry":{"type":"Polygon","coordinates":[[[-3.465283691680789,47.64941636818831],[-3.465171151998458,47.64926004731376],[-3.465177891282469,47.64920548652999],[-3.465262992626608,47.64924592351474],[-3.465222278813451,47.64913077576146],[-3.465425771898059,47.64915561647115],[-3.465504134408188,47.64925061407967],[-3.465610542087873,47.64913633916914],[-3.465771827658295,47.649253831730846],[-3.465899338509896,47.649093230293104],[-3.466230828757862,47.649291595079596],[-3.466189023246519,47.64916747690178],[-3.466328317669458,47.64921393883531],[-3.466355069513092,47.64910408085457],[-3.46610065264922,47.649100128293014],[-3.466292160525026,47.64902628907019],[-3.466274038800485,47.64865701516255],[-3.466206571442401,47.648651725711225],[-3.466185955322062,47.64903217917213],[-3.466060825637812,47.64910233702719],[-3.465693868261008,47.64894206342791],[-3.465357137530313,47.648590457750885],[-3.465254201308686,47.648623259331934],[-3.465304719557177,47.648819144076285],[-3.465570917075913,47.64903016230132],[-3.465244472532329,47.64909342036978],[-3.465036825385617,47.64892431080044],[-3.46489732942935,47.64898623276275],[-3.464806782088544,47.64890094161358],[-3.464816107531859,47.64864755149386],[-3.465095097538277,47.648523707572714],[-3.464822368464203,47.64825886351982],[-3.464840408313698,47.64807723957321],[-3.464591442876038,47.6481181376341],[-3.464544468491555,47.64839167759044],[-3.464362968251433,47.64843786556941],[-3.464292438279032,47.64829727718289],[-3.46440538217981,47.64823682803286],[-3.464402318831544,47.648101530190694],[-3.464313952254827,47.648034180193335],[-3.464128980441562,47.648161840943914],[-3.464267181213575,47.64819933457047],[-3.464167307828544,47.64836743303724],[-3.464238926797171,47.64851699227992],[-3.464407151877115,47.64847154055113],[-3.464534256667996,47.648527711478415],[-3.464660680208084,47.64835814054771],[-3.46474557608835,47.648506963396215],[-3.464640053178592,47.648738593794064],[-3.464702959418789,47.648816386479545],[-3.464618948486702,47.64878491985886],[-3.464562169967281,47.64897772270801],[-3.464602882239102,47.649092870700464],[-3.464791806230539,47.64921786323972],[-3.464889500532701,47.64903182275935],[-3.465032264745234,47.6489968131364],[-3.465195727433391,47.64913224805282],[-3.465025322183962,47.64915975935049],[-3.465021850887425,47.64924123245217],[-3.465283691680789,47.64941636818831]],[[-3.464820739926187,47.64912594716606],[-3.464720388545646,47.64895991895319],[-3.464850762868938,47.64904300185843],[-3.464820739926187,47.64912594716606]]]},"properties":{}},{"type":"Feature","geometry":{"type":"Polygon","coordinates":[[[-3.488046073054468,47.65315531420582],[-3.488063879133762,47.653082072392415],[-3.488279580906228,47.653097163968944],[-3.488415780295294,47.6530083026132],[-3.488166966088729,47.65294086554818],[-3.488046229458539,47.653046928963924],[-3.487924555689097,47.653035636463834],[-3.487773520303358,47.65267375385162],[-3.487522522005444,47.65258837430897],[-3.486811228887256,47.6525647283029],[-3.486671589494375,47.65273506140225],[-3.486368260995271,47.652878374776485],[-3.485754753783044,47.65256027891798],[-3.48550250479075,47.65257430973706],[-3.48506706080531,47.65229146308082],[-3.484857919860382,47.65233018902167],[-3.484716415662994,47.65226580809886],[-3.484503230890703,47.65205188051639],[-3.484118551143387,47.65185652103903],[-3.48396738022513,47.65160301860951],[-3.483816973346086,47.65157525719792],[-3.483592704039312,47.651380007314735],[-3.48386183144603,47.651175383435714],[-3.483797801918024,47.65108863057104],[-3.483628657935067,47.651016754208165],[-3.483470273877874,47.65114296889426],[-3.482943939311636,47.650991608166],[-3.482716565716981,47.65066105937018],[-3.48257053157876,47.6506691787537],[-3.482466677319945,47.65058463948252],[-3.482444830589252,47.65040522735368],[-3.482235695134766,47.65044394863984],[-3.482160746287346,47.65026748875102],[-3.482256029201728,47.650171878038506],[-3.482156713879595,47.650014835504706],[-3.482020343072311,47.6502120751048],[-3.481906491577774,47.650155185206835],[-3.482022864850334,47.65001324552374],[-3.481810792091618,47.649808283391636],[-3.481640223846663,47.64994420432295],[-3.481476547193947,47.64991717788637],[-3.48148074610573,47.65006144576716],[-3.481318161309992,47.65004338972808],[-3.481317991247633,47.650151775130745],[-3.481176667448632,47.649979004442244],[-3.480756556058795,47.64982173004609],[-3.48042794071562,47.64986708925311],[-3.479911973154532,47.649471294144504],[-3.479815022885417,47.649223805387585],[-3.479438941211459,47.649208580773816],[-3.479274001944055,47.64928096605021],[-3.479066309605786,47.64911188143003],[-3.478864993748598,47.64910500576707],[-3.478787348955935,47.649235758667665],[-3.478693328569577,47.64923195180089],[-3.478710795466544,47.64937548215447],[-3.478556946960567,47.649429187439694],[-3.478579696261943,47.64972595645608],[-3.478534410992681,47.649683316208886],[-3.478368377396439,47.6497467295425],[-3.47826963716292,47.64992381057126],[-3.477951934762644,47.6500588692906],[-3.477847174571287,47.649856969827965],[-3.477979193630179,47.6496238524526],[-3.477826612366563,47.64957814199736],[-3.477625117347635,47.64967964962421],[-3.477588920158507,47.649492003402095],[-3.477355416435274,47.6495501323868],[-3.47732358608452,47.64939836870697],[-3.476977865879322,47.64908341677025],[-3.476804013559923,47.64919241870259],[-3.476402473164837,47.64918762990467],[-3.475396623036858,47.64871968333902],[-3.475198399883444,47.648848098867376],[-3.475221495143872,47.648928097720365],[-3.474823596445516,47.64873344461132],[-3.474550266599997,47.648793779721196],[-3.474391144978143,47.648694240628664],[-3.474176555843785,47.64868809407531],[-3.474175280369355,47.64878750885203],[-3.474125635815495,47.648708984107124],[-3.473782655369135,47.64874609111843],[-3.473568251896613,47.64863155797711],[-3.473486231641089,47.64872642459666],[-3.473206728909367,47.64851616142574],[-3.473035239046034,47.648534713710646],[-3.472677365035523,47.648229456648814],[-3.4724584155308,47.64818742410475],[-3.471952337967875,47.64787232991626],[-3.472159478360387,47.64770730003121],[-3.472036918511105,47.64757863471454],[-3.471827975915576,47.64750895189948],[-3.471741402880319,47.64767632000055],[-3.471482630689837,47.647636496274366],[-3.471411702665459,47.64771268318371],[-3.471582810792186,47.647910904308446],[-3.471457880918064,47.64787268247319],[-3.471433321061883,47.648000483134695],[-3.471735903862678,47.648290750172336],[-3.471662794373372,47.648348995774924],[-3.471428388902742,47.64828975674661],[-3.471333089948466,47.648385358723544],[-3.471485662237881,47.64843107768581],[-3.471652221323134,47.64870180123319],[-3.471806975811743,47.648765461199325],[-3.471718409231744,47.64880650228912],[-3.471689108355815,47.64911519098473],[-3.471354327599076,47.64888992951157],[-3.471167379525715,47.64889127445937],[-3.47117700253487,47.64908039637929],[-3.471370684199274,47.64902449027032],[-3.471486512943516,47.64920771733803],[-3.471628182808544,47.64916372894491],[-3.471747473778361,47.649265482447504],[-3.471720021561401,47.64914960007044],[-3.471988281712047,47.648827647129444],[-3.471838078205696,47.64869148479555],[-3.471885916763744,47.64853529814564],[-3.472227806598012,47.64848922598604],[-3.472318741777678,47.64835774044052],[-3.47255077941202,47.64850742174552],[-3.472820650709474,47.648528564666826],[-3.472958671500073,47.64867443347991],[-3.473282736441794,47.64870159791813],[-3.473301279374436,47.64885409981951],[-3.473389844815923,47.64881305753105],[-3.473565512872804,47.64893877297746],[-3.473918682704415,47.64876563192754],[-3.474187280395393,47.64888618645858],[-3.474365500827371,47.64881307116194],[-3.474576633801214,47.648900690767334],[-3.474825595234659,47.64885977144913],[-3.474944891622338,47.648961521703704],[-3.475075464608747,47.64893620774486],[-3.475245681567466,47.6490170672462],[-3.4753166058513,47.648940878061595],[-3.475402805576118,47.64899027834734],[-3.475390803278719,47.648891600871],[-3.475545744562186,47.64884687041795],[-3.475707960849653,47.649081705415156],[-3.476140055269921,47.64933767540465],[-3.476225345536877,47.64926971896411],[-3.476317003036229,47.649363971917154],[-3.476724001499861,47.6494136143343],[-3.476789108879728,47.649509341814394],[-3.476845843782809,47.64931653308012],[-3.476980782301746,47.649327099654535],[-3.477006063237922,47.649425039460084],[-3.477170827542968,47.64946104282586],[-3.477044441149205,47.649630627191534],[-3.477145923567884,47.64980561542004],[-3.477314319907859,47.6496517597224],[-3.47745926058193,47.64963467624595],[-3.477333966154901,47.64981323156573],[-3.477373615155878,47.64991940440015],[-3.477433444859915,47.64986189280741],[-3.477584935092537,47.64989863311451],[-3.47768586058938,47.64973949397118],[-3.477804250056596,47.64972388519042],[-3.477647684055132,47.65008480418419],[-3.477669691998045,47.650155831848686],[-3.477840093906813,47.650128302126916],[-3.477816639851042,47.65026507462985],[-3.477923023182429,47.65015078856956],[-3.478274919029074,47.65007704921416],[-3.478566244957409,47.649835079536295],[-3.47875537955202,47.649851664040376],[-3.47871463615964,47.64973652102609],[-3.478786472945387,47.64977768582945],[-3.479130722808808,47.649641149370225],[-3.479645196349375,47.64958546495582],[-3.4795966348388,47.64951591320541],[-3.479775768632485,47.64956014575317],[-3.479805768570866,47.64947719662352],[-3.480165875604722,47.64980037291621],[-3.480604720839853,47.6500017646755],[-3.480673111985857,47.65012440183867],[-3.480764949996533,47.65011026586278],[-3.480788054149361,47.650190263562685],[-3.480944086754164,47.65015449660585],[-3.481250180108437,47.65036326515677],[-3.481410581538912,47.65036338005386],[-3.481354371988372,47.650231034740834],[-3.481479314472809,47.65026924594817],[-3.481487299094751,47.650115269471726],[-3.481734076481439,47.65005639422594],[-3.481928336395896,47.65033459745973],[-3.482033450189229,47.65031972244307],[-3.482069663570715,47.65050736720709],[-3.48237702359448,47.65061671800559],[-3.4823613951809,47.65070790025947],[-3.482547256979039,47.65069756679979],[-3.482757151310376,47.65088458629663],[-3.482729339953479,47.650985477326245],[-3.482818994086752,47.65095339853903],[-3.483000153606278,47.65112395266183],[-3.483062163496419,47.65108437942079],[-3.483110730952019,47.65115392967401],[-3.483491197483028,47.651205024829316],[-3.483464314163499,47.651423271943656],[-3.483949404293976,47.65178464516923],[-3.48400780717139,47.651934930296996],[-3.484184767428231,47.65196121486002],[-3.48417913989041,47.65202474724304],[-3.484315179391129,47.65204427591621],[-3.485146231131968,47.65261218847547],[-3.485213705373889,47.65261746698064],[-3.485177479502686,47.65242982339803],[-3.485336470480427,47.652637732875114],[-3.485525617113972,47.65265430639713],[-3.485664776234354,47.65280913045323],[-3.485899378128008,47.65275995552761],[-3.486282977879308,47.65294633849141],[-3.486716724753095,47.65288608368321],[-3.487036766558821,47.65266055717879],[-3.487210134969734,47.65287669600917],[-3.487338683145891,47.65272504203859],[-3.487380540644467,47.65284915241487],[-3.48746691543285,47.65279015844437],[-3.487618420887901,47.65282688568784],[-3.487596083964303,47.65297263050616],[-3.487759616104017,47.6531080335723],[-3.488046073054468,47.65315531420582]],[[-3.481364201316884,47.650311770300455],[-3.481121039596655,47.65018078583265],[-3.481212877585707,47.65016664950514],[-3.481364201316884,47.650311770300455]],[[-3.477586204240611,47.649799218358325],[-3.47751545984275,47.64976702347363],[-3.477611841692505,47.649680387179494],[-3.477586204240611,47.649799218358325]]]},"properties":{}},{"type":"Feature","geometry":{"type":"Polygon","coordinates":[[[-3.514154970500563,47.646524445966364],[-3.513625719720327,47.6459127694278],[-3.513004554226125,47.64542363742401],[-3.512773513882686,47.645283006574445],[-3.512711532772921,47.645322595698396],[-3.512696170372202,47.64519701083297],[-3.512452955068647,47.64506609122294],[-3.512385380741169,47.645169214145774],[-3.512200963173535,47.64486340826655],[-3.51197102455364,47.644731746143954],[-3.51216015142506,47.64474827662434],[-3.512099482731883,47.6445800642996],[-3.512186699323286,47.644746793658804],[-3.512529414017062,47.64492634533008],[-3.512342587923164,47.6448193704193],[-3.512415648163874,47.644761099265885],[-3.512247582927344,47.64469823444697],[-3.512031134134498,47.64434905942318],[-3.511552504023713,47.64404162357198],[-3.511384333095351,47.64408714326919],[-3.511362282781622,47.64401612173604],[-3.511144417144997,47.6439831319576],[-3.511198718621797,47.64388075106188],[-3.511095819681012,47.64391359309969],[-3.510939715667963,47.64405778621259],[-3.511107886883079,47.64401226715459],[-3.511495900136909,47.64423444966827],[-3.511564572099202,47.64414029757313],[-3.511812169580034,47.64430710053726],[-3.511765657021349,47.644363888456915],[-3.51158212574322,47.64428382338174],[-3.512045182271679,47.64468244557664],[-3.511927911188732,47.64470705944457],[-3.511825119184273,47.64463151636564],[-3.511724413456184,47.644682299661206],[-3.512210838183305,47.644944141451354],[-3.512179793947505,47.64501812873574],[-3.512451644182659,47.64527389230869],[-3.512492350235078,47.64549740952021],[-3.512738859584612,47.64565524005514],[-3.512705833606661,47.645494515374054],[-3.512804345263561,47.645425790562605],[-3.512918219599944,47.645482650493406],[-3.513832307568797,47.64618120822178],[-3.513798861673952,47.64645402652979],[-3.513963641612264,47.64648997807029],[-3.513879709221068,47.646350161183264],[-3.514154970500563,47.646524445966364]],[[-3.512677090721469,47.64547805776358],[-3.512507925634215,47.64540622299552],[-3.512462723710502,47.64525521009422],[-3.512677090721469,47.64547805776358]]]},"properties":{}},{"type":"Feature","geometry":{"type":"MultiPolygon","coordinates":[[[[-3.511278361097419,47.64387630280042],[-3.511304029810936,47.643649078074084],[-3.511060824977966,47.64351815546084],[-3.511158238087628,47.643440461595084],[-3.511410219302757,47.6436431469503],[-3.511440166738516,47.64356018945015],[-3.511043492319352,47.64315785786855],[-3.511026818082972,47.64324007393205],[-3.510842304894172,47.64304265144125],[-3.510710666374333,47.64305903506456],[-3.510390129305117,47.64284211380285],[-3.510328038144413,47.64299008755485],[-3.510439599976509,47.64313739504659],[-3.510263864166999,47.643011734667056],[-3.510261447945161,47.64321056557031],[-3.510167435936672,47.643206784015625],[-3.510153176973084,47.64309016905914],[-3.510273847131844,47.6429840822571],[-3.510265183516748,47.642803933361314],[-3.510448818601782,47.64277561471855],[-3.51122822523176,47.64313850837906],[-3.511574988951964,47.643679101911886],[-3.51147757601344,47.64375679611545],[-3.511357124559798,47.64364611252427],[-3.511423384092903,47.64375079135324],[-3.511324982844581,47.64371112926411],[-3.511377968666966,47.643816549501324],[-3.511278361097419,47.64387630280042]]],[[[-3.510153176973084,47.64309016905914],[-3.510133433895618,47.642928702181784],[-3.509924347846215,47.642967473169676],[-3.509547543074249,47.64261821747209],[-3.509513206323394,47.64266529296982],[-3.509379391227336,47.642612513766906],[-3.509550945959947,47.642536742779576],[-3.509455951364984,47.64241560439365],[-3.509732386988021,47.642490484478834],[-3.509817287062559,47.64274766086768],[-3.510007503044712,47.64277316523569],[-3.509855026024852,47.64261911058476],[-3.509869508308744,47.64251895388816],[-3.509963519084362,47.64252273568392],[-3.509937957114561,47.642641574393636],[-3.510151317723467,47.64274707076575],[-3.510153176973084,47.64309016905914]]],[[[-3.509372226894006,47.642615678044855],[-3.509354908283664,47.64279154328104],[-3.50922667331952,47.64272645055571],[-3.509054004248059,47.642844471211696],[-3.509121695637124,47.64263296423588],[-3.508964721174614,47.64255141270049],[-3.508533276557664,47.642629691204554],[-3.5085533588493,47.6424660008044],[-3.508979318967395,47.642342870239645],[-3.508753899821174,47.64213869731742],[-3.508513882956963,47.64214306638741],[-3.50856039704032,47.64208627969666],[-3.508816976764868,47.64210808062602],[-3.509018156294176,47.64222329059664],[-3.508783850542009,47.64205574043324],[-3.509072573725678,47.64201252470561],[-3.508991951053777,47.641899615174246],[-3.509066107588319,47.641850316425085],[-3.509499400134885,47.642115134399496],[-3.50932113706564,47.64229668940873],[-3.509049089573613,47.64225768992684],[-3.509103166106352,47.6423720816706],[-3.508992478533222,47.64245051498921],[-3.509171612962869,47.64249470263439],[-3.509165032987199,47.642440880271856],[-3.509364134202822,47.642429762973585],[-3.509375101168714,47.64251946689191],[-3.509199143081417,47.64261057660179],[-3.509246640207041,47.64267114590361],[-3.509372226894006,47.642615678044855]],[[-3.509164163287516,47.64221513812704],[-3.509043720111944,47.64210445206232],[-3.509041413114887,47.642194897154596],[-3.509164163287516,47.64221513812704]]]]},"properties":{}},{"type":"Feature","geometry":{"type":"Polygon","coordinates":[[[-3.463929232311802,47.64849803754769],[-3.464092421653501,47.648190961373324],[-3.463886549070152,47.64825656222968],[-3.463643645583968,47.6480171557676],[-3.463493053128759,47.64809775363718],[-3.463451724970118,47.64830776165124],[-3.463217328797985,47.64824850615074],[-3.463039923716774,47.647888062522064],[-3.46293045341843,47.64786703726893],[-3.462750923737278,47.64803954985051],[-3.462639483330499,47.64789219722813],[-3.462724788479785,47.64782425059108],[-3.462600489380609,47.64746086274709],[-3.462506473278511,47.64745704285309],[-3.462464261167125,47.64754969426893],[-3.462378075749347,47.64750028440241],[-3.462325854712438,47.647620584012415],[-3.462192638993745,47.647293814752054],[-3.462062063916414,47.64731911433701],[-3.461820052023164,47.64719706031844],[-3.461561079379423,47.64726560014522],[-3.461497511429636,47.646962063804835],[-3.461406762461585,47.64698515548058],[-3.461338419621426,47.64686250684449],[-3.461504674775333,47.64669073205375],[-3.461665065118536,47.64669087405417],[-3.461627627283286,47.64660263735135],[-3.461488343770355,47.64655616975131],[-3.461354293435509,47.646662941661184],[-3.461281385595538,47.64661279525347],[-3.460977146441476,47.64663868678943],[-3.46092425740149,47.64653324387298],[-3.460658755274571,47.64654795676915],[-3.460665074826854,47.64671016730162],[-3.460573449534878,47.646615901943115],[-3.46043830866151,47.646713701970526],[-3.460098361144432,47.64633516823784],[-3.460015231991633,47.64642105468014],[-3.45996277192293,47.64609884014124],[-3.4596633167904,47.64594384041745],[-3.459944054604974,47.646054721505536],[-3.460093558170248,47.64596515728766],[-3.460377536979521,47.645552050957086],[-3.460413644982936,47.6451888039044],[-3.460115069003789,47.64515116175357],[-3.459703783564889,47.645616477026294],[-3.459653521100755,47.64586310285157],[-3.459240250474777,47.64565119020368],[-3.459045264756119,47.64580649106894],[-3.458720136400297,47.64577031625618],[-3.458656810318318,47.64590929144286],[-3.458558444332068,47.645869584968985],[-3.4585852104954,47.645759728575996],[-3.458283368086337,47.64569516920113],[-3.458360407929324,47.645889586522664],[-3.458227658132073,47.64589694013586],[-3.458066399319998,47.645779436956445],[-3.458007205514281,47.64551178191204],[-3.4578348496757,47.645412955434615],[-3.457688826121368,47.64542104374606],[-3.457548679405354,47.64525721492599],[-3.457279918705289,47.64524500756462],[-3.457302766715957,47.6454333957366],[-3.457242051237697,47.645373540661915],[-3.457048368025573,47.64542942345881],[-3.456867310796452,47.64525882860724],[-3.456708012671488,47.64526765089234],[-3.456767859430813,47.645210149742674],[-3.456127624934496,47.64511013876908],[-3.456160259105049,47.6453792650628],[-3.456042960742115,47.64540382282704],[-3.455952433633421,47.64531852465814],[-3.455922398954665,47.64540146784007],[-3.455657345418126,47.645199398119175],[-3.455742655152865,47.6451314564842],[-3.455651041267501,47.64503718718853],[-3.455685649163325,47.64488174193733],[-3.455385767849914,47.64494350246718],[-3.455261079498948,47.64479687760161],[-3.455179032593127,47.64489173155831],[-3.455053033925577,47.644844521237566],[-3.454889162663668,47.64492584314449],[-3.454603193910838,47.64521260885875],[-3.454167973817195,47.644929646003106],[-3.454114649326597,47.64504097120824],[-3.453792565239949,47.645140080999205],[-3.453729905322262,47.6449538966485],[-3.453619357337463,47.644923891740056],[-3.453561047722483,47.64477359088671],[-3.453384126399406,47.64474725985428],[-3.453293831621074,47.64455357393106],[-3.452946514390111,47.64455473624029],[-3.452921279921069,47.64445679098554],[-3.452862517100918,47.64452326109791],[-3.452538716439586,47.644387654298],[-3.452423364182966,47.644538535939766],[-3.45248905199495,47.644860019422424],[-3.452329125033636,47.64464309351613],[-3.452061226258296,47.64474823072057],[-3.451587055872607,47.644584818723466],[-3.451175145403504,47.6442734626558],[-3.450905072395643,47.644360655376076],[-3.450982778409685,47.644229920677894],[-3.450766036172264,47.64420578926107],[-3.450675751812894,47.6440121012602],[-3.450507761720735,47.643949147631986],[-3.450268818801737,47.64396236798208],[-3.450226588207452,47.644055015144644],[-3.450153694388418,47.64400486172621],[-3.450120157717616,47.64416927634705],[-3.450066205818939,47.644054857443315],[-3.449936719657905,47.6440891144596],[-3.44998609063375,47.6442760353469],[-3.449907529213856,47.64428941276718],[-3.449877953525006,47.644155583083666],[-3.449831375202616,47.64421234633599],[-3.449529552138842,47.64414776429648],[-3.449403090493341,47.64431731922568],[-3.449313662478622,47.644240986809315],[-3.449272046369885,47.64455937589017],[-3.449122764019769,47.64454054066922],[-3.449134100978196,47.64441347879362],[-3.449017888096429,47.6444470004633],[-3.449030455969112,47.64477142312481],[-3.446848554169777,47.6450727169735],[-3.44543525039202,47.64543082095223],[-3.446816573132048,47.6450293302726],[-3.448632210958465,47.64479345172558],[-3.448675531444356,47.64470977612336],[-3.44882046785414,47.64469272812573],[-3.448773982117468,47.64419859167276],[-3.448447171161587,47.6439276749681],[-3.447618950383305,47.64381995465381],[-3.447527114425954,47.64383406462533],[-3.448056774745596,47.6439041126025],[-3.44831853366502,47.64407928683593],[-3.448468190636528,47.64443225106636],[-3.448443103668104,47.64477681842402],[-3.448147797795176,47.644766058536874],[-3.44824506753097,47.64479680284519],[-3.446838778029305,47.644991978297774],[-3.445365617186321,47.64540757750881],[-3.445401941286887,47.6454868484997],[-3.445508141724048,47.64548097727698],[-3.446358226494102,47.64521723279787],[-3.44687051904799,47.645143750618686],[-3.446864001586889,47.645089924838565],[-3.446963443692898,47.64513861213525],[-3.447350828720289,47.64502687963591],[-3.448352115764154,47.644908285628894],[-3.448685073984237,47.644898900300014],[-3.44883931800689,47.64517936206657],[-3.448877205576351,47.64505083168015],[-3.448987751157441,47.64508084107312],[-3.449067636137687,47.64496804958636],[-3.449051716877282,47.645167613274346],[-3.449122057701878,47.64486569762411],[-3.449290284143971,47.64482026757226],[-3.449312252168627,47.64489130076775],[-3.449395396164168,47.644805421872164],[-3.449359301553309,47.64461776644081],[-3.449651346744958,47.644601610447566],[-3.449673080839559,47.64478102923466],[-3.449752729763508,47.64477662291357],[-3.449866769421158,47.644725158644285],[-3.44988920593852,47.64457942042683],[-3.449957285795075,47.64481046155417],[-3.45010462907585,47.64470296818645],[-3.450067678789357,47.64439795636007],[-3.450143833406758,47.644475022629805],[-3.450759905441941,47.64448609163261],[-3.451429471381106,47.64482834697026],[-3.451518672833743,47.64501306338589],[-3.451595060843205,47.644981743047424],[-3.451702116446109,47.64509322275119],[-3.451657713344831,47.64516792854021],[-3.451820273237939,47.64518602589095],[-3.45183200117554,47.64539309159563],[-3.451928187076298,47.645414861912045],[-3.451868334872324,47.64547236057666],[-3.451982144342565,47.64552927987501],[-3.452300743664059,47.64551164797569],[-3.452331470807232,47.6451035488508],[-3.452729085606768,47.64485576544825],[-3.452686858577017,47.64494841345693],[-3.452860518478391,47.644947832817394],[-3.452791513928987,47.64515033598191],[-3.452857660423565,47.645255047911675],[-3.452948410148339,47.64523196285471],[-3.45298343051855,47.64541064621206],[-3.452998020301734,47.6453104967361],[-3.453154917307895,47.645392123324804],[-3.453152969951752,47.645265795892726],[-3.453407367571778,47.645269776651915],[-3.453464589937274,47.645411106642534],[-3.453633901787633,47.64537464125078],[-3.453736612814642,47.64545023547248],[-3.453863247548501,47.645723189313436],[-3.453978372714839,47.64568069195238],[-3.453996448602142,47.64549906943753],[-3.454043885627482,47.64555966107406],[-3.45411809799542,47.645510397305635],[-3.454377484886832,47.64577600163593],[-3.454424059738067,47.64571923661765],[-3.45446039750749,47.64579850477918],[-3.454605335025857,47.64578144961565],[-3.454503485156164,47.645823212662236],[-3.454622736000025,47.645924983821345],[-3.454777494316143,47.64543776751529],[-3.454959856671628,47.64550895086036],[-3.455068454725997,47.645412627100946],[-3.455220781521335,47.64556675298729],[-3.455336992944711,47.64553322516792],[-3.455284535032144,47.64576190736113],[-3.455343296199267,47.64569543607359],[-3.455466034027249,47.64571573341894],[-3.455381810694743,47.645792645712305],[-3.455424676122209,47.645925738853705],[-3.455541333012254,47.64567543963139],[-3.455540022891076,47.64577485435807],[-3.455644047320409,47.645751032164526],[-3.455559824188769,47.645827944584795],[-3.455738925668518,47.645872214062756],[-3.455750890944902,47.64597089370986],[-3.455925641924199,47.645979279391845],[-3.455980051365057,47.64587692428974],[-3.456082766682554,47.645952516429304],[-3.456128252057448,47.645886779862984],[-3.456167855945801,47.64599296010602],[-3.456227704100669,47.645935459254744],[-3.456261869014265,47.64599678510284],[-3.456416817922838,47.645952079947286],[-3.456324759807461,47.646074582409305],[-3.456396574387731,47.64611576105366],[-3.456560447006561,47.64603443708308],[-3.456530853664947,47.645900609205626],[-3.456697989150022,47.64584619764331],[-3.456755220849105,47.64598752597987],[-3.456941071154569,47.645977233221586],[-3.456944115462484,47.64611253140854],[-3.457190901405568,47.64605370787268],[-3.457232252458649,47.64584370182683],[-3.457358474129038,47.64578252416939],[-3.457702098984877,47.6459712073737],[-3.457505149933753,47.646000178335235],[-3.457579141451212,47.64605929797441],[-3.457804816923348,47.64604679799576],[-3.457780660926362,47.64595782472443],[-3.458096650160688,47.646139006496725],[-3.458203067498595,47.64602473814649],[-3.458351269012042,47.646034590899454],[-3.458347571021166,47.64622444952203],[-3.458479016957792,47.64631651050538],[-3.458553226283575,47.64626724393961],[-3.458491420233909,47.646198418690574],[-3.458686408996633,47.64604311878122],[-3.458704909289249,47.6461956232076],[-3.458857464495828,47.64624135870975],[-3.458846581692152,47.64615165024181],[-3.458942771821741,47.64617341477528],[-3.458799138687083,47.646091060573845],[-3.459031559174513,47.6460239977195],[-3.459141897387778,47.64616238308184],[-3.459293364519067,47.6461991471716],[-3.459213929208167,47.646095174403435],[-3.459339060842438,47.646025023770356],[-3.459448311475364,47.646154438000835],[-3.459606523388337,47.64613664114392],[-3.459604132422021,47.646227085052566],[-3.459721430955612,47.64620252372394],[-3.459663549067343,47.64638635361436],[-3.460037214952242,47.64649208579937],[-3.460082056358758,47.6467515044109],[-3.460338425995172,47.64688179729481],[-3.460436582704517,47.64702988779431],[-3.460357356557652,47.64681753029759],[-3.460595009029535,47.64690370406109],[-3.460607859989921,47.64711973952462],[-3.46076063127972,47.64705708698232],[-3.460803057682684,47.64685605060876],[-3.461028735769117,47.64684354440879],[-3.460904270042036,47.64713943873115],[-3.461079903170567,47.6472651730554],[-3.46114561294853,47.64703575275604],[-3.461375436039813,47.64716751471202],[-3.461428116145314,47.64738134291635],[-3.461702542372231,47.647330009271364],[-3.461585032135722,47.647462958096895],[-3.461781564895705,47.64765075131164],[-3.46181942304436,47.647522216895915],[-3.461919972151752,47.64757986221395],[-3.461952637047701,47.64784898654285],[-3.461936513982331,47.64760603887523],[-3.462205078761508,47.647726621019665],[-3.462308015127733,47.64769382210927],[-3.462304331100623,47.64788368069262],[-3.462397676004463,47.64766175893523],[-3.462590945528681,47.64782263835085],[-3.462659965523512,47.648171027971244],[-3.462828190857683,47.64812557850733],[-3.462858216334962,47.648042633668396],[-3.463005335295885,47.64804350970731],[-3.462989467246157,47.648243074971205],[-3.463106768653127,47.64821851027007],[-3.463302220478096,47.64839733005633],[-3.463375339159612,47.648339089686345],[-3.463513539861138,47.648376584200754],[-3.463550305240511,47.64823907847914],[-3.463731805507901,47.64819289175766],[-3.463929232311802,47.64849803754769]],[[-3.460730814967014,47.64703164578558],[-3.460634622561015,47.64700988273378],[-3.460642666845293,47.64685590742515],[-3.460730814967014,47.64703164578558]],[[-3.460266820153904,47.646732235534195],[-3.460137547119821,47.646658118247394],[-3.460190860660729,47.64654679038774],[-3.460266820153904,47.646732235534195]],[[-3.452047891097287,47.645299864485686],[-3.452011786824,47.64511220992213],[-3.452088174685959,47.64508088926292],[-3.452319283101492,47.64511325444696],[-3.45228683956454,47.64528664050663],[-3.452047891097287,47.645299864485686]],[[-3.452094926819118,47.64502632911556],[-3.452045318259028,47.64494779483909],[-3.452221381591602,47.64485677133562],[-3.452222239586332,47.64497412789593],[-3.452094926819118,47.64502632911556]]]},"properties":{}},{"type":"Feature","geometry":{"type":"Polygon","coordinates":[[[-3.445410773062251,47.644014304414156],[-3.445135992889604,47.64373147183357],[-3.445362147574096,47.64350222446102],[-3.445655516352574,47.64338666371548],[-3.446042649712115,47.64338332117339],[-3.446551790170135,47.64372544121325],[-3.446669089210805,47.6437008929556],[-3.446812697190119,47.64378326216918],[-3.446932408574775,47.643668269885964],[-3.446743305801713,47.64365163382365],[-3.446934820903509,47.6435778261173],[-3.446963782298506,47.64348591419732],[-3.446985746676955,47.64355694787951],[-3.447279959343076,47.64355873974357],[-3.44712911527447,47.643747702414565],[-3.446995283021876,47.64374607230758],[-3.447067087268658,47.64378725673545],[-3.447405709175961,47.64371434418461],[-3.448156690525038,47.6437360275179],[-3.448240921024833,47.643659120350364],[-3.448208090555439,47.64349837732605],[-3.447603238576855,47.642917719153495],[-3.446354721452771,47.643311879590954],[-3.446371013303034,47.64344644423331],[-3.446806179953504,47.64372943634768],[-3.446319001276763,47.64345835122819],[-3.446289435048225,47.64332452057864],[-3.445727803738631,47.643211077528925],[-3.445329569009729,47.64323309489109],[-3.444811130802265,47.643586872577075],[-3.445410773062251,47.644014304414156]],[[-3.447380724246345,47.64350801197821],[-3.447196445656062,47.64331048907108],[-3.447265229853964,47.64321637475218],[-3.447366841414309,47.643283003689504],[-3.447254974972532,47.64335240749356],[-3.447395562965189,47.64329947737868],[-3.447456265038784,47.643359337633925],[-3.447448422067293,47.643404926594556],[-3.447362257248633,47.64335550554711],[-3.447380724246345,47.64350801197821]]]},"properties":{}},{"type":"Feature","geometry":{"type":"MultiPolygon","coordinates":[[[[-3.508346811938631,47.642197552158876],[-3.50821869503199,47.642024072418714],[-3.508300643233896,47.64192918109836],[-3.508220022321169,47.64181627102946],[-3.508391478345339,47.64179766704559],[-3.508224523671418,47.64174376674769],[-3.508213558799007,47.64165406268521],[-3.508325227184638,47.64169298639104],[-3.508210384760735,47.64151876554867],[-3.508532116324416,47.64163627743199],[-3.508607369468035,47.64159594937104],[-3.508402903649576,47.64145382743879],[-3.508196015079824,47.641510536174415],[-3.507791589266209,47.64115378620194],[-3.507528436391769,47.641078160517246],[-3.507503103394933,47.64098022689667],[-3.507647745416533,47.64090271442486],[-3.50761586622424,47.6410281217102],[-3.507871227956041,47.641149340256554],[-3.507749693472847,47.641029682383994],[-3.50799870857273,47.64088030627301],[-3.508327880906531,47.64127738351615],[-3.508063630211719,47.64119278863415],[-3.507992762984255,47.641268997995255],[-3.508222676868516,47.64140066818358],[-3.508383051408437,47.64140074605809],[-3.508716844880092,47.64161693189783],[-3.508684701170302,47.64168194797995],[-3.508454670014278,47.64165866463529],[-3.508513130818616,47.64180893830209],[-3.508304047979363,47.641847706413024],[-3.508346811938631,47.642197552158876]],[[-3.508187474180394,47.64122200105316],[-3.507972046582914,47.64099017424243],[-3.507846990707742,47.64106037712668],[-3.508187474180394,47.64122200105316]]],[[[-3.507650870819479,47.640890419592054],[-3.50760842490362,47.64074855689069],[-3.507708030744313,47.64068880662309],[-3.507380942189971,47.640418054337566],[-3.507167596369288,47.640312552778944],[-3.507079071020648,47.64035362084592],[-3.506925513128561,47.640190591754454],[-3.50677512647749,47.640162859727724],[-3.506702066373169,47.64022112749342],[-3.506392762306694,47.639877127217765],[-3.505809118827456,47.63958456413653],[-3.505931981809204,47.63949642250389],[-3.505814839580021,47.63941264426972],[-3.506011738057671,47.63938359178749],[-3.505909940648378,47.63942539977253],[-3.506041451862414,47.63951740756036],[-3.505927477533872,47.639568926781934],[-3.506487864340904,47.6398898822471],[-3.506653478123669,47.640151586652],[-3.506749795297556,47.6400649258973],[-3.506944385211171,47.64012631699725],[-3.507086862601042,47.640308027823316],[-3.50707589993593,47.640218323587206],[-3.507310309500108,47.64027749134982],[-3.507691468609077,47.64066263635155],[-3.507658460922351,47.64050190982689],[-3.507856342683468,47.64059021064419],[-3.507907125726679,47.64067769179752],[-3.507688063003981,47.640744111069225],[-3.507650870819479,47.640890419592054]]]]},"properties":{}},{"type":"Feature","geometry":{"type":"Polygon","coordinates":[[[-3.423925640057443,47.64503756483708],[-3.424200662398482,47.64476954803798],[-3.424222372618781,47.64450645798005],[-3.424433406176014,47.644594168363376],[-3.424519837166029,47.64453522068248],[-3.42452957945298,47.644615961241534],[-3.424705688615718,47.64452497918861],[-3.424978768422334,47.644573146154734],[-3.424999107740607,47.64440947037285],[-3.424820321484462,47.644256768127626],[-3.424884816249776,47.64412678234393],[-3.424804083732033,47.64412220054208],[-3.424747223604463,47.64387247078915],[-3.424845275996321,47.64402059140315],[-3.425055226099889,47.64409932951311],[-3.425230534041399,47.64389098983285],[-3.425178002433292,47.64367714494329],[-3.425075849280334,47.64382726803306],[-3.425072885903141,47.64369196886587],[-3.424937971941496,47.64368134232212],[-3.424858607324468,47.64357734607217],[-3.424650539377162,47.64362493560261],[-3.424452784154788,47.64353649405047],[-3.42439182202234,47.643585007515085],[-3.424414327632985,47.643439274110435],[-3.424145869856028,47.643318604854684],[-3.423940762763123,47.6435014923412],[-3.423832399219941,47.643489401598174],[-3.423669279733856,47.64368803661118],[-3.423727790980399,47.643729966808934],[-3.423616975169606,47.643808319146586],[-3.423698502358326,47.64393025859527],[-3.423777069815467,47.64391689879512],[-3.423661350109963,47.64417613769698],[-3.423578453004509,47.64415361268207],[-3.423510708124793,47.644256684190715],[-3.423567850218249,47.644398028886805],[-3.423713876131415,47.64438998321283],[-3.423670516765597,47.644473649570244],[-3.423756948403149,47.644414702449964],[-3.423641514714924,47.64456555566537],[-3.42377397902868,47.64466662694088],[-3.423717852626107,47.64497676709363],[-3.423766337160671,47.64504634221267],[-3.423780981678175,47.64494619637269],[-3.423925640057443,47.64503756483708]],[[-3.424302023230346,47.64450206900731],[-3.424231318019273,47.644469841783014],[-3.424312336844742,47.644366038367544],[-3.424302023230346,47.64450206900731]],[[-3.423928219584989,47.644062094401164],[-3.423832334355401,47.643931915386204],[-3.423950726662944,47.643916361121995],[-3.423928219584989,47.644062094401164]]]},"properties":{}},{"type":"Feature","geometry":{"type":"Polygon","coordinates":[[[-3.506270495972106,47.6394233392147],[-3.506355732020497,47.63935536043684],[-3.506478474643214,47.63937560426065],[-3.506134719868866,47.639187063886695],[-3.506219955712839,47.639119085199546],[-3.505928077769211,47.63902699656937],[-3.505922717594141,47.63887375830447],[-3.506036570617604,47.638930625135295],[-3.50600661738016,47.6390135814498],[-3.506260989081706,47.639017447147964],[-3.506505257775398,47.639157350492034],[-3.506575886862321,47.63929791404819],[-3.506580508955107,47.63911702368464],[-3.506166008218996,47.6388963058659],[-3.505781223669499,47.63880940243953],[-3.505811177142702,47.63872644617402],[-3.505575800833144,47.638549918829696],[-3.505381218241717,47.63848852540015],[-3.505334703911266,47.638545310931285],[-3.505168979994242,47.63839199053466],[-3.505110288939488,47.63845848711811],[-3.504865904899997,47.63842696690023],[-3.504936772818627,47.63835075932335],[-3.504386273409818,47.63811053029467],[-3.504212636354314,47.63811118751566],[-3.504295434704238,47.638242041485164],[-3.504521916133259,47.63845519387797],[-3.504681185990353,47.63844630637781],[-3.504437774973132,47.6385321418062],[-3.504601182850365,47.6387759083939],[-3.504501577101581,47.638835656072125],[-3.504408792127113,47.63873245426005],[-3.504350099750742,47.63879895044987],[-3.504503645771055,47.63896198304391],[-3.504442761665184,47.63901053836518],[-3.504140053614011,47.63872035464366],[-3.503948759173875,47.638685870209564],[-3.503915515717447,47.63874191461836],[-3.50371983866703,47.638671547967185],[-3.503643490297103,47.63870290247823],[-3.503793746826855,47.63883902462603],[-3.503733957890976,47.638896550041835],[-3.503537184871705,47.63881721262868],[-3.503475204420035,47.638856796985955],[-3.503356971841721,47.63876404579524],[-3.503357942186573,47.63888140232703],[-3.50308835922051,47.63864355768636],[-3.503009693448589,47.638765356919166],[-3.502444957568466,47.6384085026818],[-3.502354240874797,47.638431626258125],[-3.502330854786145,47.63856840450723],[-3.502594956584232,47.63876139854229],[-3.502136148114644,47.63861539175376],[-3.502136020368371,47.63872377782759],[-3.501727146296875,47.63843951052241],[-3.501577862585191,47.638420742263186],[-3.501627537958417,47.63849925576073],[-3.501541201954409,47.638558260635726],[-3.501285996471489,47.63832864200271],[-3.501384121788506,47.638585084824605],[-3.50129449959486,47.63861717806067],[-3.501022866747164,47.63825300155478],[-3.500822684203865,47.63825513417154],[-3.500916426382291,47.63847569543373],[-3.501011654639534,47.638380068844185],[-3.501301071161501,47.638671000973034],[-3.501395074550996,47.63867478967058],[-3.501443912908307,47.63852756060205],[-3.501594163334024,47.63866368559104],[-3.501645191765704,47.63853439740383],[-3.501765740037375,47.63853670522216],[-3.501848533047849,47.638667560896856],[-3.502146974423173,47.63881348259663],[-3.502232214749867,47.638745506805655],[-3.502557329753549,47.63878156067231],[-3.503279151253738,47.63911158777959],[-3.503405304194442,47.63905036017736],[-3.503358787271855,47.63910714490527],[-3.503494675870352,47.639235037428485],[-3.503714708754004,47.63928598247147],[-3.503815536257222,47.63912681989024],[-3.504011215103118,47.63919718636452],[-3.503988204884685,47.639008806748144],[-3.504187294374108,47.63899769825165],[-3.504239165652069,47.63909415152769],[-3.504369700591898,47.63906880470719],[-3.504349729998224,47.639124108629225],[-3.504555394752309,47.63916682223278],[-3.504688243966247,47.63905102991036],[-3.504591074972748,47.63891194644542],[-3.504748154488676,47.63888511794935],[-3.504553817300038,47.638606951004334],[-3.504684473469265,47.63847321774133],[-3.504867000756584,47.638435937353144],[-3.505269437326232,47.63855798490234],[-3.505653857423893,47.638970048235045],[-3.506262823190424,47.6393605461675],[-3.506013930195704,47.63940153266288],[-3.506270495972106,47.6394233392147]],[[-3.503668316591267,47.639234381274925],[-3.503511360459084,47.63915282226921],[-3.503504911571272,47.63899061344045],[-3.503651881557485,47.63909982436279],[-3.503668316591267,47.639234381274925]],[[-3.503054863126131,47.638916373985644],[-3.502863568684607,47.63888188777821],[-3.502414871861583,47.63859984417895],[-3.502757640686301,47.63867103901255],[-3.503054863126131,47.638916373985644]],[[-3.504609344487586,47.63840515725265],[-3.504538721761728,47.638264592442624],[-3.504649284557419,47.638294549273574],[-3.504609344487586,47.63840515725265]]]},"properties":{}},{"type":"Feature","geometry":{"type":"Polygon","coordinates":[[[-3.499916905842788,47.63915461154656],[-3.499922645530559,47.638982691930394],[-3.500173731405873,47.638959659391695],[-3.500341063416003,47.638688413086406],[-3.50043725700291,47.63871014354276],[-3.500675199485741,47.638579464000244],[-3.50066424795283,47.63848975908235],[-3.500877703931458,47.638486886536136],[-3.500682162520103,47.63830812869831],[-3.500467480997028,47.638410416482365],[-3.500418640053195,47.63855764515168],[-3.499997466840694,47.63839146850387],[-3.500005396257197,47.6382374898146],[-3.500255251948775,47.63831387268676],[-3.500276453085746,47.63815915384076],[-3.500450221514447,47.63805011636615],[-3.500232650200922,47.63780033391028],[-3.500358934890341,47.637630723428806],[-3.500509311071677,47.63765846375062],[-3.500411060415343,47.637510406210886],[-3.500498491075979,47.63746037263741],[-3.500193491485337,47.63726062361221],[-3.500550485156747,47.63744844149035],[-3.500790481558604,47.63744408876855],[-3.500399277001836,47.63719495842165],[-3.500307860786186,47.636883951433795],[-3.500132169424827,47.636758275408724],[-3.500302516963394,47.63673071274117],[-3.500228491063591,47.636671619877895],[-3.50044851026087,47.6367225711398],[-3.500329192613758,47.636620846279705],[-3.500382412282745,47.63650949951601],[-3.499809920656528,47.6361982247979],[-3.499615353272258,47.6361368216906],[-3.499555562859951,47.63619434504861],[-3.499392052620243,47.63605895729859],[-3.499121139023057,47.636028905090065],[-3.498648131679314,47.63576626765048],[-3.498414846249516,47.635716052896704],[-3.498382693544079,47.63578106634303],[-3.498047747740662,47.635664266038134],[-3.497567086938075,47.635338830454245],[-3.497857426384138,47.63574712834208],[-3.497800096833575,47.635605819404844],[-3.498470947634616,47.63595677722445],[-3.499620695062583,47.63629006046179],[-3.50003063645278,47.63658330596245],[-3.500265459584574,47.637193389325446],[-3.500082933332842,47.63723066254853],[-3.500176802377008,47.63734283837825],[-3.500102643894755,47.637392131600464],[-3.500179955800814,47.63747813602554],[-3.500047232706912,47.63748553718088],[-3.5001289248295,47.63760742364354],[-3.499828040875278,47.637660327956304],[-3.500033564355318,47.63781143567467],[-3.500130455832153,47.63816729522106],[-3.499929178553367,47.63816045580836],[-3.499973243970291,47.63830250361372],[-3.499771568559267,47.63862082217987],[-3.499796753750741,47.638827143661686],[-3.499708225194377,47.63886820617531],[-3.499635291972778,47.63881808350115],[-3.499729030232706,47.63903864565168],[-3.499916905842788,47.63915461154656]],[[-3.500207242255696,47.63868684392476],[-3.500113238929308,47.63868305427149],[-3.500115560905512,47.63859260919114],[-3.500207242255696,47.63868684392476]]]},"properties":{}},{"type":"Feature","geometry":{"type":"MultiPolygon","coordinates":[[[[-3.498111510101012,47.63596778424377],[-3.497722518071133,47.63573658580081],[-3.497562023540218,47.63584487952348],[-3.49758199994033,47.6357895766679],[-3.49737307015622,47.63571993910715],[-3.497190822488117,47.635540435364014],[-3.496946456488619,47.63550889853288],[-3.496826192308443,47.63528981323536],[-3.496494675336529,47.63509153381238],[-3.496429550202687,47.63499581659707],[-3.496497003288595,47.63500108863576],[-3.496163160827829,47.63489325342829],[-3.496079293307324,47.63475342291674],[-3.495784986963486,47.634860140206904],[-3.495714532946953,47.63461118351413],[-3.495446099802514,47.63438229127176],[-3.495301206309736,47.63439939719305],[-3.494991724978886,47.634272138338076],[-3.49462012053253,47.63429284472397],[-3.494577452882806,47.63394299252546],[-3.494156478211928,47.633668408081455],[-3.494190822718922,47.633621336878036],[-3.493758913720774,47.633257045187186],[-3.49320961095113,47.633025733445315],[-3.493157765503097,47.6329292749702],[-3.492800681384743,47.632849820456165],[-3.492523373040134,47.63265754294742],[-3.492275742133959,47.63259908451255],[-3.492301043212307,47.63269702185823],[-3.491878847968944,47.6325218448414],[-3.49189728988991,47.63278273146409],[-3.49177063122006,47.63273017808547],[-3.491759258439257,47.63263688382074],[-3.491651995147585,47.63263382651517],[-3.491788136703647,47.63254496028362],[-3.491709900846698,47.63234159306867],[-3.491839331678942,47.63230728955526],[-3.492059176682014,47.6324666431442],[-3.492109128697804,47.63232838810699],[-3.492300244996508,47.632471278452975],[-3.493372438987572,47.632827000328234],[-3.493686283538411,47.63299014590036],[-3.494099304747158,47.63341871082005],[-3.494605375989806,47.63373371144431],[-3.494568986816667,47.6336544552812],[-3.494812106244147,47.63378541288895],[-3.494941538583757,47.63375110596399],[-3.494965751001364,47.63384007210687],[-3.495138280147164,47.63383045806205],[-3.49499776446908,47.63388344587302],[-3.495052896516701,47.63400681518049],[-3.494911286195916,47.63405083231737],[-3.494987490788475,47.634127869760974],[-3.495165633439164,47.63405472218268],[-3.49533692753541,47.63414452360414],[-3.495453088872972,47.634110955692194],[-3.49579649199742,47.634516300600374],[-3.495797726857417,47.63441688485419],[-3.496012261094564,47.63442299174787],[-3.495883641212259,47.63468304299594],[-3.495953282412249,47.63470625645832],[-3.495994331939254,47.63460462178106],[-3.496290685517548,47.634624231349804],[-3.496740133580953,47.63513204213976],[-3.496721528443111,47.634979542876984],[-3.496897205917843,47.635105224146805],[-3.496938933532699,47.635337718494426],[-3.497064946789716,47.635384883874245],[-3.496939071825046,47.63522933223636],[-3.49717016474227,47.635261608870216],[-3.497593219669166,47.63566250953718],[-3.497956897580226,47.63579577246653],[-3.498111510101012,47.63596778424377]],[[-3.497510167487513,47.63574842312084],[-3.497279485062845,47.635390988437734],[-3.497334486452184,47.635622742814625],[-3.497510167487513,47.63574842312084]]],[[[-3.491685895010394,47.63269577312015],[-3.49161188327617,47.632852816764434],[-3.491417487017872,47.63268301350378],[-3.491516002436336,47.632614306186],[-3.49114455823642,47.6325266151311],[-3.491196699547581,47.63240630170735],[-3.491109418569917,47.63234794203779],[-3.490919248777008,47.63232240676663],[-3.491015276740316,47.63245253146443],[-3.490956574584127,47.63251902114101],[-3.490598554312179,47.632322202854084],[-3.490339842499784,47.632282420571805],[-3.490233521371508,47.63239671899553],[-3.490044597350071,47.63227176650377],[-3.489783546991502,47.63232242816569],[-3.489768242280635,47.63219683944424],[-3.489396650257361,47.63221752923666],[-3.489373540981881,47.63213753249243],[-3.489351217509286,47.632283279213816],[-3.488961042743556,47.63215146695777],[-3.488872362259233,47.6323009078204],[-3.488613807027009,47.6321527352947],[-3.488513102763425,47.632203498911345],[-3.488553698597192,47.63242702596764],[-3.48826095070319,47.632217535832986],[-3.487986471271785,47.63237731866373],[-3.487862658885668,47.63234808469929],[-3.4877457176635,47.63215590162133],[-3.487697940196959,47.63231209608925],[-3.487631741397765,47.63220740318987],[-3.487771324021689,47.63203706712566],[-3.487899350492925,47.632210570178955],[-3.487868906776273,47.63185100578181],[-3.488158216253348,47.632141971447524],[-3.488339640479499,47.63209574612019],[-3.488497490224075,47.63229468285788],[-3.488423950274495,47.63191042309762],[-3.488524654069915,47.631859659550145],[-3.488628481489292,47.63194419425955],[-3.4886882789164,47.631886676368026],[-3.489015374732402,47.632049095747576],[-3.488828640848263,47.63194208253],[-3.488848934259869,47.63167000816775],[-3.488928560374934,47.63166557511242],[-3.489064241174742,47.63190187135093],[-3.489011311254053,47.63179644034795],[-3.489194765728891,47.63187654139125],[-3.489255655567141,47.63182799383771],[-3.489134184045059,47.63170831602664],[-3.489205065503076,47.63163211772895],[-3.489227081217046,47.63170314389674],[-3.489389612821394,47.63172118910389],[-3.489599303314906,47.632016584588875],[-3.489704378895146,47.63200170253066],[-3.489729674972111,47.63209964046342],[-3.489819293174846,47.6320675559909],[-3.489784158246906,47.63188888245661],[-3.490028503440049,47.6319204343283],[-3.490081435492948,47.632025864863635],[-3.489931080601678,47.63199811103902],[-3.489937639894445,47.632051934774395],[-3.490038190220127,47.632109556356134],[-3.490288154750048,47.632077574359606],[-3.490338900898294,47.63216506353257],[-3.490352323680496,47.63205593809694],[-3.490776546152448,47.632357448317876],[-3.490783257127213,47.632302885581296],[-3.490856173132938,47.63235301395017],[-3.490866314775102,47.63221697662709],[-3.491152662356191,47.632264250159054],[-3.490994953159825,47.631956930572],[-3.491261317948116,47.63205950568128],[-3.491394823143745,47.632277857946754],[-3.491256494724789,47.63234878251493],[-3.491363757420971,47.632351840184086],[-3.491461973484059,47.63249990572673],[-3.491551591317517,47.6324678199319],[-3.491615462014144,47.632662955788575],[-3.491685895010394,47.63269577312015]]]]},"properties":{}},{"type":"Feature","geometry":{"type":"Polygon","coordinates":[[[-3.483298296025388,47.634146438022505],[-3.483342977464741,47.63385494715945],[-3.483637633739288,47.63353148849377],[-3.483676686648601,47.63330353038543],[-3.484003506428333,47.632915061212685],[-3.48394277525064,47.63285521962688],[-3.484145286996222,47.63276267089295],[-3.484116724099681,47.63263781976253],[-3.484240535106051,47.63266705769279],[-3.48432251156758,47.63257218273445],[-3.484449599450738,47.632628332461074],[-3.484643207509452,47.63257240387638],[-3.485009179342,47.63261526227233],[-3.485152978865129,47.63258919843588],[-3.485230583847132,47.63245844017561],[-3.485328944953856,47.632498124469954],[-3.485402017816766,47.63243986983856],[-3.485632930433322,47.63258055573863],[-3.48580764225383,47.63258889678821],[-3.485810149090696,47.63239006530534],[-3.48593630618102,47.6323288563542],[-3.486236853811095,47.632492760487246],[-3.486229205594886,47.63242996590104],[-3.48630102488288,47.632471126454675],[-3.486374096647862,47.632412871214406],[-3.486874649180988,47.632683052227],[-3.486538814754929,47.63244886168925],[-3.4865709798793,47.63238385139127],[-3.486727890216677,47.63246543343923],[-3.486677149701919,47.632377942711265],[-3.486750220928809,47.63231968723292],[-3.486835311690121,47.63236010886033],[-3.486765061662254,47.63200276002396],[-3.487066861068816,47.63206724627833],[-3.487303240346459,47.632252782145855],[-3.487389739565309,47.63208540117864],[-3.487449380931345,47.63213627035091],[-3.487419717848756,47.632002449341876],[-3.487595520878212,47.63201975836613],[-3.487689354512456,47.632131944530336],[-3.487665469229057,47.63182620393307],[-3.487313864513833,47.6317915858269],[-3.487385841461894,47.63172435928486],[-3.487269838163355,47.63164953276994],[-3.487309177759615,47.63197247610884],[-3.487145395176985,47.63205384379014],[-3.486985365751458,47.63183696389875],[-3.486931030085081,47.63193933417598],[-3.486832827622774,47.631791264781235],[-3.486718851254841,47.631842765468754],[-3.48652103689989,47.631754428454464],[-3.486459985095696,47.631911361021174],[-3.486718374140728,47.63216792475516],[-3.486625475916751,47.632173094888785],[-3.486473096672548,47.63201900888461],[-3.486543504161791,47.63226797148273],[-3.486214229342795,47.63208760388617],[-3.486222970086584,47.632159369141135],[-3.486043889350454,47.6321151460771],[-3.486038266118058,47.63217867920494],[-3.485842475885292,47.632216668793305],[-3.485671203951473,47.632126853361356],[-3.485555971863875,47.63227776865872],[-3.485286339639527,47.632148268555795],[-3.485101635370573,47.632167577138745],[-3.485044948519804,47.63236039159754],[-3.484914583515804,47.63227733050599],[-3.48463479536429,47.63228386571002],[-3.484651506830396,47.63220165295053],[-3.484846042651545,47.63226308110328],[-3.485024517932778,47.63197317607553],[-3.484831075318282,47.63192071888162],[-3.484703825589709,47.631972955980345],[-3.484788751291498,47.63212176552825],[-3.484638398882518,47.63209400489283],[-3.484638235619661,47.632202391310756],[-3.484554239087739,47.63217093875194],[-3.484032891683521,47.63249798044134],[-3.483802415989588,47.632799807620486],[-3.48366314919616,47.63275336612176],[-3.483508261434956,47.632798107711686],[-3.483621481430666,47.632520866724775],[-3.483412416906098,47.63255959047658],[-3.483361447002348,47.63334815998044],[-3.483209833601963,47.63341981319381],[-3.483117692248253,47.63365072388911],[-3.482853018606238,47.63389123063969],[-3.482863939259496,47.63398093743856],[-3.483298296025388,47.634146438022505]]]},"properties":{}},{"type":"Feature","geometry":{"type":"Polygon","coordinates":[[[-3.483752010081217,47.63249554285472],[-3.483633991174883,47.63229438499644],[-3.483383095335129,47.63220899565852],[-3.483641966891939,47.632140406935136],[-3.483895047232521,47.632243737076266],[-3.48422513569112,47.63188217911],[-3.484152390805197,47.631723660152105],[-3.484495745308249,47.63136136301869],[-3.484768974639508,47.631301004100074],[-3.485058589051955,47.631375204614145],[-3.485388179047601,47.63133880261806],[-3.485497785804458,47.631251420545276],[-3.485440493804759,47.63111010521603],[-3.485582104132785,47.631066099493076],[-3.48582065883213,47.631269579790114],[-3.486168981436607,47.63127729041648],[-3.486257667789103,47.63112785152717],[-3.486004748650482,47.63091613995931],[-3.486126371590694,47.630927434588095],[-3.48616775722913,47.63060903016586],[-3.486286714623963,47.63092754279315],[-3.486444712853875,47.6310180959442],[-3.486671410601919,47.631014510776644],[-3.486638472178917,47.63085377751629],[-3.486707011711963,47.63086802587768],[-3.486733712416261,47.63075816218907],[-3.486574940494014,47.63044186573639],[-3.48646221891339,47.6303939503547],[-3.486540750711419,47.63038054826142],[-3.486472371381887,47.63025791327567],[-3.486281118689235,47.630223399763175],[-3.486368550657386,47.63017337657632],[-3.485999637914557,47.62988683729987],[-3.486127973932605,47.62984356940165],[-3.486048510695313,47.62973961400052],[-3.486181216467807,47.62973222871892],[-3.48606084912349,47.62962151825149],[-3.485965770268863,47.62960874652735],[-3.485995428376034,47.629742568070945],[-3.485847267003724,47.62973275029745],[-3.48587473990472,47.62984863052144],[-3.486052399608041,47.63010065630883],[-3.486129838541077,47.6300782838219],[-3.486114222552001,47.63016946754991],[-3.486208209889455,47.63017326848354],[-3.486341529896794,47.63050001325183],[-3.486279546352026,47.63053958865604],[-3.486179003041544,47.630481963792384],[-3.486163387018354,47.63057314750798],[-3.486038487285374,47.630534940918174],[-3.486070331166042,47.630686703709266],[-3.485988521223946,47.63067319348718],[-3.486029265755931,47.63078833510441],[-3.485909667503166,47.630903368198055],[-3.48561880073425,47.630928585598056],[-3.485686086480303,47.63104225037416],[-3.485608645962722,47.63106462255579],[-3.485425361321457,47.630876129359955],[-3.485415206066899,47.631012166304565],[-3.485239407063245,47.63099485399004],[-3.485276872982923,47.631083083838156],[-3.485146510737704,47.631000022950644],[-3.485139794164674,47.63105458539997],[-3.485056891518687,47.631032103855986],[-3.485052197182271,47.63121299411824],[-3.484490774553505,47.630991350215304],[-3.484464997781643,47.63121857052872],[-3.484264840963527,47.631220674782156],[-3.484270466205903,47.631157141708286],[-3.48405578199838,47.631259399711396],[-3.483956331926727,47.63121074363741],[-3.483954910437411,47.631418545882894],[-3.483813132896376,47.63157093607739],[-3.4836749614532,47.631533465245376],[-3.483692270771964,47.631785382612954],[-3.483517396374303,47.631885424830294],[-3.482824020147117,47.6318968987998],[-3.482246472158673,47.63209158668258],[-3.482467211924662,47.632368315438335],[-3.482976055232035,47.63226776240341],[-3.483135143891913,47.63236729065416],[-3.483295491244501,47.632367402965],[-3.483331862799662,47.63244666269167],[-3.483486749688874,47.63240192132749],[-3.483752010081217,47.63249554285472]],[[-3.483530336497766,47.6321014594474],[-3.483413245665348,47.63201765843489],[-3.483614663,47.63191613989674],[-3.48373393827165,47.63201788207304],[-3.483530336497766,47.6321014594474]],[[-3.486449402453947,47.63083720560781],[-3.486322316731757,47.630781058004864],[-3.48633902512814,47.63069884494017],[-3.486449402453947,47.63083720560781]]]},"properties":{}},{"type":"Feature","geometry":{"type":"MultiPolygon","coordinates":[[[[-3.486448493907912,47.629952172133784],[-3.486192141863604,47.629821935399306],[-3.486269740276642,47.62969117626186],[-3.48613407746728,47.629454876508085],[-3.486281145571979,47.62945572325057],[-3.486219483283254,47.62927852549484],[-3.486325646968188,47.629272617124826],[-3.486326899346302,47.6291732012102],[-3.486159234255533,47.62889352516968],[-3.485601431274741,47.62848202512125],[-3.485761445019004,47.628698907284004],[-3.485349134220374,47.62860444240512],[-3.485290429238295,47.6286709293663],[-3.485077011678468,47.62867377344827],[-3.484656127438301,47.628399154023455],[-3.484692172025335,47.62869518672327],[-3.484535112420734,47.6287219883947],[-3.484297502260016,47.628635862513384],[-3.484150600688156,47.62852662665628],[-3.484303455054857,47.62835555610611],[-3.484132362377836,47.628157351601374],[-3.484185607393671,47.62804601173147],[-3.484099433363433,47.62799661738828],[-3.484042911781698,47.628081045134174],[-3.483834524482557,47.627686223112065],[-3.483632362041571,47.62756199821588],[-3.483854017526658,47.62795608235266],[-3.483843693959089,47.6282005060062],[-3.483612639673076,47.62816820289353],[-3.483440458120608,47.6279610266557],[-3.483246865527429,47.62801695338013],[-3.483011444520027,47.62794876625951],[-3.483039835826117,47.62818200460287],[-3.482940225715449,47.62824173422378],[-3.483004059874292,47.628436875213254],[-3.482871356882743,47.62844425689032],[-3.482790810131467,47.62833132849244],[-3.48277032006531,47.628711788880764],[-3.482689605915163,47.62870724703948],[-3.482659956671086,47.62857342458521],[-3.482552702066794,47.6285703589182],[-3.482543464329184,47.62882375308583],[-3.482079000108923,47.62884958645925],[-3.48194318926602,47.628721668345],[-3.481657791298933,47.6287917294722],[-3.481638892775897,47.628856000518496],[-3.481336196337441,47.62867414281159],[-3.481339301493515,47.62880944156988],[-3.481122437771629,47.628893752870994],[-3.480597935201429,47.62842619071179],[-3.480667904216633,47.62823264011066],[-3.480589545576378,47.62813765163707],[-3.480494299009109,47.62823326208381],[-3.480484475061965,47.62815252552613],[-3.480668075529172,47.62812425347635],[-3.480647164253422,47.62806219629253],[-3.480534453019374,47.62801427513204],[-3.480506649377249,47.62811516683001],[-3.480464827256832,47.62799105239826],[-3.480280307728354,47.62790196675296],[-3.480148697176663,47.62791831607078],[-3.480120892855402,47.628019207681916],[-3.480036905567999,47.627987751807105],[-3.480067238039446,47.6276880283728],[-3.479749845707053,47.62771470688155],[-3.479704507708067,47.62755106041501],[-3.479831995552827,47.627511448164974],[-3.479910351925779,47.62760643717737],[-3.479974865123271,47.62736803322071],[-3.480097570170263,47.62738830488429],[-3.48005540446359,47.62748096361637],[-3.480158290817323,47.62744814863788],[-3.480044317283648,47.62749964292831],[-3.480212118193986,47.6276709412872],[-3.480083437608592,47.62793097604087],[-3.480255030978176,47.627804026562565],[-3.480308455769964,47.62758430177602],[-3.480473154886831,47.62762030089329],[-3.480450637249272,47.62787443290657],[-3.480532784672373,47.62767117371386],[-3.480670943912222,47.62770864833715],[-3.48093003484744,47.628190969437355],[-3.480873508046999,47.6282753956411],[-3.480982945230912,47.6282964042976],[-3.480934059800299,47.62844362558684],[-3.481124961887152,47.62869492110977],[-3.481226758240049,47.62865313449015],[-3.481136389663269,47.62845946848034],[-3.481363076900895,47.628455893609775],[-3.481333431122101,47.628322070801474],[-3.48144269884272,47.628451465649775],[-3.481517953860378,47.62841115476385],[-3.481808470853607,47.62860272077884],[-3.481912450088323,47.628578874988754],[-3.481533746741639,47.62821158493708],[-3.481763539104213,47.62834330807442],[-3.481783698112005,47.628179621074246],[-3.481958394926298,47.628187967899656],[-3.482216576141246,47.62855292870205],[-3.482245636739517,47.62835262070705],[-3.482422517948226,47.628378908260345],[-3.4824603127239,47.62825036587734],[-3.482655756262499,47.62842915513835],[-3.482661717655531,47.628148848784924],[-3.482798787688643,47.6281773501738],[-3.482740414208961,47.62802706258847],[-3.482839857240753,47.62807571977753],[-3.482865472563237,47.62795688610725],[-3.482974909878098,47.62797789290094],[-3.482996323580144,47.627714789707326],[-3.483112145988541,47.62789800727434],[-3.483221749406038,47.62781062718208],[-3.483407365561755,47.62790867888762],[-3.483432979540685,47.62778984508268],[-3.48351134273023,47.62788483166572],[-3.483573325244624,47.62784525767621],[-3.483602976374077,47.627979079948865],[-3.483762218450369,47.62797022091875],[-3.483535268828164,47.627422896417585],[-3.483650165639598,47.62748875610187],[-3.483709963439745,47.62743124062663],[-3.483982350641857,47.6279128167687],[-3.484086327561513,47.62788896903503],[-3.484202318224852,47.627963798856456],[-3.484443639503105,47.62851935426127],[-3.484557610969852,47.62846785570536],[-3.484512502467326,47.62831683067564],[-3.484634119169251,47.628328126873235],[-3.484598840728197,47.6282578380735],[-3.484919185389569,47.62847483171706],[-3.484802426168385,47.62817425867109],[-3.485194422034296,47.628540799708844],[-3.485080775733295,47.628375525637125],[-3.48519895354085,47.628468295819054],[-3.485287476008993,47.628427244079624],[-3.485256404062569,47.6285012248396],[-3.48535273494939,47.62841458120537],[-3.485585814850002,47.6285732088537],[-3.485345088357596,47.62835178642911],[-3.485327610501047,47.62820825550244],[-3.485470305609898,47.62817322053263],[-3.486099597742258,47.62884265525357],[-3.486184842580657,47.62877469082168],[-3.486074309869263,47.628744716370186],[-3.485753188427277,47.628301981989765],[-3.485913523573243,47.62830209070722],[-3.486234646345749,47.628744824646844],[-3.486306620544661,47.62867759866407],[-3.486179540114362,47.62862145084325],[-3.486030770604375,47.6282775027409],[-3.486330362992736,47.628324049669615],[-3.486535812311818,47.62847518185999],[-3.486453846076278,47.62857005857211],[-3.486567815711838,47.628518558056186],[-3.486650555924444,47.62864942517647],[-3.486797920102363,47.629201174941244],[-3.486759042472591,47.629320747999756],[-3.486560144806369,47.62922344027145],[-3.486514711112786,47.629289189247],[-3.486600889464776,47.629338581775414],[-3.486418380533707,47.629375833800445],[-3.486608378421175,47.629509763008805],[-3.486536403480218,47.629576989148646],[-3.486625860147855,47.629653293647486],[-3.486461150609,47.62961730324345],[-3.486455368570752,47.629789223028745],[-3.486299399191693,47.62982499772258],[-3.486451931244578,47.62987069758303],[-3.486448493907912,47.629952172133784]],[[-3.480909531572286,47.62857142952668],[-3.480921881100004,47.628453334249556],[-3.480847717188788,47.628502615474446],[-3.480909531572286,47.62857142952668]],[[-3.484330923895544,47.628471436775456],[-3.484392906483468,47.628431862363],[-3.484295645759024,47.628401147889335],[-3.484330923895544,47.628471436775456]],[[-3.485511655078305,47.62862249303668],[-3.485516186160897,47.62854998913764],[-3.485376928964423,47.62850354958014],[-3.485511655078305,47.62862249303668]],[[-3.48647631135141,47.629083602457314],[-3.486610426528189,47.62886841415837],[-3.486480227129116,47.62867696805255],[-3.486372972097483,47.628673905893486],[-3.486206853097284,47.62884571766338],[-3.48647631135141,47.629083602457314]]],[[[-3.479700843669677,47.62753783510734],[-3.479678384511071,47.62745676886524],[-3.47980126271962,47.62736865416414],[-3.479700843669677,47.62753783510734]]]]},"properties":{}},{"type":"Feature","geometry":{"type":"Polygon","coordinates":[[[-3.473955851114982,47.62763932063774],[-3.47392513392735,47.62749652510066],[-3.474062567065187,47.62730826341747],[-3.474213990970472,47.62734500852434],[-3.474349241706237,47.627138804905],[-3.474543747219215,47.627200250374116],[-3.474455586371631,47.627024520630606],[-3.47455174839657,47.62704627252981],[-3.47456302110917,47.62691920704258],[-3.474851506981274,47.626984462240124],[-3.474451776119168,47.626663477367615],[-3.474382877118114,47.626865995192965],[-3.474245814946632,47.62683748390924],[-3.474333974794732,47.627013213827986],[-3.474232176173806,47.62705499447587],[-3.474117291916658,47.62698912551332],[-3.474150190251654,47.62714986262265],[-3.473950233234505,47.62704356252212],[-3.473780808118516,47.62718844437979],[-3.473849154357419,47.627311086987405],[-3.473707544320056,47.627355078571625],[-3.473955851114982,47.62763932063774]]]},"properties":{}},{"type":"Feature","geometry":{"type":"Polygon","coordinates":[[[-3.476767681013953,47.62769081401759],[-3.476630974466933,47.6274455322182],[-3.476778036883809,47.62744639092624],[-3.476851470281494,47.62717136813471],[-3.476732218957681,47.62706961867708],[-3.476869283053178,47.62709812703977],[-3.476848555659879,47.62692768244777],[-3.477077597178809,47.626833670727365],[-3.477242648327457,47.62665290099752],[-3.477529867334038,47.62681756553131],[-3.477601494827832,47.62696711825259],[-3.478042148264252,47.62729485022253],[-3.478041971622457,47.627403236899234],[-3.478211033257605,47.627475122228965],[-3.478381362483805,47.62744759139398],[-3.478291921298373,47.62737128049499],[-3.478563870429938,47.62741035188943],[-3.478765279602138,47.62730884147158],[-3.478873447760606,47.6274292680425],[-3.479067217364546,47.627264961869656],[-3.478856162596123,47.627177349395275],[-3.478816177400445,47.627287949186275],[-3.478787805024782,47.6270547097092],[-3.47862856485439,47.62706356196191],[-3.478625115757552,47.627145036399966],[-3.478506952304801,47.627052259504204],[-3.478203571515848,47.62730394027863],[-3.478109942808572,47.62708335952772],[-3.478198821076409,47.62682553973129],[-3.478056124798285,47.62686056584229],[-3.47771544234486,47.62625633525692],[-3.477641278525886,47.626305614501696],[-3.47773071699562,47.62638192594079],[-3.477762003156066,47.626858851458834],[-3.477607305075761,47.62679519865654],[-3.477410971349713,47.6264990433135],[-3.477134485421307,47.62653247286829],[-3.476994328619591,47.62636866577428],[-3.477051414519845,47.626618372309636],[-3.476931073132882,47.62650765225753],[-3.476823823008537,47.626504581326955],[-3.476885450903258,47.62668178429458],[-3.476699850994162,47.62658372216356],[-3.476844192014999,47.6268917993734],[-3.47664532147476,47.62679447464165],[-3.476641689884636,47.62698433573033],[-3.476469179539601,47.626993922491714],[-3.476582975839146,47.62705081837049],[-3.476462274752595,47.62715687124255],[-3.476572439527198,47.627403628168786],[-3.476391021060372,47.62744983533225],[-3.476323759635703,47.627336164992315],[-3.476307036866876,47.62741837676639],[-3.476184333190413,47.627398101121194],[-3.476070717219979,47.627232818187075],[-3.475998732078709,47.627300037912285],[-3.476101439995491,47.62737561317928],[-3.475848397823194,47.627272265894526],[-3.47581840421472,47.62735521496331],[-3.475720059655895,47.62731552255602],[-3.475781866054297,47.62738433936371],[-3.475682430744483,47.62733567614878],[-3.475582813980919,47.62739539952133],[-3.475467200376388,47.62710378775845],[-3.475130177927717,47.626968979665925],[-3.475072010030706,47.62671030145071],[-3.474896228550576,47.626692973531995],[-3.474903313574148,47.62708092913307],[-3.475051282858163,47.627199147484475],[-3.4750690981091,47.62712590666514],[-3.475254879208223,47.62711558467757],[-3.475630077879609,47.62756436962419],[-3.475703154572682,47.627506120911875],[-3.475853489411245,47.62753389311321],[-3.475930019055856,47.62739416991578],[-3.476219419640007,47.627576779157216],[-3.476292495706966,47.62751853007658],[-3.476419383173356,47.62768307534391],[-3.476767681013953,47.62769081401759]]]},"properties":{}},{"type":"Feature","geometry":{"type":"Polygon","coordinates":[[[-3.473767352682943,47.6272975681829],[-3.473219661057153,47.6268583591542],[-3.473279469389134,47.62680084900055],[-3.473132782023354,47.626583212475914],[-3.473013352252378,47.62658984590531],[-3.472975348976431,47.62682677204167],[-3.472476387766303,47.62634872803545],[-3.472370604673384,47.62613785036852],[-3.472182457660331,47.626238612874964],[-3.471930518534669,47.62614422785803],[-3.472015064770364,47.62585052936576],[-3.471854737018703,47.62585040157063],[-3.471803648563134,47.62597967758428],[-3.471889807958838,47.626029081049346],[-3.471740380022668,47.626118661284046],[-3.471549721148195,47.625758963339855],[-3.471253235469421,47.62584767767246],[-3.471114569840392,47.6254760607633],[-3.471028412054749,47.62542665671233],[-3.470887894572397,47.625479615750315],[-3.470942771167132,47.62571138372525],[-3.470759173849443,47.62573964052356],[-3.470888219809607,47.62592213360977],[-3.471089637961908,47.62582063634975],[-3.471381193404992,47.626021199378975],[-3.47154607150494,47.625948824370944],[-3.471613131316626,47.626170884278466],[-3.471907960850478,47.62639835841622],[-3.472050848730162,47.62625495308262],[-3.472253167659663,47.62627081138093],[-3.47230496886431,47.62636727946173],[-3.472363687485899,47.62630079894867],[-3.472685588525234,47.62686092809559],[-3.472813928058478,47.62681767475809],[-3.47296734328476,47.626980749795365],[-3.473127674434085,47.626980876063236],[-3.473081135823627,47.627037649086105],[-3.473228383474351,47.6269301255741],[-3.473431423646269,47.62717172599853],[-3.473767352682943,47.6272975681829]],[[-3.47098911993891,47.62576299827275],[-3.470942962217689,47.62560299696533],[-3.471010210000486,47.62571667050491],[-3.471088738795484,47.625703278767766],[-3.47098911993891,47.62576299827275]]]},"properties":{}},{"type":"Feature","geometry":{"type":"Polygon","coordinates":[[[-3.470395248043978,47.62582306575487],[-3.470525766589619,47.62579775657636],[-3.470518137814444,47.62573496074596],[-3.470631925086995,47.62579186245919],[-3.4706686565748,47.6256543528893],[-3.47077135377885,47.62572993290691],[-3.470676477107175,47.62560876195328],[-3.470723208525508,47.62544360307828],[-3.470555959383499,47.62560642204118],[-3.470362554062113,47.62555394071664],[-3.470129213641309,47.6249527644666],[-3.470013249249673,47.624877920555654],[-3.469952349841018,47.624926458251664],[-3.469848758918206,47.62473351983264],[-3.469785680162323,47.62476411575775],[-3.469736064407081,47.624685588170735],[-3.469661895404653,47.62473486238865],[-3.469541887662289,47.625066652674334],[-3.469567531143109,47.62494782173781],[-3.469477912723962,47.62497989079045],[-3.46953009549458,47.62485958657398],[-3.469389966420294,47.624695770215],[-3.469310154719258,47.62480857677541],[-3.469022776932738,47.62475227867053],[-3.468965535522608,47.62461095479084],[-3.4690573327395,47.6245968278293],[-3.469058617167247,47.62449741186276],[-3.468919189707659,47.62455933940978],[-3.468741433822795,47.62441567367952],[-3.468692322570083,47.624671276952164],[-3.46859725669003,47.624658491058575],[-3.46852129966743,47.62447304920919],[-3.468540910050231,47.6246345246367],[-3.46840950015092,47.624542473939805],[-3.468322953643963,47.6247098414987],[-3.468324239442089,47.62461042554603],[-3.46825224808295,47.62467764058765],[-3.468170648537163,47.62455573103148],[-3.467993589982842,47.62463780866034],[-3.467915259172977,47.62454281150983],[-3.467754935358923,47.62454267808708],[-3.467824748471406,47.62445752161921],[-3.467615704070966,47.62449621726029],[-3.467601740892465,47.624271209170765],[-3.467499050982342,47.62419562630966],[-3.467260200694408,47.62420888154185],[-3.467079874241268,47.62426404518956],[-3.467140576740518,47.62432389580571],[-3.46698134278646,47.62433273219215],[-3.466998278005028,47.62414213478843],[-3.466839044569585,47.62415097098171],[-3.466916682141471,47.62402022432265],[-3.466731109799606,47.62392214621798],[-3.466600594040814,47.62394745118062],[-3.466626443339177,47.62372023396386],[-3.466456320098444,47.623639360848216],[-3.466488993214866,47.62390848724453],[-3.466398285596436,47.62393158307239],[-3.466390261368088,47.62408556060417],[-3.466264301895372,47.624038361865324],[-3.466163390941245,47.62419749326169],[-3.46632766923549,47.62445028603701],[-3.466496905815744,47.62441380161135],[-3.466542559993636,47.62423967343022],[-3.466689413733774,47.62434893167008],[-3.466775765271095,47.624289952122794],[-3.466888456288915,47.62433788665065],[-3.46677209874917,47.624479813147865],[-3.467024020898544,47.62457420937191],[-3.467054026609555,47.62449126244312],[-3.467202169973785,47.62450110407988],[-3.467168204959693,47.62433139392437],[-3.467454687371408,47.62427033890812],[-3.467505388673867,47.62435783834857],[-3.467399034441884,47.6244721164516],[-3.467560447344058,47.62448122122937],[-3.467501328673834,47.62476447300998],[-3.467734932268737,47.62459797615942],[-3.467806529342838,47.6247475350569],[-3.467953584184171,47.62474840487636],[-3.468061722762951,47.62486884161705],[-3.468186793013014,47.62479868073848],[-3.468300379391757,47.6249639715475],[-3.468464168941775,47.62488262999282],[-3.46859666925803,47.624983651466614],[-3.468662123625404,47.624862611097605],[-3.468853345715829,47.62489715355156],[-3.46886354201246,47.62476111762105],[-3.468968609088494,47.6247462541594],[-3.469023476596392,47.624978023123454],[-3.469255792312537,47.62491093919953],[-3.469251239453905,47.62498344260215],[-3.469442462358363,47.625017984089475],[-3.469615669750469,47.62523415211582],[-3.469753305725382,47.62493750848903],[-3.470288576810319,47.62549482854548],[-3.470287102267401,47.62570263123385],[-3.470395248043978,47.62582306575487]]]},"properties":{}},{"type":"Feature","geometry":{"type":"Polygon","coordinates":[[[-3.438800895042462,47.62526994528731],[-3.438804404799756,47.62518847195691],[-3.438921666670103,47.62516393124167],[-3.43887318044203,47.62509436169667],[-3.438991526586063,47.625078792040775],[-3.438920009802453,47.62492921551552],[-3.439009390601989,47.62500555664898],[-3.439122569503238,47.62483674446836],[-3.439439964986637,47.62481017631773],[-3.439675825525517,47.624661677855414],[-3.439430458791921,47.62462104942135],[-3.439439135417035,47.62469281844053],[-3.439327552864657,47.62465382856895],[-3.43932729762595,47.624762215321404],[-3.439220053183791,47.62475910986047],[-3.439276642129548,47.62467470367294],[-3.439167228799203,47.62465365590567],[-3.438948146389026,47.62471994681693],[-3.439314793433841,47.62443778825987],[-3.43926413826579,47.62435027659137],[-3.439647304715931,47.624094297123015],[-3.439620189769335,47.623870018906445],[-3.439498592768845,47.62385867581775],[-3.439544334533545,47.623684558150096],[-3.439307648680692,47.62371569848439],[-3.439230454799122,47.62362965319122],[-3.439519134520166,47.62358660894497],[-3.439545928690952,47.6234767556499],[-3.43937450758234,47.623495258773865],[-3.43947224338533,47.623309237074466],[-3.439115047939551,47.623338004912945],[-3.439218206914582,47.62319683909699],[-3.439057887225156,47.6231966662835],[-3.438981778967279,47.62311959194101],[-3.438991539219028,47.623200332187174],[-3.43883230396714,47.623209130202234],[-3.438804424017158,47.62331001220928],[-3.438680659617965,47.62328072598664],[-3.438477848098634,47.623481583163404],[-3.438485438861672,47.623544381154076],[-3.438646844016611,47.62355352589314],[-3.438581323203056,47.62367454951447],[-3.438675039145751,47.62378677551064],[-3.438766842954515,47.62377267235051],[-3.438770668019491,47.6240253304915],[-3.438608176990619,47.62400721478773],[-3.438552101315393,47.62387484709804],[-3.438402109252081,47.62418115834628],[-3.438307308814092,47.624059961013316],[-3.43821550438987,47.62407406381014],[-3.438289701494337,47.62402480954809],[-3.438185711659932,47.6240486165589],[-3.438266672356387,47.623944802372584],[-3.438000192017673,47.623950492813734],[-3.437901623732014,47.62401915529121],[-3.438008092868488,47.62434742230008],[-3.438135112433859,47.62440362264148],[-3.438063909888178,47.62458817697819],[-3.438218039420245,47.624868655710934],[-3.438163359732639,47.62507939038499],[-3.438286043623914,47.62509970599269],[-3.438178798564321,47.62509659957624],[-3.438114359163304,47.62522659397603],[-3.438201570540573,47.62528499344253],[-3.438391947144062,47.62520222790153],[-3.438647332500073,47.62521521197222],[-3.438778120957513,47.62508155153639],[-3.438800895042462,47.62526994528731]],[[-3.4387729549461,47.624928309142135],[-3.438662456841128,47.62489828977234],[-3.438663797881641,47.62479887416284],[-3.438869354815265,47.62484170369794],[-3.4387729549461,47.624928309142135]],[[-3.438781709836678,47.62356413671811],[-3.438669045697186,47.6235161750561],[-3.438839382662948,47.62348870182943],[-3.438781709836678,47.62356413671811]],[[-3.438877022767778,47.62346856006791],[-3.438843976697857,47.6234161995619],[-3.438986689479455,47.62338122129723],[-3.438877022767778,47.62346856006791]]]},"properties":{}},{"type":"Feature","geometry":{"type":"Polygon","coordinates":[[[-3.430700180363051,47.621021103650094],[-3.430763549696489,47.62088214183511],[-3.43088297193147,47.620875551586764],[-3.430829622913261,47.620986867544616],[-3.430971251370334,47.620942927806084],[-3.430986958841276,47.62085175103913],[-3.431263444199282,47.62081843062797],[-3.43074513799581,47.620729630998284],[-3.431134546043221,47.62063589330783],[-3.43128592145407,47.62067269418612],[-3.431449754217125,47.6205914043665],[-3.431486583045147,47.62045390676791],[-3.431275633325765,47.620366208029715],[-3.431472502033308,47.62033728089671],[-3.431517183800812,47.62015419483679],[-3.431394513850625,47.62013387206775],[-3.431717029976524,47.61981804873771],[-3.431576759228604,47.619762573621074],[-3.431639041620669,47.61961464001786],[-3.431330880958665,47.61949618280856],[-3.431437302472047,47.61938193726813],[-3.431415640002981,47.61920251273955],[-3.431178701467446,47.618899504298945],[-3.431053868424075,47.61886123869768],[-3.431159745680792,47.618963767491984],[-3.431035995551145,47.618934473103444],[-3.431018122629181,47.619007707503684],[-3.430883542216849,47.618888700635104],[-3.430591632010003,47.61890480993334],[-3.430495775715471,47.618774634695825],[-3.430403978316672,47.61878873139094],[-3.430473297102896,47.61892037112745],[-3.430268852625011,47.61888649792521],[-3.4302122555736,47.618970899998814],[-3.430238519252404,47.61907782268182],[-3.430372289152133,47.61907947200305],[-3.430274802976847,47.61915709945234],[-3.430275338725169,47.61938284475884],[-3.430206829015209,47.61936856320595],[-3.430438349290928,47.619626717375766],[-3.430279659060628,47.61986124899699],[-3.430367662654879,47.62003701270263],[-3.430176482896315,47.62000240715895],[-3.430145065632229,47.62018476054791],[-3.430044328375623,47.62023547405904],[-3.430090358875566,47.62039549194859],[-3.430200842840046,47.62042551949721],[-3.430231986372239,47.6203515530932],[-3.430319181162815,47.62040995859116],[-3.430240649937657,47.62042332295261],[-3.430317824693343,47.620509374328456],[-3.430175113909882,47.62054434205213],[-3.430434533640493,47.62070161599733],[-3.430248492573857,47.62082025368106],[-3.430135841891741,47.62077228372051],[-3.430021834383418,47.620823729367935],[-3.430355455145572,47.620931754331295],[-3.430484897700211,47.62089751860633],[-3.430700180363051,47.621021103650094]]]},"properties":{}},{"type":"Feature","geometry":{"type":"Polygon","coordinates":[[[-3.464912366327003,47.62220258648805],[-3.464853779194196,47.622102638223346],[-3.464683663793743,47.622021762458516],[-3.464973403097444,47.62198762617037],[-3.46502192051415,47.62205718498799],[-3.464907261668513,47.62188291984077],[-3.465100851225205,47.62182702333686],[-3.465010349624477,47.621741731146315],[-3.465112145330276,47.62169995842161],[-3.464989865295421,47.621462897001805],[-3.464444959186529,47.62137571922515],[-3.464524776035677,47.62126291579043],[-3.464311386991656,47.62126572194289],[-3.464331596836634,47.62110203736276],[-3.463973751308853,47.6209051363299],[-3.463917000110915,47.6210979416474],[-3.463570453718287,47.62077397451726],[-3.463493901217018,47.620913690090795],[-3.46326071377901,47.62086340475838],[-3.463259831906188,47.620746046817736],[-3.463489959369293,47.62066103236807],[-3.463360951416546,47.62047853061552],[-3.463137769159647,47.620400596306226],[-3.463031413462024,47.620514870664316],[-3.462852598462157,47.62036222474617],[-3.462595053681371,47.620331351704856],[-3.462541771333712,47.62044268217053],[-3.462189169584366,47.62039901730785],[-3.462187872463007,47.62049843340775],[-3.462008850760525,47.620454173234215],[-3.462035178849044,47.62056108867665],[-3.46185703584643,47.620634186235506],[-3.461343910943359,47.62069876410969],[-3.460932159195398,47.62093834464768],[-3.460909551356046,47.621192473759386],[-3.460807753329668,47.62123424283199],[-3.460596752374599,47.62114659709546],[-3.460631330382373,47.62099114846001],[-3.460475157124538,47.621135275829715],[-3.460376835433293,47.62109557037799],[-3.460233717228465,47.621347348793854],[-3.460443205632978,47.62164279817335],[-3.460220897972274,47.621682216249155],[-3.460212856264787,47.621836193534016],[-3.45983567159456,47.62192032161878],[-3.459467617531693,47.6218594422162],[-3.459049309581172,47.621494284517695],[-3.458902263849596,47.62149340348602],[-3.458721497723026,47.62121442241289],[-3.458575324348399,47.62133089891602],[-3.458660160284058,47.62147972826686],[-3.458389560159083,47.62134119440492],[-3.458199011424533,47.62153237967253],[-3.457985185369677,47.621201042368206],[-3.457905137290307,47.62142222831297],[-3.457506637518629,47.62111015551171],[-3.457515337873511,47.62118192331565],[-3.457169260274248,47.62119206916608],[-3.457051796282293,47.62132501523025],[-3.456991108503916,47.62126515927907],[-3.456959562665822,47.62155590671956],[-3.45684122957474,47.62157149460899],[-3.456873633352279,47.62194901092379],[-3.456782924904047,47.62197209930727],[-3.456691348925494,47.62187782969839],[-3.456462718852772,47.62230593345213],[-3.456380929252533,47.62229240243703],[-3.456420500908149,47.62294948937199],[-3.456326749132617,47.6228372775689],[-3.456293465556056,47.622893308875476],[-3.45619514373726,47.6228535999393],[-3.456267793514918,47.62301213702155],[-3.456015676411361,47.62302610440603],[-3.455983479717684,47.62309110659932],[-3.455756170034572,47.62286888747822],[-3.455776606673759,47.623147723038954],[-3.455669364520416,47.62314463267905],[-3.455670229746151,47.62326199053191],[-3.455618461615932,47.623165514921844],[-3.455457054730568,47.623156393634616],[-3.455455102737738,47.62303006478787],[-3.455335678722206,47.6230366801542],[-3.455385913734284,47.62334095864492],[-3.455249316573829,47.62309565128101],[-3.455178397989429,47.62317182930303],[-3.455080299734801,47.62302373255826],[-3.455003304836,47.62282931077441],[-3.455096189855198,47.62282416576383],[-3.454989171822656,47.62271268788594],[-3.454916079092253,47.62277092378074],[-3.454831251542815,47.622622091809156],[-3.454712915467,47.62263767753366],[-3.454520847932441,47.6224857539888],[-3.454424702287231,47.622463985548485],[-3.454419042441639,47.62252751746503],[-3.4541904296095,47.62240471114819],[-3.454071868536315,47.62252868313241],[-3.453886324980187,47.62243058454571],[-3.453888273238749,47.62255691345756],[-3.453808657807901,47.62256132264834],[-3.453488475112381,47.62234424304135],[-3.453250489526391,47.62247482755294],[-3.453262444958745,47.622573508649204],[-3.453086911478362,47.62244776096883],[-3.452851098029567,47.62259628667972],[-3.452742770380846,47.622584222619544],[-3.45264073511262,47.62273437143676],[-3.4528001419534,47.623168073118826],[-3.45272052552122,47.62317248156653],[-3.45242167731306,47.62280068768482],[-3.452119972173045,47.622736111621634],[-3.451837597130417,47.62294140003464],[-3.451653142840153,47.62285226894155],[-3.451610701056703,47.62305330448893],[-3.451344226594263,47.623059025377565],[-3.451263292673802,47.62316284867462],[-3.451136262241633,47.62310666257508],[-3.450890662181985,47.62317444504944],[-3.450874988022548,47.623265624381624],[-3.451134250691474,47.623531238968106],[-3.450898035763525,47.62334562909806],[-3.450825560395713,47.62362960712602],[-3.450643510553023,47.62345002967969],[-3.450683086886617,47.623556213014226],[-3.45015882355056,47.623639418208825],[-3.450112496764207,47.623587795341],[-3.449987405599655,47.623657936907414],[-3.449620053798311,47.62327186598968],[-3.449496283555281,47.623242591227566],[-3.449388806771503,47.62334788195364],[-3.449316939687369,47.62385760373871],[-3.449166629015754,47.62382979733271],[-3.449062029173125,47.62362786933397],[-3.449109061099465,47.62335433209921],[-3.448961159929596,47.623236080656746],[-3.448841734648866,47.623242689382295],[-3.448801076089016,47.623127534359355],[-3.448740159392842,47.62317606103733],[-3.448597926370228,47.622994277500176],[-3.448619507497466,47.62273117995898],[-3.448408283846882,47.622751899154785],[-3.448494179760329,47.62290970683222],[-3.448321677538692,47.62291925204182],[-3.448330128888294,47.623099407326926],[-3.448210703835201,47.623106015407714],[-3.448183316164385,47.62299012593641],[-3.448067149322769,47.62302364703184],[-3.447962317520378,47.62293010483759],[-3.44785375238028,47.62302642311233],[-3.447827451478213,47.62291950461006],[-3.447772573636152,47.62323863084754],[-3.447624304981427,47.62278624604317],[-3.447310183198415,47.62283974964964],[-3.44722972013715,47.62272679641582],[-3.447147692881302,47.62282164581517],[-3.44731754525238,47.62301093395356],[-3.44712851553425,47.62299429833695],[-3.447142024337537,47.622885177367124],[-3.446891231116246,47.622799709247936],[-3.446988220428068,47.62293884182189],[-3.446842256706297,47.62294691667214],[-3.446793282026255,47.62309412406467],[-3.446636219891216,47.623120874851956],[-3.446595085231909,47.623222492767475],[-3.446469145301252,47.62317527266143],[-3.446329695095797,47.62323717328223],[-3.446300018637176,47.622660822688374],[-3.446181438672261,47.62278478664593],[-3.44616841061221,47.622677133762025],[-3.44606985518408,47.622745803177374],[-3.446070096723686,47.622637416298225],[-3.445961770524309,47.62262534594896],[-3.445776600733276,47.62286136619649],[-3.445915808745277,47.62290785309391],[-3.44591122435856,47.62298035565824],[-3.445985412842193,47.62293109647997],[-3.445853078111394,47.62327256776306],[-3.445689501370292,47.623245490829675],[-3.445724124145249,47.62309004677805],[-3.445548606723941,47.62296428780216],[-3.445415183561133,47.62329678750641],[-3.445514583749744,47.62334547658504],[-3.445426881845273,47.62350385619815],[-3.445527610654401,47.623453129504895],[-3.445570433575152,47.62358622779879],[-3.44550227186729,47.62390608678347],[-3.445654509673442,47.624060226855015],[-3.445616629242414,47.62418875759233],[-3.445322280323331,47.624295348313396],[-3.445205266606411,47.624211508675714],[-3.445055798987865,47.62430105485114],[-3.445022746342252,47.6242486961159],[-3.444964837641928,47.62443252081099],[-3.444716808426501,47.62459073487707],[-3.444505575903564,47.62461144699507],[-3.444414017079271,47.624517167888776],[-3.444429212884044,47.62464276302875],[-3.444060912000817,47.62469022192864],[-3.443420947423554,47.624590140269234],[-3.443355586223056,47.62416026153047],[-3.443246172339009,47.62413921757863],[-3.443219138115348,47.624357458468445],[-3.44312699185216,47.624037433662494],[-3.443110218993819,47.6241196408162],[-3.442996464628392,47.62406271224626],[-3.44291309469,47.6242569742982],[-3.443121660984271,47.62443509642997],[-3.443089447740614,47.62450009502088],[-3.442986792101366,47.6244244906211],[-3.442858434163369,47.62446771123616],[-3.442869874740538,47.62478316681813],[-3.442728494224222,47.62471873414221],[-3.442605312351461,47.62491519670482],[-3.442643540150195,47.625120798326236],[-3.442502497733533,47.625390496675564],[-3.442650639059769,47.62540036944729],[-3.44240284748697,47.625450191805506],[-3.442290762736313,47.625627978207696],[-3.442165905994121,47.62558972461659],[-3.442152386334384,47.62569884485891],[-3.442011839497373,47.62575176914687],[-3.442257213392863,47.625792392134485],[-3.442148632137823,47.62588870496416],[-3.442133777761328,47.62609724077559],[-3.441894662645818,47.6262188307998],[-3.441753279504239,47.62615439699105],[-3.441713218205593,47.626264984126955],[-3.441624916407851,47.62619761621206],[-3.441624665826435,47.62630600288342],[-3.441517418149127,47.626302899534345],[-3.441463000928791,47.62640524893785],[-3.441231980093433,47.626372861968],[-3.441276964496336,47.62652390384017],[-3.441164291868117,47.62647594465817],[-3.441135329716135,47.62656785594954],[-3.441031587984315,47.62648327880863],[-3.441005880243312,47.62660210337845],[-3.440629716458471,47.62669514033278],[-3.440593991692789,47.62684161147911],[-3.440209147465833,47.62686287821697],[-3.440546333795645,47.62688940043214],[-3.440565860440194,47.6270508803456],[-3.440735955319203,47.627131791025924],[-3.440557761228162,47.62720485584726],[-3.44089553063378,47.6274571213704],[-3.440712491390457,47.62771107520156],[-3.440795117916121,47.62784197483537],[-3.440107532659517,47.62823218158148],[-3.438769088884368,47.628432566157585],[-3.437832533872366,47.62842108507048],[-3.437098555677678,47.628317129102854],[-3.436457737605966,47.628099651790535],[-3.435588857482877,47.62754255539186],[-3.435633268410636,47.62746785502883],[-3.435353995459393,47.62681498141419],[-3.435480723322356,47.6265370535181],[-3.436159947127616,47.62640923558928],[-3.436107127155393,47.62630378034011],[-3.43624226092969,47.62620600742358],[-3.437481826749671,47.626182700291636],[-3.436063241608122,47.62616170761187],[-3.436076475328186,47.625718456909],[-3.436351075840554,47.62555879553456],[-3.436143611788277,47.62538963257095],[-3.436017414028633,47.62545078795506],[-3.436019320110103,47.625577116965566],[-3.435801576390685,47.625543986402285],[-3.435802397976418,47.625661344253814],[-3.435430830618311,47.625681862446676],[-3.435342011043668,47.62583126313644],[-3.43530788307117,47.62576993053341],[-3.435249118890997,47.625836392428916],[-3.434835571483899,47.62584116464963],[-3.434747279067256,47.62577379152092],[-3.434673076263321,47.62582304348827],[-3.434527367784257,47.62572271625369],[-3.434402251140856,47.62579284104993],[-3.433698373929579,47.62560592508245],[-3.433551584268394,47.62549662544265],[-3.433527745013894,47.62529925951141],[-3.433249338339333,47.62520625613465],[-3.433185689937753,47.625011087669016],[-3.433026716361203,47.624911491036464],[-3.432974708473591,47.624480874063735],[-3.43321627081893,47.62426885780478],[-3.433212204373578,47.624124586288474],[-3.433149640904551,47.6239383888831],[-3.432987152048252,47.62392026535856],[-3.433046184923028,47.62374541774655],[-3.432793789791874,47.62386772178661],[-3.43298064018316,47.6234239198319],[-3.432732302579999,47.62324797690469],[-3.432871768578307,47.62318609251981],[-3.432714153096996,47.62298707973303],[-3.432517275290421,47.62301600891967],[-3.432492633648272,47.62314380302562],[-3.432667852147864,47.6233779684229],[-3.432583631214579,47.62345486516896],[-3.432485326002286,47.6234151362865],[-3.432456350568337,47.623507045570044],[-3.431817234730012,47.62352425827621],[-3.431531257717233,47.6233684522919],[-3.431523133005181,47.62352242745783],[-3.431171347686073,47.6235960270281],[-3.431106353724406,47.62350027286231],[-3.431093895142465,47.623618363150314],[-3.430537645677019,47.623658088775414],[-3.430391950879331,47.6235577562704],[-3.430340764216369,47.62368701428322],[-3.429896087118928,47.62376573532676],[-3.429737123388495,47.623666134153154],[-3.429726827596873,47.623802166727934],[-3.42954646375289,47.62385727243304],[-3.42947631513601,47.62405079280738],[-3.42942593332984,47.624297408364505],[-3.429517465305132,47.62439169922884],[-3.429373660735946,47.62441769468296],[-3.42929593064291,47.62454841634522],[-3.429018341912042,47.624572760810324],[-3.428999381510167,47.62463702346548],[-3.428593699160595,47.624596185425915],[-3.428246788992639,47.624488887589884],[-3.428425545609941,47.62419906794856],[-3.42818018956752,47.624158415871335],[-3.428373298056963,47.62387683554687],[-3.428150957430995,47.6239161925315],[-3.428129304167562,47.62373676781118],[-3.427869597982462,47.62368787577689],[-3.427898024533454,47.62381274120453],[-3.427675683824049,47.62385209728572],[-3.427261628062567,47.6236310978954],[-3.426773088200711,47.623567730810784],[-3.426708102162751,47.62347197419628],[-3.426463833143484,47.623440289749446],[-3.426511781819806,47.62328411965884],[-3.426460066366912,47.6231876311325],[-3.426352825837931,47.623184513854575],[-3.426397246063897,47.62310981683616],[-3.426291088032742,47.62311567075689],[-3.4262104774226,47.622226052670996],[-3.42601171661347,47.62212864151738],[-3.42613387083225,47.62192322491457],[-3.425293565472348,47.621933434986744],[-3.425261332032585,47.621998428742565],[-3.425007331723424,47.62188599978213],[-3.424369150066064,47.62113549219196],[-3.424342100807115,47.62091121009186],[-3.42444500871944,47.62087844408468],[-3.42422267768535,47.620917793651905],[-3.423814068340056,47.6207416381399],[-3.423721757742582,47.62052998439195],[-3.423625341087877,47.62061657752449],[-3.423620506110554,47.620354947155974],[-3.423347839068707,47.62019838944938],[-3.423386852067872,47.62007883697339],[-3.423294256544015,47.61997556979746],[-3.423197046405512,47.61994480432542],[-3.423193513174801,47.62002627740468],[-3.423058659392873,47.62001564856097],[-3.423024837563469,47.6198459252042],[-3.42291003202316,47.61978000564622],[-3.422974213455608,47.619758406266364],[-3.422878085592769,47.61973661182813],[-3.422703136753918,47.61983656359651],[-3.42263275428351,47.61969594800446],[-3.422453478615239,47.61976001417808],[-3.422453189142171,47.61986840116362],[-3.422345163598628,47.619747921907425],[-3.422279320676031,47.61997732359682],[-3.422140431002137,47.61982242147816],[-3.421908869224665,47.6200067701415],[-3.421926173888747,47.62015031111647],[-3.421768317309196,47.62005967022372],[-3.421728219187836,47.620170250847956],[-3.421704135026699,47.620081268937525],[-3.421688411928922,47.62017244449143],[-3.421540288991223,47.62016254510678],[-3.421593074112537,47.62026800727428],[-3.421502353271641,47.62029106827459],[-3.421425193041166,47.62020501106445],[-3.421411632352367,47.62031412920418],[-3.42124778515693,47.62039540495338],[-3.421272366391817,47.6207101321362],[-3.421178692435111,47.620597892001946],[-3.421205728245451,47.62082217487057],[-3.421258513358059,47.6209276371536],[-3.421423152074436,47.62096371964556],[-3.421409591188745,47.62107283774259],[-3.421352977813574,47.62115723542767],[-3.421165336291994,47.621041142175514],[-3.42109545323243,47.62112627088884],[-3.42103696882726,47.62108433888314],[-3.421097323849011,47.621252600421386],[-3.421001486490315,47.62112241754886],[-3.421007390116996,47.62139301923594],[-3.42124556910322,47.62203915114484],[-3.421265121710416,47.621758115926],[-3.421321152298123,47.62189049205609],[-3.421496900535205,47.62190790063993],[-3.421513123194323,47.62204247023026],[-3.421115241250133,47.62239853715187],[-3.420985000084037,47.622315404317156],[-3.420891820014244,47.622428909039996],[-3.420757253552152,47.62230989071226],[-3.42078782553246,47.62245270057984],[-3.420655128854728,47.62246001159503],[-3.420633410019929,47.62272310398921],[-3.420557329039789,47.62264601762415],[-3.420463066132224,47.62275055067444],[-3.42060216018992,47.62323958626322],[-3.420572871082578,47.62343987938812],[-3.420489219592244,47.62329999384801],[-3.420371659627345,47.62343290286296],[-3.420426021176763,47.62377308153146],[-3.42035210170313,47.623713937690376],[-3.420053085387439,47.623892966273566],[-3.42011314623594,47.62416961481776],[-3.420008361173056,47.62407604759409],[-3.419885883747366,47.62438984428986],[-3.419301108668071,47.62474716722408],[-3.419202810962644,47.62470742718906],[-3.419262379086351,47.62475833134913],[-3.419167324909165,47.624745505226635],[-3.419050839626715,47.62488738412759],[-3.418962568711111,47.62481999903532],[-3.419003948835867,47.625052522340816],[-3.418899948401611,47.6250763121676],[-3.418888055931636,47.624977627690235],[-3.418787298937197,47.62502833136627],[-3.418769110189105,47.62520995034087],[-3.418623433276774,47.625109603236865],[-3.418589811366091,47.625274010402094],[-3.41851697292258,47.625223836763304],[-3.418445999099985,47.62529999238997],[-3.418421918095598,47.62521101003727],[-3.418405106823893,47.62529321358954],[-3.418385350097689,47.625240116507904],[-3.418255889254598,47.625274338745925],[-3.418244482863031,47.62540139887432],[-3.418127210969331,47.625425918827],[-3.417982800907491,47.62566867355192],[-3.418137424581824,47.62573240534056],[-3.418094071630707,47.625816070436336],[-3.418212425431315,47.625800521840745],[-3.418231287957788,47.62617877882494],[-3.418002145675231,47.626272675159896],[-3.417703888955278,47.62656905541207],[-3.417998006987242,47.62657092102498],[-3.417877674020252,47.62690265784352],[-3.417903916894603,47.62700958286329],[-3.418056382290307,47.627055372083454],[-3.417963970111404,47.62728623206884],[-3.418235278416473,47.62754221701044],[-3.418657489635192,47.62760927402102],[-3.418755982372865,47.62798314535134],[-3.418481019182994,47.62825115166505],[-3.418432744865979,47.62851570455225],[-3.418245866858596,47.62851696484734],[-3.418061336720545,47.628870298202855],[-3.418086201461874,47.62907663822886],[-3.417851641272219,47.62912567760548],[-3.417813690301051,47.629254198982494],[-3.417727575769544,47.62920475572215],[-3.417816335535532,47.62949788578217],[-3.417624830701123,47.62957164629386],[-3.417652753949403,47.62947076967133],[-3.417557691767154,47.629457942270044],[-3.417528387823672,47.629658233990035],[-3.417455544395197,47.62960805980266],[-3.417262357578784,47.629889621242455],[-3.417483350499667,47.62994970021104],[-3.417342949274378,47.630336725189096],[-3.416915012821081,47.63033319335786],[-3.416841868123596,47.63039140519004],[-3.416813942861198,47.63049228157081],[-3.416942336368898,47.630449089713956],[-3.417122435141931,47.63050239003935],[-3.416902699750751,47.63078541213032],[-3.416964434317891,47.630854259918166],[-3.416416619297136,47.63140820525177],[-3.41626846615711,47.6313982992383],[-3.416135444255701,47.63151399140507],[-3.416061518816085,47.63145484508453],[-3.415721547956204,47.63162708225118],[-3.415747788834091,47.6317340074948],[-3.415953656815725,47.631668490899905],[-3.416027279844965,47.631836023583816],[-3.416368808950642,47.63189850076762],[-3.416393668559573,47.63210484083136],[-3.416290432005773,47.63224598583413],[-3.416182093047614,47.63223388792538],[-3.416254938862606,47.632284062838856],[-3.416124378752631,47.632309311283215],[-3.416149539950907,47.6324072650913],[-3.416314512630665,47.63233496830347],[-3.416494315498065,47.63249665581077],[-3.416627037698086,47.63248934956068],[-3.416557911791104,47.63269183261434],[-3.416828638897413,47.63316459257237],[-3.416730026363096,47.63323323685426],[-3.416783895853525,47.6333476717829],[-3.416660120266223,47.63331836237894],[-3.416560426320332,47.63337803521404],[-3.416576640019513,47.633512604694445],[-3.41671368849017,47.63354118354268],[-3.416702276660551,47.63366824297861],[-3.41641784759535,47.63374711580008],[-3.416590390504257,47.63373761776462],[-3.416492555858925,47.63392361930864],[-3.416596449759891,47.63434234771748],[-3.416689057249089,47.634445619439056],[-3.417118888327439,47.63457548081924],[-3.417318460340268,47.63479026390636],[-3.417474490406994,47.63475458142245],[-3.417667577747271,47.63491553619292],[-3.417996154267481,47.63487035313885],[-3.418022401296894,47.634977277692165],[-3.418222276596983,47.63508367307192],[-3.418294344984123,47.63501648924114],[-3.418569532917663,47.63508261397424],[-3.418585752200369,47.63521718305707],[-3.418739620041126,47.6351635563473],[-3.41863854637271,47.63532264574172],[-3.418828989111757,47.635239912517875],[-3.418984722882557,47.63531261413916],[-3.418970072008706,47.63541275987869],[-3.419178898189278,47.63548253763208],[-3.419859457045749,47.637359591608444],[-3.42006524558776,47.63773658316728],[-3.42041380128961,47.63807861898546],[-3.421216910278712,47.63842270912436],[-3.423461670064053,47.638976352180464],[-3.424461469140534,47.63939989207345],[-3.426614427064928,47.64041008066974],[-3.426608451062669,47.64058199648299],[-3.426762326308843,47.64052835935602],[-3.427001781780415,47.64074092988694],[-3.426981450002675,47.640904606329556],[-3.427116637467656,47.64080684470954],[-3.427202779419285,47.640856280750896],[-3.42715048559482,47.640976565045],[-3.427476646219313,47.641021798950334],[-3.427324656325652,47.641201765135456],[-3.427525132061108,47.64109137265267],[-3.427647848711846,47.641111699265956],[-3.427658678040961,47.641201410867836],[-3.427733991647663,47.64116113490785],[-3.427700387691718,47.64132554333018],[-3.427841268382052,47.64116425088864],[-3.427805220110749,47.641419102818446],[-3.427966955888675,47.64131987643926],[-3.428325360748533,47.64130011411489],[-3.429282720723521,47.64148212308827],[-3.42927620172897,47.64187081049015],[-3.42931738374021,47.6417691996558],[-3.429364789426418,47.64182980142608],[-3.429518665500084,47.64177616070375],[-3.429566879544812,47.641954119298326],[-3.429824509549456,47.641985064824645],[-3.429885999245239,47.64216229113916],[-3.430132522734892,47.64221191038693],[-3.43037958310424,47.642487271726736],[-3.430369285319082,47.64262330303457],[-3.430133593495222,47.64266339560125],[-3.430314556444721,47.642834032098236],[-3.430272292101155,47.642926672100174],[-3.430163928291029,47.64291458722562],[-3.430029824439251,47.64302132339389],[-3.430165821139276,47.64304091519005],[-3.430177738490332,47.643139597596104],[-3.430451089501667,47.64307936610851],[-3.430506628294547,47.64298599384453],[-3.430644792026288,47.64302352733368],[-3.430896471619825,47.64278387230951],[-3.431010252983069,47.64284081211218],[-3.431134602468559,47.64265333472235],[-3.431801580354176,47.6426436323337],[-3.432534661492121,47.64273864970583],[-3.432714548555071,47.64290031137216],[-3.432869508192423,47.64285563737203],[-3.432942384195482,47.642905801602126],[-3.43283131510622,47.64309254842248],[-3.433112250102226,47.64309510843039],[-3.433244728702689,47.64319616904574],[-3.433118217571978,47.64336570643001],[-3.433184323248318,47.64347042959081],[-3.433404573743175,47.64341312123004],[-3.43364975543466,47.64356214761348],[-3.433757303983369,47.64345687247284],[-3.434095941975267,47.6433839984835],[-3.434792465802482,47.64350811275527],[-3.435363835498801,47.64370234804333],[-3.435526122347487,47.64382885375102],[-3.435517216837486,47.644307984527686],[-3.435619900144125,47.64438359471438],[-3.435650261743537,47.64463478468897],[-3.436130329576898,47.644626345429955],[-3.436255226533952,47.64466460509572],[-3.436281514966906,47.64477152500032],[-3.436353573699247,47.644704330368455],[-3.436518295978036,47.64474039113739],[-3.437145733790916,47.64462447128312],[-3.437131114443992,47.644724618813456],[-3.437245166161846,47.644673166861985],[-3.437346767984096,47.64473980446222],[-3.437313710242858,47.64468744409936],[-3.437451883167392,47.644724969505845],[-3.437612526348334,47.64461675889271],[-3.437827094875688,47.64462297260422],[-3.437856072525078,47.64453106299233],[-3.437632826931842,47.644453080917486],[-3.437634170382,47.6443536663257],[-3.437740627973712,47.64423941650888],[-3.437692125953048,47.644169847160256],[-3.438006640951917,47.64400798434721],[-3.438318469722717,47.644044949920584],[-3.438750028611989,47.643966930779634],[-3.438747602393318,47.64405737436052],[-3.43911821150651,47.644027874771076],[-3.439272913615046,47.644091577973],[-3.439289187844981,47.64422614354769],[-3.439394301476413,47.644211306839914],[-3.439390216808542,47.64406703702741],[-3.439535154438044,47.644050000541846],[-3.439577978940991,47.644183099614665],[-3.439807736482959,47.64431490418107],[-3.43985700416514,47.644059315668144],[-3.440319450902428,47.644015708327096],[-3.440310263282619,47.64416071143055],[-3.440526421241344,47.643959119877174],[-3.440518066436054,47.64422147969211],[-3.44069414703313,47.644130473524484],[-3.440596050448971,47.643982366221934],[-3.44077864129399,47.6439451860788],[-3.440855867060093,47.644031229444685],[-3.44078924091106,47.6441432819991],[-3.440927666952047,47.6440724176392],[-3.441039039423214,47.64421979125554],[-3.441113261932755,47.64417053571311],[-3.441212697078273,47.64421922792715],[-3.441250602335577,47.644090699950034],[-3.441439704951751,47.64410734489811],[-3.441419667259292,47.64416263790098],[-3.441603343485677,47.64413442749117],[-3.441624716983548,47.64397971979909],[-3.441841203942257,47.644112253848355],[-3.44183602729227,47.643959013098524],[-3.441981799306377,47.64405933026854],[-3.442194444735687,47.64393920825756],[-3.442708404864737,47.64410045765757],[-3.442982832219513,47.644049167889825],[-3.442797823195119,47.64417679513466],[-3.442933827525851,47.644196372057586],[-3.443119921885037,47.64407771560177],[-3.443179534443922,47.644128607051755],[-3.443254840465948,47.64408832114908],[-3.443090115648233,47.644052269864865],[-3.443407870490766,47.64391730551577],[-3.44365081158886,47.643605855113364],[-3.443759179855462,47.64361792747504],[-3.443712841916009,47.64356630260239],[-3.443891086322187,47.64349323358666],[-3.443990522740259,47.64354192345388],[-3.444182041255647,47.64346812025541],[-3.444099136590895,47.64344560979173],[-3.444144634590754,47.64337987780525],[-3.444318289479588,47.64337930986099],[-3.44625431915383,47.64469014760649],[-3.44644125312761,47.644688842512686],[-3.446249733355703,47.644762649367365],[-3.445708605192009,47.644377141177],[-3.445621111847644,47.64442713355602],[-3.445664436757731,47.64434345905426],[-3.44558153010771,47.64432094965268],[-3.44547617513724,47.64444417758746],[-3.445451197326703,47.64423784504686],[-3.445093266328508,47.644040888525595],[-3.444968120621323,47.64411102397429],[-3.444789033989853,47.64406673794692],[-3.444723501919624,47.64418776372953],[-3.444814985905308,47.643839527930325],[-3.444438952200929,47.64382419063266],[-3.444450896121721,47.64392287154112],[-3.444334926526626,47.643848002874435],[-3.44430596040718,47.64393991412545],[-3.444001728262845,47.64396576149819],[-3.443948383526973,47.644077082118706],[-3.443868735168092,47.644081484484786],[-3.443828071462188,47.64396632897179],[-3.443696410136244,47.64398263708032],[-3.443535287632437,47.644307627430265],[-3.443393607510716,47.64435158187332],[-3.443372238992288,47.644506289858995],[-3.44307777351752,47.64461287380337],[-3.443050385955951,47.64449698441769],[-3.442810104928699,47.644609604156734],[-3.442798163888471,47.64451092311587],[-3.442476310924308,47.64450161609327],[-3.442506365996038,47.64441867632991],[-3.442270924718513,47.644350407687405],[-3.442134670607716,47.64443921564952],[-3.441985391113654,47.64442037130868],[-3.441935297924368,47.644558604017895],[-3.441881363182315,47.64444418135864],[-3.441690923343005,47.64452695176275],[-3.441485288315333,47.64448412762949],[-3.441469340842739,47.64468369033379],[-3.441343354797576,47.644636465225005],[-3.441361222133116,47.64456323021473],[-3.441140723786498,47.644728939175984],[-3.441198164618124,47.64476188958319],[-3.441002296325359,47.64479980376407],[-3.440929410159105,47.6447496446108],[-3.440818617490936,47.644828013219275],[-3.440865205937695,47.644771253578334],[-3.440713755559896,47.644734465574366],[-3.440836737879728,47.644646392662075],[-3.440764937285659,47.64460520442398],[-3.440572324786988,47.64467003095379],[-3.440697225030937,47.64470828587052],[-3.440572071980859,47.64477841658637],[-3.440462616918986,47.64475737025151],[-3.440518139939777,47.644663993310964],[-3.44032903563844,47.64464734687624],[-3.440204967362743,47.64472644822705],[-3.440339887004464,47.64473705713665],[-3.440084407807118,47.64472407689776],[-3.440078728527391,47.64478760738703],[-3.439870669438595,47.64483522398987],[-3.439919683168948,47.64468802115586],[-3.439816993184156,47.64461241475993],[-3.439616529651649,47.64472282813027],[-3.4395192650226,47.644692076637995],[-3.439673139141195,47.64463842262256],[-3.439446380397523,47.64464191655681],[-3.439388685567297,47.64471735091982],[-3.439119102572846,47.644587745113846],[-3.43906466210615,47.64469009243114],[-3.438957377629241,47.644686986761066],[-3.439231556076731,47.64474409145056],[-3.43896254608312,47.64484022758026],[-3.439088530502292,47.64488745525108],[-3.439100464766571,47.644986136651596],[-3.439013220207204,47.64492773845175],[-3.438930059312942,47.64501360995345],[-3.438790799718678,47.644967115261544],[-3.438868023758393,47.64505315989547],[-3.438699787710427,47.64509857493614],[-3.438609288844785,47.64501326331909],[-3.438677005519858,47.64491018309892],[-3.438554275933634,47.644889868110134],[-3.438528296849673,47.64511707661125],[-3.438349212186967,47.64507278073689],[-3.438250605333853,47.64514144275853],[-3.43835680587,47.6451355780345],[-3.438351124489644,47.64519910842617],[-3.438180975635593,47.6451181950301],[-3.438099982647941,47.6452220080197],[-3.437939596789675,47.64522183367323],[-3.438079941076307,47.64527730041772],[-3.438157991490182,47.64548070213831],[-3.437948016620373,47.645401987629626],[-3.437863768535427,47.64547888730673],[-3.437838561314445,47.64538093884354],[-3.43780064692224,47.64550946562732],[-3.437563863246682,47.64554060207638],[-3.437624556840067,47.64560046736911],[-3.437521609345095,47.6456332445697],[-3.437454407807961,47.64551955293196],[-3.43717862325107,47.64567024419941],[-3.437152332577814,47.64556332454668],[-3.437240920352008,47.645522309589886],[-3.437069427623665,47.64554080911979],[-3.436816417744585,47.64587989160464],[-3.436731343331259,47.64583943383496],[-3.436777112967589,47.64566531923158],[-3.43692205577252,47.645648286001574],[-3.436913379125384,47.64557651757388],[-3.436822621879421,47.64559959017248],[-3.436875983002726,47.64548827289391],[-3.436704490257255,47.64550677188853],[-3.436696898465908,47.645443974495684],[-3.436558463248575,47.64551483379267],[-3.436479073258091,47.64541084553621],[-3.436359596804825,47.64541744142302],[-3.436212223864699,47.64552491741646],[-3.436163984431697,47.64534696189532],[-3.436164807119372,47.64546431854115],[-3.435879521890555,47.645425881620504],[-3.435697481516368,47.64568879629155],[-3.435564992082265,47.645587738588354],[-3.435519218557366,47.64576185272393],[-3.435391066580333,47.645696679091834],[-3.435420049008638,47.645604770135506],[-3.435634884092389,47.64550260229525],[-3.435441441022363,47.64545006369339],[-3.435339313350881,47.64560019561646],[-3.435337408164038,47.645473867904364],[-3.435142353535763,47.64562912888963],[-3.435025309032155,47.64554527997974],[-3.43492127580256,47.64556908381905],[-3.434857332580491,47.645482303901844],[-3.435084359151989,47.64537043329409],[-3.435181622461577,47.64540118846718],[-3.4351718639138,47.64532044883002],[-3.43497382079172,47.64534041075241],[-3.434906096417124,47.64544348880321],[-3.43460021265227,47.64523459836036],[-3.434670105739125,47.64514946262871],[-3.435013090224974,47.64511247035234],[-3.434913923373,47.64495538728122],[-3.434557399721552,47.64510149753627],[-3.434583660676052,47.64476590430258],[-3.43430488506196,47.64478128999806],[-3.434334134340275,47.64458099564357],[-3.43418160490635,47.64453522808691],[-3.434000909432657,47.64469872570252],[-3.433744347933081,47.64467676051615],[-3.433977059937877,47.64450136182435],[-3.433954028429059,47.64442135464611],[-3.43379147692881,47.6444032324326],[-3.433866790425403,47.644362952586555],[-3.433735391768602,47.64427086382715],[-3.433829400191357,47.64427470687587],[-3.433831834755741,47.6441842634075],[-3.433770880410505,47.64423278174889],[-3.433680390893325,47.64414746627605],[-3.433575275799249,47.644162297844],[-3.433593153636907,47.644089064003886],[-3.433360709619681,47.64415607632319],[-3.433342831440565,47.644229310125205],[-3.433208182235227,47.644110307485704],[-3.433072997561593,47.64420807598585],[-3.433127449028191,47.644105731434806],[-3.432993616307509,47.644104085290614],[-3.432970586444653,47.64402407790199],[-3.432754668361631,47.64411726982319],[-3.432818606528541,47.64420405095267],[-3.432664726771072,47.644257695953236],[-3.432688562727176,47.64401254645455],[-3.432612165010413,47.64404385444778],[-3.432552831715714,47.64388457194566],[-3.432429023029395,47.643855279410225],[-3.432519779208238,47.64383221020329],[-3.432419268929106,47.643774539478244],[-3.432465865389882,47.64371778315547],[-3.432139414129593,47.6437809489114],[-3.432126409271467,47.64367329563143],[-3.432064370232757,47.643712841988695],[-3.43180483383222,47.64355557353337],[-3.431869581212262,47.64331719815815],[-3.431792370969539,47.64323114882153],[-3.431489220429149,47.64326593473592],[-3.43161085994895,47.64327728604904],[-3.431440997018919,47.64353049093863],[-3.4314344953183,47.6434766642537],[-3.431331548118745,47.64350943603671],[-3.431427181391826,47.643305480763225],[-3.431166021479681,47.64335601113034],[-3.431170083858551,47.64350028128292],[-3.431088268191369,47.6434867327049],[-3.431164394096287,47.64356381137897],[-3.431074721345421,47.64359585065346],[-3.431154370033902,47.64359145700757],[-3.431076888461378,47.643613792887535],[-3.431129715626702,47.64371924946646],[-3.43103787548466,47.64373334647828],[-3.431091786256656,47.64384777418405],[-3.430920296778582,47.64386626470513],[-3.430926798007999,47.64392009140776],[-3.431086096364124,47.643911304264805],[-3.431114541214545,47.64403616760351],[-3.43093871696266,47.644018773691066],[-3.430820864771089,47.644260077438275],[-3.43075720252493,47.644064909573544],[-3.430594107057018,47.64426355419378],[-3.430363825419727,47.64434850278123],[-3.430272257717335,47.644254213553594],[-3.430184750114664,47.64430419437607],[-3.430156307297006,47.64417933082844],[-3.429998091376309,47.644197087826846],[-3.430118923327706,47.64409108392205],[-3.430018415155713,47.644033411139546],[-3.429654300945927,47.644116708633554],[-3.429629109437274,47.644018758330425],[-3.429713367083333,47.643941864532586],[-3.429810624693324,47.643972624199314],[-3.429830948962247,47.64380894752549],[-3.429516685596802,47.643862402694324],[-3.429547843755432,47.64378843736835],[-3.429644017668755,47.643810226045986],[-3.429589026729325,47.64368682653957],[-3.429208389620523,47.643743941368456],[-3.429319197087506,47.6436655837254],[-3.429224106814968,47.64365276591279],[-3.42919350011238,47.643509959819234],[-3.429072391480342,47.64372434846507],[-3.429011709615446,47.64366447867199],[-3.429224658513182,47.6434359945659],[-3.429312992596308,47.64306085736464],[-3.429191078144501,47.643157889356225],[-3.429026365702737,47.64312181822823],[-3.428887926324772,47.643192668522765],[-3.42878958750352,47.643152936935216],[-3.428812080921808,47.64300720265097],[-3.42865603430786,47.64304290012431],[-3.428683414499182,47.642716279001824],[-3.428840543303147,47.642689552627935],[-3.42868721778603,47.642526420984815],[-3.428731121394725,47.64222598120024],[-3.428602986199676,47.642160800003644],[-3.428413894487747,47.64214413426371],[-3.428439082880919,47.64224208492434],[-3.428288731310189,47.64221425191554],[-3.427873416198827,47.642426799777596],[-3.427934899923844,47.64260402707816],[-3.427848197194495,47.6427713630612],[-3.427798626416374,47.64269281840202],[-3.427747940411968,47.6430478165592],[-3.427632800042818,47.64309028813228],[-3.427562060755397,47.64350057678878],[-3.427564819038731,47.64285923380008],[-3.42751035817576,47.64296157582493],[-3.427449678930734,47.64290170519687],[-3.427271657460335,47.64330887738091],[-3.427223449845797,47.643130917964605],[-3.427299849416908,47.64309961347999],[-3.427223729756266,47.64302253226956],[-3.427142718633916,47.64312633777625],[-3.427140832939255,47.643000009768556],[-3.427030303958756,47.642969979675314],[-3.427197460333368,47.642915610230524],[-3.427134615731255,47.64283779712432],[-3.427232429625398,47.64265178752934],[-3.427068802934023,47.642624684789546],[-3.427113238339718,47.642549988249414],[-3.426980772955613,47.642448920648334],[-3.426678706519021,47.64249266525597],[-3.426610449255733,47.64236999603331],[-3.426580089418431,47.6425613175202],[-3.42642079435048,47.64257009852606],[-3.426398056588282,47.6423817040492],[-3.426374192462618,47.6426268524718],[-3.426205953433195,47.64267224958045],[-3.426202423291494,47.642753721794485],[-3.426074289917997,47.642688537842645],[-3.426081868816798,47.64275133601512],[-3.425919325077783,47.64273320283437],[-3.425816941457445,47.642549198340085],[-3.425735928317135,47.642653002896914],[-3.425666307318652,47.64262974768108],[-3.425703399904736,47.64282638178757],[-3.425475848808082,47.64271249173336],[-3.42533740577819,47.642783337836086],[-3.425464790688151,47.6422886516478],[-3.425365089830297,47.64234833171892],[-3.425244820234482,47.642237559340614],[-3.425374601408645,47.64209494391369],[-3.425431746124159,47.64223628785714],[-3.425510310653355,47.642222926879775],[-3.425437726102465,47.64206437225183],[-3.425562093355448,47.64187690071741],[-3.425451619024584,47.64140435484464],[-3.425035041845,47.64083127859996],[-3.424892557888995,47.640757853684576],[-3.425046949214875,47.640929961642435],[-3.424944003005897,47.64096272784077],[-3.424629809755749,47.64057365548547],[-3.424143568731414,47.64041983450419],[-3.423734589016538,47.639909551720265],[-3.422887580043134,47.639423402450895],[-3.422827703273833,47.63948088641525],[-3.420802092383117,47.63886097534749],[-3.419806953629239,47.63836490306442],[-3.419244452277207,47.63779984608995],[-3.418824832155599,47.636757317532016],[-3.418530766772534,47.63631293857813],[-3.417853467057699,47.63568195087022],[-3.417870282451367,47.63559974783811],[-3.417793888085842,47.635631046278576],[-3.417701575610085,47.635419389397185],[-3.417607284549413,47.635523919454016],[-3.417523921460135,47.63527564655529],[-3.417376838465059,47.63527471324871],[-3.417215701706914,47.63515715305943],[-3.417181888863008,47.634987429335084],[-3.416986039389878,47.63502530344781],[-3.417028320537524,47.63493266787346],[-3.416790791749074,47.634846404979875],[-3.416693859525097,47.63470724819411],[-3.416389968522884,47.63462463765333],[-3.416172630752911,47.63404056855421],[-3.416186205640004,47.63393145179455],[-3.416255811161052,47.633954712763995],[-3.416194678439907,47.6336690923314],[-3.41631161970628,47.63297631451941],[-3.416167913974539,47.63255977730936],[-3.416061736027049,47.63256562190397],[-3.416072068336304,47.63242959115023],[-3.415893044887433,47.632385260568334],[-3.415848733283597,47.63201743682078],[-3.415738233400338,47.63198739587481],[-3.415725567696434,47.63177135381508],[-3.415514599148737,47.63168362712182],[-3.415548234569158,47.63151922138513],[-3.415456715049928,47.631424919921386],[-3.416280308065074,47.63072033665154],[-3.416216412940221,47.63063354586754],[-3.416327212261527,47.630555200014165],[-3.416226744481275,47.630497514964354],[-3.416432908861716,47.63032361110232],[-3.416439695573505,47.63026905260355],[-3.416310221285729,47.63030327259635],[-3.416330279785444,47.630247983505214],[-3.41649524554665,47.63017568638154],[-3.416204350061669,47.63020073093959],[-3.416117154723143,47.630142315198825],[-3.416164058916429,47.62997717857768],[-3.416005880440502,47.629994916759784],[-3.415964206840798,47.62987077939578],[-3.415819300196303,47.62988778676721],[-3.415790898666048,47.629762918791975],[-3.415895990342494,47.62974810311303],[-3.415962045362883,47.62985283675399],[-3.415964509544485,47.62976239298434],[-3.416160340431951,47.62972452048119],[-3.416085034229838,47.629764789218754],[-3.416161118897778,47.629841878214435],[-3.41617901583111,47.629768646497176],[-3.416311731291096,47.62976134059502],[-3.416361273156179,47.6298398906529],[-3.416360494250314,47.62972253292086],[-3.41658394859307,47.629692169814874],[-3.416625145369148,47.62959056281477],[-3.416650306204817,47.62968851665248],[-3.416498312081626,47.62986846980801],[-3.416608808006101,47.62989851006787],[-3.416818813404425,47.629534746571835],[-3.417015723759021,47.62950584394484],[-3.416980533594026,47.629435534791476],[-3.417140091330188,47.629318380157216],[-3.417104901124965,47.62924807103453],[-3.417027434495175,47.62927039776345],[-3.417091930129943,47.629140415272715],[-3.416972487703153,47.62914699139133],[-3.417010440623512,47.62901847028053],[-3.417120154512122,47.62893115229424],[-3.417258272449211,47.62896870188554],[-3.417236353635819,47.6288976620834],[-3.417427556862015,47.62893228865064],[-3.417604707378636,47.62885028787357],[-3.417683553371633,47.628728545593056],[-3.41757414025038,47.62870747764307],[-3.417762997094239,47.62839003027219],[-3.417973472503969,47.62825200874921],[-3.417899549545338,47.62819286349231],[-3.418023910953437,47.628005398636795],[-3.417978991100906,47.62785434793107],[-3.417809710482816,47.62789076198537],[-3.417920501772366,47.62781241450992],[-3.417839794527248,47.62780782785739],[-3.4178731215283,47.627751807657305],[-3.417680841257301,47.6277082104834],[-3.417764009371947,47.627622353338616],[-3.417382693046197,47.62756207226368],[-3.417522487635423,47.627391819798184],[-3.417455351661158,47.62727811558778],[-3.4171400923437,47.62732256660592],[-3.417040710636747,47.627273853482045],[-3.417053201160955,47.62715576491708],[-3.416854137826746,47.62716672499212],[-3.416915388816355,47.627009828480524],[-3.417166454052325,47.626986974205124],[-3.417389115360038,47.626839251614975],[-3.417148379376647,47.62672607512154],[-3.417144656459696,47.626473416633],[-3.416975379651688,47.626509829504066],[-3.417032005624724,47.626425434173306],[-3.416898217730413,47.626423769578246],[-3.416999279735893,47.62626468095872],[-3.416870896338793,47.62630787297136],[-3.416874740470055,47.626118013729254],[-3.417055125031478,47.626062927657],[-3.417298800519406,47.62631140497159],[-3.41744291575024,47.62617703779422],[-3.41730294309382,47.62601315909145],[-3.417454324215474,47.62604997779485],[-3.417242894734994,47.625736509364714],[-3.416928725163672,47.62578993117557],[-3.416932268337441,47.625708458527356],[-3.416736753843022,47.625637945759216],[-3.416862974129877,47.62557681121448],[-3.416650646142727,47.62558850161283],[-3.416652630757741,47.62527231297336],[-3.41670138936851,47.62523350506715],[-3.416792900471716,47.6253278058567],[-3.416772365591582,47.62515735049799],[-3.416881470304663,47.6252868059073],[-3.416864177540427,47.62514326456393],[-3.41699039651169,47.62508212986593],[-3.416815720079228,47.62507368586444],[-3.41683853946948,47.62481956583451],[-3.417016156976236,47.62496331049426],[-3.416947944331677,47.62484063451572],[-3.417102564372056,47.62490436770146],[-3.417097760974832,47.62464273764011],[-3.417291410565541,47.62458692047136],[-3.417315189472134,47.62478428978461],[-3.417352357454917,47.62453841023486],[-3.417401896004064,47.624616960062724],[-3.417525951326748,47.62453788210512],[-3.417399552662172,47.62426488591899],[-3.417579930420175,47.62420979898371],[-3.417544144075332,47.62435626326135],[-3.41762700789119,47.6243787927881],[-3.41762976829018,47.624179962000966],[-3.417983738046206,47.62412434589751],[-3.417998871555109,47.62424994449446],[-3.41783392614234,47.624322243962304],[-3.418072789163734,47.62430908980855],[-3.41814838440796,47.62416043294659],[-3.418046845722333,47.62409377794487],[-3.418296815745497,47.62406194987712],[-3.418097764203371,47.62407291208903],[-3.418076927258566,47.62401084359373],[-3.418279221602083,47.62402679539649],[-3.418332599827979,47.62391548534673],[-3.418558190849622,47.62390306102635],[-3.418371924556562,47.62368754801776],[-3.418545515651427,47.62368701837247],[-3.41856340725038,47.6236137860578],[-3.418344601365882,47.62357165159249],[-3.418302927342047,47.623447514652284],[-3.418186740750726,47.6234810060181],[-3.418015909236595,47.62328270424227],[-3.417838777827302,47.62336470587801],[-3.417836914847847,47.62323837643041],[-3.417706676738121,47.623155239975915],[-3.417764976920214,47.622863041884436],[-3.417924996849461,47.622971630726894],[-3.418012779466399,47.622813271730934],[-3.417776383910693,47.62273598163707],[-3.417922351442349,47.622727943110974],[-3.417941324500215,47.62266368219155],[-3.418046103167899,47.62275725133753],[-3.418141451779034,47.62266169157234],[-3.417952432402355,47.62264500873367],[-3.417930515261637,47.62257396883058],[-3.418052104748603,47.62258533438056],[-3.418097915369717,47.62241122500449],[-3.417950867808157,47.62241029241442],[-3.417961193338151,47.6222742607819],[-3.418110700720964,47.62218474919138],[-3.417988329761354,47.622056025515796],[-3.41818737380579,47.62204506347905],[-3.418146185825916,47.622146671424716],[-3.418240452203833,47.62204214021193],[-3.418255585726447,47.62216773891001],[-3.418383958046771,47.62212454528346],[-3.418282422939286,47.622057890416826],[-3.418373148173512,47.62203483193862],[-3.418450008515271,47.62222927792845],[-3.418502303578884,47.62210899636463],[-3.418735157226045,47.62226775786466],[-3.419158408481348,47.62234378457646],[-3.418983252635897,47.622109598791404],[-3.418988954607637,47.622046068584815],[-3.41911378644888,47.6220843470192],[-3.418992494388744,47.621964595717316],[-3.419174728825217,47.62203583576939],[-3.419143568990644,47.62210979916021],[-3.419201267993344,47.6220343739145],[-3.41880701727197,47.621866441384014],[-3.418754236074044,47.621760978043895],[-3.418611514372106,47.62179593161479],[-3.418557950012438,47.62157310997294],[-3.418817934243827,47.62151363588608],[-3.418771045695841,47.62167877429214],[-3.418894307807023,47.621482336548176],[-3.419148589513207,47.6214863919448],[-3.419171588938329,47.621566402988506],[-3.419202748416915,47.6214924395696],[-3.419403850859781,47.621941936929595],[-3.419260446668765,47.62141701427075],[-3.419624422270591,47.621333748190644],[-3.419853147919929,47.62179075418041],[-3.419826117301522,47.6215664711102],[-3.420018377203466,47.62161006489041],[-3.420156677077841,47.621981743121076],[-3.420115588542349,47.62164083298192],[-3.42026263402223,47.62164176284693],[-3.420120796283175,47.6213515576077],[-3.420140648734773,47.62096213556509],[-3.420032626196951,47.62084165423754],[-3.420132881229854,47.62056520419005],[-3.420025646338483,47.620562081098434],[-3.420071154474642,47.62049635771218],[-3.419991539331065,47.620500743855246],[-3.419787685230457,47.62025007843446],[-3.419787193820003,47.62002433318223],[-3.419902290683435,47.619981868834884],[-3.419759869431772,47.619908436870055],[-3.419862778223315,47.619875674883595],[-3.419859042938044,47.6196230155923],[-3.41997738249532,47.61960746515884],[-3.419933839963463,47.619356998882836],[-3.42019892400754,47.619450765320536],[-3.420296719217883,47.61926475928651],[-3.420311856790727,47.61939035789709],[-3.420345175943246,47.61933433674935],[-3.420449952289788,47.61942790389864],[-3.420328957050959,47.619199766809814],[-3.42035578850578,47.61908991767296],[-3.420453783197714,47.61923804386786],[-3.420336913431745,47.61871165965468],[-3.420474219406058,47.61863184726594],[-3.420429794618924,47.618706542203135],[-3.420573294875107,47.618788944725594],[-3.420649168469995,47.618531898774776],[-3.420564149889159,47.6184914286631],[-3.420678161529701,47.61843999218676],[-3.420614273952603,47.6183532032603],[-3.420717472211088,47.61821205342764],[-3.420857727600345,47.61826754163051],[-3.420870118188473,47.61859197168679],[-3.420928892293856,47.6185255167793],[-3.421104629325986,47.618542925983434],[-3.421227789188999,47.618789004992074],[-3.421190729787615,47.61859236702512],[-3.421269260584439,47.618579008736475],[-3.421126344138171,47.61827983293739],[-3.421420416624277,47.61828168994039],[-3.421491959706204,47.61798875807488],[-3.421393672813324,47.617949019745815],[-3.421468958344904,47.61790874734133],[-3.421704755906327,47.618202804311174],[-3.421628388682217,47.61823410553952],[-3.421725594801933,47.61826487234423],[-3.421742689654847,47.618074280940036],[-3.421857780758954,47.618031814623095],[-3.421878619765721,47.61809388263427],[-3.421918716016105,47.61798330184071],[-3.422018084879654,47.61803201104664],[-3.422126607496096,47.618378236170244],[-3.422029901814717,47.618573215137864],[-3.422256049135746,47.61834400952084],[-3.422241988844177,47.61822738241142],[-3.422364650929125,47.6182477148135],[-3.422451331019319,47.618080380782025],[-3.422597285118266,47.61807233639414],[-3.422563679876578,47.61823674529708],[-3.42270530784043,47.618192815520594],[-3.422677400037455,47.618293693935634],[-3.422783548876753,47.61828784328497],[-3.422810878999342,47.61840373898591],[-3.423031613798944,47.618129675289424],[-3.423149949121996,47.61811412162938],[-3.423038392217367,47.618075116065384],[-3.423111513284625,47.618016899984646],[-3.423252852374552,47.618081356625645],[-3.423287755545699,47.61826005137654],[-3.423169419939344,47.618275605175064],[-3.423182400549678,47.61838326086295],[-3.423070554846919,47.61845264240107],[-3.423171295363504,47.61840193485901],[-3.423407104479333,47.618695988317334],[-3.423463999412111,47.618503202472155],[-3.423358137848306,47.618400666677346],[-3.423448854675322,47.61837760421313],[-3.423515992221704,47.61849130549832],[-3.423674134119062,47.618473557041696],[-3.42367983012052,47.618410026487716],[-3.423575844709486,47.61843382055903],[-3.423499765593294,47.61835673594109],[-3.423640311309977,47.61830383372901],[-3.423788429480173,47.61831373045965],[-3.423801411347974,47.618421386076626],[-3.423950611723933,47.61844025390202],[-3.423905110116188,47.61850597886912],[-3.424010177381827,47.61849115580439],[-3.424047247097381,47.61868779288672],[-3.424142291661433,47.6187006150777],[-3.424166155340766,47.618455464083546],[-3.424271222434517,47.618440640783554],[-3.423742419663386,47.618153709916044],[-3.423823399504065,47.618049905429],[-3.424025672977648,47.61806584732768],[-3.424049250686388,47.61792908337482],[-3.424070092200756,47.6179911509982],[-3.424089056175625,47.61792688892414],[-3.424252605660319,47.61795399618241],[-3.424323847099718,47.61776944963966],[-3.424228804149732,47.61775662759031],[-3.42425511657725,47.61742103194215],[-3.424385636433327,47.61739577421724],[-3.42445904048899,47.61722917014167],[-3.424562737983537,47.6173137624019],[-3.424563023160162,47.61720537526928],[-3.424727937472776,47.61713306603475],[-3.424551121975977,47.617106690970154],[-3.424742572530104,47.61703291863096],[-3.424746103198869,47.61695144537988],[-3.42465675627888,47.61687509301725],[-3.424502947088449,47.61692872802528],[-3.424443382703896,47.61687782633351],[-3.424572819220641,47.61684359708998],[-3.424449077619763,47.61681429569009],[-3.424693600037408,47.6167375972994],[-3.424642976141354,47.61665007894555],[-3.424846611118332,47.616566603566866],[-3.424926219996386,47.616562214105286],[-3.424945695620229,47.616723697483124],[-3.425131450176208,47.61671345516494],[-3.425158270500538,47.616603604785055],[-3.425269825879199,47.61664260835344],[-3.425300175673421,47.61645128464911],[-3.425385993145426,47.61660910982422],[-3.425260602096235,47.61678761231944],[-3.425448520950076,47.616795312087454],[-3.425499146304296,47.61688283008559],[-3.42540382118302,47.61697839614022],[-3.425580636676165,47.617004769915546],[-3.42534124099411,47.61723471375652],[-3.425602561709696,47.61707580858562],[-3.425729268107102,47.61724040976662],[-3.425847600673201,47.617224853366025],[-3.425746065566201,47.61715820482076],[-3.425882277312068,47.617069414721136],[-3.425901756012614,47.61723089789759],[-3.425646928110659,47.61744363145731],[-3.426018724113852,47.61731475717213],[-3.425962921841661,47.617516515664434],[-3.426155172169666,47.61756009943288],[-3.426186838079581,47.61771187951739],[-3.426347941938218,47.61782942838779],[-3.426350344007969,47.61818150351269],[-3.426575346742285,47.61838583783185],[-3.426622489258861,47.618112308927294],[-3.426684502579973,47.618072764936926],[-3.426786040597771,47.61813941263506],[-3.426587335951151,47.61759948255321],[-3.426720300534197,47.61748377765756],[-3.426743309582115,47.61756378737406],[-3.426941252745523,47.61754383911558],[-3.42706010776814,47.617754026998824],[-3.427073936343182,47.61753652094002],[-3.427174391452579,47.61759419704425],[-3.42722205302097,47.61754641331971],[-3.427257248836495,47.61761671981678],[-3.427373416975212,47.61758321932732],[-3.427347647425623,47.61814456111296],[-3.427437524058061,47.61844665679486],[-3.427502505287346,47.61854241325047],[-3.42755369388951,47.61841315614032],[-3.427720494073056,47.61846717233381],[-3.427796300821402,47.618652641263814],[-3.427404457089983,47.618836812441444],[-3.427752690047364,47.61884469730353],[-3.427325647873011,47.61895856190175],[-3.427345411166118,47.61901165764208],[-3.427621889267178,47.61897834582031],[-3.427258744903579,47.619178995225845],[-3.426947069031563,47.61914199966205],[-3.426961941898097,47.61937598444199],[-3.426876636697648,47.619443905963465],[-3.427146622889642,47.619356767664904],[-3.427331024180341,47.61944593761647],[-3.427293662200414,47.61935768867875],[-3.427654084852484,47.61935587071832],[-3.427706356364606,47.61923558485682],[-3.42781250652529,47.619229729638086],[-3.428041293250638,47.61968672008323],[-3.427858776504411,47.61972388078699],[-3.427758841761011,47.619891950593384],[-3.427856054431933,47.61992271226919],[-3.427758563058204,47.62000033758449],[-3.427159014686042,47.620123716103414],[-3.427385670090774,47.62012024597117],[-3.427342336190691,47.62020391474026],[-3.426792613694702,47.620297450157715],[-3.426773652132064,47.62036171259267],[-3.427250255765226,47.62032639591813],[-3.427170361565982,47.620439173920786],[-3.42686272739027,47.62054645015787],[-3.426849177728693,47.62065556890959],[-3.427224520315747,47.62044521782897],[-3.427449012124379,47.6204238050541],[-3.42743546369226,47.62053292388069],[-3.427344465378136,47.620664376369305],[-3.427041440084259,47.62069915114894],[-3.427120774942335,47.620803147145445],[-3.42702680833433,47.62079929865259],[-3.427043604915231,47.62071709367006],[-3.426915242986321,47.620760296845624],[-3.42692281976132,47.620823095674844],[-3.427009209517637,47.62076414542832],[-3.427039797336851,47.6209069537723],[-3.427129434398477,47.62087491721895],[-3.427068220466247,47.62103181958023],[-3.426935528180748,47.62103913773618],[-3.42684132049542,47.62070115702016],[-3.42674843645292,47.62070627956556],[-3.426784716101464,47.62078555735408],[-3.42671187608047,47.62073538871026],[-3.42661381949559,47.62102978690636],[-3.426677720028952,47.62111657243142],[-3.426709951211911,47.621051578255276],[-3.426767357659815,47.621084536159415],[-3.426837191690342,47.62144192298291],[-3.42712695201413,47.621407880576875],[-3.427198431037652,47.621557464591994],[-3.427300255967192,47.6215157248245],[-3.427360910736724,47.621575596191725],[-3.427368208647241,47.621746781858796],[-3.427515254544641,47.621747702592536],[-3.427533133189152,47.621674468831365],[-3.427900314255802,47.62206060951899],[-3.427900592681568,47.621952222642165],[-3.428005665620212,47.6219373960091],[-3.428085004196763,47.62204139128451],[-3.427916831496114,47.62208679133953],[-3.428008635222735,47.622072696623206],[-3.428044917671286,47.62215197396465],[-3.428220668961126,47.622169372428345],[-3.428224194661531,47.622087899286775],[-3.428450581027012,47.622192813961625],[-3.428428122135257,47.62189603101501],[-3.428543216160047,47.62185355819303],[-3.428566783968473,47.62171679359405],[-3.42864856563204,47.621730344090125],[-3.428523199418148,47.62146633079297],[-3.428632878954651,47.62137900165493],[-3.428732260264374,47.621427705063006],[-3.428798883370087,47.62131565806952],[-3.428847076536895,47.621493618841754],[-3.428918030461135,47.6214174567466],[-3.429004142794437,47.621466891954746],[-3.429030957538092,47.62135704095322],[-3.429183140514347,47.62151120269242],[-3.429137366818958,47.62168531649518],[-3.429247852916763,47.62171534492547],[-3.429235686403311,47.62128252936228],[-3.429313136335515,47.62126019444553],[-3.429375958712152,47.62133800724738],[-3.429378399775403,47.62124756279978],[-3.429451243000995,47.621297729767335],[-3.429585293440279,47.621190993065234],[-3.429689006752851,47.62127558060164],[-3.429703633639255,47.621175432788995],[-3.429733938283209,47.621869146149386],[-3.429852020419546,47.62151945380013],[-3.430107386079468,47.62153245656787],[-3.430139613338052,47.621467461459176],[-3.429991759417947,47.621349185884334],[-3.429950594442471,47.621450798028036],[-3.429853377782111,47.6214200381198],[-3.429886962577918,47.62125562738832],[-3.429977407230544,47.62134094680834],[-3.43004402761465,47.6212288990996],[-3.430557195435116,47.621164458764774],[-3.43111964567294,47.62128694724771],[-3.430852905412666,47.6214010083109],[-3.430605394326726,47.62134241882522],[-3.430547712184641,47.621417849730825],[-3.430473784759328,47.621358712224506],[-3.430432620693975,47.62146032453762],[-3.430604038366549,47.621441834518244],[-3.430585080985431,47.621506097534194],[-3.430737541538326,47.62155187033065],[-3.430628948126604,47.62164817266041],[-3.430769495443287,47.62159526195824],[-3.431054649643841,47.62163371182904],[-3.431103122539829,47.62170328474308],[-3.430958242890376,47.62172031096582],[-3.431110704374978,47.62176608327013],[-3.431280228059633,47.62162126292216],[-3.431246107444953,47.62155992899967],[-3.431379883595286,47.6215615771647],[-3.431321119157398,47.62162803722768],[-3.431478996592602,47.621718665134985],[-3.43151907567933,47.62160808125168],[-3.431616022761599,47.62174722667346],[-3.431832665155087,47.6217713938929],[-3.431880326283244,47.62172360836969],[-3.431769838687675,47.621693582429856],[-3.4318551412572,47.62162565741279],[-3.432165751734147,47.62165366862236],[-3.432157894720466,47.62125673819254],[-3.432435464777219,47.621232386224484],[-3.432421657088963,47.62144989250547],[-3.432503439322017,47.62146344030412],[-3.432500458361792,47.62132813976219],[-3.432674856287308,47.621444947245436],[-3.432614464558702,47.62127669170856],[-3.432695969255771,47.62095610735548],[-3.432911525520476,47.620971301376635],[-3.432837059299971,47.62112893923955],[-3.432909637362194,47.62128749098454],[-3.432807548794352,47.62143762257031],[-3.432722516370177,47.62139716137052],[-3.432721164351153,47.6214965770853],[-3.432843569550197,47.62162528535933],[-3.432913434528659,47.62154014963924],[-3.433064813729755,47.62157694819476],[-3.432993865509617,47.62165311280282],[-3.43315201362092,47.62163535154101],[-3.433207538254886,47.62198449576832],[-3.433292839459971,47.62191656971135],[-3.433221075257319,47.62187537635371],[-3.433325063072207,47.62185157373654],[-3.433550374925033,47.62194750734224],[-3.433345902880963,47.6214711207535],[-3.433448806345742,47.62143834682249],[-3.433411981892416,47.62157584497033],[-3.433502432721055,47.62166116164644],[-3.433893743634537,47.62169374410475],[-3.433814394259403,47.62158975275695],[-3.434029953400883,47.621604944708935],[-3.433924331586882,47.62139403173375],[-3.434028584131383,47.62126184155501],[-3.433969005830324,47.62121094483516],[-3.434077326446958,47.62122302631618],[-3.434039952071618,47.621134779617456],[-3.434122817846823,47.62115729747795],[-3.434147741074306,47.62136363489955],[-3.434228439976621,47.62136821029926],[-3.434224657903898,47.6215580705715],[-3.434356001500964,47.62165015986188],[-3.434337291679175,47.621163517673295],[-3.43441717182198,47.62105073481025],[-3.434625432474048,47.621337259338176],[-3.434545287410377,47.62155842924731],[-3.434653344149149,47.6216788971055],[-3.434480843432545,47.62168842187874],[-3.434623289679123,47.62176183582344],[-3.434552343436757,47.62183800137097],[-3.434379023788216,47.6217301679027],[-3.434387162642714,47.62201871119819],[-3.434231181107605,47.622054416504504],[-3.434817465471692,47.62193173450688],[-3.434743268072788,47.621980986616094],[-3.434805015464974,47.62204982528575],[-3.434862692274434,47.62197439230211],[-3.435041696558173,47.62201869404925],[-3.434939612587951,47.62216882744224],[-3.434994593729818,47.62229222580272],[-3.435054702019964,47.62212634820963],[-3.435198234040489,47.62220873261595],[-3.435183324285598,47.621974749226254],[-3.435312766272834,47.62194050816885],[-3.435349586082069,47.62180300944747],[-3.435529936995037,47.62174789472295],[-3.435685654147727,47.62182057458474],[-3.435658294326188,47.62170468210139],[-3.435987858238769,47.62166841931313],[-3.435942630796176,47.62162576194692],[-3.436141931235838,47.621506382389065],[-3.436016004600615,47.62145915097035],[-3.436197437631967,47.62141300637948],[-3.436214220284657,47.621330800104495],[-3.436427349941844,47.621436432219326],[-3.436540268560251,47.621376009166056],[-3.43643684493046,47.62162555966949],[-3.436234292761913,47.62171802621153],[-3.436292789797071,47.621759950592654],[-3.436458786307553,47.62169659613245],[-3.436403280073691,47.62178997225266],[-3.436653489012144,47.62164971794817],[-3.436571705440667,47.62163617305686],[-3.436655917760242,47.62155927336332],[-3.436730936373318,47.62162737811669],[-3.437032052281778,47.62146624896093],[-3.437047794261805,47.62181759025029],[-3.43691726958738,47.62184286206906],[-3.436872084504538,47.62224272381669],[-3.436674127630751,47.62226268885912],[-3.436796804482203,47.622283006060485],[-3.436585056428723,47.62252047762826],[-3.436442344374635,47.62255545297386],[-3.436516280068749,47.6226145866657],[-3.436415544279791,47.62266530560889],[-3.436522784352483,47.62266841364824],[-3.436154789039116,47.62304997937245],[-3.435964416642557,47.623132741358624],[-3.435999627654547,47.623203045019046],[-3.436113634483094,47.62315159359933],[-3.436246069272878,47.623252651853505],[-3.436356823875911,47.62317428670635],[-3.436416406644668,47.62322518215677],[-3.436006691514733,47.62348261681863],[-3.435837996376073,47.62374480185518],[-3.43601618537698,47.623671744104186],[-3.436102307919481,47.62372117402136],[-3.435950658454482,47.62379276624237],[-3.436055732779447,47.62377793238123],[-3.436069824711744,47.623894557493564],[-3.436278889606075,47.623855918303406],[-3.4363736850765,47.62397711729544],[-3.436805084575329,47.623899104528086],[-3.437017921270183,47.62367060388403],[-3.437079673549884,47.62373944129131],[-3.437084269996303,47.62366693910236],[-3.437243506901823,47.62365814347256],[-3.43715144323584,47.623780632238535],[-3.437315276604897,47.62369933432084],[-3.437344290943604,47.624049942180186],[-3.437161506123362,47.624195504118326],[-3.4371845337131,47.62427551150141],[-3.437343513152759,47.62437510250735],[-3.437586967413163,47.62428940627032],[-3.437785757387487,47.624386797615976],[-3.43776086930652,47.624622979499904],[-3.437674743773386,47.62457355082862],[-3.437500891043883,47.62468249565739],[-3.437541526411168,47.624797654520854],[-3.437650939395644,47.62481870380946],[-3.437626309211134,47.62494649887979],[-3.437752245497629,47.62499372847761],[-3.437725446874261,47.62510358127549],[-3.437842709054138,47.6250790416424],[-3.438051261641228,47.62525717275257],[-3.437761228970989,47.625399628907296],[-3.437970866889491,47.62558673127028],[-3.438000144499517,47.62582895194237],[-3.43788479125526,47.6259798206779],[-3.438048372415596,47.62600690850373],[-3.438122056976634,47.62617442774498],[-3.438089836595711,47.626239424898706],[-3.437898629618468,47.62620483210629],[-3.437754048925166,47.62655599781997],[-3.43799725452499,47.626578687471614],[-3.4380877211591,47.62666400037704],[-3.438100164979837,47.626545909528545],[-3.438284609400831,47.626635061854955],[-3.43829653809821,47.62673374427022],[-3.438398364222727,47.62669199493847],[-3.438334437960564,47.626605216075845],[-3.438477159601883,47.62657023849116],[-3.438402131814466,47.626502135032496],[-3.438499619584129,47.62642450109245],[-3.438461149807692,47.62632728491629],[-3.438541856583446,47.62633185732394],[-3.438561319702828,47.62605081983656],[-3.438762799789352,47.62594937833715],[-3.438783089746715,47.62578569858057],[-3.439012449260697,47.625583374757916],[-3.439184706222234,47.625682230011556],[-3.439483413463065,47.62561153932488],[-3.440329197731657,47.6256460827528],[-3.440727555719707,47.62551569552613],[-3.440737823808574,47.625379662102844],[-3.441242339454714,47.62524340605759],[-3.441512080718871,47.62526462153929],[-3.44167749790562,47.62497551519799],[-3.441814537890047,47.62500406472321],[-3.441922032947244,47.6248987810571],[-3.441881388053201,47.6247836237238],[-3.441976697611881,47.62468804460411],[-3.441838573369842,47.62465052415944],[-3.441762709317944,47.62446506491833],[-3.441834733739801,47.62439786620034],[-3.44173533494802,47.62434917401639],[-3.441839323784784,47.62432536384893],[-3.441902168026472,47.62440316978948],[-3.441968767201973,47.62429111545623],[-3.441885558398858,47.62393447171628],[-3.441723066589623,47.62391636034513],[-3.44180944500657,47.623857399245686],[-3.4417509413407,47.623815477672906],[-3.441568169339337,47.62396104652458],[-3.441455752772415,47.62380470075582],[-3.441491473141295,47.623658229117055],[-3.441623085013779,47.623641923321735],[-3.441625004296215,47.62376825235798],[-3.441706792416045,47.62378179369592],[-3.441710297640534,47.62370032021591],[-3.441845164440262,47.623710927502714],[-3.441656051041167,47.62325176461778],[-3.441774808922178,47.62257689986491],[-3.441953571064739,47.622729577875724],[-3.441959830959944,47.62289179141451],[-3.442181072132482,47.62284343701258],[-3.44217856544858,47.62249136306239],[-3.442063730571497,47.62242546242421],[-3.442026591900031,47.622228831442726],[-3.442254589558342,47.62212591667347],[-3.442226379666702,47.62189266772127],[-3.442045449631172,47.62172204782914],[-3.44211288055879,47.6217273513039],[-3.442089011336535,47.621529986738814],[-3.441972258612096,47.6213377568],[-3.442069981413427,47.62115173272077],[-3.442020323863138,47.62063067420645],[-3.442191984260031,47.62050378018233],[-3.441820370989909,47.620081799618234],[-3.441912417565115,47.61995930693962],[-3.441763206599762,47.61994046207654],[-3.441743929243438,47.61967059473807],[-3.441664066644041,47.61978338269161],[-3.441495078594535,47.61971144418835],[-3.441455774278894,47.619496870487495],[-3.441586291069143,47.61947159356629],[-3.441564343783995,47.619400557985664],[-3.441687850348523,47.61953822825925],[-3.441572771774048,47.61958071408445],[-3.441694359471582,47.61959205503865],[-3.441882875397094,47.61982547355086],[-3.441959233019762,47.61979415910449],[-3.441841399678828,47.61959295773642],[-3.441912332538532,47.61951678767374],[-3.442010387819945,47.61966489574293],[-3.441930275861169,47.619886070908564],[-3.441994199922612,47.61997284810279],[-3.442106024214012,47.61990344849764],[-3.442336768478361,47.62004422086806],[-3.442239796547571,47.61990508422496],[-3.442442082543771,47.619920994210645],[-3.442538308937491,47.62038529171197],[-3.442524203800946,47.620268667170286],[-3.442699116941025,47.62016868573552],[-3.443081931164565,47.62101450664343],[-3.443005572454992,47.62104582180422],[-3.443050557387112,47.621196863406944],[-3.443319193762906,47.62120910364967],[-3.443407242508263,47.62138485740576],[-3.443431018921356,47.62113970281989],[-3.443489520974219,47.62118162360873],[-3.443492283010043,47.6214253108263],[-3.443292999310552,47.62154470293154],[-3.443480937505311,47.621552373664024],[-3.443469345131565,47.62178782341943],[-3.443336653218108,47.621795160206396],[-3.443240018816009,47.62199015638836],[-3.443422532600155,47.6219529716909],[-3.443423864702317,47.62185355587645],[-3.443512753336717,47.62214666750425],[-3.443610817888686,47.62229477402985],[-3.4436749939668,47.6222731633025],[-3.443702125137247,47.62249744076147],[-3.44357051672138,47.622513748909135],[-3.443546986999286,47.622650516477286],[-3.443666165190614,47.62275230003742],[-3.443575449666601,47.62277537815343],[-3.443540080807692,47.62325598214763],[-3.443694727997007,47.62331968017913],[-3.443645744295598,47.623466886223525],[-3.443802562800481,47.62354852629217],[-3.44390136857322,47.623371471984626],[-3.443871819530657,47.62323763933347],[-3.44373887779382,47.623353363412676],[-3.443816570778868,47.623222632060546],[-3.44396253571207,47.62321456099274],[-3.443969887082896,47.62338574547455],[-3.444053845869096,47.623417227353656],[-3.444311639920643,47.6233397543956],[-3.444409463966085,47.623596246987944],[-3.444567262399321,47.62324433869308],[-3.444584521854293,47.62294535758139],[-3.44448970957532,47.622824165189776],[-3.444576083169327,47.62276520201121],[-3.44449212510061,47.62273372049695],[-3.444595024155213,47.62270093676687],[-3.444640151779508,47.62230107212741],[-3.444745220753292,47.62228623043771],[-3.444968029901634,47.62203006801637],[-3.445030876001208,47.62210787236521],[-3.445045717950856,47.62189933575776],[-3.445165982809958,47.622010088914216],[-3.445060803368525,47.62158241219031],[-3.445228716654406,47.62164537437759],[-3.445166114180557,47.621459183173855],[-3.445302547688808,47.62126198366781],[-3.445498083874473,47.621332448773764],[-3.445615692379429,47.621642033212325],[-3.445547060509807,47.62118524179116],[-3.445624503475075,47.62116289605703],[-3.445660811463728,47.621242167961114],[-3.445739824438263,47.62101201930505],[-3.445663467291351,47.62104333620359],[-3.44564609851557,47.620899798818016],[-3.445743565520345,47.62082215860871],[-3.4458644310856,47.62115865613276],[-3.445926675514104,47.62101071501845],[-3.446038214112959,47.621082751849215],[-3.446068291606138,47.62096675697371],[-3.446179871374756,47.62100574047938],[-3.446376978432742,47.621861825993385],[-3.446410753461392,47.62158902361309],[-3.44647951105746,47.62149490870034],[-3.44655237068891,47.62154506499443],[-3.446649232544101,47.621241679069406],[-3.446765156276979,47.621316546313714],[-3.446823901144597,47.621250078470716],[-3.446864554009725,47.621365234292945],[-3.446922213039042,47.62128979532827],[-3.446865159931261,47.621590979262635],[-3.446936694503447,47.621740551178924],[-3.44684791368676,47.6218899609192],[-3.447071317888025,47.62185953937201],[-3.447041761735549,47.62172570741899],[-3.44716769875306,47.62177292694275],[-3.447197972985109,47.62158159805802],[-3.44736504184488,47.621527199161456],[-3.447650578547621,47.621899740386105],[-3.447505095011845,47.621691042204894],[-3.447482291737289,47.62150264980579],[-3.447571917528637,47.621470597573804],[-3.447911380089306,47.62195755954081],[-3.447818019911297,47.62217947267433],[-3.447986073703635,47.62268494951933],[-3.447978709550909,47.62251376522889],[-3.448107296047377,47.62236215204489],[-3.448041424771267,47.62214904927603],[-3.448144083193222,47.622224649321545],[-3.448229365775521,47.62215671236518],[-3.448240225846077,47.62224642293467],[-3.448420564946278,47.62219128831792],[-3.448735059511984,47.6224719134775],[-3.448753523207313,47.62262442133793],[-3.448847730490203,47.62251986545506],[-3.449075625213586,47.62296784285895],[-3.449143058412949,47.62297314227141],[-3.449107214824085,47.62267709776017],[-3.449210346098689,47.62253592307201],[-3.449344125245887,47.622537550659715],[-3.449366935532864,47.62272594259513],[-3.449376094863605,47.62258093717349],[-3.44948791502125,47.6225115305935],[-3.449731725236503,47.6227599406794],[-3.449589489946121,47.62257815831091],[-3.449658243212125,47.6224840415747],[-3.449541226656024,47.62240020620302],[-3.449600203630248,47.622225350091426],[-3.449901902835559,47.622289932680566],[-3.449862713763897,47.62251788077088],[-3.450034980924386,47.622616720177696],[-3.450032574795187,47.62270716499035],[-3.449923394973617,47.62257774038738],[-3.450078667339031,47.62286717479377],[-3.450152851819854,47.62281791296558],[-3.450073935924034,47.62249715894226],[-3.45016682084021,47.62249201785104],[-3.450266922917431,47.62221554219041],[-3.450448036685564,47.62282866790755],[-3.450557450722067,47.62284970512696],[-3.450462857674452,47.62262013068939],[-3.450514692135722,47.622165703066194],[-3.450723665781207,47.62267794354283],[-3.450674312197171,47.62249102087986],[-3.450766342610228,47.62236852137539],[-3.450926196491616,47.62258545191937],[-3.450987110526716,47.62253692408654],[-3.451020167962163,47.62258928117987],[-3.451070217011853,47.6224510430064],[-3.451168534276973,47.622490756265016],[-3.451201822981493,47.622434726407434],[-3.451241399672896,47.622540909608176],[-3.451451534834863,47.62251121426089],[-3.45149443783598,47.62209340488061],[-3.451662360316348,47.62215635780153],[-3.451828569661787,47.62198459458382],[-3.451937752889092,47.62211401744525],[-3.45198562585164,47.62195783679859],[-3.452068500471746,47.62198034191629],[-3.452116542545669,47.62226667993612],[-3.452170935121948,47.62216432535241],[-3.452266850352562,47.62229448256813],[-3.452209885007786,47.62204476337684],[-3.452351269885052,47.62210918466412],[-3.452234707962452,47.6218085781051],[-3.452415270110658,47.6216450503611],[-3.452625172867445,47.62172373983739],[-3.45263689877271,47.621930807973435],[-3.45272000166025,47.621844925692685],[-3.452803735318215,47.62198478824159],[-3.452776338252037,47.62186889978077],[-3.45285377918273,47.62184654926097],[-3.453064315519796,47.62215098281294],[-3.452969712929923,47.62192141032339],[-3.453127855184967,47.621903622015594],[-3.453232694022566,47.62199715962259],[-3.453211817040227,47.621935097335324],[-3.453292518437917,47.62193965956108],[-3.453420182009847,47.622221588210905],[-3.453402385072109,47.62174392024427],[-3.453507450512705,47.621729070667875],[-3.453773466314634,47.621940118724766],[-3.453698651569869,47.621763637987605],[-3.454088212796301,47.62211234258165],[-3.454326832198229,47.62220750119727],[-3.454374473579007,47.622159706507276],[-3.454382082853541,47.62222250350619],[-3.454630935343255,47.62218162664984],[-3.454882825176324,47.622276049171255],[-3.455197995381968,47.62278240170372],[-3.455351790587031,47.62272872643382],[-3.455614779036564,47.62280447033793],[-3.45580729437284,47.62273961827944],[-3.455678529692479,47.62244872132749],[-3.455858640128769,47.6225019621436],[-3.455865607203008,47.62233901422612],[-3.455967189759083,47.62240563640267],[-3.456051375351123,47.62232872275696],[-3.455853647011272,47.622240333384504],[-3.455902595924083,47.622093122129215],[-3.455966766783186,47.62207150464585],[-3.45595545083209,47.62219856865165],[-3.456050730576227,47.622102977921976],[-3.455988955729009,47.62203415048899],[-3.456197556964632,47.62221224947244],[-3.45625737842757,47.622154747898655],[-3.455953940633957,47.62185546587258],[-3.456127746494652,47.62174649342179],[-3.456270868358605,47.622045625826644],[-3.456205848714539,47.621398979792076],[-3.456340712578307,47.62140957035319],[-3.456355289504009,47.62130941921532],[-3.45627154760092,47.621169559164294],[-3.456420767120325,47.62118838547925],[-3.456552794975616,47.62150619474964],[-3.45664893976359,47.62152796144882],[-3.4566458976057,47.62139266153397],[-3.456790768165745,47.621375603444314],[-3.456600006805956,47.62112426721747],[-3.456695283478641,47.621028675909265],[-3.456621107521377,47.621077941938076],[-3.456601314348281,47.6210248512118],[-3.456775116183368,47.62091587775119],[-3.456720086117073,47.62079248956139],[-3.456912153818171,47.62094440962166],[-3.456883660935099,47.62081955108003],[-3.456998729993142,47.62077705019594],[-3.456840592365209,47.62079484375528],[-3.456755762590452,47.62064601303048],[-3.456812319450337,47.62056159817073],[-3.456988074868023,47.6205789533585],[-3.456908682167994,47.62047497764594],[-3.457052243467547,47.62055733526195],[-3.456998300574037,47.62044291816357],[-3.457219517973158,47.62039453521506],[-3.45719646203299,47.62031453162508],[-3.45737112925791,47.62032291525641],[-3.457549928452808,47.62047556956982],[-3.457649116432912,47.620632635410615],[-3.457581249026454,47.62084411492413],[-3.457677611006448,47.62075749377748],[-3.457863155714124,47.62085558642541],[-3.457763096903295,47.620581162792554],[-3.457894478693819,47.620673225654095],[-3.457939940299747,47.62060748752338],[-3.458078935874929,47.62076234698977],[-3.458184215018842,47.62063910618485],[-3.458123526750539,47.62057925080102],[-3.458208577118768,47.6206196935222],[-3.458255125949685,47.6205629262387],[-3.458253821498389,47.620662342286415],[-3.458395426514495,47.62061836928707],[-3.458268177866306,47.62067057788996],[-3.458292323233881,47.62075955222379],[-3.458450460273387,47.62074175669845],[-3.458314293335366,47.62083058460972],[-3.458265785773151,47.620761022962135],[-3.458175079945506,47.62078411244092],[-3.458233376348661,47.62093441285511],[-3.458516371362488,47.62095485374879],[-3.458572925765651,47.620870438049856],[-3.45853181556174,47.62097206028565],[-3.45863992523525,47.62109250598225],[-3.45873280688205,47.621087358074966],[-3.45904734914862,47.62136795562327],[-3.459215493097865,47.62132251073004],[-3.459307072580982,47.621416778386624],[-3.459321643943788,47.62131662687897],[-3.45950740786785,47.62130632990742],[-3.45948543598309,47.621235297763285],[-3.45961377268536,47.621192058804986],[-3.459545466984026,47.62106940748397],[-3.459758855493503,47.62106661003897],[-3.459916118428232,47.62093145457613],[-3.459788209958272,47.6207579198575],[-3.459953087517826,47.62068556101908],[-3.459960489814403,47.62085674471321],[-3.460064463717245,47.62083291827742],[-3.460087075427093,47.620578789282426],[-3.460228678711539,47.62053481405846],[-3.460288281289718,47.62058569739754],[-3.460278489307803,47.620504958825585],[-3.460359189147202,47.6205095161718],[-3.460259993422772,47.62035245262279],[-3.460431821937877,47.62011714472785],[-3.460531017730609,47.62027420814988],[-3.46066696766795,47.62029376467275],[-3.460664579655583,47.62038420981148],[-3.460718953925103,47.62028185114855],[-3.460912330665721,47.62033434858315],[-3.461025430401505,47.62016551478017],[-3.46117075176007,47.620482583314434],[-3.461294522004743,47.620511845746215],[-3.461384137838773,47.620479782899054],[-3.461198587967934,47.62038169582603],[-3.461299506508013,47.620222568407584],[-3.461732596229969,47.62037917939891],[-3.461688857179593,47.62012872882471],[-3.461971640001034,47.62025754840223],[-3.461949665269223,47.62018651668348],[-3.462053636978966,47.62016268846864],[-3.461937694313942,47.620087836356156],[-3.462005125151409,47.620093128350376],[-3.461978797353855,47.61998621287552],[-3.462061673125254,47.62000871092483],[-3.462020988513791,47.61989356031436],[-3.462093651563495,47.62005209401327],[-3.462364254765898,47.620190619384566],[-3.462424275646733,47.62002472753675],[-3.462513681841305,47.620101050872655],[-3.462496268068825,47.619957515926856],[-3.462749249720085,47.62006089252418],[-3.462676584711605,47.61990235923389],[-3.462838656439809,47.6201372156099],[-3.462902822139124,47.620115594293985],[-3.462798177620349,47.619913678214836],[-3.462994820397298,47.619993085006],[-3.462971341548327,47.62012985666024],[-3.463101642744287,47.620212942756275],[-3.463079666527363,47.62014191124854],[-3.463201260067164,47.6201532298084],[-3.463276723753709,47.62000454344518],[-3.463459892863615,47.62019307244023],[-3.463509759257913,47.6207141219366],[-3.463615908420705,47.620708234180704],[-3.463709671777985,47.62082044025501],[-3.463713143229077,47.62073896599392],[-3.463891284039861,47.62066586560788],[-3.464045742967437,47.62083792379524],[-3.464048125271868,47.620747478608486],[-3.464232797637994,47.62072820320149],[-3.464260628187392,47.62062731499608],[-3.464324589430752,47.62071407993143],[-3.464203878320844,47.620820120480445],[-3.464413795207812,47.62089878880253],[-3.464310027617838,47.62081423209402],[-3.464372016154807,47.620774668150794],[-3.464504498531775,47.62087569447989],[-3.464456458961068,47.62114026734633],[-3.464698358758886,47.62126231754974],[-3.46472401119342,47.621143487444535],[-3.464927397365376,47.62116832938184],[-3.465053145892226,47.621323916626466],[-3.465102068596928,47.621176701447375],[-3.465202571628339,47.62123434472638],[-3.465121870279956,47.621229790728535],[-3.465244352972097,47.621358465051706],[-3.465203255091902,47.621460089610004],[-3.465310291941249,47.621571558199655],[-3.465412087087865,47.6215297852099],[-3.465532191341034,47.62174890438364],[-3.465471291427748,47.6217974398212],[-3.465390791514196,47.62168449904145],[-3.465317509081301,47.62185112844156],[-3.465139366268375,47.621924230958534],[-3.465081326422044,47.622216452785835],[-3.464989532246261,47.622230576639765],[-3.464966463868997,47.62215057465947],[-3.464912366327003,47.62220258648805]],[[-3.416288907280114,47.63001545987503],[-3.416225012985054,47.62992866906415],[-3.41617841129358,47.629985419314394],[-3.416288907280114,47.63001545987503]],[[-3.416426901195782,47.63049552729105],[-3.416560221424228,47.630271448347045],[-3.416499568888551,47.630211571639215],[-3.416426901195782,47.63049552729105]],[[-3.4180099389679,47.62545043866161],[-3.418113157833024,47.62530929164472],[-3.417980453688128,47.62531659961033],[-3.417971805812001,47.62524482902276],[-3.417819046748252,47.62530742632057],[-3.417810882189409,47.62546140037678],[-3.4180099389679,47.62545043866161]],[[-3.41796282959279,47.62328562740546],[-3.418018369635226,47.623192260123375],[-3.417911129590506,47.623189135094464],[-3.41796282959279,47.62328562740546]],[[-3.420049841472701,47.623866052341455],[-3.420187161133688,47.62378624050137],[-3.420124643492373,47.62360003608926],[-3.42000138101877,47.62379647491795],[-3.420049841472701,47.623866052341455]],[[-3.420259211796198,47.62371905506698],[-3.420345613597178,47.623660109837346],[-3.420208882600283,47.62352314833389],[-3.420259211796198,47.62371905506698]],[[-3.42078805045982,47.618686802769346],[-3.420713642314507,47.61840191356689],[-3.420684356279362,47.618602207217016],[-3.42078805045982,47.618686802769346]],[[-3.423912648691413,47.62067298743666],[-3.42407000120001,47.620537880228134],[-3.423922958694459,47.62053695515616],[-3.423912648691413,47.62067298743666]],[[-3.426739665324557,47.64244415057064],[-3.426853722186638,47.642392708701614],[-3.426719893956029,47.64239105537004],[-3.426739665324557,47.64244415057064]],[[-3.42427669310927,47.61804297766427],[-3.424266956053741,47.61796223597619],[-3.424172994651597,47.61795838518163],[-3.42427669310927,47.61804297766427]],[[-3.427879976777223,47.6415955983409],[-3.427948792829108,47.64150149531239],[-3.427851540795926,47.641470734056426],[-3.427879976777223,47.6415955983409]],[[-3.4302988076312,47.644252749193825],[-3.430398506529188,47.64419306497195],[-3.430291223556571,47.644189951344025],[-3.4302988076312,47.644252749193825]],[[-3.429455207920952,47.62365459477978],[-3.429616886810638,47.623555365205696],[-3.429485271485843,47.62357165747254],[-3.429455207920952,47.62365459477978]],[[-3.429847888403914,47.623587775195105],[-3.429672681585448,47.623353605592726],[-3.429629073721624,47.623545661869706],[-3.429847888403914,47.623587775195105]],[[-3.432359667028244,47.64372364252958],[-3.432477241834817,47.64359072284444],[-3.432347745511787,47.64362496037608],[-3.432359667028244,47.64372364252958]],[[-3.430406850416822,47.62334922168215],[-3.430297716866373,47.62321977877986],[-3.430178289315003,47.62322636842186],[-3.430193451259901,47.623351965495246],[-3.430406850416822,47.62334922168215]],[[-3.430313197095284,47.62146691432352],[-3.430336760198653,47.62133014934023],[-3.430176172342805,47.62143835125241],[-3.430313197095284,47.62146691432352]],[[-3.430812818125566,47.621954110794],[-3.43061107373773,47.621721406896405],[-3.430624615980589,47.621612287768066],[-3.430484341653489,47.62155681139047],[-3.430441011443766,47.62164048124755],[-3.430489756713429,47.621601667513545],[-3.430673625754546,47.62190760587358],[-3.430812818125566,47.621954110794]],[[-3.431007510640258,47.623234797906804],[-3.431026468126745,47.62317053487935],[-3.430902708318478,47.62314124041284],[-3.431007510640258,47.623234797906804]],[[-3.431320296407451,47.623280753765656],[-3.431328693138935,47.623018391769165],[-3.431165935900161,47.62310865252894],[-3.431320296407451,47.623280753765656]],[[-3.431661788671198,47.62334318651223],[-3.431679662161673,47.62326995217643],[-3.431511759748411,47.623206970563224],[-3.431511488647967,47.623315357378715],[-3.431661788671198,47.62334318651223]],[[-3.435232290917687,47.64548870095274],[-3.435265610701537,47.64543267630482],[-3.435172684419103,47.64543780548445],[-3.435232290917687,47.64548870095274]],[[-3.433511994377163,47.62406288200442],[-3.43353771757576,47.62394405892923],[-3.433420455910225,47.623968594254634],[-3.433511994377163,47.62406288200442]],[[-3.434020220555287,47.62196672279577],[-3.434051359694715,47.62189275543186],[-3.433969576411175,47.62187920872012],[-3.434020220555287,47.62196672279577]],[[-3.434120425707657,47.62213277968104],[-3.434203558695357,47.62204691058664],[-3.434087385129975,47.62208041779337],[-3.434120425707657,47.62213277968104]],[[-3.437537571865394,47.64543368250312],[-3.43764728591138,47.64534634598257],[-3.437545682558965,47.64527970866469],[-3.43745032828474,47.645375283149924],[-3.437537571865394,47.64543368250312]],[[-3.435708974682007,47.622234714204936],[-3.435683782390057,47.62213676409947],[-3.435623938789235,47.62219425513413],[-3.435708974682007,47.622234714204936]],[[-3.436415140385662,47.62420963452767],[-3.43642325109205,47.624055659076134],[-3.436201999680732,47.62410400254105],[-3.436209587855038,47.6241668006595],[-3.436367742343139,47.62414903506629],[-3.436415140385662,47.62420963452767]],[[-3.436370550211814,47.62527775830051],[-3.436506765002993,47.625188956179755],[-3.436372979604359,47.62518731389017],[-3.436370550211814,47.62527775830051]],[[-3.436450432215326,47.625164974285305],[-3.436409798922208,47.625049815064024],[-3.436366475164767,47.625133486969006],[-3.436450432215326,47.625164974285305]],[[-3.436121111339379,47.6218868358639],[-3.436188803483927,47.62178375585325],[-3.436108103785471,47.62177918180904],[-3.436121111339379,47.6218868358639]],[[-3.436227265848226,47.62188097300489],[-3.436407616118454,47.62182585692728],[-3.436348034919848,47.621774961435776],[-3.436227265848226,47.62188097300489]],[[-3.439744617360613,47.644345483570326],[-3.439697197651924,47.64428488609132],[-3.439663883237517,47.64434091203635],[-3.439744617360613,47.644345483570326]],[[-3.437679847808183,47.626605251677596],[-3.437686612331107,47.6265506918418],[-3.437594803459312,47.6265647941327],[-3.437679847808183,47.626605251677596]],[[-3.437643399079552,47.6251984238833],[-3.437681299424432,47.62506989579926],[-3.437542918350156,47.62514075700984],[-3.437643399079552,47.6251984238833]],[[-3.440227176761851,47.64468909750292],[-3.440205220914268,47.64461806259234],[-3.440394578239679,47.6445263235874],[-3.44010795613693,47.6445873115884],[-3.440227176761851,47.64468909750292]],[[-3.440212492210528,47.64434673182516],[-3.440296735123273,47.644269830409314],[-3.440230614498858,47.64416511131646],[-3.440212492210528,47.64434673182516]],[[-3.443414384322508,47.64397113152149],[-3.443586955474474,47.64396159366352],[-3.443537360425765,47.643883055731806],[-3.443414384322508,47.64397113152149]],[[-3.442777389398819,47.62412901036011],[-3.442990201445902,47.62390049886064],[-3.442958390386538,47.62330620541355],[-3.442636077179286,47.623071153936934],[-3.442621067853075,47.62383059533452],[-3.442777389398819,47.62412901036011]],[[-3.443152845788613,47.62336770327133],[-3.443251406117058,47.62329903633941],[-3.443242971875065,47.62311888070566],[-3.44310268047804,47.62306341952693],[-3.443293535916015,47.622763872176584],[-3.443291021899113,47.62241179823592],[-3.443222752139983,47.622289137448035],[-3.443015868673335,47.62234573130812],[-3.443146048958595,47.62198632086696],[-3.442865720651384,47.62176701112116],[-3.442814565907959,47.621896274717926],[-3.44271300073634,47.621829641085405],[-3.4427371207027,47.62191861858041],[-3.442657505303568,47.62192302017125],[-3.442641071955223,47.62233935915852],[-3.442754822269473,47.62239628812501],[-3.442763006496715,47.62268483073649],[-3.442747318599249,47.62277600900038],[-3.442609198762709,47.622738489430155],[-3.44259109184047,47.62292011231995],[-3.443152845788613,47.62336770327133]],[[-3.443333397692693,47.621768246893105],[-3.443242093091093,47.621565579797306],[-3.443148123980876,47.621561744276725],[-3.443126421268626,47.62138232212294],[-3.442901342561114,47.62117802000991],[-3.443041133429732,47.621450255380026],[-3.442989979414558,47.62157951907466],[-3.443333397692693,47.621768246893105]],[[-3.443394310330386,47.6241490894135],[-3.44333412885729,47.623872452850144],[-3.443278385174073,47.62407421893243],[-3.443394310330386,47.6241490894135]],[[-3.445572974479479,47.62294487779868],[-3.445585400875151,47.62282678592736],[-3.445511212167378,47.622876044854166],[-3.445502527674363,47.622804276219256],[-3.44546247665651,47.62291486483148],[-3.445572974479479,47.62294487779868]],[[-3.447081345897137,47.622825316315065],[-3.447149257416379,47.62261384312001],[-3.447080978533961,47.62249118460023],[-3.44692669609916,47.62276162275159],[-3.447081345897137,47.622825316315065]],[[-3.455906924569216,47.62267991163106],[-3.455924986107164,47.62249828665709],[-3.455836450897319,47.622539316266725],[-3.455906924569216,47.62267991163106]],[[-3.456800738449439,47.621066823740925],[-3.456711814520329,47.621054853669655],[-3.456801214273017,47.62113118133808],[-3.456800738449439,47.621066823740925]],[[-3.457296079954351,47.62080572980539],[-3.457178186581991,47.620604544019464],[-3.457000256123946,47.6205692471523],[-3.456954793393494,47.62063498491852],[-3.457296079954351,47.62080572980539]],[[-3.458111999166508,47.62081470212335],[-3.45817181700141,47.62075719952775],[-3.458053486034665,47.62077278865181],[-3.458111999166508,47.62081470212335]],[[-3.459729714490109,47.62126691318209],[-3.459705566497479,47.62117793916861],[-3.459627041504469,47.62119132328358],[-3.459729714490109,47.62126691318209]],[[-3.460785749929299,47.62061230494325],[-3.460810322674826,47.620484504710134],[-3.460711790129543,47.62055318655686],[-3.460785749929299,47.62061230494325]],[[-3.460823591301592,47.62048376905253],[-3.460908854966584,47.62041582277783],[-3.460849251986587,47.62036493975104],[-3.460823591301592,47.62048376905253]],[[-3.462513473697182,47.62020943792458],[-3.462422978972278,47.62012414365835],[-3.462433862479922,47.62021385300017],[-3.462513473697182,47.62020943792458]],[[-3.463372042975427,47.620459852820126],[-3.463307201615891,47.62025572938198],[-3.463214115134901,47.62036926797363],[-3.463372042975427,47.620459852820126]],[[-3.46475558528227,47.62140364376365],[-3.464963530844848,47.621355982274984],[-3.464850847849875,47.6213080458165],[-3.46475558528227,47.62140364376365]]]},"properties":{}}]}