{"type":"FeatureCollection","features":[{"type":"Feature","geometry":{"type":"MultiPolygon","coordinates":[[[[-3.497904824338109,47.653775486185786],[-3.49794659403174,47.653669707095375],[-3.497788372587881,47.65368755579214],[-3.497787140991147,47.65378697056244],[-3.497884131509669,47.65379772716961],[-3.497811367246428,47.65387593518811],[-3.497593743750118,47.65362614987715],[-3.497656840678617,47.65359553939437],[-3.497677781746049,47.65365759270874],[-3.497680108502587,47.65356714838246],[-3.497464402172423,47.65355207416076],[-3.497514085580647,47.65363058878828],[-3.497418961199444,47.65361782654586],[-3.497381184493768,47.653746372072916],[-3.497245273590262,47.653618473406546],[-3.497169994901566,47.6536587938962],[-3.497262791831666,47.65376200065407],[-3.496851361808182,47.653676548059224],[-3.496772520954158,47.653906727348456],[-3.49684314392409,47.65404729570681],[-3.497106483619475,47.654014559747296],[-3.497023816592388,47.65377531654683],[-3.49720612598736,47.653954818846564],[-3.497104155870998,47.65410500404098],[-3.496838626068909,47.6541197990841],[-3.496783191793512,47.65421320230248],[-3.496718320379971,47.65390071579798],[-3.496539018817187,47.65396489453021],[-3.496450601968368,47.65389756904712],[-3.496527792728727,47.65409196034895],[-3.496374088049769,47.65403730376135],[-3.496385314492797,47.653910237953745],[-3.496314413692312,47.65398643972525],[-3.49603122902236,47.65396609076949],[-3.495978403736971,47.65375227892126],[-3.495893131466713,47.65382024961775],[-3.49572177326356,47.653730449931125],[-3.495547414164716,47.653396968124234],[-3.495492931692543,47.65360772646158],[-3.495390004325959,47.65364055450069],[-3.495156643807605,47.653590333708074],[-3.49516910952592,47.65336385322826],[-3.495001847470229,47.65352670482796],[-3.49484828856973,47.65336366098461],[-3.494727564265407,47.65346973127926],[-3.494551831432319,47.653344047947904],[-3.494482023184052,47.65342921910981],[-3.494832395427631,47.65367161522303],[-3.494800227536019,47.65373662707567],[-3.494565915875526,47.65356904940906],[-3.494551401863769,47.65366920362963],[-3.494403315964704,47.65355101160884],[-3.494143259993497,47.65361065293279],[-3.493937836772071,47.65335115086401],[-3.493958629024173,47.653521590081404],[-3.493734024723631,47.65354313032216],[-3.493661222052474,47.65338461907197],[-3.49360468870624,47.65346905033088],[-3.493562816242757,47.653344942224564],[-3.493372570435006,47.65331941122603],[-3.493133888345793,47.65311594868386],[-3.493086254049591,47.653163758411175],[-3.492927084817176,47.65306424478918],[-3.492823062787439,47.6530881000805],[-3.492851657005356,47.65321294775378],[-3.492652512113186,47.65322403685134],[-3.492377286519531,47.65304970203126],[-3.492318858847139,47.65289942117467],[-3.492013504936571,47.65291642292948],[-3.491978897465805,47.65296308211816],[-3.491878702982757,47.652797488472935],[-3.491943044674903,47.65266746630113],[-3.492140945543511,47.652755793173476],[-3.492414275787026,47.652695417044306],[-3.492979095797162,47.653052317108695],[-3.493129803759946,47.652863296194795],[-3.493180428364214,47.65305916844187],[-3.493390514804496,47.65313778336386],[-3.493492493525777,47.6529876013339],[-3.493569672191718,47.65318199468201],[-3.493680259740464,47.65321196166038],[-3.493683687532291,47.653130487881775],[-3.493804123730836,47.65324118914168],[-3.493837386842591,47.65318514803374],[-3.494319423727745,47.653411181191544],[-3.494425634534956,47.65340526553406],[-3.49432722811869,47.65336558933075],[-3.494332987346734,47.653193671262486],[-3.494567439784036,47.65325286419045],[-3.494649143530053,47.65337475348368],[-3.494899347407534,47.653234376734275],[-3.495224545744541,47.653270450733984],[-3.495238774798854,47.653387066890936],[-3.495388098156429,47.6534058431036],[-3.495516624361258,47.653254180180184],[-3.495653765757675,47.65328266611244],[-3.495722054888324,47.65351367948689],[-3.496084755114849,47.6536379765385],[-3.49608352034481,47.65373739129339],[-3.496247355859141,47.65365601199843],[-3.496594453262057,47.65387149141552],[-3.496770470010699,47.653780401224104],[-3.49677403179526,47.65359054215707],[-3.497015195964467,47.65359516768522],[-3.496906933811572,47.653474759553454],[-3.496966746444873,47.65341723806848],[-3.497337113222535,47.653604324432784],[-3.497398020448648,47.65355577318382],[-3.497210099601809,47.65343980410857],[-3.497418003650058,47.653500470866106],[-3.497609483963084,47.653426580494575],[-3.497858175895911,47.65360238266682],[-3.497964386691269,47.65359646379376],[-3.498158328394644,47.65332374294968],[-3.498414957908537,47.653345566593906],[-3.498410442248781,47.65341807005857],[-3.498602881042336,47.653461533737406],[-3.49890508482924,47.65330921821345],[-3.499069875900756,47.65334519062766],[-3.499161848402178,47.65322265497227],[-3.499336496461712,47.653339360944095],[-3.499510449367466,47.653121940477746],[-3.499724926563326,47.653236425745604],[-3.499826755170186,47.65319462345053],[-3.49992393775592,47.653333709842734],[-3.500108709932694,47.65331437803664],[-3.500522202187172,47.65352614526354],[-3.500653869660273,47.65350977320849],[-3.500952911534533,47.65322215587719],[-3.501094437857881,47.65328651710627],[-3.50110307220972,47.65346666569583],[-3.501294547297613,47.65339276928517],[-3.50147577415628,47.65356329454429],[-3.501233384572588,47.65365809303419],[-3.501014520367402,47.65350772888609],[-3.5009671530967,47.653338771339314],[-3.500836581627302,47.65336411416975],[-3.50066372879732,47.65359050700397],[-3.500442544410711,47.65353058617099],[-3.50040039337788,47.65362325098643],[-3.500092979101354,47.653513947767436],[-3.499908206227725,47.65353327954664],[-3.499793365803392,47.65335905150766],[-3.499505802090945,47.65330282924094],[-3.499338553463927,47.65346568705249],[-3.499158295139357,47.65341251414852],[-3.498922607434245,47.65345274523537],[-3.498892634982788,47.65353569909803],[-3.498479973793783,47.65354966702092],[-3.498807097681791,47.653820442369884],[-3.498474363111234,47.65361320003849],[-3.49845766623861,47.6536954138588],[-3.498285344663046,47.6534882622533],[-3.498269606959992,47.65368783172043],[-3.49846971227913,47.65379408871399],[-3.498546085285097,47.65376273783052],[-3.498557036391665,47.65385244223314],[-3.498371302138401,47.65375441592414],[-3.498177631607447,47.65381036664381],[-3.498024062185542,47.65364732699772],[-3.497904824338109,47.653775486185786]],[[-3.492649523899764,47.652980354859196],[-3.492441774774789,47.652811294341106],[-3.492471462022636,47.652945112627044],[-3.492649523899764,47.652980354859196]],[[-3.493806167630009,47.65336751535365],[-3.493765389071896,47.65325237780066],[-3.49365589566708,47.65323138139236],[-3.493806167630009,47.65336751535365]]],[[[-3.491978441818453,47.6529636964397],[-3.491852798468281,47.65313309308869],[-3.491763294957448,47.65305679352364],[-3.491756582374434,47.653111355727745],[-3.491571807875538,47.6531306743304],[-3.491629139760988,47.6532719850347],[-3.491499657934893,47.653306287941284],[-3.491164467110178,47.65329785420598],[-3.491196639167462,47.65323284333926],[-3.49108495912762,47.65319390349796],[-3.491011864045082,47.65325216105535],[-3.490986555585595,47.65315422447729],[-3.490753050434596,47.65321238012123],[-3.490420199361671,47.65311350004129],[-3.490287436020041,47.65312089004883],[-3.490341483335989,47.653235289824664],[-3.490059398602555,47.653223896910184],[-3.489974272124034,47.653183478069714],[-3.490035185569623,47.653134930647596],[-3.489927881166903,47.653131871791565],[-3.490054082578141,47.65307065905369],[-3.489911323890754,47.65310569917001],[-3.489877115750478,47.653044383393734],[-3.489662507339686,47.653038265292565],[-3.489561764652632,47.65308902926204],[-3.489367147467594,47.65302760962746],[-3.489441337600093,47.652978323621454],[-3.489280928291572,47.652978219747666],[-3.489200022817224,47.653082067709924],[-3.4890995881357,47.65291606078425],[-3.48875221728253,47.6529173295191],[-3.488691458010739,47.65285749102453],[-3.48857743843434,47.65290899296148],[-3.488567597712178,47.652828258118504],[-3.488637414615472,47.652743090463],[-3.488902939838787,47.65272831404312],[-3.489224696463818,47.652845878401855],[-3.489349804462794,47.65277569588294],[-3.490045333255378,47.65299889486564],[-3.490566541562965,47.65288860035649],[-3.491219116322605,47.652978712602795],[-3.49164629429561,47.65286461641972],[-3.491901676391809,47.65298586911891],[-3.491978441818453,47.6529636964397]],[[-3.490243080270564,47.65319561017883],[-3.490231049580109,47.653096934445315],[-3.490122651563756,47.653084905246494],[-3.490118124657374,47.65315740840025],[-3.490243080270564,47.65319561017883]]]]},"properties":{}},{"type":"Feature","geometry":{"type":"Polygon","coordinates":[[[-3.50174129990232,47.6535484889609],[-3.501948498337759,47.653275021525246],[-3.502110004259226,47.65328407842067],[-3.502042399532581,47.65338719491881],[-3.502128631181949,47.65343657537232],[-3.502266999821039,47.65336563870846],[-3.502218405381703,47.65329609649914],[-3.502637638351476,47.65333593779965],[-3.502600254935325,47.65313932928788],[-3.502747388583989,47.65314015528878],[-3.502852628421864,47.65301687630622],[-3.503110228439005,47.65315604530659],[-3.50313155295308,47.652892941869816],[-3.503316322441006,47.652873604987775],[-3.503211335149645,47.65278011385266],[-3.50325360614393,47.65257906269581],[-3.50341279318826,47.65267856227742],[-3.50352789387282,47.65263601626001],[-3.503510109171164,47.65270926044528],[-3.50358647766233,47.652677906250126],[-3.503533498434904,47.65257248296744],[-3.503737022459343,47.65259725691401],[-3.503528143776451,47.65241924567391],[-3.503647627561968,47.65241258113366],[-3.503574672124978,47.65236246127232],[-3.503699884714312,47.65218387806484],[-3.503835931761573,47.65220338401154],[-3.503882459594279,47.65214659948101],[-3.503977458860243,47.65226774178345],[-3.504327017215607,47.65228436857864],[-3.5039953667748,47.65208611219465],[-3.504109369707828,47.65203459519381],[-3.504456611377634,47.652141666129054],[-3.504768656044119,47.65207006887637],[-3.504806169056299,47.6521582914921],[-3.505036243887927,47.6521815818924],[-3.504934543390135,47.65211500343393],[-3.505058532839497,47.65203583368389],[-3.505142572729317,47.65206727117356],[-3.505278741400971,47.65197839011898],[-3.505406993785101,47.65204348686314],[-3.505577508187408,47.65190753139637],[-3.505517827438559,47.651856672003404],[-3.506025716817237,47.651747049206186],[-3.506261152835146,47.65192357443095],[-3.506127178634951,47.652030397388025],[-3.506249950330048,47.652050641318304],[-3.506263345572267,47.651941515184475],[-3.506344096873957,47.65194604068169],[-3.506415957947323,47.65198718844997],[-3.506342881259288,47.65204545563212],[-3.506517660050056,47.65205376562367],[-3.506485507372674,47.65211878074706],[-3.506613761566621,47.652183876162034],[-3.506675755171452,47.65214429041449],[-3.506690986875815,47.65237826092369],[-3.506809373704801,47.65236262277995],[-3.50689317891022,47.65261082960108],[-3.507096704640758,47.652635597696026],[-3.507165160052836,47.65275821917895],[-3.507315699666765,47.652677565236196],[-3.50733469291511,47.65250490553897],[-3.507104733371793,47.6523732343653],[-3.507086092597608,47.65222073812228],[-3.506835065533481,47.652135400041445],[-3.506862831905448,47.652034503340275],[-3.506680259491574,47.65207178658253],[-3.506761129408717,47.6519679264663],[-3.506884997675001,47.65199714010187],[-3.506522521179658,47.651656105785335],[-3.506286966132436,47.65158796641471],[-3.50622497288555,47.651627551967536],[-3.506180879819722,47.651485507505974],[-3.505940820698406,47.65148987126906],[-3.50592072699513,47.6516535604501],[-3.505506985968484,47.65165858281846],[-3.505391767806886,47.65180951614565],[-3.504908235918269,47.651899714098164],[-3.50495464029277,47.65195131446195],[-3.504736868711261,47.651809927540604],[-3.504652706800488,47.651886875088586],[-3.504352966128128,47.65184037572324],[-3.504087325793551,47.651963572582424],[-3.504026550410254,47.6519037420321],[-3.503732289897135,47.65190209306497],[-3.503844948117698,47.65205837656821],[-3.503756525209626,47.65199105654566],[-3.503427916072491,47.65203648037796],[-3.503484182276423,47.65216881494341],[-3.503261653764537,47.652316699621664],[-3.503342280050761,47.65242961249364],[-3.503532527454906,47.65245512727399],[-3.503520222418838,47.65257322346494],[-3.503395133536701,47.652643421160285],[-3.503295751396338,47.65248639680072],[-3.503251414392665,47.652561121891786],[-3.503072251068878,47.65251692540211],[-3.503094042193431,47.65280471875044],[-3.502964442776468,47.65294741963949],[-3.502655804636025,47.65293753799221],[-3.502681134412821,47.65303547205319],[-3.502632539734406,47.65296593000407],[-3.502422313155475,47.65299571695832],[-3.502461887326245,47.65321026635471],[-3.502294902930528,47.65315635790474],[-3.50219307633055,47.65319816235123],[-3.502166651668433,47.653091257783075],[-3.50205605960394,47.65306129883359],[-3.501804522814665,47.6534094909995],[-3.501765918245081,47.6533122970656],[-3.501568966052188,47.65334134218148],[-3.501557752074355,47.653468408524596],[-3.501718162878604,47.65346849554697],[-3.50174129990232,47.6535484889609]],[[-3.503082706103116,47.65304017054211],[-3.502996474211406,47.65299079078237],[-3.503091724647818,47.65289516322036],[-3.503082706103116,47.65304017054211]],[[-3.507180746676214,47.65266703371009],[-3.50703604294286,47.65246738343479],[-3.507235064596968,47.65256465512035],[-3.507180746676214,47.65266703371009]],[[-3.50317917800557,47.65284512804162],[-3.503131678710899,47.652784556594824],[-3.503226802972698,47.65279731419281],[-3.50317917800557,47.65284512804162]],[[-3.50377844425291,47.65217046453506],[-3.503684416916589,47.65216667778177],[-3.50373094487854,47.652109893310474],[-3.50377844425291,47.65217046453506]],[[-3.506438362086799,47.65173305462547],[-3.506362115816815,47.65165602535743],[-3.506456142443197,47.65165980995724],[-3.506438362086799,47.65173305462547]]]},"properties":{}},{"type":"Feature","geometry":{"type":"MultiPolygon","coordinates":[[[[-3.513794234537429,47.652424198135485],[-3.513632938085204,47.65219838675264],[-3.513455857763269,47.65228053210714],[-3.513473628668407,47.65220728639244],[-3.513357439272672,47.65224087190614],[-3.513072167897889,47.65209423828321],[-3.513030251231083,47.651970137066584],[-3.512907477149064,47.651949900258735],[-3.512992724752708,47.651881917082605],[-3.512915371323041,47.6517959217823],[-3.512368872840378,47.651808384012476],[-3.512241817146462,47.65164387987384],[-3.511825774101324,47.651739369319],[-3.511692028236507,47.6516294279737],[-3.511505071605399,47.65163083745296],[-3.511662076663172,47.65171238518935],[-3.511545887204877,47.65174596891061],[-3.511508363338518,47.651657748439625],[-3.511304839290407,47.65163298801531],[-3.511262708622466,47.65172565683965],[-3.511435183775953,47.65182440415999],[-3.511225954499495,47.65197156263282],[-3.511116456854602,47.65195058257023],[-3.511161770083596,47.65199321013681],[-3.510892853258197,47.6520895114655],[-3.510888354661149,47.65216201545905],[-3.510622838355136,47.652176841835846],[-3.510687133618293,47.65204680930549],[-3.510470221836556,47.6521311740688],[-3.510432699477883,47.652042953270225],[-3.510224786313452,47.65198230962055],[-3.510199220393517,47.65210114780134],[-3.510152810816626,47.65204954952428],[-3.510085223198773,47.652152670741124],[-3.509902652632457,47.652189959015374],[-3.509840885622672,47.65201277582881],[-3.509598630566107,47.65199920641903],[-3.509380846483115,47.65185782815554],[-3.509375475102496,47.65170459107306],[-3.509247105359388,47.651747884018896],[-3.509128834181412,47.65165513929206],[-3.509078152361762,47.651459273813906],[-3.50898302908665,47.6514465209699],[-3.509008597401746,47.65132768301452],[-3.508749779714929,47.65128794189788],[-3.508636879613625,47.651348433802895],[-3.508692061243706,47.65147179555155],[-3.508575641048679,47.65172214702407],[-3.508388881483909,47.65157825911121],[-3.508488424339327,47.65155541557628],[-3.508401208175068,47.651388684048875],[-3.508553820798857,47.65143435453567],[-3.508610328331981,47.65134991595679],[-3.508420312462395,47.651107638683456],[-3.508706891399787,47.65104648334211],[-3.509018696368287,47.65119164546044],[-3.50915572615326,47.65132850094801],[-3.509145627510196,47.651464538504214],[-3.509260607699998,47.65153037217198],[-3.509332583620843,47.65146313279953],[-3.509462920615697,47.65165455116096],[-3.509658765350407,47.651616522369565],[-3.509675219388589,47.65175107755925],[-3.509792394768744,47.65183485138438],[-3.50993842794618,47.65182669798809],[-3.509963770563049,47.651924630527056],[-3.510059006608201,47.65182899723337],[-3.510313328534919,47.65194123941892],[-3.510450585341955,47.65186132267147],[-3.510440489899547,47.65199736030167],[-3.510555472835308,47.65206319267707],[-3.510652902282152,47.65198549957882],[-3.511011347963644,47.651965483733385],[-3.51116089178009,47.65176746913102],[-3.511115797815525,47.651508070854476],[-3.511476434588054,47.65150599424397],[-3.511584725623999,47.651626389000654],[-3.511724174274548,47.65156441140133],[-3.511678860960395,47.651521784043254],[-3.511959843982272,47.65152415445767],[-3.512374573766816,47.651636464919584],[-3.512397725972813,47.651716456299674],[-3.512723033151974,47.65164409628527],[-3.513049225734769,47.65179747637721],[-3.513051315144883,47.6519238023442],[-3.513110011114456,47.65185730223809],[-3.513495006401886,47.651835795597385],[-3.513212713582528,47.652041229235145],[-3.513343275934309,47.65201587255977],[-3.513298953394031,47.652090601480616],[-3.513444881930091,47.652190829028484],[-3.513681755051158,47.65205115360704],[-3.513747925393189,47.65226421597993],[-3.513909534117855,47.65216487125262],[-3.513946958525402,47.65236147624489],[-3.513777769903809,47.65228964357329],[-3.513794234537429,47.652424198135485]]],[[[-3.508271760177661,47.651503559725214],[-3.508232896009202,47.65154258439285],[-3.508353358808343,47.65165327074889],[-3.50832669216544,47.651763138182524],[-3.508431801407501,47.65174823943247],[-3.50858868744357,47.6519381766275],[-3.508560924385454,47.65203907374381],[-3.508387242052478,47.65203973716447],[-3.508292233180118,47.65191859843256],[-3.508181524609967,47.6519970305926],[-3.508093212008581,47.65182132851455],[-3.508101869754358,47.652001476724344],[-3.508001262435477,47.65194387128797],[-3.507867175532284,47.652159081560306],[-3.507766568169611,47.652101475926614],[-3.507696782643277,47.65218665503642],[-3.507562927411453,47.65218509431108],[-3.507173658649,47.65206231461669],[-3.507714561423275,47.652113410194076],[-3.507792139508032,47.651982638278085],[-3.508012344906695,47.65192518956055],[-3.508016963223317,47.65174430032979],[-3.507879935291412,47.651607443536655],[-3.508010499115788,47.65158209281358],[-3.508049461103599,47.65135412870736],[-3.508271760177661,47.651503559725214]],[[-3.508212693884674,47.65181465930476],[-3.50827578257804,47.65178404305997],[-3.508139850558555,47.65165615693363],[-3.508212693884674,47.65181465930476]]]]},"properties":{}},{"type":"Feature","geometry":{"type":"Polygon","coordinates":[[[-3.513381174605152,47.650577726932625],[-3.513474207018343,47.65046415015494],[-3.513585897679985,47.65050306865416],[-3.51365467839819,47.65030053021235],[-3.513466943200212,47.6499678161999],[-3.513214924303567,47.649765135948265],[-3.513084367398296,47.64979049251007],[-3.513280307844769,47.64964407214966],[-3.513516856128237,47.64982955327059],[-3.513472745136197,47.649687511427544],[-3.513604399161193,47.64967112474895],[-3.513149962066218,47.64945265784503],[-3.513258463069159,47.64935628022784],[-3.513434331649061,47.6493735502095],[-3.513017527992072,47.64913491723262],[-3.512810508456021,47.64930001940059],[-3.513006025088576,47.649587141386675],[-3.512944039151494,47.649626730545116],[-3.513104332930741,47.649735187402335],[-3.513046736753959,47.64981065790237],[-3.513256839667663,47.64988923724162],[-3.513541890552258,47.65025264145845],[-3.513402237664509,47.650531392113265],[-3.513255321420908,47.65031380868208],[-3.513152411339688,47.6503466524209],[-3.513381174605152,47.650577726932625]],[[-3.513261545201324,47.64959996214623],[-3.513227312476854,47.64953865309532],[-3.513364453775214,47.64956711829852],[-3.513261545201324,47.64959996214623]]]},"properties":{}},{"type":"Feature","geometry":{"type":"MultiPolygon","coordinates":[[[[-3.514816301720741,47.648031397650655],[-3.514853689158574,47.64808400642419],[-3.515102514431026,47.64815138683774],[-3.515201923241578,47.64830840151039],[-3.515110097464196,47.64832256456222],[-3.515165290930674,47.64844592344868],[-3.51507027306956,47.64832479000046],[-3.514931832747893,47.64850412754438],[-3.514689694596808,47.64838218312784],[-3.514581300649718,47.648370176586816],[-3.514580100463866,47.64846959180805],[-3.51454257388496,47.648381372160486],[-3.514137743393227,47.64834980208049],[-3.514439359988866,47.64873937364809],[-3.514305513208296,47.64873782064301],[-3.514228265428236,47.64854344054449],[-3.514063478970122,47.64850748941563],[-3.514092327398049,47.64841556112601],[-3.513917663183445,47.64829887690787],[-3.514069277613555,47.64822718440004],[-3.514292650602866,47.64830502024436],[-3.514403342529548,47.64822658214396],[-3.514471809076133,47.64834919962872],[-3.514563635068774,47.64833503707867],[-3.514513931504687,47.64825652948412],[-3.514647777084022,47.648258082250855],[-3.515000504142394,47.64840997363941],[-3.514980846106012,47.64814012247935],[-3.514823744490925,47.6481669646037],[-3.514816301720741,47.648031397650655]]],[[[-3.514732247116811,47.647913121944434],[-3.514462443669857,47.64772653897762],[-3.514468034696619,47.64766300499839],[-3.514612958057211,47.64764587542312],[-3.514501169976161,47.64771534342669],[-3.514684819715483,47.64768701819881],[-3.514872758276701,47.647802959519986],[-3.515027663281908,47.647758176696705],[-3.51528526966321,47.64789731924052],[-3.515307225788039,47.64807672544915],[-3.515167891712054,47.64803032188108],[-3.51506079916948,47.647810514963695],[-3.514902498991876,47.64793677245232],[-3.514643795725592,47.647788658750066],[-3.514732247116811,47.647913121944434]]]]},"properties":{}},{"type":"Feature","geometry":{"type":"Polygon","coordinates":[[[-3.465283691680789,47.64941636818831],[-3.465171151998458,47.64926004731376],[-3.465177891282469,47.64920548652999],[-3.465262992626608,47.64924592351474],[-3.465222278813451,47.64913077576146],[-3.465394862748128,47.64912120572056],[-3.465504134408188,47.64925061407967],[-3.465610542087873,47.64913633916914],[-3.465771827658295,47.649253831730846],[-3.465899338509896,47.649093230293104],[-3.466230828757862,47.649291595079596],[-3.466189023246519,47.64916747690178],[-3.466328317669458,47.64921393883531],[-3.466355069513092,47.64910408085457],[-3.46610065264922,47.649100128293014],[-3.466292160525026,47.64902628907019],[-3.466274038800485,47.64865701516255],[-3.466211417049516,47.64902173589071],[-3.466048639516207,47.64911204403502],[-3.465694957747854,47.64895103419807],[-3.465360405800571,47.648617370075584],[-3.465268566280087,47.64863149395581],[-3.465351082947354,47.648870760242765],[-3.465598557867227,47.6490376606953],[-3.465487994748582,47.64900766707997],[-3.465272113310536,47.64910091884073],[-3.464986990921822,47.648954167623565],[-3.46519463802678,47.64912327727883],[-3.465025322183962,47.64915975935049],[-3.465021850887425,47.64924123245217],[-3.465283691680789,47.64941636818831]]]},"properties":{}},{"type":"Feature","geometry":{"type":"MultiPolygon","coordinates":[[[[-3.470836714664838,47.64946956318642],[-3.470629946883812,47.649417819738005],[-3.470499754681625,47.64922635786491],[-3.470627059460763,47.64917413670754],[-3.470399577679451,47.648951949090645],[-3.470232446440749,47.649006380162355],[-3.470195505100406,47.64925227336708],[-3.470113670713943,47.64923875215771],[-3.470127843810388,47.6493553716119],[-3.469998357670519,47.649389650764675],[-3.469707070890331,47.64906540670312],[-3.470036197258968,47.64926111380412],[-3.470175880662673,47.649090800277015],[-3.470124254043634,47.64888594693759],[-3.47026374367151,47.64882401873249],[-3.470155232273657,47.64826107288769],[-3.470296900722762,47.64821708608684],[-3.470603647961247,47.64865162441077],[-3.470916234411171,47.6489142445398],[-3.471016986952403,47.64886349653445],[-3.471162636530808,47.6490721624837],[-3.470796754381537,47.64892087562604],[-3.470728387478538,47.64879823260663],[-3.470518159526862,47.64882796223074],[-3.47051251604683,47.64889149405864],[-3.47044524011675,47.64877782159771],[-3.470368857739738,47.64880915419659],[-3.470352119066105,47.64889136420255],[-3.470628533328354,47.64896633654265],[-3.47075545433203,47.64913088613218],[-3.470787074389744,47.649391037051174],[-3.470691065276242,47.64926089687423],[-3.470642323987877,47.64929972682579],[-3.470836714664838,47.64946956318642]]],[[[-3.469699092099245,47.649060662276796],[-3.469536664613661,47.64899983370739],[-3.469518834465418,47.64907307285208],[-3.469268076858561,47.64887926849397],[-3.468947478164456,47.64877061969002],[-3.46864541038787,47.64881447264343],[-3.468625203279835,47.648978155622125],[-3.468586662358043,47.6488809505114],[-3.468390994735327,47.6488105250678],[-3.468132022702068,47.64887907939959],[-3.468003823414256,47.6488139416468],[-3.467805779625619,47.64883395917784],[-3.46771592234058,47.648974411929736],[-3.467801720052432,47.6492405886932],[-3.467448230375152,47.64897119873164],[-3.467413455791074,47.649235032566246],[-3.467352031733038,47.64894944123175],[-3.467543537336247,47.6488755999523],[-3.467712257467754,47.6491642705563],[-3.46767956271636,47.648895148022824],[-3.467818162844777,47.648715866528846],[-3.467918917957892,47.64866512118944],[-3.468158770664159,47.64876922098677],[-3.468283199962912,47.64847331918989],[-3.468571990636912,47.648430203693756],[-3.468702173979128,47.64862166779412],[-3.469082608650106,47.648672809926936],[-3.469147701416516,47.64876854170108],[-3.469386661173699,47.64875528277758],[-3.469470480746397,47.64889513142629],[-3.469574505037871,47.64887129687021],[-3.469647229991791,47.6490298234921],[-3.469699092099245,47.649060662276796]]]]},"properties":{}},{"type":"Feature","geometry":{"type":"Polygon","coordinates":[[[-3.464791806230539,47.64921786323972],[-3.464889500532701,47.64903182275935],[-3.464983519580131,47.64903564073287],[-3.464793506450149,47.64890167771292],[-3.464788467052591,47.648640052913265],[-3.465064188967652,47.648489296723305],[-3.464824547117319,47.64827680508274],[-3.464771852516939,47.64806297850968],[-3.464557062928932,47.64816519977783],[-3.464511177604312,47.64844771049721],[-3.464323141662426,47.64844007371211],[-3.464290259804,47.64827933561024],[-3.464391017447876,47.64822859330118],[-3.464315041491139,47.64804315098061],[-3.464165539189718,47.6481327205026],[-3.464271538143051,47.64823521771795],[-3.464168397047005,47.64837640382434],[-3.464238926797171,47.64851699227992],[-3.464407151877115,47.64847154055113],[-3.464482243743183,47.648539626526755],[-3.464660680208084,47.64835814054771],[-3.464741015087888,47.64857946573659],[-3.464563259264585,47.648986693488546],[-3.464791806230539,47.64921786323972]],[[-3.464821829269991,47.649134917943506],[-3.464706023570426,47.648951684263345],[-3.464849673522147,47.6490340310808],[-3.464821829269991,47.649134917943506]]]},"properties":{}},{"type":"Feature","geometry":{"type":"Polygon","coordinates":[[[-3.488046073054468,47.65315531420582],[-3.488063879133762,47.653082072392415],[-3.488279580906228,47.653097163968944],[-3.488415780295294,47.6530083026132],[-3.488298480016243,47.65303289265767],[-3.488128230465763,47.652952052340446],[-3.488084965167583,47.653035742199386],[-3.487913465953807,47.653054316274805],[-3.487942361895263,47.65296239466434],[-3.487804132154231,47.652924929133036],[-3.487837558198099,47.65276050446592],[-3.487579999933202,47.65262130177429],[-3.486811228887256,47.6525647283029],[-3.486684865784255,47.652734322818915],[-3.486354984665164,47.65287911332381],[-3.48621784927173,47.652850616473515],[-3.48606322617323,47.65267859046902],[-3.485806604923002,47.6526567396936],[-3.485741477523599,47.652561017395705],[-3.485489228524321,47.652575048186144],[-3.485053784603238,47.65229220148055],[-3.4849795913719,47.65234148471877],[-3.484718601169495,47.65228374925275],[-3.484504323603546,47.65206085109635],[-3.484105275036415,47.65185725933115],[-3.483954104179146,47.651603756884555],[-3.483819158521852,47.65159319837513],[-3.48356396696557,47.651363542594446],[-3.483830909236782,47.65114097759885],[-3.483609753913994,47.65108102483189],[-3.483629750479668,47.65102572480117],[-3.48347136639843,47.65115193948816],[-3.482901926742972,47.650975881438605],[-3.482733118705186,47.65068723304443],[-3.482517428244751,47.65067213121155],[-3.482462475701152,47.65044037167658],[-3.482266615911393,47.65047835491133],[-3.482192590915163,47.650419251044084],[-3.482145622752888,47.65003351479777],[-3.482021435330035,47.65022104571661],[-3.481907583815191,47.65016415581997],[-3.481979761077192,47.64998854784394],[-3.481801885312601,47.6498449038852],[-3.481641316034994,47.649953174939554],[-3.481477639354207,47.64992614850465],[-3.481481838269649,47.650070416384715],[-3.481318161309992,47.65004338972808],[-3.481347819119225,47.65017721103205],[-3.481063909441775,47.6499310843375],[-3.480973163894734,47.64995419117251],[-3.480745464482057,47.64984040920818],[-3.480526330342391,47.64990677723231],[-3.480385929774002,47.649851361611944],[-3.479914156931077,47.64948923541443],[-3.479817206619235,47.649241746661616],[-3.479455492141249,47.64923475493218],[-3.479265093511993,47.64931758636048],[-3.478973381140481,47.6491170454329],[-3.478707695778708,47.64924018476994],[-3.478730621154513,47.64942856835265],[-3.478571314201765,47.64943742042468],[-3.478579696261943,47.64972595645608],[-3.478356193366883,47.64975643783042],[-3.47827072878415,47.64993278121947],[-3.477938659017678,47.65005960688285],[-3.477832807328857,47.64984873675577],[-3.477965917993826,47.64962459004813],[-3.47781442827693,47.64958785022965],[-3.477674945416467,47.64964978742306],[-3.47753528448692,47.64982010986376],[-3.47760765327158,47.64953611913116],[-3.477497082370629,47.64950613688649],[-3.477385242081482,47.649575569307515],[-3.477257029824828,47.64951044173041],[-3.477342318945341,47.649442484480744],[-3.476980048653403,47.64910135809861],[-3.476832747378278,47.64920888510381],[-3.476391380195661,47.64920630865961],[-3.475900546566713,47.64901682112187],[-3.475603392734596,47.648771418371915],[-3.475398805264372,47.64873762470031],[-3.475259321822525,47.648799559037826],[-3.475209310728689,47.64893780568433],[-3.474812503018055,47.648752123220795],[-3.474653197435116,47.64876096995443],[-3.474676291840411,47.64884096891882],[-3.474377869523496,47.648694977816916],[-3.474176555843785,47.64868809407531],[-3.474201831329924,47.64878603452012],[-3.47409562747884,47.648791931811566],[-3.474017250346579,47.648696939942276],[-3.47376937989318,47.64874682823754],[-3.473611350679864,47.648656258776924],[-3.473486231641089,47.64872642459666],[-3.473207819650608,47.648525132127816],[-3.473067243502086,47.648578093153795],[-3.4729668674927,47.64841207197622],[-3.471940153199001,47.6478820375447],[-3.472109649018902,47.64773715991075],[-3.472018001746031,47.647642903577726],[-3.471770323768556,47.64758440213259],[-3.471729218117829,47.64768602760796],[-3.471593194336654,47.64766648423918],[-3.471456980570129,47.64775532623484],[-3.471599357465672,47.64793707959709],[-3.471486612375859,47.64788915020028],[-3.471473147028374,47.647998272568174],[-3.471765726125911,47.648316188544],[-3.471454939691513,47.648288283038454],[-3.471371825776531,47.648374177471744],[-3.471804794790835,47.648747519771206],[-3.471719499728696,47.6488154730037],[-3.471758947340116,47.649030033249566],[-3.471662557162038,47.64911666474547],[-3.471231576428053,47.648869648889416],[-3.47114390890941,47.649028045710885],[-3.471231195332078,47.64908641979029],[-3.471370684199274,47.64902449027032],[-3.471486512943516,47.64920771733803],[-3.471628182808544,47.64916372894491],[-3.471747473778361,47.649265482447504],[-3.471708926960966,47.649168278381225],[-3.471988281712047,47.648827647129444],[-3.471838078205696,47.64869148479555],[-3.471885916763744,47.64853529814564],[-3.472227806598012,47.64848922598604],[-3.472318741777678,47.64835774044052],[-3.47255077941202,47.64850742174552],[-3.472820650709474,47.648528564666826],[-3.472958671500073,47.64867443347991],[-3.473282736441794,47.64870159791813],[-3.473301279374436,47.64885409981951],[-3.473389844815923,47.64881305753105],[-3.473565512872804,47.64893877297746],[-3.473918682704415,47.64876563192754],[-3.474187280395393,47.64888618645858],[-3.474365500827371,47.64881307116194],[-3.474576633801214,47.648900690767334],[-3.474825595234659,47.64885977144913],[-3.474944891622338,47.648961521703704],[-3.475075464608747,47.64893620774486],[-3.475245681567466,47.6490170672462],[-3.4753166058513,47.648940878061595],[-3.475402805576118,47.64899027834734],[-3.475390803278719,47.648891600871],[-3.475545744562186,47.64884687041795],[-3.475707960849653,47.649081705415156],[-3.476140055269921,47.64933767540465],[-3.476225345536877,47.64926971896411],[-3.476317003036229,47.649363971917154],[-3.476724001499861,47.6494136143343],[-3.476789108879728,47.649509341814394],[-3.476845843782809,47.64931653308012],[-3.476980782301746,47.649327099654535],[-3.477006063237922,47.649425039460084],[-3.477170827542968,47.64946104282586],[-3.477044441149205,47.649630627191534],[-3.477145923567884,47.64980561542004],[-3.477314319907859,47.6496517597224],[-3.47745926058193,47.64963467624595],[-3.477333966154901,47.64981323156573],[-3.477373615155878,47.64991940440015],[-3.477433444859915,47.64986189280741],[-3.477584935092537,47.64989863311451],[-3.47768586058938,47.64973949397118],[-3.477804250056596,47.64972388519042],[-3.477647684055132,47.65008480418419],[-3.477669691998045,47.650155831848686],[-3.477840093906813,47.650128302126916],[-3.477816639851042,47.65026507462985],[-3.477923023182429,47.65015078856956],[-3.478274919029074,47.65007704921416],[-3.478566244957409,47.649835079536295],[-3.47875537955202,47.649851664040376],[-3.47871463615964,47.64973652102609],[-3.478786472945387,47.64977768582945],[-3.479130722808808,47.649641149370225],[-3.479645196349375,47.64958546495582],[-3.4795966348388,47.64951591320541],[-3.479775768632485,47.64956014575317],[-3.479805768570866,47.64947719662352],[-3.480165875604722,47.64980037291621],[-3.480604720839853,47.6500017646755],[-3.480673111985857,47.65012440183867],[-3.480764949996533,47.65011026586278],[-3.480788054149361,47.650190263562685],[-3.480944086754164,47.65015449660585],[-3.481250180108437,47.65036326515677],[-3.481410581538912,47.65036338005386],[-3.481354371988372,47.650231034740834],[-3.481479314472809,47.65026924594817],[-3.481487299094751,47.650115269471726],[-3.481734076481439,47.65005639422594],[-3.481928336395896,47.65033459745973],[-3.482033450189229,47.65031972244307],[-3.482069663570715,47.65050736720709],[-3.48237702359448,47.65061671800559],[-3.4823613951809,47.65070790025947],[-3.482547256979039,47.65069756679979],[-3.482757151310376,47.65088458629663],[-3.482729339953479,47.650985477326245],[-3.482818994086752,47.65095339853903],[-3.483000153606278,47.65112395266183],[-3.483062163496419,47.65108437942079],[-3.483110730952019,47.65115392967401],[-3.483491197483028,47.651205024829316],[-3.483464314163499,47.651423271943656],[-3.483949404293976,47.65178464516923],[-3.48400780717139,47.651934930296996],[-3.484184767428231,47.65196121486002],[-3.48417913989041,47.65202474724304],[-3.484315179391129,47.65204427591621],[-3.485146231131968,47.65261218847547],[-3.485213705373889,47.65261746698064],[-3.485177479502686,47.65242982339803],[-3.485336470480427,47.652637732875114],[-3.485525617113972,47.65265430639713],[-3.485664776234354,47.65280913045323],[-3.485899378128008,47.65275995552761],[-3.486282977879308,47.65294633849141],[-3.486716724753095,47.65288608368321],[-3.487036766558821,47.65266055717879],[-3.487210134969734,47.65287669600917],[-3.487338683145891,47.65272504203859],[-3.487380540644467,47.65284915241487],[-3.48746691543285,47.65279015844437],[-3.487618420887901,47.65282688568784],[-3.487596083964303,47.65297263050616],[-3.487759616104017,47.6531080335723],[-3.488046073054468,47.65315531420582]],[[-3.481352017703407,47.650321478897865],[-3.481109948072879,47.65019946502579],[-3.481155406231724,47.65013371886608],[-3.481352017703407,47.650321478897865]]]},"properties":{}},{"type":"Feature","geometry":{"type":"MultiPolygon","coordinates":[[[[-3.514154970500563,47.646524445966364],[-3.513912843108302,47.6464024998142],[-3.513993673739215,47.64633803053398],[-3.514154970500563,47.646524445966364]]],[[[-3.513973651737227,47.64631489040709],[-3.513872026489082,47.64628736886225],[-3.513601366239351,47.64593219339144],[-3.51327520792386,47.64577881437131],[-3.512829796142062,47.645415337105604],[-3.512681479981726,47.645513939150185],[-3.512751036421097,47.645645528162476],[-3.512624985071037,47.64559837995466],[-3.512507925634215,47.64540622299552],[-3.512677090721469,47.64547805776358],[-3.512621906076962,47.64535469751105],[-3.512462723710502,47.64525521009422],[-3.512476988299875,47.64537182463742],[-3.512209740958521,47.64493517109771],[-3.511750961333696,47.64468081679459],[-3.512056261819026,47.64466376339496],[-3.51158212574322,47.64428382338174],[-3.511795496168863,47.6443893166613],[-3.511795604309029,47.64428093089677],[-3.511549104098065,47.64412309825895],[-3.511453884476211,47.64421873315137],[-3.511106789862864,47.644003296786224],[-3.510939715667963,47.64405778621259],[-3.511095819681012,47.64391359309969],[-3.511199815654946,47.643889721429964],[-3.511144417144997,47.6439831319576],[-3.511362282781622,47.64401612173604],[-3.511384333095351,47.64408714326919],[-3.511552504023713,47.64404162357198],[-3.512031134134498,47.64434905942318],[-3.512247582927344,47.64469823444697],[-3.512415648163874,47.644761099265885],[-3.512342587923164,47.6448193704193],[-3.512529414017062,47.64492634533008],[-3.512186699323286,47.644746793658804],[-3.512099482731883,47.6445800642996],[-3.51216015142506,47.64474827662434],[-3.51197102455364,47.644731746143954],[-3.512200963173535,47.64486340826655],[-3.512385380741169,47.645169214145774],[-3.512452955068647,47.64506609122294],[-3.512696170372202,47.64519701083297],[-3.512711532772921,47.645322595698396],[-3.512773513882686,47.645283006574445],[-3.513004554226125,47.64542363742401],[-3.513625719720327,47.6459127694278],[-3.513973651737227,47.64631489040709]]]]},"properties":{}},{"type":"Feature","geometry":{"type":"MultiPolygon","coordinates":[[[[-3.510167658825223,47.642990012350154],[-3.510117966706939,47.64291150266733],[-3.509963071650851,47.642956279095],[-3.509545349616087,47.642600276693],[-3.509526479791333,47.64266455178768],[-3.509427043151095,47.6425914672754],[-3.509550945959947,47.642536742779576],[-3.509429404550621,47.642417086740565],[-3.509647262733403,47.64245007974368],[-3.509886944847147,47.64277086592641],[-3.510007503044712,47.64277316523569],[-3.509855026024852,47.64261911058476],[-3.509869508308744,47.64251895388816],[-3.509963519084362,47.64252273568392],[-3.509937957114561,47.642641574393636],[-3.510151317723467,47.64274707076575],[-3.510167658825223,47.642990012350154]]],[[[-3.509335546796912,47.6426318785655],[-3.509367085082543,47.64278183172655],[-3.509238850126882,47.64271673901424],[-3.509052907597107,47.6428355008186],[-3.509147145905011,47.64262251156583],[-3.508950351099309,47.642543183423435],[-3.508570903843701,47.642609527190274],[-3.508578809148881,47.64245554825725],[-3.509041299385027,47.64230328303411],[-3.508851199655693,47.642169391206146],[-3.5089583691985,47.64228081858483],[-3.508753899821174,47.64213869731742],[-3.508651002734909,47.64217153723191],[-3.508536043461945,47.64210570264322],[-3.508789333494193,47.642100592428996],[-3.509018156294176,47.64222329059664],[-3.508793834094926,47.642028088135994],[-3.509072573725678,47.64201252470561],[-3.508991951053777,47.641899615174246],[-3.509164503726517,47.64188998045492],[-3.509500496846087,47.642124104791755],[-3.50932113706564,47.64229668940873],[-3.509049089573613,47.64225768992684],[-3.509103166106352,47.6423720816706],[-3.508992478533222,47.64245051498921],[-3.509171612962869,47.64249470263439],[-3.509165032987199,47.642440880271856],[-3.509364134202822,47.642429762973585],[-3.509375101168714,47.64251946689191],[-3.509199143081417,47.64261057660179],[-3.509246640207041,47.64267114590361],[-3.509335546796912,47.6426318785655]],[[-3.509178533307454,47.64222336737921],[-3.508997320346178,47.64205285305748],[-3.509042509750742,47.6422038675508],[-3.509178533307454,47.64222336737921]],[[-3.509218466764425,47.64211275805753],[-3.50926278673154,47.642038030295765],[-3.509095830425579,47.64198413124963],[-3.509218466764425,47.64211275805753]]]]},"properties":{}},{"type":"Feature","geometry":{"type":"Polygon","coordinates":[[[-3.463929232311802,47.64849803754769],[-3.463731805507901,47.64819289175766],[-3.463550305240511,47.64823907847914],[-3.463513539861138,47.648376584200754],[-3.463375339159612,47.648339089686345],[-3.463302220478096,47.64839733005633],[-3.463106768653127,47.64821851027007],[-3.462989467246157,47.648243074971205],[-3.463005335295885,47.64804350970731],[-3.462858216334962,47.648042633668396],[-3.462828190857683,47.64812557850733],[-3.462659965523512,47.648171027971244],[-3.462590945528681,47.64782263835085],[-3.462397676004463,47.64766175893523],[-3.462304331100623,47.64788368069262],[-3.462308015127733,47.64769382210927],[-3.462205078761508,47.647726621019665],[-3.461936513982331,47.64760603887523],[-3.461952637047701,47.64784898654285],[-3.461919972151752,47.64757986221395],[-3.46181942304436,47.647522216895915],[-3.461781564895705,47.64765075131164],[-3.461585032135722,47.647462958096895],[-3.461702542372231,47.647330009271364],[-3.461428116145314,47.64738134291635],[-3.461375436039813,47.64716751471202],[-3.46114561294853,47.64703575275604],[-3.461079903170567,47.6472651730554],[-3.460904270042036,47.64713943873115],[-3.461028735769117,47.64684354440879],[-3.460803057682684,47.64685605060876],[-3.46076063127972,47.64705708698232],[-3.460607859989921,47.64711973952462],[-3.460595009029535,47.64690370406109],[-3.460357356557652,47.64681753029759],[-3.460436582704517,47.64702988779431],[-3.460338425995172,47.64688179729481],[-3.460082056358758,47.6467515044109],[-3.460037214952242,47.64649208579937],[-3.459663549067343,47.64638635361436],[-3.459721430955612,47.64620252372394],[-3.459604132422021,47.646227085052566],[-3.459606523388337,47.64613664114392],[-3.459448311475364,47.646154438000835],[-3.459339060842438,47.646025023770356],[-3.459213929208167,47.646095174403435],[-3.459293364519067,47.6461991471716],[-3.459141897387778,47.64616238308184],[-3.459031559174513,47.6460239977195],[-3.458799138687083,47.646091060573845],[-3.458942771821741,47.64617341477528],[-3.458846581692152,47.64615165024181],[-3.458857464495828,47.64624135870975],[-3.458704909289249,47.6461956232076],[-3.458686408996633,47.64604311878122],[-3.458491420233909,47.646198418690574],[-3.458553226283575,47.64626724393961],[-3.458479016957792,47.64631651050538],[-3.458347571021166,47.64622444952203],[-3.458351269012042,47.646034590899454],[-3.458203067498595,47.64602473814649],[-3.458096650160688,47.646139006496725],[-3.457780660926362,47.64595782472443],[-3.457804816923348,47.64604679799576],[-3.457579141451212,47.64605929797441],[-3.457505149933753,47.646000178335235],[-3.457702098984877,47.6459712073737],[-3.457358474129038,47.64578252416939],[-3.457232252458649,47.64584370182683],[-3.457190901405568,47.64605370787268],[-3.456944115462484,47.64611253140854],[-3.456941071154569,47.645977233221586],[-3.456755220849105,47.64598752597987],[-3.456697989150022,47.64584619764331],[-3.456530853664947,47.645900609205626],[-3.456560447006561,47.64603443708308],[-3.456396574387731,47.64611576105366],[-3.456324759807461,47.646074582409305],[-3.456416817922838,47.645952079947286],[-3.456261869014265,47.64599678510284],[-3.456227704100669,47.645935459254744],[-3.456167855945801,47.64599296010602],[-3.456128252057448,47.645886779862984],[-3.456082766682554,47.645952516429304],[-3.455980051365057,47.64587692428974],[-3.455925641924199,47.645979279391845],[-3.455750890944902,47.64597089370986],[-3.455738925668518,47.645872214062756],[-3.455559824188769,47.645827944584795],[-3.455644047320409,47.645751032164526],[-3.455540022891076,47.64577485435807],[-3.455541333012254,47.64567543963139],[-3.455424676122209,47.645925738853705],[-3.455381810694743,47.645792645712305],[-3.455466034027249,47.64571573341894],[-3.455343296199267,47.64569543607359],[-3.455284535032144,47.64576190736113],[-3.455336992944711,47.64553322516792],[-3.455220781521335,47.64556675298729],[-3.455068454725997,47.645412627100946],[-3.454959856671628,47.64550895086036],[-3.454777494316143,47.64543776751529],[-3.454622736000025,47.645924983821345],[-3.454503485156164,47.645823212662236],[-3.454605335025857,47.64578144961565],[-3.45446039750749,47.64579850477918],[-3.454424059738067,47.64571923661765],[-3.454377484886832,47.64577600163593],[-3.45411809799542,47.645510397305635],[-3.454043885627482,47.64555966107406],[-3.453996448602142,47.64549906943753],[-3.453978372714839,47.64568069195238],[-3.453863247548501,47.645723189313436],[-3.453736612814642,47.64545023547248],[-3.453633901787633,47.64537464125078],[-3.453464589937274,47.645411106642534],[-3.453407367571778,47.645269776651915],[-3.453152969951752,47.645265795892726],[-3.453154917307895,47.645392123324804],[-3.452998020301734,47.6453104967361],[-3.45298343051855,47.64541064621206],[-3.452948410148339,47.64523196285471],[-3.452857660423565,47.645255047911675],[-3.452791513928987,47.64515033598191],[-3.452860518478391,47.644947832817394],[-3.452686858577017,47.64494841345693],[-3.452729085606768,47.64485576544825],[-3.452331470807232,47.6451035488508],[-3.452300743664059,47.64551164797569],[-3.451982144342565,47.64552927987501],[-3.451868334872324,47.64547236057666],[-3.451928187076298,47.645414861912045],[-3.45183200117554,47.64539309159563],[-3.451820273237939,47.64518602589095],[-3.451657713344831,47.64516792854021],[-3.451702116446109,47.64509322275119],[-3.451595060843205,47.644981743047424],[-3.451518672833743,47.64501306338589],[-3.451429471381106,47.64482834697026],[-3.450759905441941,47.64448609163261],[-3.450143833406758,47.644475022629805],[-3.450067678789357,47.64439795636007],[-3.45010462907585,47.64470296818645],[-3.449957285795075,47.64481046155417],[-3.44988920593852,47.64457942042683],[-3.449866769421158,47.644725158644285],[-3.449752729763508,47.64477662291357],[-3.449673080839559,47.64478102923466],[-3.449651346744958,47.644601610447566],[-3.449359301553309,47.64461776644081],[-3.449395396164168,47.644805421872164],[-3.449312252168627,47.64489130076775],[-3.449290284143971,47.64482026757226],[-3.449134245932588,47.644855992360206],[-3.44908719518421,47.6451295265626],[-3.449038913172516,47.644951576322505],[-3.448987751157441,47.64508084107312],[-3.448877205576351,47.64505083168015],[-3.448852592939029,47.64517862777837],[-3.448685073984237,47.644898900300014],[-3.448352115764154,47.644908285628894],[-3.447350828720289,47.64502687963591],[-3.446963443692898,47.64513861213525],[-3.446864001586889,47.645089924838565],[-3.44687051904799,47.645143750618686],[-3.446358226494102,47.64521723279787],[-3.445508141724048,47.64548097727698],[-3.445401941286887,47.6454868484997],[-3.445365617186321,47.64540757750881],[-3.445446384549853,47.645388039912476],[-3.44550271161643,47.645436122404895],[-3.446861829102778,47.645071982911425],[-3.44901826773884,47.64478112837834],[-3.449031162843922,47.644446266154524],[-3.449135187588667,47.64442244973917],[-3.449123850630921,47.64454951161427],[-3.449272046369885,47.64455937589017],[-3.44928928635897,47.64426039737946],[-3.449404177147077,47.644326290169175],[-3.449475132088436,47.64425011648677],[-3.449534516300191,47.64440939036175],[-3.449495161466726,47.64419482210524],[-3.449623561480306,47.64415159463796],[-3.449874459427126,47.64423705594639],[-3.449912962907355,47.64433426746128],[-3.449978717085521,47.644104853093594],[-3.450082740741802,47.6440810358304],[-3.450111230132416,47.644205894529854],[-3.450130405452046,47.644033243412096],[-3.450352813678135,47.64399384499818],[-3.45065137629326,47.644031512116804],[-3.450767123052857,47.644214760192405],[-3.450944041319022,47.644241095194644],[-3.450837611994294,47.644355357039515],[-3.450974706647894,47.64438389553094],[-3.451164044625936,47.6442921390628],[-3.45120472441098,47.644407292002725],[-3.451604678735437,47.644619967809774],[-3.45182251010133,47.6446530685852],[-3.451890828239514,47.644775722927164],[-3.451925217173343,47.644728664427525],[-3.452130861519833,47.64477147018174],[-3.452316937432636,47.64465279911437],[-3.452503413983209,47.644868255631586],[-3.452438813243136,47.64455574307255],[-3.452511938516632,47.64449750938409],[-3.452572647692354,47.644557366943815],[-3.452554165493269,47.6444048614169],[-3.452850329624301,47.64453296675239],[-3.452921279921069,47.64445679098554],[-3.452921052198421,47.64456517665554],[-3.453283818837917,47.644581221442834],[-3.453388475728648,47.64478314347174],[-3.453549947675936,47.64479226751552],[-3.453692255669158,47.64497404297234],[-3.453766876926887,47.64525890722813],[-3.453808014915793,47.64515728794558],[-3.454126836689276,47.64503126542444],[-3.454142511685598,47.644940086682496],[-3.454616468771898,47.64521187391573],[-3.455016472457583,47.64487363887761],[-3.455182295503594,47.64491864421934],[-3.455280880156212,47.644849967902616],[-3.455318306266935,47.644938206719154],[-3.455557252304028,47.64492497604971],[-3.455555942230936,47.64502439081543],[-3.455664538223153,47.64492806647771],[-3.455730468061203,47.64514116243601],[-3.455642982853949,47.645191162299106],[-3.455911299603995,47.64542014468711],[-3.455953521408598,47.645327495535994],[-3.456031861433155,47.645422499685495],[-3.456160259105049,47.6453792650628],[-3.456067777597434,47.64516763959381],[-3.456196174626985,47.64512440492591],[-3.456741309768457,47.64521162011605],[-3.456711276376081,47.645294563505395],[-3.456956751321945,47.64533515520155],[-3.457050543949305,47.64544736519306],[-3.457257502093449,47.645390747150074],[-3.45730385472049,47.64544236660136],[-3.457307556370697,47.6452525079345],[-3.457593944147311,47.64529986340269],[-3.457746277915188,47.64545398600568],[-3.457980655736002,47.645513252566786],[-3.457907535038817,47.64557148964682],[-3.458043548465192,47.64559104896774],[-3.457984790776743,47.64565752161677],[-3.458099695309961,47.64572340580803],[-3.457997848286032,47.645765171901694],[-3.458243109457193,47.64591414648901],[-3.458360407929324,47.645889586522664],[-3.458298819370995,47.64571237554871],[-3.458586298722187,47.64576869942729],[-3.458544081139749,47.64586134950839],[-3.458697723501335,47.64591605607806],[-3.458747774540217,47.64577781628336],[-3.459046353061203,47.645815461915724],[-3.459228063900614,47.64566089651768],[-3.459628059597117,47.64587354472122],[-3.459717058456142,47.645615741503946],[-3.460080687020365,47.64519822265297],[-3.460433450911988,47.64524189332133],[-3.460377536979521,47.645552050957086],[-3.460069185184512,47.64598457008912],[-3.459944054604974,47.646054721505536],[-3.4596633167904,47.64594384041745],[-3.459964948853887,47.64611678181495],[-3.460001956904144,47.64642179023605],[-3.46008617457015,47.64634487463785],[-3.460168877473055,47.64647575929945],[-3.460158441830051,47.646720178502676],[-3.460279006783792,47.646722529117305],[-3.46030468129963,47.6466037015477],[-3.460440485777445,47.64673164362963],[-3.460577803851114,47.646651785257895],[-3.460657242648159,47.64675575706873],[-3.460659843866036,47.64655692759745],[-3.460926434673458,47.6465511855247],[-3.460991510218543,47.64664692194761],[-3.461223719504489,47.64668824031766],[-3.461530346546416,47.64657190421289],[-3.461636337337272,47.646674403902004],[-3.461465938102038,47.6467019100444],[-3.461324055732786,47.64685427172991],[-3.461393487252939,47.646985891194355],[-3.461484236227986,47.64696279952894],[-3.461548892858723,47.647275306693075],[-3.461821140823111,47.64720603113289],[-3.462050966315898,47.647337791748534],[-3.462182630307273,47.64732146298675],[-3.462301481782699,47.647639997262736],[-3.462378075749347,47.64750028440241],[-3.462438799408741,47.64756013674187],[-3.462521926435136,47.64747424862642],[-3.462604845128958,47.647496745970514],[-3.462714779969556,47.64785189886371],[-3.462625118963874,47.647883962277895],[-3.46276855509497,47.64807469718942],[-3.462958093236146,47.64787453629202],[-3.463273697982945,47.64827247484758],[-3.46347718688702,47.648297318961674],[-3.463495231328318,47.6481156952264],[-3.463712201020311,47.64803141749337],[-3.463902002903341,47.64827376781332],[-3.464054773629187,47.64821111100199],[-3.463929232311802,47.64849803754769]],[[-3.450727066875841,47.644325349385326],[-3.45080019370161,47.64426711676116],[-3.450690735655387,47.6442460800021],[-3.450727066875841,47.644325349385326]],[[-3.452237001364723,47.645316491948556],[-3.452319283101492,47.64511325444696],[-3.45202397458543,47.64510250435804],[-3.451966067372826,47.64528633053992],[-3.452237001364723,47.645316491948556]],[[-3.452082739087991,47.64503603468742],[-3.452265325533002,47.644998836614896],[-3.452220294453449,47.6448478004208],[-3.452045318259028,47.64494779483909],[-3.452082739087991,47.64503603468742]],[[-3.453122070969653,47.64523138182653],[-3.453131223959188,47.64508637779837],[-3.453059185839602,47.64515358276218],[-3.453122070969653,47.64523138182653]],[[-3.454047824322656,47.645261416895444],[-3.454117686414672,47.64517626953474],[-3.454053712446697,47.645089500107375],[-3.454047824322656,47.645261416895444]],[[-3.454994466886893,47.645353505852064],[-3.454915041211239,47.64524953011579],[-3.454898279845821,47.64533173805907],[-3.454994466886893,47.645353505852064]],[[-3.457558035183249,47.64555472394591],[-3.457578274942821,47.64539104259049],[-3.457484044388829,47.64549560427784],[-3.457558035183249,47.64555472394591]],[[-3.460730814967014,47.64703164578558],[-3.460642666845293,47.64685590742515],[-3.460635711157846,47.647018853560134],[-3.460730814967014,47.64703164578558]]]},"properties":{}},{"type":"Feature","geometry":{"type":"Polygon","coordinates":[[[-3.446248768250284,47.64519619188806],[-3.446868586578541,47.645017423065944],[-3.44868422376988,47.64478154370925],[-3.4487911307796,47.64445051253303],[-3.448672367056722,47.64413196399088],[-3.448280270419983,47.64387368908909],[-3.447526028097801,47.6438250936621],[-3.448056774745596,47.6439041126025],[-3.448256743350423,47.64401045609551],[-3.448468190636528,47.64443225106636],[-3.448455292002001,47.64476711323048],[-3.446838778029305,47.644991978297774],[-3.446248768250284,47.64519619188806]]]},"properties":{}},{"type":"Feature","geometry":{"type":"MultiPolygon","coordinates":[[[[-3.508684701170302,47.64168194797995],[-3.508429450013272,47.64145234532434],[-3.508151809592125,47.64147687763292],[-3.507892176016652,47.641211392142765],[-3.507498601128941,47.64105273117941],[-3.507539633549347,47.640951092780796],[-3.50763228873522,47.64096351843896],[-3.50761586622424,47.6410281217102],[-3.507871227956041,47.641149340256554],[-3.507749693472847,47.641029682383994],[-3.50799870857273,47.64088030627301],[-3.508327880906531,47.64127738351615],[-3.508063630211719,47.64119278863415],[-3.507992762984255,47.641268997995255],[-3.508639513220241,47.641530933307294],[-3.508684701170302,47.64168194797995]],[[-3.508187474180394,47.64122200105316],[-3.507955484224676,47.64096400401241],[-3.507821540930188,47.64107082952201],[-3.508187474180394,47.64122200105316]]],[[[-3.507634251812508,47.640955796027235],[-3.507621697921269,47.64074781592422],[-3.507722400128707,47.640697036060885],[-3.507364380299163,47.64039188401597],[-3.507166500087455,47.64030358235633],[-3.507077974752851,47.6403446504227],[-3.506952058904905,47.64018910997472],[-3.506760757383003,47.640154630171146],[-3.506702066373169,47.64022112749342],[-3.506625836170025,47.6401440979355],[-3.506732019207326,47.640138171052605],[-3.506723249577369,47.64006640763116],[-3.506944385211171,47.64012631699725],[-3.507086862601042,47.640308027823316],[-3.50711571861432,47.64021610086412],[-3.507353417150341,47.64030217980979],[-3.507691468609077,47.64066263635155],[-3.507658460922351,47.64050190982689],[-3.507826507537187,47.64056478138366],[-3.507907125726679,47.64067769179752],[-3.507688063003981,47.640744111069225],[-3.507634251812508,47.640955796027235]]]]},"properties":{}},{"type":"Feature","geometry":{"type":"Polygon","coordinates":[[[-3.445410773062251,47.644014304414156],[-3.445135992889604,47.64373147183357],[-3.445362147574096,47.64350222446102],[-3.445655516352574,47.64338666371548],[-3.446042649712115,47.64338332117339],[-3.446551790170135,47.64372544121325],[-3.446669089210805,47.6437008929556],[-3.446812697190119,47.64378326216918],[-3.446932408574775,47.643668269885964],[-3.446743305801713,47.64365163382365],[-3.446934820903509,47.6435778261173],[-3.446963782298506,47.64348591419732],[-3.446985746676955,47.64355694787951],[-3.447279959343076,47.64355873974357],[-3.44712911527447,47.643747702414565],[-3.446995283021876,47.64374607230758],[-3.447052726410436,47.64377901985347],[-3.447418983763376,47.64371361005873],[-3.448116866775413,47.64373823014244],[-3.448228732905021,47.64366882552713],[-3.448193729598839,47.64349014058307],[-3.447617599288263,47.64292595597148],[-3.446380184331056,47.64330144059982],[-3.446355566520648,47.64342923628837],[-3.446806179953504,47.64372943634768],[-3.446304640622526,47.64345011425288],[-3.446263972141173,47.64333495954986],[-3.445743250255436,47.64322828555881],[-3.44531846640274,47.64325177075281],[-3.444823319524911,47.64357716775639],[-3.445410773062251,47.644014304414156]],[[-3.447380724246345,47.64350801197821],[-3.447196445656062,47.64331048907108],[-3.447265229853964,47.64321637475218],[-3.447366841414309,47.643283003689504],[-3.447254974972532,47.64335240749356],[-3.447395562965189,47.64329947737868],[-3.447456265038784,47.643359337633925],[-3.447448422067293,47.643404926594556],[-3.447362257248633,47.64335550554711],[-3.447380724246345,47.64350801197821]]]},"properties":{}},{"type":"Feature","geometry":{"type":"Polygon","coordinates":[[[-3.423925640057443,47.64503756483708],[-3.424200662398482,47.64476954803798],[-3.424222372618781,47.64450645798005],[-3.424433406176014,47.644594168363376],[-3.424519837166029,47.64453522068248],[-3.42452957945298,47.644615961241534],[-3.424705688615718,47.64452497918861],[-3.424978768422334,47.644573146154734],[-3.424999107740607,47.64440947037285],[-3.424820321484462,47.644256768127626],[-3.424884816249776,47.64412678234393],[-3.424804083732033,47.64412220054208],[-3.424747223604463,47.64387247078915],[-3.424845275996321,47.64402059140315],[-3.425055226099889,47.64409932951311],[-3.425230534041399,47.64389098983285],[-3.425178002433292,47.64367714494329],[-3.425075849280334,47.64382726803306],[-3.425072885903141,47.64369196886587],[-3.424937971941496,47.64368134232212],[-3.424858607324468,47.64357734607217],[-3.424650539377162,47.64362493560261],[-3.424452784154788,47.64353649405047],[-3.42439182202234,47.643585007515085],[-3.424414327632985,47.643439274110435],[-3.424145869856028,47.643318604854684],[-3.423940762763123,47.6435014923412],[-3.423832399219941,47.643489401598174],[-3.423669279733856,47.64368803661118],[-3.423727790980399,47.643729966808934],[-3.423616975169606,47.643808319146586],[-3.423698502358326,47.64393025859527],[-3.423777069815467,47.64391689879512],[-3.423661350109963,47.64417613769698],[-3.423578453004509,47.64415361268207],[-3.423510708124793,47.644256684190715],[-3.423567850218249,47.644398028886805],[-3.423713876131415,47.64438998321283],[-3.423670516765597,47.644473649570244],[-3.423756948403149,47.644414702449964],[-3.423641514714924,47.64456555566537],[-3.42377397902868,47.64466662694088],[-3.423717852626107,47.64497676709363],[-3.423766337160671,47.64504634221267],[-3.423780981678175,47.64494619637269],[-3.423925640057443,47.64503756483708]],[[-3.424302023230346,47.64450206900731],[-3.424231318019273,47.644469841783014],[-3.424312336844742,47.644366038367544],[-3.424302023230346,47.64450206900731]],[[-3.423928219584989,47.644062094401164],[-3.423832334355401,47.643931915386204],[-3.423950726662944,47.643916361121995],[-3.423928219584989,47.644062094401164]]]},"properties":{}},{"type":"Feature","geometry":{"type":"Polygon","coordinates":[[[-3.506270495972106,47.6394233392147],[-3.506355732020497,47.63935536043684],[-3.506478474643214,47.63937560426065],[-3.506134719868866,47.639187063886695],[-3.506219955712839,47.639119085199546],[-3.505928077769211,47.63902699656937],[-3.505922717594141,47.63887375830447],[-3.506036570617604,47.638930625135295],[-3.50600661738016,47.6390135814498],[-3.506260989081706,47.639017447147964],[-3.506505257775398,47.639157350492034],[-3.506575886862321,47.63929791404819],[-3.506580508955107,47.63911702368464],[-3.506166008218996,47.6388963058659],[-3.505781223669499,47.63880940243953],[-3.505827737755012,47.63875261673837],[-3.505705117309971,47.638623986147245],[-3.505381218241717,47.63848852540015],[-3.505334703911266,47.638545310931285],[-3.505168979994242,47.63839199053466],[-3.505110288939488,47.63845848711811],[-3.504787365865613,47.63844038125704],[-3.505297078268015,47.63856547394591],[-3.505638392826244,47.63895284809225],[-3.506290464687283,47.63936803497294],[-3.506061540625918,47.639353717323985],[-3.506068117090984,47.63940753994754],[-3.506270495972106,47.6394233392147]]]},"properties":{}},{"type":"Feature","geometry":{"type":"Polygon","coordinates":[[[-3.504750105571917,47.638430719405925],[-3.504795159124504,47.638394788342026],[-3.504512176875659,47.638266073675496],[-3.50452532642589,47.63837371915588],[-3.50472660263438,47.63844078699785],[-3.504670105152096,47.63846498792042],[-3.504541640577862,47.63861666207824],[-3.504733786050791,47.638876888138036],[-3.504576706551862,47.638903716614905],[-3.504673875492931,47.63904280009239],[-3.504555394752309,47.63916682223278],[-3.504382973236734,47.639068064107995],[-3.504236974123295,47.639076210616146],[-3.504158557615128,47.63898123849024],[-3.503926224545037,47.639048391340765],[-3.504011215103118,47.63919718636452],[-3.5039326747204,47.63921060014142],[-3.503515992926544,47.63897193201344],[-3.503495896498996,47.63913562184447],[-3.5036163214676,47.639246313798516],[-3.503404083398987,47.63914977576484],[-3.50339093591915,47.63904213020162],[-3.503262591779828,47.63908541685884],[-3.502822655302314,47.63887513858366],[-3.502733033486662,47.6389072329184],[-3.50251422555038,47.638756870423336],[-3.502317327481214,47.63878591702063],[-3.502230023910096,47.63872756585323],[-3.502160247035348,47.638812742249854],[-3.501847437693871,47.63865859041671],[-3.501750276818425,47.63851950456087],[-3.501607564736253,47.63855455923035],[-3.501593068022882,47.6386547151085],[-3.501456090173818,47.638517849850565],[-3.501365372865825,47.63854097265775],[-3.50127272396758,47.638329382250355],[-3.50139655757395,47.638358601910845],[-3.501411891415937,47.63848418870688],[-3.501502608607251,47.638461065862884],[-3.501541201954409,47.638558260635726],[-3.501627537958417,47.63849925576073],[-3.501577862585191,47.638420742263186],[-3.501727146296875,47.63843951052241],[-3.502136020368371,47.63872377782759],[-3.502136148114644,47.63861539175376],[-3.503142167907976,47.638974724530954],[-3.50298643491341,47.638793749211075],[-3.502531038444204,47.63856626930666],[-3.502412680966387,47.6385819032286],[-3.502452371514262,47.638688068169095],[-3.502382722291649,47.63866485862892],[-3.502366417952777,47.63842191541128],[-3.502871616157225,47.63861952285929],[-3.503009693448589,47.638765356919166],[-3.50308835922051,47.63864355768636],[-3.503357942186573,47.63888140232703],[-3.503356971841721,47.63876404579524],[-3.503475204420035,47.638856796985955],[-3.503537184871705,47.63881721262868],[-3.503733957890976,47.638896550041835],[-3.503793746826855,47.63883902462603],[-3.503643490297103,47.63870290247823],[-3.50371983866703,47.638671547967185],[-3.503915515717447,47.63874191461836],[-3.503948759173875,47.638685870209564],[-3.504140053614011,47.63872035464366],[-3.504442761665184,47.63901053836518],[-3.504503645771055,47.63896198304391],[-3.504350099750742,47.63879895044987],[-3.504408792127113,47.63873245426005],[-3.504501577101581,47.638835656072125],[-3.504601182850365,47.6387759083939],[-3.504437774973132,47.6385321418062],[-3.504680090164787,47.638437335923186],[-3.50450754784601,47.638446964037],[-3.504212636354314,47.63811118751566],[-3.504482467602113,47.63813225742686],[-3.504936772818627,47.63835075932335],[-3.504750105571917,47.638430719405925]],[[-3.50396275532974,47.63901925831405],[-3.504002697199255,47.63890865059125],[-3.503888846389934,47.638851781777774],[-3.50396275532974,47.63901925831405]]]},"properties":{}},{"type":"Feature","geometry":{"type":"Polygon","coordinates":[[[-3.499914715764577,47.63913667055453],[-3.499883922503468,47.63899388270045],[-3.500167160940641,47.638905836423994],[-3.500326695710712,47.63868018273228],[-3.500462707100854,47.63869969274315],[-3.500661926910982,47.63858020417841],[-3.500645499658658,47.63844564679779],[-3.500774809040033,47.638519719576365],[-3.500877703931458,47.638486886536136],[-3.500682162520103,47.63830812869831],[-3.500467480997028,47.638410416482365],[-3.500418640053195,47.63855764515168],[-3.500015119538963,47.63842661039526],[-3.499993218791694,47.63824720041629],[-3.500255251948775,47.63831387268676],[-3.500276453085746,47.63815915384076],[-3.500450221514447,47.63805011636615],[-3.500233745265863,47.637809304409544],[-3.500322271661378,47.63776824147516],[-3.500271503819798,47.637680756893445],[-3.500520393198926,47.63763978259484],[-3.500415440773475,47.63754628820638],[-3.500498491075979,47.63746037263741],[-3.500136022319304,47.637227702087856],[-3.500108119072008,47.63743698411192],[-3.500203083586637,47.637558130410156],[-3.500109082248635,47.63755434075133],[-3.500068038288886,47.637655976719074],[-3.499828040875278,47.637660327956304],[-3.500063394249035,47.63783686696143],[-3.500147013485228,47.63819346659819],[-3.499942451033899,47.6381597157133],[-3.499815501477386,47.638871256073706],[-3.499649659608569,47.63882631393972],[-3.499914715764577,47.63913667055453]],[[-3.500207242255696,47.63868684392476],[-3.500113238929308,47.63868305427149],[-3.500115560905512,47.63859260919114],[-3.500207242255696,47.63868684392476]]]},"properties":{}},{"type":"Feature","geometry":{"type":"Polygon","coordinates":[[[-3.5007683175667,47.63748145113391],[-3.500742998682177,47.637383515865196],[-3.500399277001836,47.63719495842165],[-3.500307860786186,47.636883951433795],[-3.500132169424827,47.636758275408724],[-3.500302516963394,47.63673071274117],[-3.500228491063591,47.636671619877895],[-3.50044851026087,47.6367225711398],[-3.500279652410215,47.636433945959375],[-3.499809920656528,47.6361982247979],[-3.499615353272258,47.6361368216906],[-3.499555562859951,47.63619434504861],[-3.499392052620243,47.63605895729859],[-3.499121139023057,47.636028905090065],[-3.498648131679314,47.63576626765048],[-3.498414846249516,47.635716052896704],[-3.498382693544079,47.63578106634303],[-3.498047747740662,47.635664266038134],[-3.497567086938075,47.635338830454245],[-3.497857426384138,47.63574712834208],[-3.497785730349979,47.63559758872506],[-3.498468758173698,47.63593883617558],[-3.499616315341878,47.63625417841314],[-3.500042813531823,47.63657359534847],[-3.500054726670164,47.63678065710064],[-3.500244785135744,47.63691456361425],[-3.500172817386455,47.63698179789801],[-3.500277505242855,47.63729206484229],[-3.5007683175667,47.63748145113391]]]},"properties":{}},{"type":"Feature","geometry":{"type":"Polygon","coordinates":[[[-3.498110415430557,47.63595881371605],[-3.4977081515643,47.63572835511208],[-3.497547657028987,47.635836648815456],[-3.497580905362531,47.635780606134375],[-3.497505716993499,47.63574152727981],[-3.497279485062845,47.635390988437734],[-3.497334486452184,47.635622742814625],[-3.497486743301664,47.63573166576243],[-3.496953161551997,47.63545433553097],[-3.496506852718548,47.63508182355948],[-3.496509180649552,47.63499137838215],[-3.496229519425409,47.63488955507075],[-3.496090376381943,47.634734742153114],[-3.495798258680745,47.63485940058137],[-3.495765431073188,47.634590283922506],[-3.495315713674241,47.63429924187514],[-3.495240460776623,47.63433956152718],[-3.494612462195235,47.634230050745415],[-3.494650374692648,47.63399311848349],[-3.494497967085479,47.63383904309296],[-3.494168655694639,47.63365869806515],[-3.493769997296796,47.63323836462924],[-3.493321250340639,47.633064671664606],[-3.493156671727538,47.632920304381976],[-3.492699032986386,47.632783230681156],[-3.49250682084265,47.63263137041497],[-3.4922580964588,47.63256394134593],[-3.492298855959053,47.63267908066353],[-3.491889932050299,47.63250316445475],[-3.49189728988991,47.63278273146409],[-3.491775661501173,47.63277144285463],[-3.491759258439257,47.63263688382074],[-3.491653088664382,47.63264279711883],[-3.491788136703647,47.63254496028362],[-3.491709900846698,47.63234159306867],[-3.491866967498888,47.63231478180036],[-3.492059176682014,47.6324666431442],[-3.492109128697804,47.63232838810699],[-3.492300244996508,47.632471278452975],[-3.493470806826554,47.63286667775934],[-3.493996703982097,47.63323476524991],[-3.494099304747158,47.63341871082005],[-3.494576645020221,47.633717249281275],[-3.494608801118475,47.6336522368131],[-3.494812106244147,47.63378541288895],[-3.494941538583757,47.63375110596399],[-3.494965751001364,47.63384007210687],[-3.495138280147164,47.63383045806205],[-3.49499776446908,47.63388344587302],[-3.495052896516701,47.63400681518049],[-3.494911286195916,47.63405083231737],[-3.494987490788475,47.634127869760974],[-3.495165633439164,47.63405472218268],[-3.49533692753541,47.63414452360414],[-3.495453088872972,47.634110955692194],[-3.49579649199742,47.634516300600374],[-3.495797726857417,47.63441688485419],[-3.496012261094564,47.63442299174787],[-3.495883641212259,47.63468304299594],[-3.495953282412249,47.63470625645832],[-3.495994331939254,47.63460462178106],[-3.496290685517548,47.634624231349804],[-3.496740133580953,47.63513204213976],[-3.496721528443111,47.634979542876984],[-3.496897205917843,47.635105224146805],[-3.496938933532699,47.635337718494426],[-3.497064946789716,47.635384883874245],[-3.496939071825046,47.63522933223636],[-3.49717016474227,47.635261608870216],[-3.497593219669166,47.63566250953718],[-3.497956897580226,47.63579577246653],[-3.498110415430557,47.63595881371605]]]},"properties":{}},{"type":"Feature","geometry":{"type":"Polygon","coordinates":[[[-3.491624061035716,47.63284310700928],[-3.491722725362266,47.63266601312762],[-3.491646378536082,47.632697359895765],[-3.491551591317517,47.6324678199319],[-3.491461973484059,47.63249990572673],[-3.491363757420971,47.632351840184086],[-3.491256494724789,47.63234878251493],[-3.491394823143745,47.632277857946754],[-3.491261317948116,47.63205950568128],[-3.490994953159825,47.631956930572],[-3.491152662356191,47.632264250159054],[-3.490866314775102,47.63221697662709],[-3.490856173132938,47.63235301395017],[-3.490783257127213,47.632302885581296],[-3.490776546152448,47.632357448317876],[-3.490352323680496,47.63205593809694],[-3.490338900898294,47.63216506353257],[-3.490288154750048,47.632077574359606],[-3.490038190220127,47.632109556356134],[-3.489937639894445,47.632051934774395],[-3.489931080601678,47.63199811103902],[-3.490081435492948,47.632025864863635],[-3.490028503440049,47.6319204343283],[-3.489784158246906,47.63188888245661],[-3.489819293174846,47.6320675559909],[-3.489729674972111,47.63209964046342],[-3.489704378895146,47.63200170253066],[-3.489599303314906,47.632016584588875],[-3.489389612821394,47.63172118910389],[-3.489227081217046,47.63170314389674],[-3.489205065503076,47.63163211772895],[-3.489134184045059,47.63170831602664],[-3.489255655567141,47.63182799383771],[-3.489194765728891,47.63187654139125],[-3.489011311254053,47.63179644034795],[-3.489064241174742,47.63190187135093],[-3.488928560374934,47.63166557511242],[-3.488848934259869,47.63167000816775],[-3.488828640848263,47.63194208253],[-3.489015374732402,47.632049095747576],[-3.4886882789164,47.631886676368026],[-3.488628481489292,47.63194419425955],[-3.488524654069915,47.631859659550145],[-3.488423950274495,47.63191042309762],[-3.488497490224075,47.63229468285788],[-3.488339640479499,47.63209574612019],[-3.488158216253348,47.632141971447524],[-3.487882177854938,47.63185026705442],[-3.487899350492925,47.632210570178955],[-3.487771324021689,47.63203706712566],[-3.487687011760656,47.632222389665074],[-3.487640641233614,47.63217078191657],[-3.487684669000916,47.63231283479553],[-3.487744624813385,47.63214693097887],[-3.487999742479685,47.6323765799232],[-3.488028627077973,47.63228465730322],[-3.488315128305673,47.63222355137365],[-3.488539334395169,47.63241879413731],[-3.488496552673224,47.63217732580457],[-3.488611621035477,47.63213479402594],[-3.488828176586148,47.6322672418082],[-3.488945585501168,47.632134264545094],[-3.489311404010205,47.63228549589162],[-3.489295007310096,47.63215093647798],[-3.489396803857504,47.63210914281313],[-3.489447548574701,47.63219663237187],[-3.489808055694613,47.63219462261066],[-3.489807902929346,47.63230300902994],[-3.489994792425936,47.632301634248634],[-3.490053495541142,47.632235145047886],[-3.49027224163544,47.632385531385886],[-3.490339842499784,47.632282420571805],[-3.490493478350311,47.632337085714134],[-3.490540003059373,47.632280305910285],[-3.490955481186928,47.632510050530286],[-3.490919248777008,47.63232240676663],[-3.491039782553784,47.632324725659565],[-3.491207783843686,47.63238762138428],[-3.491141277950677,47.63249970330413],[-3.491216381444885,47.63256777266064],[-3.491360177808502,47.632541701182774],[-3.491529273654296,47.63261356704457],[-3.491490404138561,47.632733141466936],[-3.491624061035716,47.63284310700928]]]},"properties":{}},{"type":"Feature","geometry":{"type":"Polygon","coordinates":[[[-3.483270826506,47.6340305574499],[-3.483646536536405,47.6334948675499],[-3.483741024821329,47.63317351141212],[-3.483990235031247,47.632915799499],[-3.48394277525064,47.63285521962688],[-3.484095478312938,47.632792536115005],[-3.484127810921727,47.63261914011356],[-3.48444632253442,47.63260142044763],[-3.484487392353599,47.632499789704156],[-3.484564672010012,47.63258580467879],[-3.484859917802337,47.6325964725951],[-3.484957349112845,47.632518800137824],[-3.48509880124793,47.63258318142982],[-3.485214035287537,47.63243226660724],[-3.485372197925557,47.63241443473777],[-3.485618566640455,47.63257232354982],[-3.485803272123045,47.632553014153565],[-3.485786884184932,47.63241845426625],[-3.485921942409098,47.63232062420162],[-3.48622248994871,47.63248452837232],[-3.486227020393561,47.63241202459024],[-3.486374096647862,47.632412871214406],[-3.486761922598126,47.632635137189986],[-3.486521172906827,47.63241371765341],[-3.486609700901546,47.63237266499554],[-3.486711340920672,47.63243926008306],[-3.48673476435025,47.63230248452921],[-3.486835311690121,47.63236010886033],[-3.48672306291437,47.6319870345152],[-3.487080132212344,47.63206650764215],[-3.487272326881576,47.63221837688137],[-3.487373190062586,47.63205922791111],[-3.487446102532722,47.63210935841479],[-3.487395361179191,47.632021867982694],[-3.487470616734972,47.631981553336125],[-3.487689354512456,47.632131944530336],[-3.487665469229057,47.63182620393307],[-3.487313864513833,47.6317915858269],[-3.487385841461894,47.63172435928486],[-3.487269838163355,47.63164953276994],[-3.487309177759615,47.63197247610884],[-3.487145395176985,47.63205384379014],[-3.486985365751458,47.63183696389875],[-3.486931030085081,47.63193933417598],[-3.486832827622774,47.631791264781235],[-3.486718851254841,47.631842765468754],[-3.48652103689989,47.631754428454464],[-3.486459985095696,47.631911361021174],[-3.486718374140728,47.63216792475516],[-3.486625475916751,47.632173094888785],[-3.486473096672548,47.63201900888461],[-3.486543504161791,47.63226797148273],[-3.486214229342795,47.63208760388617],[-3.486222970086584,47.632159369141135],[-3.486043889350454,47.6321151460771],[-3.486038266118058,47.63217867920494],[-3.485842475885292,47.632216668793305],[-3.485671203951473,47.632126853361356],[-3.485555971863875,47.63227776865872],[-3.485286339639527,47.632148268555795],[-3.485101635370573,47.632167577138745],[-3.485044948519804,47.63236039159754],[-3.484914583515804,47.63227733050599],[-3.48463479536429,47.63228386571002],[-3.484651506830396,47.63220165295053],[-3.484846042651545,47.63226308110328],[-3.485024517932778,47.63197317607553],[-3.484831075318282,47.63192071888162],[-3.484703825589709,47.631972955980345],[-3.484788751291498,47.63212176552825],[-3.484638398882518,47.63209400489283],[-3.484638235619661,47.632202391310756],[-3.484554239087739,47.63217093875194],[-3.484032891683521,47.63249798044134],[-3.483802415989588,47.632799807620486],[-3.48366314919616,47.63275336612176],[-3.483508261434956,47.632798107711686],[-3.483621481430666,47.632520866724775],[-3.483451138717789,47.63254840512883],[-3.483361447002348,47.63334815998044],[-3.483187658974933,47.633457172300766],[-3.48313314805142,47.63366792705942],[-3.482892833571213,47.633889016164886],[-3.483270826506,47.6340305574499]]]},"properties":{}},{"type":"Feature","geometry":{"type":"Polygon","coordinates":[[[-3.483752010081217,47.63249554285472],[-3.483633991174883,47.63229438499644],[-3.483383095335129,47.63220899565852],[-3.483641966891939,47.632140406935136],[-3.483895047232521,47.632243737076266],[-3.48422513569112,47.63188217911],[-3.484152390805197,47.631723660152105],[-3.484495745308249,47.63136136301869],[-3.484768974639508,47.631301004100074],[-3.485058589051955,47.631375204614145],[-3.485388179047601,47.63133880261806],[-3.485497785804458,47.631251420545276],[-3.485440493804759,47.63111010521603],[-3.485582104132785,47.631066099493076],[-3.48582065883213,47.631269579790114],[-3.486168981436607,47.63127729041648],[-3.486257667789103,47.63112785152717],[-3.486004748650482,47.63091613995931],[-3.486126371590694,47.630927434588095],[-3.48616775722913,47.63060903016586],[-3.486286714623963,47.63092754279315],[-3.486444712853875,47.6310180959442],[-3.486671410601919,47.631014510776644],[-3.486638472178917,47.63085377751629],[-3.486707011711963,47.63086802587768],[-3.486733712416261,47.63075816218907],[-3.486574940494014,47.63044186573639],[-3.48646221891339,47.6303939503547],[-3.486540750711419,47.63038054826142],[-3.486472371381887,47.63025791327567],[-3.486281118689235,47.630223399763175],[-3.486368550657386,47.63017337657632],[-3.485999637914557,47.62988683729987],[-3.486127973932605,47.62984356940165],[-3.486048510695313,47.62973961400052],[-3.486181216467807,47.62973222871892],[-3.486019944964755,47.62961476314059],[-3.485996520882948,47.629751538740905],[-3.485847267003724,47.62973275029745],[-3.485873647416285,47.62983965985079],[-3.486051307084589,47.63009168564101],[-3.486100019622389,47.63005284887584],[-3.486207117338332,47.63016429781752],[-3.486349337752198,47.630454421381195],[-3.486258467638144,47.63058591906491],[-3.486206637121831,47.63048945738363],[-3.486152301333661,47.630591827369855],[-3.486038487285374,47.630534940918174],[-3.486084694521153,47.63069493585054],[-3.486005069617942,47.63069936696961],[-3.485961658456852,47.63089144350341],[-3.485808963025027,47.63095412951627],[-3.48561880073425,47.630928585598056],[-3.48562410181988,47.63108182541952],[-3.485452995500006,47.63088362312794],[-3.485418483374158,47.63103907831293],[-3.485099981407243,47.63105680064383],[-3.485053289560756,47.631221964790235],[-3.4845073223117,47.631017523905626],[-3.48449590885788,47.63125297655387],[-3.484219566853063,47.63117803632856],[-3.48405796642269,47.631277341073506],[-3.483960700705978,47.631246626366035],[-3.483919301407242,47.631565029901395],[-3.483690416822888,47.631550668360774],[-3.483725531129259,47.63172934375857],[-3.483542846530431,47.63187497767977],[-3.482825112165113,47.63190586948945],[-3.482335002906817,47.632050537257435],[-3.482518113098569,47.632347421594474],[-3.482864425057424,47.632228814281895],[-3.483147323082683,47.632357581780276],[-3.483372934621808,47.6323450323319],[-3.483370584546309,47.632435477369974],[-3.483484565410548,47.632383979965134],[-3.483752010081217,47.63249554285472]],[[-3.483465072617254,47.63211412127944],[-3.483424332604771,47.631998978846724],[-3.483669931933313,47.631931128274815],[-3.48373393827165,47.63201788207304],[-3.483465072617254,47.63211412127944]],[[-3.486450495059564,47.63084617626844],[-3.486310138478243,47.630790767217675],[-3.486322476570548,47.63067267150505],[-3.486450495059564,47.63084617626844]]]},"properties":{}},{"type":"Feature","geometry":{"type":"Polygon","coordinates":[[[-3.486448493907912,47.629952172133784],[-3.486451931244578,47.62987069758303],[-3.486299399191693,47.62982499772258],[-3.486455368570752,47.629789223028745],[-3.486461150609,47.62961730324345],[-3.486625860147855,47.629653293647486],[-3.486536403480218,47.629576989148646],[-3.486608378421175,47.629509763008805],[-3.486418380533707,47.629375833800445],[-3.486600889464776,47.629338581775414],[-3.486514711112786,47.629289189247],[-3.486560144806369,47.62922344027145],[-3.486759042472591,47.629320747999756],[-3.486797920102363,47.629201174941244],[-3.486598726579917,47.6285529635728],[-3.486453846076278,47.62857005857211],[-3.486535812311818,47.62847518185999],[-3.486330362992736,47.628324049669615],[-3.486030770604375,47.6282775027409],[-3.486179540114362,47.62862145084325],[-3.486306620544661,47.62867759866407],[-3.486234646345749,47.628744824646844],[-3.485913523573243,47.62830209070722],[-3.485765366214285,47.62829227282257],[-3.486074309869263,47.628744716370186],[-3.486184842580657,47.62877469082168],[-3.486086327386692,47.62884339377958],[-3.485557573595812,47.62823158454109],[-3.485339788344081,47.62819854637917],[-3.485345088357596,47.62835178642911],[-3.485479814017479,47.62847072993168],[-3.485683237760589,47.628495535629725],[-3.486237603916717,47.62898850986966],[-3.486338917427152,47.62927187857179],[-3.486219483283254,47.62927852549484],[-3.486296601180002,47.629472926039604],[-3.486135169991609,47.62946384717808],[-3.486284103394621,47.62969940838285],[-3.486181216467807,47.62973222871892],[-3.486192141863604,47.629821935399306],[-3.486448493907912,47.629952172133784]],[[-3.486490674337759,47.629091834555496],[-3.486191397699792,47.62882851485691],[-3.486333161166892,47.628676121560375],[-3.48647694943158,47.628650056041174],[-3.48665897839317,47.62893796373889],[-3.486490674337759,47.629091834555496]],[[-3.486316613239267,47.62864994809709],[-3.486242614030428,47.62859084612597],[-3.486315680547288,47.62853259080558],[-3.486316613239267,47.62864994809709]]]},"properties":{}},{"type":"Feature","geometry":{"type":"Polygon","coordinates":[[[-3.485734904369624,47.628700384257805],[-3.485564897681103,47.62851115256475],[-3.485585814850002,47.6285732088537],[-3.48535273494939,47.62841458120537],[-3.485256404062569,47.6285012248396],[-3.485287476008993,47.628427244079624],[-3.48519895354085,47.628468295819054],[-3.485080775733295,47.628375525637125],[-3.485194422034296,47.628540799708844],[-3.484802426168385,47.62817425867109],[-3.484919185389569,47.62847483171706],[-3.484598840728197,47.6282578380735],[-3.484634119169251,47.628328126873235],[-3.484512502467326,47.62831683067564],[-3.484557610969852,47.62846785570536],[-3.484443639503105,47.62851935426127],[-3.484202318224852,47.627963798856456],[-3.484086327561513,47.62788896903503],[-3.483982350641857,47.6279128167687],[-3.483695601329061,47.6274230081795],[-3.483689975795984,47.62748654134806],[-3.483561808903221,47.62742141994261],[-3.483500918913256,47.62746996463851],[-3.483774396523826,47.62796051195748],[-3.483602976374077,47.627979079948865],[-3.483573325244624,47.62784525767621],[-3.48351134273023,47.62788483166572],[-3.483432979540685,47.62778984508268],[-3.483407365561755,47.62790867888762],[-3.483221749406038,47.62781062718208],[-3.483112145988541,47.62789800727434],[-3.482996323580144,47.627714789707326],[-3.482974909878098,47.62797789290094],[-3.482865472563237,47.62795688610725],[-3.482839857240753,47.62807571977753],[-3.482740414208961,47.62802706258847],[-3.482798787688643,47.6281773501738],[-3.482661717655531,47.628148848784924],[-3.482693383311761,47.628408999310565],[-3.482615945360196,47.628431369538596],[-3.4824603127239,47.62825036587734],[-3.482422517948226,47.628378908260345],[-3.482245636739517,47.62835262070705],[-3.482270749342914,47.62855894705735],[-3.482081857545495,47.628433981440836],[-3.481958394926298,47.628187967899656],[-3.481809146840573,47.62816917428144],[-3.481763539104213,47.62834330807442],[-3.481538113646885,47.628247467811796],[-3.481912450088323,47.628578874988754],[-3.481808470853607,47.62860272077884],[-3.481517953860378,47.62841115476385],[-3.48144269884272,47.628451465649775],[-3.481333431122101,47.628322070801474],[-3.481363076900895,47.628455893609775],[-3.481136389663269,47.62845946848034],[-3.481226758240049,47.62865313449015],[-3.481124961887152,47.62869492110977],[-3.480934059800299,47.62844362558684],[-3.480982945230912,47.6282964042976],[-3.480873508046999,47.6282753956411],[-3.48093003484744,47.628190969437355],[-3.480670943912222,47.62770864833715],[-3.480532784672373,47.62767117371386],[-3.480450637249272,47.62787443290657],[-3.480473154886831,47.62762030089329],[-3.480308455769964,47.62758430177602],[-3.480255030978176,47.627804026562565],[-3.480029265290873,47.627924956669204],[-3.480050175794505,47.627987013968045],[-3.480160875895517,47.627908607485985],[-3.480388652385963,47.627914005238445],[-3.480673704726208,47.62806072047427],[-3.480657566006164,47.62847706344754],[-3.480872995357251,47.62860055550133],[-3.481026269741142,47.62887200640201],[-3.481222051133106,47.628834024820314],[-3.481163511066655,47.62879212310169],[-3.481339301493515,47.62880944156988],[-3.481282023124236,47.628668124023235],[-3.481372732350097,47.62864501669318],[-3.481623438847625,47.62883879710776],[-3.481914464899655,47.628705203025426],[-3.482077908278844,47.628840615748494],[-3.482340040794516,47.62879894192406],[-3.482262770205494,47.628712925309635],[-3.482489290828018,47.62881773485782],[-3.482576724047132,47.62876771447288],[-3.482509615364009,47.628545661159045],[-3.482614686087932,47.628530785451375],[-3.482757049696229,47.62871252702859],[-3.482789718192364,47.628322357785926],[-3.482988605627386,47.628419671979394],[-3.482928047426109,47.628251443096694],[-3.482941484374588,47.62814231829271],[-3.483045462206307,47.6281184714884],[-3.483009260583681,47.62793082484703],[-3.483245773518114,47.628007982676436],[-3.483251399634846,47.627944449546355],[-3.483468090511351,47.62796852090454],[-3.483611547599196,47.628159232193944],[-3.483842601845717,47.628191535308936],[-3.483838563145022,47.62793887922703],[-3.483616907845466,47.627544795057396],[-3.483801431707617,47.627633875448204],[-3.48404181963729,47.6280720744382],[-3.484081794592877,47.62796147290329],[-3.484183423058695,47.62802807034185],[-3.484145632589876,47.628156613297094],[-3.484348726838386,47.628398194589295],[-3.48426473646334,47.62836674176059],[-3.484159502298601,47.628490005578676],[-3.48423677562139,47.62857602094824],[-3.484506387254695,47.628705523712505],[-3.484676717159585,47.62867798371506],[-3.484627402408666,47.628382689368316],[-3.485077011678468,47.62867377344827],[-3.485289336872161,47.628661958684724],[-3.485290591166049,47.628562542749904],[-3.485445303529808,47.62862618531811],[-3.485390199245314,47.62850281113458],[-3.485514001358068,47.62853204777756],[-3.485528202602713,47.628648666614346],[-3.485734904369624,47.628700384257805]],[[-3.485120261946256,47.62859008364414],[-3.484953534700519,47.62842776310343],[-3.48509388366018,47.628483173851784],[-3.485120261946256,47.62859008364414]],[[-3.481574893634047,47.62876924543081],[-3.481590516967797,47.62867806224391],[-3.481741949940406,47.62871479756567],[-3.481574893634047,47.62876924543081]],[[-3.484330923895544,47.628471436775456],[-3.484295645759024,47.628401147889335],[-3.484392906483468,47.628431862363],[-3.484330923895544,47.628471436775456]],[[-3.480909531572286,47.62857142952668],[-3.480847717188788,47.628502615474446],[-3.480921881100004,47.628453334249556],[-3.480909531572286,47.62857142952668]]]},"properties":{}},{"type":"Feature","geometry":{"type":"Polygon","coordinates":[[[-3.473954760674808,47.627630349845504],[-3.47392513392735,47.62749652510066],[-3.474061476613841,47.6272992926247],[-3.47425834767598,47.62727029347702],[-3.474308340932502,47.62713204568443],[-3.47453047711222,47.62720098758792],[-3.47443795427177,47.62698937467202],[-3.474537387801975,47.62703803895504],[-3.474559749527764,47.626892294672736],[-3.474851506981274,47.626984462240124],[-3.474451776119168,47.626663477367615],[-3.474382877118114,47.626865995192965],[-3.474245814946632,47.62683748390924],[-3.474333974794732,47.627013213827986],[-3.474232176173806,47.62705499447587],[-3.474117291916658,47.62698912551332],[-3.474150190251654,47.62714986262265],[-3.473950233234505,47.62704356252212],[-3.473780808118516,47.62718844437979],[-3.473849154357419,47.627311086987405],[-3.473707544320056,47.627355078571625],[-3.473954760674808,47.627630349845504]]]},"properties":{}},{"type":"Feature","geometry":{"type":"Polygon","coordinates":[[[-3.476742231526839,47.62770125971458],[-3.47661661344422,47.62743729890075],[-3.476649878520294,47.62738126193552],[-3.476764766746487,47.62744712839378],[-3.47682711197197,47.62719078462024],[-3.47671894891339,47.62707035613957],[-3.476840561125593,47.62708166045875],[-3.476848555659879,47.62692768244777],[-3.47705214816099,47.626844116496486],[-3.477240466383058,47.62663495946526],[-3.477453698374035,47.62674051641099],[-3.47799470023177,47.627234267758354],[-3.478054150606959,47.62739352853151],[-3.478158129163285,47.62736968606856],[-3.478223212227759,47.62746541384398],[-3.478340460962951,47.62744083358637],[-3.478227753111792,47.62739291018473],[-3.478392626165093,47.62732052556357],[-3.478614768403864,47.62738945969296],[-3.478753100766297,47.62731854991388],[-3.478726735860901,47.627211638613964],[-3.478825082463981,47.62725132849189],[-3.478787805024782,47.6270547097092],[-3.47862856485439,47.62706356196191],[-3.478625115757552,47.627145036399966],[-3.478493682289347,47.62705299716833],[-3.478203571515848,47.62730394027863],[-3.478109942808572,47.62708335952772],[-3.478198821076409,47.62682553973129],[-3.478056124798285,47.62686056584229],[-3.47771544234486,47.62625633525692],[-3.477641278525886,47.626305614501696],[-3.47773071699562,47.62638192594079],[-3.477762003156066,47.626858851458834],[-3.477607305075761,47.62679519865654],[-3.477410971349713,47.6264990433135],[-3.477134485421307,47.62653247286829],[-3.476994328619591,47.62636866577428],[-3.477051414519845,47.626618372309636],[-3.476931073132882,47.62650765225753],[-3.476823823008537,47.626504581326955],[-3.476885450903258,47.62668178429458],[-3.476699850994162,47.62658372216356],[-3.476844192014999,47.6268917993734],[-3.47664532147476,47.62679447464165],[-3.476641689884636,47.62698433573033],[-3.476469179539601,47.626993922491714],[-3.476582975839146,47.62705081837049],[-3.476462274752595,47.62715687124255],[-3.476572439527198,47.627403628168786],[-3.476391021060372,47.62744983533225],[-3.476323759635703,47.627336164992315],[-3.476307036866876,47.62741837676639],[-3.476184333190413,47.627398101121194],[-3.476070717219979,47.627232818187075],[-3.475998732078709,47.627300037912285],[-3.476101439995491,47.62737561317928],[-3.475848397823194,47.627272265894526],[-3.47581840421472,47.62735521496331],[-3.475720059655895,47.62731552255602],[-3.475781866054297,47.62738433936371],[-3.475682430744483,47.62733567614878],[-3.475582813980919,47.62739539952133],[-3.475467200376388,47.62710378775845],[-3.475130177927717,47.626968979665925],[-3.475072010030706,47.62671030145071],[-3.474884049151584,47.62670268157393],[-3.474886771745544,47.62705475402934],[-3.475022561437048,47.627182680457274],[-3.47505710134475,47.627027228035885],[-3.475149809219381,47.627130453775806],[-3.475268149283983,47.627114847381435],[-3.475628987159601,47.62755539884725],[-3.475698791650484,47.62747023780541],[-3.475852398654313,47.62752492233822],[-3.475927837522347,47.627376228365854],[-3.476136706664116,47.62744590457696],[-3.476217238001764,47.62755883761438],[-3.476305765868563,47.6275177926627],[-3.476403931266871,47.62766587123227],[-3.476742231526839,47.62770125971458]],[[-3.477938700356586,47.62699353252124],[-3.477874709461461,47.62690677532304],[-3.47796995835383,47.626811166947085],[-3.478023952632195,47.626925573980586],[-3.477938700356586,47.62699353252124]]]},"properties":{}},{"type":"Feature","geometry":{"type":"Polygon","coordinates":[[[-3.473767352682943,47.6272975681829],[-3.473219661057153,47.6268583591542],[-3.473279469389134,47.62680084900055],[-3.473132782023354,47.626583212475914],[-3.473013352252378,47.62658984590531],[-3.472975348976431,47.62682677204167],[-3.472476387766303,47.62634872803545],[-3.472370604673384,47.62613785036852],[-3.472182457660331,47.626238612874964],[-3.471930518534669,47.62614422785803],[-3.472015064770364,47.62585052936576],[-3.471854737018703,47.62585040157063],[-3.471803648563134,47.62597967758428],[-3.471889807958838,47.626029081049346],[-3.471740380022668,47.626118661284046],[-3.471549721148195,47.625758963339855],[-3.471253235469421,47.62584767767246],[-3.471114569840392,47.6254760607633],[-3.471028412054749,47.62542665671233],[-3.470887894572397,47.625479615750315],[-3.470902063052033,47.62559623654665],[-3.471022580767883,47.62559857610166],[-3.471006940283945,47.6256897580189],[-3.471105278342938,47.62572945442757],[-3.470976940041559,47.625772705911935],[-3.470903152937647,47.625605207376786],[-3.470931681166084,47.62573006218914],[-3.470773533511972,47.625747874568326],[-3.470887129920033,47.62591316278096],[-3.471102907773266,47.62581989952634],[-3.471379013456472,47.62600325773143],[-3.471526261682397,47.62589573630791],[-3.471669670534185,47.62608646246513],[-3.471626401207827,47.626170147395705],[-3.47171820040177,47.62615601835423],[-3.471906870779809,47.62638938759914],[-3.471939239102022,47.626215994400575],[-3.471986679356843,47.626276579356166],[-3.472266437566868,47.626270074425506],[-3.472302788591171,47.62634933783463],[-3.472362597340635,47.626291828135386],[-3.472669047852281,47.626834752674824],[-3.472827198093887,47.62681693773915],[-3.47310549542581,47.62701823338025],[-3.473196205386998,47.62699513238023],[-3.473196391866622,47.62688674568828],[-3.473327629578373,47.62708717757529],[-3.473661191537396,47.62730346514517],[-3.473767352682943,47.6272975681829]]]},"properties":{}},{"type":"Feature","geometry":{"type":"Polygon","coordinates":[[[-3.470524676763494,47.6257887857436],[-3.470503778194783,47.62572672666973],[-3.470628655556562,47.62576494996364],[-3.470655386798598,47.62565508966344],[-3.47077135377885,47.62572993290691],[-3.470676477107175,47.62560876195328],[-3.470723208525508,47.62544360307828],[-3.470555959383499,47.62560642204118],[-3.470362554062113,47.62555394071664],[-3.470129213641309,47.6249527644666],[-3.470013249249673,47.624877920555654],[-3.469952349841018,47.624926458251664],[-3.469848758918206,47.62473351983264],[-3.469785680162323,47.62476411575775],[-3.469736064407081,47.624685588170735],[-3.469661895404653,47.62473486238865],[-3.469541887662289,47.625066652674334],[-3.469567531143109,47.62494782173781],[-3.469477912723962,47.62497989079045],[-3.46953009549458,47.62485958657398],[-3.469389966420294,47.624695770215],[-3.469310154719258,47.62480857677541],[-3.469022776932738,47.62475227867053],[-3.468965535522608,47.62461095479084],[-3.4690573327395,47.6245968278293],[-3.469058617167247,47.62449741186276],[-3.468919189707659,47.62455933940978],[-3.468741433822795,47.62441567367952],[-3.468692322570083,47.624671276952164],[-3.46859725669003,47.624658491058575],[-3.46852129966743,47.62447304920919],[-3.468540910050231,47.6246345246367],[-3.46840950015092,47.624542473939805],[-3.468322953643963,47.6247098414987],[-3.468324239442089,47.62461042554603],[-3.46825224808295,47.62467764058765],[-3.468170648537163,47.62455573103148],[-3.467993589982842,47.62463780866034],[-3.467915259172977,47.62454281150983],[-3.467754935358923,47.62454267808708],[-3.467824748471406,47.62445752161921],[-3.467615704070966,47.62449621726029],[-3.467601740892465,47.624271209170765],[-3.467499050982342,47.62419562630966],[-3.467260200694408,47.62420888154185],[-3.467079874241268,47.62426404518956],[-3.467140576740518,47.62432389580571],[-3.46698134278646,47.62433273219215],[-3.466998278005028,47.62414213478843],[-3.466839044569585,47.62415097098171],[-3.466916682141471,47.62402022432265],[-3.466731109799606,47.62392214621798],[-3.466600594040814,47.62394745118062],[-3.466626443339177,47.62372023396386],[-3.466456320098444,47.623639360848216],[-3.466488993214866,47.62390848724453],[-3.466398285596436,47.62393158307239],[-3.466390261368088,47.62408556060417],[-3.466264301895372,47.624038361865324],[-3.466163390941245,47.62419749326169],[-3.466326580142358,47.62444131515887],[-3.46647036676461,47.62441527421118],[-3.466481858260629,47.624179822500686],[-3.46670050493224,47.62433025359572],[-3.466779431766938,47.62410009107908],[-3.466909350110962,47.62439994641565],[-3.466798637824067,47.62447834047952],[-3.466997481782203,47.62457568209139],[-3.467025309112442,47.62447479342662],[-3.467188900436427,47.62450184046065],[-3.467130574923393,47.62435154479301],[-3.46726891466692,47.62428064850443],[-3.467511033139133,47.6242943058585],[-3.467396855895012,47.62445417471546],[-3.467583718482926,47.62445283578299],[-3.467481721387904,47.62460299741875],[-3.467526778568926,47.62475402931065],[-3.467708393160195,47.62459944904042],[-3.467816530884051,47.62471988601734],[-3.467842178038981,47.62460105543845],[-3.467871787929941,47.624734881925264],[-3.468088261995673,47.62486736865598],[-3.468171344594737,47.624781475512314],[-3.46829928995663,47.62495500069012],[-3.468428717917367,47.62492072298607],[-3.468328204462015,47.624863082592476],[-3.46839128417018,47.62483248745603],[-3.468594490287758,47.62496570975754],[-3.468583595458368,47.62487600120905],[-3.469008417808074,47.6247440444063],[-3.469062195922965,47.62496684250172],[-3.469068928163022,47.62491228080676],[-3.469255792312537,47.62491093919953],[-3.469360665313906,47.625004462182936],[-3.469418296480506,47.62492901225638],[-3.469615669750469,47.62523415211582],[-3.469722020755342,47.625119872039235],[-3.4697213181358,47.62489412760698],[-3.469871449282641,47.625030294340625],[-3.470005235306241,47.6250318982607],[-3.469957605357804,47.62507969925509],[-3.470302936334403,47.62550306264913],[-3.47030473120932,47.62573777784224],[-3.470524676763494,47.6257887857436]]]},"properties":{}},{"type":"Feature","geometry":{"type":"Polygon","coordinates":[[[-3.438800895042462,47.62526994528731],[-3.438804404799756,47.62518847195691],[-3.438921666670103,47.62516393124167],[-3.43887318044203,47.62509436169667],[-3.438991526586063,47.625078792040775],[-3.438920009802453,47.62492921551552],[-3.439009390601989,47.62500555664898],[-3.439122569503238,47.62483674446836],[-3.439439964986637,47.62481017631773],[-3.439675825525517,47.624661677855414],[-3.439430458791921,47.62462104942135],[-3.439439135417035,47.62469281844053],[-3.439327552864657,47.62465382856895],[-3.43932729762595,47.624762215321404],[-3.439220053183791,47.62475910986047],[-3.439276642129548,47.62467470367294],[-3.439167228799203,47.62465365590567],[-3.438948146389026,47.62471994681693],[-3.439314793433841,47.62443778825987],[-3.43926413826579,47.62435027659137],[-3.439647304715931,47.624094297123015],[-3.439620189769335,47.623870018906445],[-3.439498592768845,47.62385867581775],[-3.439544334533545,47.623684558150096],[-3.439307648680692,47.62371569848439],[-3.439230454799122,47.62362965319122],[-3.439519134520166,47.62358660894497],[-3.439545928690952,47.6234767556499],[-3.43937450758234,47.623495258773865],[-3.43947224338533,47.623309237074466],[-3.439115047939551,47.623338004912945],[-3.439218206914582,47.62319683909699],[-3.439057887225156,47.6231966662835],[-3.438981778967279,47.62311959194101],[-3.438991539219028,47.623200332187174],[-3.43883230396714,47.623209130202234],[-3.438804424017158,47.62331001220928],[-3.438680659617965,47.62328072598664],[-3.438477848098634,47.623481583163404],[-3.438485438861672,47.623544381154076],[-3.438646844016611,47.62355352589314],[-3.438581323203056,47.62367454951447],[-3.438675039145751,47.62378677551064],[-3.438766842954515,47.62377267235051],[-3.438770668019491,47.6240253304915],[-3.438608176990619,47.62400721478773],[-3.438552101315393,47.62387484709804],[-3.438402109252081,47.62418115834628],[-3.438307308814092,47.624059961013316],[-3.43821550438987,47.62407406381014],[-3.438289701494337,47.62402480954809],[-3.438185711659932,47.6240486165589],[-3.438266672356387,47.623944802372584],[-3.438000192017673,47.623950492813734],[-3.437901623732014,47.62401915529121],[-3.438008092868488,47.62434742230008],[-3.438135112433859,47.62440362264148],[-3.438063909888178,47.62458817697819],[-3.438218039420245,47.624868655710934],[-3.438163359732639,47.62507939038499],[-3.438286043623914,47.62509970599269],[-3.438178798564321,47.62509659957624],[-3.438114359163304,47.62522659397603],[-3.438201570540573,47.62528499344253],[-3.438391947144062,47.62520222790153],[-3.438647332500073,47.62521521197222],[-3.438778120957513,47.62508155153639],[-3.438800895042462,47.62526994528731]],[[-3.4387729549461,47.624928309142135],[-3.438662456841128,47.62489828977234],[-3.438663797881641,47.62479887416284],[-3.438869354815265,47.62484170369794],[-3.4387729549461,47.624928309142135]],[[-3.438781709836678,47.62356413671811],[-3.438669045697186,47.6235161750561],[-3.438839382662948,47.62348870182943],[-3.438781709836678,47.62356413671811]],[[-3.438877022767778,47.62346856006791],[-3.438843976697857,47.6234161995619],[-3.438986689479455,47.62338122129723],[-3.438877022767778,47.62346856006791]]]},"properties":{}},{"type":"Feature","geometry":{"type":"Polygon","coordinates":[[[-3.430700180363051,47.621021103650094],[-3.430763549696489,47.62088214183511],[-3.43088297193147,47.620875551586764],[-3.430829622913261,47.620986867544616],[-3.430971251370334,47.620942927806084],[-3.430986958841276,47.62085175103913],[-3.431263444199282,47.62081843062797],[-3.43074513799581,47.620729630998284],[-3.431134546043221,47.62063589330783],[-3.43128592145407,47.62067269418612],[-3.431449754217125,47.6205914043665],[-3.431486583045147,47.62045390676791],[-3.431275633325765,47.620366208029715],[-3.431472502033308,47.62033728089671],[-3.431517183800812,47.62015419483679],[-3.431394513850625,47.62013387206775],[-3.431717029976524,47.61981804873771],[-3.431576759228604,47.619762573621074],[-3.431639041620669,47.61961464001786],[-3.431330880958665,47.61949618280856],[-3.431437302472047,47.61938193726813],[-3.431415640002981,47.61920251273955],[-3.431178701467446,47.618899504298945],[-3.431053868424075,47.61886123869768],[-3.431159745680792,47.618963767491984],[-3.431035995551145,47.618934473103444],[-3.431018122629181,47.619007707503684],[-3.430883542216849,47.618888700635104],[-3.430591632010003,47.61890480993334],[-3.430495775715471,47.618774634695825],[-3.430403978316672,47.61878873139094],[-3.430473297102896,47.61892037112745],[-3.430268852625011,47.61888649792521],[-3.4302122555736,47.618970899998814],[-3.430238519252404,47.61907782268182],[-3.430372289152133,47.61907947200305],[-3.430274802976847,47.61915709945234],[-3.430275338725169,47.61938284475884],[-3.430206829015209,47.61936856320595],[-3.430438349290928,47.619626717375766],[-3.430279659060628,47.61986124899699],[-3.430367662654879,47.62003701270263],[-3.430176482896315,47.62000240715895],[-3.430145065632229,47.62018476054791],[-3.430044328375623,47.62023547405904],[-3.430090358875566,47.62039549194859],[-3.430200842840046,47.62042551949721],[-3.430231986372239,47.6203515530932],[-3.430319181162815,47.62040995859116],[-3.430240649937657,47.62042332295261],[-3.430317824693343,47.620509374328456],[-3.430175113909882,47.62054434205213],[-3.430434533640493,47.62070161599733],[-3.430248492573857,47.62082025368106],[-3.430135841891741,47.62077228372051],[-3.430021834383418,47.620823729367935],[-3.430355455145572,47.620931754331295],[-3.430484897700211,47.62089751860633],[-3.430700180363051,47.621021103650094]]]},"properties":{}},{"type":"Feature","geometry":{"type":"Polygon","coordinates":[[[-3.464919500322925,47.62219572754838],[-3.464882494745334,47.622119107793864],[-3.464725648208046,47.6220374959712],[-3.464798729232802,47.621979253915896],[-3.465035189473742,47.62205644885249],[-3.464932710697369,47.62187247669122],[-3.465100851225205,47.62182702333686],[-3.465011438441356,47.621750702049155],[-3.465113234163409,47.62170892932371],[-3.465074922272733,47.62150333470423],[-3.464443870472488,47.62136674831528],[-3.464507152376721,47.621227768228906],[-3.464324655764328,47.621264985887805],[-3.464328330769503,47.62107512462607],[-3.463971574058693,47.620887194497016],[-3.463888285406905,47.621081471830884],[-3.463568276609013,47.62075603267566],[-3.463441032691696,47.620808246910784],[-3.463464098202995,47.6208882492475],[-3.46332596869551,47.62085075414135],[-3.463260920408607,47.62075501774149],[-3.463395784044615,47.62076560015936],[-3.463493224988459,47.6206879451339],[-3.463305024616224,47.620237787530705],[-3.463260658424888,47.62031249868791],[-3.463140152982802,47.620310151117714],[-3.463108848134623,47.620492513329474],[-3.463002699344832,47.620498400625145],[-3.462796258935863,47.62033825550011],[-3.462553071236731,47.62031561741252],[-3.462527414367844,47.62043444709133],[-3.46217481268463,47.620390782185126],[-3.462186784146132,47.62048946247281],[-3.461966868392069,47.62043843873214],[-3.462021910219756,47.62056182447188],[-3.46190031599939,47.62055050468651],[-3.461842678934686,47.62062595107295],[-3.46130301675067,47.62069200031285],[-3.461123573196558,47.620864512819416],[-3.460892352979549,47.620940551652474],[-3.460909551356046,47.621192473759386],[-3.460657444060756,47.62120645117664],[-3.460602616749469,47.62097467783478],[-3.460475157124538,47.621135275829715],[-3.46042338237354,47.62103880224415],[-3.46034594578398,47.62106115779221],[-3.46020173952581,47.62130396522501],[-3.460443205632978,47.62164279817335],[-3.46034814712207,47.6216300055458],[-3.46030377563571,47.62170471552633],[-3.460218721951684,47.621664274353485],[-3.46021850914207,47.62177266131432],[-3.459845676734286,47.621892673221744],[-3.459621405784803,47.62180576129878],[-3.459449997005354,47.621824293902414],[-3.459048221771399,47.621485313558104],[-3.458901176064551,47.621484432525065],[-3.458720409974041,47.62120545144894],[-3.458590984788088,47.62123971846029],[-3.458636229998675,47.62128236706279],[-3.458551178250759,47.62124192466681],[-3.458590552561912,47.62145649241721],[-3.458212930990542,47.621206483382224],[-3.458252520716188,47.62131266427377],[-3.458389560159083,47.62134119440492],[-3.458183567170449,47.62151517309662],[-3.457984097744696,47.621192071397346],[-3.457893391062847,47.62121516065225],[-3.457875336655775,47.621396786050234],[-3.457459218288274,47.621049564515104],[-3.45747118118104,47.62114824525262],[-3.457324136428666,47.6211473622339],[-3.457318480173134,47.62121089433385],[-3.457153816450511,47.62117486245099],[-3.457050708811633,47.62131604425127],[-3.456975664716452,47.62124795254106],[-3.456943031347497,47.62152972900095],[-3.45681360423456,47.621563994036975],[-3.456901478445414,47.621848124535674],[-3.456817294836025,47.621925038813096],[-3.45663936021545,47.621889741420034],[-3.456454240184238,47.62212577868301],[-3.456329365314068,47.6226384457335],[-3.456418326113182,47.6229315474172],[-3.456325661752991,47.62282830659015],[-3.456194056379418,47.622844628959385],[-3.4562401675098,47.623004636319436],[-3.456105299636379,47.622994045650884],[-3.456074190413051,47.62306801885001],[-3.456014589080163,47.62301713342526],[-3.455969123051293,47.62308287072517],[-3.45572963145543,47.622870357638696],[-3.455775519380259,47.62313875205651],[-3.455703736188952,47.6230975725409],[-3.455624985227325,47.62321934082379],[-3.455616287081725,47.62314757295413],[-3.455494688330412,47.623136246514754],[-3.455554733870074,47.622970358448846],[-3.455427476837532,47.62302256389361],[-3.455312624464129,47.62295667630086],[-3.455382652040036,47.62331404568919],[-3.455243880558331,47.62305079634251],[-3.455177310795966,47.62316285831512],[-3.455080299734801,47.62302373255826],[-3.45500439199343,47.62283828176546],[-3.455079659057871,47.62279798779853],[-3.454989171822656,47.62271268788594],[-3.454900635538005,47.622753716781666],[-3.454830164418882,47.62261312081548],[-3.454640046677671,47.622587526358835],[-3.454462335788563,47.62244383875411],[-3.454404686168168,47.62251928139618],[-3.454201524777002,47.62238603424232],[-3.453999000497983,47.622478531554826],[-3.453856525698101,47.62240514127074],[-3.45382084009422,47.622551616783625],[-3.453487388219752,47.622335272033894],[-3.453237220300454,47.62247556234943],[-3.453235906457778,47.62257497824328],[-3.453070381782873,47.6224215827141],[-3.452836741979507,47.622588050418436],[-3.452716231860248,47.622585692095534],[-3.452629639326669,47.62275304819102],[-3.452773603144134,47.62316954260743],[-3.45242167731306,47.62280068768482],[-3.452231560058683,47.62277508931014],[-3.452194154588049,47.62268684849357],[-3.451873058678451,47.62290331203917],[-3.451798018956251,47.62283521705776],[-3.451697297271614,47.62288594917471],[-3.451673161934124,47.622796973574886],[-3.451596345075115,47.62304506807711],[-3.450874133338484,47.62314826649367],[-3.450861718567356,47.62326635890791],[-3.451072480530417,47.62346240898534],[-3.450867150922751,47.62331121404532],[-3.450857763694614,47.623564606372696],[-3.450751607446426,47.62357048252427],[-3.450567385207658,47.623372962897605],[-3.450612393495689,47.623524001406494],[-3.450181017212032,47.62360206518556],[-3.450095968174325,47.623561616680675],[-3.450026127954553,47.62364676258886],[-3.449493024836253,47.623215678106064],[-3.449363353999027,47.6233583217081],[-3.449286055569698,47.62382318827694],[-3.44921233922169,47.62365567587747],[-3.449198834455365,47.62376479704351],[-3.449095085396057,47.62368022694282],[-3.449091446900008,47.623319182249936],[-3.448646423363724,47.62306384308286],[-3.448668240544883,47.62269235866069],[-3.448405025706308,47.62272498599616],[-3.448494179760329,47.62290970683222],[-3.448393691618468,47.62285204922606],[-3.448391282697949,47.62294249399398],[-3.44830623606712,47.62290204417216],[-3.448330128888294,47.623099407326926],[-3.448173542049148,47.6229093864502],[-3.448066063327345,47.62301467597712],[-3.448029750561547,47.62293540489295],[-3.447809838266081,47.62288435455964],[-3.447836749164094,47.62321701784393],[-3.447729507331727,47.6232139201938],[-3.44760669194702,47.622751095959714],[-3.447522732113355,47.622719616623804],[-3.447322366729726,47.62283004446418],[-3.447219947512361,47.62264605683889],[-3.447129233705277,47.622669137716365],[-3.447064451770206,47.62246500549615],[-3.446838153537346,47.62280264553436],[-3.446947326338946,47.62293207300633],[-3.446756125469245,47.62289749465501],[-3.446786767335002,47.62304029766633],[-3.446741530101543,47.62299764451237],[-3.446723677365034,47.623070881162],[-3.446604252176931,47.62307748760028],[-3.44662729343624,47.62315749316709],[-3.446419324491242,47.623205121963295],[-3.446301225740283,47.623112312306986],[-3.44631787181776,47.622587586088066],[-3.446143198920706,47.62257918593574],[-3.446199292056978,47.62271155006843],[-3.445928718027639,47.62257298742501],[-3.44577008709553,47.62280753973499],[-3.44581399571824,47.622949609060164],[-3.445890355503449,47.62291829209387],[-3.445860919487504,47.623226978435],[-3.445712783598883,47.6232171097239],[-3.445577801862227,47.62276398837521],[-3.445410727310702,47.62281838468063],[-3.445535337270396,47.62296502172343],[-3.445388644484711,47.62329825531688],[-3.445426881845273,47.62350385619815],[-3.445529781810285,47.623471071657505],[-3.445570433575152,47.62358622779879],[-3.445447507583076,47.623674306652795],[-3.445582733050948,47.624019041138894],[-3.445431938188176,47.62420800352836],[-3.445008391055694,47.624240458899415],[-3.444838652251347,47.624493685755695],[-3.444708124722545,47.62451896624634],[-3.444619822033484,47.62445160053509],[-3.444594123258008,47.62457042601877],[-3.444502564347687,47.62447614697987],[-3.444557569971157,47.624599540691364],[-3.444399661814449,47.62450893059861],[-3.444400502286592,47.624626288451445],[-3.443907345733294,47.62463549551287],[-3.443566916155776,47.62458206970152],[-3.443536282018427,47.624439265958735],[-3.44337378811263,47.6244211568888],[-3.443357412611539,47.623844072223044],[-3.443224811484118,47.62429392715504],[-3.443110466548765,47.62401125401978],[-3.4430936936732,47.624093461172194],[-3.442967754785069,47.62404623731184],[-3.442933960607021,47.6243190383518],[-3.442829972270825,47.624342849493914],[-3.442932627530978,47.62441845403472],[-3.442830809289503,47.624460207368045],[-3.442900166083574,47.62459183934371],[-3.442785325797205,47.62452593948614],[-3.442875548570218,47.6247196355356],[-3.442773729709643,47.624761388812715],[-3.442643449054686,47.62467828023401],[-3.442722820219627,47.624782265417636],[-3.442642115428642,47.624777695895226],[-3.442589374912108,47.625114761582836],[-3.442511924943293,47.62513710525903],[-3.442491397848495,47.62540917244102],[-3.442650639059769,47.62540036944729],[-3.442412862317158,47.625422544952684],[-3.442273152276299,47.62559282737137],[-3.442178091088318,47.6255800199815],[-3.442124760922656,47.62569134082854],[-3.441994229180188,47.62571661827075],[-3.44200399446316,47.62579735815729],[-3.442215232649335,47.62577665057603],[-3.442092881868253,47.62609047027136],[-3.441849426627778,47.626176175820845],[-3.441698028329251,47.626139388738515],[-3.441695607915739,47.62622983321508],[-3.441484618600684,47.62614215317763],[-3.441568329560792,47.62628202347115],[-3.441432120400867,47.626370831444596],[-3.441230895178579,47.62636389086518],[-3.441259354408337,47.62648875286723],[-3.441162122057334,47.62645800245219],[-3.441115549909466,47.62651476274971],[-3.441067059595207,47.626445194163814],[-3.440978254525306,47.62659459908042],[-3.440790298937978,47.62658692434059],[-3.440602090745197,47.62668763594613],[-3.440515453578672,47.62685498270513],[-3.44019587696978,47.62686361153013],[-3.440519792799249,47.62689086713356],[-3.440620027414025,47.62705691802136],[-3.440544490651881,47.627205589199896],[-3.440813737088427,47.627443579489984],[-3.440691374247121,47.627757397447816],[-3.440323626881054,47.62803058874027],[-3.439864318629072,47.62820949634308],[-3.438719515352882,47.62835402554939],[-3.437714438511806,47.6283282669814],[-3.43679709829464,47.62814412708977],[-3.436273552630932,47.627902110082154],[-3.435760292900878,47.627524057862544],[-3.435490773744617,47.626951924953296],[-3.435590139059385,47.626558104718306],[-3.436159947127616,47.62640923558928],[-3.436295342474981,47.626203075957605],[-3.437481826749671,47.626182700291636],[-3.436100884645222,47.62614156677271],[-3.436191870732797,47.62601010783237],[-3.436076475328186,47.625718456909],[-3.436445051498181,47.62556263651599],[-3.436226485055749,47.62541214888963],[-3.436329394348997,47.625379372487004],[-3.436201290314705,47.62531419905577],[-3.436245698531568,47.625239498374164],[-3.436150639419177,47.625226686076495],[-3.436188020148608,47.62531493191418],[-3.436050982375653,47.62528637579213],[-3.436013900000459,47.62553226119062],[-3.435884449753515,47.62556650296187],[-3.43568674281967,47.625478079597784],[-3.435705170276236,47.62563058928317],[-3.435508284341108,47.62565952347225],[-3.435308409879358,47.62555315715265],[-3.435427578841753,47.62565494896694],[-3.435349861772349,47.625785674574466],[-3.435316817727742,47.62573331313295],[-3.435190618208413,47.62579446761293],[-3.434680927562074,47.62577745497105],[-3.434026613565266,47.625669083414],[-3.433702975129149,47.62553342309625],[-3.433535597213732,47.62525367105887],[-3.433380956545345,47.62518995963992],[-3.433371471749438,47.62500083228791],[-3.433305937199683,47.62512185285954],[-3.433063276150204,47.6248823799775],[-3.433075730670556,47.624764289556225],[-3.433177289395321,47.624830931468445],[-3.433184326007185,47.62466798510575],[-3.433092519184097,47.624682083871456],[-3.432996914508474,47.624443524322785],[-3.433232523738062,47.62440342560255],[-3.433140985180792,47.62430913765024],[-3.433305909818698,47.62423681656646],[-3.433302926669726,47.62410151623781],[-3.433197850942973,47.624116347619974],[-3.433240095316947,47.624023705658814],[-3.4331637265303,47.62405501433636],[-3.433146390384273,47.62391147531572],[-3.432992837547587,47.62385673452839],[-3.433067307113177,47.62369909678701],[-3.43285038795332,47.62378331867415],[-3.433038321055102,47.62334848780247],[-3.432858230529503,47.62329521182046],[-3.432868518243926,47.62315917893431],[-3.433010150785927,47.62311523677232],[-3.432803521769935,47.62306342569145],[-3.432792687474326,47.62297371372597],[-3.432626951476895,47.62292867610043],[-3.432621265640969,47.622992206943074],[-3.432474216227831,47.62299129263852],[-3.432450657867227,47.623128057936285],[-3.43261260640107,47.62336295585138],[-3.432304966313525,47.623470246262336],[-3.432145998968666,47.62337064835216],[-3.431996511800758,47.623460177853126],[-3.43179529877817,47.62345322100808],[-3.431774716716559,47.62328276812571],[-3.431536132718033,47.62318756349103],[-3.43151880010599,47.62348654263321],[-3.431395039294951,47.62345724869313],[-3.431203574895031,47.62353103169472],[-3.431104187415061,47.62348233044219],[-3.43107412641565,47.623565268169905],[-3.430638388923615,47.623607374927886],[-3.430376515003005,47.62354054603634],[-3.430181799890688,47.623587413710794],[-3.430166090239629,47.62367859024134],[-3.430015790051824,47.623650759187875],[-3.429877402481694,47.62372161136806],[-3.429733874605237,47.62363922048705],[-3.429662644035112,47.62382376977375],[-3.42954646375289,47.62385727243304],[-3.429479288583499,47.62418609323714],[-3.429355251786666,47.62426518390402],[-3.429436762236117,47.62438712058117],[-3.428991801750995,47.624574224894026],[-3.428627012871009,47.62454016206546],[-3.428336431344478,47.62445685016914],[-3.428442341106625,47.624116862908444],[-3.428399005618422,47.624200531897856],[-3.428266305639003,47.624207851553855],[-3.428185880812952,47.62409488528305],[-3.428397672473368,47.6238574291363],[-3.428130108858719,47.62385412582522],[-3.428206480309988,47.623822820435734],[-3.428110899008087,47.62358425678275],[-3.427832232143374,47.62359962720367],[-3.427823014118536,47.6237446308545],[-3.427615305128931,47.62368383937224],[-3.427501288973603,47.62373528248226],[-3.427255412743282,47.623468883633265],[-3.427189866209241,47.62358990086829],[-3.427069635088612,47.6234791292943],[-3.426983241005411,47.623538079503334],[-3.426510418186848,47.62338353520506],[-3.426530744735695,47.623219857362834],[-3.426389669582606,47.62304701804659],[-3.426313298175814,47.62307832226058],[-3.426258899818798,47.62273814621168],[-3.426414932114414,47.62225993291962],[-3.426302281839194,47.622211959296926],[-3.426284119617336,47.62239357970392],[-3.426257061675736,47.62216929819226],[-3.426121119580503,47.622149701635216],[-3.426165539269635,47.62207500466522],[-3.426024986127123,47.62212790981393],[-3.426211041136419,47.622009278937774],[-3.426196971239349,47.621892652523904],[-3.426136317414947,47.621832780561974],[-3.425973555012164,47.621923034140906],[-3.425128921149617,47.62189735796878],[-3.424388114797893,47.621071230172944],[-3.424483734402583,47.62086727821893],[-3.424395463276679,47.6207998970935],[-3.424282532132576,47.62086030842198],[-3.424273876506047,47.62078853813688],[-3.424215104073117,47.62085499465059],[-3.423926999763236,47.620681227260725],[-3.424089761839846,47.62059097647635],[-3.424034807656078,47.620467572875846],[-3.423867718347061,47.62052193842643],[-3.423886110329108,47.62067445036314],[-3.423798127023448,47.62049868183158],[-3.423792144180883,47.62067059926753],[-3.423731781323727,47.620502339071756],[-3.423600171730017,47.620518624732384],[-3.423620506110554,47.620354947155974],[-3.423433437449098,47.62002208355838],[-3.423497618960807,47.62000048389356],[-3.423378197772138,47.620007066593146],[-3.4234580993354,47.619894291159774],[-3.423194089115466,47.61980950344146],[-3.423098466478568,47.62001345445027],[-3.422914935906897,47.61959911687305],[-3.422811740777068,47.619740268547076],[-3.422757872096448,47.61962583559666],[-3.422700973417407,47.619818620986855],[-3.422637370001183,47.61962344623475],[-3.422512541387803,47.619585171518146],[-3.422426940666783,47.619761476773675],[-3.422314299247167,47.61971349924307],[-3.422273912679315,47.61993246705594],[-3.422138557967387,47.61969609186964],[-3.422095216188407,47.619779758709875],[-3.422058944187101,47.61970047942385],[-3.422039977138605,47.61976474110981],[-3.421954955540207,47.6197242720362],[-3.421893146498479,47.62009794572646],[-3.421802716871808,47.620012619992],[-3.421747186755662,47.620105989225976],[-3.42166000183982,47.62004757731947],[-3.421657547755494,47.62013802166102],[-3.421560629551435,47.61999886785919],[-3.42151915819913,47.62020886406536],[-3.421404353737501,47.62014294303954],[-3.421331227896767,47.620201157987935],[-3.421096329938142,47.620801110134096],[-3.421195411263614,47.62095820689122],[-3.42122116037929,47.62083938634054],[-3.421336755827132,47.62102266575395],[-3.421200818458051,47.621003063458446],[-3.421196200670169,47.62107556512005],[-3.421147741255232,47.621005988072476],[-3.421042668245543,47.62102080854289],[-3.420928358868631,47.62118063221573],[-3.421215785598719,47.622013699538925],[-3.421298647327884,47.62203622648789],[-3.421287042953536,47.621829155233065],[-3.42133521154277,47.622007119057244],[-3.421452474452793,47.6219825958406],[-3.421446775419513,47.62204612616948],[-3.421082213264412,47.622346171592966],[-3.420956297974416,47.622298923958056],[-3.420875306113468,47.62240272623072],[-3.420742902531762,47.622301650505584],[-3.42076914888315,47.62240857513459],[-3.420749390873201,47.62235547837411],[-3.420730421305045,47.622419739759835],[-3.420606668888261,47.622390434372385],[-3.420596056818246,47.62263485305758],[-3.420524301448222,47.62259365191413],[-3.420509656953158,47.62269379850354],[-3.420401336424349,47.62268170444832],[-3.420584271513164,47.62331281890426],[-3.420527654457702,47.62339721609217],[-3.420472705619463,47.62327381099352],[-3.42039849312193,47.62332305395498],[-3.420336762835322,47.623254207714986],[-3.420407344364566,47.6237289560583],[-3.420273563122964,47.62372729532707],[-3.420340206852213,47.62361525329176],[-3.420178017443653,47.62348872517172],[-3.419957540396923,47.62365439595816],[-3.419997842655945,47.62387794773934],[-3.42011619160508,47.623862397199204],[-3.419899448590233,47.62428072655571],[-3.419096352650334,47.62482166126721],[-3.418960406429906,47.62480205640232],[-3.418979867013072,47.62496354009183],[-3.418856109660201,47.62493423288788],[-3.418758596047403,47.625011850490054],[-3.418751515356292,47.62517479595215],[-3.418645649613977,47.625072256237104],[-3.418585487018938,47.6252381251305],[-3.418480404967712,47.62525294326352],[-3.418428702124539,47.62515645127923],[-3.418252646162024,47.62524742478305],[-3.418242320799639,47.6253834562334],[-3.41807629120923,47.62544678468115],[-3.417956259899167,47.62567013512721],[-3.418111964562567,47.62574283827104],[-3.418025556924101,47.62580178178514],[-3.41813820733603,47.62584976330202],[-3.418177124409504,47.626172730764225],[-3.417827948367218,47.62648997721314],[-3.417709592925981,47.62650552541364],[-3.417704969920311,47.62657802673206],[-3.41793273434667,47.62658354627669],[-3.41791700289201,47.62667472101808],[-3.417776429463895,47.62672761611488],[-3.41793892169845,47.626745760773886],[-3.417890646056187,47.62701031364223],[-3.418009785054294,47.62711212314837],[-3.41789545355262,47.62727194335213],[-3.418017053733258,47.62728330891114],[-3.417938210635608,47.62740505150745],[-3.418155950854032,47.627438215339176],[-3.418196546583887,47.627553380766],[-3.418327094081198,47.62752812994374],[-3.418619838982335,47.62762940922286],[-3.418688545866216,47.62797782840877],[-3.418591026449675,47.62805544574943],[-3.418661706512785,47.6280876766607],[-3.418418987960116,47.62829069109232],[-3.418429501487297,47.628488790639196],[-3.418293546172231,47.628469185035144],[-3.418148047550678,47.62870296827917],[-3.418041877491857,47.62870881468522],[-3.418143424950226,47.628775469532854],[-3.418057012437328,47.62883441297815],[-3.418072930112042,47.62907736902773],[-3.417712142343688,47.62918754386464],[-3.417787630542104,47.62948140470531],[-3.417622668677108,47.62955370368004],[-3.417652753949403,47.62947076967133],[-3.417540096331917,47.62942278777576],[-3.417290881698283,47.62957197187816],[-3.417531148863044,47.629459403745884],[-3.417509711347646,47.629614108187276],[-3.417389186938586,47.62961171342265],[-3.417208190374775,47.629883572743985],[-3.417230109555543,47.6299546125153],[-3.417401559078083,47.6299361419543],[-3.417422397550625,47.62999821038067],[-3.417235694915134,47.63033359955153],[-3.416901741142789,47.6303339240232],[-3.416793104903306,47.630430213051746],[-3.416801752034659,47.6305019835348],[-3.416917954777789,47.63046849366782],[-3.417059319359428,47.630532957391594],[-3.416897595991282,47.63063216922483],[-3.416972602143376,47.6307002863491],[-3.416836039853457,47.630897451790304],[-3.41621183370109,47.63148269398247],[-3.416060438028516,47.63144587377188],[-3.415691761735781,47.631601629362336],[-3.415734516791512,47.631734738026985],[-3.415954737589854,47.63167746221251],[-3.415925729206498,47.63176936700182],[-3.416032986374113,47.63177249383984],[-3.416027279844965,47.631836023583816],[-3.416342264800316,47.63189996197147],[-3.41634490344801,47.63214364847164],[-3.416089966259498,47.632356359544474],[-3.416124076359141,47.632417697552555],[-3.41634321870387,47.632351449718065],[-3.416426873514097,47.63249133757487],[-3.416587221041896,47.632491541451536],[-3.416533529035743,47.63271123646551],[-3.416644030865177,47.63274127664797],[-3.416620427638563,47.63287803806279],[-3.416802094130015,47.63316605387975],[-3.41674191668249,47.633331921131145],[-3.416546072971911,47.63336979453871],[-3.416697952902363,47.633632357792514],[-3.41641784759535,47.63374711580008],[-3.416539462213724,47.63375848285934],[-3.416468172517077,47.63394302313381],[-3.416627620265767,47.63426838547261],[-3.416550925539231,47.63440806928091],[-3.416626237941295,47.63436780033958],[-3.416718845532294,47.63447107203617],[-3.417051443654403,47.63457016294963],[-3.417196062389714,47.63466154023718],[-3.417196843204956,47.63477889766414],[-3.417474490406994,47.63475458142245],[-3.417681931684551,47.63492377672387],[-3.417956335891241,47.63487254549367],[-3.417982582841961,47.63497947005581],[-3.418202516428522,47.635030576227614],[-3.418211166200483,47.63510234643567],[-3.418390498495524,47.635038287280544],[-3.418585752200369,47.63521718305707],[-3.418704126705061,47.6352016340387],[-3.418640708971938,47.63534058828324],[-3.418791333140618,47.63526004769564],[-3.418945985567743,47.63532377809844],[-3.419254107310623,47.635884782651814],[-3.41984805188897,47.6374866511004],[-3.420080387855192,47.6378621806118],[-3.42039482572869,47.638142879795225],[-3.421197935562473,47.638486970053115],[-3.423457053792403,47.63904885325904],[-3.424853417616203,47.63965824749402],[-3.426557801407382,47.64049448003508],[-3.426610616554623,47.64059993882798],[-3.426856046992778,47.6406405938569],[-3.426982532817718,47.64091357749713],[-3.427124217325808,47.6408696428758],[-3.427112828715731,47.64099670284503],[-3.427295418736501,47.640959543714956],[-3.42742571523411,47.64104266871196],[-3.427312464963609,47.641211468142465],[-3.427516189486963,47.64112798916616],[-3.427685226507722,47.641199947099615],[-3.427660564897928,47.64132773898526],[-3.4278190517812,47.641201599326514],[-3.427685751523041,47.64142568984983],[-3.427818494396452,47.641418370918544],[-3.427776226841007,47.6415110100857],[-3.427882142737817,47.64161354065288],[-3.427994030726464,47.64154415533604],[-3.427890280709477,47.641459567179865],[-3.427987811094636,47.64138194261446],[-3.428577294265032,47.641394592430956],[-3.429220682124852,47.64152166798067],[-3.429227437062182,47.6419096233113],[-3.429481816886511,47.64191365616792],[-3.429367763581781,47.64196510061524],[-3.429465017389886,47.64199586060125],[-3.429466908551036,47.64212218863733],[-3.429554688418587,47.64196382253551],[-3.429655192191496,47.64202149577896],[-3.429717231049248,47.64198195066612],[-3.429851867099372,47.642100957460165],[-3.429796328081949,47.64219432945588],[-3.429883832588631,47.64214434886945],[-3.43031212711133,47.64248196153475],[-3.430314020295061,47.642608289525185],[-3.430178024643162,47.642588697897104],[-3.43013251011494,47.642654424471054],[-3.430247373787586,47.6427203361504],[-3.430249266826484,47.64284666412623],[-3.430028741069147,47.64301235226441],[-3.430079398806567,47.64309986709302],[-3.430156880050399,47.64307753186853],[-3.430126806540257,47.643160468512185],[-3.430672424795958,47.643031034011806],[-3.430713605043986,47.642929422746626],[-3.430836327135971,47.64294974599156],[-3.430775644172923,47.642889877090475],[-3.43087208946735,47.642803279051634],[-3.431001312507144,47.6428774288591],[-3.430989393691651,47.642778746523604],[-3.431167652886694,47.64270569688865],[-3.431805914998981,47.64267951679246],[-3.432458265508826,47.64276995761915],[-3.432639505162622,47.642832204787645],[-3.432697753727739,47.64298251622806],[-3.432765479244732,47.64287943932525],[-3.432861652833522,47.6429012253647],[-3.432924505861152,47.64297903538775],[-3.432832398949103,47.6431015195256],[-3.432991694547823,47.643092729780896],[-3.432975983955564,47.643183905769824],[-3.433063487106776,47.643133922827815],[-3.433245812617177,47.64320514014454],[-3.433092752069062,47.6433761425305],[-3.433173216341522,47.643489104295924],[-3.433339284147936,47.643425754980896],[-3.433677388905935,47.64356965357884],[-3.433978637848738,47.643408534122656],[-3.434550268548571,47.64349438771489],[-3.43531290504007,47.643723221213904],[-3.435494972451769,47.64390282066942],[-3.435506373666389,47.64421827379955],[-3.435415618122154,47.64424134532162],[-3.435503941938626,47.64430871730117],[-3.435474697200433,47.64450901197684],[-3.435568706167975,47.644512853625706],[-3.435500983992806,47.64461593206571],[-3.435609352466339,47.644628011979705],[-3.435628312011083,47.64456374891648],[-3.43564349284611,47.64468934389601],[-3.435769473971427,47.644736575149125],[-3.436132498434581,47.64464428756062],[-3.436282599423932,47.64478049606358],[-3.437054978264649,47.64464754407365],[-3.437118924060339,47.64473432282588],[-3.437321302652452,47.644750241476856],[-3.437644499655088,47.64466014812182],[-3.437629881234455,47.644760295712715],[-3.437711700514931,47.64477383970113],[-3.437854987808593,47.64452209194249],[-3.437651783977594,47.64438881752009],[-3.437869295908799,47.644087816300626],[-3.438060824848823,47.64401402315673],[-3.438547395649342,47.64405940026547],[-3.438648169798797,47.6440086800446],[-3.438684482968084,47.644087953181185],[-3.439108191477656,47.644055521075224],[-3.439275083507629,47.6441095200503],[-3.439289187844981,47.64422614354769],[-3.439394301476413,47.644211306839914],[-3.439404576561446,47.64407527484988],[-3.439510774848895,47.644069409073786],[-3.439590998956138,47.64429075203621],[-3.439688517494115,47.644213117818786],[-3.439656033464522,47.644386500450416],[-3.439724832348024,47.64429239062361],[-3.439833201120524,47.644304466622195],[-3.439859174252799,47.64407725773489],[-3.439999517524404,47.6441327222068],[-3.440269607195515,47.64404555468401],[-3.44032462320276,47.64416894913954],[-3.440437838587566,47.64400013735823],[-3.440531847015737,47.64400397501493],[-3.440496942590282,47.64426780150716],[-3.440705251441349,47.64411179811076],[-3.440663509361348,47.64398767047248],[-3.440781896883886,47.643972099154794],[-3.44078924091106,47.6441432819991],[-3.440933093075238,47.64411727275567],[-3.440886505271653,47.64417403244301],[-3.440961813088873,47.64413374801918],[-3.441069930026683,47.64425420853471],[-3.441089968115919,47.644198915594444],[-3.441213782353084,47.64422819894722],[-3.441292597202318,47.64410644170599],[-3.441428600801499,47.644126020381684],[-3.441402885445036,47.64424484395368],[-3.441603343485677,47.64413442749117],[-3.441614698262324,47.644007366318874],[-3.441855564085693,47.64412049136942],[-3.441889126189563,47.64395607911741],[-3.441955249809638,47.64406079728311],[-3.442197701039271,47.643966121294156],[-3.442710575912794,47.644118399670965],[-3.442825706497683,47.64407591326311],[-3.442786719505723,47.64419547074663],[-3.442934913089545,47.64420534306176],[-3.443135367811718,47.644094923968645],[-3.443181705651534,47.64414654905613],[-3.443270286439207,47.64410552949802],[-3.443195227880246,47.644037429736436],[-3.443330393574963,47.64393964951732],[-3.443425487745553,47.64395245584769],[-3.443395434364977,47.64403539586761],[-3.443600230175916,47.643960859971564],[-3.443498868885741,47.64378584209345],[-3.443804678420996,47.64355219562684],[-3.443967230728045,47.643570303918075],[-3.444063655843467,47.64348369502223],[-3.444148732059848,47.64352414750286],[-3.444172269443591,47.6433873812892],[-3.444291740385419,47.64338077740697],[-3.446239958178078,47.644681910628506],[-3.44644125312761,47.644688842512686],[-3.446249733355703,47.644762649367365],[-3.445708605192009,47.644377141177],[-3.445621111847644,47.64442713355602],[-3.445664436757731,47.64434345905426],[-3.44558153010771,47.64432094965268],[-3.44547617513724,47.64444417758746],[-3.445451197326703,47.64423784504686],[-3.445093266328508,47.644040888525595],[-3.444968120621323,47.64411102397429],[-3.444789033989853,47.64406673794692],[-3.444723501919624,47.64418776372953],[-3.444814985905308,47.643839527930325],[-3.444438952200929,47.64382419063266],[-3.444450896121721,47.64392287154112],[-3.444334926526626,47.643848002874435],[-3.44430596040718,47.64393991412545],[-3.444001728262845,47.64396576149819],[-3.443948383526973,47.644077082118706],[-3.443868735168092,47.644081484484786],[-3.443828071462188,47.64396632897179],[-3.443696410136244,47.64398263708032],[-3.443535287632437,47.644307627430265],[-3.443393607510716,47.64435158187332],[-3.443372238992288,47.644506289858995],[-3.44307777351752,47.64461287380337],[-3.443050385955951,47.64449698441769],[-3.442810104928699,47.644609604156734],[-3.442798163888471,47.64451092311587],[-3.442476310924308,47.64450161609327],[-3.442506365996038,47.64441867632991],[-3.442270924718513,47.644350407687405],[-3.442134670607716,47.64443921564952],[-3.441985391113654,47.64442037130868],[-3.441935297924368,47.644558604017895],[-3.441881363182315,47.64444418135864],[-3.441690923343005,47.64452695176275],[-3.441485288315333,47.64448412762949],[-3.441469340842739,47.64468369033379],[-3.441343354797576,47.644636465225005],[-3.441361222133116,47.64456323021473],[-3.441140723786498,47.644728939175984],[-3.441198164618124,47.64476188958319],[-3.441002296325359,47.64479980376407],[-3.440929410159105,47.6447496446108],[-3.440818617490936,47.644828013219275],[-3.440865205937695,47.644771253578334],[-3.440713755559896,47.644734465574366],[-3.440836737879728,47.644646392662075],[-3.440764937285659,47.64460520442398],[-3.440572324786988,47.64467003095379],[-3.440697225030937,47.64470828587052],[-3.440572071980859,47.64477841658637],[-3.440462616918986,47.64475737025151],[-3.440518139939777,47.644663993310964],[-3.44032903563844,47.64464734687624],[-3.440204967362743,47.64472644822705],[-3.440339887004464,47.64473705713665],[-3.440084407807118,47.64472407689776],[-3.440078728527391,47.64478760738703],[-3.439870669438595,47.64483522398987],[-3.439919683168948,47.64468802115586],[-3.439816993184156,47.64461241475993],[-3.439616529651649,47.64472282813027],[-3.4395192650226,47.644692076637995],[-3.439673139141195,47.64463842262256],[-3.439446380397523,47.64464191655681],[-3.439388685567297,47.64471735091982],[-3.439119102572846,47.644587745113846],[-3.43906466210615,47.64469009243114],[-3.438957377629241,47.644686986761066],[-3.439231556076731,47.64474409145056],[-3.43896254608312,47.64484022758026],[-3.439088530502292,47.64488745525108],[-3.439100464766571,47.644986136651596],[-3.439013220207204,47.64492773845175],[-3.438930059312942,47.64501360995345],[-3.438790799718678,47.644967115261544],[-3.438868023758393,47.64505315989547],[-3.438699787710427,47.64509857493614],[-3.438609288844785,47.64501326331909],[-3.438677005519858,47.64491018309892],[-3.438554275933634,47.644889868110134],[-3.438528296849673,47.64511707661125],[-3.438349212186967,47.64507278073689],[-3.438250605333853,47.64514144275853],[-3.43835680587,47.6451355780345],[-3.438351124489644,47.64519910842617],[-3.438180975635593,47.6451181950301],[-3.438099982647941,47.6452220080197],[-3.437939596789675,47.64522183367323],[-3.438079941076307,47.64527730041772],[-3.438157991490182,47.64548070213831],[-3.437948016620373,47.645401987629626],[-3.437863768535427,47.64547888730673],[-3.437838561314445,47.64538093884354],[-3.43780064692224,47.64550946562732],[-3.437563863246682,47.64554060207638],[-3.437624556840067,47.64560046736911],[-3.437521609345095,47.6456332445697],[-3.437454407807961,47.64551955293196],[-3.43717862325107,47.64567024419941],[-3.437152332577814,47.64556332454668],[-3.437240920352008,47.645522309589886],[-3.437069427623665,47.64554080911979],[-3.436816417744585,47.64587989160464],[-3.436731343331259,47.64583943383496],[-3.436777112967589,47.64566531923158],[-3.43692205577252,47.645648286001574],[-3.436913379125384,47.64557651757388],[-3.436822621879421,47.64559959017248],[-3.436875983002726,47.64548827289391],[-3.436704490257255,47.64550677188853],[-3.436696898465908,47.645443974495684],[-3.436558463248575,47.64551483379267],[-3.436479073258091,47.64541084553621],[-3.436359596804825,47.64541744142302],[-3.436212223864699,47.64552491741646],[-3.436163984431697,47.64534696189532],[-3.436164807119372,47.64546431854115],[-3.435879521890555,47.645425881620504],[-3.435697481516368,47.64568879629155],[-3.435564992082265,47.645587738588354],[-3.435519218557366,47.64576185272393],[-3.435391066580333,47.645696679091834],[-3.435420049008638,47.645604770135506],[-3.435634884092389,47.64550260229525],[-3.435441441022363,47.64545006369339],[-3.435339313350881,47.64560019561646],[-3.435337408164038,47.645473867904364],[-3.435142353535763,47.64562912888963],[-3.435025309032155,47.64554527997974],[-3.43492127580256,47.64556908381905],[-3.434857332580491,47.645482303901844],[-3.435084359151989,47.64537043329409],[-3.435181622461577,47.64540118846718],[-3.4351718639138,47.64532044883002],[-3.43497382079172,47.64534041075241],[-3.434906096417124,47.64544348880321],[-3.43460021265227,47.64523459836036],[-3.434670105739125,47.64514946262871],[-3.435013090224974,47.64511247035234],[-3.434913923373,47.64495538728122],[-3.434557399721552,47.64510149753627],[-3.434583660676052,47.64476590430258],[-3.43430488506196,47.64478128999806],[-3.434334134340275,47.64458099564357],[-3.43418160490635,47.64453522808691],[-3.434000909432657,47.64469872570252],[-3.433744347933081,47.64467676051615],[-3.433977059937877,47.64450136182435],[-3.433954028429059,47.64442135464611],[-3.43379147692881,47.6444032324326],[-3.433866790425403,47.644362952586555],[-3.433735391768602,47.64427086382715],[-3.433829400191357,47.64427470687587],[-3.433831834755741,47.6441842634075],[-3.433770880410505,47.64423278174889],[-3.433680390893325,47.64414746627605],[-3.433575275799249,47.644162297844],[-3.433593153636907,47.644089064003886],[-3.433360709619681,47.64415607632319],[-3.433342831440565,47.644229310125205],[-3.433208182235227,47.644110307485704],[-3.433072997561593,47.64420807598585],[-3.433127449028191,47.644105731434806],[-3.432993616307509,47.644104085290614],[-3.432970586444653,47.64402407790199],[-3.432754668361631,47.64411726982319],[-3.432818606528541,47.64420405095267],[-3.432664726771072,47.644257695953236],[-3.432688562727176,47.64401254645455],[-3.432612165010413,47.64404385444778],[-3.432552831715714,47.64388457194566],[-3.432429023029395,47.643855279410225],[-3.432519779208238,47.64383221020329],[-3.432419268929106,47.643774539478244],[-3.432465865389882,47.64371778315547],[-3.432139414129593,47.6437809489114],[-3.432126409271467,47.64367329563143],[-3.432064370232757,47.643712841988695],[-3.43180483383222,47.64355557353337],[-3.431869581212262,47.64331719815815],[-3.431792370969539,47.64323114882153],[-3.431489220429149,47.64326593473592],[-3.43161085994895,47.64327728604904],[-3.431440997018919,47.64353049093863],[-3.4314344953183,47.6434766642537],[-3.431331548118745,47.64350943603671],[-3.431427181391826,47.643305480763225],[-3.431166021479681,47.64335601113034],[-3.431170083858551,47.64350028128292],[-3.431088268191369,47.6434867327049],[-3.431164394096287,47.64356381137897],[-3.431074721345421,47.64359585065346],[-3.431154370033902,47.64359145700757],[-3.431076888461378,47.643613792887535],[-3.431129715626702,47.64371924946646],[-3.43103787548466,47.64373334647828],[-3.431091786256656,47.64384777418405],[-3.430920296778582,47.64386626470513],[-3.430926798007999,47.64392009140776],[-3.431086096364124,47.643911304264805],[-3.431114541214545,47.64403616760351],[-3.43093871696266,47.644018773691066],[-3.430820864771089,47.644260077438275],[-3.43075720252493,47.644064909573544],[-3.430594107057018,47.64426355419378],[-3.430363825419727,47.64434850278123],[-3.430272257717335,47.644254213553594],[-3.430184750114664,47.64430419437607],[-3.430156307297006,47.64417933082844],[-3.429998091376309,47.644197087826846],[-3.430118923327706,47.64409108392205],[-3.430018415155713,47.644033411139546],[-3.429654300945927,47.644116708633554],[-3.429629109437274,47.644018758330425],[-3.429713367083333,47.643941864532586],[-3.429810624693324,47.643972624199314],[-3.429830948962247,47.64380894752549],[-3.429516685596802,47.643862402694324],[-3.429547843755432,47.64378843736835],[-3.429644017668755,47.643810226045986],[-3.429589026729325,47.64368682653957],[-3.429208389620523,47.643743941368456],[-3.429319197087506,47.6436655837254],[-3.429224106814968,47.64365276591279],[-3.42919350011238,47.643509959819234],[-3.429072391480342,47.64372434846507],[-3.429011709615446,47.64366447867199],[-3.429224658513182,47.6434359945659],[-3.429312992596308,47.64306085736464],[-3.429191078144501,47.643157889356225],[-3.429026365702737,47.64312181822823],[-3.428887926324772,47.643192668522765],[-3.42878958750352,47.643152936935216],[-3.428812080921808,47.64300720265097],[-3.42865603430786,47.64304290012431],[-3.428683414499182,47.642716279001824],[-3.428840543303147,47.642689552627935],[-3.42868721778603,47.642526420984815],[-3.428731121394725,47.64222598120024],[-3.428602986199676,47.642160800003644],[-3.428413894487747,47.64214413426371],[-3.428439082880919,47.64224208492434],[-3.428288731310189,47.64221425191554],[-3.427873416198827,47.642426799777596],[-3.427934899923844,47.64260402707816],[-3.427848197194495,47.6427713630612],[-3.427798626416374,47.64269281840202],[-3.427747940411968,47.6430478165592],[-3.427632800042818,47.64309028813228],[-3.427562060755397,47.64350057678878],[-3.427564819038731,47.64285923380008],[-3.42751035817576,47.64296157582493],[-3.427449678930734,47.64290170519687],[-3.427271657460335,47.64330887738091],[-3.427223449845797,47.643130917964605],[-3.427299849416908,47.64309961347999],[-3.427223729756266,47.64302253226956],[-3.427142718633916,47.64312633777625],[-3.427140832939255,47.643000009768556],[-3.427030303958756,47.642969979675314],[-3.427197460333368,47.642915610230524],[-3.427134615731255,47.64283779712432],[-3.427232429625398,47.64265178752934],[-3.427068802934023,47.642624684789546],[-3.427113238339718,47.642549988249414],[-3.426980772955613,47.642448920648334],[-3.426678706519021,47.64249266525597],[-3.426610449255733,47.64236999603331],[-3.426580089418431,47.6425613175202],[-3.42642079435048,47.64257009852606],[-3.426398056588282,47.6423817040492],[-3.426374192462618,47.6426268524718],[-3.426205953433195,47.64267224958045],[-3.426202423291494,47.642753721794485],[-3.426074289917997,47.642688537842645],[-3.426081868816798,47.64275133601512],[-3.425919325077783,47.64273320283437],[-3.425816941457445,47.642549198340085],[-3.425735928317135,47.642653002896914],[-3.425666307318652,47.64262974768108],[-3.425703399904736,47.64282638178757],[-3.425475848808082,47.64271249173336],[-3.42533740577819,47.642783337836086],[-3.425464790688151,47.6422886516478],[-3.425365089830297,47.64234833171892],[-3.425244820234482,47.642237559340614],[-3.425374601408645,47.64209494391369],[-3.425431746124159,47.64223628785714],[-3.425510310653355,47.642222926879775],[-3.425437726102465,47.64206437225183],[-3.425562093355448,47.64187690071741],[-3.425451619024584,47.64140435484464],[-3.425035041845,47.64083127859996],[-3.424892557888995,47.640757853684576],[-3.425046949214875,47.640929961642435],[-3.424944003005897,47.64096272784077],[-3.424629809755749,47.64057365548547],[-3.424143568731414,47.64041983450419],[-3.423734589016538,47.639909551720265],[-3.422887580043134,47.639423402450895],[-3.422827703273833,47.63948088641525],[-3.420802092383117,47.63886097534749],[-3.419806953629239,47.63836490306442],[-3.419244452277207,47.63779984608995],[-3.418824832155599,47.636757317532016],[-3.418530766772534,47.63631293857813],[-3.417853467057699,47.63568195087022],[-3.417870282451367,47.63559974783811],[-3.417793888085842,47.635631046278576],[-3.417701575610085,47.635419389397185],[-3.417607284549413,47.635523919454016],[-3.417523921460135,47.63527564655529],[-3.417376838465059,47.63527471324871],[-3.417215701706914,47.63515715305943],[-3.417181888863008,47.634987429335084],[-3.416986039389878,47.63502530344781],[-3.417028320537524,47.63493266787346],[-3.416790791749074,47.634846404979875],[-3.416693859525097,47.63470724819411],[-3.416389968522884,47.63462463765333],[-3.416172630752911,47.63404056855421],[-3.416186205640004,47.63393145179455],[-3.416255811161052,47.633954712763995],[-3.416194678439907,47.6336690923314],[-3.41631161970628,47.63297631451941],[-3.416167913974539,47.63255977730936],[-3.416061736027049,47.63256562190397],[-3.416072068336304,47.63242959115023],[-3.415893044887433,47.632385260568334],[-3.415848733283597,47.63201743682078],[-3.415738233400338,47.63198739587481],[-3.415725567696434,47.63177135381508],[-3.415514599148737,47.63168362712182],[-3.415548234569158,47.63151922138513],[-3.415456715049928,47.631424919921386],[-3.416280308065074,47.63072033665154],[-3.416216412940221,47.63063354586754],[-3.416327212261527,47.630555200014165],[-3.416226744481275,47.630497514964354],[-3.416432908861716,47.63032361110232],[-3.416439695573505,47.63026905260355],[-3.416310221285729,47.63030327259635],[-3.416330279785444,47.630247983505214],[-3.41649524554665,47.63017568638154],[-3.416204350061669,47.63020073093959],[-3.416117154723143,47.630142315198825],[-3.416164058916429,47.62997717857768],[-3.416005880440502,47.629994916759784],[-3.415964206840798,47.62987077939578],[-3.415819300196303,47.62988778676721],[-3.415790898666048,47.629762918791975],[-3.415895990342494,47.62974810311303],[-3.415962045362883,47.62985283675399],[-3.415964509544485,47.62976239298434],[-3.416160340431951,47.62972452048119],[-3.416085034229838,47.629764789218754],[-3.416161118897778,47.629841878214435],[-3.41617901583111,47.629768646497176],[-3.416311731291096,47.62976134059502],[-3.416361273156179,47.6298398906529],[-3.416360494250314,47.62972253292086],[-3.41658394859307,47.629692169814874],[-3.416625145369148,47.62959056281477],[-3.416650306204817,47.62968851665248],[-3.416498312081626,47.62986846980801],[-3.416608808006101,47.62989851006787],[-3.416818813404425,47.629534746571835],[-3.417015723759021,47.62950584394484],[-3.416980533594026,47.629435534791476],[-3.417140091330188,47.629318380157216],[-3.417104901124965,47.62924807103453],[-3.417027434495175,47.62927039776345],[-3.417091930129943,47.629140415272715],[-3.416972487703153,47.62914699139133],[-3.417010440623512,47.62901847028053],[-3.417120154512122,47.62893115229424],[-3.417258272449211,47.62896870188554],[-3.417236353635819,47.6288976620834],[-3.417427556862015,47.62893228865064],[-3.417604707378636,47.62885028787357],[-3.417683553371633,47.628728545593056],[-3.41757414025038,47.62870747764307],[-3.417762997094239,47.62839003027219],[-3.417973472503969,47.62825200874921],[-3.417899549545338,47.62819286349231],[-3.418023910953437,47.628005398636795],[-3.417978991100906,47.62785434793107],[-3.417809710482816,47.62789076198537],[-3.417920501772366,47.62781241450992],[-3.417839794527248,47.62780782785739],[-3.4178731215283,47.627751807657305],[-3.417680841257301,47.6277082104834],[-3.417764009371947,47.627622353338616],[-3.417382693046197,47.62756207226368],[-3.417522487635423,47.627391819798184],[-3.417455351661158,47.62727811558778],[-3.4171400923437,47.62732256660592],[-3.417040710636747,47.627273853482045],[-3.417053201160955,47.62715576491708],[-3.416854137826746,47.62716672499212],[-3.416915388816355,47.627009828480524],[-3.417166454052325,47.626986974205124],[-3.417389115360038,47.626839251614975],[-3.417148379376647,47.62672607512154],[-3.417144656459696,47.626473416633],[-3.416975379651688,47.626509829504066],[-3.417032005624724,47.626425434173306],[-3.416898217730413,47.626423769578246],[-3.416999279735893,47.62626468095872],[-3.416870896338793,47.62630787297136],[-3.416874740470055,47.626118013729254],[-3.417055125031478,47.626062927657],[-3.417298800519406,47.62631140497159],[-3.41744291575024,47.62617703779422],[-3.41730294309382,47.62601315909145],[-3.417454324215474,47.62604997779485],[-3.417242894734994,47.625736509364714],[-3.416928725163672,47.62578993117557],[-3.416932268337441,47.625708458527356],[-3.416736753843022,47.625637945759216],[-3.416862974129877,47.62557681121448],[-3.416650646142727,47.62558850161283],[-3.416652630757741,47.62527231297336],[-3.41670138936851,47.62523350506715],[-3.416792900471716,47.6253278058567],[-3.416772365591582,47.62515735049799],[-3.416881470304663,47.6252868059073],[-3.416864177540427,47.62514326456393],[-3.41699039651169,47.62508212986593],[-3.416815720079228,47.62507368586444],[-3.41683853946948,47.62481956583451],[-3.417016156976236,47.62496331049426],[-3.416947944331677,47.62484063451572],[-3.417102564372056,47.62490436770146],[-3.417097760974832,47.62464273764011],[-3.417291410565541,47.62458692047136],[-3.417315189472134,47.62478428978461],[-3.417352357454917,47.62453841023486],[-3.417401896004064,47.624616960062724],[-3.417525951326748,47.62453788210512],[-3.417399552662172,47.62426488591899],[-3.417579930420175,47.62420979898371],[-3.417544144075332,47.62435626326135],[-3.41762700789119,47.6243787927881],[-3.41762976829018,47.624179962000966],[-3.417983738046206,47.62412434589751],[-3.417998871555109,47.62424994449446],[-3.41783392614234,47.624322243962304],[-3.418072789163734,47.62430908980855],[-3.41814838440796,47.62416043294659],[-3.418046845722333,47.62409377794487],[-3.418296815745497,47.62406194987712],[-3.418097764203371,47.62407291208903],[-3.418076927258566,47.62401084359373],[-3.418279221602083,47.62402679539649],[-3.418332599827979,47.62391548534673],[-3.418558190849622,47.62390306102635],[-3.418371924556562,47.62368754801776],[-3.418545515651427,47.62368701837247],[-3.41856340725038,47.6236137860578],[-3.418344601365882,47.62357165159249],[-3.418302927342047,47.623447514652284],[-3.418186740750726,47.6234810060181],[-3.418015909236595,47.62328270424227],[-3.417838777827302,47.62336470587801],[-3.417836914847847,47.62323837643041],[-3.417706676738121,47.623155239975915],[-3.417764976920214,47.622863041884436],[-3.417924996849461,47.622971630726894],[-3.418012779466399,47.622813271730934],[-3.417776383910693,47.62273598163707],[-3.417922351442349,47.622727943110974],[-3.417941324500215,47.62266368219155],[-3.418046103167899,47.62275725133753],[-3.418141451779034,47.62266169157234],[-3.417952432402355,47.62264500873367],[-3.417930515261637,47.62257396883058],[-3.418052104748603,47.62258533438056],[-3.418097915369717,47.62241122500449],[-3.417950867808157,47.62241029241442],[-3.417961193338151,47.6222742607819],[-3.418110700720964,47.62218474919138],[-3.417988329761354,47.622056025515796],[-3.41818737380579,47.62204506347905],[-3.418146185825916,47.622146671424716],[-3.418240452203833,47.62204214021193],[-3.418255585726447,47.62216773891001],[-3.418383958046771,47.62212454528346],[-3.418282422939286,47.622057890416826],[-3.418373148173512,47.62203483193862],[-3.418450008515271,47.62222927792845],[-3.418502303578884,47.62210899636463],[-3.418735157226045,47.62226775786466],[-3.419158408481348,47.62234378457646],[-3.418983252635897,47.622109598791404],[-3.418988954607637,47.622046068584815],[-3.41911378644888,47.6220843470192],[-3.418992494388744,47.621964595717316],[-3.419174728825217,47.62203583576939],[-3.419143568990644,47.62210979916021],[-3.419201267993344,47.6220343739145],[-3.41880701727197,47.621866441384014],[-3.418754236074044,47.621760978043895],[-3.418611514372106,47.62179593161479],[-3.418557950012438,47.62157310997294],[-3.418817934243827,47.62151363588608],[-3.418771045695841,47.62167877429214],[-3.418894307807023,47.621482336548176],[-3.419148589513207,47.6214863919448],[-3.419171588938329,47.621566402988506],[-3.419202748416915,47.6214924395696],[-3.419403850859781,47.621941936929595],[-3.419260446668765,47.62141701427075],[-3.419624422270591,47.621333748190644],[-3.419853147919929,47.62179075418041],[-3.419826117301522,47.6215664711102],[-3.420018377203466,47.62161006489041],[-3.420156677077841,47.621981743121076],[-3.420115588542349,47.62164083298192],[-3.42026263402223,47.62164176284693],[-3.420120796283175,47.6213515576077],[-3.420140648734773,47.62096213556509],[-3.420032626196951,47.62084165423754],[-3.420132881229854,47.62056520419005],[-3.420025646338483,47.620562081098434],[-3.420071154474642,47.62049635771218],[-3.419991539331065,47.620500743855246],[-3.419787685230457,47.62025007843446],[-3.419787193820003,47.62002433318223],[-3.419902290683435,47.619981868834884],[-3.419759869431772,47.619908436870055],[-3.419862778223315,47.619875674883595],[-3.419859042938044,47.6196230155923],[-3.41997738249532,47.61960746515884],[-3.419933839963463,47.619356998882836],[-3.42019892400754,47.619450765320536],[-3.420296719217883,47.61926475928651],[-3.420311856790727,47.61939035789709],[-3.420345175943246,47.61933433674935],[-3.420449952289788,47.61942790389864],[-3.420328957050959,47.619199766809814],[-3.42035578850578,47.61908991767296],[-3.420453783197714,47.61923804386786],[-3.420336913431745,47.61871165965468],[-3.420474219406058,47.61863184726594],[-3.420429794618924,47.618706542203135],[-3.420573294875107,47.618788944725594],[-3.420649168469995,47.618531898774776],[-3.420564149889159,47.6184914286631],[-3.420678161529701,47.61843999218676],[-3.420614273952603,47.6183532032603],[-3.420717472211088,47.61821205342764],[-3.420857727600345,47.61826754163051],[-3.420870118188473,47.61859197168679],[-3.420928892293856,47.6185255167793],[-3.421104629325986,47.618542925983434],[-3.421227789188999,47.618789004992074],[-3.421190729787615,47.61859236702512],[-3.421269260584439,47.618579008736475],[-3.421126344138171,47.61827983293739],[-3.421420416624277,47.61828168994039],[-3.421491959706204,47.61798875807488],[-3.421393672813324,47.617949019745815],[-3.421468958344904,47.61790874734133],[-3.421704755906327,47.618202804311174],[-3.421628388682217,47.61823410553952],[-3.421725594801933,47.61826487234423],[-3.421742689654847,47.618074280940036],[-3.421857780758954,47.618031814623095],[-3.421878619765721,47.61809388263427],[-3.421918716016105,47.61798330184071],[-3.422018084879654,47.61803201104664],[-3.422126607496096,47.618378236170244],[-3.422029901814717,47.618573215137864],[-3.422256049135746,47.61834400952084],[-3.422241988844177,47.61822738241142],[-3.422364650929125,47.6182477148135],[-3.422451331019319,47.618080380782025],[-3.422597285118266,47.61807233639414],[-3.422563679876578,47.61823674529708],[-3.42270530784043,47.618192815520594],[-3.422677400037455,47.618293693935634],[-3.422783548876753,47.61828784328497],[-3.422810878999342,47.61840373898591],[-3.423031613798944,47.618129675289424],[-3.423149949121996,47.61811412162938],[-3.423038392217367,47.618075116065384],[-3.423111513284625,47.618016899984646],[-3.423252852374552,47.618081356625645],[-3.423287755545699,47.61826005137654],[-3.423169419939344,47.618275605175064],[-3.423182400549678,47.61838326086295],[-3.423070554846919,47.61845264240107],[-3.423171295363504,47.61840193485901],[-3.423407104479333,47.618695988317334],[-3.423463999412111,47.618503202472155],[-3.423358137848306,47.618400666677346],[-3.423448854675322,47.61837760421313],[-3.423515992221704,47.61849130549832],[-3.423674134119062,47.618473557041696],[-3.42367983012052,47.618410026487716],[-3.423575844709486,47.61843382055903],[-3.423499765593294,47.61835673594109],[-3.423640311309977,47.61830383372901],[-3.423788429480173,47.61831373045965],[-3.423801411347974,47.618421386076626],[-3.423950611723933,47.61844025390202],[-3.423905110116188,47.61850597886912],[-3.424010177381827,47.61849115580439],[-3.424047247097381,47.61868779288672],[-3.424142291661433,47.6187006150777],[-3.424166155340766,47.618455464083546],[-3.424271222434517,47.618440640783554],[-3.423742419663386,47.618153709916044],[-3.423823399504065,47.618049905429],[-3.424025672977648,47.61806584732768],[-3.424049250686388,47.61792908337482],[-3.424070092200756,47.6179911509982],[-3.424089056175625,47.61792688892414],[-3.424252605660319,47.61795399618241],[-3.424323847099718,47.61776944963966],[-3.424228804149732,47.61775662759031],[-3.42425511657725,47.61742103194215],[-3.424385636433327,47.61739577421724],[-3.42445904048899,47.61722917014167],[-3.424562737983537,47.6173137624019],[-3.424563023160162,47.61720537526928],[-3.424727937472776,47.61713306603475],[-3.424551121975977,47.617106690970154],[-3.424742572530104,47.61703291863096],[-3.424746103198869,47.61695144537988],[-3.42465675627888,47.61687509301725],[-3.424502947088449,47.61692872802528],[-3.424443382703896,47.61687782633351],[-3.424572819220641,47.61684359708998],[-3.424449077619763,47.61681429569009],[-3.424693600037408,47.6167375972994],[-3.424642976141354,47.61665007894555],[-3.424846611118332,47.616566603566866],[-3.424926219996386,47.616562214105286],[-3.424945695620229,47.616723697483124],[-3.425131450176208,47.61671345516494],[-3.425158270500538,47.616603604785055],[-3.425269825879199,47.61664260835344],[-3.425300175673421,47.61645128464911],[-3.425385993145426,47.61660910982422],[-3.425260602096235,47.61678761231944],[-3.425448520950076,47.616795312087454],[-3.425499146304296,47.61688283008559],[-3.42540382118302,47.61697839614022],[-3.425580636676165,47.617004769915546],[-3.42534124099411,47.61723471375652],[-3.425602561709696,47.61707580858562],[-3.425729268107102,47.61724040976662],[-3.425847600673201,47.617224853366025],[-3.425746065566201,47.61715820482076],[-3.425882277312068,47.617069414721136],[-3.425901756012614,47.61723089789759],[-3.425646928110659,47.61744363145731],[-3.426018724113852,47.61731475717213],[-3.425962921841661,47.617516515664434],[-3.426155172169666,47.61756009943288],[-3.426186838079581,47.61771187951739],[-3.426347941938218,47.61782942838779],[-3.426350344007969,47.61818150351269],[-3.426575346742285,47.61838583783185],[-3.426622489258861,47.618112308927294],[-3.426684502579973,47.618072764936926],[-3.426786040597771,47.61813941263506],[-3.426587335951151,47.61759948255321],[-3.426720300534197,47.61748377765756],[-3.426743309582115,47.61756378737406],[-3.426941252745523,47.61754383911558],[-3.42706010776814,47.617754026998824],[-3.427073936343182,47.61753652094002],[-3.427174391452579,47.61759419704425],[-3.42722205302097,47.61754641331971],[-3.427257248836495,47.61761671981678],[-3.427373416975212,47.61758321932732],[-3.427347647425623,47.61814456111296],[-3.427437524058061,47.61844665679486],[-3.427502505287346,47.61854241325047],[-3.42755369388951,47.61841315614032],[-3.427720494073056,47.61846717233381],[-3.427796300821402,47.618652641263814],[-3.427404457089983,47.618836812441444],[-3.427752690047364,47.61884469730353],[-3.427325647873011,47.61895856190175],[-3.427345411166118,47.61901165764208],[-3.427621889267178,47.61897834582031],[-3.427258744903579,47.619178995225845],[-3.426947069031563,47.61914199966205],[-3.426961941898097,47.61937598444199],[-3.426876636697648,47.619443905963465],[-3.427146622889642,47.619356767664904],[-3.427331024180341,47.61944593761647],[-3.427293662200414,47.61935768867875],[-3.427654084852484,47.61935587071832],[-3.427706356364606,47.61923558485682],[-3.42781250652529,47.619229729638086],[-3.428041293250638,47.61968672008323],[-3.427858776504411,47.61972388078699],[-3.427758841761011,47.619891950593384],[-3.427856054431933,47.61992271226919],[-3.427758563058204,47.62000033758449],[-3.427159014686042,47.620123716103414],[-3.427385670090774,47.62012024597117],[-3.427342336190691,47.62020391474026],[-3.426792613694702,47.620297450157715],[-3.426773652132064,47.62036171259267],[-3.427250255765226,47.62032639591813],[-3.427170361565982,47.620439173920786],[-3.42686272739027,47.62054645015787],[-3.426849177728693,47.62065556890959],[-3.427224520315747,47.62044521782897],[-3.427449012124379,47.6204238050541],[-3.42743546369226,47.62053292388069],[-3.427344465378136,47.620664376369305],[-3.427041440084259,47.62069915114894],[-3.427120774942335,47.620803147145445],[-3.42702680833433,47.62079929865259],[-3.427043604915231,47.62071709367006],[-3.426915242986321,47.620760296845624],[-3.42692281976132,47.620823095674844],[-3.427009209517637,47.62076414542832],[-3.427039797336851,47.6209069537723],[-3.427129434398477,47.62087491721895],[-3.427068220466247,47.62103181958023],[-3.426935528180748,47.62103913773618],[-3.42684132049542,47.62070115702016],[-3.42674843645292,47.62070627956556],[-3.426784716101464,47.62078555735408],[-3.42671187608047,47.62073538871026],[-3.42661381949559,47.62102978690636],[-3.426677720028952,47.62111657243142],[-3.426709951211911,47.621051578255276],[-3.426767357659815,47.621084536159415],[-3.426837191690342,47.62144192298291],[-3.42712695201413,47.621407880576875],[-3.427198431037652,47.621557464591994],[-3.427300255967192,47.6215157248245],[-3.427360910736724,47.621575596191725],[-3.427368208647241,47.621746781858796],[-3.427515254544641,47.621747702592536],[-3.427533133189152,47.621674468831365],[-3.427900314255802,47.62206060951899],[-3.427900592681568,47.621952222642165],[-3.428005665620212,47.6219373960091],[-3.428085004196763,47.62204139128451],[-3.427916831496114,47.62208679133953],[-3.428008635222735,47.622072696623206],[-3.428044917671286,47.62215197396465],[-3.428220668961126,47.622169372428345],[-3.428224194661531,47.622087899286775],[-3.428450581027012,47.622192813961625],[-3.428428122135257,47.62189603101501],[-3.428543216160047,47.62185355819303],[-3.428566783968473,47.62171679359405],[-3.42864856563204,47.621730344090125],[-3.428523199418148,47.62146633079297],[-3.428632878954651,47.62137900165493],[-3.428732260264374,47.621427705063006],[-3.428798883370087,47.62131565806952],[-3.428847076536895,47.621493618841754],[-3.428918030461135,47.6214174567466],[-3.429004142794437,47.621466891954746],[-3.429030957538092,47.62135704095322],[-3.429183140514347,47.62151120269242],[-3.429137366818958,47.62168531649518],[-3.429247852916763,47.62171534492547],[-3.429235686403311,47.62128252936228],[-3.429313136335515,47.62126019444553],[-3.429375958712152,47.62133800724738],[-3.429378399775403,47.62124756279978],[-3.429451243000995,47.621297729767335],[-3.429585293440279,47.621190993065234],[-3.429689006752851,47.62127558060164],[-3.429703633639255,47.621175432788995],[-3.429733938283209,47.621869146149386],[-3.429852020419546,47.62151945380013],[-3.430107386079468,47.62153245656787],[-3.430139613338052,47.621467461459176],[-3.429991759417947,47.621349185884334],[-3.429950594442471,47.621450798028036],[-3.429853377782111,47.6214200381198],[-3.429886962577918,47.62125562738832],[-3.429977407230544,47.62134094680834],[-3.43004402761465,47.6212288990996],[-3.430557195435116,47.621164458764774],[-3.43111964567294,47.62128694724771],[-3.430852905412666,47.6214010083109],[-3.430605394326726,47.62134241882522],[-3.430547712184641,47.621417849730825],[-3.430473784759328,47.621358712224506],[-3.430432620693975,47.62146032453762],[-3.430604038366549,47.621441834518244],[-3.430585080985431,47.621506097534194],[-3.430737541538326,47.62155187033065],[-3.430628948126604,47.62164817266041],[-3.430769495443287,47.62159526195824],[-3.431054649643841,47.62163371182904],[-3.431103122539829,47.62170328474308],[-3.430958242890376,47.62172031096582],[-3.431110704374978,47.62176608327013],[-3.431280228059633,47.62162126292216],[-3.431246107444953,47.62155992899967],[-3.431379883595286,47.6215615771647],[-3.431321119157398,47.62162803722768],[-3.431478996592602,47.621718665134985],[-3.43151907567933,47.62160808125168],[-3.431616022761599,47.62174722667346],[-3.431832665155087,47.6217713938929],[-3.431880326283244,47.62172360836969],[-3.431769838687675,47.621693582429856],[-3.4318551412572,47.62162565741279],[-3.432165751734147,47.62165366862236],[-3.432157894720466,47.62125673819254],[-3.432435464777219,47.621232386224484],[-3.432421657088963,47.62144989250547],[-3.432503439322017,47.62146344030412],[-3.432500458361792,47.62132813976219],[-3.432674856287308,47.621444947245436],[-3.432614464558702,47.62127669170856],[-3.432695969255771,47.62095610735548],[-3.432911525520476,47.620971301376635],[-3.432837059299971,47.62112893923955],[-3.432909637362194,47.62128749098454],[-3.432807548794352,47.62143762257031],[-3.432722516370177,47.62139716137052],[-3.432721164351153,47.6214965770853],[-3.432843569550197,47.62162528535933],[-3.432913434528659,47.62154014963924],[-3.433064813729755,47.62157694819476],[-3.432993865509617,47.62165311280282],[-3.43315201362092,47.62163535154101],[-3.433207538254886,47.62198449576832],[-3.433292839459971,47.62191656971135],[-3.433221075257319,47.62187537635371],[-3.433325063072207,47.62185157373654],[-3.433550374925033,47.62194750734224],[-3.433345902880963,47.6214711207535],[-3.433448806345742,47.62143834682249],[-3.433411981892416,47.62157584497033],[-3.433502432721055,47.62166116164644],[-3.433893743634537,47.62169374410475],[-3.433814394259403,47.62158975275695],[-3.434029953400883,47.621604944708935],[-3.433924331586882,47.62139403173375],[-3.434028584131383,47.62126184155501],[-3.433969005830324,47.62121094483516],[-3.434077326446958,47.62122302631618],[-3.434039952071618,47.621134779617456],[-3.434122817846823,47.62115729747795],[-3.434147741074306,47.62136363489955],[-3.434228439976621,47.62136821029926],[-3.434224657903898,47.6215580705715],[-3.434356001500964,47.62165015986188],[-3.434337291679175,47.621163517673295],[-3.43441717182198,47.62105073481025],[-3.434625432474048,47.621337259338176],[-3.434545287410377,47.62155842924731],[-3.434653344149149,47.6216788971055],[-3.434480843432545,47.62168842187874],[-3.434623289679123,47.62176183582344],[-3.434552343436757,47.62183800137097],[-3.434379023788216,47.6217301679027],[-3.434387162642714,47.62201871119819],[-3.434231181107605,47.622054416504504],[-3.434817465471692,47.62193173450688],[-3.434743268072788,47.621980986616094],[-3.434805015464974,47.62204982528575],[-3.434862692274434,47.62197439230211],[-3.435041696558173,47.62201869404925],[-3.434939612587951,47.62216882744224],[-3.434994593729818,47.62229222580272],[-3.435054702019964,47.62212634820963],[-3.435198234040489,47.62220873261595],[-3.435183324285598,47.621974749226254],[-3.435312766272834,47.62194050816885],[-3.435349586082069,47.62180300944747],[-3.435529936995037,47.62174789472295],[-3.435685654147727,47.62182057458474],[-3.435658294326188,47.62170468210139],[-3.435987858238769,47.62166841931313],[-3.435942630796176,47.62162576194692],[-3.436141931235838,47.621506382389065],[-3.436016004600615,47.62145915097035],[-3.436197437631967,47.62141300637948],[-3.436214220284657,47.621330800104495],[-3.436427349941844,47.621436432219326],[-3.436540268560251,47.621376009166056],[-3.43643684493046,47.62162555966949],[-3.436234292761913,47.62171802621153],[-3.436292789797071,47.621759950592654],[-3.436458786307553,47.62169659613245],[-3.436403280073691,47.62178997225266],[-3.436653489012144,47.62164971794817],[-3.436571705440667,47.62163617305686],[-3.436655917760242,47.62155927336332],[-3.436730936373318,47.62162737811669],[-3.437032052281778,47.62146624896093],[-3.437047794261805,47.62181759025029],[-3.43691726958738,47.62184286206906],[-3.436872084504538,47.62224272381669],[-3.436674127630751,47.62226268885912],[-3.436796804482203,47.622283006060485],[-3.436585056428723,47.62252047762826],[-3.436442344374635,47.62255545297386],[-3.436516280068749,47.6226145866657],[-3.436415544279791,47.62266530560889],[-3.436522784352483,47.62266841364824],[-3.436154789039116,47.62304997937245],[-3.435964416642557,47.623132741358624],[-3.435999627654547,47.623203045019046],[-3.436113634483094,47.62315159359933],[-3.436246069272878,47.623252651853505],[-3.436356823875911,47.62317428670635],[-3.436416406644668,47.62322518215677],[-3.436006691514733,47.62348261681863],[-3.435837996376073,47.62374480185518],[-3.43601618537698,47.623671744104186],[-3.436102307919481,47.62372117402136],[-3.435950658454482,47.62379276624237],[-3.436055732779447,47.62377793238123],[-3.436069824711744,47.623894557493564],[-3.436278889606075,47.623855918303406],[-3.4363736850765,47.62397711729544],[-3.436805084575329,47.623899104528086],[-3.437017921270183,47.62367060388403],[-3.437079673549884,47.62373944129131],[-3.437084269996303,47.62366693910236],[-3.437243506901823,47.62365814347256],[-3.43715144323584,47.623780632238535],[-3.437315276604897,47.62369933432084],[-3.437344290943604,47.624049942180186],[-3.437161506123362,47.624195504118326],[-3.4371845337131,47.62427551150141],[-3.437343513152759,47.62437510250735],[-3.437586967413163,47.62428940627032],[-3.437785757387487,47.624386797615976],[-3.43776086930652,47.624622979499904],[-3.437674743773386,47.62457355082862],[-3.437500891043883,47.62468249565739],[-3.437541526411168,47.624797654520854],[-3.437650939395644,47.62481870380946],[-3.437626309211134,47.62494649887979],[-3.437752245497629,47.62499372847761],[-3.437725446874261,47.62510358127549],[-3.437842709054138,47.6250790416424],[-3.438051261641228,47.62525717275257],[-3.437761228970989,47.625399628907296],[-3.437970866889491,47.62558673127028],[-3.438000144499517,47.62582895194237],[-3.43788479125526,47.6259798206779],[-3.438048372415596,47.62600690850373],[-3.438122056976634,47.62617442774498],[-3.438089836595711,47.626239424898706],[-3.437898629618468,47.62620483210629],[-3.437754048925166,47.62655599781997],[-3.43799725452499,47.626578687471614],[-3.4380877211591,47.62666400037704],[-3.438100164979837,47.626545909528545],[-3.438284609400831,47.626635061854955],[-3.43829653809821,47.62673374427022],[-3.438398364222727,47.62669199493847],[-3.438334437960564,47.626605216075845],[-3.438477159601883,47.62657023849116],[-3.438402131814466,47.626502135032496],[-3.438499619584129,47.62642450109245],[-3.438461149807692,47.62632728491629],[-3.438541856583446,47.62633185732394],[-3.438561319702828,47.62605081983656],[-3.438762799789352,47.62594937833715],[-3.438783089746715,47.62578569858057],[-3.439012449260697,47.625583374757916],[-3.439184706222234,47.625682230011556],[-3.439483413463065,47.62561153932488],[-3.440329197731657,47.6256460827528],[-3.440727555719707,47.62551569552613],[-3.440737823808574,47.625379662102844],[-3.441242339454714,47.62524340605759],[-3.441512080718871,47.62526462153929],[-3.44167749790562,47.62497551519799],[-3.441814537890047,47.62500406472321],[-3.441922032947244,47.6248987810571],[-3.441881388053201,47.6247836237238],[-3.441976697611881,47.62468804460411],[-3.441838573369842,47.62465052415944],[-3.441762709317944,47.62446506491833],[-3.441834733739801,47.62439786620034],[-3.44173533494802,47.62434917401639],[-3.441839323784784,47.62432536384893],[-3.441902168026472,47.62440316978948],[-3.441968767201973,47.62429111545623],[-3.441885558398858,47.62393447171628],[-3.441723066589623,47.62391636034513],[-3.44180944500657,47.623857399245686],[-3.4417509413407,47.623815477672906],[-3.441568169339337,47.62396104652458],[-3.441455752772415,47.62380470075582],[-3.441491473141295,47.623658229117055],[-3.441623085013779,47.623641923321735],[-3.441625004296215,47.62376825235798],[-3.441706792416045,47.62378179369592],[-3.441710297640534,47.62370032021591],[-3.441845164440262,47.623710927502714],[-3.441656051041167,47.62325176461778],[-3.441774808922178,47.62257689986491],[-3.441953571064739,47.622729577875724],[-3.441959830959944,47.62289179141451],[-3.442181072132482,47.62284343701258],[-3.44217856544858,47.62249136306239],[-3.442063730571497,47.62242546242421],[-3.442026591900031,47.622228831442726],[-3.442254589558342,47.62212591667347],[-3.442226379666702,47.62189266772127],[-3.442045449631172,47.62172204782914],[-3.44211288055879,47.6217273513039],[-3.442089011336535,47.621529986738814],[-3.441972258612096,47.6213377568],[-3.442069981413427,47.62115173272077],[-3.442020323863138,47.62063067420645],[-3.442191984260031,47.62050378018233],[-3.441820370989909,47.620081799618234],[-3.441912417565115,47.61995930693962],[-3.441763206599762,47.61994046207654],[-3.441743929243438,47.61967059473807],[-3.441664066644041,47.61978338269161],[-3.441495078594535,47.61971144418835],[-3.441455774278894,47.619496870487495],[-3.441586291069143,47.61947159356629],[-3.441564343783995,47.619400557985664],[-3.441687850348523,47.61953822825925],[-3.441572771774048,47.61958071408445],[-3.441694359471582,47.61959205503865],[-3.441882875397094,47.61982547355086],[-3.441959233019762,47.61979415910449],[-3.441841399678828,47.61959295773642],[-3.441912332538532,47.61951678767374],[-3.442010387819945,47.61966489574293],[-3.441930275861169,47.619886070908564],[-3.441994199922612,47.61997284810279],[-3.442106024214012,47.61990344849764],[-3.442336768478361,47.62004422086806],[-3.442239796547571,47.61990508422496],[-3.442442082543771,47.619920994210645],[-3.442538308937491,47.62038529171197],[-3.442524203800946,47.620268667170286],[-3.442699116941025,47.62016868573552],[-3.443081931164565,47.62101450664343],[-3.443005572454992,47.62104582180422],[-3.443050557387112,47.621196863406944],[-3.443319193762906,47.62120910364967],[-3.443407242508263,47.62138485740576],[-3.443431018921356,47.62113970281989],[-3.443489520974219,47.62118162360873],[-3.443492283010043,47.6214253108263],[-3.443292999310552,47.62154470293154],[-3.443480937505311,47.621552373664024],[-3.443469345131565,47.62178782341943],[-3.443336653218108,47.621795160206396],[-3.443240018816009,47.62199015638836],[-3.443422532600155,47.6219529716909],[-3.443423864702317,47.62185355587645],[-3.443512753336717,47.62214666750425],[-3.443610817888686,47.62229477402985],[-3.4436749939668,47.6222731633025],[-3.443702125137247,47.62249744076147],[-3.44357051672138,47.622513748909135],[-3.443546986999286,47.622650516477286],[-3.443666165190614,47.62275230003742],[-3.443575449666601,47.62277537815343],[-3.443540080807692,47.62325598214763],[-3.443694727997007,47.62331968017913],[-3.443645744295598,47.623466886223525],[-3.443802562800481,47.62354852629217],[-3.44390136857322,47.623371471984626],[-3.443871819530657,47.62323763933347],[-3.44373887779382,47.623353363412676],[-3.443816570778868,47.623222632060546],[-3.44396253571207,47.62321456099274],[-3.443969887082896,47.62338574547455],[-3.444053845869096,47.623417227353656],[-3.444311639920643,47.6233397543956],[-3.444409463966085,47.623596246987944],[-3.444567262399321,47.62324433869308],[-3.444584521854293,47.62294535758139],[-3.44448970957532,47.622824165189776],[-3.444576083169327,47.62276520201121],[-3.44449212510061,47.62273372049695],[-3.444595024155213,47.62270093676687],[-3.444640151779508,47.62230107212741],[-3.444745220753292,47.62228623043771],[-3.444968029901634,47.62203006801637],[-3.445030876001208,47.62210787236521],[-3.445045717950856,47.62189933575776],[-3.445165982809958,47.622010088914216],[-3.445060803368525,47.62158241219031],[-3.445228716654406,47.62164537437759],[-3.445166114180557,47.621459183173855],[-3.445302547688808,47.62126198366781],[-3.445498083874473,47.621332448773764],[-3.445615692379429,47.621642033212325],[-3.445547060509807,47.62118524179116],[-3.445624503475075,47.62116289605703],[-3.445660811463728,47.621242167961114],[-3.445739824438263,47.62101201930505],[-3.445663467291351,47.62104333620359],[-3.44564609851557,47.620899798818016],[-3.445743565520345,47.62082215860871],[-3.4458644310856,47.62115865613276],[-3.445926675514104,47.62101071501845],[-3.446038214112959,47.621082751849215],[-3.446068291606138,47.62096675697371],[-3.446179871374756,47.62100574047938],[-3.446376978432742,47.621861825993385],[-3.446410753461392,47.62158902361309],[-3.44647951105746,47.62149490870034],[-3.44655237068891,47.62154506499443],[-3.446649232544101,47.621241679069406],[-3.446765156276979,47.621316546313714],[-3.446823901144597,47.621250078470716],[-3.446864554009725,47.621365234292945],[-3.446922213039042,47.62128979532827],[-3.446865159931261,47.621590979262635],[-3.446936694503447,47.621740551178924],[-3.44684791368676,47.6218899609192],[-3.447071317888025,47.62185953937201],[-3.447041761735549,47.62172570741899],[-3.44716769875306,47.62177292694275],[-3.447197972985109,47.62158159805802],[-3.44736504184488,47.621527199161456],[-3.447650578547621,47.621899740386105],[-3.447505095011845,47.621691042204894],[-3.447482291737289,47.62150264980579],[-3.447571917528637,47.621470597573804],[-3.447911380089306,47.62195755954081],[-3.447818019911297,47.62217947267433],[-3.447986073703635,47.62268494951933],[-3.447978709550909,47.62251376522889],[-3.448107296047377,47.62236215204489],[-3.448041424771267,47.62214904927603],[-3.448144083193222,47.622224649321545],[-3.448229365775521,47.62215671236518],[-3.448240225846077,47.62224642293467],[-3.448420564946278,47.62219128831792],[-3.448735059511984,47.6224719134775],[-3.448753523207313,47.62262442133793],[-3.448847730490203,47.62251986545506],[-3.449075625213586,47.62296784285895],[-3.449143058412949,47.62297314227141],[-3.449107214824085,47.62267709776017],[-3.449210346098689,47.62253592307201],[-3.449344125245887,47.622537550659715],[-3.449366935532864,47.62272594259513],[-3.449376094863605,47.62258093717349],[-3.44948791502125,47.6225115305935],[-3.449731725236503,47.6227599406794],[-3.449589489946121,47.62257815831091],[-3.449658243212125,47.6224840415747],[-3.449541226656024,47.62240020620302],[-3.449600203630248,47.622225350091426],[-3.449901902835559,47.622289932680566],[-3.449862713763897,47.62251788077088],[-3.450034980924386,47.622616720177696],[-3.450032574795187,47.62270716499035],[-3.449923394973617,47.62257774038738],[-3.450078667339031,47.62286717479377],[-3.450152851819854,47.62281791296558],[-3.450073935924034,47.62249715894226],[-3.45016682084021,47.62249201785104],[-3.450266922917431,47.62221554219041],[-3.450448036685564,47.62282866790755],[-3.450557450722067,47.62284970512696],[-3.450462857674452,47.62262013068939],[-3.450514692135722,47.622165703066194],[-3.450723665781207,47.62267794354283],[-3.450674312197171,47.62249102087986],[-3.450766342610228,47.62236852137539],[-3.450926196491616,47.62258545191937],[-3.450987110526716,47.62253692408654],[-3.451020167962163,47.62258928117987],[-3.451070217011853,47.6224510430064],[-3.451168534276973,47.622490756265016],[-3.451201822981493,47.622434726407434],[-3.451241399672896,47.622540909608176],[-3.451451534834863,47.62251121426089],[-3.45149443783598,47.62209340488061],[-3.451662360316348,47.62215635780153],[-3.451828569661787,47.62198459458382],[-3.451937752889092,47.62211401744525],[-3.45198562585164,47.62195783679859],[-3.452068500471746,47.62198034191629],[-3.452116542545669,47.62226667993612],[-3.452170935121948,47.62216432535241],[-3.452266850352562,47.62229448256813],[-3.452209885007786,47.62204476337684],[-3.452351269885052,47.62210918466412],[-3.452234707962452,47.6218085781051],[-3.452415270110658,47.6216450503611],[-3.452625172867445,47.62172373983739],[-3.45263689877271,47.621930807973435],[-3.45272000166025,47.621844925692685],[-3.452803735318215,47.62198478824159],[-3.452776338252037,47.62186889978077],[-3.45285377918273,47.62184654926097],[-3.453064315519796,47.62215098281294],[-3.452969712929923,47.62192141032339],[-3.453127855184967,47.621903622015594],[-3.453232694022566,47.62199715962259],[-3.453211817040227,47.621935097335324],[-3.453292518437917,47.62193965956108],[-3.453420182009847,47.622221588210905],[-3.453402385072109,47.62174392024427],[-3.453507450512705,47.621729070667875],[-3.453773466314634,47.621940118724766],[-3.453698651569869,47.621763637987605],[-3.454088212796301,47.62211234258165],[-3.454326832198229,47.62220750119727],[-3.454374473579007,47.622159706507276],[-3.454382082853541,47.62222250350619],[-3.454630935343255,47.62218162664984],[-3.454882825176324,47.622276049171255],[-3.455197995381968,47.62278240170372],[-3.455351790587031,47.62272872643382],[-3.455614779036564,47.62280447033793],[-3.45580729437284,47.62273961827944],[-3.455678529692479,47.62244872132749],[-3.455858640128769,47.6225019621436],[-3.455865607203008,47.62233901422612],[-3.455967189759083,47.62240563640267],[-3.456051375351123,47.62232872275696],[-3.455853647011272,47.622240333384504],[-3.455902595924083,47.622093122129215],[-3.455966766783186,47.62207150464585],[-3.45595545083209,47.62219856865165],[-3.456050730576227,47.622102977921976],[-3.455988955729009,47.62203415048899],[-3.456197556964632,47.62221224947244],[-3.45625737842757,47.622154747898655],[-3.455953940633957,47.62185546587258],[-3.456127746494652,47.62174649342179],[-3.456270868358605,47.622045625826644],[-3.456205848714539,47.621398979792076],[-3.456340712578307,47.62140957035319],[-3.456355289504009,47.62130941921532],[-3.45627154760092,47.621169559164294],[-3.456420767120325,47.62118838547925],[-3.456552794975616,47.62150619474964],[-3.45664893976359,47.62152796144882],[-3.4566458976057,47.62139266153397],[-3.456790768165745,47.621375603444314],[-3.456600006805956,47.62112426721747],[-3.456695283478641,47.621028675909265],[-3.456621107521377,47.621077941938076],[-3.456601314348281,47.6210248512118],[-3.456775116183368,47.62091587775119],[-3.456720086117073,47.62079248956139],[-3.456912153818171,47.62094440962166],[-3.456883660935099,47.62081955108003],[-3.456998729993142,47.62077705019594],[-3.456840592365209,47.62079484375528],[-3.456755762590452,47.62064601303048],[-3.456812319450337,47.62056159817073],[-3.456988074868023,47.6205789533585],[-3.456908682167994,47.62047497764594],[-3.457052243467547,47.62055733526195],[-3.456998300574037,47.62044291816357],[-3.457219517973158,47.62039453521506],[-3.45719646203299,47.62031453162508],[-3.45737112925791,47.62032291525641],[-3.457549928452808,47.62047556956982],[-3.457649116432912,47.620632635410615],[-3.457581249026454,47.62084411492413],[-3.457677611006448,47.62075749377748],[-3.457863155714124,47.62085558642541],[-3.457763096903295,47.620581162792554],[-3.457894478693819,47.620673225654095],[-3.457939940299747,47.62060748752338],[-3.458078935874929,47.62076234698977],[-3.458184215018842,47.62063910618485],[-3.458123526750539,47.62057925080102],[-3.458208577118768,47.6206196935222],[-3.458255125949685,47.6205629262387],[-3.458253821498389,47.620662342286415],[-3.458395426514495,47.62061836928707],[-3.458268177866306,47.62067057788996],[-3.458292323233881,47.62075955222379],[-3.458450460273387,47.62074175669845],[-3.458314293335366,47.62083058460972],[-3.458265785773151,47.620761022962135],[-3.458175079945506,47.62078411244092],[-3.458233376348661,47.62093441285511],[-3.458516371362488,47.62095485374879],[-3.458572925765651,47.620870438049856],[-3.45853181556174,47.62097206028565],[-3.45863992523525,47.62109250598225],[-3.45873280688205,47.621087358074966],[-3.45904734914862,47.62136795562327],[-3.459215493097865,47.62132251073004],[-3.459307072580982,47.621416778386624],[-3.459321643943788,47.62131662687897],[-3.45950740786785,47.62130632990742],[-3.45948543598309,47.621235297763285],[-3.45961377268536,47.621192058804986],[-3.459545466984026,47.62106940748397],[-3.459758855493503,47.62106661003897],[-3.459916118428232,47.62093145457613],[-3.459788209958272,47.6207579198575],[-3.459953087517826,47.62068556101908],[-3.459960489814403,47.62085674471321],[-3.460064463717245,47.62083291827742],[-3.460087075427093,47.620578789282426],[-3.460228678711539,47.62053481405846],[-3.460288281289718,47.62058569739754],[-3.460278489307803,47.620504958825585],[-3.460359189147202,47.6205095161718],[-3.460259993422772,47.62035245262279],[-3.460431821937877,47.62011714472785],[-3.460531017730609,47.62027420814988],[-3.46066696766795,47.62029376467275],[-3.460664579655583,47.62038420981148],[-3.460718953925103,47.62028185114855],[-3.460912330665721,47.62033434858315],[-3.461025430401505,47.62016551478017],[-3.46117075176007,47.620482583314434],[-3.461294522004743,47.620511845746215],[-3.461384137838773,47.620479782899054],[-3.461198587967934,47.62038169582603],[-3.461299506508013,47.620222568407584],[-3.461732596229969,47.62037917939891],[-3.461688857179593,47.62012872882471],[-3.461971640001034,47.62025754840223],[-3.461949665269223,47.62018651668348],[-3.462053636978966,47.62016268846864],[-3.461937694313942,47.620087836356156],[-3.462005125151409,47.620093128350376],[-3.461978797353855,47.61998621287552],[-3.462061673125254,47.62000871092483],[-3.462020988513791,47.61989356031436],[-3.462093651563495,47.62005209401327],[-3.462364254765898,47.620190619384566],[-3.462424275646733,47.62002472753675],[-3.462513681841305,47.620101050872655],[-3.462496268068825,47.619957515926856],[-3.462749249720085,47.62006089252418],[-3.462676584711605,47.61990235923389],[-3.462838656439809,47.6201372156099],[-3.462902822139124,47.620115594293985],[-3.462798177620349,47.619913678214836],[-3.462994820397298,47.619993085006],[-3.462971341548327,47.62012985666024],[-3.463101642744287,47.620212942756275],[-3.463079666527363,47.62014191124854],[-3.463201260067164,47.6201532298084],[-3.463276723753709,47.62000454344518],[-3.463459892863615,47.62019307244023],[-3.463509759257913,47.6207141219366],[-3.463615908420705,47.620708234180704],[-3.463709671777985,47.62082044025501],[-3.463713143229077,47.62073896599392],[-3.463891284039861,47.62066586560788],[-3.464045742967437,47.62083792379524],[-3.464048125271868,47.620747478608486],[-3.464232797637994,47.62072820320149],[-3.464260628187392,47.62062731499608],[-3.464324589430752,47.62071407993143],[-3.464203878320844,47.620820120480445],[-3.464413795207812,47.62089878880253],[-3.464310027617838,47.62081423209402],[-3.464372016154807,47.620774668150794],[-3.464504498531775,47.62087569447989],[-3.464456458961068,47.62114026734633],[-3.464698358758886,47.62126231754974],[-3.46472401119342,47.621143487444535],[-3.464927397365376,47.62116832938184],[-3.465053145892226,47.621323916626466],[-3.465102068596928,47.621176701447375],[-3.465202571628339,47.62123434472638],[-3.465121870279956,47.621229790728535],[-3.465244352972097,47.621358465051706],[-3.465203255091902,47.621460089610004],[-3.465310291941249,47.621571558199655],[-3.465412087087865,47.6215297852099],[-3.465532191341034,47.62174890438364],[-3.465471291427748,47.6217974398212],[-3.465390791514196,47.62168449904145],[-3.465317509081301,47.62185112844156],[-3.465139366268375,47.621924230958534],[-3.465081326422044,47.622216452785835],[-3.464989532246261,47.622230576639765],[-3.464966463868997,47.62215057465947],[-3.464919500322925,47.62219572754838]],[[-3.416288907280114,47.63001545987503],[-3.416225012985054,47.62992866906415],[-3.41617841129358,47.629985419314394],[-3.416288907280114,47.63001545987503]],[[-3.416426901195782,47.63049552729105],[-3.416560221424228,47.630271448347045],[-3.416499568888551,47.630211571639215],[-3.416426901195782,47.63049552729105]],[[-3.417862285385216,47.62566627927055],[-3.418134293599412,47.625262973423816],[-3.417990481141334,47.62528895485096],[-3.417911157404259,47.62518495289278],[-3.417738044222329,47.62541122625707],[-3.417813044110942,47.62547934302497],[-3.417944667700225,47.62546306392729],[-3.417812745184838,47.62558772968035],[-3.417862285385216,47.62566627927055]],[[-3.41796282959279,47.62328562740546],[-3.418018369635226,47.623192260123375],[-3.417911129590506,47.623189135094464],[-3.41796282959279,47.62328562740546]],[[-3.419897580702285,47.624154397200535],[-3.419888143859853,47.62396526865563],[-3.419788470989554,47.62402494453328],[-3.419897580702285,47.624154397200535]],[[-3.419966485228548,47.62361777969276],[-3.420040992925603,47.623460150239644],[-3.419938077333564,47.623492912322845],[-3.419966485228548,47.62361777969276]],[[-3.420948994226632,47.62090856824229],[-3.420757907774619,47.62043142823858],[-3.420724295383439,47.62059583641334],[-3.420879696344297,47.62077692298783],[-3.420765679907191,47.62082835959928],[-3.420948994226632,47.62090856824229]],[[-3.421045708086027,47.62071359040322],[-3.420878996954837,47.6202170456323],[-3.420821302286573,47.620292471777184],[-3.421045708086027,47.62071359040322]],[[-3.42078805045982,47.618686802769346],[-3.420713642314507,47.61840191356689],[-3.420684356279362,47.618602207217016],[-3.42078805045982,47.618686802769346]],[[-3.426739665324557,47.64244415057064],[-3.426853722186638,47.642392708701614],[-3.426719893956029,47.64239105537004],[-3.426739665324557,47.64244415057064]],[[-3.424255197557617,47.62074441321142],[-3.424396830782087,47.620700481440096],[-3.424382765193211,47.620583854729354],[-3.424329402913116,47.62069516773427],[-3.424238968381098,47.620609843912376],[-3.424255197557617,47.62074441321142]],[[-3.42427669310927,47.61804297766427],[-3.424266956053741,47.61796223597619],[-3.424172994651597,47.61795838518163],[-3.42427669310927,47.61804297766427]],[[-3.427697384987212,47.641632758372246],[-3.427743180490493,47.64145864692761],[-3.427629126482186,47.64151008968989],[-3.427697384987212,47.641632758372246]],[[-3.426437618122656,47.62289084795488],[-3.426502083137191,47.62276085984248],[-3.426375880547739,47.62282200489164],[-3.426437618122656,47.62289084795488]],[[-3.42738975249456,47.62325376276737],[-3.427477228207695,47.6232037834941],[-3.427417653985681,47.623152883483186],[-3.427192068197449,47.62316532491995],[-3.42738975249456,47.62325376276737]],[[-3.427415733210249,47.623469072647254],[-3.427433612567787,47.62339583896607],[-3.427568475759336,47.62340646273969],[-3.42762724682668,47.623340004625604],[-3.427386225443652,47.62333523583494],[-3.427395968197009,47.62341597704028],[-3.427279787379802,47.623449477451906],[-3.427415733210249,47.623469072647254]],[[-3.429825562533983,47.64287906412741],[-3.429862410928502,47.64274156862382],[-3.429748356221197,47.642793013420516],[-3.429825562533983,47.64287906412741]],[[-3.4302988076312,47.644252749193825],[-3.430398506529188,47.64419306497195],[-3.430291223556571,47.644189951344025],[-3.4302988076312,47.644252749193825]],[[-3.429430833981604,47.62367400141306],[-3.42958357475361,47.62361138887684],[-3.429668608325564,47.62365185231594],[-3.429630156629504,47.62355463309318],[-3.429848971349418,47.62359674641636],[-3.429666184125224,47.623299778247876],[-3.429673489663772,47.62347096361922],[-3.429541874564343,47.62348725595055],[-3.429430833981604,47.62367400141306]],[[-3.432359667028244,47.64372364252958],[-3.432477241834817,47.64359072284444],[-3.432347745511787,47.64362496037608],[-3.432359667028244,47.64372364252958]],[[-3.430406850416822,47.62334922168215],[-3.43029230180366,47.62317492268517],[-3.430163936594134,47.62321812937673],[-3.430193451259901,47.623351965495246],[-3.430406850416822,47.62334922168215]],[[-3.430313197095284,47.62146691432352],[-3.430336760198653,47.62133014934023],[-3.430176172342805,47.62143835125241],[-3.430313197095284,47.62146691432352]],[[-3.430531693491143,47.62338748788683],[-3.430530883527421,47.62327012986127],[-3.430410372858651,47.623267748523986],[-3.430531693491143,47.62338748788683]],[[-3.430812818125566,47.621954110794],[-3.43061107373773,47.621721406896405],[-3.430624615980589,47.621612287768066],[-3.430484341653489,47.62155681139047],[-3.430441011443766,47.62164048124755],[-3.430489756713429,47.621601667513545],[-3.430673625754546,47.62190760587358],[-3.430812818125566,47.621954110794]],[[-3.431020780360365,47.623234065636176],[-3.431024301857634,47.623152592454694],[-3.430887272397927,47.62312403024259],[-3.431020780360365,47.623234065636176]],[[-3.431320296407451,47.623280753765656],[-3.431402623809647,47.62307752868391],[-3.431326526774416,47.62300044934869],[-3.431154832523723,47.62312732723878],[-3.431320296407451,47.623280753765656]],[[-3.435232290917687,47.64548870095274],[-3.435265610701537,47.64543267630482],[-3.435172684419103,47.64543780548445],[-3.435232290917687,47.64548870095274]],[[-3.433113057626042,47.62308246316479],[-3.43307785049505,47.62301215862985],[-3.432945154111398,47.62301948360613],[-3.433113057626042,47.62308246316479]],[[-3.435895455319758,47.644783806265266],[-3.435887864583361,47.64472100879624],[-3.435772727083219,47.64476348835353],[-3.435895455319758,47.644783806265266]],[[-3.433446491008636,47.62506893903041],[-3.433491986462668,47.62500321056782],[-3.43340803141162,47.62497172112238],[-3.433446491008636,47.62506893903041]],[[-3.43341775433645,47.62416742543258],[-3.433444561354293,47.62405757357033],[-3.433571575425411,47.624113778882844],[-3.43357319284554,47.6239059765106],[-3.433372794156361,47.62401638035122],[-3.43341775433645,47.62416742543258]],[[-3.434020220555287,47.62196672279577],[-3.434051359694715,47.62189275543186],[-3.433969576411175,47.62187920872012],[-3.434020220555287,47.62196672279577]],[[-3.434120425707657,47.62213277968104],[-3.434203558695357,47.62204691058664],[-3.434087385129975,47.62208041779337],[-3.434120425707657,47.62213277968104]],[[-3.437537571865394,47.64543368250312],[-3.43764728591138,47.64534634598257],[-3.437545682558965,47.64527970866469],[-3.43745032828474,47.645375283149924],[-3.437537571865394,47.64543368250312]],[[-3.435077104220577,47.62518662671015],[-3.435091722070211,47.62508647842424],[-3.435011017472912,47.62508190362975],[-3.435077104220577,47.62518662671015]],[[-3.435708974682007,47.622234714204936],[-3.435683782390057,47.62213676409947],[-3.435623938789235,47.62219425513413],[-3.435708974682007,47.622234714204936]],[[-3.436141705419364,47.62526330355028],[-3.43605692625576,47.62511445813797],[-3.436002499777599,47.625216805059864],[-3.436141705419364,47.62526330355028]],[[-3.436451255221712,47.62528233215517],[-3.436504596809971,47.62517101387539],[-3.43638000650849,47.625024367364965],[-3.436289845215746,47.625273184390096],[-3.436451255221712,47.62528233215517]],[[-3.436415140385662,47.62420963452767],[-3.43642325109205,47.624055659076134],[-3.436201999680732,47.62410400254105],[-3.436209587855038,47.6241668006595],[-3.436367742343139,47.62414903506629],[-3.436415140385662,47.62420963452767]],[[-3.436588032394733,47.625419274517405],[-3.436539548976059,47.62534970401284],[-3.43643663986904,47.62538248060111],[-3.436588032394733,47.625419274517405]],[[-3.436121111339379,47.6218868358639],[-3.436188803483927,47.62178375585325],[-3.436108103785471,47.62177918180904],[-3.436121111339379,47.6218868358639]],[[-3.436227265848226,47.62188097300489],[-3.436407616118454,47.62182585692728],[-3.436348034919848,47.621774961435776],[-3.436227265848226,47.62188097300489]],[[-3.436859723917961,47.6260093476365],[-3.436884356428084,47.625881552797715],[-3.436803650475138,47.62587697924373],[-3.436859723917961,47.6260093476365]],[[-3.437088572103123,47.626023800974394],[-3.437046852577357,47.62589967088219],[-3.437005697522444,47.62600128527448],[-3.437088572103123,47.626023800974394]],[[-3.437679847808183,47.626605251677596],[-3.437686612331107,47.6265506918418],[-3.437594803459312,47.6265647941327],[-3.437679847808183,47.626605251677596]],[[-3.437643399079552,47.6251984238833],[-3.437681299424432,47.62506989579926],[-3.437542918350156,47.62514075700984],[-3.437643399079552,47.6251984238833]],[[-3.439939145727053,47.64440698610936],[-3.440045598490084,47.644292734195695],[-3.439902830476781,47.64432771337588],[-3.439939145727053,47.64440698610936]],[[-3.440227176761851,47.64468909750292],[-3.440205220914268,47.64461806259234],[-3.440394578239679,47.6445263235874],[-3.44010795613693,47.6445873115884],[-3.440227176761851,47.64468909750292]],[[-3.440214662429401,47.64436467388262],[-3.440296735123273,47.644269830409314],[-3.440216254594261,47.644156873595904],[-3.440140692501496,47.644305543197056],[-3.440214662429401,47.64436467388262]],[[-3.440102729812387,47.62697713131068],[-3.440198046472273,47.626881553750316],[-3.440020106323293,47.62684623112877],[-3.439981125631522,47.626965788742496],[-3.440102729812387,47.62697713131068]],[[-3.440593412232269,47.62661586708703],[-3.440504026471073,47.626539527229035],[-3.44050051921904,47.62662100055382],[-3.440593412232269,47.62661586708703]],[[-3.442455838401389,47.62500473952064],[-3.44247937195674,47.624867972337825],[-3.442394077725459,47.624935905000726],[-3.442455838401389,47.62500473952064]],[[-3.442780644787889,47.62415592365623],[-3.442990201445902,47.62390049886064],[-3.442939695113858,47.62326208353468],[-3.443142831727145,47.62339535021681],[-3.443264675685022,47.62329830267775],[-3.443210169087048,47.62295813457029],[-3.443304634970413,47.622745196309516],[-3.443292354257629,47.622312382446395],[-3.4431222708598,47.62223147528825],[-3.443125183706764,47.621924256776865],[-3.442903358023165,47.6217468680443],[-3.442770417899358,47.62186259110979],[-3.442709745523226,47.62180272775521],[-3.442647739740924,47.62184228017855],[-3.442576556211897,47.622026837508834],[-3.442611278083865,47.62231391301348],[-3.442732623913302,47.622433639760125],[-3.442619958610206,47.62238568188142],[-3.442718609524798,47.622759533993836],[-3.442601603263344,47.62267569168158],[-3.442577822357254,47.62292084590522],[-3.442838127187545,47.62319545005769],[-3.44264609144238,47.62304350703028],[-3.442484687144591,47.623034367815485],[-3.442627487479393,47.623441903569685],[-3.442638429448668,47.62397413295376],[-3.442780644787889,47.62415592365623]],[[-3.443333397692693,47.621768246893105],[-3.443242093091093,47.621565579797306],[-3.443148123980876,47.621561744276725],[-3.443126421268626,47.62138232212294],[-3.442901342561114,47.62117802000991],[-3.443041133429732,47.621450255380026],[-3.442989979414558,47.62157951907466],[-3.443333397692693,47.621768246893105]],[[-3.455906924569216,47.62267991163106],[-3.455924986107164,47.62249828665709],[-3.455836450897319,47.622539316266725],[-3.455906924569216,47.62267991163106]],[[-3.456800738449439,47.621066823740925],[-3.456711814520329,47.621054853669655],[-3.456801214273017,47.62113118133808],[-3.456800738449439,47.621066823740925]],[[-3.457296079954351,47.62080572980539],[-3.457178186581991,47.620604544019464],[-3.457000256123946,47.6205692471523],[-3.456954793393494,47.62063498491852],[-3.457296079954351,47.62080572980539]],[[-3.458111999166508,47.62081470212335],[-3.45817181700141,47.62075719952775],[-3.458053486034665,47.62077278865181],[-3.458111999166508,47.62081470212335]],[[-3.459729714490109,47.62126691318209],[-3.459705566497479,47.62117793916861],[-3.459627041504469,47.62119132328358],[-3.459729714490109,47.62126691318209]],[[-3.460785749929299,47.62061230494325],[-3.460810322674826,47.620484504710134],[-3.460711790129543,47.62055318655686],[-3.460785749929299,47.62061230494325]],[[-3.460823591301592,47.62048376905253],[-3.460908854966584,47.62041582277783],[-3.460849251986587,47.62036493975104],[-3.460823591301592,47.62048376905253]],[[-3.462513473697182,47.62020943792458],[-3.462422978972278,47.62012414365835],[-3.462433862479922,47.62021385300017],[-3.462513473697182,47.62020943792458]],[[-3.464930257256798,47.62141201608512],[-3.464962442044071,47.621347011369885],[-3.464848670288511,47.62129010400368],[-3.464711423839131,47.621369968441954],[-3.464930257256798,47.62141201608512]]]},"properties":{}}]}