{"type":"FeatureCollection","features":[{"type":"Feature","geometry":{"type":"Polygon","coordinates":[[[-3.497909386760914,47.65376393216187],[-3.49794659403174,47.653669707095375],[-3.497788372587881,47.65368755579214],[-3.497787140991147,47.65378697056244],[-3.497880193320232,47.653797290411504],[-3.497811367246428,47.65387593518811],[-3.497593743750118,47.65362614987715],[-3.49765373755268,47.65359704482876],[-3.497639184514783,47.653560397424386],[-3.497464402172423,47.65355207416076],[-3.497514085580647,47.65363058878828],[-3.497418961199444,47.65361782654586],[-3.497381184493768,47.653746372072916],[-3.497245273590262,47.653618473406546],[-3.497168900026437,47.65364982344227],[-3.497262791831666,47.65376200065407],[-3.497088008887577,47.65375367682841],[-3.497011773230273,47.65367664154166],[-3.496937589120471,47.65372593233547],[-3.496848077343528,47.65364963668857],[-3.496770331327752,47.65388878643542],[-3.496847523240354,47.65408317752696],[-3.497120854957511,47.65402279043169],[-3.497037092997699,47.653774576787825],[-3.49720612598736,47.653954818846564],[-3.497104155870998,47.65410500404098],[-3.496838626068909,47.6541197990841],[-3.496783191793512,47.65421320230248],[-3.496718320379971,47.65390071579798],[-3.496539018817187,47.65396489453021],[-3.496450601968368,47.65389756904712],[-3.496527792728727,47.65409196034895],[-3.496374088049769,47.65403730376135],[-3.496385314492797,47.653910237953745],[-3.496314413692312,47.65398643972525],[-3.49603122902236,47.65396609076949],[-3.495978403736971,47.65375227892126],[-3.495893131466713,47.65382024961775],[-3.49572177326356,47.653730449931125],[-3.495547414164716,47.653396968124234],[-3.495492931692543,47.65360772646158],[-3.495390004325959,47.65364055450069],[-3.495156643807605,47.653590333708074],[-3.49516910952592,47.65336385322826],[-3.495001847470229,47.65352670482796],[-3.49484828856973,47.65336366098461],[-3.494727564265407,47.65346973127926],[-3.494551831432319,47.653344047947904],[-3.494482023184052,47.65342921910981],[-3.494832395427631,47.65367161522303],[-3.494813503962527,47.65373588756927],[-3.494565915875526,47.65356904940906],[-3.494551401863769,47.65366920362963],[-3.494403315964704,47.65355101160884],[-3.494143259993497,47.65361065293279],[-3.493937836772071,47.65335115086401],[-3.493958629024173,47.653521590081404],[-3.493816966004189,47.65356560544489],[-3.493662171336295,47.65350197478947],[-3.493661222052474,47.65338461907197],[-3.49360468870624,47.65346905033088],[-3.493562816242757,47.653344942224564],[-3.493372570435006,47.65331941122603],[-3.493133888345793,47.65311594868386],[-3.493086254049591,47.653163758411175],[-3.492834150810801,47.65306941980401],[-3.492863839186422,47.653203237972185],[-3.492680158881722,47.6532315288226],[-3.492377286519531,47.65304970203126],[-3.492318858847139,47.65289942117467],[-3.491990234381066,47.65294481282275],[-3.491897449071725,47.65284160183432],[-3.491934144373152,47.65270408751194],[-3.491981630883315,47.65276466351193],[-3.492378823383522,47.65273351675541],[-3.492502390849337,47.65297951614488],[-3.492661706064507,47.6529706450975],[-3.492504873695328,47.65278068662696],[-3.492980189955582,47.653061287604665],[-3.493117621704902,47.65287300600582],[-3.493230105009055,47.65313768491079],[-3.493291015439744,47.65308913579051],[-3.493432532166846,47.65315350630254],[-3.493468129486504,47.653007021029005],[-3.493501102160976,47.653167750512445],[-3.493755540435924,47.653171643409244],[-3.493804123730836,47.65324118914168],[-3.493879404373933,47.65320087081139],[-3.494337077655552,47.65344632366581],[-3.494454376060057,47.65342172756559],[-3.494347358035781,47.65320190229147],[-3.494568534213625,47.653261834670616],[-3.494623685293231,47.653385202936995],[-3.494899347407534,47.653234376734275],[-3.495090688160162,47.653268875723704],[-3.495231112992648,47.65332427357674],[-3.495245342075669,47.65344088972961],[-3.495507585167613,47.65339918688945],[-3.495493355522518,47.65328257076597],[-3.495585195041161,47.65326842316649],[-3.495756270046718,47.653574993537035],[-3.495857007757138,47.65352422424067],[-3.496056967525886,47.65373887059324],[-3.496205197440903,47.653748675294516],[-3.49621081083985,47.65368514239041],[-3.496582271607367,47.653881201582585],[-3.496817006738462,47.65372361955368],[-3.496812766068736,47.653579352502874],[-3.497119079134353,47.653679693892386],[-3.496955659796174,47.65343591873365],[-3.497311655402638,47.65361477447037],[-3.49743114264172,47.653608116290236],[-3.497308508298759,47.65347947788277],[-3.497485480228673,47.65350574228328],[-3.497596207652304,47.65342732031873],[-3.497858175895911,47.65360238266682],[-3.497964386691269,47.65359646379376],[-3.498173794746244,47.653340943953715],[-3.498590699846786,47.6534712441159],[-3.498919456254746,47.6533174486797],[-3.499070971089253,47.6533541610652],[-3.499243696255339,47.653236155810056],[-3.499395077732571,47.653381253019894],[-3.499462820780105,47.65316975280386],[-3.499554659051851,47.653155602084105],[-3.499535773458222,47.653219875210944],[-3.499689479021057,47.65327452766357],[-3.499815669569135,47.653213304389176],[-3.500054377574148,47.653416753273476],[-3.500124176910378,47.65333157878262],[-3.500305399820459,47.65350210586214],[-3.500669336870358,47.65352697388056],[-3.50081331557157,47.6533925058131],[-3.50066372879732,47.65359050700397],[-3.500442544410711,47.65353058617099],[-3.50040039337788,47.65362325098643],[-3.500092979101354,47.653513947767436],[-3.499908206227725,47.65353327954664],[-3.499793365803392,47.65335905150766],[-3.499505802090945,47.65330282924094],[-3.499338553463927,47.65346568705249],[-3.499158295139357,47.65341251414852],[-3.498922607434245,47.65345274523537],[-3.498892634982788,47.65353569909803],[-3.498479973793783,47.65354966702092],[-3.498807097681791,47.653820442369884],[-3.498474363111234,47.65361320003849],[-3.498441104603303,47.6536692424536],[-3.498238945402156,47.65343665928286],[-3.498227587751437,47.6536721105253],[-3.498416606715717,47.65379704839189],[-3.498177631607447,47.65381036664381],[-3.498010785825581,47.65364806686889],[-3.497909386760914,47.65376393216187]],[[-3.493768527177443,47.653387674499626],[-3.493810689542409,47.65329501206511],[-3.493640430803835,47.65321417978944],[-3.493768527177443,47.653387674499626]],[[-3.499953644060909,47.653467526190774],[-3.49991504282112,47.65337033164842],[-3.499868509698686,47.65342711456295],[-3.499953644060909,47.653467526190774]]]},"properties":{}},{"type":"Feature","geometry":{"type":"Polygon","coordinates":[[[-3.491629139760988,47.6532719850347],[-3.491571807875538,47.6531306743304],[-3.491756582374434,47.653111355727745],[-3.491763294957448,47.65305679352364],[-3.491852798468281,47.65313309308869],[-3.49199132837102,47.652953783328485],[-3.491889494085272,47.652995578801296],[-3.491797802838866,47.65290133824342],[-3.491753449387156,47.65297605895523],[-3.491635205898916,47.6528832965855],[-3.491383901190416,47.65301469586105],[-3.490970148247313,47.65301966675873],[-3.490866276104454,47.65293513505677],[-3.490724612090606,47.65297914668521],[-3.490502347663759,47.65291023650249],[-3.49010171950831,47.65302285056001],[-3.489428214883767,47.652870677264126],[-3.48936730118758,47.65291922437657],[-3.489193769828141,47.652811474014165],[-3.489065381049896,47.65285474476429],[-3.488892943974877,47.652755964485586],[-3.488578687171458,47.652809578243264],[-3.48857743843434,47.65290899296148],[-3.488691458010739,47.65285749102453],[-3.48875221728253,47.6529173295191],[-3.4890995881357,47.65291606078425],[-3.489200022817224,47.653082067709924],[-3.489267651976951,47.65297895862582],[-3.489441337600093,47.652978323621454],[-3.489367147467594,47.65302760962746],[-3.489561764652632,47.65308902926204],[-3.489662507339686,47.653038265292565],[-3.490081728902309,47.65307815164026],[-3.489927881166903,47.653131871791565],[-3.490035185569623,47.653134930647596],[-3.489974272124034,47.653183478069714],[-3.490059398602555,47.653223896910184],[-3.490341483335989,47.653235289824664],[-3.490287436020041,47.65312089004883],[-3.490420199361671,47.65311350004129],[-3.490753050434596,47.65321238012123],[-3.490986555585595,47.65315422447729],[-3.491011864045082,47.65325216105535],[-3.49108495912762,47.65319390349796],[-3.491196639167462,47.65323284333926],[-3.491164467110178,47.65329785420598],[-3.491629139760988,47.6532719850347]],[[-3.490243080270564,47.65319561017883],[-3.490118124657374,47.65315740840025],[-3.490122651563756,47.653084905246494],[-3.490231049580109,47.653096934445315],[-3.490243080270564,47.65319561017883]]]},"properties":{}},{"type":"Feature","geometry":{"type":"Polygon","coordinates":[[[-3.507218264096611,47.652755255523964],[-3.507096704640758,47.652635597696026],[-3.50689317891022,47.65261082960108],[-3.506809373704801,47.65236262277995],[-3.506690986875815,47.65237826092369],[-3.506640194689902,47.652290779775186],[-3.506675755171452,47.65214429041449],[-3.506613761566621,47.652183876162034],[-3.506485507372674,47.65211878074706],[-3.506517660050056,47.65205376562367],[-3.506342881259288,47.65204545563212],[-3.506413765157008,47.65196924769974],[-3.506263345572267,47.651941515184475],[-3.506287585122962,47.65203047813839],[-3.506127178634951,47.652030397388025],[-3.506261152835146,47.65192357443095],[-3.506025716817237,47.651747049206186],[-3.505517827438559,47.651856672003404],[-3.505577508187408,47.65190753139637],[-3.505406993785101,47.65204348686314],[-3.505278741400971,47.65197839011898],[-3.505142572729317,47.65206727117356],[-3.505058532839497,47.65203583368389],[-3.504934543390135,47.65211500343393],[-3.505036243887927,47.6521815818924],[-3.504806169056299,47.6521582914921],[-3.504768656044119,47.65207006887637],[-3.504456611377634,47.652141666129054],[-3.504122645581695,47.65203385462918],[-3.5039953667748,47.65208611219465],[-3.504327017215607,47.65228436857864],[-3.503977458860243,47.65226774178345],[-3.503882459594279,47.65214659948101],[-3.503835931761573,47.65220338401154],[-3.503699884714312,47.65218387806484],[-3.503574672124978,47.65236246127232],[-3.503647627561968,47.65241258113366],[-3.503528143776451,47.65241924567391],[-3.503737022459343,47.65259725691401],[-3.50354228364069,47.65257355235377],[-3.503546899364167,47.65246335717484],[-3.503312440435491,47.65240418223734],[-3.503294906365843,47.65226065579512],[-3.50339222151867,47.652291354067856],[-3.503393442636919,47.652191939160964],[-3.50348527818295,47.6521777853451],[-3.503466647822129,47.65202528850931],[-3.503757621158288,47.65200002694565],[-3.503886967710444,47.65207409575685],[-3.503746661688242,47.651910322943635],[-3.504027646402523,47.65191271242995],[-3.50415699311786,47.65198678094565],[-3.504123865333051,47.65193443970128],[-3.504261007931813,47.65196291555238],[-3.504366241950283,47.65183963513086],[-3.504378298499252,47.65193830947253],[-3.504487793468979,47.651959295848734],[-3.504413741805279,47.65190020610579],[-3.504525551787414,47.65183074790483],[-3.504628347326148,47.65190629712137],[-3.504754528970655,47.6518450684703],[-3.504929184753697,47.651961766167936],[-3.50546143549744,47.651832723733094],[-3.50542392163067,47.651744501312685],[-3.505509057515608,47.65178490892893],[-3.505522454206458,47.651675782864835],[-3.505807822912741,47.65171404961031],[-3.506075770466743,47.6515004042335],[-3.506185265205449,47.65152138902404],[-3.50612546463632,47.6515789152838],[-3.50622606924176,47.65163652234605],[-3.506359923058214,47.651638084603086],[-3.506412906942513,47.65174350665583],[-3.50649596968618,47.65165758745862],[-3.50676124779116,47.6518595411351],[-3.506844073727004,47.651990392361675],[-3.506761129408717,47.6519679264663],[-3.506664790765548,47.652054586692955],[-3.506862831905448,47.652034503340275],[-3.506835065533481,47.652135400041445],[-3.507086092597608,47.65222073812228],[-3.507104733371793,47.6523732343653],[-3.50733469291511,47.65250490553897],[-3.507218264096611,47.652755255523964]],[[-3.50377844425291,47.65217046453506],[-3.50373094487854,47.652109893310474],[-3.503684416916589,47.65216667778177],[-3.50377844425291,47.65217046453506]],[[-3.506782940206949,47.65225571920908],[-3.506842740825765,47.652198192633236],[-3.506733244439515,47.652177208466156],[-3.506782940206949,47.65225571920908]],[[-3.507194022664804,47.652666292796795],[-3.507247244012189,47.652554943836286],[-3.506969781192658,47.6523627025939],[-3.5070060836598,47.65255033942062],[-3.507194022664804,47.652666292796795]]]},"properties":{}},{"type":"Feature","geometry":{"type":"Polygon","coordinates":[[[-3.513469133568503,47.65227979048083],[-3.513562168762303,47.652166213734155],[-3.513431606146653,47.65219157065207],[-3.513170691268418,47.65202551339958],[-3.513394288665278,47.651886580141316],[-3.513052412654879,47.651932772657254],[-3.51294861345923,47.65173987519401],[-3.512684303620973,47.651655291223925],[-3.51256032637195,47.65173446908024],[-3.512397725972813,47.651716456299674],[-3.512361298106442,47.6516372064218],[-3.511974216940583,47.65153238332605],[-3.511955346882833,47.6515966585137],[-3.511734158082802,47.65153675898991],[-3.511584725623999,47.651626389000654],[-3.511424429252026,47.65151793016612],[-3.511398866226606,47.65163676863821],[-3.51128388316919,47.651570937077985],[-3.511332596948292,47.65153209022577],[-3.511169997580417,47.65151407573504],[-3.511027915235852,47.65199165338016],[-3.510969326357634,47.651949767105606],[-3.510872994582517,47.65203643080213],[-3.510891866099695,47.65197215580405],[-3.510692729593376,47.651983275650295],[-3.510516742545297,47.65207438689491],[-3.510451682413412,47.65187029300923],[-3.510342074172799,47.65195769755535],[-3.510266918986771,47.651889641182834],[-3.510088737494622,47.65196281110934],[-3.510074476363004,47.65184619667566],[-3.509925040249478,47.65193582454962],[-3.509942815886941,47.65186257935871],[-3.509618825693103,47.6517271312938],[-3.509634407821836,47.65163594544856],[-3.509465114418371,47.65167249185693],[-3.509334777371819,47.65148107349973],[-3.509304822216669,47.65156403011761],[-3.509151111733385,47.65150939026306],[-3.509006517586697,47.651201356936035],[-3.508780946633065,47.6511055703909],[-3.508491077280549,47.651139814833485],[-3.508612521835443,47.651367856671605],[-3.508599131542002,47.651476983107415],[-3.508415580548027,47.65139691335555],[-3.508522538108567,47.651725111297466],[-3.508683172637657,47.651508418060054],[-3.508636879613625,47.651348433802895],[-3.508736504090911,47.651288682988444],[-3.509008597401746,47.65132768301452],[-3.50898302908665,47.6514465209699],[-3.509078152361762,47.651459273813906],[-3.509128834181412,47.65165513929206],[-3.509247105359388,47.651747884018896],[-3.509375475102496,47.65170459107306],[-3.509380846483115,47.65185782815554],[-3.509598630566107,47.65199920641903],[-3.509840885622672,47.65201277582881],[-3.509902652632457,47.652189959015374],[-3.510085223198773,47.652152670741124],[-3.510152810816626,47.65204954952428],[-3.510199220393517,47.65210114780134],[-3.510224786313452,47.65198230962055],[-3.510432699477883,47.652042953270225],[-3.510470221836556,47.6521311740688],[-3.510687133618293,47.65204680930549],[-3.510622838355136,47.652176841835846],[-3.510888354661149,47.65216201545905],[-3.510892853258197,47.6520895114655],[-3.511161770083596,47.65199321013681],[-3.511116456854602,47.65195058257023],[-3.511225954499495,47.65197156263282],[-3.511435183775953,47.65182440415999],[-3.511262708622466,47.65172565683965],[-3.511304839290407,47.65163298801531],[-3.511508363338518,47.651657748439625],[-3.511545887204877,47.65174596891061],[-3.511662076663172,47.65171238518935],[-3.511505071605399,47.65163083745296],[-3.511692028236507,47.6516294279737],[-3.511825774101324,47.651739369319],[-3.512241817146462,47.65164387987384],[-3.512368872840378,47.651808384012476],[-3.512915371323041,47.6517959217823],[-3.512992724752708,47.651881917082605],[-3.512907477149064,47.651949900258735],[-3.513030251231083,47.651970137066584],[-3.513072167897889,47.65209423828321],[-3.513357439272672,47.65224087190614],[-3.513473628668407,47.65220728639244],[-3.513469133568503,47.65227979048083]],[[-3.509660621741726,47.651959619084245],[-3.509665234473133,47.651778729791644],[-3.509759149257932,47.65189089707202],[-3.509660621741726,47.651959619084245]]]},"properties":{}},{"type":"Feature","geometry":{"type":"Polygon","coordinates":[[[-3.488046073054468,47.65315531420582],[-3.488063879133762,47.653082072392415],[-3.488279580906228,47.653097163968944],[-3.488415780295294,47.6530083026132],[-3.48829957338729,47.65304186319754],[-3.48812932380653,47.6529610228823],[-3.488072782155074,47.653045451483656],[-3.487901282905849,47.65306402554108],[-3.487913622626968,47.65294593102734],[-3.487747747036428,47.65290097232889],[-3.487784453074154,47.65276345931399],[-3.487613111913822,47.65267364768855],[-3.48747035268568,47.65270868483029],[-3.48724262766244,47.65259491569005],[-3.486825598246432,47.65257296025951],[-3.486846526314956,47.652635015547354],[-3.486569751459013,47.652776852244166],[-3.486602862544998,47.65282919844041],[-3.486504463009122,47.65278951563815],[-3.486461195295724,47.652873204903045],[-3.486262050344127,47.652884283112776],[-3.486049949888615,47.65267932898175],[-3.485782238237418,47.652676157789614],[-3.485714925003608,47.65256249434667],[-3.485504690574223,47.652592250873376],[-3.485055970224265,47.652310142627904],[-3.485001610006209,47.652412510918374],[-3.484719693923297,47.65229271982963],[-3.484505416316755,47.65206982167628],[-3.484064354078368,47.651850503613474],[-3.483941920741914,47.651613465745434],[-3.483735131945932,47.65156174554431],[-3.483583798220948,47.65141662791403],[-3.483559596805941,47.65132766022599],[-3.483792174011459,47.651152162964394],[-3.483594292913003,47.65106382188035],[-3.483511194218052,47.651149724822474],[-3.483296594158757,47.65114359502493],[-3.482888650838292,47.65097661959286],[-3.482705474651943,47.65067973871009],[-3.482503060062199,47.65066389871707],[-3.482449199923637,47.65044110978113],[-3.482170408510973,47.650456609627916],[-3.482087645470276,47.65032574081533],[-3.482198557198303,47.65013894791256],[-3.482097981363006,47.65008132012279],[-3.482034711058712,47.65022030766059],[-3.481909768291127,47.650182097046105],[-3.481968669894002,47.650007227120476],[-3.481766427225534,47.64988300043326],[-3.481494191506667,47.649952322364435],[-3.481482930433935,47.650079387002215],[-3.481332529142624,47.65005162237094],[-3.481421842843877,47.65023631544189],[-3.481037358101122,47.64993256022769],[-3.481089198158995,47.650029023228676],[-3.480816210926118,47.649872602136185],[-3.480402481367724,47.64987753562739],[-3.479901973241578,47.64949894386482],[-3.479790655587125,47.64924322226907],[-3.479266185288181,47.64932655700222],[-3.479101594546782,47.64918217114021],[-3.479057226407574,47.64925688717766],[-3.478891369748931,47.649211915822086],[-3.478848092995872,47.649295602424345],[-3.478703153687559,47.64931268762642],[-3.478789357148377,47.64936208540441],[-3.478721712324869,47.64946518861868],[-3.47870188663216,47.64941210241999],[-3.478587864776923,47.64946359470277],[-3.47859406358656,47.649734189437],[-3.478356193366883,47.64975643783042],[-3.478344924862585,47.64988350217871],[-3.478071416450831,47.6500522308924],[-3.47785245521752,47.6500102084953],[-3.477928274197719,47.64964474413121],[-3.477790060084362,47.649607266690275],[-3.477663852796669,47.64966846629429],[-3.477644942068444,47.649732735998164],[-3.477808616214378,47.64975976780408],[-3.477655324702527,47.65014759875595],[-3.477840093906813,47.650128302126916],[-3.477816639851042,47.65026507462985],[-3.477923023182429,47.65015078856956],[-3.478274919029074,47.65007704921416],[-3.478566244957409,47.649835079536295],[-3.47875537955202,47.649851664040376],[-3.47871463615964,47.64973652102609],[-3.478786472945387,47.64977768582945],[-3.479130722808808,47.649641149370225],[-3.479645196349375,47.64958546495582],[-3.4795966348388,47.64951591320541],[-3.479775768632485,47.64956014575317],[-3.479805768570866,47.64947719662352],[-3.480165875604722,47.64980037291621],[-3.480604720839853,47.6500017646755],[-3.480673111985857,47.65012440183867],[-3.480764949996533,47.65011026586278],[-3.480788054149361,47.650190263562685],[-3.480944086754164,47.65015449660585],[-3.481250180108437,47.65036326515677],[-3.481431672275454,47.65031705099563],[-3.481126500129754,47.650225638933925],[-3.481124486371374,47.65009931229435],[-3.481345464825525,47.650267655191506],[-3.481479314472809,47.65026924594817],[-3.481487299094751,47.650115269471726],[-3.481734076481439,47.65005639422594],[-3.481928336395896,47.65033459745973],[-3.482033450189229,47.65031972244307],[-3.482069663570715,47.65050736720709],[-3.48237702359448,47.65061671800559],[-3.4823613951809,47.65070790025947],[-3.482547256979039,47.65069756679979],[-3.482757151310376,47.65088458629663],[-3.482729339953479,47.650985477326245],[-3.482818994086752,47.65095339853903],[-3.483000153606278,47.65112395266183],[-3.483062163496419,47.65108437942079],[-3.483110730952019,47.65115392967401],[-3.483491197483028,47.651205024829316],[-3.483464314163499,47.651423271943656],[-3.483949404293976,47.65178464516923],[-3.48400780717139,47.651934930296996],[-3.484184767428231,47.65196121486002],[-3.48417913989041,47.65202474724304],[-3.484315179391129,47.65204427591621],[-3.485146231131968,47.65261218847547],[-3.485213705373889,47.65261746698064],[-3.485177479502686,47.65242982339803],[-3.485336470480427,47.652637732875114],[-3.485525617113972,47.65265430639713],[-3.485664776234354,47.65280913045323],[-3.485899378128008,47.65275995552761],[-3.486282977879308,47.65294633849141],[-3.486716724753095,47.65288608368321],[-3.487036766558821,47.65266055717879],[-3.487210134969734,47.65287669600917],[-3.487338683145891,47.65272504203859],[-3.487380540644467,47.65284915241487],[-3.48746691543285,47.65279015844437],[-3.487618420887901,47.65282688568784],[-3.487596083964303,47.65297263050616],[-3.487759616104017,47.6531080335723],[-3.488046073054468,47.65315531420582]]]},"properties":{}},{"type":"Feature","geometry":{"type":"Polygon","coordinates":[[[-3.465283691680789,47.64941636818831],[-3.465168973188647,47.649242105766504],[-3.465300843520494,47.649117388078174],[-3.465503044947309,47.64924164330913],[-3.46550760496892,47.64916914096404],[-3.465638182939759,47.649143837553325],[-3.465771827658295,47.649253831730846],[-3.465899338509896,47.649093230293104],[-3.466230828757862,47.649291595079596],[-3.466189023246519,47.64916747690178],[-3.466328317669458,47.64921393883531],[-3.466355069513092,47.64910408085457],[-3.46610065264922,47.649100128293014],[-3.466292160525026,47.64902628907019],[-3.466274038800485,47.64865701516255],[-3.466212506625001,47.64903070665567],[-3.466035363842423,47.64911278027535],[-3.46528619949177,47.64866664090397],[-3.465349993519963,47.648861789469024],[-3.465611833528348,47.649036924504564],[-3.465232286264246,47.64910312729252],[-3.464986990921822,47.648954167623565],[-3.46519463802678,47.64912327727883],[-3.465025322183962,47.64915975935049],[-3.465021850887425,47.64924123245217],[-3.465283691680789,47.64941636818831]]]},"properties":{}},{"type":"Feature","geometry":{"type":"MultiPolygon","coordinates":[[[[-3.470836714664838,47.64946956318642],[-3.470629946883812,47.649417819738005],[-3.470499754681625,47.64922635786491],[-3.470627059460763,47.64917413670754],[-3.470399577679451,47.648951949090645],[-3.470232446440749,47.649006380162355],[-3.470195505100406,47.64925227336708],[-3.470113670713943,47.64923875215771],[-3.470127843810388,47.6493553716119],[-3.469998357670519,47.649389650764675],[-3.46970469305363,47.6490627598096],[-3.469536664613661,47.64899983370739],[-3.469518834465418,47.64907307285208],[-3.469268076858561,47.64887926849397],[-3.469060793070947,47.64880902152366],[-3.469251725605378,47.64874470743076],[-3.469484846441668,47.648903365530686],[-3.469575595175705,47.64888026760452],[-3.46964832014509,47.649038794224985],[-3.469712517840575,47.64901716949123],[-3.470044919056595,47.64933287962808],[-3.470189156273838,47.64909006356629],[-3.470125344274194,47.6488949176667],[-3.470335572708538,47.64886518875032],[-3.47025739468845,47.648661808899135],[-3.470345962152028,47.64862076891358],[-3.470147407975856,47.64830666325369],[-3.470287986307289,47.64825370573283],[-3.470480191484064,47.648405601319595],[-3.470590372464891,47.64865236116874],[-3.470917324775461,47.648923215261405],[-3.471005892165354,47.64888217478128],[-3.47116372693975,47.649081133202245],[-3.470796754381537,47.64892087562604],[-3.470728387478538,47.64879823260663],[-3.470518159526862,47.64882796223074],[-3.47051251604683,47.64889149405864],[-3.47044524011675,47.64877782159771],[-3.470368857739738,47.64880915419659],[-3.470352119066105,47.64889136420255],[-3.470628533328354,47.64896633654265],[-3.47075545433203,47.64913088613218],[-3.470799259713004,47.64938132955063],[-3.470691065276242,47.64926089687423],[-3.470629048330802,47.64930046358791],[-3.470836714664838,47.64946956318642]]],[[[-3.469059246368285,47.64880849735527],[-3.468947478164456,47.64877061969002],[-3.46864541038787,47.64881447264343],[-3.468625203279835,47.648978155622125],[-3.468586662358043,47.6488809505114],[-3.468390994735327,47.6488105250678],[-3.468132022702068,47.64887907939959],[-3.468003823414256,47.6488139416468],[-3.467805779625619,47.64883395917784],[-3.46771592234058,47.648974411929736],[-3.467801720052432,47.6492405886932],[-3.467526596215205,47.649066194993026],[-3.467515698260271,47.64897648746517],[-3.467422768913889,47.648981642282784],[-3.467403647770146,47.64915429578903],[-3.467352031733038,47.64894944123175],[-3.46753026174192,47.64887633636255],[-3.467563153728671,47.64903707350251],[-3.467725533131209,47.64916353412549],[-3.467680652536093,47.64890411877471],[-3.467818162844777,47.648715866528846],[-3.468158770664159,47.64876922098677],[-3.468277553859283,47.64853685092158],[-3.468493427762493,47.648443593581106],[-3.468789457065683,47.64868004370975],[-3.469071513225567,47.64869148799194],[-3.469059246368285,47.64880849735527]]]]},"properties":{}},{"type":"Feature","geometry":{"type":"Polygon","coordinates":[[[-3.47755947517299,47.64990907886921],[-3.477679134028263,47.64979405546043],[-3.477491091459558,47.649786439870105],[-3.477581102031894,47.64953759423635],[-3.47729340409582,47.64958970263124],[-3.477217202969373,47.649512654266466],[-3.477299217799873,47.64941778506716],[-3.477116812289361,47.64934663673484],[-3.476983322817278,47.64912827009078],[-3.476876939511844,47.64924255535661],[-3.476410112218302,47.649250424587244],[-3.475835260186082,47.649029478580005],[-3.475590117277497,47.648772155697856],[-3.475321334752136,47.64875998985652],[-3.475211492902141,47.64895574704708],[-3.475118746987296,47.64885252252419],[-3.475043458305229,47.64889282885985],[-3.474679748369273,47.64875949551391],[-3.474663016353198,47.64884170613939],[-3.474310401314415,47.648689693044595],[-3.474177646751591,47.648697064767525],[-3.474240566847687,47.64877485231974],[-3.474124360245692,47.6488083988822],[-3.474018341227783,47.648705910635925],[-3.473487322433619,47.64873539529514],[-3.473253099680124,47.64856777446491],[-3.473091612943185,47.648558677667644],[-3.47307378782192,47.648631917371546],[-3.47296904889064,47.64843001338577],[-3.472691543467086,47.64834607585343],[-3.47199979749179,47.647932914186654],[-3.471910331095259,47.64785659921178],[-3.471991262294227,47.64775276293833],[-3.471554269181243,47.64778605108988],[-3.471613723231522,47.64794531344389],[-3.471510792100966,47.64797812054726],[-3.471765726125911,47.648316188544],[-3.471720257946133,47.64838193111298],[-3.471470395974283,47.64830548762081],[-3.47138619162495,47.64838241134463],[-3.471653691185228,47.64849400100416],[-3.471704422390806,47.64858149752389],[-3.47160386082602,47.648523860655764],[-3.471587124144695,47.648606070850875],[-3.47190644752255,47.64881412717256],[-3.471740598267761,47.64876914565745],[-3.47169019885415,47.649124161698175],[-3.471484712080601,47.64897300501808],[-3.471195021031489,47.64889877153009],[-3.471146089719561,47.6490459871487],[-3.471257746522719,47.64908494612755],[-3.471370684199274,47.64902449027032],[-3.471486512943516,47.64920771733803],[-3.471628182808544,47.64916372894491],[-3.471747473778361,47.649265482447504],[-3.471708926960966,47.649168278381225],[-3.471988281712047,47.648827647129444],[-3.471838078205696,47.64869148479555],[-3.471885916763744,47.64853529814564],[-3.472227806598012,47.64848922598604],[-3.472318741777678,47.64835774044052],[-3.47255077941202,47.64850742174552],[-3.472820650709474,47.648528564666826],[-3.472958671500073,47.64867443347991],[-3.473282736441794,47.64870159791813],[-3.473301279374436,47.64885409981951],[-3.473389844815923,47.64881305753105],[-3.473565512872804,47.64893877297746],[-3.473918682704415,47.64876563192754],[-3.474187280395393,47.64888618645858],[-3.474365500827371,47.64881307116194],[-3.474576633801214,47.648900690767334],[-3.474825595234659,47.64885977144913],[-3.474944891622338,47.648961521703704],[-3.475075464608747,47.64893620774486],[-3.475245681567466,47.6490170672462],[-3.4753166058513,47.648940878061595],[-3.475402805576118,47.64899027834734],[-3.475390803278719,47.648891600871],[-3.475545744562186,47.64884687041795],[-3.475707960849653,47.649081705415156],[-3.476140055269921,47.64933767540465],[-3.476225345536877,47.64926971896411],[-3.476317003036229,47.649363971917154],[-3.476724001499861,47.6494136143343],[-3.476789108879728,47.649509341814394],[-3.476845843782809,47.64931653308012],[-3.476980782301746,47.649327099654535],[-3.477006063237922,47.649425039460084],[-3.477170827542968,47.64946104282586],[-3.477053351157625,47.64959400705657],[-3.477070813761543,47.64973753762811],[-3.477185750644968,47.64980340290864],[-3.477443801983096,47.64961747246774],[-3.477329422148294,47.6498857343471],[-3.47755947517299,47.64990907886921]],[[-3.475379710016935,47.64891027953281],[-3.475284599348935,47.648897499242736],[-3.475340065733378,47.64880410596594],[-3.475379710016935,47.64891027953281]]]},"properties":{}},{"type":"Feature","geometry":{"type":"Polygon","coordinates":[[[-3.464839796499189,47.64912647494604],[-3.464861859844057,47.64902432419763],[-3.464703844929608,47.648933742704514],[-3.464723452749722,47.64909521672641],[-3.46483197967091,47.64914136062435],[-3.464791806230539,47.64921786323972],[-3.464562169967281,47.64897772270801],[-3.464618948486702,47.64878491985886],[-3.464702959418789,47.648816386479545],[-3.464640053178592,47.648738593794064],[-3.46474557608835,47.648506963396215],[-3.464660680208084,47.64835814054771],[-3.464534256667996,47.648527711478415],[-3.464407151877115,47.64847154055113],[-3.464238926797171,47.64851699227992],[-3.464167307828544,47.64836743303724],[-3.464267181213575,47.64819933457047],[-3.464167717616828,47.648150662078955],[-3.464265207446434,47.64807300750966],[-3.4643459493202,47.64807756203616],[-3.464376652720372,47.648220358567684],[-3.464250433330311,47.64828154372833],[-3.464268950301715,47.648434047095414],[-3.464474618828973,47.648476831041854],[-3.464575376670463,47.64842608857907],[-3.464576874085298,47.64821828841001],[-3.464751837517982,47.64811827539746],[-3.464914004083671,47.648353125465725],[-3.464853073243689,47.64840165991264],[-3.465037637902435,47.64849076897924],[-3.464931433626916,47.6484966579426],[-3.464744079322418,47.64871476353615],[-3.464796774455186,47.64892859004902],[-3.464983519580131,47.64903564073287],[-3.464889500532701,47.64903182275935],[-3.464839796499189,47.64912647494604]]]},"properties":{}},{"type":"Feature","geometry":{"type":"MultiPolygon","coordinates":[[[[-3.514154970500563,47.646524445966364],[-3.514030013396087,47.64648626962405],[-3.514014873524953,47.646362531840765],[-3.514154970500563,47.646524445966364]]],[[[-3.513927769843963,47.646261863011105],[-3.513732802542649,47.64613257787779],[-3.51361464046313,47.645931451746144],[-3.513390180956908,47.645844644171156],[-3.512942573124421,47.645463226667594],[-3.512757938973368,47.64537419314041],[-3.512707921957029,47.64562084176266],[-3.512594047549829,47.64556398163099],[-3.512531075336939,47.6454862146092],[-3.51264056027299,47.64550719341706],[-3.51251121748911,47.64543313404133],[-3.512677090721469,47.64547805776358],[-3.512621906076962,47.64535469751105],[-3.512475997781699,47.64525446857802],[-3.512454936001006,47.64530080335796],[-3.512177706870995,47.644891802298055],[-3.512128999769061,47.64493064963711],[-3.511944476656906,47.64473322906051],[-3.511764235271898,47.64468007535901],[-3.512058456206199,47.644681704107654],[-3.511713658710534,47.644375824552256],[-3.511823141046993,47.64439680413817],[-3.511825443424425,47.6443063590946],[-3.511519265216826,47.644097669988135],[-3.51145278739359,47.64420976278721],[-3.511133337419734,47.64400181405942],[-3.510951892467362,47.64404807449934],[-3.511121270172969,47.64390314000659],[-3.511199815654946,47.643889721429964],[-3.511202997413738,47.64402501831841],[-3.511362282781622,47.64401612173604],[-3.511425251556345,47.64409388944724],[-3.511552504023713,47.64404162357198],[-3.512031134134498,47.64434905942318],[-3.512247582927344,47.64469823444697],[-3.512415648163874,47.644761099265885],[-3.512342587923164,47.6448193704193],[-3.512529414017062,47.64492634533008],[-3.512186699323286,47.644746793658804],[-3.512099482731883,47.6445800642996],[-3.51216015142506,47.64474827662434],[-3.51197102455364,47.644731746143954],[-3.512200963173535,47.64486340826655],[-3.512385380741169,47.645169214145774],[-3.512452955068647,47.64506609122294],[-3.512696170372202,47.64519701083297],[-3.512711532772921,47.645322595698396],[-3.512773513882686,47.645283006574445],[-3.513004554226125,47.64542363742401],[-3.513625719720327,47.6459127694278],[-3.513927769843963,47.646261863011105]]]]},"properties":{}},{"type":"Feature","geometry":{"type":"MultiPolygon","coordinates":[[[[-3.510026148867189,47.64292566176383],[-3.509543156159402,47.64258233591371],[-3.509524286338349,47.64264661100863],[-3.50944274853453,47.642584530648904],[-3.509550945959947,47.642536742779576],[-3.509429404550621,47.642417086740565],[-3.509647262733403,47.64245007974368],[-3.509817287062559,47.64274766086768],[-3.509992035941701,47.642755965703174],[-3.510026148867189,47.64292566176383]]],[[[-3.509348075628328,47.64262634495139],[-3.509322990961998,47.642639787795666],[-3.509379261876991,47.64277212017074],[-3.509225576641969,47.64271748016369],[-3.509065084460978,47.6428257892958],[-3.509130582463872,47.64259634152461],[-3.508895064077514,47.642528207089306],[-3.508581984176962,47.64259084531792],[-3.508605356006004,47.642454066103625],[-3.509054683686939,47.64226952355699],[-3.509103166106352,47.6423720816706],[-3.508992478533222,47.64245051498921],[-3.509171612962869,47.64249470263439],[-3.509165032987199,47.642440880271856],[-3.509364134202822,47.642429762973585],[-3.509362924431161,47.642529178448555],[-3.509251253538849,47.642490255751426],[-3.509246640207041,47.64267114590361],[-3.509348075628328,47.64262634495139]]],[[[-3.509074594009098,47.642261346155216],[-3.509190710008784,47.64221365584023],[-3.509064783592947,47.64205811782027],[-3.50897077369953,47.64205433530047],[-3.508960676340021,47.64219037349823],[-3.508786043721777,47.6420736812317],[-3.509072573725678,47.64201252470561],[-3.509027384398068,47.64186151020892],[-3.509500496846087,47.642124104791755],[-3.50932113706564,47.64229668940873],[-3.509074594009098,47.642261346155216]],[[-3.509233933431684,47.64212995769822],[-3.509290430036241,47.64204551838101],[-3.509081460482816,47.64197590198626],[-3.509233933431684,47.64212995769822]]]]},"properties":{}},{"type":"Feature","geometry":{"type":"Polygon","coordinates":[[[-3.463929232311802,47.64849803754769],[-3.464030401058744,47.648230524606944],[-3.463875451913307,47.64827523980534],[-3.463716557562854,47.648067300664664],[-3.463510684994526,47.648132900863054],[-3.463502648793957,47.64828687626649],[-3.463331156294799,47.64830541431217],[-3.463160959663667,47.648224537426394],[-3.463003364521944,47.64791718261492],[-3.462845148462635,47.6479349840546],[-3.462770733049978,47.64809263879237],[-3.462627296862866,47.647901903885284],[-3.462607023005328,47.64751468758191],[-3.462426612980439,47.647569843379785],[-3.462378075749347,47.64750028440241],[-3.462303659562913,47.64765793887846],[-3.462146950895735,47.64746793915399],[-3.462208972000594,47.647428376904315],[-3.461974790416239,47.64726073335519],[-3.461916035786629,47.64732720792316],[-3.461648562442071,47.647215595905294],[-3.461538883842163,47.6473029548729],[-3.461473138499321,47.64698147688904],[-3.461365848115426,47.64697839179772],[-3.461309691848579,47.64684603661351],[-3.461531225042329,47.646689260599196],[-3.461481601048367,47.64661073039762],[-3.461225896883473,47.64670618196236],[-3.460904238989082,47.64658854014575],[-3.460664198235557,47.6465928109101],[-3.460632869506378,47.646775169979755],[-3.460565617291736,47.646661491706304],[-3.460428299174849,47.646741350063316],[-3.460293583232775,47.646622378799286],[-3.460297724612943,47.646766647684004],[-3.460189346212214,47.64675459068137],[-3.460093367690293,47.646624441619494],[-3.460137973265582,47.64644134711034],[-3.46007616497022,47.646372522705775],[-3.460003045382614,47.64643076107106],[-3.459890527467255,47.64627443486784],[-3.459921858439398,47.646092075949646],[-3.4596633167904,47.64594384041745],[-3.459944054604974,47.646054721505536],[-3.460032625672656,47.646013689281396],[-3.460377536979521,47.645552050957086],[-3.460406688813448,47.645351750167286],[-3.460024109218992,47.64528263802037],[-3.459717058456142,47.645615741503946],[-3.459641334553367,47.645872809207575],[-3.459284428560099,47.64568486717121],[-3.459099452858281,47.64581252011638],[-3.458726665903902,47.64582414135533],[-3.458698811750225,47.645925026927564],[-3.458545169361694,47.64587032035959],[-3.458533198940426,47.64577164099352],[-3.458342996912816,47.6457460528711],[-3.458374771100895,47.64589782200571],[-3.458095996445543,47.64591326445343],[-3.457914934225446,47.64574267126817],[-3.458085332227791,47.645715170290416],[-3.457876415151364,47.64564546246192],[-3.457981526407654,47.64563060904436],[-3.457930820509922,47.64554310643368],[-3.457768257457081,47.645525017587524],[-3.457647913445792,47.64541427875587],[-3.457504935557737,47.64555766504517],[-3.457499713785035,47.645404425107635],[-3.457605912725803,47.64539854288925],[-3.45754410890417,47.64532971710796],[-3.457315172389924,47.64531530399234],[-3.457317129601504,47.645441631351616],[-3.457080357622073,47.64547280734987],[-3.456806376171188,47.64530735893639],[-3.456654693142326,47.64537897723699],[-3.456681462978872,47.64526912125206],[-3.456215976336127,47.645177495059414],[-3.456085403604163,47.64520278799357],[-3.456138060571685,47.64541661880124],[-3.456019674327626,47.645432205666005],[-3.455971147392872,47.64536264395009],[-3.455899112477075,47.64542985065505],[-3.455615345454288,47.64518366153526],[-3.455716105501414,47.64513292662469],[-3.455646690396065,47.64500130366007],[-3.455557029933461,47.64503336169836],[-3.455302856167517,47.64492099997053],[-3.454894600609429,47.64497069759197],[-3.454969675411,47.64503878980424],[-3.454567719485813,47.64525069724358],[-3.454397770607337,47.64506142182689],[-3.454331171609395,47.64517348204136],[-3.454329221476578,47.64504715461451],[-3.454271772230321,47.645014210667846],[-3.454214097956492,47.64508965233527],[-3.454256322446359,47.64499700378152],[-3.454159048882516,47.64496626448064],[-3.453757951661889,47.64529552566876],[-3.453637616490772,47.64518478269369],[-3.453707479137011,47.64509963557484],[-3.453574096091113,47.64488124171535],[-3.45340152375147,47.64489079431912],[-3.453459198959168,47.64481535304496],[-3.45333863861536,47.64481299539137],[-3.453193070364929,47.644604306768116],[-3.453011800722543,47.64454209154105],[-3.452909951971229,47.6445838532256],[-3.452922367169101,47.64446576189565],[-3.452852504099979,47.64455090857316],[-3.452585063630527,47.64443927564809],[-3.452561547344847,47.644576043480846],[-3.452453175141748,47.644563979289174],[-3.452492313546797,47.64488693215901],[-3.452321286036538,47.6446886827733],[-3.45209755985651,47.64482749965695],[-3.451947188667805,47.64479969713098],[-3.451842934528726,47.644931901692345],[-3.451827945441545,47.64469792318174],[-3.451673226588935,47.64463423662368],[-3.451629910865029,47.644717913340536],[-3.451503059337941,47.644553342604304],[-3.451180348903244,47.64442670296571],[-3.451155117736516,47.64432875732303],[-3.4508473940685,47.64443609540732],[-3.450790179680232,47.644294764063346],[-3.450892029538696,47.64425300422027],[-3.450692054773311,47.64414666525083],[-3.450556902044196,47.64424445397503],[-3.450632435029871,47.644095777634355],[-3.450201125722065,47.64406545496989],[-3.45013886625193,47.64421339659937],[-3.450058364974969,47.644100446562625],[-3.449973049651405,47.64416838408377],[-3.449964974985385,47.64432235887198],[-3.449834401383398,47.644347644831996],[-3.449831993934378,47.644438088624234],[-3.449744738527522,47.64437969842112],[-3.449852256968908,47.644274408512736],[-3.449709729678669,47.64420101399734],[-3.44952605750954,47.6442292371491],[-3.449578921742695,47.644334685350096],[-3.44947574931359,47.644475858772445],[-3.449509288162559,47.6443114443628],[-3.449290372992412,47.644269368324274],[-3.449297509272719,47.64454893627006],[-3.449153660022576,47.64457495580535],[-3.449122999457151,47.644432155005354],[-3.449031162843922,47.644446266154524],[-3.44903310041231,47.64457259370905],[-3.449114922298416,47.644586129713694],[-3.449031542569447,47.64478039406966],[-3.446861829102778,47.645071982911425],[-3.445515986658348,47.645435388495855],[-3.445430906358296,47.645394937051016],[-3.445897946447168,47.64527880595522],[-3.445365617186321,47.64540757750881],[-3.445401941286887,47.6454868484997],[-3.445508141724048,47.64548097727698],[-3.446358226494102,47.64521723279787],[-3.44687051904799,47.645143750618686],[-3.446864001586889,47.645089924838565],[-3.446963443692898,47.64513861213525],[-3.447350828720289,47.64502687963591],[-3.448352115764154,47.644908285628894],[-3.448685073984237,47.644898900300014],[-3.448852592939029,47.64517862777837],[-3.449047841618325,47.64491495823588],[-3.449112893855734,47.64501070135467],[-3.449134245932588,47.644855992360206],[-3.449290284143971,47.64482026757226],[-3.449312252168627,47.64489130076775],[-3.449395396164168,47.644805421872164],[-3.449359301553309,47.64461776644081],[-3.449651346744958,47.644601610447566],[-3.449673080839559,47.64478102923466],[-3.449752729763508,47.64477662291357],[-3.449866769421158,47.644725158644285],[-3.44988920593852,47.64457942042683],[-3.449957285795075,47.64481046155417],[-3.45010462907585,47.64470296818645],[-3.450067678789357,47.64439795636007],[-3.450143833406758,47.644475022629805],[-3.450759905441941,47.64448609163261],[-3.451429471381106,47.64482834697026],[-3.451518672833743,47.64501306338589],[-3.451595060843205,47.644981743047424],[-3.451702116446109,47.64509322275119],[-3.451657713344831,47.64516792854021],[-3.451820273237939,47.64518602589095],[-3.45183200117554,47.64539309159563],[-3.451928187076298,47.645414861912045],[-3.451868334872324,47.64547236057666],[-3.451982144342565,47.64552927987501],[-3.452300743664059,47.64551164797569],[-3.452331470807232,47.6451035488508],[-3.452729085606768,47.64485576544825],[-3.452686858577017,47.64494841345693],[-3.452860518478391,47.644947832817394],[-3.452791513928987,47.64515033598191],[-3.452857660423565,47.645255047911675],[-3.452948410148339,47.64523196285471],[-3.45298343051855,47.64541064621206],[-3.452998020301734,47.6453104967361],[-3.453154917307895,47.645392123324804],[-3.453152969951752,47.645265795892726],[-3.453407367571778,47.645269776651915],[-3.453464589937274,47.645411106642534],[-3.453633901787633,47.64537464125078],[-3.453736612814642,47.64545023547248],[-3.453863247548501,47.645723189313436],[-3.453978372714839,47.64568069195238],[-3.453996448602142,47.64549906943753],[-3.454043885627482,47.64555966107406],[-3.45411809799542,47.645510397305635],[-3.454377484886832,47.64577600163593],[-3.454424059738067,47.64571923661765],[-3.45446039750749,47.64579850477918],[-3.454605335025857,47.64578144961565],[-3.454503485156164,47.645823212662236],[-3.454622736000025,47.645924983821345],[-3.454777494316143,47.64543776751529],[-3.454959856671628,47.64550895086036],[-3.455068454725997,47.645412627100946],[-3.455220781521335,47.64556675298729],[-3.455336992944711,47.64553322516792],[-3.455284535032144,47.64576190736113],[-3.455343296199267,47.64569543607359],[-3.455466034027249,47.64571573341894],[-3.455381810694743,47.645792645712305],[-3.455424676122209,47.645925738853705],[-3.455541333012254,47.64567543963139],[-3.455540022891076,47.64577485435807],[-3.455644047320409,47.645751032164526],[-3.455559824188769,47.645827944584795],[-3.455738925668518,47.645872214062756],[-3.455750890944902,47.64597089370986],[-3.455925641924199,47.645979279391845],[-3.455980051365057,47.64587692428974],[-3.456082766682554,47.645952516429304],[-3.456128252057448,47.645886779862984],[-3.456167855945801,47.64599296010602],[-3.456227704100669,47.645935459254744],[-3.456261869014265,47.64599678510284],[-3.456416817922838,47.645952079947286],[-3.456324759807461,47.646074582409305],[-3.456396574387731,47.64611576105366],[-3.456560447006561,47.64603443708308],[-3.456530853664947,47.645900609205626],[-3.456697989150022,47.64584619764331],[-3.456755220849105,47.64598752597987],[-3.456941071154569,47.645977233221586],[-3.456944115462484,47.64611253140854],[-3.457190901405568,47.64605370787268],[-3.457232252458649,47.64584370182683],[-3.457358474129038,47.64578252416939],[-3.457702098984877,47.6459712073737],[-3.457505149933753,47.646000178335235],[-3.457579141451212,47.64605929797441],[-3.457804816923348,47.64604679799576],[-3.457780660926362,47.64595782472443],[-3.458096650160688,47.646139006496725],[-3.458203067498595,47.64602473814649],[-3.458351269012042,47.646034590899454],[-3.458347571021166,47.64622444952203],[-3.458479016957792,47.64631651050538],[-3.458553226283575,47.64626724393961],[-3.458491420233909,47.646198418690574],[-3.458686408996633,47.64604311878122],[-3.458704909289249,47.6461956232076],[-3.458857464495828,47.64624135870975],[-3.458846581692152,47.64615165024181],[-3.458942771821741,47.64617341477528],[-3.458799138687083,47.646091060573845],[-3.459031559174513,47.6460239977195],[-3.459141897387778,47.64616238308184],[-3.459293364519067,47.6461991471716],[-3.459213929208167,47.646095174403435],[-3.459339060842438,47.646025023770356],[-3.459448311475364,47.646154438000835],[-3.459606523388337,47.64613664114392],[-3.459604132422021,47.646227085052566],[-3.459721430955612,47.64620252372394],[-3.459663549067343,47.64638635361436],[-3.460037214952242,47.64649208579937],[-3.460082056358758,47.6467515044109],[-3.460338425995172,47.64688179729481],[-3.460436582704517,47.64702988779431],[-3.460357356557652,47.64681753029759],[-3.460595009029535,47.64690370406109],[-3.460607859989921,47.64711973952462],[-3.46076063127972,47.64705708698232],[-3.460621347335572,47.64701061835982],[-3.460629391658267,47.64685664305217],[-3.460752134167744,47.64687693483261],[-3.460726460516883,47.646995762483606],[-3.460840705978811,47.64683590201352],[-3.461028735769117,47.64684354440879],[-3.460904270042036,47.64713943873115],[-3.461079903170567,47.6472651730554],[-3.46114561294853,47.64703575275604],[-3.461375436039813,47.64716751471202],[-3.461428116145314,47.64738134291635],[-3.461702542372231,47.647330009271364],[-3.461585032135722,47.647462958096895],[-3.461781564895705,47.64765075131164],[-3.46181942304436,47.647522216895915],[-3.461919972151752,47.64757986221395],[-3.461952637047701,47.64784898654285],[-3.461936513982331,47.64760603887523],[-3.462205078761508,47.647726621019665],[-3.462308015127733,47.64769382210927],[-3.462304331100623,47.64788368069262],[-3.462397676004463,47.64766175893523],[-3.462590945528681,47.64782263835085],[-3.462659965523512,47.648171027971244],[-3.462828190857683,47.64812557850733],[-3.462858216334962,47.648042633668396],[-3.463005335295885,47.64804350970731],[-3.462989467246157,47.648243074971205],[-3.463106768653127,47.64821851027007],[-3.463302220478096,47.64839733005633],[-3.463375339159612,47.648339089686345],[-3.463513539861138,47.648376584200754],[-3.463550305240511,47.64823907847914],[-3.463731805507901,47.64819289175766],[-3.463929232311802,47.64849803754769]],[[-3.456769375523224,47.6455532483674],[-3.456669923698205,47.645504569426954],[-3.456744133565079,47.64545530398927],[-3.456769375523224,47.6455532483674]],[[-3.454983367221418,47.6453721826114],[-3.454887180151208,47.64535041480949],[-3.454913953612236,47.64524055922789],[-3.454983367221418,47.6453721826114]],[[-3.452296395006905,47.64547576433136],[-3.45218607596677,47.645337372455934],[-3.451956053764234,47.64531397792735],[-3.452048350094992,47.64508309322591],[-3.452319283101492,47.64511325444696],[-3.452237001364723,47.645316491948556],[-3.452296395006905,47.64547576433136]],[[-3.454067623945197,47.64531450738922],[-3.453979275028546,47.645247149479275],[-3.454027162769596,47.64509096986414],[-3.454124436484794,47.645121709272814],[-3.454067623945197,47.64531450738922]],[[-3.453136433155567,47.645239617956285],[-3.453033723384206,47.64516402319872],[-3.453142324213471,47.645067701212184],[-3.453136433155567,47.645239617956285]],[[-3.452154548996926,47.64507721596112],[-3.451999828654778,47.64501352984811],[-3.452233569256569,47.64484706574836],[-3.45227968752409,47.64500707285098],[-3.452154548996926,47.64507721596112]],[[-3.45007481915924,47.64467752423969],[-3.449987563095161,47.644619134225174],[-3.450006738963406,47.644446483164856],[-3.45007481915924,47.64467752423969]],[[-3.450703778104557,47.644353731180765],[-3.450716198131173,47.644235640071145],[-3.450802367477145,47.64428505862254],[-3.450703778104557,47.644353731180765]]]},"properties":{}},{"type":"Feature","geometry":{"type":"Polygon","coordinates":[[[-3.446248768250284,47.64519619188806],[-3.446855311659208,47.6450181571288],[-3.44868422376988,47.64478154370925],[-3.44868649193771,47.64424858635173],[-3.448437155984803,47.643955322073495],[-3.44815753956257,47.64385338417635],[-3.447526028097801,47.6438250936621],[-3.448056774745596,47.6439041126025],[-3.448256743350423,47.64401045609551],[-3.448468190636528,47.64443225106636],[-3.448443103668104,47.64477681842402],[-3.448147797795176,47.644766058536874],[-3.44824506753097,47.64479680284519],[-3.446838778029305,47.644991978297774],[-3.446248768250284,47.64519619188806]]]},"properties":{}},{"type":"Feature","geometry":{"type":"Polygon","coordinates":[[[-3.445410773062251,47.644014304414156],[-3.445135992889604,47.64373147183357],[-3.445362147574096,47.64350222446102],[-3.445655516352574,47.64338666371548],[-3.446042649712115,47.64338332117339],[-3.446551790170135,47.64372544121325],[-3.446837073992654,47.64376385211088],[-3.446290279972722,47.64344187727575],[-3.44628050497569,47.64336113848479],[-3.445786331792394,47.643252996689235],[-3.445281900714621,47.643280885370785],[-3.444829834742866,47.64363099369272],[-3.445410773062251,47.644014304414156]]]},"properties":{}},{"type":"Feature","geometry":{"type":"Polygon","coordinates":[[[-3.448115780350067,47.64372925918424],[-3.448214371899362,47.64366058878743],[-3.448165007698939,47.64347366709173],[-3.447618685613506,47.64293492693807],[-3.446371254324656,47.64333805851337],[-3.446369927177126,47.64343747325752],[-3.446848176174703,47.643745176109846],[-3.446932408574775,47.643668269885964],[-3.446743305801713,47.64365163382365],[-3.446990331371483,47.64348444604427],[-3.446985746676955,47.64355694787951],[-3.447279959343076,47.64355873974357],[-3.447143476136058,47.64375593928729],[-3.447390261982368,47.64369713637887],[-3.448115780350067,47.64372925918424]],[[-3.447380724246345,47.64350801197821],[-3.447196445656062,47.64331048907108],[-3.447265229853964,47.64321637475218],[-3.447366841414309,47.643283003689504],[-3.447254974972532,47.64335240749356],[-3.447395562965189,47.64329947737868],[-3.447456265038784,47.643359337633925],[-3.447448422067293,47.643404926594556],[-3.447362257248633,47.64335550554711],[-3.447380724246345,47.64350801197821]]]},"properties":{}},{"type":"Feature","geometry":{"type":"Polygon","coordinates":[[[-3.423925640057443,47.64503756483708],[-3.424200662398482,47.64476954803798],[-3.424222372618781,47.64450645798005],[-3.424433406176014,47.644594168363376],[-3.424519837166029,47.64453522068248],[-3.42452957945298,47.644615961241534],[-3.424705688615718,47.64452497918861],[-3.424978768422334,47.644573146154734],[-3.424999107740607,47.64440947037285],[-3.424820321484462,47.644256768127626],[-3.424884816249776,47.64412678234393],[-3.424804083732033,47.64412220054208],[-3.424747223604463,47.64387247078915],[-3.424845275996321,47.64402059140315],[-3.425055226099889,47.64409932951311],[-3.425230534041399,47.64389098983285],[-3.425178002433292,47.64367714494329],[-3.425075849280334,47.64382726803306],[-3.425072885903141,47.64369196886587],[-3.424937971941496,47.64368134232212],[-3.424858607324468,47.64357734607217],[-3.424650539377162,47.64362493560261],[-3.424452784154788,47.64353649405047],[-3.42439182202234,47.643585007515085],[-3.424414327632985,47.643439274110435],[-3.424145869856028,47.643318604854684],[-3.423940762763123,47.6435014923412],[-3.423832399219941,47.643489401598174],[-3.423669279733856,47.64368803661118],[-3.423727790980399,47.643729966808934],[-3.423616975169606,47.643808319146586],[-3.423698502358326,47.64393025859527],[-3.423777069815467,47.64391689879512],[-3.423661350109963,47.64417613769698],[-3.423578453004509,47.64415361268207],[-3.423510708124793,47.644256684190715],[-3.423567850218249,47.644398028886805],[-3.423713876131415,47.64438998321283],[-3.423670516765597,47.644473649570244],[-3.423756948403149,47.644414702449964],[-3.423641514714924,47.64456555566537],[-3.42377397902868,47.64466662694088],[-3.423717852626107,47.64497676709363],[-3.423766337160671,47.64504634221267],[-3.423780981678175,47.64494619637269],[-3.423925640057443,47.64503756483708]],[[-3.424302023230346,47.64450206900731],[-3.424231318019273,47.644469841783014],[-3.424312336844742,47.644366038367544],[-3.424302023230346,47.64450206900731]],[[-3.423928219584989,47.644062094401164],[-3.423832334355401,47.643931915386204],[-3.423950726662944,47.643916361121995],[-3.423928219584989,47.644062094401164]]]},"properties":{}},{"type":"Feature","geometry":{"type":"Polygon","coordinates":[[[-3.503945947406563,47.63920985959193],[-3.504004640738418,47.63914336361931],[-3.503886654988882,47.638833840857416],[-3.504069060246054,47.63890494778837],[-3.503974932249111,47.63900954730251],[-3.504169638739644,47.638962557001136],[-3.50424805524008,47.639057529120535],[-3.50424489140954,47.63892223169404],[-3.504468088111039,47.63910847274935],[-3.504638440911723,47.63908090379316],[-3.504562338135408,47.63889548678259],[-3.504728306838225,47.63883203587693],[-3.504526176441074,47.63859946178508],[-3.504643560169998,47.63846646918299],[-3.504437774973132,47.6385321418062],[-3.504601182850365,47.6387759083939],[-3.504501577101581,47.638835656072125],[-3.504408792127113,47.63873245426005],[-3.504350099750742,47.63879895044987],[-3.504503645771055,47.63896198304391],[-3.504442761665184,47.63901053836518],[-3.504140053614011,47.63872035464366],[-3.503948759173875,47.638685870209564],[-3.503915515717447,47.63874191461836],[-3.50371983866703,47.638671547967185],[-3.503643490297103,47.63870290247823],[-3.503793746826855,47.63883902462603],[-3.503733957890976,47.638896550041835],[-3.503537184871705,47.63881721262868],[-3.503475204420035,47.638856796985955],[-3.503356971841721,47.63876404579524],[-3.503357942186573,47.63888140232703],[-3.50308835922051,47.63864355768636],[-3.503009693448589,47.638765356919166],[-3.502871616157225,47.63861952285929],[-3.502444957568466,47.6384085026818],[-3.502354240874797,47.638431626258125],[-3.502382722291649,47.63866485862892],[-3.502378467772925,47.63852059064861],[-3.502471375518046,47.6385154080046],[-3.502896939534339,47.638717457603896],[-3.503195258459645,47.63897176268281],[-3.502790632480896,47.638831767074194],[-3.502937600567967,47.63894097890407],[-3.503232759663743,47.639059986405435],[-3.503388744677666,47.63902418927368],[-3.503456078476054,47.639137843335114],[-3.503498337742641,47.638936790661],[-3.503591246103561,47.638931607127574],[-3.503685125513718,47.63904378003943],[-3.503594408277537,47.63906690457108],[-3.503763541271266,47.63913875248003],[-3.503838794496464,47.63909842743818],[-3.503945947406563,47.63920985959193]]]},"properties":{}},{"type":"Feature","geometry":{"type":"Polygon","coordinates":[[[-3.49986832740591,47.63908506784515],[-3.499865174677192,47.6389497703022],[-3.500137330399976,47.63888040517784],[-3.500324505514209,47.63866224174352],[-3.500435066768009,47.63869220255635],[-3.500478301070238,47.63860850750088],[-3.500648654335857,47.638580944355056],[-3.500654391604689,47.63840902465179],[-3.500773713869568,47.63851074908546],[-3.500877703931458,47.638486886536136],[-3.500682162520103,47.63830812869831],[-3.500467480997028,47.638410416482365],[-3.500418640053195,47.63855764515168],[-3.500015119538963,47.63842661039526],[-3.499993218791694,47.63824720041629],[-3.500255251948775,47.63831387268676],[-3.500276453085746,47.63815915384076],[-3.500450221514447,47.63805011636615],[-3.500233745265863,47.637809304409544],[-3.500322271661378,47.63776824147516],[-3.500271503819798,47.637680756893445],[-3.500520393198926,47.63763978259484],[-3.500415440773475,47.63754628820638],[-3.500498491075979,47.63746037263741],[-3.500109477826809,47.6372291823212],[-3.500229628240144,47.63755665015581],[-3.500135626902868,47.63755286051833],[-3.500059146065966,47.63769259883475],[-3.500242637388419,47.6377726822828],[-3.499841313232833,47.63765958787252],[-3.500133041382394,47.637860077894196],[-3.500068869438928,47.63788171946435],[-3.500201198493372,47.63819947660765],[-3.500045213751986,47.63823526949894],[-3.499942451033899,47.6381597157133],[-3.499822071583699,47.63892507906215],[-3.499679489886609,47.638851745311115],[-3.49986832740591,47.63908506784515]],[[-3.500207242255696,47.63868684392476],[-3.500113238929308,47.63868305427149],[-3.500115560905512,47.63859260919114],[-3.500207242255696,47.63868684392476]]]},"properties":{}},{"type":"Feature","geometry":{"type":"Polygon","coordinates":[[[-3.5007683175667,47.63748145113391],[-3.500742998682177,47.637383515865196],[-3.500399277001836,47.63719495842165],[-3.500307860786186,47.636883951433795],[-3.500132169424827,47.636758275408724],[-3.500302516963394,47.63673071274117],[-3.500228491063591,47.636671619877895],[-3.50044851026087,47.6367225711398],[-3.500279652410215,47.636433945959375],[-3.499809920656528,47.6361982247979],[-3.499615353272258,47.6361368216906],[-3.499555562859951,47.63619434504861],[-3.499392052620243,47.63605895729859],[-3.499121139023057,47.636028905090065],[-3.498648131679314,47.63576626765048],[-3.498414846249516,47.635716052896704],[-3.498382693544079,47.63578106634303],[-3.498047747740662,47.635664266038134],[-3.497567086938075,47.635338830454245],[-3.497857426384138,47.63574712834208],[-3.497783541134138,47.63557964766003],[-3.498757322015128,47.63600403202392],[-3.498675635479204,47.635882144500926],[-3.498969539168581,47.636100578656155],[-3.499781054231975,47.63629015014385],[-3.499826212678803,47.63644116865221],[-3.500102471972781,47.63662445794191],[-3.500067998805814,47.63677991699076],[-3.500259152353081,47.63692279398601],[-3.500231118136727,47.637240462227595],[-3.500508478062121,47.63743272098236],[-3.5007683175667,47.63748145113391]],[[-3.500599193857558,47.63740959882725],[-3.500283112063024,47.63722853119816],[-3.500445664231004,47.63724656097078],[-3.500599193857558,47.63740959882725]]]},"properties":{}},{"type":"Feature","geometry":{"type":"Polygon","coordinates":[[[-3.497638371394213,47.63581352894029],[-3.497498865135928,47.635730910629675],[-3.497279485062845,47.635390988437734],[-3.497334486452184,47.635622742814625],[-3.497422326866425,47.63568558300179],[-3.497206283374477,47.63555763665528],[-3.497278252940409,47.63549040414943],[-3.497036076077209,47.6354768085806],[-3.496533396242939,47.63508034414305],[-3.496532440973365,47.63496298732389],[-3.496211870389612,47.63485441254303],[-3.496115825435372,47.6347242922789],[-3.496019640791876,47.63470255821964],[-3.495797164421826,47.63485043002681],[-3.495776514223783,47.63457160318707],[-3.495453900448505,47.63433669888434],[-3.494675537903421,47.6341994415634],[-3.494769675641557,47.6340948492816],[-3.494657081912882,47.63393855557059],[-3.494195342435841,47.63354883282989],[-3.494043887178492,47.63351211374498],[-3.49378108086506,47.633219684070056],[-3.493429608418025,47.63307669802176],[-3.493330292030404,47.632919663591004],[-3.49324738303804,47.63289718788153],[-3.493305791428509,47.633047469837],[-3.493167755444413,47.632901623877906],[-3.492711210532282,47.63277352081232],[-3.492350994817199,47.63255876673405],[-3.492215002041558,47.63253924721784],[-3.492280116619839,47.63263496690409],[-3.492141936478806,47.632597506107764],[-3.491966278455665,47.63247181752427],[-3.491825763205486,47.63252480155702],[-3.491884018634983,47.63278347064723],[-3.4917602031721,47.63275424081989],[-3.491759258439257,47.63263688382074],[-3.491651995147585,47.63263382651517],[-3.491788136703647,47.63254496028362],[-3.491709900846698,47.63234159306867],[-3.491866967498888,47.63231478180036],[-3.492059176682014,47.6324666431442],[-3.492109128697804,47.63232838810699],[-3.492300244996508,47.632471278452975],[-3.493470806826554,47.63286667775934],[-3.493996703982097,47.63323476524991],[-3.494099304747158,47.63341871082005],[-3.494576645020221,47.633717249281275],[-3.494608801118475,47.6336522368131],[-3.494812106244147,47.63378541288895],[-3.494941538583757,47.63375110596399],[-3.494965751001364,47.63384007210687],[-3.495138280147164,47.63383045806205],[-3.49499776446908,47.63388344587302],[-3.495052896516701,47.63400681518049],[-3.494911286195916,47.63405083231737],[-3.494987490788475,47.634127869760974],[-3.495165633439164,47.63405472218268],[-3.49533692753541,47.63414452360414],[-3.495453088872972,47.634110955692194],[-3.49579649199742,47.634516300600374],[-3.495797726857417,47.63441688485419],[-3.496012261094564,47.63442299174787],[-3.495883641212259,47.63468304299594],[-3.495953282412249,47.63470625645832],[-3.495994331939254,47.63460462178106],[-3.496290685517548,47.634624231349804],[-3.496740133580953,47.63513204213976],[-3.496721528443111,47.634979542876984],[-3.496897205917843,47.635105224146805],[-3.496938933532699,47.635337718494426],[-3.497064946789716,47.635384883874245],[-3.496939071825046,47.63522933223636],[-3.49717016474227,47.635261608870216],[-3.497593219669166,47.63566250953718],[-3.497729222369723,47.635682022760804],[-3.497776700311881,47.63574259694241],[-3.497681607750195,47.63572983479493],[-3.497638371394213,47.63581352894029]]]},"properties":{}},{"type":"Feature","geometry":{"type":"Polygon","coordinates":[[[-3.48328426420857,47.63392143293211],[-3.483643259971807,47.633467955525944],[-3.483594707915796,47.63339840485469],[-3.483747743090924,47.633118949102936],[-3.483816284761039,47.633133199143764],[-3.48379209124884,47.63304423065839],[-3.48397805586643,47.63292550845796],[-3.483936221904545,47.63280139557738],[-3.484145615526745,47.632545898115175],[-3.484197444315184,47.63264236060847],[-3.484469751839417,47.63246464535946],[-3.484613387905803,47.63254696858362],[-3.485134245463603,47.632545083528285],[-3.485156580560717,47.63239933763266],[-3.485434184320337,47.63237485985331],[-3.485588746572051,47.63254688850605],[-3.485648547950051,47.63248937218849],[-3.485802179591266,47.63254404349477],[-3.485792507741815,47.632354921158395],[-3.485920849862132,47.63231165354287],[-3.486221397347875,47.63247555771714],[-3.486235921227334,47.63237540342784],[-3.48641500299578,47.632419626191535],[-3.486732101949773,47.6326097024389],[-3.486507901669232,47.632414456225945],[-3.486554430685535,47.632357678011786],[-3.486678242377355,47.632386913362645],[-3.486716029741988,47.63225836986874],[-3.486802213074302,47.63230776217291],[-3.4867305526342,47.63215821550672],[-3.486625475916751,47.632173094888785],[-3.486473096672548,47.63201900888461],[-3.486543504161791,47.63226797148273],[-3.486240771663208,47.63208612680606],[-3.486222970086584,47.632159369141135],[-3.486043889350454,47.6321151460771],[-3.486038266118058,47.63217867920494],[-3.485842475885292,47.632216668793305],[-3.485671203951473,47.632126853361356],[-3.485555971863875,47.63227776865872],[-3.485286339639527,47.632148268555795],[-3.485101635370573,47.632167577138745],[-3.485058219764197,47.632359653191145],[-3.484914583515804,47.63227733050599],[-3.484706613226128,47.632325027246985],[-3.484651506830396,47.63220165295053],[-3.484846042651545,47.63226308110328],[-3.485024517932778,47.63197317607553],[-3.484831075318282,47.63192071888162],[-3.484703825589709,47.631972955980345],[-3.484788751291498,47.63212176552825],[-3.484638398882518,47.63209400489283],[-3.484638235619661,47.632202391310756],[-3.484554239087739,47.63217093875194],[-3.484032891683521,47.63249798044134],[-3.483802415989588,47.632799807620486],[-3.48366314919616,47.63275336612176],[-3.483508261434956,47.632798107711686],[-3.483621481430666,47.632520866724775],[-3.4834776813438,47.63254692867689],[-3.483361447002348,47.63334815998044],[-3.483149862263925,47.633585714573584],[-3.483223864973129,47.63364481835153],[-3.48314205121744,47.633631306156566],[-3.48301135292849,47.633765015658284],[-3.48328426420857,47.63392143293211]]]},"properties":{}},{"type":"Feature","geometry":{"type":"Polygon","coordinates":[[[-3.491661687809707,47.63282294833865],[-3.491551591317517,47.6324678199319],[-3.491461973484059,47.63249990572673],[-3.491363757420971,47.632351840184086],[-3.491256494724789,47.63234878251493],[-3.491394823143745,47.632277857946754],[-3.491276775915196,47.6320767077882],[-3.491008224221549,47.63195619148952],[-3.491152662356191,47.632264250159054],[-3.490866314775102,47.63221697662709],[-3.490856173132938,47.63235301395017],[-3.490783257127213,47.632302885581296],[-3.490776546152448,47.632357448317876],[-3.490352323680496,47.63205593809694],[-3.490338900898294,47.63216506353257],[-3.490288154750048,47.632077574359606],[-3.490038190220127,47.632109556356134],[-3.489937639894445,47.632051934774395],[-3.489931080601678,47.63199811103902],[-3.490081435492948,47.632025864863635],[-3.490028503440049,47.6319204343283],[-3.489784158246906,47.63188888245661],[-3.489819293174846,47.6320675559909],[-3.489729674972111,47.63209964046342],[-3.489704378895146,47.63200170253066],[-3.489599303314906,47.632016584588875],[-3.489389612821394,47.63172118910389],[-3.489227081217046,47.63170314389674],[-3.489205065503076,47.63163211772895],[-3.489134184045059,47.63170831602664],[-3.489255655567141,47.63182799383771],[-3.489194765728891,47.63187654139125],[-3.489011311254053,47.63179644034795],[-3.489064241174742,47.63190187135093],[-3.488928560374934,47.63166557511242],[-3.488848934259869,47.63167000816775],[-3.488828640848263,47.63194208253],[-3.489015374732402,47.632049095747576],[-3.4886882789164,47.631886676368026],[-3.488587575225627,47.631937440055864],[-3.488524654069915,47.631859659550145],[-3.48838850882843,47.631948522009765],[-3.488473289289047,47.632205715303584],[-3.488618334195354,47.63208023140747],[-3.488783990968804,47.63223357577872],[-3.488943399398869,47.632116323282354],[-3.489362302425733,47.6322645990647],[-3.489079544144543,47.632027460183735],[-3.489269558148334,47.632161384880185],[-3.489406795593696,47.632081492030785],[-3.489521709678024,47.63214734578105],[-3.489459726578261,47.63218692283904],[-3.489750598389465,47.63216169589156],[-3.489848962309821,47.632201376386064],[-3.489833352053248,47.63229256051121],[-3.490052402301538,47.63222617442737],[-3.49018933476056,47.632363053499866],[-3.490296597424278,47.63236611214888],[-3.490339842499784,47.632282420571805],[-3.490504562878157,47.63231840545714],[-3.49051018080892,47.63225487211903],[-3.490954387790097,47.63250107991951],[-3.490919248777008,47.63232240676663],[-3.49100886663869,47.63229032138521],[-3.491221055009551,47.63238688227779],[-3.491167820339617,47.63249822510484],[-3.491552535590756,47.63258517694298],[-3.491532404878053,47.63274886525563],[-3.491661687809707,47.63282294833865]]]},"properties":{}},{"type":"Feature","geometry":{"type":"Polygon","coordinates":[[[-3.483752010081217,47.63249554285472],[-3.483633991174883,47.63229438499644],[-3.483383095335129,47.63220899565852],[-3.483641966891939,47.632140406935136],[-3.483895047232521,47.632243737076266],[-3.48422513569112,47.63188217911],[-3.484152390805197,47.631723660152105],[-3.484495745308249,47.63136136301869],[-3.484768974639508,47.631301004100074],[-3.485058589051955,47.631375204614145],[-3.48541362857692,47.631328355057],[-3.485497785804458,47.631251420545276],[-3.485440493804759,47.63111010521603],[-3.485582104132785,47.631066099493076],[-3.485508263880383,47.630898610644245],[-3.485415367748381,47.63090377981892],[-3.485431754284856,47.63103833986362],[-3.485297952745167,47.63103675361832],[-3.485305599666157,47.63109954831069],[-3.4851796069188,47.63105237014255],[-3.485190530901447,47.63114207685547],[-3.485130892799105,47.631091206503825],[-3.485041110975806,47.63123167386851],[-3.484563682857691,47.63104148254569],[-3.484514641278325,47.63129709159328],[-3.484265933209842,47.63122964546146],[-3.484182866475192,47.631315549766285],[-3.484132131225255,47.63122805788096],[-3.48408887727059,47.631311747205295],[-3.483989427071233,47.63126309116082],[-3.484023285469695,47.631541182268776],[-3.483928203683108,47.63152840889883],[-3.483919136685768,47.631673416347915],[-3.483737875157101,47.63161124837625],[-3.483771897487264,47.631780953072884],[-3.483726623295343,47.631738314440554],[-3.483597023253362,47.63188099540966],[-3.483316144917805,47.631878556774225],[-3.483193262129393,47.631966674967806],[-3.482999821338286,47.631914214741265],[-3.482604962260673,47.63196327134031],[-3.482493165375428,47.63203270928246],[-3.482643181867854,47.63227724550771],[-3.48295732374259,47.6322236471394],[-3.483752010081217,47.63249554285472]],[[-3.48386648519903,47.63211888585116],[-3.48380903164091,47.63208595620849],[-3.483886474394616,47.632063585231705],[-3.48386648519903,47.63211888585116]],[[-3.483438530206123,47.63211559772885],[-3.483412153546217,47.632008687751274],[-3.483587028544989,47.63190864569785],[-3.483709745402257,47.63192891351935],[-3.48373393827165,47.63201788207304],[-3.483438530206123,47.63211559772885]],[[-3.485024400413488,47.63131388672491],[-3.484936035611435,47.63124655173805],[-3.485057659078374,47.6312578474776],[-3.485024400413488,47.63131388672491]]]},"properties":{}},{"type":"Feature","geometry":{"type":"Polygon","coordinates":[[[-3.486118082712406,47.631298185862676],[-3.48582065883213,47.631269579790114],[-3.485582104132785,47.631066099493076],[-3.485720302898476,47.63107525719148],[-3.485677346641305,47.630970485037615],[-3.486051276895895,47.630859361901614],[-3.486041764877587,47.63056185291568],[-3.486153393884324,47.63060079803443],[-3.486194458913805,47.63049916658582],[-3.486287194356588,47.63060238330026],[-3.486372441766495,47.630534418793175],[-3.486221480573964,47.6301725299442],[-3.48588473304228,47.629820980008105],[-3.485859445100042,47.62972304112763],[-3.486023062047753,47.62975006170848],[-3.486034308023648,47.62962299529261],[-3.486181216467807,47.62973222871892],[-3.486048510695313,47.62973961400052],[-3.486127973932605,47.62984356940165],[-3.485999637914557,47.62988683729987],[-3.486368550657386,47.63017337657632],[-3.486281118689235,47.630223399763175],[-3.486472371381887,47.63025791327567],[-3.486540750711419,47.63038054826142],[-3.48646221891339,47.6303939503547],[-3.486574940494014,47.63044186573639],[-3.486739175678842,47.63080301548032],[-3.486638472178917,47.63085377751629],[-3.48665923235864,47.631024220024656],[-3.486389444086833,47.63100310887189],[-3.48615557898675,47.6306187393634],[-3.486126371590694,47.630927434588095],[-3.486004748650482,47.63091613995931],[-3.486257667789103,47.63112785152717],[-3.486118082712406,47.631298185862676]],[[-3.486447057657884,47.63092765077814],[-3.486497022769831,47.630789398031155],[-3.486332469630445,47.63064502096517],[-3.486264863098598,47.6307481295473],[-3.486447057657884,47.63092765077814]]]},"properties":{}},{"type":"Feature","geometry":{"type":"Polygon","coordinates":[[[-3.486448493907912,47.629952172133784],[-3.486451931244578,47.62987069758303],[-3.486299399191693,47.62982499772258],[-3.486455368570752,47.629789223028745],[-3.486461150609,47.62961730324345],[-3.486625860147855,47.629653293647486],[-3.486536403480218,47.629576989148646],[-3.486608378421175,47.629509763008805],[-3.486418380533707,47.629375833800445],[-3.486600889464776,47.629338581775414],[-3.486514711112786,47.629289189247],[-3.486560144806369,47.62922344027145],[-3.486759042472591,47.629320747999756],[-3.486755148837034,47.62895970556972],[-3.486598726579917,47.6285529635728],[-3.486453846076278,47.62857005857211],[-3.486519264347123,47.628449008422734],[-3.486056218548373,47.628267055023336],[-3.486179540114362,47.62862145084325],[-3.486307713082078,47.62868656933606],[-3.486502397465863,47.62863960822842],[-3.486665693146968,47.628883401142645],[-3.486493952069342,47.62911874656036],[-3.486185935099594,47.62878366149436],[-3.486086327386692,47.62884339377958],[-3.485994687874357,47.628749147486644],[-3.486320344048202,47.62911937719214],[-3.486341102537536,47.62928981990959],[-3.486231661208237,47.629268816283926],[-3.486364979100089,47.62959556117793],[-3.48614844050075,47.62946310864675],[-3.486298466517029,47.62970764050203],[-3.486192141863604,47.629821935399306],[-3.486448493907912,47.629952172133784]],[[-3.486382006487904,47.62929657490916],[-3.486357810438194,47.629207606778955],[-3.486443988513285,47.6292569994252],[-3.486382006487904,47.62929657490916]],[[-3.486292257698161,47.62866936654153],[-3.486257136813077,47.62849069163324],[-3.486375316920075,47.62858346061948],[-3.486292257698161,47.62866936654153]]]},"properties":{}},{"type":"Feature","geometry":{"type":"MultiPolygon","coordinates":[[[[-3.485274974186759,47.628653726437015],[-3.485085749647125,47.62862757507531],[-3.485220962619283,47.62853932285774],[-3.485080775733295,47.628375525637125],[-3.48519895354085,47.628468295819054],[-3.485287476008993,47.628427244079624],[-3.485256404062569,47.6285012248396],[-3.485339464689915,47.62841531964668],[-3.485424548158933,47.628455742383146],[-3.485385667995599,47.62857531503049],[-3.485238602330818,47.628574467160206],[-3.485274974186759,47.628653726437015]]],[[[-3.485084311198846,47.628627376276455],[-3.48494884024288,47.628608653604616],[-3.484978820366952,47.62852570224544],[-3.484891389795273,47.628575724434604],[-3.484626310159859,47.628373718679214],[-3.484623635820139,47.62868093716373],[-3.484418027424105,47.628638188243166],[-3.48444691616747,47.62854626633151],[-3.484331852222785,47.628588794086504],[-3.48417604911892,47.628516179349674],[-3.484259111508209,47.62843027492565],[-3.48439509090538,47.62844980374498],[-3.48418762756462,47.62817233976359],[-3.484198877577297,47.62804527342109],[-3.48404979354703,47.627918096013566],[-3.484053997683127,47.62806236544828],[-3.483926755976103,47.62781785394362],[-3.483982350641857,47.6279128167687],[-3.484086327561513,47.62788896903503],[-3.484202318224852,47.627963798856456],[-3.484443639503105,47.62851935426127],[-3.484557610969852,47.62846785570536],[-3.484512502467326,47.62831683067564],[-3.484634119169251,47.628328126873235],[-3.484638651418804,47.62825562299724],[-3.484905915109118,47.62847557010909],[-3.48495244239598,47.628418792417605],[-3.485084311198846,47.628627376276455]]],[[[-3.483848814767959,47.62768471973454],[-3.483614723722145,47.62752685365251],[-3.483838563145022,47.62793887922703],[-3.483853687840191,47.62817285564313],[-3.483610455525683,47.62815026149432],[-3.48352007915192,47.627956597278526],[-3.483235945450793,47.627927246340846],[-3.483230319317478,47.62799077947077],[-3.483209405115225,47.62792872274141],[-3.483188324767619,47.627975052658634],[-3.48300816861606,47.62792185414072],[-3.483016737824528,47.62810200643477],[-3.482941484374588,47.62814231829271],[-3.482880759817646,47.628082476007364],[-3.482868414709559,47.62820057151413],[-3.482970967448402,47.628384527334354],[-3.482881351313157,47.62841660661392],[-3.482763177648002,47.62832383408479],[-3.482741595449122,47.62869532376451],[-3.482531788425241,47.628508302086054],[-3.482509447789432,47.62865404777244],[-3.482449815022046,47.62860317598675],[-3.482404376793549,47.628668923384524],[-3.482446203954893,47.62879303707842],[-3.482313667973667,47.62869203151544],[-3.482209688697762,47.62871587766127],[-3.482171137668237,47.6286186760108],[-3.482214056098659,47.62875176050139],[-3.482043724687849,47.62877929690675],[-3.481913373100181,47.62869623231244],[-3.481758495644967,47.62874097167608],[-3.481598328614655,47.62863247064807],[-3.481509802969045,47.628673519587316],[-3.481535082433259,47.62877145946229],[-3.481302013705104,47.628612823747545],[-3.481326031080368,47.6288101795551],[-3.481155869349037,47.62872932806351],[-3.481195510290982,47.6288355007626],[-3.481024086434279,47.62885406496096],[-3.480639009135301,47.628324561102424],[-3.480774066435666,47.62822673678304],[-3.480685883382064,47.62805101183544],[-3.48049464233851,47.62801648880978],[-3.480398648003126,47.62788635516693],[-3.480185233319935,47.62788919031244],[-3.480115435438976,47.6279743540169],[-3.480030356757934,47.627933927403326],[-3.480255030978176,47.627804026562565],[-3.480271919902611,47.62761342757749],[-3.48040025509728,47.627570165921455],[-3.480436275522032,47.62786620006058],[-3.480532784672373,47.62767117371386],[-3.48077584240897,47.627802160935424],[-3.480835301714375,47.6279614202464],[-3.480758955224163,47.62799275997483],[-3.48093003484744,47.628190969437355],[-3.480873508046999,47.6282753956411],[-3.480982945230912,47.6282964042976],[-3.480934059800299,47.62844362558684],[-3.481124961887152,47.62869492110977],[-3.481226758240049,47.62865313449015],[-3.481136389663269,47.62845946848034],[-3.481363076900895,47.628455893609775],[-3.481333431122101,47.628322070801474],[-3.48144269884272,47.628451465649775],[-3.481517953860378,47.62841115476385],[-3.481808470853607,47.62860272077884],[-3.481912450088323,47.628578874988754],[-3.481538113646885,47.628247467811796],[-3.481763539104213,47.62834330807442],[-3.481809146840573,47.62816917428144],[-3.481958394926298,47.628187967899656],[-3.482081857545495,47.628433981440836],[-3.482270749342914,47.62855894705735],[-3.482245636739517,47.62835262070705],[-3.482422517948226,47.628378908260345],[-3.4824603127239,47.62825036587734],[-3.482615945360196,47.628431369538596],[-3.482693383311761,47.628408999310565],[-3.482661717655531,47.628148848784924],[-3.482798787688643,47.6281773501738],[-3.482740414208961,47.62802706258847],[-3.482839857240753,47.62807571977753],[-3.482865472563237,47.62795688610725],[-3.482974909878098,47.62797789290094],[-3.482996323580144,47.627714789707326],[-3.483112145988541,47.62789800727434],[-3.483221749406038,47.62781062718208],[-3.483407365561755,47.62790867888762],[-3.483432979540685,47.62778984508268],[-3.48351134273023,47.62788483166572],[-3.483573325244624,47.62784525767621],[-3.483602976374077,47.627979079948865],[-3.483774396523826,47.62796051195748],[-3.483500918913256,47.62746996463851],[-3.483561808903221,47.62742141994261],[-3.483689975795984,47.62748654134806],[-3.483695601329061,47.6274230081795],[-3.483848814767959,47.62768471973454]],[[-3.480909531572286,47.62857142952668],[-3.480921881100004,47.628453334249556],[-3.480847717188788,47.628502615474446],[-3.480909531572286,47.62857142952668]],[[-3.482086056403347,47.628578250907985],[-3.481859706482544,47.62836505394232],[-3.481961164256813,47.628540039919315],[-3.482086056403347,47.628578250907985]]]]},"properties":{}},{"type":"Feature","geometry":{"type":"Polygon","coordinates":[[[-3.476595168408362,47.62770040096156],[-3.47669696641054,47.627658618268214],[-3.476600070665055,47.62741112404447],[-3.476633335742184,47.62735508708318],[-3.476746042082016,47.6274030120242],[-3.476803844554939,47.627219171868084],[-3.47671894891339,47.62707035613957],[-3.476826200168447,47.62707342716554],[-3.476828561096452,47.626982982009224],[-3.476899274884197,47.62701517769017],[-3.476848555659879,47.62692768244777],[-3.477237193469208,47.626608047166464],[-3.477777278088781,47.626984442097665],[-3.478093960924406,47.62739131568484],[-3.478253202161196,47.627382464162444],[-3.47837390019967,47.6272764094521],[-3.478587136994316,47.62738196429379],[-3.478724378138998,47.62730208379795],[-3.478723462162368,47.627184726364824],[-3.478825082463981,47.62725132849189],[-3.478787805024782,47.6270547097092],[-3.47862856485439,47.62706356196191],[-3.478625115757552,47.627145036399966],[-3.478493682289347,47.62705299716833],[-3.478203571515848,47.62730394027863],[-3.478109942808572,47.62708335952772],[-3.478198821076409,47.62682553973129],[-3.478056124798285,47.62686056584229],[-3.47771544234486,47.62625633525692],[-3.477641278525886,47.626305614501696],[-3.47773071699562,47.62638192594079],[-3.477762003156066,47.626858851458834],[-3.477607305075761,47.62679519865654],[-3.477410971349713,47.6264990433135],[-3.477134485421307,47.62653247286829],[-3.476994328619591,47.62636866577428],[-3.477051414519845,47.626618372309636],[-3.476931073132882,47.62650765225753],[-3.476823823008537,47.626504581326955],[-3.476885450903258,47.62668178429458],[-3.476699850994162,47.62658372216356],[-3.476844192014999,47.6268917993734],[-3.47664532147476,47.62679447464165],[-3.476641689884636,47.62698433573033],[-3.476469179539601,47.626993922491714],[-3.476582975839146,47.62705081837049],[-3.476462274752595,47.62715687124255],[-3.476572439527198,47.627403628168786],[-3.476391021060372,47.62744983533225],[-3.476323759635703,47.627336164992315],[-3.476307036866876,47.62741837676639],[-3.476184333190413,47.627398101121194],[-3.476070717219979,47.627232818187075],[-3.475998732078709,47.627300037912285],[-3.476101439995491,47.62737561317928],[-3.475848397823194,47.627272265894526],[-3.47581840421472,47.62735521496331],[-3.475720059655895,47.62731552255602],[-3.475781866054297,47.62738433936371],[-3.475682430744483,47.62733567614878],[-3.475582813980919,47.62739539952133],[-3.475467200376388,47.62710378775845],[-3.475130177927717,47.626968979665925],[-3.475072010030706,47.62671030145071],[-3.474884049151584,47.62670268157393],[-3.474902222986155,47.627071958347095],[-3.475048011013434,47.627172235132186],[-3.475034015806315,47.62694722824209],[-3.475119997179566,47.62710501598847],[-3.475251607265971,47.62708867232982],[-3.475491195500085,47.62730114491863],[-3.475627896439959,47.62754642807025],[-3.475672251333795,47.62747171249374],[-3.475836946976345,47.627507718150156],[-3.475898024974505,47.627350790780305],[-3.476215056364986,47.62754089607134],[-3.476373207515107,47.62752307634098],[-3.4763277627216,47.62758882141138],[-3.476595168408362,47.62770040096156]],[[-3.477938700356586,47.62699353252124],[-3.477850351644872,47.62692619202463],[-3.477979955017324,47.626783517066855],[-3.478047219272404,47.62689718648542],[-3.477938700356586,47.62699353252124]]]},"properties":{}},{"type":"Feature","geometry":{"type":"MultiPolygon","coordinates":[[[[-3.473767352682943,47.6272975681829],[-3.473544126724151,47.627219654033595],[-3.473119138780174,47.62680072294106],[-3.473127674434085,47.626980876063236],[-3.472839377893016,47.626807229912245],[-3.472763028359526,47.62683856443295],[-3.472361507195739,47.626282857322046],[-3.472191710808727,47.626233657349076],[-3.472370604673384,47.62613785036852],[-3.472476387766303,47.62634872803545],[-3.472975348976431,47.62682677204167],[-3.473013352252378,47.62658984590531],[-3.473132782023354,47.626583212475914],[-3.473279469389134,47.62680084900055],[-3.473219661057153,47.6268583591542],[-3.473767352682943,47.6272975681829]]],[[[-3.472122787786895,47.62621625857839],[-3.47199994926916,47.62627584243101],[-3.472003408421732,47.6261943681524],[-3.471909240012582,47.626298942510566],[-3.471810900306621,47.62625924679041],[-3.47166512085389,47.626158965917966],[-3.471503181924815,47.625815735769734],[-3.47137683350942,47.62598531608368],[-3.471085278278703,47.62578475303988],[-3.470886040030824,47.6259041919521],[-3.470885141310599,47.625786834373606],[-3.470822061904068,47.625817430841856],[-3.470773533511972,47.625747874568326],[-3.470931681166084,47.62573006218914],[-3.470903152937647,47.625605207376786],[-3.470978029943358,47.62578167674054],[-3.471131817919523,47.6257279807756],[-3.471075659794019,47.62559562882907],[-3.470884433763572,47.625561090025826],[-3.470887894572397,47.625479615750315],[-3.471028412054749,47.62542665671233],[-3.471114569840392,47.6254760607633],[-3.471253235469421,47.62584767767246],[-3.471549721148195,47.625758963339855],[-3.471740380022668,47.626118661284046],[-3.471889807958838,47.626029081049346],[-3.471803648563134,47.62597967758428],[-3.471854737018703,47.62585040157063],[-3.472015064770364,47.62585052936576],[-3.471941294087026,47.626106795703116],[-3.471956346209893,47.625917009718975],[-3.4718587188409,47.62610305833577],[-3.471938570597199,47.6261162565776],[-3.471930518534669,47.62614422785803],[-3.472122787786895,47.62621625857839]]]]},"properties":{}},{"type":"Feature","geometry":{"type":"Polygon","coordinates":[[[-3.47039088882735,47.62578718241913],[-3.470421979795477,47.62571320551139],[-3.47048268768972,47.62577305434589],[-3.47056467801502,47.62567818870621],[-3.470611026392394,47.62572980340461],[-3.470723208525508,47.62544360307828],[-3.470555959383499,47.62560642204118],[-3.470362554062113,47.62555394071664],[-3.470129213641309,47.6249527644666],[-3.470013249249673,47.624877920555654],[-3.469952349841018,47.624926458251664],[-3.469848758918206,47.62473351983264],[-3.469785680162323,47.62476411575775],[-3.469736064407081,47.624685588170735],[-3.469661895404653,47.62473486238865],[-3.469541887662289,47.625066652674334],[-3.469567531143109,47.62494782173781],[-3.469477912723962,47.62497989079045],[-3.46953009549458,47.62485958657398],[-3.469389966420294,47.624695770215],[-3.469310154719258,47.62480857677541],[-3.469022776932738,47.62475227867053],[-3.468965535522608,47.62461095479084],[-3.4690573327395,47.6245968278293],[-3.469058617167247,47.62449741186276],[-3.468919189707659,47.62455933940978],[-3.468741433822795,47.62441567367952],[-3.468692322570083,47.624671276952164],[-3.46859725669003,47.624658491058575],[-3.46852129966743,47.62447304920919],[-3.468540910050231,47.6246345246367],[-3.46840950015092,47.624542473939805],[-3.468322953643963,47.6247098414987],[-3.468324239442089,47.62461042554603],[-3.46825224808295,47.62467764058765],[-3.468170648537163,47.62455573103148],[-3.467993589982842,47.62463780866034],[-3.467915259172977,47.62454281150983],[-3.467754935358923,47.62454267808708],[-3.467824748471406,47.62445752161921],[-3.467615704070966,47.62449621726029],[-3.467601740892465,47.624271209170765],[-3.467499050982342,47.62419562630966],[-3.467260200694408,47.62420888154185],[-3.467079874241268,47.62426404518956],[-3.467140576740518,47.62432389580571],[-3.46698134278646,47.62433273219215],[-3.466998278005028,47.62414213478843],[-3.466839044569585,47.62415097098171],[-3.466916682141471,47.62402022432265],[-3.466731109799606,47.62392214621798],[-3.466600594040814,47.62394745118062],[-3.466626443339177,47.62372023396386],[-3.466456320098444,47.623639360848216],[-3.466488993214866,47.62390848724453],[-3.466398285596436,47.62393158307239],[-3.466390261368088,47.62408556060417],[-3.466264301895372,47.624038361865324],[-3.466163390941245,47.62419749326169],[-3.466338760581583,47.62443160799798],[-3.466461653843678,47.624343507194006],[-3.466475323584969,47.624125997232234],[-3.466710506968125,47.62430260464495],[-3.466706549646246,47.6240499474708],[-3.46678507706893,47.62403655861568],[-3.466909350110962,47.62439994641565],[-3.466825176897499,47.62447686780516],[-3.466980944606473,47.62454950583442],[-3.467057493195107,47.62440978823636],[-3.467188900436427,47.62450184046065],[-3.46711839464642,47.624361252036856],[-3.46724237570328,47.62428212127977],[-3.467549752286558,47.624283125734216],[-3.467410125417654,47.62445343831105],[-3.467598077309499,47.624461070223596],[-3.46752242136777,47.624718145848135],[-3.467720573384229,47.62458974173624],[-3.467799993262024,47.62469370987827],[-3.467839999337909,47.624583113711765],[-3.468100442211763,47.6248576613135],[-3.468141537192245,47.62475603591321],[-3.468261856399341,47.62486676512015],[-3.46837692512135,47.624824253114504],[-3.468624493778579,47.624882762442034],[-3.468626868505785,47.624792317350014],[-3.468728471655303,47.62485892834255],[-3.468716487121289,47.624760248947254],[-3.46881917984129,47.62483583071605],[-3.46887046968454,47.624598169119245],[-3.469045657613616,47.62494066654235],[-3.469305601943191,47.62488108018397],[-3.469357396472605,47.6249775496409],[-3.469401758008264,47.62490283634695],[-3.469615669750469,47.62523415211582],[-3.469730229039114,47.624857507561074],[-3.470017415211273,47.62502219071913],[-3.47039088882735,47.62578718241913]]]},"properties":{}},{"type":"Feature","geometry":{"type":"Polygon","coordinates":[[[-3.438800895042462,47.62526994528731],[-3.438804404799756,47.62518847195691],[-3.438921666670103,47.62516393124167],[-3.43887318044203,47.62509436169667],[-3.438991526586063,47.625078792040775],[-3.438920009802453,47.62492921551552],[-3.439009390601989,47.62500555664898],[-3.439122569503238,47.62483674446836],[-3.439439964986637,47.62481017631773],[-3.439675825525517,47.624661677855414],[-3.439430458791921,47.62462104942135],[-3.439439135417035,47.62469281844053],[-3.439327552864657,47.62465382856895],[-3.43932729762595,47.624762215321404],[-3.439220053183791,47.62475910986047],[-3.439276642129548,47.62467470367294],[-3.439167228799203,47.62465365590567],[-3.438948146389026,47.62471994681693],[-3.439314793433841,47.62443778825987],[-3.43926413826579,47.62435027659137],[-3.439647304715931,47.624094297123015],[-3.439620189769335,47.623870018906445],[-3.439498592768845,47.62385867581775],[-3.439544334533545,47.623684558150096],[-3.439307648680692,47.62371569848439],[-3.439230454799122,47.62362965319122],[-3.439519134520166,47.62358660894497],[-3.439545928690952,47.6234767556499],[-3.43937450758234,47.623495258773865],[-3.43947224338533,47.623309237074466],[-3.439115047939551,47.623338004912945],[-3.439218206914582,47.62319683909699],[-3.439057887225156,47.6231966662835],[-3.438981778967279,47.62311959194101],[-3.438991539219028,47.623200332187174],[-3.43883230396714,47.623209130202234],[-3.438804424017158,47.62331001220928],[-3.438680659617965,47.62328072598664],[-3.438477848098634,47.623481583163404],[-3.438485438861672,47.623544381154076],[-3.438646844016611,47.62355352589314],[-3.438581323203056,47.62367454951447],[-3.438675039145751,47.62378677551064],[-3.438766842954515,47.62377267235051],[-3.438770668019491,47.6240253304915],[-3.438608176990619,47.62400721478773],[-3.438552101315393,47.62387484709804],[-3.438402109252081,47.62418115834628],[-3.438307308814092,47.624059961013316],[-3.43821550438987,47.62407406381014],[-3.438289701494337,47.62402480954809],[-3.438185711659932,47.6240486165589],[-3.438266672356387,47.623944802372584],[-3.438000192017673,47.623950492813734],[-3.437901623732014,47.62401915529121],[-3.438008092868488,47.62434742230008],[-3.438135112433859,47.62440362264148],[-3.438063909888178,47.62458817697819],[-3.438218039420245,47.624868655710934],[-3.438163359732639,47.62507939038499],[-3.438286043623914,47.62509970599269],[-3.438178798564321,47.62509659957624],[-3.438114359163304,47.62522659397603],[-3.438201570540573,47.62528499344253],[-3.438391947144062,47.62520222790153],[-3.438647332500073,47.62521521197222],[-3.438778120957513,47.62508155153639],[-3.438800895042462,47.62526994528731]],[[-3.4387729549461,47.624928309142135],[-3.438662456841128,47.62489828977234],[-3.438663797881641,47.62479887416284],[-3.438869354815265,47.62484170369794],[-3.4387729549461,47.624928309142135]],[[-3.438781709836678,47.62356413671811],[-3.438669045697186,47.6235161750561],[-3.438839382662948,47.62348870182943],[-3.438781709836678,47.62356413671811]],[[-3.438877022767778,47.62346856006791],[-3.438843976697857,47.6234161995619],[-3.438986689479455,47.62338122129723],[-3.438877022767778,47.62346856006791]]]},"properties":{}},{"type":"Feature","geometry":{"type":"Polygon","coordinates":[[[-3.430700180363051,47.621021103650094],[-3.430763549696489,47.62088214183511],[-3.43088297193147,47.620875551586764],[-3.430829622913261,47.620986867544616],[-3.430971251370334,47.620942927806084],[-3.430986958841276,47.62085175103913],[-3.431263444199282,47.62081843062797],[-3.43074513799581,47.620729630998284],[-3.431134546043221,47.62063589330783],[-3.43128592145407,47.62067269418612],[-3.431449754217125,47.6205914043665],[-3.431486583045147,47.62045390676791],[-3.431275633325765,47.620366208029715],[-3.431472502033308,47.62033728089671],[-3.431517183800812,47.62015419483679],[-3.431394513850625,47.62013387206775],[-3.431717029976524,47.61981804873771],[-3.431576759228604,47.619762573621074],[-3.431639041620669,47.61961464001786],[-3.431330880958665,47.61949618280856],[-3.431437302472047,47.61938193726813],[-3.431415640002981,47.61920251273955],[-3.431178701467446,47.618899504298945],[-3.431053868424075,47.61886123869768],[-3.431159745680792,47.618963767491984],[-3.431035995551145,47.618934473103444],[-3.431018122629181,47.619007707503684],[-3.430883542216849,47.618888700635104],[-3.430591632010003,47.61890480993334],[-3.430495775715471,47.618774634695825],[-3.430403978316672,47.61878873139094],[-3.430473297102896,47.61892037112745],[-3.430268852625011,47.61888649792521],[-3.4302122555736,47.618970899998814],[-3.430238519252404,47.61907782268182],[-3.430372289152133,47.61907947200305],[-3.430274802976847,47.61915709945234],[-3.430275338725169,47.61938284475884],[-3.430206829015209,47.61936856320595],[-3.430438349290928,47.619626717375766],[-3.430279659060628,47.61986124899699],[-3.430367662654879,47.62003701270263],[-3.430176482896315,47.62000240715895],[-3.430145065632229,47.62018476054791],[-3.430044328375623,47.62023547405904],[-3.430090358875566,47.62039549194859],[-3.430200842840046,47.62042551949721],[-3.430231986372239,47.6203515530932],[-3.430319181162815,47.62040995859116],[-3.430240649937657,47.62042332295261],[-3.430317824693343,47.620509374328456],[-3.430175113909882,47.62054434205213],[-3.430434533640493,47.62070161599733],[-3.430248492573857,47.62082025368106],[-3.430135841891741,47.62077228372051],[-3.430021834383418,47.620823729367935],[-3.430355455145572,47.620931754331295],[-3.430484897700211,47.62089751860633],[-3.430700180363051,47.621021103650094]]]},"properties":{}},{"type":"Feature","geometry":{"type":"Polygon","coordinates":[[[-3.464925198186085,47.62219024936875],[-3.46489576372224,47.622118371674226],[-3.464753274904749,47.6220449946699],[-3.464798729232802,47.621979253915896],[-3.46504845843297,47.62205571271548],[-3.464933799503868,47.62188144759421],[-3.464995788817757,47.62184188334156],[-3.465112828417423,47.62192570325179],[-3.465023618505824,47.621740995012004],[-3.465124325364856,47.6216902513737],[-3.465089279919018,47.621511569465724],[-3.464798658006209,47.62142834816178],[-3.464991157222287,47.62136348092005],[-3.464845403949207,47.62126319128405],[-3.464749052686916,47.62134981832186],[-3.464636369897538,47.62130188165629],[-3.46475558528227,47.62140364376365],[-3.464693596299234,47.62144320789769],[-3.464442781758814,47.62135777740537],[-3.464576762375606,47.62125100055498],[-3.464323567072761,47.621256014976325],[-3.464341599494571,47.62107438856903],[-3.464191288836229,47.62104660145941],[-3.463950685026515,47.62082513409453],[-3.463858482111276,47.62105603109042],[-3.463580456708952,47.620746325784054],[-3.463308345961868,47.6208156063915],[-3.463505405086508,47.62067823824978],[-3.463328296167945,47.62020940287034],[-3.463112527410434,47.62030265203078],[-3.463093402598947,47.62047530739367],[-3.462602880328603,47.62028576118497],[-3.462513057406404,47.620426212010344],[-3.46235492265597,47.620444013039354],[-3.462198084903948,47.62036239775221],[-3.46214697831685,47.62049166990574],[-3.461962515280196,47.620402554982746],[-3.461921411888744,47.62050417843598],[-3.462008641590105,47.620562560265604],[-3.461868337419712,47.620507121556244],[-3.46182723376848,47.620608744970866],[-3.4615055215966,47.62059949025066],[-3.4615031349912,47.620689935392356],[-3.461297575893661,47.62064714560091],[-3.4610959476206,47.6208570132576],[-3.460900181170153,47.620894961260944],[-3.46089519444032,47.62118423848273],[-3.460640911037411,47.62118027397679],[-3.460607181011839,47.62090217462037],[-3.460481021889736,47.62096335657415],[-3.460475157124538,47.621135275829715],[-3.460350510402325,47.62098865459106],[-3.460121038498937,47.621299407771836],[-3.460428848668086,47.62163456284125],[-3.460302687610847,47.62169574457938],[-3.460204365015645,47.62165603899388],[-3.460213069086131,47.62172780657673],[-3.459786073118785,47.62184178969093],[-3.459431288622066,47.621780174630665],[-3.459244864759409,47.621564726599075],[-3.459168514745364,47.6215960523177],[-3.459061490671188,47.62148457810106],[-3.458900088279872,47.62147546156405],[-3.458744772137435,47.6211860386801],[-3.458615347014182,47.621220305718786],[-3.45865754498672,47.62112765443146],[-3.458453074186126,47.621093830608224],[-3.458512243152654,47.62136148880603],[-3.458220761508298,47.62116089317654],[-3.458214889442648,47.621332812301105],[-3.458357367372012,47.621406197308836],[-3.458138322124178,47.621472524323856],[-3.457902526975057,47.62107015445028],[-3.457811820465075,47.62109324364329],[-3.457901221854756,47.62116957046819],[-3.457825959215838,47.6212098662871],[-3.45785989254524,47.621379579430304],[-3.457411799165555,47.62098897349737],[-3.457400486883237,47.621116037713776],[-3.457298904992357,47.621049416739766],[-3.457236910894799,47.621088976923104],[-3.457317392659984,47.621201923356836],[-3.457125103791705,47.621158390972376],[-3.457036352457955,47.621307808500795],[-3.456959133485593,47.62122177482059],[-3.456927587498994,47.621512522258925],[-3.456783804041091,47.621538551497565],[-3.456886034518195,47.621830917790966],[-3.456697005998014,47.621814297650566],[-3.456538644915566,47.621940477736565],[-3.456541686832852,47.62207577761615],[-3.456396814293161,47.62209283539071],[-3.456462718852772,47.62230593345213],[-3.456364397989881,47.622266224646445],[-3.456369819112455,47.62286198505721],[-3.456191881664829,47.62282668699942],[-3.456234730671028,47.62295978142496],[-3.455952591745797,47.6230566928869],[-3.455824691068056,47.62288315401709],[-3.455716362165308,47.62287109271668],[-3.455757900862572,47.62310360320883],[-3.455675022943437,47.623081100722054],[-3.455671539072342,47.623162574645804],[-3.455516878049117,47.62309889246802],[-3.455553646617471,47.62296138746352],[-3.455425302373336,47.62300462192102],[-3.455324806567227,47.62294697028127],[-3.455349589877258,47.623261689850175],[-3.455256062695405,47.62304109033055],[-3.455189492970717,47.62315315231066],[-3.45509574342507,47.6230409395312],[-3.455041161702327,47.62270077690388],[-3.454885191993713,47.62273650978038],[-3.454841259405884,47.62259444385083],[-3.454709878152599,47.62250237764553],[-3.454623516177298,47.62256134832579],[-3.454480177698899,47.62237060089835],[-3.45438815580434,47.622493103328914],[-3.454183907544065,47.622350885143625],[-3.454022277974341,47.62245014878161],[-3.453853264832045,47.62237822825937],[-3.453751233080912,47.622528378062626],[-3.45346084984341,47.62233674167928],[-3.453318149340008,47.6223717376479],[-3.453179568914486,47.62255100438557],[-3.452986419245873,47.62239010730057],[-3.452805856327215,47.62255363586499],[-3.452709711259091,47.622531866013645],[-3.452700560991708,47.62267687170026],[-3.452570269970842,47.62259377410568],[-3.452755986592807,47.62313439330749],[-3.452347723744343,47.62274156406852],[-3.452230473368501,47.62276611829299],[-3.452217433114813,47.62265846608311],[-3.452149770812221,47.62276155533533],[-3.452123461436611,47.62265463778605],[-3.452032749735162,47.62267772247189],[-3.451856529437152,47.622877133618786],[-3.451650113268375,47.62271696898885],[-3.451553737971515,47.62280358507496],[-3.451593085309416,47.62301815501149],[-3.450811045582641,47.623178852195466],[-3.451000700531894,47.62342122658617],[-3.450824083127366,47.62328650453357],[-3.450888025717409,47.62337327670779],[-3.450811436297297,47.62351298378014],[-3.450690924179574,47.62351062336863],[-3.450523231086258,47.62333928224572],[-3.450588259677962,47.623435025611684],[-3.450516247574447,47.6235022297604],[-3.450423360934205,47.62350737112685],[-3.450355073386175,47.623384714577526],[-3.450372455631854,47.62352825107938],[-3.450107065014762,47.623542940174886],[-3.450074007884313,47.623490582848774],[-3.450094881827016,47.62355264564727],[-3.449996563404926,47.623512931506546],[-3.44995326219095,47.62359660851601],[-3.449739479047952,47.62326525646837],[-3.449682908139787,47.62334966778552],[-3.449481076227923,47.62311699665664],[-3.449251912861033,47.623761859685736],[-3.449283266962203,47.62357950149719],[-3.449189293873176,47.62357567084116],[-3.449197983448156,47.623647439173425],[-3.449087482133045,47.623617429646615],[-3.449141266322332,47.623289331810014],[-3.449048379920116,47.62329447208353],[-3.448972492748298,47.62310901739683],[-3.448953556887384,47.62317328333751],[-3.448831959491575,47.62316194996167],[-3.448606851446172,47.622957659031364],[-3.448653885114347,47.62268412188568],[-3.448534461030355,47.62269073029894],[-3.448499233849212,47.6226204303998],[-3.448346518102286,47.62268306770282],[-3.448405874955605,47.622842343927644],[-3.448320828473268,47.62280189411436],[-3.448266427865562,47.6229042468714],[-3.448342312293438,47.623089702036346],[-3.448261609580423,47.623085136392845],[-3.448169198007422,47.62287350223275],[-3.4480950116189,47.622922762799604],[-3.448060870854409,47.62286143383185],[-3.448064977332285,47.62300570492229],[-3.447902961892869,47.622770828394536],[-3.44792926287292,47.62287774688798],[-3.447843130741147,47.6228283256707],[-3.447768944114526,47.62287758603158],[-3.447749768756603,47.62305023865039],[-3.44768871827895,47.62265624623459],[-3.447617789489842,47.62273241968267],[-3.44758497376633,47.62257167474431],[-3.447543841336171,47.622673293022665],[-3.447384847936681,47.62257371581444],[-3.447325863321407,47.62274857077601],[-3.447403307809949,47.62272622388033],[-3.447410908964892,47.62278902131488],[-3.447321280863399,47.62282107340161],[-3.44705926222588,47.622311763263106],[-3.447087732927435,47.62243662410493],[-3.4470126999653,47.622368526032815],[-3.446959383089388,47.622479849270874],[-3.446920900750079,47.62238263568432],[-3.446834530364922,47.62244160060851],[-3.446884476475999,47.62285426972169],[-3.446771806555512,47.62280631585846],[-3.446725243557931,47.62286307849913],[-3.446710042857971,47.622737483543],[-3.446600390104941,47.622824829594],[-3.446677594701345,47.62291087005145],[-3.446488565536963,47.622894233398256],[-3.446460459471727,47.62310350410877],[-3.446346703698967,47.62304657877205],[-3.446369140714942,47.62290083959673],[-3.446294952627436,47.62295009901951],[-3.44645008375631,47.62279701967727],[-3.446393989908405,47.62266465567084],[-3.44637589588777,47.62284627915408],[-3.44630303464621,47.62279612278342],[-3.446329210790202,47.62246052304236],[-3.446169978954961,47.622469331064565],[-3.446152969904759,47.62265992560553],[-3.446065151565389,47.62237578714089],[-3.446018346548697,47.62254093640283],[-3.445891323116861,47.62248474458097],[-3.445757903287156,47.62281724475865],[-3.445837879346755,47.62314697271986],[-3.445731723376711,47.62315284431015],[-3.445514954193142,47.62268618434689],[-3.445413983947426,47.62284529792146],[-3.445326768666147,47.62278690376723],[-3.445445950555294,47.62288868550408],[-3.4454568060973,47.62297839629859],[-3.445396129440637,47.6229185343739],[-3.445348479344685,47.62296632538263],[-3.445445707747334,47.62299707236796],[-3.445361019860367,47.623290752042706],[-3.445449321564579,47.62335811723378],[-3.445259804824401,47.62355825226698],[-3.445383573475896,47.62358753151373],[-3.445299370529573,47.623664437419635],[-3.445433152385435,47.62366606948609],[-3.445403113544893,47.62374901089257],[-3.445504928417938,47.62370725530162],[-3.445356904848494,47.62413990445452],[-3.445163286236809,47.62419576816405],[-3.445115878276131,47.62413517225266],[-3.444917429696258,47.62437192482644],[-3.44450147892175,47.624467175898694],[-3.444484708045047,47.6245493832316],[-3.444382050334958,47.62447378006003],[-3.444298929941281,47.62455965629157],[-3.443763793748065,47.62455312191264],[-3.443599128867533,47.62451707098166],[-3.443556310115109,47.62438397202874],[-3.44340166000776,47.62432027384884],[-3.443383211015472,47.62416776527563],[-3.443450398300295,47.62428145475948],[-3.44354328695867,47.624276318940545],[-3.443507226800564,47.624088659708825],[-3.443323276700644,47.62378274189958],[-3.443244743770443,47.62379611498179],[-3.443254016068725,47.624093628445905],[-3.443175482663821,47.6241070014794],[-3.443086345014615,47.623922276697506],[-3.44307716836879,47.624067281525505],[-3.443001053066749,47.6239902098367],[-3.442855674863583,47.62422402438451],[-3.442829227889827,47.62466800980783],[-3.442498565013398,47.62469532074602],[-3.442641030309228,47.624768724798145],[-3.442462100089649,47.625166952842775],[-3.442522776011754,47.62522681622249],[-3.442422041000463,47.62527754027798],[-3.442546648490747,47.62542418032392],[-3.442024524191356,47.62552529111532],[-3.442141535792436,47.62560913388285],[-3.441904592911059,47.62574866615243],[-3.441924373218646,47.625801759239586],[-3.442111241153077,47.625800461060386],[-3.44205766092687,47.62602016855249],[-3.441428282570872,47.62611817369581],[-3.441372780432343,47.62621155196532],[-3.441471097408359,47.62625127331004],[-3.441345988648359,47.626321405524926],[-3.441150439669172,47.62625093364829],[-3.441183238278132,47.62641168008984],[-3.440914576210448,47.626399434966885],[-3.440905393239307,47.62654443943937],[-3.440656509904074,47.6265852869586],[-3.440621290527905,47.62651498482455],[-3.440463130445872,47.62653275615572],[-3.440547924148118,47.626681598260916],[-3.440450691855681,47.62665084725671],[-3.440498096754701,47.62671144498312],[-3.44037949431829,47.626835402791535],[-3.440003581674099,47.626820051084316],[-3.439975702051743,47.626920933183534],[-3.439889570760162,47.626871506203884],[-3.439961092862797,47.627021081985916],[-3.440171251934467,47.62699140700256],[-3.44026439897105,47.62687788716819],[-3.440494083722692,47.62700969156581],[-3.440447004429743,47.627283224815386],[-3.440536644150817,47.6272511780776],[-3.440618184700993,47.627373106762995],[-3.440457599507476,47.627481322474715],[-3.440521277442172,47.62767648672863],[-3.440319540939622,47.62788631775137],[-3.439632206272214,47.62816813513206],[-3.43941336509609,47.628126040236644],[-3.439330231021708,47.62821191277057],[-3.438094956589043,47.62827112398686],[-3.437254813059631,47.62817303353068],[-3.436727751935269,47.62801249173119],[-3.43609613530702,47.627650008350486],[-3.43575322979637,47.62724448662945],[-3.435658955330281,47.62690651410635],[-3.435725833295997,47.62668607684658],[-3.435830913378654,47.62667124320977],[-3.435822241283156,47.62659947399569],[-3.435882911387089,47.62665934078032],[-3.435940591653862,47.626583907443184],[-3.436180544397445,47.62657968742446],[-3.436087912848317,47.626476430738194],[-3.436418851189301,47.626340751321784],[-3.436340574077601,47.62624573308686],[-3.437485079594087,47.626209613706855],[-3.436785262328797,47.626166987608364],[-3.436813147586823,47.62606610623159],[-3.43673460966673,47.626079474920736],[-3.436705077093158,47.62594564064338],[-3.436633044125653,47.62601283614452],[-3.436545833275274,47.62595443552877],[-3.436526319192541,47.625792954852294],[-3.436365991715028,47.62579277834405],[-3.436340273921147,47.62591160192904],[-3.436199159893943,47.625738774701986],[-3.436426099685359,47.62562690034373],[-3.436435294666102,47.62548189615515],[-3.436533606624066,47.62552162167076],[-3.436593452975339,47.62546413026831],[-3.436474543250126,47.62525395292084],[-3.4365224642686,47.62509777886748],[-3.436336121286774,47.6248822946457],[-3.436191234678839,47.62489932733199],[-3.436248389626403,47.62504066724057],[-3.436334775909242,47.62498171022416],[-3.436239455724773,47.62507728472535],[-3.43634752340971,47.625197750798186],[-3.436160657445466,47.625199039756644],[-3.436176618943213,47.62499947576515],[-3.436017377860771,47.62500826993433],[-3.436004929790956,47.62512636065436],[-3.435835670124303,47.625162800882634],[-3.435945905080212,47.625301209637485],[-3.43575361888106,47.62525764216001],[-3.435962427269203,47.62532739027644],[-3.435858433859454,47.625351195199244],[-3.435876861762736,47.62550370486749],[-3.435593030190207,47.62536585130161],[-3.435649100094186,47.62549822031035],[-3.43549554012685,47.625443482857975],[-3.435451130690542,47.625518183246506],[-3.435309757182754,47.62545374161526],[-3.435289456701546,47.625617420796296],[-3.435213350433389,47.625540344094226],[-3.435172945294847,47.62564505471022],[-3.43516161706673,47.625443859533306],[-3.43509391829738,47.62554693875467],[-3.43517155087555,47.62564866836427],[-3.435142136270192,47.62572489654175],[-3.434846938478488,47.6257141029326],[-3.434822829948823,47.625625123982175],[-3.434817146439074,47.6256886548436],[-3.434729938104981,47.62563025286229],[-3.434589384090302,47.625683168220554],[-3.434460462814718,47.62550063502758],[-3.434261409231375,47.62551162477764],[-3.434275497701189,47.625628250002414],[-3.434017944058386,47.625597314028965],[-3.433704325421935,47.62543400757637],[-3.433733299753147,47.62534209807431],[-3.433633906593424,47.62529339901978],[-3.433784213292374,47.62532122539376],[-3.433987049461084,47.62512037655757],[-3.433732749321791,47.62511635347482],[-3.43348223419935,47.62492246993711],[-3.433341680811475,47.62497538381322],[-3.43333301233811,47.624903614351744],[-3.433492253550496,47.624894823841835],[-3.433411816630617,47.62478186120964],[-3.433554536622229,47.62474688960708],[-3.433325694868231,47.62473242933558],[-3.433363872624371,47.62449551587402],[-3.433549919575689,47.62437687345179],[-3.433293723418272,47.62424652028265],[-3.433273671320292,47.623859294173506],[-3.433138805849703,47.62384867699007],[-3.433267170167584,47.62380546704303],[-3.433269604751011,47.62371502262883],[-3.433013144400923,47.62369305559837],[-3.433001226149688,47.62359437248938],[-3.432923774374137,47.62361670982505],[-3.433053757734019,47.623365697686424],[-3.433169934745185,47.623332191529954],[-3.433078666054046,47.623129516653265],[-3.433171553705058,47.623124389079805],[-3.433173988419421,47.623033944635935],[-3.432984147679027,47.62289992809826],[-3.43288557488171,47.62296858637955],[-3.432939468644483,47.623083014461315],[-3.432672446115979,47.62286294788471],[-3.432419240191898,47.62286789313593],[-3.432516737173429,47.623232782570504],[-3.432498864843737,47.623306017035794],[-3.432317422181885,47.62335215583619],[-3.432189327910442,47.6232869779369],[-3.432170371782448,47.623351241149244],[-3.431847564971111,47.62333293354622],[-3.431718658746366,47.62315039710645],[-3.431493073971332,47.62316284685035],[-3.431351982902869,47.62299001352323],[-3.431148333596583,47.623073499970126],[-3.431195453017463,47.62324248840178],[-3.430844214002892,47.6230993133619],[-3.430980971198952,47.62323626244352],[-3.430902435981793,47.62324962723056],[-3.430917599637012,47.62337522420843],[-3.430733989191593,47.623403418122955],[-3.430625937806827,47.623282946745476],[-3.430716659790282,47.62325987869369],[-3.43068145569826,47.62318957344281],[-3.430377335217571,47.623215385617364],[-3.430272534038311,47.623121827557],[-3.430159604633299,47.62318224449608],[-3.430032870473063,47.62301764862375],[-3.429939982706381,47.6230227737013],[-3.430194534258695,47.623360936714384],[-3.43041687106535,47.623321575828335],[-3.430531693491143,47.62338748788683],[-3.430561755233177,47.62330455029115],[-3.430631080272256,47.62343618962891],[-3.430253028350696,47.62340286408505],[-3.430141181321182,47.623472252215684],[-3.430012006449424,47.623398100713096],[-3.429999545470511,47.62351619089053],[-3.429967865277447,47.62336441229202],[-3.429860349735015,47.62346968503819],[-3.42976232117517,47.62332156705895],[-3.42956679847835,47.62325107568133],[-3.429402128534318,47.623657523141084],[-3.429544848146603,47.62362255641786],[-3.429618777677905,47.623681694443384],[-3.429534001636959,47.62397536253295],[-3.42938883990658,47.6241007735561],[-3.429388289074889,47.6243175470715],[-3.429226607451874,47.62441677629026],[-3.429280238876761,47.62419707450571],[-3.429127496073193,47.62425968662639],[-3.429101232070294,47.62415276397799],[-3.429022695034226,47.62416612749479],[-3.428933583707359,47.624423910175345],[-3.428754299723476,47.62448798586518],[-3.42866168616876,47.62438472317887],[-3.428642725404323,47.62444898578233],[-3.428518963940328,47.62441968880922],[-3.428432873998075,47.62392773505138],[-3.428252230672317,47.62409122551937],[-3.428434234064748,47.62382831951057],[-3.428298286945595,47.62380872550431],[-3.42840472354611,47.623694482980284],[-3.428134995428599,47.62367323721162],[-3.428323216511588,47.62357254553951],[-3.427946526030321,47.62343979697287],[-3.427803527229536,47.62358314853817],[-3.427646733093686,47.62350148699153],[-3.42773204379818,47.62343356504902],[-3.427545183802467,47.62343484022506],[-3.427717166425803,47.62319958085449],[-3.427639713012208,47.623221914690625],[-3.42759016069397,47.62314336914927],[-3.427564424643037,47.62326219096315],[-3.42748155836717,47.6232396684738],[-3.427532751524129,47.62311041168439],[-3.427472898054041,47.62316789851355],[-3.42727737894322,47.62309740329782],[-3.427045540531471,47.62339014863676],[-3.426750357288965,47.62337933455197],[-3.426845972002934,47.6231753809058],[-3.42664015014378,47.62324091698268],[-3.426516673821117,47.62310323106],[-3.426479591943584,47.62290659520712],[-3.426612288933351,47.62289927757618],[-3.426593888396503,47.622746766243075],[-3.426512105697405,47.62273321431535],[-3.426525937794968,47.62251570887693],[-3.426429803517245,47.62249391739295],[-3.426403026380094,47.622161249064995],[-3.426270612931792,47.62206017959404],[-3.426240545223909,47.62214311613814],[-3.426164456973991,47.62206603340282],[-3.426049360598651,47.62210850387599],[-3.426333995028703,47.62192122025682],[-3.42629013909344,47.62177914353756],[-3.426210522548003,47.621783533917146],[-3.426209158392362,47.621882949536484],[-3.426121165446541,47.62170718286406],[-3.425969225973148,47.62188714908101],[-3.425849800868885,47.621893734301516],[-3.425827873527668,47.62182269585333],[-3.425807828030086,47.62187798681475],[-3.425801334646323,47.62182415921415],[-3.425513735581622,47.621876140862874],[-3.425376712346923,47.62184757216695],[-3.425411109881363,47.621800520915635],[-3.425271638854993,47.621862396435574],[-3.424907439882381,47.621611548169646],[-3.424726851021114,47.62133251452385],[-3.424930503727581,47.621249039199206],[-3.424992806270464,47.621101109253715],[-3.424831410871366,47.62109194563443],[-3.42485498785244,47.62095518173113],[-3.424697636100487,47.62109028996833],[-3.424741829364881,47.620681461416915],[-3.42468413965233,47.620756889451975],[-3.424648945155234,47.62068658229266],[-3.424619957711328,47.620778489760475],[-3.424572576104449,47.62071788540635],[-3.424523827339883,47.62075669668823],[-3.424504351520849,47.6205952135738],[-3.424565002108988,47.62065508642129],[-3.424639207054551,47.62060584074506],[-3.424542280229514,47.620466689451035],[-3.424608910929688,47.62035464479258],[-3.424469442750874,47.62041651940048],[-3.424490000383041,47.62058697382032],[-3.424412834908976,47.62050091859716],[-3.424398198282403,47.620601065781614],[-3.424356512501459,47.620476930812366],[-3.424124955537499,47.620661283807635],[-3.424110380859132,47.62031891186223],[-3.423778653493621,47.62033719857477],[-3.423818174084511,47.62044339117597],[-3.4237431736088,47.62037527808799],[-3.42365461719419,47.620416283343886],[-3.423517666146019,47.61994519327539],[-3.423595911196492,47.620040220410154],[-3.423587543797199,47.61986006306119],[-3.423498988117669,47.619901068209906],[-3.423240962340285,47.619644363101585],[-3.423056278948274,47.619663573699675],[-3.423115845118359,47.61971447602628],[-3.423020510674905,47.6198100399968],[-3.42289301341332,47.619528077790264],[-3.422812318264785,47.61952349455397],[-3.422773304384864,47.619643046872085],[-3.422702921984763,47.61950243130837],[-3.422667152849936,47.619648897509364],[-3.422622226891312,47.61949784794065],[-3.422451894316934,47.61952529757197],[-3.422432135700474,47.61947220101761],[-3.422260933524272,47.619824811352565],[-3.422197041716986,47.61973802335358],[-3.422317041948102,47.619514667869204],[-3.422254232005674,47.61943685119791],[-3.422224159535913,47.61951978681958],[-3.422189259101162,47.61934109186622],[-3.422075537229952,47.61928414278293],[-3.421963397736208,47.61946191023586],[-3.421895180752898,47.6193392368002],[-3.421830999387822,47.61936083559172],[-3.421880168071024,47.619990289989914],[-3.421734499554028,47.61988994649712],[-3.421705507525391,47.61998185327905],[-3.421606135317823,47.61993314385584],[-3.4216036811475,47.620023588201555],[-3.421541953121821,47.61995474248192],[-3.421415459903874,47.62012426922817],[-3.421423613250507,47.61997029449797],[-3.421305565114451,47.619877459417815],[-3.421336926870598,47.620137627604514],[-3.421222620265628,47.62029745163783],[-3.421139761267294,47.6202749246148],[-3.421083148311695,47.62035932220367],[-3.421009232836767,47.62030017867477],[-3.421002159639917,47.620463124667644],[-3.420755835405151,47.619970966436036],[-3.420988013116683,47.62078901661124],[-3.420502935529986,47.61986749888541],[-3.420766851517294,47.620394811851256],[-3.420545106487629,47.620217380521574],[-3.420716928274231,47.620867169289916],[-3.420861516162987,47.62095854268494],[-3.420969833299748,47.620970636324095],[-3.420976614185961,47.6209160772992],[-3.421172116987364,47.62098658314127],[-3.420832522051154,47.62105044919978],[-3.420834009584119,47.62172768450813],[-3.420931514180573,47.62165006504227],[-3.421010546136436,47.62186245200914],[-3.421261001601697,47.622056362598784],[-3.421304346536384,47.62197269616592],[-3.421329512367323,47.622070649379616],[-3.42086665481752,47.62233095575002],[-3.420752927988148,47.622274005466224],[-3.420721770201122,47.62234796926901],[-3.420686579873524,47.62227766097317],[-3.420627801335575,47.62234411563079],[-3.420566071885221,47.62227526947736],[-3.420561159796771,47.62245615790339],[-3.420450970605253,47.62231773442889],[-3.420372434103893,47.622331092141664],[-3.420346682379677,47.62244991241424],[-3.420509950387508,47.62258541168004],[-3.420453333986003,47.62266980886348],[-3.420352876587414,47.62261212712832],[-3.420401830456282,47.622907449389984],[-3.420572376322438,47.62321413450892],[-3.420407437595583,47.62328643764957],[-3.420321624108249,47.62312860935672],[-3.420367040503177,47.6235054044013],[-3.420208882600283,47.62352314833389],[-3.42007755880151,47.62343104322401],[-3.420077264484612,47.62353942999934],[-3.420048856372202,47.62341456265134],[-3.419972480721587,47.62344586271317],[-3.41987605271893,47.623532452620715],[-3.419867599620596,47.623794813721794],[-3.419748759468177,47.6235846191709],[-3.419574873380471,47.62369353737003],[-3.419493581213524,47.623905725363784],[-3.419640632921273,47.623906656010845],[-3.419505474564084,47.62400440983389],[-3.419716714374325,47.623983742923095],[-3.419616845807973,47.62370928708202],[-3.419727821930107,47.62396506930905],[-3.419821793584001,47.623968923668144],[-3.419611339840285,47.624106948825926],[-3.419706097912834,47.624228161327274],[-3.419770285989523,47.62420656375749],[-3.419679262538505,47.62433801002506],[-3.41954980471266,47.62437223371312],[-3.419516777041425,47.624319867764655],[-3.419353995864586,47.624410112003],[-3.419342592271377,47.624537172295106],[-3.418589324975021,47.62504826572749],[-3.418587946542668,47.62514768109054],[-3.418457404990233,47.62517293223527],[-3.418410026479327,47.62511232551809],[-3.418193861324117,47.62531387811426],[-3.41811345614761,47.62520090497302],[-3.417949887578088,47.62517378921824],[-3.417793586869463,47.62531785918391],[-3.417797128691925,47.62523638648968],[-3.417708559645913,47.62527738713447],[-3.417841746960174,47.625495824129565],[-3.417676199077215,47.625784896623315],[-3.417961664849021,47.62571499173574],[-3.418085609412538,47.62607843110019],[-3.417938253074597,47.62618588511872],[-3.418064174861825,47.62623313591288],[-3.417860492403998,47.6263165990504],[-3.417801406946299,47.62649143875264],[-3.417792759120574,47.6264196681952],[-3.417705269070793,47.6264696401322],[-3.417690618223643,47.62656978616846],[-3.417909435881255,47.62661192179392],[-3.417738779100562,47.62674775104186],[-3.417872567833078,47.626749414673846],[-3.417820266804401,47.626869695668645],[-3.417980000262161,47.62708667078372],[-3.417942051049699,47.62721519233751],[-3.417791747279135,47.627187345604696],[-3.417773853423765,47.627260577666476],[-3.417965051134672,47.62729520338311],[-3.417987752707224,47.62748360097091],[-3.418116138028354,47.627440407756865],[-3.418170004644315,47.62755484238845],[-3.418439748407407,47.627576111127155],[-3.418501481245356,47.62764495821662],[-3.418554159160113,47.62819293874223],[-3.418415744602043,47.62826377717577],[-3.418385363416044,47.62845509792938],[-3.418326873109995,47.62841316472469],[-3.418269165976673,47.62848858929087],[-3.418322548685299,47.62837727950137],[-3.418239678368717,47.62835475051446],[-3.418141076534805,47.628423396157906],[-3.418130750273744,47.62855942737589],[-3.41823908221568,47.62857152350035],[-3.418017497095361,47.62872821888603],[-3.418103611126625,47.628777661944774],[-3.418016117502965,47.62882763405389],[-3.418078633911554,47.6290138390934],[-3.41769887096116,47.62918827462099],[-3.417756763501637,47.629446981008925],[-3.417654915980171,47.629488712285365],[-3.41760429153167,47.62940119145411],[-3.417459386684591,47.62941820086421],[-3.417232391028206,47.62953003814959],[-3.417229929005658,47.62962048195679],[-3.41752112038849,47.62948704840643],[-3.417336100966757,47.6296146362915],[-3.41729676744821,47.62984257257593],[-3.417247224203963,47.629764022914905],[-3.4171375088113,47.62985134098303],[-3.417291843584104,47.630023460159634],[-3.417076434803124,47.63034236787314],[-3.416848654425991,47.63033684666942],[-3.416777671424451,47.63041300108166],[-3.416790642094889,47.63052065680769],[-3.416967498191357,47.63054704343993],[-3.416778150202387,47.630638745139684],[-3.416863185260979,47.630679217754604],[-3.416820907196051,47.63077185347287],[-3.416199944773697,47.631384009557344],[-3.415675247547912,47.63157544594156],[-3.415695781393584,47.63174590092915],[-3.415907053316704,47.63172524099091],[-3.416275904418142,47.6319036149547],[-3.416304006195619,47.632136868959535],[-3.416116813052203,47.63224651212547],[-3.416189658823057,47.632296687079325],[-3.416081319784828,47.63228458907746],[-3.416111884967435,47.63242739943488],[-3.416291210794415,47.63236334341372],[-3.416413601292495,47.63249206818392],[-3.416573948822437,47.63249227207883],[-3.416522418542274,47.632729909691584],[-3.416603133116867,47.632734497242694],[-3.416761196036141,47.633159274531316],[-3.416523851711794,47.63340714097928],[-3.41666816509722,47.63360690517902],[-3.416416766701471,47.63373814450136],[-3.416550925539231,47.63440806928091],[-3.416627318883138,47.63437677163344],[-3.41694201880737,47.634549094471126],[-3.417169216603472,47.634771387767024],[-3.417300863304673,47.63475510947292],[-3.417282966238544,47.63482834117336],[-3.417461217636926,47.634755312149686],[-3.417668658875246,47.6349245074746],[-3.417962822950539,47.6349263731681],[-3.417920543429867,47.63501900908097],[-3.418017777982336,47.635049778705884],[-3.417925949296461,47.635063865474734],[-3.418192487254896,47.63505822086621],[-3.418198974574933,47.635112048522366],[-3.418326296833647,47.63505988397137],[-3.418644250166382,47.635259115984745],[-3.418563234141582,47.635362915960414],[-3.418756921095932,47.6353070966707],[-3.41888827183735,47.635399202701215],[-3.419824454774142,47.63762341282658],[-3.420333866068578,47.63819139127844],[-3.421110428918541,47.63853694422901],[-3.423371712685498,47.63911677153125],[-3.42506739617548,47.639881256403505],[-3.426323198819011,47.640543536132874],[-3.426418001321156,47.64066474215908],[-3.426719776704068,47.640729384013035],[-3.427145874161675,47.641049066193986],[-3.427337127353248,47.64108367632258],[-3.427299190722433,47.64121219998496],[-3.427402135966537,47.64117943171569],[-3.427435181809508,47.641231794977855],[-3.427330070723139,47.641246620949914],[-3.427358505364876,47.641371485375856],[-3.42746606190927,47.641266215906505],[-3.42772910211721,47.64134202186993],[-3.427621825032007,47.641338905786434],[-3.42762154593891,47.64144729157729],[-3.427743180490493,47.64145864692761],[-3.427581443875903,47.64155787298989],[-3.427605268401615,47.641755238474964],[-3.427703603765467,47.641794971088125],[-3.42770416162084,47.64157819953909],[-3.427740456878667,47.641657476176334],[-3.427899749005257,47.64164869336715],[-3.427986449748944,47.64148135724821],[-3.42887446726422,47.64153172988216],[-3.429110962151823,47.64160899676222],[-3.429090636512472,47.641772673498025],[-3.429221489484278,47.64163902490846],[-3.429214162673607,47.64191035537111],[-3.429480182988836,47.64212145654889],[-3.42940567711892,47.64227909050185],[-3.429526230675262,47.64228147285235],[-3.429508898392174,47.64213793464441],[-3.4297069316732,47.642117981951316],[-3.429716406524117,47.64230710792661],[-3.429812852484197,47.6422205107359],[-3.430208097751479,47.6425057612156],[-3.430147677472046,47.64278002028906],[-3.429911710340169,47.64292849811824],[-3.430052040250404,47.64298397457097],[-3.429909269189034,47.6430189415639],[-3.430102423935807,47.6431798750899],[-3.430220812746894,47.64316431446643],[-3.430229480000928,47.643236083480964],[-3.430413158951976,47.64320789064858],[-3.430385799615585,47.64309199821119],[-3.430675675233137,47.64305794738196],[-3.43090188918018,47.642828727921525],[-3.431067685526584,47.64287376753162],[-3.43109559032331,47.64277288839206],[-3.431744960530583,47.64272803411494],[-3.432369678627994,47.642810969008636],[-3.432648175615622,47.64290397363512],[-3.432660097526578,47.64300265579496],[-3.432758707620549,47.642933998414954],[-3.432885765898065,47.64299020392466],[-3.432806933516362,47.64311195556524],[-3.432914214468483,47.64311506688504],[-3.432940495443936,47.64322198762744],[-3.433197049618329,47.6432439545955],[-3.433064034892795,47.643359665326415],[-3.433105758804244,47.64348379571955],[-3.433315986521918,47.64345413332329],[-3.433325741920402,47.64353487319386],[-3.433412161371196,47.6434759189031],[-3.433560084178851,47.643594188795426],[-3.43373265587181,47.64358466548987],[-3.433893303161752,47.643476459925985],[-3.434177492460396,47.64350593064635],[-3.434683835027978,47.643604417762376],[-3.434908156964958,47.6436913765871],[-3.434916830608715,47.64376314523412],[-3.435113783658841,47.643734212312985],[-3.435175556700064,47.643803050012735],[-3.43519668498107,47.64375672914862],[-3.435224055106445,47.64387262041922],[-3.43530370386628,47.643868223945454],[-3.43524491975072,47.643934685216415],[-3.435378752115941,47.6439363287821],[-3.435261183775283,47.64406925136293],[-3.435405859432435,47.644160605655244],[-3.435288290665171,47.644293528247815],[-3.435418344481062,47.644485029824416],[-3.435363897021225,47.644587375422816],[-3.435803614604693,47.64479790701517],[-3.435969683361429,47.644734554004735],[-3.4360314586648,47.644803391216165],[-3.436033889521013,47.64471294772684],[-3.436151195569962,47.64468841004096],[-3.436313487284119,47.64481491459016],[-3.437021660849715,47.644703569254716],[-3.437446200753389,47.644788499867104],[-3.437612267530672,47.644725144521814],[-3.437634219970573,47.64479617991564],[-3.437884275281701,47.64476431026968],[-3.437878283486965,47.644493712710876],[-3.437711391668914,47.64443971175152],[-3.437836547684153,47.644369584087435],[-3.437833551922362,47.644234285283815],[-3.438081692847762,47.64407608744276],[-3.438438770529346,47.644155708735845],[-3.438978698281572,47.64408976594751],[-3.439250703796697,47.64412892852735],[-3.439289187844981,47.64422614354769],[-3.439407576297602,47.644210573624406],[-3.439410001404653,47.64412013003703],[-3.439531644555885,47.64413147309904],[-3.439501585022398,47.644214412109584],[-3.439608868580869,47.64421751728075],[-3.439524624759415,47.64429441820275],[-3.439654118101777,47.64426017272908],[-3.439672563382983,47.64441268030595],[-3.439765741890202,47.64429916189316],[-3.439835371210149,47.64432240868711],[-3.43987787427087,47.64412137963189],[-3.440016047532767,47.64415890201722],[-3.439948334397716,47.64426198305368],[-3.44001687867376,47.644276258708366],[-3.440191043679716,47.64405892557284],[-3.440312433526802,47.64417865348794],[-3.440526168345349,47.644067505549756],[-3.440473648403209,47.64429618126419],[-3.440649729322532,47.644205175167045],[-3.44074749861106,47.64401915439288],[-3.44078924091106,47.6441432819991],[-3.440903035727974,47.64420021212735],[-3.440963983551029,47.64415169006471],[-3.441020086516753,47.644284055208075],[-3.441392032392042,47.644155133769026],[-3.441396122478753,47.644299403504895],[-3.441611191557971,47.644088838940306],[-3.441857734847815,47.64413843339847],[-3.441853643525438,47.64399416366668],[-3.442031642068493,47.644029483181434],[-3.442028135999269,47.64411095581445],[-3.442046002219054,47.64403772067945],[-3.442256227148023,47.64400804220626],[-3.442690539533038,47.64417369289145],[-3.442818945007552,47.64413047290147],[-3.442719011676481,47.64429855338674],[-3.442850674080582,47.64428224638224],[-3.442913543299829,47.64436005097531],[-3.442957957970219,47.64428534847824],[-3.443066327459988,47.64429742147826],[-3.44285635000638,47.64421871574156],[-3.443031093219009,47.64422712071541],[-3.443125349851518,47.644122570616275],[-3.443272457676393,47.64412347150094],[-3.443246155555379,47.644016553133554],[-3.443346925157644,47.643965828859116],[-3.443398691280141,47.644062308869394],[-3.4434905287218,47.6440482021444],[-3.443445276314046,47.64400554817713],[-3.443625693902702,47.64395042158424],[-3.443529760824501,47.64382025873007],[-3.443833152839738,47.64367705589099],[-3.443811192608422,47.64360602162064],[-3.444178538506455,47.6435495929767],[-3.444361370478604,47.64340402151487],[-3.446239958178078,47.644681910628506],[-3.44644125312761,47.644688842512686],[-3.446249733355703,47.644762649367365],[-3.445708605192009,47.644377141177],[-3.445621111847644,47.64442713355602],[-3.445664436757731,47.64434345905426],[-3.44558153010771,47.64432094965268],[-3.44547617513724,47.64444417758746],[-3.445451197326703,47.64423784504686],[-3.445093266328508,47.644040888525595],[-3.444968120621323,47.64411102397429],[-3.444789033989853,47.64406673794692],[-3.444723501919624,47.64418776372953],[-3.444814985905308,47.643839527930325],[-3.444438952200929,47.64382419063266],[-3.444450896121721,47.64392287154112],[-3.444334926526626,47.643848002874435],[-3.44430596040718,47.64393991412545],[-3.444001728262845,47.64396576149819],[-3.443948383526973,47.644077082118706],[-3.443868735168092,47.644081484484786],[-3.443828071462188,47.64396632897179],[-3.443696410136244,47.64398263708032],[-3.443535287632437,47.644307627430265],[-3.443393607510716,47.64435158187332],[-3.443372238992288,47.644506289858995],[-3.44307777351752,47.64461287380337],[-3.443050385955951,47.64449698441769],[-3.442810104928699,47.644609604156734],[-3.442798163888471,47.64451092311587],[-3.442476310924308,47.64450161609327],[-3.442506365996038,47.64441867632991],[-3.442270924718513,47.644350407687405],[-3.442134670607716,47.64443921564952],[-3.441985391113654,47.64442037130868],[-3.441935297924368,47.644558604017895],[-3.441881363182315,47.64444418135864],[-3.441690923343005,47.64452695176275],[-3.441485288315333,47.64448412762949],[-3.441469340842739,47.64468369033379],[-3.441343354797576,47.644636465225005],[-3.441361222133116,47.64456323021473],[-3.441140723786498,47.644728939175984],[-3.441198164618124,47.64476188958319],[-3.441002296325359,47.64479980376407],[-3.440929410159105,47.6447496446108],[-3.440818617490936,47.644828013219275],[-3.440865205937695,47.644771253578334],[-3.440713755559896,47.644734465574366],[-3.440836737879728,47.644646392662075],[-3.440764937285659,47.64460520442398],[-3.440572324786988,47.64467003095379],[-3.440697225030937,47.64470828587052],[-3.440572071980859,47.64477841658637],[-3.440462616918986,47.64475737025151],[-3.440518139939777,47.644663993310964],[-3.44032903563844,47.64464734687624],[-3.440204967362743,47.64472644822705],[-3.440339887004464,47.64473705713665],[-3.440084407807118,47.64472407689776],[-3.440078728527391,47.64478760738703],[-3.439870669438595,47.64483522398987],[-3.439919683168948,47.64468802115586],[-3.439816993184156,47.64461241475993],[-3.439616529651649,47.64472282813027],[-3.4395192650226,47.644692076637995],[-3.439673139141195,47.64463842262256],[-3.439446380397523,47.64464191655681],[-3.439388685567297,47.64471735091982],[-3.439119102572846,47.644587745113846],[-3.43906466210615,47.64469009243114],[-3.438957377629241,47.644686986761066],[-3.439231556076731,47.64474409145056],[-3.43896254608312,47.64484022758026],[-3.439088530502292,47.64488745525108],[-3.439100464766571,47.644986136651596],[-3.439013220207204,47.64492773845175],[-3.438930059312942,47.64501360995345],[-3.438790799718678,47.644967115261544],[-3.438868023758393,47.64505315989547],[-3.438699787710427,47.64509857493614],[-3.438609288844785,47.64501326331909],[-3.438677005519858,47.64491018309892],[-3.438554275933634,47.644889868110134],[-3.438528296849673,47.64511707661125],[-3.438349212186967,47.64507278073689],[-3.438250605333853,47.64514144275853],[-3.43835680587,47.6451355780345],[-3.438351124489644,47.64519910842617],[-3.438180975635593,47.6451181950301],[-3.438099982647941,47.6452220080197],[-3.437939596789675,47.64522183367323],[-3.438079941076307,47.64527730041772],[-3.438157991490182,47.64548070213831],[-3.437948016620373,47.645401987629626],[-3.437863768535427,47.64547888730673],[-3.437838561314445,47.64538093884354],[-3.43780064692224,47.64550946562732],[-3.437563863246682,47.64554060207638],[-3.437624556840067,47.64560046736911],[-3.437521609345095,47.6456332445697],[-3.437454407807961,47.64551955293196],[-3.43717862325107,47.64567024419941],[-3.437152332577814,47.64556332454668],[-3.437240920352008,47.645522309589886],[-3.437069427623665,47.64554080911979],[-3.436816417744585,47.64587989160464],[-3.436731343331259,47.64583943383496],[-3.436777112967589,47.64566531923158],[-3.43692205577252,47.645648286001574],[-3.436913379125384,47.64557651757388],[-3.436822621879421,47.64559959017248],[-3.436875983002726,47.64548827289391],[-3.436704490257255,47.64550677188853],[-3.436696898465908,47.645443974495684],[-3.436558463248575,47.64551483379267],[-3.436479073258091,47.64541084553621],[-3.436359596804825,47.64541744142302],[-3.436212223864699,47.64552491741646],[-3.436163984431697,47.64534696189532],[-3.436164807119372,47.64546431854115],[-3.435879521890555,47.645425881620504],[-3.435697481516368,47.64568879629155],[-3.435564992082265,47.645587738588354],[-3.435519218557366,47.64576185272393],[-3.435391066580333,47.645696679091834],[-3.435420049008638,47.645604770135506],[-3.435634884092389,47.64550260229525],[-3.435441441022363,47.64545006369339],[-3.435339313350881,47.64560019561646],[-3.435337408164038,47.645473867904364],[-3.435142353535763,47.64562912888963],[-3.435025309032155,47.64554527997974],[-3.43492127580256,47.64556908381905],[-3.434857332580491,47.645482303901844],[-3.435084359151989,47.64537043329409],[-3.435181622461577,47.64540118846718],[-3.4351718639138,47.64532044883002],[-3.43497382079172,47.64534041075241],[-3.434906096417124,47.64544348880321],[-3.43460021265227,47.64523459836036],[-3.434670105739125,47.64514946262871],[-3.435013090224974,47.64511247035234],[-3.434913923373,47.64495538728122],[-3.434557399721552,47.64510149753627],[-3.434583660676052,47.64476590430258],[-3.43430488506196,47.64478128999806],[-3.434334134340275,47.64458099564357],[-3.43418160490635,47.64453522808691],[-3.434000909432657,47.64469872570252],[-3.433744347933081,47.64467676051615],[-3.433977059937877,47.64450136182435],[-3.433954028429059,47.64442135464611],[-3.43379147692881,47.6444032324326],[-3.433866790425403,47.644362952586555],[-3.433735391768602,47.64427086382715],[-3.433829400191357,47.64427470687587],[-3.433831834755741,47.6441842634075],[-3.433770880410505,47.64423278174889],[-3.433680390893325,47.64414746627605],[-3.433575275799249,47.644162297844],[-3.433593153636907,47.644089064003886],[-3.433360709619681,47.64415607632319],[-3.433342831440565,47.644229310125205],[-3.433208182235227,47.644110307485704],[-3.433072997561593,47.64420807598585],[-3.433127449028191,47.644105731434806],[-3.432993616307509,47.644104085290614],[-3.432970586444653,47.64402407790199],[-3.432754668361631,47.64411726982319],[-3.432818606528541,47.64420405095267],[-3.432664726771072,47.644257695953236],[-3.432688562727176,47.64401254645455],[-3.432612165010413,47.64404385444778],[-3.432552831715714,47.64388457194566],[-3.432429023029395,47.643855279410225],[-3.432519779208238,47.64383221020329],[-3.432419268929106,47.643774539478244],[-3.432465865389882,47.64371778315547],[-3.432139414129593,47.6437809489114],[-3.432126409271467,47.64367329563143],[-3.432064370232757,47.643712841988695],[-3.43180483383222,47.64355557353337],[-3.431869581212262,47.64331719815815],[-3.431792370969539,47.64323114882153],[-3.431489220429149,47.64326593473592],[-3.43161085994895,47.64327728604904],[-3.431440997018919,47.64353049093863],[-3.4314344953183,47.6434766642537],[-3.431331548118745,47.64350943603671],[-3.431427181391826,47.643305480763225],[-3.431166021479681,47.64335601113034],[-3.431170083858551,47.64350028128292],[-3.431088268191369,47.6434867327049],[-3.431164394096287,47.64356381137897],[-3.431074721345421,47.64359585065346],[-3.431154370033902,47.64359145700757],[-3.431076888461378,47.643613792887535],[-3.431129715626702,47.64371924946646],[-3.43103787548466,47.64373334647828],[-3.431091786256656,47.64384777418405],[-3.430920296778582,47.64386626470513],[-3.430926798007999,47.64392009140776],[-3.431086096364124,47.643911304264805],[-3.431114541214545,47.64403616760351],[-3.43093871696266,47.644018773691066],[-3.430820864771089,47.644260077438275],[-3.43075720252493,47.644064909573544],[-3.430594107057018,47.64426355419378],[-3.430363825419727,47.64434850278123],[-3.430272257717335,47.644254213553594],[-3.430184750114664,47.64430419437607],[-3.430156307297006,47.64417933082844],[-3.429998091376309,47.644197087826846],[-3.430118923327706,47.64409108392205],[-3.430018415155713,47.644033411139546],[-3.429654300945927,47.644116708633554],[-3.429629109437274,47.644018758330425],[-3.429713367083333,47.643941864532586],[-3.429810624693324,47.643972624199314],[-3.429830948962247,47.64380894752549],[-3.429516685596802,47.643862402694324],[-3.429547843755432,47.64378843736835],[-3.429644017668755,47.643810226045986],[-3.429589026729325,47.64368682653957],[-3.429208389620523,47.643743941368456],[-3.429319197087506,47.6436655837254],[-3.429224106814968,47.64365276591279],[-3.42919350011238,47.643509959819234],[-3.429072391480342,47.64372434846507],[-3.429011709615446,47.64366447867199],[-3.429224658513182,47.6434359945659],[-3.429312992596308,47.64306085736464],[-3.429191078144501,47.643157889356225],[-3.429026365702737,47.64312181822823],[-3.428887926324772,47.643192668522765],[-3.42878958750352,47.643152936935216],[-3.428812080921808,47.64300720265097],[-3.42865603430786,47.64304290012431],[-3.428683414499182,47.642716279001824],[-3.428840543303147,47.642689552627935],[-3.42868721778603,47.642526420984815],[-3.428731121394725,47.64222598120024],[-3.428602986199676,47.642160800003644],[-3.428413894487747,47.64214413426371],[-3.428439082880919,47.64224208492434],[-3.428288731310189,47.64221425191554],[-3.427873416198827,47.642426799777596],[-3.427934899923844,47.64260402707816],[-3.427848197194495,47.6427713630612],[-3.427798626416374,47.64269281840202],[-3.427747940411968,47.6430478165592],[-3.427632800042818,47.64309028813228],[-3.427562060755397,47.64350057678878],[-3.427564819038731,47.64285923380008],[-3.42751035817576,47.64296157582493],[-3.427449678930734,47.64290170519687],[-3.427271657460335,47.64330887738091],[-3.427223449845797,47.643130917964605],[-3.427299849416908,47.64309961347999],[-3.427223729756266,47.64302253226956],[-3.427142718633916,47.64312633777625],[-3.427140832939255,47.643000009768556],[-3.427030303958756,47.642969979675314],[-3.427197460333368,47.642915610230524],[-3.427134615731255,47.64283779712432],[-3.427232429625398,47.64265178752934],[-3.427068802934023,47.642624684789546],[-3.427113238339718,47.642549988249414],[-3.426980772955613,47.642448920648334],[-3.426678706519021,47.64249266525597],[-3.426610449255733,47.64236999603331],[-3.426580089418431,47.6425613175202],[-3.42642079435048,47.64257009852606],[-3.426398056588282,47.6423817040492],[-3.426374192462618,47.6426268524718],[-3.426205953433195,47.64267224958045],[-3.426202423291494,47.642753721794485],[-3.426074289917997,47.642688537842645],[-3.426081868816798,47.64275133601512],[-3.425919325077783,47.64273320283437],[-3.425816941457445,47.642549198340085],[-3.425735928317135,47.642653002896914],[-3.425666307318652,47.64262974768108],[-3.425703399904736,47.64282638178757],[-3.425475848808082,47.64271249173336],[-3.42533740577819,47.642783337836086],[-3.425464790688151,47.6422886516478],[-3.425365089830297,47.64234833171892],[-3.425244820234482,47.642237559340614],[-3.425374601408645,47.64209494391369],[-3.425431746124159,47.64223628785714],[-3.425510310653355,47.642222926879775],[-3.425437726102465,47.64206437225183],[-3.425562093355448,47.64187690071741],[-3.425451619024584,47.64140435484464],[-3.425035041845,47.64083127859996],[-3.424892557888995,47.640757853684576],[-3.425046949214875,47.640929961642435],[-3.424944003005897,47.64096272784077],[-3.424629809755749,47.64057365548547],[-3.424143568731414,47.64041983450419],[-3.423734589016538,47.639909551720265],[-3.422887580043134,47.639423402450895],[-3.422827703273833,47.63948088641525],[-3.420802092383117,47.63886097534749],[-3.419806953629239,47.63836490306442],[-3.419244452277207,47.63779984608995],[-3.418824832155599,47.636757317532016],[-3.418530766772534,47.63631293857813],[-3.417853467057699,47.63568195087022],[-3.417870282451367,47.63559974783811],[-3.417793888085842,47.635631046278576],[-3.417701575610085,47.635419389397185],[-3.417607284549413,47.635523919454016],[-3.417523921460135,47.63527564655529],[-3.417376838465059,47.63527471324871],[-3.417215701706914,47.63515715305943],[-3.417181888863008,47.634987429335084],[-3.416986039389878,47.63502530344781],[-3.417028320537524,47.63493266787346],[-3.416790791749074,47.634846404979875],[-3.416693859525097,47.63470724819411],[-3.416389968522884,47.63462463765333],[-3.416172630752911,47.63404056855421],[-3.416186205640004,47.63393145179455],[-3.416255811161052,47.633954712763995],[-3.416194678439907,47.6336690923314],[-3.41631161970628,47.63297631451941],[-3.416167913974539,47.63255977730936],[-3.416061736027049,47.63256562190397],[-3.416072068336304,47.63242959115023],[-3.415893044887433,47.632385260568334],[-3.415848733283597,47.63201743682078],[-3.415738233400338,47.63198739587481],[-3.415725567696434,47.63177135381508],[-3.415514599148737,47.63168362712182],[-3.415548234569158,47.63151922138513],[-3.415456715049928,47.631424919921386],[-3.416280308065074,47.63072033665154],[-3.416216412940221,47.63063354586754],[-3.416327212261527,47.630555200014165],[-3.416226744481275,47.630497514964354],[-3.416432908861716,47.63032361110232],[-3.416439695573505,47.63026905260355],[-3.416310221285729,47.63030327259635],[-3.416330279785444,47.630247983505214],[-3.41649524554665,47.63017568638154],[-3.416204350061669,47.63020073093959],[-3.416117154723143,47.630142315198825],[-3.416164058916429,47.62997717857768],[-3.416005880440502,47.629994916759784],[-3.415964206840798,47.62987077939578],[-3.415819300196303,47.62988778676721],[-3.415790898666048,47.629762918791975],[-3.415895990342494,47.62974810311303],[-3.415962045362883,47.62985283675399],[-3.415964509544485,47.62976239298434],[-3.416160340431951,47.62972452048119],[-3.416085034229838,47.629764789218754],[-3.416161118897778,47.629841878214435],[-3.41617901583111,47.629768646497176],[-3.416311731291096,47.62976134059502],[-3.416361273156179,47.6298398906529],[-3.416360494250314,47.62972253292086],[-3.41658394859307,47.629692169814874],[-3.416625145369148,47.62959056281477],[-3.416650306204817,47.62968851665248],[-3.416498312081626,47.62986846980801],[-3.416608808006101,47.62989851006787],[-3.416818813404425,47.629534746571835],[-3.417015723759021,47.62950584394484],[-3.416980533594026,47.629435534791476],[-3.417140091330188,47.629318380157216],[-3.417104901124965,47.62924807103453],[-3.417027434495175,47.62927039776345],[-3.417091930129943,47.629140415272715],[-3.416972487703153,47.62914699139133],[-3.417010440623512,47.62901847028053],[-3.417120154512122,47.62893115229424],[-3.417258272449211,47.62896870188554],[-3.417236353635819,47.6288976620834],[-3.417427556862015,47.62893228865064],[-3.417604707378636,47.62885028787357],[-3.417683553371633,47.628728545593056],[-3.41757414025038,47.62870747764307],[-3.417762997094239,47.62839003027219],[-3.417973472503969,47.62825200874921],[-3.417899549545338,47.62819286349231],[-3.418023910953437,47.628005398636795],[-3.417978991100906,47.62785434793107],[-3.417809710482816,47.62789076198537],[-3.417920501772366,47.62781241450992],[-3.417839794527248,47.62780782785739],[-3.4178731215283,47.627751807657305],[-3.417680841257301,47.6277082104834],[-3.417764009371947,47.627622353338616],[-3.417382693046197,47.62756207226368],[-3.417522487635423,47.627391819798184],[-3.417455351661158,47.62727811558778],[-3.4171400923437,47.62732256660592],[-3.417040710636747,47.627273853482045],[-3.417053201160955,47.62715576491708],[-3.416854137826746,47.62716672499212],[-3.416915388816355,47.627009828480524],[-3.417166454052325,47.626986974205124],[-3.417389115360038,47.626839251614975],[-3.417148379376647,47.62672607512154],[-3.417144656459696,47.626473416633],[-3.416975379651688,47.626509829504066],[-3.417032005624724,47.626425434173306],[-3.416898217730413,47.626423769578246],[-3.416999279735893,47.62626468095872],[-3.416870896338793,47.62630787297136],[-3.416874740470055,47.626118013729254],[-3.417055125031478,47.626062927657],[-3.417298800519406,47.62631140497159],[-3.41744291575024,47.62617703779422],[-3.41730294309382,47.62601315909145],[-3.417454324215474,47.62604997779485],[-3.417242894734994,47.625736509364714],[-3.416928725163672,47.62578993117557],[-3.416932268337441,47.625708458527356],[-3.416736753843022,47.625637945759216],[-3.416862974129877,47.62557681121448],[-3.416650646142727,47.62558850161283],[-3.416652630757741,47.62527231297336],[-3.41670138936851,47.62523350506715],[-3.416792900471716,47.6253278058567],[-3.416772365591582,47.62515735049799],[-3.416881470304663,47.6252868059073],[-3.416864177540427,47.62514326456393],[-3.41699039651169,47.62508212986593],[-3.416815720079228,47.62507368586444],[-3.41683853946948,47.62481956583451],[-3.417016156976236,47.62496331049426],[-3.416947944331677,47.62484063451572],[-3.417102564372056,47.62490436770146],[-3.417097760974832,47.62464273764011],[-3.417291410565541,47.62458692047136],[-3.417315189472134,47.62478428978461],[-3.417352357454917,47.62453841023486],[-3.417401896004064,47.624616960062724],[-3.417525951326748,47.62453788210512],[-3.417399552662172,47.62426488591899],[-3.417579930420175,47.62420979898371],[-3.417544144075332,47.62435626326135],[-3.41762700789119,47.6243787927881],[-3.41762976829018,47.624179962000966],[-3.417983738046206,47.62412434589751],[-3.417998871555109,47.62424994449446],[-3.41783392614234,47.624322243962304],[-3.418072789163734,47.62430908980855],[-3.41814838440796,47.62416043294659],[-3.418046845722333,47.62409377794487],[-3.418296815745497,47.62406194987712],[-3.418097764203371,47.62407291208903],[-3.418076927258566,47.62401084359373],[-3.418279221602083,47.62402679539649],[-3.418332599827979,47.62391548534673],[-3.418558190849622,47.62390306102635],[-3.418371924556562,47.62368754801776],[-3.418545515651427,47.62368701837247],[-3.41856340725038,47.6236137860578],[-3.418344601365882,47.62357165159249],[-3.418302927342047,47.623447514652284],[-3.418186740750726,47.6234810060181],[-3.418015909236595,47.62328270424227],[-3.417838777827302,47.62336470587801],[-3.417836914847847,47.62323837643041],[-3.417706676738121,47.623155239975915],[-3.417764976920214,47.622863041884436],[-3.417924996849461,47.622971630726894],[-3.418012779466399,47.622813271730934],[-3.417776383910693,47.62273598163707],[-3.417922351442349,47.622727943110974],[-3.417941324500215,47.62266368219155],[-3.418046103167899,47.62275725133753],[-3.418141451779034,47.62266169157234],[-3.417952432402355,47.62264500873367],[-3.417930515261637,47.62257396883058],[-3.418052104748603,47.62258533438056],[-3.418097915369717,47.62241122500449],[-3.417950867808157,47.62241029241442],[-3.417961193338151,47.6222742607819],[-3.418110700720964,47.62218474919138],[-3.417988329761354,47.622056025515796],[-3.41818737380579,47.62204506347905],[-3.418146185825916,47.622146671424716],[-3.418240452203833,47.62204214021193],[-3.418255585726447,47.62216773891001],[-3.418383958046771,47.62212454528346],[-3.418282422939286,47.622057890416826],[-3.418373148173512,47.62203483193862],[-3.418450008515271,47.62222927792845],[-3.418502303578884,47.62210899636463],[-3.418735157226045,47.62226775786466],[-3.419158408481348,47.62234378457646],[-3.418983252635897,47.622109598791404],[-3.418988954607637,47.622046068584815],[-3.41911378644888,47.6220843470192],[-3.418992494388744,47.621964595717316],[-3.419174728825217,47.62203583576939],[-3.419143568990644,47.62210979916021],[-3.419201267993344,47.6220343739145],[-3.41880701727197,47.621866441384014],[-3.418754236074044,47.621760978043895],[-3.418611514372106,47.62179593161479],[-3.418557950012438,47.62157310997294],[-3.418817934243827,47.62151363588608],[-3.418771045695841,47.62167877429214],[-3.418894307807023,47.621482336548176],[-3.419148589513207,47.6214863919448],[-3.419171588938329,47.621566402988506],[-3.419202748416915,47.6214924395696],[-3.419403850859781,47.621941936929595],[-3.419260446668765,47.62141701427075],[-3.419624422270591,47.621333748190644],[-3.419853147919929,47.62179075418041],[-3.419826117301522,47.6215664711102],[-3.420018377203466,47.62161006489041],[-3.420156677077841,47.621981743121076],[-3.420115588542349,47.62164083298192],[-3.42026263402223,47.62164176284693],[-3.420120796283175,47.6213515576077],[-3.420140648734773,47.62096213556509],[-3.420032626196951,47.62084165423754],[-3.420132881229854,47.62056520419005],[-3.420025646338483,47.620562081098434],[-3.420071154474642,47.62049635771218],[-3.419991539331065,47.620500743855246],[-3.419787685230457,47.62025007843446],[-3.419787193820003,47.62002433318223],[-3.419902290683435,47.619981868834884],[-3.419759869431772,47.619908436870055],[-3.419862778223315,47.619875674883595],[-3.419859042938044,47.6196230155923],[-3.41997738249532,47.61960746515884],[-3.419933839963463,47.619356998882836],[-3.42019892400754,47.619450765320536],[-3.420296719217883,47.61926475928651],[-3.420311856790727,47.61939035789709],[-3.420345175943246,47.61933433674935],[-3.420449952289788,47.61942790389864],[-3.420328957050959,47.619199766809814],[-3.42035578850578,47.61908991767296],[-3.420453783197714,47.61923804386786],[-3.420336913431745,47.61871165965468],[-3.420474219406058,47.61863184726594],[-3.420429794618924,47.618706542203135],[-3.420573294875107,47.618788944725594],[-3.420649168469995,47.618531898774776],[-3.420564149889159,47.6184914286631],[-3.420678161529701,47.61843999218676],[-3.420614273952603,47.6183532032603],[-3.420717472211088,47.61821205342764],[-3.420857727600345,47.61826754163051],[-3.420870118188473,47.61859197168679],[-3.420928892293856,47.6185255167793],[-3.421104629325986,47.618542925983434],[-3.421227789188999,47.618789004992074],[-3.421190729787615,47.61859236702512],[-3.421269260584439,47.618579008736475],[-3.421126344138171,47.61827983293739],[-3.421420416624277,47.61828168994039],[-3.421491959706204,47.61798875807488],[-3.421393672813324,47.617949019745815],[-3.421468958344904,47.61790874734133],[-3.421704755906327,47.618202804311174],[-3.421628388682217,47.61823410553952],[-3.421725594801933,47.61826487234423],[-3.421742689654847,47.618074280940036],[-3.421857780758954,47.618031814623095],[-3.421878619765721,47.61809388263427],[-3.421918716016105,47.61798330184071],[-3.422018084879654,47.61803201104664],[-3.422126607496096,47.618378236170244],[-3.422029901814717,47.618573215137864],[-3.422256049135746,47.61834400952084],[-3.422241988844177,47.61822738241142],[-3.422364650929125,47.6182477148135],[-3.422451331019319,47.618080380782025],[-3.422597285118266,47.61807233639414],[-3.422563679876578,47.61823674529708],[-3.42270530784043,47.618192815520594],[-3.422677400037455,47.618293693935634],[-3.422783548876753,47.61828784328497],[-3.422810878999342,47.61840373898591],[-3.423031613798944,47.618129675289424],[-3.423149949121996,47.61811412162938],[-3.423038392217367,47.618075116065384],[-3.423111513284625,47.618016899984646],[-3.423252852374552,47.618081356625645],[-3.423287755545699,47.61826005137654],[-3.423169419939344,47.618275605175064],[-3.423182400549678,47.61838326086295],[-3.423070554846919,47.61845264240107],[-3.423171295363504,47.61840193485901],[-3.423407104479333,47.618695988317334],[-3.423463999412111,47.618503202472155],[-3.423358137848306,47.618400666677346],[-3.423448854675322,47.61837760421313],[-3.423515992221704,47.61849130549832],[-3.423674134119062,47.618473557041696],[-3.42367983012052,47.618410026487716],[-3.423575844709486,47.61843382055903],[-3.423499765593294,47.61835673594109],[-3.423640311309977,47.61830383372901],[-3.423788429480173,47.61831373045965],[-3.423801411347974,47.618421386076626],[-3.423950611723933,47.61844025390202],[-3.423905110116188,47.61850597886912],[-3.424010177381827,47.61849115580439],[-3.424047247097381,47.61868779288672],[-3.424142291661433,47.6187006150777],[-3.424166155340766,47.618455464083546],[-3.424271222434517,47.618440640783554],[-3.423742419663386,47.618153709916044],[-3.423823399504065,47.618049905429],[-3.424025672977648,47.61806584732768],[-3.424049250686388,47.61792908337482],[-3.424070092200756,47.6179911509982],[-3.424089056175625,47.61792688892414],[-3.424252605660319,47.61795399618241],[-3.424323847099718,47.61776944963966],[-3.424228804149732,47.61775662759031],[-3.42425511657725,47.61742103194215],[-3.424385636433327,47.61739577421724],[-3.42445904048899,47.61722917014167],[-3.424562737983537,47.6173137624019],[-3.424563023160162,47.61720537526928],[-3.424727937472776,47.61713306603475],[-3.424551121975977,47.617106690970154],[-3.424742572530104,47.61703291863096],[-3.424746103198869,47.61695144537988],[-3.42465675627888,47.61687509301725],[-3.424502947088449,47.61692872802528],[-3.424443382703896,47.61687782633351],[-3.424572819220641,47.61684359708998],[-3.424449077619763,47.61681429569009],[-3.424693600037408,47.6167375972994],[-3.424642976141354,47.61665007894555],[-3.424846611118332,47.616566603566866],[-3.424926219996386,47.616562214105286],[-3.424945695620229,47.616723697483124],[-3.425131450176208,47.61671345516494],[-3.425158270500538,47.616603604785055],[-3.425269825879199,47.61664260835344],[-3.425300175673421,47.61645128464911],[-3.425385993145426,47.61660910982422],[-3.425260602096235,47.61678761231944],[-3.425448520950076,47.616795312087454],[-3.425499146304296,47.61688283008559],[-3.42540382118302,47.61697839614022],[-3.425580636676165,47.617004769915546],[-3.42534124099411,47.61723471375652],[-3.425602561709696,47.61707580858562],[-3.425729268107102,47.61724040976662],[-3.425847600673201,47.617224853366025],[-3.425746065566201,47.61715820482076],[-3.425882277312068,47.617069414721136],[-3.425901756012614,47.61723089789759],[-3.425646928110659,47.61744363145731],[-3.426018724113852,47.61731475717213],[-3.425962921841661,47.617516515664434],[-3.426155172169666,47.61756009943288],[-3.426186838079581,47.61771187951739],[-3.426347941938218,47.61782942838779],[-3.426350344007969,47.61818150351269],[-3.426575346742285,47.61838583783185],[-3.426622489258861,47.618112308927294],[-3.426684502579973,47.618072764936926],[-3.426786040597771,47.61813941263506],[-3.426587335951151,47.61759948255321],[-3.426720300534197,47.61748377765756],[-3.426743309582115,47.61756378737406],[-3.426941252745523,47.61754383911558],[-3.42706010776814,47.617754026998824],[-3.427073936343182,47.61753652094002],[-3.427174391452579,47.61759419704425],[-3.42722205302097,47.61754641331971],[-3.427257248836495,47.61761671981678],[-3.427373416975212,47.61758321932732],[-3.427347647425623,47.61814456111296],[-3.427437524058061,47.61844665679486],[-3.427502505287346,47.61854241325047],[-3.42755369388951,47.61841315614032],[-3.427720494073056,47.61846717233381],[-3.427796300821402,47.618652641263814],[-3.427404457089983,47.618836812441444],[-3.427752690047364,47.61884469730353],[-3.427325647873011,47.61895856190175],[-3.427345411166118,47.61901165764208],[-3.427621889267178,47.61897834582031],[-3.427258744903579,47.619178995225845],[-3.426947069031563,47.61914199966205],[-3.426961941898097,47.61937598444199],[-3.426876636697648,47.619443905963465],[-3.427146622889642,47.619356767664904],[-3.427331024180341,47.61944593761647],[-3.427293662200414,47.61935768867875],[-3.427654084852484,47.61935587071832],[-3.427706356364606,47.61923558485682],[-3.42781250652529,47.619229729638086],[-3.428041293250638,47.61968672008323],[-3.427858776504411,47.61972388078699],[-3.427758841761011,47.619891950593384],[-3.427856054431933,47.61992271226919],[-3.427758563058204,47.62000033758449],[-3.427159014686042,47.620123716103414],[-3.427385670090774,47.62012024597117],[-3.427342336190691,47.62020391474026],[-3.426792613694702,47.620297450157715],[-3.426773652132064,47.62036171259267],[-3.427250255765226,47.62032639591813],[-3.427170361565982,47.620439173920786],[-3.42686272739027,47.62054645015787],[-3.426849177728693,47.62065556890959],[-3.427224520315747,47.62044521782897],[-3.427449012124379,47.6204238050541],[-3.42743546369226,47.62053292388069],[-3.427344465378136,47.620664376369305],[-3.427041440084259,47.62069915114894],[-3.427120774942335,47.620803147145445],[-3.42702680833433,47.62079929865259],[-3.427043604915231,47.62071709367006],[-3.426915242986321,47.620760296845624],[-3.42692281976132,47.620823095674844],[-3.427009209517637,47.62076414542832],[-3.427039797336851,47.6209069537723],[-3.427129434398477,47.62087491721895],[-3.427068220466247,47.62103181958023],[-3.426935528180748,47.62103913773618],[-3.42684132049542,47.62070115702016],[-3.42674843645292,47.62070627956556],[-3.426784716101464,47.62078555735408],[-3.42671187608047,47.62073538871026],[-3.42661381949559,47.62102978690636],[-3.426677720028952,47.62111657243142],[-3.426709951211911,47.621051578255276],[-3.426767357659815,47.621084536159415],[-3.426837191690342,47.62144192298291],[-3.42712695201413,47.621407880576875],[-3.427198431037652,47.621557464591994],[-3.427300255967192,47.6215157248245],[-3.427360910736724,47.621575596191725],[-3.427368208647241,47.621746781858796],[-3.427515254544641,47.621747702592536],[-3.427533133189152,47.621674468831365],[-3.427900314255802,47.62206060951899],[-3.427900592681568,47.621952222642165],[-3.428005665620212,47.6219373960091],[-3.428085004196763,47.62204139128451],[-3.427916831496114,47.62208679133953],[-3.428008635222735,47.622072696623206],[-3.428044917671286,47.62215197396465],[-3.428220668961126,47.622169372428345],[-3.428224194661531,47.622087899286775],[-3.428450581027012,47.622192813961625],[-3.428428122135257,47.62189603101501],[-3.428543216160047,47.62185355819303],[-3.428566783968473,47.62171679359405],[-3.42864856563204,47.621730344090125],[-3.428523199418148,47.62146633079297],[-3.428632878954651,47.62137900165493],[-3.428732260264374,47.621427705063006],[-3.428798883370087,47.62131565806952],[-3.428847076536895,47.621493618841754],[-3.428918030461135,47.6214174567466],[-3.429004142794437,47.621466891954746],[-3.429030957538092,47.62135704095322],[-3.429183140514347,47.62151120269242],[-3.429137366818958,47.62168531649518],[-3.429247852916763,47.62171534492547],[-3.429235686403311,47.62128252936228],[-3.429313136335515,47.62126019444553],[-3.429375958712152,47.62133800724738],[-3.429378399775403,47.62124756279978],[-3.429451243000995,47.621297729767335],[-3.429585293440279,47.621190993065234],[-3.429689006752851,47.62127558060164],[-3.429703633639255,47.621175432788995],[-3.429733938283209,47.621869146149386],[-3.429852020419546,47.62151945380013],[-3.430107386079468,47.62153245656787],[-3.430139613338052,47.621467461459176],[-3.429991759417947,47.621349185884334],[-3.429950594442471,47.621450798028036],[-3.429853377782111,47.6214200381198],[-3.429886962577918,47.62125562738832],[-3.429977407230544,47.62134094680834],[-3.43004402761465,47.6212288990996],[-3.430557195435116,47.621164458764774],[-3.43111964567294,47.62128694724771],[-3.430852905412666,47.6214010083109],[-3.430605394326726,47.62134241882522],[-3.430547712184641,47.621417849730825],[-3.430473784759328,47.621358712224506],[-3.430432620693975,47.62146032453762],[-3.430604038366549,47.621441834518244],[-3.430585080985431,47.621506097534194],[-3.430737541538326,47.62155187033065],[-3.430628948126604,47.62164817266041],[-3.430769495443287,47.62159526195824],[-3.431054649643841,47.62163371182904],[-3.431103122539829,47.62170328474308],[-3.430958242890376,47.62172031096582],[-3.431110704374978,47.62176608327013],[-3.431280228059633,47.62162126292216],[-3.431246107444953,47.62155992899967],[-3.431379883595286,47.6215615771647],[-3.431321119157398,47.62162803722768],[-3.431478996592602,47.621718665134985],[-3.43151907567933,47.62160808125168],[-3.431616022761599,47.62174722667346],[-3.431832665155087,47.6217713938929],[-3.431880326283244,47.62172360836969],[-3.431769838687675,47.621693582429856],[-3.4318551412572,47.62162565741279],[-3.432165751734147,47.62165366862236],[-3.432157894720466,47.62125673819254],[-3.432435464777219,47.621232386224484],[-3.432421657088963,47.62144989250547],[-3.432503439322017,47.62146344030412],[-3.432500458361792,47.62132813976219],[-3.432674856287308,47.621444947245436],[-3.432614464558702,47.62127669170856],[-3.432695969255771,47.62095610735548],[-3.432911525520476,47.620971301376635],[-3.432837059299971,47.62112893923955],[-3.432909637362194,47.62128749098454],[-3.432807548794352,47.62143762257031],[-3.432722516370177,47.62139716137052],[-3.432721164351153,47.6214965770853],[-3.432843569550197,47.62162528535933],[-3.432913434528659,47.62154014963924],[-3.433064813729755,47.62157694819476],[-3.432993865509617,47.62165311280282],[-3.43315201362092,47.62163535154101],[-3.433207538254886,47.62198449576832],[-3.433292839459971,47.62191656971135],[-3.433221075257319,47.62187537635371],[-3.433325063072207,47.62185157373654],[-3.433550374925033,47.62194750734224],[-3.433345902880963,47.6214711207535],[-3.433448806345742,47.62143834682249],[-3.433411981892416,47.62157584497033],[-3.433502432721055,47.62166116164644],[-3.433893743634537,47.62169374410475],[-3.433814394259403,47.62158975275695],[-3.434029953400883,47.621604944708935],[-3.433924331586882,47.62139403173375],[-3.434028584131383,47.62126184155501],[-3.433969005830324,47.62121094483516],[-3.434077326446958,47.62122302631618],[-3.434039952071618,47.621134779617456],[-3.434122817846823,47.62115729747795],[-3.434147741074306,47.62136363489955],[-3.434228439976621,47.62136821029926],[-3.434224657903898,47.6215580705715],[-3.434356001500964,47.62165015986188],[-3.434337291679175,47.621163517673295],[-3.43441717182198,47.62105073481025],[-3.434625432474048,47.621337259338176],[-3.434545287410377,47.62155842924731],[-3.434653344149149,47.6216788971055],[-3.434480843432545,47.62168842187874],[-3.434623289679123,47.62176183582344],[-3.434552343436757,47.62183800137097],[-3.434379023788216,47.6217301679027],[-3.434387162642714,47.62201871119819],[-3.434231181107605,47.622054416504504],[-3.434817465471692,47.62193173450688],[-3.434743268072788,47.621980986616094],[-3.434805015464974,47.62204982528575],[-3.434862692274434,47.62197439230211],[-3.435041696558173,47.62201869404925],[-3.434939612587951,47.62216882744224],[-3.434994593729818,47.62229222580272],[-3.435054702019964,47.62212634820963],[-3.435198234040489,47.62220873261595],[-3.435183324285598,47.621974749226254],[-3.435312766272834,47.62194050816885],[-3.435349586082069,47.62180300944747],[-3.435529936995037,47.62174789472295],[-3.435685654147727,47.62182057458474],[-3.435658294326188,47.62170468210139],[-3.435987858238769,47.62166841931313],[-3.435942630796176,47.62162576194692],[-3.436141931235838,47.621506382389065],[-3.436016004600615,47.62145915097035],[-3.436197437631967,47.62141300637948],[-3.436214220284657,47.621330800104495],[-3.436427349941844,47.621436432219326],[-3.436540268560251,47.621376009166056],[-3.43643684493046,47.62162555966949],[-3.436234292761913,47.62171802621153],[-3.436292789797071,47.621759950592654],[-3.436458786307553,47.62169659613245],[-3.436403280073691,47.62178997225266],[-3.436653489012144,47.62164971794817],[-3.436571705440667,47.62163617305686],[-3.436655917760242,47.62155927336332],[-3.436730936373318,47.62162737811669],[-3.437032052281778,47.62146624896093],[-3.437047794261805,47.62181759025029],[-3.43691726958738,47.62184286206906],[-3.436872084504538,47.62224272381669],[-3.436674127630751,47.62226268885912],[-3.436796804482203,47.622283006060485],[-3.436585056428723,47.62252047762826],[-3.436442344374635,47.62255545297386],[-3.436516280068749,47.6226145866657],[-3.436415544279791,47.62266530560889],[-3.436522784352483,47.62266841364824],[-3.436154789039116,47.62304997937245],[-3.435964416642557,47.623132741358624],[-3.435999627654547,47.623203045019046],[-3.436113634483094,47.62315159359933],[-3.436246069272878,47.623252651853505],[-3.436356823875911,47.62317428670635],[-3.436416406644668,47.62322518215677],[-3.436006691514733,47.62348261681863],[-3.435837996376073,47.62374480185518],[-3.43601618537698,47.623671744104186],[-3.436102307919481,47.62372117402136],[-3.435950658454482,47.62379276624237],[-3.436055732779447,47.62377793238123],[-3.436069824711744,47.623894557493564],[-3.436278889606075,47.623855918303406],[-3.4363736850765,47.62397711729544],[-3.436805084575329,47.623899104528086],[-3.437017921270183,47.62367060388403],[-3.437079673549884,47.62373944129131],[-3.437084269996303,47.62366693910236],[-3.437243506901823,47.62365814347256],[-3.43715144323584,47.623780632238535],[-3.437315276604897,47.62369933432084],[-3.437344290943604,47.624049942180186],[-3.437161506123362,47.624195504118326],[-3.4371845337131,47.62427551150141],[-3.437343513152759,47.62437510250735],[-3.437586967413163,47.62428940627032],[-3.437785757387487,47.624386797615976],[-3.43776086930652,47.624622979499904],[-3.437674743773386,47.62457355082862],[-3.437500891043883,47.62468249565739],[-3.437541526411168,47.624797654520854],[-3.437650939395644,47.62481870380946],[-3.437626309211134,47.62494649887979],[-3.437752245497629,47.62499372847761],[-3.437725446874261,47.62510358127549],[-3.437842709054138,47.6250790416424],[-3.438051261641228,47.62525717275257],[-3.437761228970989,47.625399628907296],[-3.437970866889491,47.62558673127028],[-3.438000144499517,47.62582895194237],[-3.43788479125526,47.6259798206779],[-3.438048372415596,47.62600690850373],[-3.438122056976634,47.62617442774498],[-3.438089836595711,47.626239424898706],[-3.437898629618468,47.62620483210629],[-3.437754048925166,47.62655599781997],[-3.43799725452499,47.626578687471614],[-3.4380877211591,47.62666400037704],[-3.438100164979837,47.626545909528545],[-3.438284609400831,47.626635061854955],[-3.43829653809821,47.62673374427022],[-3.438398364222727,47.62669199493847],[-3.438334437960564,47.626605216075845],[-3.438477159601883,47.62657023849116],[-3.438402131814466,47.626502135032496],[-3.438499619584129,47.62642450109245],[-3.438461149807692,47.62632728491629],[-3.438541856583446,47.62633185732394],[-3.438561319702828,47.62605081983656],[-3.438762799789352,47.62594937833715],[-3.438783089746715,47.62578569858057],[-3.439012449260697,47.625583374757916],[-3.439184706222234,47.625682230011556],[-3.439483413463065,47.62561153932488],[-3.440329197731657,47.6256460827528],[-3.440727555719707,47.62551569552613],[-3.440737823808574,47.625379662102844],[-3.441242339454714,47.62524340605759],[-3.441512080718871,47.62526462153929],[-3.44167749790562,47.62497551519799],[-3.441814537890047,47.62500406472321],[-3.441922032947244,47.6248987810571],[-3.441881388053201,47.6247836237238],[-3.441976697611881,47.62468804460411],[-3.441838573369842,47.62465052415944],[-3.441762709317944,47.62446506491833],[-3.441834733739801,47.62439786620034],[-3.44173533494802,47.62434917401639],[-3.441839323784784,47.62432536384893],[-3.441902168026472,47.62440316978948],[-3.441968767201973,47.62429111545623],[-3.441885558398858,47.62393447171628],[-3.441723066589623,47.62391636034513],[-3.44180944500657,47.623857399245686],[-3.4417509413407,47.623815477672906],[-3.441568169339337,47.62396104652458],[-3.441455752772415,47.62380470075582],[-3.441491473141295,47.623658229117055],[-3.441623085013779,47.623641923321735],[-3.441625004296215,47.62376825235798],[-3.441706792416045,47.62378179369592],[-3.441710297640534,47.62370032021591],[-3.441845164440262,47.623710927502714],[-3.441656051041167,47.62325176461778],[-3.441774808922178,47.62257689986491],[-3.441953571064739,47.622729577875724],[-3.441959830959944,47.62289179141451],[-3.442181072132482,47.62284343701258],[-3.44217856544858,47.62249136306239],[-3.442063730571497,47.62242546242421],[-3.442026591900031,47.622228831442726],[-3.442254589558342,47.62212591667347],[-3.442226379666702,47.62189266772127],[-3.442045449631172,47.62172204782914],[-3.44211288055879,47.6217273513039],[-3.442089011336535,47.621529986738814],[-3.441972258612096,47.6213377568],[-3.442069981413427,47.62115173272077],[-3.442020323863138,47.62063067420645],[-3.442191984260031,47.62050378018233],[-3.441820370989909,47.620081799618234],[-3.441912417565115,47.61995930693962],[-3.441763206599762,47.61994046207654],[-3.441743929243438,47.61967059473807],[-3.441664066644041,47.61978338269161],[-3.441495078594535,47.61971144418835],[-3.441455774278894,47.619496870487495],[-3.441586291069143,47.61947159356629],[-3.441564343783995,47.619400557985664],[-3.441687850348523,47.61953822825925],[-3.441572771774048,47.61958071408445],[-3.441694359471582,47.61959205503865],[-3.441882875397094,47.61982547355086],[-3.441959233019762,47.61979415910449],[-3.441841399678828,47.61959295773642],[-3.441912332538532,47.61951678767374],[-3.442010387819945,47.61966489574293],[-3.441930275861169,47.619886070908564],[-3.441994199922612,47.61997284810279],[-3.442106024214012,47.61990344849764],[-3.442336768478361,47.62004422086806],[-3.442239796547571,47.61990508422496],[-3.442442082543771,47.619920994210645],[-3.442538308937491,47.62038529171197],[-3.442524203800946,47.620268667170286],[-3.442699116941025,47.62016868573552],[-3.443081931164565,47.62101450664343],[-3.443005572454992,47.62104582180422],[-3.443050557387112,47.621196863406944],[-3.443319193762906,47.62120910364967],[-3.443407242508263,47.62138485740576],[-3.443431018921356,47.62113970281989],[-3.443489520974219,47.62118162360873],[-3.443492283010043,47.6214253108263],[-3.443292999310552,47.62154470293154],[-3.443480937505311,47.621552373664024],[-3.443469345131565,47.62178782341943],[-3.443336653218108,47.621795160206396],[-3.443240018816009,47.62199015638836],[-3.443422532600155,47.6219529716909],[-3.443423864702317,47.62185355587645],[-3.443512753336717,47.62214666750425],[-3.443610817888686,47.62229477402985],[-3.4436749939668,47.6222731633025],[-3.443702125137247,47.62249744076147],[-3.44357051672138,47.622513748909135],[-3.443546986999286,47.622650516477286],[-3.443666165190614,47.62275230003742],[-3.443575449666601,47.62277537815343],[-3.443540080807692,47.62325598214763],[-3.443694727997007,47.62331968017913],[-3.443645744295598,47.623466886223525],[-3.443802562800481,47.62354852629217],[-3.44390136857322,47.623371471984626],[-3.443871819530657,47.62323763933347],[-3.44373887779382,47.623353363412676],[-3.443816570778868,47.623222632060546],[-3.44396253571207,47.62321456099274],[-3.443969887082896,47.62338574547455],[-3.444053845869096,47.623417227353656],[-3.444311639920643,47.6233397543956],[-3.444409463966085,47.623596246987944],[-3.444567262399321,47.62324433869308],[-3.444584521854293,47.62294535758139],[-3.44448970957532,47.622824165189776],[-3.444576083169327,47.62276520201121],[-3.44449212510061,47.62273372049695],[-3.444595024155213,47.62270093676687],[-3.444640151779508,47.62230107212741],[-3.444745220753292,47.62228623043771],[-3.444968029901634,47.62203006801637],[-3.445030876001208,47.62210787236521],[-3.445045717950856,47.62189933575776],[-3.445165982809958,47.622010088914216],[-3.445060803368525,47.62158241219031],[-3.445228716654406,47.62164537437759],[-3.445166114180557,47.621459183173855],[-3.445302547688808,47.62126198366781],[-3.445498083874473,47.621332448773764],[-3.445615692379429,47.621642033212325],[-3.445547060509807,47.62118524179116],[-3.445624503475075,47.62116289605703],[-3.445660811463728,47.621242167961114],[-3.445739824438263,47.62101201930505],[-3.445663467291351,47.62104333620359],[-3.44564609851557,47.620899798818016],[-3.445743565520345,47.62082215860871],[-3.4458644310856,47.62115865613276],[-3.445926675514104,47.62101071501845],[-3.446038214112959,47.621082751849215],[-3.446068291606138,47.62096675697371],[-3.446179871374756,47.62100574047938],[-3.446376978432742,47.621861825993385],[-3.446410753461392,47.62158902361309],[-3.44647951105746,47.62149490870034],[-3.44655237068891,47.62154506499443],[-3.446649232544101,47.621241679069406],[-3.446765156276979,47.621316546313714],[-3.446823901144597,47.621250078470716],[-3.446864554009725,47.621365234292945],[-3.446922213039042,47.62128979532827],[-3.446865159931261,47.621590979262635],[-3.446936694503447,47.621740551178924],[-3.44684791368676,47.6218899609192],[-3.447071317888025,47.62185953937201],[-3.447041761735549,47.62172570741899],[-3.44716769875306,47.62177292694275],[-3.447197972985109,47.62158159805802],[-3.44736504184488,47.621527199161456],[-3.447650578547621,47.621899740386105],[-3.447505095011845,47.621691042204894],[-3.447482291737289,47.62150264980579],[-3.447571917528637,47.621470597573804],[-3.447911380089306,47.62195755954081],[-3.447818019911297,47.62217947267433],[-3.447986073703635,47.62268494951933],[-3.447978709550909,47.62251376522889],[-3.448107296047377,47.62236215204489],[-3.448041424771267,47.62214904927603],[-3.448144083193222,47.622224649321545],[-3.448229365775521,47.62215671236518],[-3.448240225846077,47.62224642293467],[-3.448420564946278,47.62219128831792],[-3.448735059511984,47.6224719134775],[-3.448753523207313,47.62262442133793],[-3.448847730490203,47.62251986545506],[-3.449075625213586,47.62296784285895],[-3.449143058412949,47.62297314227141],[-3.449107214824085,47.62267709776017],[-3.449210346098689,47.62253592307201],[-3.449344125245887,47.622537550659715],[-3.449366935532864,47.62272594259513],[-3.449376094863605,47.62258093717349],[-3.44948791502125,47.6225115305935],[-3.449731725236503,47.6227599406794],[-3.449589489946121,47.62257815831091],[-3.449658243212125,47.6224840415747],[-3.449541226656024,47.62240020620302],[-3.449600203630248,47.622225350091426],[-3.449901902835559,47.622289932680566],[-3.449862713763897,47.62251788077088],[-3.450034980924386,47.622616720177696],[-3.450032574795187,47.62270716499035],[-3.449923394973617,47.62257774038738],[-3.450078667339031,47.62286717479377],[-3.450152851819854,47.62281791296558],[-3.450073935924034,47.62249715894226],[-3.45016682084021,47.62249201785104],[-3.450266922917431,47.62221554219041],[-3.450448036685564,47.62282866790755],[-3.450557450722067,47.62284970512696],[-3.450462857674452,47.62262013068939],[-3.450514692135722,47.622165703066194],[-3.450723665781207,47.62267794354283],[-3.450674312197171,47.62249102087986],[-3.450766342610228,47.62236852137539],[-3.450926196491616,47.62258545191937],[-3.450987110526716,47.62253692408654],[-3.451020167962163,47.62258928117987],[-3.451070217011853,47.6224510430064],[-3.451168534276973,47.622490756265016],[-3.451201822981493,47.622434726407434],[-3.451241399672896,47.622540909608176],[-3.451451534834863,47.62251121426089],[-3.45149443783598,47.62209340488061],[-3.451662360316348,47.62215635780153],[-3.451828569661787,47.62198459458382],[-3.451937752889092,47.62211401744525],[-3.45198562585164,47.62195783679859],[-3.452068500471746,47.62198034191629],[-3.452116542545669,47.62226667993612],[-3.452170935121948,47.62216432535241],[-3.452266850352562,47.62229448256813],[-3.452209885007786,47.62204476337684],[-3.452351269885052,47.62210918466412],[-3.452234707962452,47.6218085781051],[-3.452415270110658,47.6216450503611],[-3.452625172867445,47.62172373983739],[-3.45263689877271,47.621930807973435],[-3.45272000166025,47.621844925692685],[-3.452803735318215,47.62198478824159],[-3.452776338252037,47.62186889978077],[-3.45285377918273,47.62184654926097],[-3.453064315519796,47.62215098281294],[-3.452969712929923,47.62192141032339],[-3.453127855184967,47.621903622015594],[-3.453232694022566,47.62199715962259],[-3.453211817040227,47.621935097335324],[-3.453292518437917,47.62193965956108],[-3.453420182009847,47.622221588210905],[-3.453402385072109,47.62174392024427],[-3.453507450512705,47.621729070667875],[-3.453773466314634,47.621940118724766],[-3.453698651569869,47.621763637987605],[-3.454088212796301,47.62211234258165],[-3.454326832198229,47.62220750119727],[-3.454374473579007,47.622159706507276],[-3.454382082853541,47.62222250350619],[-3.454630935343255,47.62218162664984],[-3.454882825176324,47.622276049171255],[-3.455197995381968,47.62278240170372],[-3.455351790587031,47.62272872643382],[-3.455614779036564,47.62280447033793],[-3.45580729437284,47.62273961827944],[-3.455678529692479,47.62244872132749],[-3.455858640128769,47.6225019621436],[-3.455865607203008,47.62233901422612],[-3.455967189759083,47.62240563640267],[-3.456051375351123,47.62232872275696],[-3.455853647011272,47.622240333384504],[-3.455902595924083,47.622093122129215],[-3.455966766783186,47.62207150464585],[-3.45595545083209,47.62219856865165],[-3.456050730576227,47.622102977921976],[-3.455988955729009,47.62203415048899],[-3.456197556964632,47.62221224947244],[-3.45625737842757,47.622154747898655],[-3.455953940633957,47.62185546587258],[-3.456127746494652,47.62174649342179],[-3.456270868358605,47.622045625826644],[-3.456205848714539,47.621398979792076],[-3.456340712578307,47.62140957035319],[-3.456355289504009,47.62130941921532],[-3.45627154760092,47.621169559164294],[-3.456420767120325,47.62118838547925],[-3.456552794975616,47.62150619474964],[-3.45664893976359,47.62152796144882],[-3.4566458976057,47.62139266153397],[-3.456790768165745,47.621375603444314],[-3.456600006805956,47.62112426721747],[-3.456695283478641,47.621028675909265],[-3.456621107521377,47.621077941938076],[-3.456601314348281,47.6210248512118],[-3.456775116183368,47.62091587775119],[-3.456720086117073,47.62079248956139],[-3.456912153818171,47.62094440962166],[-3.456883660935099,47.62081955108003],[-3.456998729993142,47.62077705019594],[-3.456840592365209,47.62079484375528],[-3.456755762590452,47.62064601303048],[-3.456812319450337,47.62056159817073],[-3.456988074868023,47.6205789533585],[-3.456908682167994,47.62047497764594],[-3.457052243467547,47.62055733526195],[-3.456998300574037,47.62044291816357],[-3.457219517973158,47.62039453521506],[-3.45719646203299,47.62031453162508],[-3.45737112925791,47.62032291525641],[-3.457549928452808,47.62047556956982],[-3.457649116432912,47.620632635410615],[-3.457581249026454,47.62084411492413],[-3.457677611006448,47.62075749377748],[-3.457863155714124,47.62085558642541],[-3.457763096903295,47.620581162792554],[-3.457894478693819,47.620673225654095],[-3.457939940299747,47.62060748752338],[-3.458078935874929,47.62076234698977],[-3.458184215018842,47.62063910618485],[-3.458123526750539,47.62057925080102],[-3.458208577118768,47.6206196935222],[-3.458255125949685,47.6205629262387],[-3.458253821498389,47.620662342286415],[-3.458395426514495,47.62061836928707],[-3.458268177866306,47.62067057788996],[-3.458292323233881,47.62075955222379],[-3.458450460273387,47.62074175669845],[-3.458314293335366,47.62083058460972],[-3.458265785773151,47.620761022962135],[-3.458175079945506,47.62078411244092],[-3.458233376348661,47.62093441285511],[-3.458516371362488,47.62095485374879],[-3.458572925765651,47.620870438049856],[-3.45853181556174,47.62097206028565],[-3.45863992523525,47.62109250598225],[-3.45873280688205,47.621087358074966],[-3.45904734914862,47.62136795562327],[-3.459215493097865,47.62132251073004],[-3.459307072580982,47.621416778386624],[-3.459321643943788,47.62131662687897],[-3.45950740786785,47.62130632990742],[-3.45948543598309,47.621235297763285],[-3.45961377268536,47.621192058804986],[-3.459545466984026,47.62106940748397],[-3.459758855493503,47.62106661003897],[-3.459916118428232,47.62093145457613],[-3.459788209958272,47.6207579198575],[-3.459953087517826,47.62068556101908],[-3.459960489814403,47.62085674471321],[-3.460064463717245,47.62083291827742],[-3.460087075427093,47.620578789282426],[-3.460228678711539,47.62053481405846],[-3.460288281289718,47.62058569739754],[-3.460278489307803,47.620504958825585],[-3.460359189147202,47.6205095161718],[-3.460259993422772,47.62035245262279],[-3.460431821937877,47.62011714472785],[-3.460531017730609,47.62027420814988],[-3.46066696766795,47.62029376467275],[-3.460664579655583,47.62038420981148],[-3.460718953925103,47.62028185114855],[-3.460912330665721,47.62033434858315],[-3.461025430401505,47.62016551478017],[-3.46117075176007,47.620482583314434],[-3.461294522004743,47.620511845746215],[-3.461384137838773,47.620479782899054],[-3.461198587967934,47.62038169582603],[-3.461299506508013,47.620222568407584],[-3.461732596229969,47.62037917939891],[-3.461688857179593,47.62012872882471],[-3.461971640001034,47.62025754840223],[-3.461949665269223,47.62018651668348],[-3.462053636978966,47.62016268846864],[-3.461937694313942,47.620087836356156],[-3.462005125151409,47.620093128350376],[-3.461978797353855,47.61998621287552],[-3.462061673125254,47.62000871092483],[-3.462020988513791,47.61989356031436],[-3.462093651563495,47.62005209401327],[-3.462364254765898,47.620190619384566],[-3.462424275646733,47.62002472753675],[-3.462513681841305,47.620101050872655],[-3.462496268068825,47.619957515926856],[-3.462749249720085,47.62006089252418],[-3.462676584711605,47.61990235923389],[-3.462838656439809,47.6201372156099],[-3.462902822139124,47.620115594293985],[-3.462798177620349,47.619913678214836],[-3.462994820397298,47.619993085006],[-3.462971341548327,47.62012985666024],[-3.463101642744287,47.620212942756275],[-3.463079666527363,47.62014191124854],[-3.463201260067164,47.6201532298084],[-3.463276723753709,47.62000454344518],[-3.463459892863615,47.62019307244023],[-3.463509759257913,47.6207141219366],[-3.463615908420705,47.620708234180704],[-3.463709671777985,47.62082044025501],[-3.463713143229077,47.62073896599392],[-3.463891284039861,47.62066586560788],[-3.464045742967437,47.62083792379524],[-3.464048125271868,47.620747478608486],[-3.464232797637994,47.62072820320149],[-3.464260628187392,47.62062731499608],[-3.464324589430752,47.62071407993143],[-3.464203878320844,47.620820120480445],[-3.464413795207812,47.62089878880253],[-3.464310027617838,47.62081423209402],[-3.464372016154807,47.620774668150794],[-3.464504498531775,47.62087569447989],[-3.464456458961068,47.62114026734633],[-3.464698358758886,47.62126231754974],[-3.46472401119342,47.621143487444535],[-3.464927397365376,47.62116832938184],[-3.465053145892226,47.621323916626466],[-3.465102068596928,47.621176701447375],[-3.465202571628339,47.62123434472638],[-3.465121870279956,47.621229790728535],[-3.465244352972097,47.621358465051706],[-3.465203255091902,47.621460089610004],[-3.465310291941249,47.621571558199655],[-3.465412087087865,47.6215297852099],[-3.465532191341034,47.62174890438364],[-3.465471291427748,47.6217974398212],[-3.465390791514196,47.62168449904145],[-3.465317509081301,47.62185112844156],[-3.465139366268375,47.621924230958534],[-3.465081326422044,47.622216452785835],[-3.464989532246261,47.622230576639765],[-3.464966463868997,47.62215057465947],[-3.464925198186085,47.62219024936875]],[[-3.416288907280114,47.63001545987503],[-3.416225012985054,47.62992866906415],[-3.41617841129358,47.629985419314394],[-3.416288907280114,47.63001545987503]],[[-3.416426901195782,47.63049552729105],[-3.416560221424228,47.630271448347045],[-3.416499568888551,47.630211571639215],[-3.416426901195782,47.63049552729105]],[[-3.417657639863851,47.62529825280772],[-3.417717506292135,47.625240771071866],[-3.417620289779812,47.6252100010413],[-3.417657639863851,47.62529825280772]],[[-3.417755155600612,47.62522063613612],[-3.417810698019516,47.62512726904567],[-3.417696669333606,47.625178702546016],[-3.417755155600612,47.62522063613612]],[[-3.41796282959279,47.62328562740546],[-3.418018369635226,47.623192260123375],[-3.417911129590506,47.623189135094464],[-3.41796282959279,47.62328562740546]],[[-3.41947530162528,47.62331069458624],[-3.419563080200897,47.6231523344527],[-3.419422517679171,47.62320523162637],[-3.41947530162528,47.62331069458624]],[[-3.419658327362741,47.62349929192885],[-3.419610458281357,47.623212940763246],[-3.419537816662809,47.623496899373606],[-3.419570057975557,47.623431907247586],[-3.419658327362741,47.62349929192885]],[[-3.419633654714954,47.62362708328839],[-3.419746596972766,47.623566676541074],[-3.419672678537678,47.6235075322637],[-3.419633654714954,47.62362708328839]],[[-3.419857868184635,47.62371407190456],[-3.419849512824526,47.623533914627835],[-3.41977421813823,47.62357418587208],[-3.419857868184635,47.62371407190456]],[[-3.42078805045982,47.618686802769346],[-3.420713642314507,47.61840191356689],[-3.420684356279362,47.618602207217016],[-3.42078805045982,47.618686802769346]],[[-3.421047754407214,47.619954881731346],[-3.421132570743675,47.61966121919685],[-3.420941983399054,47.61940982453284],[-3.420969017613327,47.61963410759294],[-3.420891070477091,47.61943069167856],[-3.420847726958568,47.619514358067185],[-3.421047754407214,47.619954881731346]],[[-3.421029867442314,47.620028114564114],[-3.421171209343498,47.62009257365795],[-3.421107318987262,47.62000578507474],[-3.421029867442314,47.620028114564114]],[[-3.421141806235048,47.61951621577058],[-3.421008620336051,47.61929778186779],[-3.420953089574643,47.61939115075841],[-3.421141806235048,47.61951621577058]],[[-3.426739665324557,47.64244415057064],[-3.426853722186638,47.642392708701614],[-3.426719893956029,47.64239105537004],[-3.426739665324557,47.64244415057064]],[[-3.42427669310927,47.61804297766427],[-3.424266956053741,47.61796223597619],[-3.424172994651597,47.61795838518163],[-3.42427669310927,47.61804297766427]],[[-3.424631121100929,47.620317296563236],[-3.424582943049575,47.62013933394416],[-3.424507371416626,47.620287995277266],[-3.424631121100929,47.620317296563236]],[[-3.424739892830298,47.6209976509381],[-3.424837390414443,47.62092002818241],[-3.424772411071472,47.620824270360714],[-3.424739892830298,47.6209976509381]],[[-3.424717512569245,47.620258347996575],[-3.424748663600864,47.620184383048596],[-3.424656862260784,47.620198475216114],[-3.424717512569245,47.620258347996575]],[[-3.424906012553635,47.62004927467983],[-3.425001344049189,47.619953709181935],[-3.424785794145464,47.61993850055356],[-3.424906012553635,47.62004927467983]],[[-3.425134033901984,47.61994639321942],[-3.425200148415891,47.61960860291643],[-3.42507531799997,47.619570330938735],[-3.424971844278228,47.61981987151817],[-3.425036822756424,47.61991562927827],[-3.425080160035696,47.61983196135228],[-3.425134033901984,47.61994639321942]],[[-3.427874004719196,47.64176751411301],[-3.427904080945509,47.641684577989174],[-3.427825517808242,47.64169794057987],[-3.427874004719196,47.64176751411301]],[[-3.425377099961864,47.620854147455574],[-3.425429378071258,47.62073386270569],[-3.425312119731019,47.62075838993091],[-3.425377099961864,47.620854147455574]],[[-3.42541206379895,47.620590322292905],[-3.42547299874651,47.62054180771968],[-3.425377950584983,47.62052898662377],[-3.42541206379895,47.620590322292905]],[[-3.425453160785476,47.620406486767834],[-3.425454885659217,47.62028090905857],[-3.425381764046445,47.620339126538944],[-3.425453160785476,47.620406486767834]],[[-3.425452921757388,47.620423888921664],[-3.42536496502556,47.62042133129839],[-3.425452154605379,47.62047974042784],[-3.425452921757388,47.620423888921664]],[[-3.425339046411102,47.61976350141323],[-3.425354248208825,47.6194465800537],[-3.425274351321046,47.619559356810186],[-3.425339046411102,47.61976350141323]],[[-3.425453339549525,47.61960367330749],[-3.425512392324673,47.61942882911657],[-3.425398383230181,47.619480270286125],[-3.425453339549525,47.61960367330749]],[[-3.42583715156568,47.61868844501847],[-3.426042156835623,47.61850555186008],[-3.425870747011104,47.61852403521176],[-3.42584232801746,47.618399168951846],[-3.425650874083652,47.61847294304229],[-3.425701218487804,47.61866884793768],[-3.42583715156568,47.61868844501847]],[[-3.426196205648647,47.61878604732949],[-3.426159127950004,47.618589410939244],[-3.426105771367038,47.618700724869605],[-3.426038628041913,47.61858702508549],[-3.425912434788003,47.61864816976482],[-3.426196205648647,47.61878604732949]],[[-3.426436622268245,47.62199683938843],[-3.426375968056699,47.62193696755415],[-3.426357005410194,47.62200122986737],[-3.426436622268245,47.62199683938843]],[[-3.429511819629286,47.64360077571254],[-3.429618568156513,47.64337814757119],[-3.429414838331658,47.64346163011564],[-3.429511819629286,47.64360077571254]],[[-3.42708454758219,47.623270595121625],[-3.427112449658851,47.623169715911224],[-3.427022808733833,47.62320175241377],[-3.42708454758219,47.623270595121625]],[[-3.42727413143466,47.62307048955547],[-3.42735402935268,47.62295771163418],[-3.427278741140581,47.62299798772803],[-3.427227024578649,47.6229014995271],[-3.427185853143761,47.62300311061529],[-3.42727413143466,47.62307048955547]],[[-3.429587186650766,47.642232956676104],[-3.429649225804745,47.64219341160372],[-3.429566329252052,47.64217089081387],[-3.429587186650766,47.642232956676104]],[[-3.429760257037907,47.64333420980953],[-3.429899778978207,47.64327232961614],[-3.429829346634882,47.643131720063565],[-3.429711766244196,47.64326463711585],[-3.429760257037907,47.64333420980953]],[[-3.429760272744897,47.64289169588187],[-3.42988760226246,47.64283951894174],[-3.429861327592223,47.64273259749149],[-3.429719640391416,47.642776535389444],[-3.429760272744897,47.64289169588187]],[[-3.427436615764487,47.62308862103577],[-3.427374876672567,47.6230197785076],[-3.427356997360402,47.62309301219394],[-3.427436615764487,47.62308862103577]],[[-3.4302988076312,47.644252749193825],[-3.430398506529188,47.64419306497195],[-3.430291223556571,47.644189951344025],[-3.4302988076312,47.644252749193825]],[[-3.428051631748874,47.62298245182791],[-3.428026453153971,47.62288450010887],[-3.427829851759617,47.62280503456594],[-3.428051631748874,47.62298245182791]],[[-3.428025618625307,47.62320966056649],[-3.428024814173573,47.62309230251286],[-3.427912964898556,47.62316168852077],[-3.428025618625307,47.62320966056649]],[[-3.427938730925653,47.622600348055194],[-3.42799641803181,47.62252491848397],[-3.427854782929322,47.62256885457931],[-3.427938730925653,47.622600348055194]],[[-3.429330070194757,47.62416723253059],[-3.429278348792382,47.624070745295995],[-3.429144566419094,47.624069094725975],[-3.429330070194757,47.62416723253059]],[[-3.429236373230543,47.624054999059005],[-3.429240980356477,47.62398249719082],[-3.429166774962441,47.62403174570539],[-3.429236373230543,47.624054999059005]],[[-3.429355603493309,47.6223867232798],[-3.429366982795267,47.62225966187071],[-3.429261909600428,47.62227448972602],[-3.429221825337798,47.62238507279686],[-3.429355603493309,47.6223867232798]],[[-3.432359667028244,47.64372364252958],[-3.432477241834817,47.64359072284444],[-3.432347745511787,47.64362496037608],[-3.432359667028244,47.64372364252958]],[[-3.430313197095284,47.62146691432352],[-3.430336760198653,47.62133014934023],[-3.430176172342805,47.62143835125241],[-3.430313197095284,47.62146691432352]],[[-3.430566906531077,47.62301527470087],[-3.43064029902265,47.62284866722081],[-3.430592635780074,47.62289645221039],[-3.430464544707938,47.62283127240424],[-3.430566906531077,47.62301527470087]],[[-3.430812818125566,47.621954110794],[-3.43061107373773,47.621721406896405],[-3.430624615980589,47.621612287768066],[-3.430484341653489,47.62155681139047],[-3.430441011443766,47.62164048124755],[-3.430489756713429,47.621601667513545],[-3.430673625754546,47.62190760587358],[-3.430812818125566,47.621954110794]],[[-3.431442705829533,47.622524426317504],[-3.43163958240549,47.62249549893491],[-3.431542362869505,47.62246474044909],[-3.431633083066497,47.622441671675766],[-3.431413188489394,47.62239059045779],[-3.431442705829533,47.622524426317504]],[[-3.431900369511378,47.6225533538234],[-3.432151407368959,47.62253046728677],[-3.431945864725192,47.622487625878044],[-3.431900369511378,47.6225533538234]],[[-3.434929841118096,47.64387079819842],[-3.434973182340362,47.64378712763744],[-3.434858046127073,47.64382960631406],[-3.434929841118096,47.64387079819842]],[[-3.435232290917687,47.64548870095274],[-3.435265610701537,47.64543267630482],[-3.435172684419103,47.64543780548445],[-3.435232290917687,47.64548870095274]],[[-3.435387751683805,47.64478473900904],[-3.435467664966063,47.644671956804586],[-3.43531378652249,47.64472560528077],[-3.435387751683805,47.64478473900904]],[[-3.433486271064052,47.62418170506669],[-3.433491955997232,47.62411817422077],[-3.433673400247523,47.624072033613956],[-3.433644960049687,47.623947169608904],[-3.43375003531922,47.623932337823206],[-3.433683402520611,47.62360186914885],[-3.43361191881539,47.62389480763556],[-3.433446179267141,47.62384977119384],[-3.433355190100271,47.62398122814141],[-3.433362507561763,47.62415241322185],[-3.433486271064052,47.62418170506669]],[[-3.433812068007176,47.62433530844149],[-3.433680718741878,47.62424321866646],[-3.433444026992266,47.62427434710938],[-3.433533398864066,47.624350692458805],[-3.433812068007176,47.62433530844149]],[[-3.433808284243373,47.62452516841079],[-3.433967790368453,47.624407990497005],[-3.433775242491122,47.62447280649921],[-3.433709159181081,47.62436808264376],[-3.433696706154406,47.62448617315665],[-3.433808284243373,47.62452516841079]],[[-3.433879501417424,47.62434061666266],[-3.43390630757205,47.624230764704194],[-3.433810167193447,47.6242089793143],[-3.433879501417424,47.62434061666266]],[[-3.436502329853232,47.64493995313675],[-3.436493653885779,47.64486818465141],[-3.436401813183564,47.64488228587088],[-3.436502329853232,47.64493995313675]],[[-3.434020220555287,47.62196672279577],[-3.434051359694715,47.62189275543186],[-3.433969576411175,47.62187920872012],[-3.434020220555287,47.62196672279577]],[[-3.434120425707657,47.62213277968104],[-3.434203558695357,47.62204691058664],[-3.434087385129975,47.62208041779337],[-3.434120425707657,47.62213277968104]],[[-3.434781935344883,47.62561835091656],[-3.434913818303512,47.62549366600244],[-3.434674135032143,47.62538949672021],[-3.434624040768865,47.6255277276558],[-3.434781935344883,47.62561835091656]],[[-3.434833377473077,47.62538070438404],[-3.434865601300703,47.62531570809995],[-3.434783812566421,47.6253021619822],[-3.434722880647239,47.62535068129429],[-3.434833377473077,47.62538070438404]],[[-3.435068169491073,47.62522324410258],[-3.435061930264375,47.62506103038947],[-3.434947918344223,47.62511248073208],[-3.435068169491073,47.62522324410258]],[[-3.437537571865394,47.64543368250312],[-3.43764728591138,47.64534634598257],[-3.437545682558965,47.64527970866469],[-3.43745032828474,47.645375283149924],[-3.437537571865394,47.64543368250312]],[[-3.435949681296291,47.625111349674796],[-3.435910133116938,47.625005161434665],[-3.435737621875993,47.625014688047884],[-3.435845950611266,47.62502676786494],[-3.435762815624897,47.625112637996814],[-3.435949681296291,47.625111349674796]],[[-3.435708974682007,47.622234714204936],[-3.435683782390057,47.62213676409947],[-3.435623938789235,47.62219425513413],[-3.435708974682007,47.622234714204936]],[[-3.436415140385662,47.62420963452767],[-3.43642325109205,47.624055659076134],[-3.436201999680732,47.62410400254105],[-3.436209587855038,47.6241668006595],[-3.436367742343139,47.62414903506629],[-3.436415140385662,47.62420963452767]],[[-3.436552778539872,47.62490645307078],[-3.436595017716773,47.624813809933904],[-3.436499959278577,47.62480099791771],[-3.43640355563894,47.62488760140812],[-3.436552778539872,47.62490645307078]],[[-3.436544668077828,47.62506042846395],[-3.4365438448695,47.624943070581345],[-3.436454206627354,47.62497511429299],[-3.436544668077828,47.62506042846395]],[[-3.436121111339379,47.6218868358639],[-3.436188803483927,47.62178375585325],[-3.436108103785471,47.62177918180904],[-3.436121111339379,47.6218868358639]],[[-3.436645710325178,47.62534384078393],[-3.436674679543133,47.62525193054804],[-3.436587209085535,47.62530191665682],[-3.436645710325178,47.62534384078393]],[[-3.436227265848226,47.62188097300489],[-3.436407616118454,47.62182585692728],[-3.436348034919848,47.621774961435776],[-3.436227265848226,47.62188097300489]],[[-3.437101842433075,47.62602306801394],[-3.437135407799965,47.62585865558782],[-3.436985922033101,47.62594819135991],[-3.436877591169983,47.62593611260584],[-3.436959641459142,47.62584127057201],[-3.436789296019063,47.625868741024036],[-3.436806642596307,47.62601227935927],[-3.437013546855303,47.62595569660466],[-3.437101842433075,47.62602306801394]],[[-3.437679847808183,47.626605251677596],[-3.437686612331107,47.6265506918418],[-3.437594803459312,47.6265647941327],[-3.437679847808183,47.626605251677596]],[[-3.437643399079552,47.6251984238833],[-3.437681299424432,47.62506989579926],[-3.437542918350156,47.62514075700984],[-3.437643399079552,47.6251984238833]],[[-3.43990257631244,47.64443609902632],[-3.440031238579705,47.64428449645293],[-3.43989064068785,47.644337417679466],[-3.43990257631244,47.64443609902632]],[[-3.440227176761851,47.64468909750292],[-3.440205220914268,47.64461806259234],[-3.440394578239679,47.6445263235874],[-3.44010795613693,47.6445873115884],[-3.440227176761851,47.64468909750292]],[[-3.44021791776045,47.64439158696844],[-3.440296735123273,47.644269830409314],[-3.440210829069601,47.64411201844706],[-3.440136352119759,47.644269659078056],[-3.44021791776045,47.64439158696844]],[[-3.441608519484481,47.64428766823731],[-3.441648594530406,47.64417708216894],[-3.441571116500806,47.64419942500092],[-3.441608519484481,47.64428766823731]],[[-3.440352881234356,47.626394351752076],[-3.440381844639425,47.626302440646526],[-3.440268919948424,47.62636286726082],[-3.440352881234356,47.626394351752076]],[[-3.440416810525289,47.62648112951944],[-3.440475568981026,47.62641466504623],[-3.44037157546589,47.6264384739739],[-3.440416810525289,47.62648112951944]],[[-3.440507533712399,47.626458053900734],[-3.440537834472952,47.626266727203955],[-3.440450618935896,47.6262083295114],[-3.440507533712399,47.626458053900734]],[[-3.44102073916652,47.62639356776469],[-3.441067311309464,47.626336807501424],[-3.440962233340484,47.62635164585153],[-3.44102073916652,47.62639356776469]],[[-3.441354336582887,47.62605904322009],[-3.441518170543551,47.62597773950236],[-3.441488626033245,47.625843906427725],[-3.44142527872972,47.62598287370625],[-3.441294745943153,47.626008150362956],[-3.441354336582887,47.62605904322009]],[[-3.441608892399024,47.62595466302224],[-3.441750525162337,47.625910710324774],[-3.441700949586216,47.62583217087995],[-3.441557147071293,47.62585818131489],[-3.441608892399024,47.62595466302224]],[[-3.44241819856376,47.62502488241955],[-3.442477201769308,47.62485003014143],[-3.442367537751097,47.62493737212348],[-3.44241819856376,47.62502488241955]],[[-3.442771807673054,47.62463505985986],[-3.442713550762207,47.6244847520167],[-3.44263151278096,47.62457959815842],[-3.442771807673054,47.62463505985986]],[[-3.442743005671313,47.62417606666862],[-3.443129067105734,47.62361285752003],[-3.443009888017279,47.623511073456875],[-3.443046689084379,47.623373572420526],[-3.443186981238312,47.623429033657665],[-3.443273357249855,47.623370071460826],[-3.443220183031626,47.62293048761283],[-3.443295459119858,47.62289020124238],[-3.443311296628217,47.6222481173953],[-3.443127944117914,47.622167943910135],[-3.443169331990201,47.62195794024984],[-3.442978632681521,47.62170658185354],[-3.442752808365629,47.62182744027772],[-3.442681036983774,47.62178625273121],[-3.442525897984698,47.6219393271466],[-3.442630560779279,47.62258377984268],[-3.442528497071166,47.62273391982445],[-3.442442370171472,47.622684494620785],[-3.442776368111877,47.623126615675886],[-3.442467077412476,47.62299921696151],[-3.442574748190208,47.623778969482224],[-3.442743005671313,47.62417606666862]],[[-3.442490928014153,47.62176063848783],[-3.442736532233211,47.621692873627595],[-3.442666342995335,47.62144388330859],[-3.44254341714497,47.62153195920299],[-3.442490928014153,47.62176063848783]],[[-3.442816147282602,47.62168847198237],[-3.44286187636755,47.6215143528215],[-3.442702895152899,47.62141476918064],[-3.442734362088423,47.62167493140671],[-3.442816147282602,47.62168847198237]],[[-3.443333397692693,47.621768246893105],[-3.443242093091093,47.621565579797306],[-3.443148123980876,47.621561744276725],[-3.443126421268626,47.62138232212294],[-3.442901342561114,47.62117802000991],[-3.443041133429732,47.621450255380026],[-3.442989979414558,47.62157951907466],[-3.443333397692693,47.621768246893105]],[[-3.444932028861836,47.624271775267815],[-3.444952055449961,47.62421648109371],[-3.44483154200351,47.624214114637326],[-3.444932028861836,47.624271775267815]],[[-3.44494374899408,47.623485420501154],[-3.444939894751494,47.62323276249299],[-3.444870046738281,47.62331790533224],[-3.44494374899408,47.623485420501154]],[[-3.451001395123291,47.62309606601351],[-3.451057963677906,47.62301165404677],[-3.450964223065292,47.62289943794304],[-3.451001395123291,47.62309606601351]],[[-3.455906924569216,47.62267991163106],[-3.455924986107164,47.62249828665709],[-3.455836450897319,47.622539316266725],[-3.455906924569216,47.62267991163106]],[[-3.456800738449439,47.621066823740925],[-3.456711814520329,47.621054853669655],[-3.456801214273017,47.62113118133808],[-3.456800738449439,47.621066823740925]],[[-3.457296079954351,47.62080572980539],[-3.457178186581991,47.620604544019464],[-3.457000256123946,47.6205692471523],[-3.456954793393494,47.62063498491852],[-3.457296079954351,47.62080572980539]],[[-3.457405492542988,47.62082676063137],[-3.457417892271721,47.62070866737404],[-3.457545141842216,47.62065645969858],[-3.457387223307444,47.62056586698213],[-3.457405492542988,47.62082676063137]],[[-3.458111999166508,47.62081470212335],[-3.45817181700141,47.62075719952775],[-3.458053486034665,47.62077278865181],[-3.458111999166508,47.62081470212335]],[[-3.459729714490109,47.62126691318209],[-3.459705566497479,47.62117793916861],[-3.459627041504469,47.62119132328358],[-3.459729714490109,47.62126691318209]],[[-3.460785749929299,47.62061230494325],[-3.460810322674826,47.620484504710134],[-3.460711790129543,47.62055318655686],[-3.460785749929299,47.62061230494325]],[[-3.460823591301592,47.62048376905253],[-3.460908854966584,47.62041582277783],[-3.460849251986587,47.62036493975104],[-3.460823591301592,47.62048376905253]],[[-3.462513473697182,47.62020943792458],[-3.462422978972278,47.62012414365835],[-3.462433862479922,47.62021385300017],[-3.462513473697182,47.62020943792458]],[[-3.465290084919296,47.62173524290967],[-3.465306822873505,47.62165303247338],[-3.465230476290447,47.62168436215334],[-3.465290084919296,47.62173524290967]]]},"properties":{}}]}