{"type":"FeatureCollection","features":[{"type":"Feature","geometry":{"type":"Polygon","coordinates":[[[-3.491526210664845,47.653304809676555],[-3.49162038828663,47.65320022097215],[-3.491473404088062,47.653090995718365],[-3.491326270751026,47.65309015552335],[-3.491271921769191,47.65319252668845],[-3.491095104147961,47.65305786762906],[-3.49086175022131,47.653007638245],[-3.490770852816854,47.653139137897625],[-3.490636995693619,47.65313755778593],[-3.49047111721252,47.65309260295754],[-3.490446903552633,47.65300363677414],[-3.490145923174121,47.653056515727194],[-3.4890995881357,47.65291606078425],[-3.489200022817224,47.653082067709924],[-3.489280928291572,47.652978219747666],[-3.489441337600093,47.652978323621454],[-3.489367147467594,47.65302760962746],[-3.489561764652632,47.65308902926204],[-3.489662507339686,47.653038265292565],[-3.490081728902309,47.65307815164026],[-3.489927881166903,47.653131871791565],[-3.490035185569623,47.653134930647596],[-3.489974272124034,47.653183478069714],[-3.490059398602555,47.653223896910184],[-3.490341483335989,47.653235289824664],[-3.490287436020041,47.65312089004883],[-3.490420199361671,47.65311350004129],[-3.490753050434596,47.65321238012123],[-3.490986555585595,47.65315422447729],[-3.491011864045082,47.65325216105535],[-3.49108495912762,47.65319390349796],[-3.491196639167462,47.65323284333926],[-3.491164467110178,47.65329785420598],[-3.491526210664845,47.653304809676555]],[[-3.490243080270564,47.65319561017883],[-3.490118124657374,47.65315740840025],[-3.490122651563756,47.653084905246494],[-3.490231049580109,47.653096934445315],[-3.490243080270564,47.65319561017883]]]},"properties":{}},{"type":"Feature","geometry":{"type":"Polygon","coordinates":[[[-3.50704579373894,47.652656502028094],[-3.506876731623045,47.652476274080264],[-3.506963202221155,47.65230888038432],[-3.507223002623074,47.65246598110581],[-3.507266002722446,47.65259905473715],[-3.50733469291511,47.65250490553897],[-3.507120202332032,47.65239043419378],[-3.507027506562476,47.65217884987655],[-3.506835065533481,47.652135400041445],[-3.506783176884017,47.6520389485731],[-3.506680259491574,47.65207178658253],[-3.506829701436566,47.65198216286429],[-3.506618503319802,47.651894601681974],[-3.506520209495758,47.651746550377496],[-3.506448229648366,47.651813788007765],[-3.506373079631933,47.651745729126056],[-3.506324242777127,47.65189295924145],[-3.506244707353742,47.651789018772824],[-3.506316687424197,47.65172178126705],[-3.506129730327924,47.65172318214663],[-3.506026933016076,47.651647634243545],[-3.505878586959653,47.651746227332154],[-3.505701616735255,47.65171997561754],[-3.505470326368906,47.65179610147589],[-3.5054458461794,47.651923909012396],[-3.505319786452487,47.65187675307864],[-3.50490811377148,47.652008099425174],[-3.50467036702992,47.65192201602956],[-3.504658064635341,47.65204011237325],[-3.50459180808138,47.65193543016069],[-3.504476709756588,47.65197797724157],[-3.504347362618751,47.65190390907939],[-3.504186832902228,47.65201221099186],[-3.503807436765171,47.651970153639304],[-3.503982090886167,47.65208685274478],[-3.504122645581695,47.65203385462918],[-3.504534074581801,47.65211928169822],[-3.504768656044119,47.65207006887637],[-3.504806169056299,47.6521582914921],[-3.505036243887927,47.6521815818924],[-3.504934543390135,47.65211500343393],[-3.505058532839497,47.65203583368389],[-3.505142572729317,47.65206727117356],[-3.505278741400971,47.65197839011898],[-3.505406993785101,47.65204348686314],[-3.505577508187408,47.65190753139637],[-3.505517827438559,47.651856672003404],[-3.506170653980622,47.65172993013793],[-3.506046666892368,47.65180910108058],[-3.506209265429179,47.65182712269709],[-3.506262249203523,47.651932544807735],[-3.506127178634951,47.652030397388025],[-3.506249950330048,47.652050641318304],[-3.506263345572267,47.651941515184475],[-3.506344096873957,47.65194604068169],[-3.506415957947323,47.65198718844997],[-3.506342881259288,47.65204545563212],[-3.506517660050056,47.65205376562367],[-3.506485507372674,47.65211878074706],[-3.506613761566621,47.652183876162034],[-3.506675755171452,47.65214429041449],[-3.506690986875815,47.65237826092369],[-3.506809373704801,47.65236262277995],[-3.50689317891022,47.65261082960108],[-3.50704579373894,47.652656502028094]],[[-3.50683702201444,47.65237011140534],[-3.506808395523121,47.65224526710091],[-3.506700973444951,47.652350608954116],[-3.506703403349196,47.652151779072355],[-3.507017520194721,47.652206501876535],[-3.50683702201444,47.65237011140534]]]},"properties":{}},{"type":"Feature","geometry":{"type":"Polygon","coordinates":[[[-3.477925206317992,47.65016872987026],[-3.478274919029074,47.65007704921416],[-3.478566244957409,47.649835079536295],[-3.47875537955202,47.649851664040376],[-3.47871463615964,47.64973652102609],[-3.478786472945387,47.64977768582945],[-3.478793198372098,47.64972312427599],[-3.479655196411608,47.64955781525874],[-3.479281644390314,47.64934376054197],[-3.478812458015233,47.64944208352614],[-3.478771364346235,47.649543711379884],[-3.478618782633152,47.64949800195706],[-3.478610614264933,47.649760363707834],[-3.478378202117515,47.64982746537364],[-3.478203082234946,47.65003588410279],[-3.477926474838488,47.65006931512438],[-3.477925206317992,47.65016872987026]]]},"properties":{}},{"type":"Feature","geometry":{"type":"Polygon","coordinates":[[[-3.473259457759073,47.64872998414334],[-3.473124708188466,47.648611027797266],[-3.472935579742078,47.64859443416915],[-3.472754460982779,47.64842386422006],[-3.472577518090013,47.64839756230012],[-3.472200919466531,47.6480481871887],[-3.471852489406444,47.64804043497936],[-3.471742825817988,47.648127803486254],[-3.47181536684131,47.64839471430758],[-3.471536583034502,47.64841018880136],[-3.471681332553527,47.648501497961405],[-3.471702051821456,47.64867194156373],[-3.471828074255079,47.64871913383605],[-3.471885916763744,47.64853529814564],[-3.472227806598012,47.64848922598604],[-3.472318741777678,47.64835774044052],[-3.47255077941202,47.64850742174552],[-3.472820650709474,47.648528564666826],[-3.472958671500073,47.64867443347991],[-3.473259457759073,47.64872998414334]]]},"properties":{}},{"type":"Feature","geometry":{"type":"Polygon","coordinates":[[[-3.460056807753225,47.646653560809625],[-3.460115777074935,47.646478701583746],[-3.459913598663333,47.646354436852164],[-3.459739934261608,47.64635502797377],[-3.459888564132767,47.64614810760653],[-3.459650041816782,47.64594457593355],[-3.459928602690673,47.646037515378595],[-3.460064831264753,47.645948686742905],[-3.460219114153252,47.645678234484315],[-3.460096587756715,47.64554955650942],[-3.459848932568369,47.645491029732575],[-3.459666796054056,47.64586236733503],[-3.459371696539359,47.645743250210316],[-3.459204349137376,47.64590605120613],[-3.459266155767946,47.64597487608858],[-3.459129052593057,47.64594634734936],[-3.45915799426908,47.645854432521254],[-3.459033951102217,47.645933553813016],[-3.458803923328281,47.64591017277238],[-3.458818070822941,47.64602679379952],[-3.458408066840924,47.645841790772856],[-3.458380212075677,47.64594267626823],[-3.458499470580217,47.64604444346441],[-3.458343218239573,47.64618856611618],[-3.458451378576627,47.646309010416736],[-3.458686408996633,47.64604311878122],[-3.458704909289249,47.6461956232076],[-3.458857464495828,47.64624135870975],[-3.458846581692152,47.64615165024181],[-3.458942771821741,47.64617341477528],[-3.458799138687083,47.646091060573845],[-3.459031559174513,47.6460239977195],[-3.459141897387778,47.64616238308184],[-3.459293364519067,47.6461991471716],[-3.459213929208167,47.646095174403435],[-3.459339060842438,47.646025023770356],[-3.459448311475364,47.646154438000835],[-3.459606523388337,47.64613664114392],[-3.459604132422021,47.646227085052566],[-3.459721430955612,47.64620252372394],[-3.459663549067343,47.64638635361436],[-3.460037214952242,47.64649208579937],[-3.460056807753225,47.646653560809625]]]},"properties":{}},{"type":"Feature","geometry":{"type":"Polygon","coordinates":[[[-3.458109925204085,47.64613827115717],[-3.457780660926362,47.64595782472443],[-3.457804816923348,47.64604679799576],[-3.457579141451212,47.64605929797441],[-3.457505149933753,47.646000178335235],[-3.457702098984877,47.6459712073737],[-3.457358474129038,47.64578252416939],[-3.457232252458649,47.64584370182683],[-3.457246396500747,47.64596032304826],[-3.457150207447225,47.645938557115905],[-3.457215275470003,47.646034295672294],[-3.457010490722291,47.646108855350334],[-3.456941071154569,47.645977233221586],[-3.456755220849105,47.64598752597987],[-3.456711264139848,47.64584546246255],[-3.456530853664947,47.645900609205626],[-3.456566106795909,47.64597090583534],[-3.456423124509445,47.646114290759314],[-3.456324759807461,47.646074582409305],[-3.456416817922838,47.645952079947286],[-3.456261869014265,47.64599678510284],[-3.456227704100669,47.645935459254744],[-3.456167855945801,47.64599296010602],[-3.456128252057448,47.645886779862984],[-3.456082766682554,47.645952516429304],[-3.455980051365057,47.64587692428974],[-3.455925641924199,47.645979279391845],[-3.455750890944902,47.64597089370986],[-3.455738925668518,47.645872214062756],[-3.455559824188769,47.645827944584795],[-3.455644047320409,47.645751032164526],[-3.455540022891076,47.64577485435807],[-3.455541333012254,47.64567543963139],[-3.455424676122209,47.645925738853705],[-3.455381810694743,47.645792645712305],[-3.455466034027249,47.64571573341894],[-3.455343296199267,47.64569543607359],[-3.455284535032144,47.64576190736113],[-3.455336992944711,47.64553322516792],[-3.455220781521335,47.64556675298729],[-3.455068454725997,47.645412627100946],[-3.454959856671628,47.64550895086036],[-3.454777494316143,47.64543776751529],[-3.454622736000025,47.645924983821345],[-3.454503485156164,47.645823212662236],[-3.454605335025857,47.64578144961565],[-3.45446039750749,47.64579850477918],[-3.454424059738067,47.64571923661765],[-3.454377484886832,47.64577600163593],[-3.454274997302722,47.64559202238185],[-3.45411809799542,47.645510397305635],[-3.453973161057549,47.6455274518672],[-3.453896137722116,47.645333031616715],[-3.453958162462458,47.64529347370252],[-3.453969036872884,47.64538318266568],[-3.45409068599615,47.645394510563015],[-3.4541298738077,47.64516656375131],[-3.454280022201896,47.645302749094014],[-3.454454995372527,47.645202751347796],[-3.454517882595561,47.64528054965893],[-3.454679356241103,47.64528967213958],[-3.454918110231645,47.645250119821604],[-3.454843005118013,47.64531673617362],[-3.454922430753337,47.645420711955225],[-3.455021016667973,47.64535203587572],[-3.454963319854565,47.645242630270985],[-3.45500687765069,47.645235414347994],[-3.455031475575129,47.645107616957596],[-3.455296972086491,47.64509291683662],[-3.455546795840962,47.645169395038124],[-3.455620339550258,47.645445287200126],[-3.455765199869719,47.645463226058745],[-3.455561579003708,47.645511758635635],[-3.455779416464338,47.645544852018894],[-3.455680831169543,47.64561352873139],[-3.455762434381538,47.64573544568293],[-3.455790293987837,47.64563456080079],[-3.455941757311585,47.64567132924521],[-3.455818693798946,47.64546985046088],[-3.45597310142433,47.64548897132875],[-3.456032506410001,47.645648241797964],[-3.456081476301715,47.64550103224989],[-3.456391371282378,47.64541162218764],[-3.45652498759182,47.64552162715384],[-3.456651209311227,47.645460450250155],[-3.456610076503139,47.645562070517606],[-3.456783518476707,47.645669869662505],[-3.456704956709101,47.645683251643355],[-3.456770023621699,47.64577899046042],[-3.456815508002023,47.64571325362063],[-3.456904949215103,47.64578958023652],[-3.456966972255554,47.645750020734596],[-3.456873179271954,47.6456378106937],[-3.456980466700482,47.64564089991231],[-3.456977422327304,47.645505601693046],[-3.457145205804218,47.645676931583694],[-3.457354559494378,47.645529869488726],[-3.457613310920849,47.64556972454511],[-3.457712545732696,47.64572678829454],[-3.457902747389315,47.645752377443465],[-3.457828538178995,47.64580164360936],[-3.457768909780974,47.64575075967831],[-3.45782396801143,47.645874145781704],[-3.458348004435049,47.646007678342585],[-3.458203067498595,47.64602473814649],[-3.458109925204085,47.64613827115717]],[[-3.456330861488254,47.645794279978325],[-3.4564353267826,47.645553685857415],[-3.456331523891395,47.645469123138426],[-3.456219664527211,47.645538535445986],[-3.456313455962063,47.64565074601726],[-3.456145232881785,47.64569618616079],[-3.456330861488254,47.645794279978325]],[[-3.457556510509991,47.645762524312715],[-3.457609828540944,47.645651197578765],[-3.457499276929987,47.64562119635205],[-3.457556510509991,47.645762524312715]]]},"properties":{}},{"type":"Feature","geometry":{"type":"Polygon","coordinates":[[[-3.453930709979482,47.64572848589936],[-3.453990785803422,47.64556260057635],[-3.453929848215185,47.64561112939773],[-3.453915711514022,47.64549450775372],[-3.453851511656161,47.6455161238483],[-3.453860888529931,47.64526273415818],[-3.45373901369124,47.645359791647564],[-3.453499657546513,47.64503889079878],[-3.45303635293036,47.64496519373322],[-3.453100779815269,47.64483519243131],[-3.452898851736267,47.6446025297944],[-3.452617907863574,47.64460001736362],[-3.452596565989168,47.64475472701516],[-3.452492770735577,47.64467016085088],[-3.452496662287714,47.64492281580705],[-3.452358707140138,47.64477692254515],[-3.452201583975766,47.644803680516354],[-3.452354987915078,47.6449667811019],[-3.452278371342729,47.645106487575596],[-3.45252298339013,47.64502973204093],[-3.452649436810516,47.64486017379804],[-3.452744534857365,47.6448729725378],[-3.452686858577017,47.64494841345693],[-3.452860518478391,47.644947832817394],[-3.452791513928987,47.64515033598191],[-3.452857660423565,47.645255047911675],[-3.452948410148339,47.64523196285471],[-3.45298343051855,47.64541064621206],[-3.452998020301734,47.6453104967361],[-3.453154917307895,47.645392123324804],[-3.453157319167814,47.6453016795091],[-3.453080931617337,47.645333000863644],[-3.452998247871228,47.64520211110803],[-3.453019588759977,47.64504740141914],[-3.453162350098595,47.64501240622563],[-3.453182781664713,47.64529123904638],[-3.453423904510226,47.64529595454961],[-3.453459606413943,47.64514948088098],[-3.453449140298685,47.64539389965301],[-3.453648264091106,47.645382877317004],[-3.453803623019459,47.645672303356875],[-3.453930709979482,47.64572848589936]]]},"properties":{}},{"type":"Feature","geometry":{"type":"Polygon","coordinates":[[[-3.452276368050547,47.64553105915614],[-3.452310757131155,47.645484000561545],[-3.452175833222397,47.64547340547879],[-3.452108600665309,47.64535972226151],[-3.451905128258745,47.64533485831232],[-3.452048350094992,47.64508309322591],[-3.451944325362641,47.6451069122266],[-3.451946729261588,47.645016468422355],[-3.452065345235904,47.6448925000371],[-3.451891685505963,47.644893079494835],[-3.451784169842131,47.64499837124595],[-3.45173828319462,47.64472997829479],[-3.451651881961964,47.644788946099915],[-3.451560275891549,47.64469467358018],[-3.451420775355809,47.644756579590386],[-3.451457569401959,47.64461907741571],[-3.451303707189794,47.644672746950086],[-3.451190987230226,47.64462479789104],[-3.45117576982065,47.64449920492971],[-3.451072832775508,47.644531994087814],[-3.451050862555167,47.64446096121008],[-3.450726834697007,47.64443373505843],[-3.450754703143798,47.64433285130872],[-3.450678315569993,47.644364171108364],[-3.450656345943909,47.64429313815022],[-3.450614115760678,47.64438578543691],[-3.450540366838082,47.644218275657245],[-3.450028088223039,47.6442917739616],[-3.450013493144455,47.64439192311976],[-3.450143833406758,47.644475022629805],[-3.450759905441941,47.64448609163261],[-3.450920057341523,47.64459463404612],[-3.451066079659853,47.644586554190155],[-3.451236015208211,47.64477583449934],[-3.451429471381106,47.64482834697026],[-3.451518672833743,47.64501306338589],[-3.45165468249451,47.645032630149245],[-3.451657713344831,47.64516792854021],[-3.451820273237939,47.64518602589095],[-3.45183200117554,47.64539309159563],[-3.451928187076298,47.645414861912045],[-3.451868334872324,47.64547236057666],[-3.452276368050547,47.64553105915614]]]},"properties":{}},{"type":"Feature","geometry":{"type":"Polygon","coordinates":[[[-3.447954312548899,47.6437201276258],[-3.448149085508734,47.64367323081192],[-3.448144977213034,47.64352896126597],[-3.447838204274362,47.643202748581615],[-3.44758079651507,47.643063457057906],[-3.446951227292932,47.64316149109661],[-3.44640106172709,47.64336350342269],[-3.446848176174703,47.643745176109846],[-3.446932408574775,47.643668269885964],[-3.446743305801713,47.64365163382365],[-3.446990331371483,47.64348444604427],[-3.446985746676955,47.64355694787951],[-3.447279959343076,47.64355873974357],[-3.44712911527447,47.643747702414565],[-3.447364799112867,47.64370757558795],[-3.447345006755246,47.64365448391416],[-3.44760700062705,47.643721274064006],[-3.447650321850114,47.6436375987952],[-3.447954312548899,47.6437201276258]],[[-3.447380724246345,47.64350801197821],[-3.447196445656062,47.64331048907108],[-3.447265229853964,47.64321637475218],[-3.447366841414309,47.643283003689504],[-3.447254974972532,47.64335240749356],[-3.447395562965189,47.64329947737868],[-3.447456265038784,47.643359337633925],[-3.447448422067293,47.643404926594556],[-3.447362257248633,47.64335550554711],[-3.447380724246345,47.64350801197821]]]},"properties":{}},{"type":"Feature","geometry":{"type":"Polygon","coordinates":[[[-3.423925640057443,47.64503756483708],[-3.424200662398482,47.64476954803798],[-3.424222372618781,47.64450645798005],[-3.424433406176014,47.644594168363376],[-3.424519837166029,47.64453522068248],[-3.42452957945298,47.644615961241534],[-3.424705688615718,47.64452497918861],[-3.424978768422334,47.644573146154734],[-3.424999107740607,47.64440947037285],[-3.424820321484462,47.644256768127626],[-3.424884816249776,47.64412678234393],[-3.424804083732033,47.64412220054208],[-3.424747223604463,47.64387247078915],[-3.424845275996321,47.64402059140315],[-3.425055226099889,47.64409932951311],[-3.425230534041399,47.64389098983285],[-3.425178002433292,47.64367714494329],[-3.425075849280334,47.64382726803306],[-3.425072885903141,47.64369196886587],[-3.424937971941496,47.64368134232212],[-3.424858607324468,47.64357734607217],[-3.424650539377162,47.64362493560261],[-3.424452784154788,47.64353649405047],[-3.42439182202234,47.643585007515085],[-3.424414327632985,47.643439274110435],[-3.424145869856028,47.643318604854684],[-3.423940762763123,47.6435014923412],[-3.423832399219941,47.643489401598174],[-3.423669279733856,47.64368803661118],[-3.423727790980399,47.643729966808934],[-3.423616975169606,47.643808319146586],[-3.423698502358326,47.64393025859527],[-3.423777069815467,47.64391689879512],[-3.423661350109963,47.64417613769698],[-3.423578453004509,47.64415361268207],[-3.423510708124793,47.644256684190715],[-3.423567850218249,47.644398028886805],[-3.423713876131415,47.64438998321283],[-3.423670516765597,47.644473649570244],[-3.423756948403149,47.644414702449964],[-3.423641514714924,47.64456555566537],[-3.42377397902868,47.64466662694088],[-3.423717852626107,47.64497676709363],[-3.423766337160671,47.64504634221267],[-3.423780981678175,47.64494619637269],[-3.423925640057443,47.64503756483708]],[[-3.424302023230346,47.64450206900731],[-3.424231318019273,47.644469841783014],[-3.424312336844742,47.644366038367544],[-3.424302023230346,47.64450206900731]],[[-3.423928219584989,47.644062094401164],[-3.423832334355401,47.643931915386204],[-3.423950726662944,47.643916361121995],[-3.423928219584989,47.644062094401164]]]},"properties":{}},{"type":"Feature","geometry":{"type":"Polygon","coordinates":[[[-3.436845875525144,47.64512869775093],[-3.436971034293813,47.64505857103909],[-3.436787337351989,47.64506094231114],[-3.436833945398399,47.645030016127485],[-3.436774337884554,47.64497912146408],[-3.437373624676181,47.6450724663939],[-3.437312931964862,47.64501260095437],[-3.437680294416502,47.64495619278199],[-3.43773365310723,47.644844875074455],[-3.437706844476224,47.6449547267395],[-3.438027614586629,47.64495507585133],[-3.438032211572554,47.64488257442079],[-3.437786753111513,47.64484194295898],[-3.438159537751683,47.644830388520525],[-3.438321264613707,47.644731147984984],[-3.438217492030725,47.64464656914012],[-3.438330457736535,47.64458614508104],[-3.438193369327367,47.644557591757376],[-3.438343162531847,47.64435966965717],[-3.438569663276545,47.64446456350932],[-3.438855201596021,47.644394608236745],[-3.438894197541942,47.64427505207759],[-3.43912637938756,47.64431641441],[-3.439120699010636,47.64437994486619],[-3.439223643105466,47.644347166235356],[-3.439163778410435,47.644404658423554],[-3.439379686462689,47.64431145467308],[-3.439431190625376,47.64451632206842],[-3.439548494679776,47.64449178096936],[-3.439494565123229,47.644377357204455],[-3.439580724304847,47.644426784027374],[-3.439600764001973,47.644371491347485],[-3.439633569080396,47.644532236716294],[-3.439869770482778,47.64427535372498],[-3.439939399816979,47.64429860045722],[-3.439828352316016,47.644485353792874],[-3.439934551372997,47.644479487632836],[-3.440090017119284,47.6442180327862],[-3.440076488495032,47.6443271517362],[-3.440206813123453,47.644410262333125],[-3.440317859143642,47.644223508630496],[-3.440424057625697,47.64421764202477],[-3.440470139937737,47.64437765383914],[-3.440587443209486,47.644353111695274],[-3.44049209603906,47.644448688708835],[-3.440711510050205,47.64427400992299],[-3.440846176401132,47.64439300390508],[-3.441100568939125,47.64439701146035],[-3.441210275022106,47.644309671547255],[-3.441308625221825,47.64434939265665],[-3.441339767319676,47.64427542420573],[-3.441443544129611,47.644360000293936],[-3.44157520707508,47.644343694727176],[-3.441858820229425,47.64414740441292],[-3.441950408220579,47.64424168456469],[-3.441907577753211,47.644108586365526],[-3.44201269042501,47.64409374730134],[-3.441993738735878,47.64415801141603],[-3.442321266094053,47.64410378915106],[-3.442326444151547,47.64425702986783],[-3.442492503480382,47.644193667569084],[-3.44252773698972,47.64426396849555],[-3.44257432312609,47.644207208156494],[-3.442691128055871,47.644399435221125],[-3.442830637784473,47.64433753962206],[-3.442812772541155,47.6444107748656],[-3.442976412702408,47.644437855531415],[-3.443140300618486,47.644356550311926],[-3.44312184544603,47.64420404327817],[-3.443348849251998,47.64409215653914],[-3.443320966929953,47.64419303853465],[-3.443490281845856,47.64415658781829],[-3.443416308576756,47.64409745920004],[-3.443621104596726,47.64402292326981],[-3.443633540220203,47.64390483289319],[-3.443806357351842,47.6437869090219],[-3.444624200648937,47.64358817506368],[-3.444885946750244,47.643763357015594],[-3.444811484098101,47.64392100065486],[-3.444999501317904,47.643928668855146],[-3.445016277492064,47.64384646227242],[-3.446299574387482,47.644732800470635],[-3.44644125312761,47.644688842512686],[-3.446249733355703,47.644762649367365],[-3.445708605192009,47.644377141177],[-3.445621111847644,47.64442713355602],[-3.445664436757731,47.64434345905426],[-3.44558153010771,47.64432094965268],[-3.44547617513724,47.64444417758746],[-3.445451197326703,47.64423784504686],[-3.445093266328508,47.644040888525595],[-3.444968120621323,47.64411102397429],[-3.444789033989853,47.64406673794692],[-3.444723501919624,47.64418776372953],[-3.444814985905308,47.643839527930325],[-3.444438952200929,47.64382419063266],[-3.444450896121721,47.64392287154112],[-3.444334926526626,47.643848002874435],[-3.44430596040718,47.64393991412545],[-3.444001728262845,47.64396576149819],[-3.443948383526973,47.644077082118706],[-3.443868735168092,47.644081484484786],[-3.443828071462188,47.64396632897179],[-3.443696410136244,47.64398263708032],[-3.443535287632437,47.644307627430265],[-3.443393607510716,47.64435158187332],[-3.443372238992288,47.644506289858995],[-3.44307777351752,47.64461287380337],[-3.443050385955951,47.64449698441769],[-3.442810104928699,47.644609604156734],[-3.442798163888471,47.64451092311587],[-3.442476310924308,47.64450161609327],[-3.442506365996038,47.64441867632991],[-3.442270924718513,47.644350407687405],[-3.442134670607716,47.64443921564952],[-3.441985391113654,47.64442037130868],[-3.441935297924368,47.644558604017895],[-3.441881363182315,47.64444418135864],[-3.441690923343005,47.64452695176275],[-3.441485288315333,47.64448412762949],[-3.441387771896164,47.644561763335545],[-3.441498312251732,47.64459177982162],[-3.441469340842739,47.64468369033379],[-3.441343354797576,47.644636465225005],[-3.441314885692706,47.64451160441649],[-3.441221961595984,47.644516738409465],[-3.441330079897039,47.64463719866028],[-3.441140723786498,47.644728939175984],[-3.441198164618124,47.64476188958319],[-3.441002296325359,47.64479980376407],[-3.440929410159105,47.6447496446108],[-3.440818617490936,47.644828013219275],[-3.440865205937695,47.644771253578334],[-3.440713755559896,47.644734465574366],[-3.440836737879728,47.644646392662075],[-3.440764937285659,47.64460520442398],[-3.440572324786988,47.64467003095379],[-3.440697225030937,47.64470828587052],[-3.440572071980859,47.64477841658637],[-3.440462616918986,47.64475737025151],[-3.440518139939777,47.644663993310964],[-3.44032903563844,47.64464734687624],[-3.440204967362743,47.64472644822705],[-3.440339887004464,47.64473705713665],[-3.440084407807118,47.64472407689776],[-3.440078728527391,47.64478760738703],[-3.439870669438595,47.64483522398987],[-3.439919683168948,47.64468802115586],[-3.439816993184156,47.64461241475993],[-3.439616529651649,47.64472282813027],[-3.4395192650226,47.644692076637995],[-3.439673139141195,47.64463842262256],[-3.439446380397523,47.64464191655681],[-3.439388685567297,47.64471735091982],[-3.439119102572846,47.644587745113846],[-3.43906466210615,47.64469009243114],[-3.438957377629241,47.644686986761066],[-3.439231556076731,47.64474409145056],[-3.43896254608312,47.64484022758026],[-3.439088530502292,47.64488745525108],[-3.439100464766571,47.644986136651596],[-3.438973395191056,47.644929937958544],[-3.438930059312942,47.64501360995345],[-3.43876858919846,47.645004465707245],[-3.438554275933634,47.644889868110134],[-3.438528296849673,47.64511707661125],[-3.438349212186967,47.64507278073689],[-3.438250605333853,47.64514144275853],[-3.43835680587,47.6451355780345],[-3.438351124489644,47.64519910842617],[-3.438180975635593,47.6451181950301],[-3.438099982647941,47.6452220080197],[-3.437939596789675,47.64522183367323],[-3.438079941076307,47.64527730041772],[-3.438157991490182,47.64548070213831],[-3.437948016620373,47.645401987629626],[-3.437863768535427,47.64547888730673],[-3.437838561314445,47.64538093884354],[-3.43780064692224,47.64550946562732],[-3.437563863246682,47.64554060207638],[-3.437624556840067,47.64560046736911],[-3.437521609345095,47.6456332445697],[-3.437454407807961,47.64551955293196],[-3.43717862325107,47.64567024419941],[-3.437152332577814,47.64556332454668],[-3.437240920352008,47.645522309589886],[-3.437069427623665,47.64554080911979],[-3.436816417744585,47.64587989160464],[-3.436731343331259,47.64583943383496],[-3.436777112967589,47.64566531923158],[-3.43692205577252,47.645648286001574],[-3.436913379125384,47.64557651757388],[-3.436822621879421,47.64559959017248],[-3.436875983002726,47.64548827289391],[-3.436704490257255,47.64550677188853],[-3.436696898465908,47.645443974495684],[-3.436558463248575,47.64551483379267],[-3.436479073258091,47.64541084553621],[-3.436359596804825,47.64541744142302],[-3.436212223864699,47.64552491741646],[-3.436163984431697,47.64534696189532],[-3.436164807119372,47.64546431854115],[-3.436046414939068,47.64547988516861],[-3.435716144974506,47.64529040544272],[-3.435748938915754,47.6454511518251],[-3.435871668724834,47.64547146975453],[-3.435697481516368,47.64568879629155],[-3.435564992082265,47.645587738588354],[-3.435519218557366,47.64576185272393],[-3.435391066580333,47.645696679091834],[-3.435420049008638,47.645604770135506],[-3.435634884092389,47.64550260229525],[-3.435441441022363,47.64545006369339],[-3.435339313350881,47.64560019561646],[-3.435337408164038,47.645473867904364],[-3.435142353535763,47.64562912888963],[-3.435025309032155,47.64554527997974],[-3.43492127580256,47.64556908381905],[-3.434857332580491,47.645482303901844],[-3.435084359151989,47.64537043329409],[-3.435181622461577,47.64540118846718],[-3.4351718639138,47.64532044883002],[-3.43497382079172,47.64534041075241],[-3.434906096417124,47.64544348880321],[-3.43460021265227,47.64523459836036],[-3.434670105739125,47.64514946262871],[-3.435013090224974,47.64511247035234],[-3.434913923373,47.64495538728122],[-3.434557399721552,47.64510149753627],[-3.434583660676052,47.64476590430258],[-3.43430488506196,47.64478128999806],[-3.434334134340275,47.64458099564357],[-3.43418160490635,47.64453522808691],[-3.434000909432657,47.64469872570252],[-3.433744347933081,47.64467676051615],[-3.433977059937877,47.64450136182435],[-3.433954028429059,47.64442135464611],[-3.43379147692881,47.6444032324326],[-3.433866790425403,47.644362952586555],[-3.433735391768602,47.64427086382715],[-3.433829400191357,47.64427470687587],[-3.433831834755741,47.6441842634075],[-3.433770880410505,47.64423278174889],[-3.433680390893325,47.64414746627605],[-3.433575275799249,47.644162297844],[-3.433593153636907,47.644089064003886],[-3.433360709619681,47.64415607632319],[-3.433342831440565,47.644229310125205],[-3.433208182235227,47.644110307485704],[-3.433072997561593,47.64420807598585],[-3.433127449028191,47.644105731434806],[-3.432993616307509,47.644104085290614],[-3.432970586444653,47.64402407790199],[-3.432754668361631,47.64411726982319],[-3.432818606528541,47.64420405095267],[-3.432664726771072,47.644257695953236],[-3.432688562727176,47.64401254645455],[-3.432612165010413,47.64404385444778],[-3.432552831715714,47.64388457194566],[-3.432429023029395,47.643855279410225],[-3.432519779208238,47.64383221020329],[-3.432419268929106,47.643774539478244],[-3.432465865389882,47.64371778315547],[-3.432139414129593,47.6437809489114],[-3.432126409271467,47.64367329563143],[-3.432064370232757,47.643712841988695],[-3.43180483383222,47.64355557353337],[-3.43182000400815,47.64323865522745],[-3.431513602568583,47.64324652786968],[-3.431493554914455,47.64330181919465],[-3.43161085994895,47.64327728604904],[-3.431440997018919,47.64353049093863],[-3.4314344953183,47.6434766642537],[-3.431331548118745,47.64350943603671],[-3.431427181391826,47.643305480763225],[-3.431178212630962,47.64334630773205],[-3.431170083858551,47.64350028128292],[-3.431088268191369,47.6434867327049],[-3.431129715626702,47.64371924946646],[-3.43103787548466,47.64373334647828],[-3.431091786256656,47.64384777418405],[-3.430920296778582,47.64386626470513],[-3.430926798007999,47.64392009140776],[-3.431086096364124,47.643911304264805],[-3.431114541214545,47.64403616760351],[-3.43093871696266,47.644018773691066],[-3.430820864771089,47.644260077438275],[-3.430743927621198,47.64406564180632],[-3.430594107057018,47.64426355419378],[-3.430363825419727,47.64434850278123],[-3.430272257717335,47.644254213553594],[-3.430184750114664,47.64430419437607],[-3.430156307297006,47.64417933082844],[-3.429998091376309,47.644197087826846],[-3.430118923327706,47.64409108392205],[-3.430018415155713,47.644033411139546],[-3.429654300945927,47.644116708633554],[-3.429629109437274,47.644018758330425],[-3.429713367083333,47.643941864532586],[-3.429810624693324,47.643972624199314],[-3.429835282376531,47.6438448320356],[-3.429516685596802,47.643862402694324],[-3.429651875910294,47.643764638291216],[-3.429527261029374,47.64361798588233],[-3.429662725662947,47.64341183577567],[-3.429603126796378,47.64336093741131],[-3.429691716716331,47.64331992813111],[-3.429726932784477,47.643390232948626],[-3.429995952105072,47.64329411800994],[-3.429921446121455,47.64345175219569],[-3.430119210092823,47.643540184495826],[-3.429965329536139,47.64359382595986],[-3.430064753433856,47.64364252767503],[-3.430186667404231,47.64354549479628],[-3.430305866776491,47.64364729088817],[-3.430431304062637,47.6434687854503],[-3.430579493340814,47.64347867343945],[-3.430442411924745,47.64345011100564],[-3.430462460723705,47.64339481986531],[-3.430706012804916,47.64330913881404],[-3.430588980360809,47.64322528535922],[-3.431076353872393,47.64294553649417],[-3.431629553072699,47.64287889535351],[-3.431994469230191,47.642912948481396],[-3.432012892155107,47.64306545737359],[-3.432157829418891,47.64304843003034],[-3.432084683921791,47.6431066510225],[-3.432146452329031,47.64317549034611],[-3.432235039986549,47.64313447913365],[-3.43224696118501,47.643233161323806],[-3.432352344312298,47.643109945241484],[-3.43244635059029,47.643113789405255],[-3.43246043974047,47.64323041378691],[-3.432534668791698,47.64318116366879],[-3.4325831631899,47.6432507351939],[-3.432655224525512,47.64318354278973],[-3.432638160603676,47.64337413331905],[-3.432743274405674,47.64335930258805],[-3.433003896497652,47.6435255400745],[-3.432885239283261,47.64364948919405],[-3.433070002147639,47.64363026329126],[-3.433046972374744,47.64355025589797],[-3.433388328979015,47.643721068617836],[-3.433490191358112,47.643679323932],[-3.433836152798472,47.643777634038486],[-3.433881663722912,47.64371190606028],[-3.433932328443148,47.64379941918648],[-3.434100564452399,47.64375401097943],[-3.434054521681718,47.64403651036748],[-3.434128750383004,47.643987259257315],[-3.434370684366784,47.644109370824474],[-3.434344400088681,47.644002450453165],[-3.434442744611097,47.644042177347906],[-3.434538101889816,47.64394660525078],[-3.434481485012015,47.64403100830085],[-3.43462859243768,47.64403192006828],[-3.434674657210984,47.644191934183375],[-3.434805502129447,47.644058279508464],[-3.434953985431451,47.64440228996818],[-3.434884384919118,47.64482155385134],[-3.435114397509226,47.644844981992385],[-3.435150705997875,47.644924256192624],[-3.435349831812204,47.64491326503742],[-3.435477981857443,47.644978438741354],[-3.43542921886178,47.64501725408804],[-3.435680623628794,47.64488597462284],[-3.436057746717766,47.64491031116337],[-3.436690088775849,47.64505602031187],[-3.436685489951457,47.645128521683034],[-3.436771137391583,47.64507169157847],[-3.436845875525144,47.64512869775093]],[[-3.429933623251406,47.64388456272876],[-3.429938231142019,47.64381206157666],[-3.429849640594498,47.643853071033234],[-3.429933623251406,47.64388456272876]],[[-3.430081813591985,47.64389445134698],[-3.430225134518898,47.64364271283083],[-3.430095636624809,47.64367694786553],[-3.430081813591985,47.64389445134698]],[[-3.430268197708423,47.64410994342639],[-3.430317237261065,47.64396274456591],[-3.43015766466907,47.644079916308904],[-3.430268197708423,47.64410994342639]],[[-3.430277412606912,47.64396494110989],[-3.430460283921067,47.64381939143384],[-3.430426150055214,47.643758057975454],[-3.430170404029777,47.64385344171523],[-3.430190179373331,47.643906536291524],[-3.43028662745532,47.64381993878174],[-3.430277412606912,47.64396494110989]],[[-3.4302988076312,47.644252749193825],[-3.430398506529188,47.64419306497195],[-3.430291223556571,47.644189951344025],[-3.4302988076312,47.644252749193825]],[[-3.430507965970277,47.6437716070152],[-3.430528288023727,47.643607930202975],[-3.430428590364113,47.64366761455378],[-3.430507965970277,47.6437716070152]],[[-3.430478702774258,47.64397190049602],[-3.430655345556611,47.64366413811843],[-3.430464617759406,47.6438552759204],[-3.430478702774258,47.64397190049602]],[[-3.43061470206167,47.643991491760026],[-3.430630416926197,47.64390031612693],[-3.430545077190871,47.64396823946748],[-3.43061470206167,47.643991491760026]],[[-3.43232227973447,47.64363539630725],[-3.43239596451204,47.64336040381215],[-3.432279473768547,47.6435022945378],[-3.43232227973447,47.64363539630725]],[[-3.432359667028244,47.64372364252958],[-3.432477241834817,47.64359072284444],[-3.432347745511787,47.64362496037608],[-3.432359667028244,47.64372364252958]],[[-3.432862488257097,47.643903609878265],[-3.432908268856494,47.64372949661509],[-3.432805322074284,47.64376226969227],[-3.432862488257097,47.643903609878265]],[[-3.433744046600521,47.64390011884409],[-3.433802832547276,47.64383365832706],[-3.433628092077817,47.643825239550445],[-3.433744046600521,47.64390011884409]],[[-3.43404449902784,47.64406415623721],[-3.434007108709278,47.64397591056965],[-3.433961597714192,47.644041638587694],[-3.43404449902784,47.64406415623721]],[[-3.434542751433711,47.64475913122035],[-3.43456062814356,47.64468589725494],[-3.43437803043216,47.64472306766676],[-3.434542751433711,47.64475913122035]],[[-3.43502475292661,47.6453195377472],[-3.435019595734696,47.64516629679225],[-3.434736481332808,47.64514579922145],[-3.434761682748601,47.64524374836577],[-3.4348513560549,47.64521170628918],[-3.43502475292661,47.6453195377472]],[[-3.435232290917687,47.64548870095274],[-3.435265610701537,47.64543267630482],[-3.435172684419103,47.64543780548445],[-3.435232290917687,47.64548870095274]],[[-3.43526830646664,47.64523384727203],[-3.435309479663046,47.645132234503684],[-3.435142588447655,47.64507822989324],[-3.43526830646664,47.64523384727203]],[[-3.435400236768372,47.64510916307476],[-3.435512122310421,47.64503977068483],[-3.435161548714487,47.64501396692081],[-3.435400236768372,47.64510916307476]],[[-3.435444957236229,47.6453685913151],[-3.435461748582379,47.645286386166426],[-3.43536773825977,47.64528254443308],[-3.435444957236229,47.6453685913151]],[[-3.435688247596456,47.645391285553465],[-3.435631072335223,47.64524994685953],[-3.435577708853229,47.645361263583396],[-3.435688247596456,47.645391285553465]],[[-3.435738620376734,47.64514466998769],[-3.435810680296598,47.64507747570369],[-3.435672507613468,47.64503994836333],[-3.435738620376734,47.64514466998769]],[[-3.436535949447539,47.645218055986085],[-3.436485279110425,47.6451305440535],[-3.436366887764151,47.6451461110084],[-3.436402113832064,47.64521641374693],[-3.436535949447539,47.645218055986085]],[[-3.436431094258101,47.645124504516836],[-3.43660041683531,47.64508806380218],[-3.436398037177036,47.6450721439054],[-3.436431094258101,47.645124504516836]],[[-3.437367164177925,47.64546115351928],[-3.437220312383277,47.64535185961369],[-3.437203523725676,47.64543406501224],[-3.437367164177925,47.64546115351928]],[[-3.437699043067714,47.64544282844844],[-3.437629672002686,47.645311194805046],[-3.437468201210581,47.64530204876322],[-3.437457920952978,47.64543808049607],[-3.437623989737926,47.645374725155555],[-3.437699043067714,47.64544282844844]],[[-3.438421525898198,47.644897199225376],[-3.438408508094386,47.64478954670748],[-3.438226997493889,47.64483569417543],[-3.438421525898198,47.644897199225376]],[[-3.440072471781854,47.64462539558426],[-3.440114720456776,47.644532752119936],[-3.439959762015434,47.644577435689804],[-3.440072471781854,47.64462539558426]],[[-3.440163479601388,47.64449393480814],[-3.440065383821947,47.644345827088095],[-3.440024220288653,47.644447441573675],[-3.440163479601388,47.64449393480814]],[[-3.440227176761851,47.64468909750292],[-3.440205220914268,47.64461806259234],[-3.440394578239679,47.6445263235874],[-3.44010795613693,47.6445873115884],[-3.440227176761851,47.64468909750292]],[[-3.441176710604255,47.64447408357401],[-3.441235487925949,47.644407619337606],[-3.441129289155023,47.64441348668027],[-3.441176710604255,47.64447408357401]],[[-3.441375833496925,47.64446308214687],[-3.441380425891342,47.64439058056613],[-3.441287502011676,47.644395714611534],[-3.441375833496925,47.64446308214687]],[[-3.441681155106216,47.64444621263274],[-3.441723400846387,47.64435356857813],[-3.441609354129726,47.64440502490926],[-3.441681155106216,47.64444621263274]],[[-3.443138719834387,47.64456435061676],[-3.443187476808075,47.6445255320437],[-3.443078021233437,47.64450448815608],[-3.443138719834387,47.64456435061676]],[[-3.443969750203177,47.64392237399311],[-3.443987613695139,47.64384913855405],[-3.44388033062264,47.64384603740276],[-3.443969750203177,47.64392237399311]]]},"properties":{}},{"type":"Feature","geometry":{"type":"Polygon","coordinates":[[[-3.483326761260655,47.633612000686604],[-3.48352818477645,47.63351048238121],[-3.483501807247622,47.633403572500946],[-3.483583620745306,47.63341708444552],[-3.483547248154987,47.633337824836985],[-3.483900611900503,47.63294787948549],[-3.484010553476737,47.632643726114686],[-3.484205418458748,47.632488382536366],[-3.484529554331095,47.632407129612304],[-3.484844624598107,47.63247088324661],[-3.484874607053534,47.63238793207956],[-3.484950794784934,47.632464976135886],[-3.485022775617398,47.632397751073285],[-3.485110050021111,47.632456115288825],[-3.485103657865587,47.632293904886325],[-3.485333800316456,47.63220884790418],[-3.485466189163339,47.63241823626401],[-3.485509441855105,47.632334546477544],[-3.485746909424536,47.632529056130274],[-3.485771588850576,47.63229286502758],[-3.486019371670565,47.63224295084751],[-3.486101023733606,47.63236484744792],[-3.486133189340577,47.63229983726767],[-3.486428274235946,47.632418887629555],[-3.486655137102845,47.63230691608769],[-3.486666382112719,47.63217984977873],[-3.486591284967143,47.63211177748343],[-3.486587847698867,47.63219325194401],[-3.486477307681723,47.632163277926765],[-3.486503690557547,47.63227018720363],[-3.486240771663208,47.63208612680606],[-3.486222970086584,47.632159369141135],[-3.486043889350454,47.6321151460771],[-3.486038266118058,47.63217867920494],[-3.485842475885292,47.632216668793305],[-3.485671203951473,47.632126853361356],[-3.485529429429212,47.632279245583085],[-3.485193441311065,47.632153437550635],[-3.485064006581106,47.632187733703184],[-3.485058219764197,47.632359653191145],[-3.484914583515804,47.63227733050599],[-3.484706613226128,47.632325027246985],[-3.484651506830396,47.63220165295053],[-3.484846042651545,47.63226308110328],[-3.485024517932778,47.63197317607553],[-3.484713819731577,47.6319453055975],[-3.484788751291498,47.63212176552825],[-3.484638398882518,47.63209400489283],[-3.484638235619661,47.632202391310756],[-3.484554239087739,47.63217093875194],[-3.484032891683521,47.63249798044134],[-3.483802415989588,47.632799807620486],[-3.48366314919616,47.63275336612176],[-3.483522624963095,47.63280634015902],[-3.483486252879554,47.63272708050646],[-3.483429062436413,47.63324505321725],[-3.483253850606946,47.6335618676508],[-3.483326761260655,47.633612000686604]]]},"properties":{}},{"type":"Feature","geometry":{"type":"Polygon","coordinates":[[[-3.490720181428229,47.63233349269172],[-3.490352323680496,47.63205593809694],[-3.490338900898294,47.63216506353257],[-3.490288154750048,47.632077574359606],[-3.490038190220127,47.632109556356134],[-3.489937639894445,47.632051934774395],[-3.489931080601678,47.63199811103902],[-3.490081435492948,47.632025864863635],[-3.490028503440049,47.6319204343283],[-3.489784158246906,47.63188888245661],[-3.489819293174846,47.6320675559909],[-3.489729674972111,47.63209964046342],[-3.489704378895146,47.63200170253066],[-3.489599303314906,47.632016584588875],[-3.489389612821394,47.63172118910389],[-3.489227081217046,47.63170314389674],[-3.489205065503076,47.63163211772895],[-3.489134184045059,47.63170831602664],[-3.489255655567141,47.63182799383771],[-3.489194765728891,47.63187654139125],[-3.489011311254053,47.63179644034795],[-3.489064241174742,47.63190187135093],[-3.488928560374934,47.63166557511242],[-3.488848934259869,47.63167000816775],[-3.488828640848263,47.63194208253],[-3.489015374732402,47.632049095747576],[-3.4886882789164,47.631886676368026],[-3.488587575225627,47.631937440055864],[-3.488524654069915,47.631859659550145],[-3.48838850882843,47.631948522009765],[-3.488457832188149,47.63218851282685],[-3.488542141719304,47.632003189727854],[-3.488775246769432,47.63216181071816],[-3.488868299438681,47.63204825244866],[-3.489073924534796,47.632090993460515],[-3.489027707130055,47.63193099982602],[-3.489174628052723,47.63204022935746],[-3.489386026228955,47.631911050103874],[-3.489603675953748,47.63205246709143],[-3.489588065321684,47.6321436511908],[-3.489786039004813,47.63212359657039],[-3.489927495916705,47.63218797202843],[-3.489866606278874,47.63223651992316],[-3.4901000206294,47.63217836541628],[-3.490286757889207,47.63228537658844],[-3.490491443096973,47.632210758062996],[-3.490720181428229,47.63233349269172]]]},"properties":{}},{"type":"Feature","geometry":{"type":"Polygon","coordinates":[[[-3.483752010081217,47.63249554285472],[-3.483755451697776,47.63241406849036],[-3.483586366951877,47.63234219136875],[-3.483633991174883,47.63229438499644],[-3.483383095335129,47.63220899565852],[-3.483641966891939,47.632140406935136],[-3.483770145214042,47.63220552809406],[-3.483719409794671,47.63211803606972],[-3.483866650028796,47.63201049942964],[-3.483971562578828,47.63210400895041],[-3.48381214326382,47.6322212546627],[-3.483895047232521,47.632243737076266],[-3.484214049056216,47.631900858775296],[-3.484152390805197,47.631723660152105],[-3.484396130893463,47.631421093783175],[-3.484702619709968,47.63130469595452],[-3.485058589051955,47.631375204614145],[-3.48541362857692,47.631328355057],[-3.485497785804458,47.631251420545276],[-3.485440493804759,47.63111010521603],[-3.485582104132785,47.631066099493076],[-3.485502640138599,47.63096214378622],[-3.485247822273671,47.631283392304965],[-3.485124013925118,47.63125415542138],[-3.484998950814882,47.631324334201274],[-3.484850948063698,47.63120612870395],[-3.484625341686098,47.631218681014225],[-3.484386300457645,47.63134035768653],[-3.484313391911818,47.63129022525318],[-3.484286685959585,47.631400088358326],[-3.484129782485397,47.63131850298649],[-3.48415599600156,47.63153379929485],[-3.48372755035071,47.63185567155855],[-3.483856820285331,47.631929763313046],[-3.483678504019063,47.63211128014762],[-3.483409803551985,47.632099132805855],[-3.48341777988661,47.631945154744315],[-3.482887858252538,47.632092039484704],[-3.483166221029155,47.63229331060608],[-3.4834161905364,47.63226134331732],[-3.483441475198017,47.63235928259833],[-3.483589643418682,47.63236910340994],[-3.483752010081217,47.63249554285472]],[[-3.484159108471786,47.6316690977784],[-3.484072928616624,47.631619703507965],[-3.484184722581614,47.63155026403916],[-3.484159108471786,47.6316690977784]]]},"properties":{}},{"type":"Feature","geometry":{"type":"Polygon","coordinates":[[[-3.429541343932997,47.64373461058533],[-3.429356855017319,47.64364544524219],[-3.429353880795961,47.64351014617097],[-3.429565469160281,47.64338107597687],[-3.429454130127354,47.6432336913615],[-3.429560327832903,47.64322783462674],[-3.429573877682068,47.64311871683291],[-3.429774355966091,47.643008320600835],[-3.42968848306174,47.64285050080015],[-3.429511579901938,47.64282413359593],[-3.429529738092889,47.642642514604745],[-3.429695807589799,47.642579170440364],[-3.429543563051589,47.642425011046996],[-3.429499131151836,47.642499708516226],[-3.429347695057928,47.6424629057369],[-3.429009078363483,47.64209325188816],[-3.428890691575227,47.64210881129251],[-3.42889802005782,47.64183748087813],[-3.428168206869536,47.641769354102586],[-3.427970978920391,47.641906661111356],[-3.428015938883687,47.642057706874844],[-3.427708460703285,47.64205659839081],[-3.42759251865559,47.641981713035946],[-3.427625565182184,47.64203407622241],[-3.427529395294013,47.64201228586328],[-3.427425086113006,47.642144468823425],[-3.427452997414236,47.642043590515684],[-3.427351133435105,47.64208532997374],[-3.4274359502579,47.64179166621759],[-3.427337894770782,47.64164354760604],[-3.427281268948605,47.64172794726797],[-3.427117645065092,47.64170084458354],[-3.427170462512626,47.64180630305727],[-3.427015781477907,47.64174258375666],[-3.426988952342793,47.64185243313886],[-3.4267787274188,47.641882084175876],[-3.42673240741454,47.64183045252363],[-3.426823162612183,47.64180738771722],[-3.42648292201027,47.64164552681667],[-3.426123759460443,47.641105412200666],[-3.425675732774724,47.640714688517804],[-3.425353106859649,47.640587977301365],[-3.425253409054179,47.640647657329936],[-3.425176213342201,47.640561603502206],[-3.425119585249324,47.64064600216386],[-3.425162140815358,47.64044497808095],[-3.42501208040499,47.640308754986826],[-3.424554553507789,47.64017141490525],[-3.424280986005619,47.63989750391954],[-3.423515779721739,47.63942491257468],[-3.422841843517761,47.639154997392005],[-3.420998245755321,47.63871470899032],[-3.419958960793828,47.638184946394695],[-3.419616110218719,47.63777937951696],[-3.419106622212123,47.636434753107125],[-3.418484380354163,47.635484658417404],[-3.417674064520571,47.634969363882185],[-3.417088498899834,47.63476680061188],[-3.416654643876313,47.63449266781465],[-3.416563896723198,47.63451572480986],[-3.416580713735605,47.634433521913756],[-3.416440420311289,47.63437802903629],[-3.41651248998854,47.63431084628023],[-3.416374787331662,47.63372239372086],[-3.416554242389248,47.63321582119901],[-3.416503741823081,47.632685783797974],[-3.416414682160609,47.632501039488446],[-3.416279798210907,47.63249040288574],[-3.416243526209703,47.63241112231256],[-3.416057715318336,47.63242135041086],[-3.41631161970628,47.63297631451941],[-3.416194678439907,47.6336690923314],[-3.416255811161052,47.633954712763995],[-3.416186205640004,47.63393145179455],[-3.416172630752911,47.63404056855421],[-3.416389968522884,47.63462463765333],[-3.416693859525097,47.63470724819411],[-3.416790791749074,47.634846404979875],[-3.417028320537524,47.63493266787346],[-3.416986039389878,47.63502530344781],[-3.417181888863008,47.634987429335084],[-3.417215701706914,47.63515715305943],[-3.417376838465059,47.63527471324871],[-3.417523921460135,47.63527564655529],[-3.417607284549413,47.635523919454016],[-3.417701575610085,47.635419389397185],[-3.417793888085842,47.635631046278576],[-3.417870282451367,47.63559974783811],[-3.417853467057699,47.63568195087022],[-3.418530766772534,47.63631293857813],[-3.418824832155599,47.636757317532016],[-3.419244452277207,47.63779984608995],[-3.419600573758427,47.638204683086585],[-3.420266322079267,47.63862859027944],[-3.420802092383117,47.63886097534749],[-3.422827703273833,47.63948088641525],[-3.422887580043134,47.639423402450895],[-3.423734589016538,47.639909551720265],[-3.424143568731414,47.64041983450419],[-3.424629809755749,47.64057365548547],[-3.424944003005897,47.64096272784077],[-3.425048031705229,47.64093893282781],[-3.424916656697786,47.64084683398781],[-3.424892557888995,47.640757853684576],[-3.424961093635504,47.64077213819718],[-3.425451619024584,47.64140435484464],[-3.425562093355448,47.64187690071741],[-3.425437726102465,47.64206437225183],[-3.425510310653355,47.642222926879775],[-3.425431746124159,47.64223628785714],[-3.425374601408645,47.64209494391369],[-3.425244820234482,47.642237559340614],[-3.425365089830297,47.64234833171892],[-3.425464790688151,47.6422886516478],[-3.42533740577819,47.642783337836086],[-3.425475848808082,47.64271249173336],[-3.425703399904736,47.64282638178757],[-3.425666307318652,47.64262974768108],[-3.425735928317135,47.642653002896914],[-3.425816941457445,47.642549198340085],[-3.425919325077783,47.64273320283437],[-3.426081868816798,47.64275133601512],[-3.426074289917997,47.642688537842645],[-3.426202423291494,47.642753721794485],[-3.426205953433195,47.64267224958045],[-3.426374192462618,47.6426268524718],[-3.426398056588282,47.6423817040492],[-3.42642079435048,47.64257009852606],[-3.426580089418431,47.6425613175202],[-3.426610449255733,47.64236999603331],[-3.426678706519021,47.64249266525597],[-3.426980772955613,47.642448920648334],[-3.427113238339718,47.642549988249414],[-3.427068802934023,47.642624684789546],[-3.427232429625398,47.64265178752934],[-3.427134615731255,47.64283779712432],[-3.427197460333368,47.642915610230524],[-3.427030303958756,47.642969979675314],[-3.427140832939255,47.643000009768556],[-3.427142718633916,47.64312633777625],[-3.427223729756266,47.64302253226956],[-3.427299849416908,47.64309961347999],[-3.427223449845797,47.643130917964605],[-3.427271657460335,47.64330887738091],[-3.427449678930734,47.64290170519687],[-3.42751035817576,47.64296157582493],[-3.427564819038731,47.64285923380008],[-3.427562060755397,47.64350057678878],[-3.427632800042818,47.64309028813228],[-3.427747940411968,47.6430478165592],[-3.427798626416374,47.64269281840202],[-3.427848197194495,47.6427713630612],[-3.427934899923844,47.64260402707816],[-3.427873416198827,47.642426799777596],[-3.428288731310189,47.64221425191554],[-3.428439082880919,47.64224208492434],[-3.428413894487747,47.64214413426371],[-3.428602986199676,47.642160800003644],[-3.428731121394725,47.64222598120024],[-3.42868721778603,47.642526420984815],[-3.428840543303147,47.642689552627935],[-3.428683414499182,47.642716279001824],[-3.42865603430786,47.64304290012431],[-3.428812080921808,47.64300720265097],[-3.42878958750352,47.643152936935216],[-3.428887926324772,47.643192668522765],[-3.429026365702737,47.64312181822823],[-3.429191078144501,47.643157889356225],[-3.429286443248394,47.64306232150131],[-3.429344958222384,47.64310424889971],[-3.429032566952867,47.64372654458503],[-3.42919350011238,47.643509959819234],[-3.429224106814968,47.64365276591279],[-3.429319197087506,47.6436655837254],[-3.429208389620523,47.643743941368456],[-3.429541343932997,47.64373461058533]],[[-3.429189187599623,47.643031561383694],[-3.429097624232501,47.64293727117096],[-3.429135557758246,47.64280874703988],[-3.42930921094516,47.64280820140247],[-3.429297295274227,47.64270951889081],[-3.429446565499917,47.64272837945838],[-3.429495055460586,47.642797952281526],[-3.429377474972671,47.64293086902048],[-3.429137448168273,47.64293507502791],[-3.429189187599623,47.643031561383694]],[[-3.429036667007386,47.642985787074025],[-3.429013643559779,47.64290577885905],[-3.429097624232501,47.64293727117096],[-3.429036667007386,47.642985787074025]],[[-3.428872254833145,47.642398815975],[-3.429004193069737,47.642274138816],[-3.429069206124577,47.642369893222295],[-3.428872254833145,47.642398815975]],[[-3.426739665324557,47.64244415057064],[-3.426719893956029,47.64239105537004],[-3.426853722186638,47.642392708701614],[-3.426739665324557,47.64244415057064]],[[-3.427676743036121,47.64234733477956],[-3.427628255855518,47.64227776118553],[-3.427719011426682,47.642254695688635],[-3.427676743036121,47.64234733477956]],[[-3.427773192378745,47.64226073927432],[-3.427713596599988,47.6422098399157],[-3.427827652022418,47.64215839708966],[-3.427773192378745,47.64226073927432]],[[-3.42659396834111,47.641901300147715],[-3.42651460314422,47.64179730492638],[-3.426626212179539,47.641836306692326],[-3.42659396834111,47.641901300147715]]]},"properties":{}},{"type":"Feature","geometry":{"type":"Polygon","coordinates":[[[-3.438800895042462,47.62526994528731],[-3.438804404799756,47.62518847195691],[-3.438921666670103,47.62516393124167],[-3.43887318044203,47.62509436169667],[-3.438991526586063,47.625078792040775],[-3.438920009802453,47.62492921551552],[-3.439009390601989,47.62500555664898],[-3.439122569503238,47.62483674446836],[-3.439439964986637,47.62481017631773],[-3.439675825525517,47.624661677855414],[-3.439430458791921,47.62462104942135],[-3.439439135417035,47.62469281844053],[-3.439327552864657,47.62465382856895],[-3.43932729762595,47.624762215321404],[-3.439220053183791,47.62475910986047],[-3.439276642129548,47.62467470367294],[-3.439167228799203,47.62465365590567],[-3.438948146389026,47.62471994681693],[-3.439314793433841,47.62443778825987],[-3.43926413826579,47.62435027659137],[-3.439647304715931,47.624094297123015],[-3.439620189769335,47.623870018906445],[-3.439498592768845,47.62385867581775],[-3.439544334533545,47.623684558150096],[-3.439307648680692,47.62371569848439],[-3.439230454799122,47.62362965319122],[-3.439519134520166,47.62358660894497],[-3.439545928690952,47.6234767556499],[-3.43937450758234,47.623495258773865],[-3.43947224338533,47.623309237074466],[-3.439115047939551,47.623338004912945],[-3.439218206914582,47.62319683909699],[-3.439057887225156,47.6231966662835],[-3.438981778967279,47.62311959194101],[-3.438991539219028,47.623200332187174],[-3.43883230396714,47.623209130202234],[-3.438804424017158,47.62331001220928],[-3.438680659617965,47.62328072598664],[-3.438477848098634,47.623481583163404],[-3.438485438861672,47.623544381154076],[-3.438646844016611,47.62355352589314],[-3.438581323203056,47.62367454951447],[-3.438675039145751,47.62378677551064],[-3.438766842954515,47.62377267235051],[-3.438770668019491,47.6240253304915],[-3.438608176990619,47.62400721478773],[-3.438552101315393,47.62387484709804],[-3.438402109252081,47.62418115834628],[-3.438307308814092,47.624059961013316],[-3.43821550438987,47.62407406381014],[-3.438289701494337,47.62402480954809],[-3.438185711659932,47.6240486165589],[-3.438266672356387,47.623944802372584],[-3.438000192017673,47.623950492813734],[-3.437901623732014,47.62401915529121],[-3.438008092868488,47.62434742230008],[-3.438135112433859,47.62440362264148],[-3.438063909888178,47.62458817697819],[-3.438218039420245,47.624868655710934],[-3.438163359732639,47.62507939038499],[-3.438286043623914,47.62509970599269],[-3.438178798564321,47.62509659957624],[-3.438114359163304,47.62522659397603],[-3.438201570540573,47.62528499344253],[-3.438391947144062,47.62520222790153],[-3.438647332500073,47.62521521197222],[-3.438778120957513,47.62508155153639],[-3.438800895042462,47.62526994528731]],[[-3.4387729549461,47.624928309142135],[-3.438662456841128,47.62489828977234],[-3.438663797881641,47.62479887416284],[-3.438869354815265,47.62484170369794],[-3.4387729549461,47.624928309142135]],[[-3.438781709836678,47.62356413671811],[-3.438669045697186,47.6235161750561],[-3.438839382662948,47.62348870182943],[-3.438781709836678,47.62356413671811]],[[-3.438877022767778,47.62346856006791],[-3.438843976697857,47.6234161995619],[-3.438986689479455,47.62338122129723],[-3.438877022767778,47.62346856006791]]]},"properties":{}},{"type":"Feature","geometry":{"type":"Polygon","coordinates":[[[-3.449253704312158,47.62344567022223],[-3.449242226298429,47.62313021504968],[-3.449307487306795,47.623117572280115],[-3.449330297712314,47.62330596416654],[-3.449402780594818,47.623021987019236],[-3.449628978219539,47.62323524744799],[-3.449491321549607,47.62298096229689],[-3.449568999905457,47.62285022709358],[-3.449761054658722,47.62300215875291],[-3.449749489668646,47.62323760895557],[-3.44987977786996,47.6233207096693],[-3.449864569618115,47.62319511515336],[-3.449978329458517,47.62325203705939],[-3.449969638898817,47.62318026877062],[-3.450033579972763,47.62326704141733],[-3.450242632299308,47.623228377220684],[-3.4502889588996,47.62328000004643],[-3.450282440661016,47.62322617384826],[-3.450411643268639,47.62330030293634],[-3.450468678194535,47.622999117534256],[-3.450574136149441,47.62331840222545],[-3.450652666540462,47.62330502421188],[-3.450639629336887,47.62319737185567],[-3.450725764652957,47.62324679100124],[-3.450587713415926,47.62265837546956],[-3.450690608581653,47.622625586367974],[-3.450527961322107,47.622164968578915],[-3.450462857674452,47.62262013068939],[-3.450570720077879,47.622848970635076],[-3.450448036685564,47.62282866790755],[-3.450280192119612,47.622214807731304],[-3.450056087926539,47.62257039612004],[-3.450152851819854,47.62281791296558],[-3.450078667339031,47.62286717479377],[-3.450017985626208,47.62280731526687],[-3.449972512391956,47.62287305023933],[-3.449923394973617,47.62257774038738],[-3.45004584412279,47.62270643055805],[-3.449955598736469,47.622512739847686],[-3.449862713763897,47.62251788077088],[-3.449901902835559,47.622289932680566],[-3.449600203630248,47.622225350091426],[-3.449541226656024,47.62240020620302],[-3.449658243212125,47.6224840415747],[-3.449589489946121,47.62257815831091],[-3.449731725236503,47.6227599406794],[-3.44948791502125,47.6225115305935],[-3.449376094863605,47.62258093717349],[-3.449366935532864,47.62272594259513],[-3.449344125245887,47.622537550659715],[-3.449210346098689,47.62253592307201],[-3.449107214824085,47.62267709776017],[-3.449129789006631,47.62297387660105],[-3.448996244372163,47.622863861895674],[-3.449004318586563,47.622709885465945],[-3.448856183551838,47.62270002073907],[-3.448847730490203,47.62251986545506],[-3.448753523207313,47.62262442133793],[-3.448735059511984,47.6224719134775],[-3.448420564946278,47.62219128831792],[-3.448240225846077,47.62224642293467],[-3.448229365775521,47.62215671236518],[-3.448144083193222,47.622224649321545],[-3.448041424771267,47.62214904927603],[-3.448041798143473,47.62248318104654],[-3.448142285210938,47.62254083896637],[-3.448191392742612,47.62283614957287],[-3.448293065770773,47.62235187291588],[-3.448417070061788,47.62227276206218],[-3.448464243438723,47.62244174359255],[-3.448763298147547,47.622705160787426],[-3.448652562731147,47.62278353771717],[-3.448780911928345,47.62274031069729],[-3.44882917299147,47.62291826308825],[-3.448857033792544,47.62281737866878],[-3.448882250575792,47.6229153258972],[-3.448929897462647,47.622867533445586],[-3.449122801289326,47.623136824062975],[-3.449137772465882,47.623370805529866],[-3.449253704312158,47.62344567022223]],[[-3.450396201013168,47.623283095346366],[-3.450251556286209,47.62319175863061],[-3.450312704553932,47.62303484429913],[-3.450396201013168,47.623283095346366]]]},"properties":{}},{"type":"Feature","geometry":{"type":"Polygon","coordinates":[[[-3.451326611020542,47.62302387586002],[-3.451311399449365,47.62289828151336],[-3.45141297738594,47.62296490763166],[-3.451401025284687,47.62286622636595],[-3.451500430130702,47.62291491036094],[-3.451557458502113,47.62261372436757],[-3.451662526167723,47.62259887645749],[-3.451727555900809,47.622694619225534],[-3.451692554636015,47.622515933392414],[-3.451826333808728,47.622517558137],[-3.451897486014061,47.622332995216944],[-3.45205105384838,47.62238771119193],[-3.452137817394532,47.62266287413472],[-3.452211999691297,47.62261361099347],[-3.452591776617041,47.622881581276374],[-3.452450217021069,47.622374641700624],[-3.452716459904985,47.62247730519411],[-3.452624890240708,47.622383032421354],[-3.452650798264624,47.622155818118564],[-3.45274368233869,47.6221506749771],[-3.45271039542955,47.62220670528231],[-3.452909432886626,47.62219568407315],[-3.453163039141594,47.62252482614534],[-3.453168700481641,47.62246129428958],[-3.453288123478496,47.622454681137036],[-3.453210049083033,47.62225128710453],[-3.453359497284127,47.622161730400286],[-3.453336673148822,47.621973339190255],[-3.452994077511134,47.6219019987613],[-3.453064315519796,47.62215098281294],[-3.45285377918273,47.62184654926097],[-3.452776338252037,47.62186889978077],[-3.452803735318215,47.62198478824159],[-3.45272000166025,47.621844925692685],[-3.45263689877271,47.621930807973435],[-3.452625172867445,47.62172373983739],[-3.452375463016,47.62164725446227],[-3.452234707962452,47.6218085781051],[-3.452351269885052,47.62210918466412],[-3.452209885007786,47.62204476337684],[-3.452266850352562,47.62229448256813],[-3.452170935121948,47.62216432535241],[-3.452116542545669,47.62226667993612],[-3.452012164080233,47.62195636748813],[-3.451977560349865,47.6221118134938],[-3.451868377030564,47.62198239066945],[-3.451662360316348,47.62215635780153],[-3.45149443783598,47.62209340488061],[-3.451451534834863,47.62251121426089],[-3.451241399672896,47.622540909608176],[-3.451201822981493,47.622434726407434],[-3.451168534276973,47.622490756265016],[-3.451070217011853,47.6224510430064],[-3.451020167962163,47.62258928117987],[-3.450987110526716,47.62253692408654],[-3.450926196491616,47.62258545191937],[-3.450740890574082,47.62237896143532],[-3.450674312197171,47.62249102087986],[-3.450776511038531,47.622783392377066],[-3.450870251052794,47.622895608638146],[-3.450825242565011,47.62274457017984],[-3.450977724004129,47.62279031652439],[-3.451073406068167,47.62302886155166],[-3.451326611020542,47.62302387586002]]]},"properties":{}},{"type":"Feature","geometry":{"type":"MultiPolygon","coordinates":[[[[-3.456734501133639,47.621294911219586],[-3.45691888788036,47.621440754423375],[-3.456884518349723,47.621487814959174],[-3.456729860731446,47.621424134332834],[-3.456817734266384,47.62170826491493],[-3.456673950227723,47.621734294015724],[-3.456466436647587,47.62156516682277],[-3.45655670405414,47.621758852595924],[-3.456476002650887,47.6217542926252],[-3.456494267839986,47.62201518625781],[-3.456333951647034,47.62201503715799],[-3.456434005798862,47.62228946181317],[-3.456318066394557,47.62221460420375],[-3.45624235931793,47.622471672815955],[-3.456171018724071,47.6222137197337],[-3.456095532124318,47.6223624013364],[-3.456271938948572,47.62260550238845],[-3.456224298868756,47.62265329784149],[-3.456095089755992,47.622579175159],[-3.456187532240035,47.62279080307888],[-3.455990446487755,47.62292815872372],[-3.455725282337795,47.622834473701744],[-3.455693950680011,47.62301683368885],[-3.455557995630075,47.62299727140452],[-3.455533853807649,47.622908296607704],[-3.455420953449327,47.62296873797522],[-3.455351567891771,47.62283711332634],[-3.455179931274508,47.62296402653876],[-3.455097500239666,47.62272474986179],[-3.454933920489418,47.622697685868],[-3.454938716130968,47.62251679603591],[-3.454784281698689,47.62234472595381],[-3.454678128308574,47.622350605677816],[-3.45468573796751,47.62241340265078],[-3.454611782427879,47.62235428045632],[-3.454523246447589,47.62239530907354],[-3.454317911171247,47.62224412011719],[-3.454249166429291,47.62233823960782],[-3.4539631303128,47.622182488459146],[-3.453958331395591,47.62236337828222],[-3.453850229711124,47.62224292833086],[-3.453852177877424,47.62236925725548],[-3.453676191490046,47.622460284274815],[-3.453362757888036,47.62218864342844],[-3.453445633446982,47.622211147566276],[-3.453402385072109,47.62174392024427],[-3.453507450512705,47.621729070667875],[-3.453773466314634,47.621940118724766],[-3.453698651569869,47.621763637987605],[-3.453900496746499,47.621996301989675],[-3.454326832198229,47.62220750119727],[-3.454346848281034,47.62215220535406],[-3.454531304649734,47.62224133222502],[-3.454685098966357,47.62218765781812],[-3.454882825176324,47.622276049171255],[-3.455197995381968,47.62278240170372],[-3.455351790587031,47.62272872643382],[-3.455628048311523,47.62280373527146],[-3.45580729437284,47.62273961827944],[-3.455678529692479,47.62244872132749],[-3.455858640128769,47.6225019621436],[-3.455865607203008,47.62233901422612],[-3.455967189759083,47.62240563640267],[-3.456051375351123,47.62232872275696],[-3.455853647011272,47.622240333384504],[-3.455902595924083,47.622093122129215],[-3.455966766783186,47.62207150464585],[-3.45595545083209,47.62219856865165],[-3.456050730576227,47.622102977921976],[-3.455988955729009,47.62203415048899],[-3.456197556964632,47.62221224947244],[-3.45625737842757,47.622154747898655],[-3.456205848714539,47.621398979792076],[-3.456340712578307,47.62140957035319],[-3.456355289504009,47.62130941921532],[-3.45627154760092,47.621169559164294],[-3.456420767120325,47.62118838547925],[-3.456552794975616,47.62150619474964],[-3.45664893976359,47.62152796144882],[-3.4566458976057,47.62139266153397],[-3.456790768165745,47.621375603444314],[-3.456734501133639,47.621294911219586]],[[-3.455906924569216,47.62267991163106],[-3.455924986107164,47.62249828665709],[-3.455836450897319,47.622539316266725],[-3.455906924569216,47.62267991163106]]],[[[-3.456725142333437,47.62128148979184],[-3.456596744635093,47.62109735426501],[-3.456690713892744,47.621101178966],[-3.456695283478641,47.621028675909265],[-3.456605663907328,47.62106073514948],[-3.456656784457085,47.62093146545885],[-3.456775116183368,47.62091587775119],[-3.456720086117073,47.62079248956139],[-3.456845809838831,47.62094808567187],[-3.456946742423643,47.62078896206114],[-3.457207548605178,47.620846760490025],[-3.457136416738435,47.62103132678541],[-3.457030266218994,47.62103720865121],[-3.457038746658482,47.62121736347919],[-3.456898445928469,47.62116191881811],[-3.45688322177975,47.621036325077334],[-3.456838845937948,47.62111103376417],[-3.456800346595589,47.621013823365196],[-3.456806871135675,47.621067649260596],[-3.456711814520329,47.621054853669655],[-3.456802301697987,47.62114015232023],[-3.456698325740952,47.62116397584809],[-3.456725142333437,47.62128148979184]]]]},"properties":{}},{"type":"Feature","geometry":{"type":"Polygon","coordinates":[[[-3.446038214112959,47.621082751849215],[-3.446068291606138,47.62096675697371],[-3.446179871374756,47.62100574047938],[-3.446376978432742,47.621861825993385],[-3.446410753461392,47.62158902361309],[-3.44647951105746,47.62149490870034],[-3.44655237068891,47.62154506499443],[-3.446649232544101,47.621241679069406],[-3.446765156276979,47.621316546313714],[-3.446823901144597,47.621250078470716],[-3.446864554009725,47.621365234292945],[-3.446922213039042,47.62128979532827],[-3.446865159931261,47.621590979262635],[-3.446936694503447,47.621740551178924],[-3.44684791368676,47.6218899609192],[-3.447071317888025,47.62185953937201],[-3.447041761735549,47.62172570741899],[-3.44716769875306,47.62177292694275],[-3.447197972985109,47.62158159805802],[-3.44736504184488,47.621527199161456],[-3.447650578547621,47.621899740386105],[-3.447482291737289,47.62150264980579],[-3.447629337304349,47.6215035452155],[-3.447911380089306,47.62195755954081],[-3.447777736088303,47.62239844901802],[-3.4477040264405,47.62223093554399],[-3.447639852044225,47.622252548485626],[-3.447425849859266,47.62202957889675],[-3.447324039688346,47.62207133619819],[-3.447284471136745,47.621965151644524],[-3.447226811889912,47.622040590761884],[-3.447134166852188,47.621937342595864],[-3.446945140992642,47.62192070667329],[-3.446912694096029,47.622094093319795],[-3.446693391537344,47.622268785753185],[-3.446743576567658,47.622573068079234],[-3.446606780637007,47.62243613741008],[-3.446631752713198,47.62264247202953],[-3.446514740562729,47.622558633632536],[-3.446459251022128,47.622652014489745],[-3.446476981112987,47.62213625919784],[-3.446352129537711,47.62209801001304],[-3.44635683512101,47.62246802609077],[-3.446281078339638,47.62173166391218],[-3.446111475163854,47.62143398719592],[-3.445884573494627,47.62154588061261],[-3.445848264967156,47.621466608790435],[-3.445716417496227,47.62159130630773],[-3.445777093003541,47.621651168106844],[-3.445649829555065,47.621703362933204],[-3.445782153790268,47.622355316092154],[-3.445647289633146,47.622344713344035],[-3.445536920555445,47.621763794783305],[-3.4453898743067,47.62176289673931],[-3.44538637482498,47.621844370410734],[-3.445327870556364,47.6218024505863],[-3.445339568174381,47.62200951944573],[-3.445170811487218,47.62182919942072],[-3.445572374006798,47.62271913297928],[-3.44540361429008,47.622538813356364],[-3.445265006854265,47.62271807068693],[-3.445337867014029,47.622768227707155],[-3.445231711742136,47.62277409884413],[-3.445242792177654,47.62374884656874],[-3.445109497109145,47.62353044063551],[-3.4450110494625,47.62404162746298],[-3.444958458150404,47.623827789278046],[-3.44489186582852,47.62393984534264],[-3.444885596900979,47.62377763204846],[-3.444723945722835,47.6238768827453],[-3.444701992451397,47.623805847915015],[-3.444610190153824,47.62381995573991],[-3.444517409019599,47.62426761069337],[-3.44431836210593,47.62427861758934],[-3.444324874459381,47.62433244409108],[-3.443933537840091,47.62429989662617],[-3.443842226630026,47.62409723026315],[-3.443751508896642,47.62412030849997],[-3.443765617732154,47.624236932662704],[-3.443626408126761,47.62419044323426],[-3.443603370919078,47.624110437118],[-3.443636422086936,47.624162796258624],[-3.443685160064982,47.624123977068194],[-3.44358576009538,47.62407528645214],[-3.44343860982718,47.62363186762293],[-3.443386369459954,47.623752160251925],[-3.44327695640021,47.62373111632453],[-3.443067649420426,47.623878154853095],[-3.443168038299039,47.6234932986496],[-3.443378428707605,47.62335523100883],[-3.443325844611457,47.62314139201338],[-3.443494994604569,47.62266242234306],[-3.44332999185293,47.62229223923769],[-3.44346352338016,47.62240226045389],[-3.443491640824276,47.62219299038933],[-3.443355692345452,47.62217341389302],[-3.443338329406957,47.622029876247595],[-3.44329284861018,47.622095608645424],[-3.4432411039796,47.621999127492685],[-3.443422532600155,47.6219529716909],[-3.443409510306518,47.62184531845332],[-3.443512753336717,47.62214666750425],[-3.443610817888686,47.62229477402985],[-3.4436749939668,47.6222731633025],[-3.443702125137247,47.62249744076147],[-3.44357051672138,47.622513748909135],[-3.443546986999286,47.622650516477286],[-3.443666165190614,47.62275230003742],[-3.443575449666601,47.62277537815343],[-3.443505106579953,47.62307729391339],[-3.443558776574455,47.62330010393055],[-3.443694727997007,47.62331968017913],[-3.443645744295598,47.623466886223525],[-3.443842371666603,47.623546325115115],[-3.443871819530657,47.62323763933347],[-3.443737792519049,47.62334439231922],[-3.443816570778868,47.623222632060546],[-3.443948180867192,47.623206323641575],[-3.444053845869096,47.623417227353656],[-3.444325994857483,47.62334799170151],[-3.444422733592012,47.62359551319481],[-3.444567262399321,47.62324433869308],[-3.444584521854293,47.62294535758139],[-3.44448970957532,47.622824165189776],[-3.444576083169327,47.62276520201121],[-3.44449212510061,47.62273372049695],[-3.444595024155213,47.62270093676687],[-3.444640151779508,47.62230107212741],[-3.444745220753292,47.62228623043771],[-3.444968029901634,47.62203006801637],[-3.445030876001208,47.62210787236521],[-3.445045717950856,47.62189933575776],[-3.445165982809958,47.622010088914216],[-3.445060803368525,47.62158241219031],[-3.445228716654406,47.62164537437759],[-3.445166114180557,47.621459183173855],[-3.445302547688808,47.62126198366781],[-3.445498083874473,47.621332448773764],[-3.445615692379429,47.621642033212325],[-3.445547060509807,47.62118524179116],[-3.445624503475075,47.62116289605703],[-3.445660811463728,47.621242167961114],[-3.445739824438263,47.62101201930505],[-3.445663467291351,47.62104333620359],[-3.44564609851557,47.620899798818016],[-3.445783372273441,47.62081995676699],[-3.4458644310856,47.62115865613276],[-3.445926675514104,47.62101071501845],[-3.446038214112959,47.621082751849215]],[[-3.444823237198366,47.62348305403532],[-3.445062089800375,47.623469844681566],[-3.445078017504875,47.62327027929746],[-3.444868607754964,47.622974802610514],[-3.444823237198366,47.62348305403532]],[[-3.446632109354977,47.621983179549815],[-3.446708707517374,47.621843475108435],[-3.446641516361986,47.62172978735656],[-3.446644533183918,47.621865087507494],[-3.44660388041275,47.62174993163822],[-3.446536208421827,47.62185301768622],[-3.446632109354977,47.621983179549815]],[[-3.446633800038771,47.62221789552087],[-3.446763475399163,47.622075254865756],[-3.446636211904118,47.62212745075556],[-3.446633800038771,47.62221789552087]],[[-3.447635508414683,47.62221666423623],[-3.447707522410467,47.622149461819326],[-3.447591833994385,47.621966208622744],[-3.447635508414683,47.62221666423623]]]},"properties":{}},{"type":"Feature","geometry":{"type":"Polygon","coordinates":[[[-3.459733210997852,47.62173634488285],[-3.46031855781354,47.62149617693876],[-3.460080144001088,47.62129264354892],[-3.459994429704957,47.62102645726696],[-3.460210869183316,47.62115895884914],[-3.46017366455467,47.62096233351544],[-3.460357251044194,47.62093409328705],[-3.4604764574508,47.621035859781344],[-3.460476006263425,47.62070172780647],[-3.460574327303087,47.62074143318274],[-3.460641122987083,47.62107188698223],[-3.460802524455538,47.62108100111509],[-3.46087887277417,47.62104967432],[-3.460825132757152,47.62082687200956],[-3.460928018104351,47.62079407385839],[-3.460966524804211,47.62089128290756],[-3.461057229606588,47.62086819126208],[-3.461055264445666,47.620741862360816],[-3.461179246083675,47.620662737892786],[-3.461095492557523,47.620522881254445],[-3.46145788799246,47.620647287887564],[-3.461496815972632,47.620527722722606],[-3.461843976701959,47.620526534983405],[-3.461795464816957,47.62045697479104],[-3.461878341241893,47.62047947296503],[-3.461918356426997,47.62036887858767],[-3.462071928880624,47.62042358144143],[-3.462101939952802,47.62034063560817],[-3.46223789063473,47.62036019030173],[-3.462271166393064,47.62030415722844],[-3.462509792297361,47.62039929921349],[-3.462411678800157,47.62025120841623],[-3.462525445743998,47.62030811818673],[-3.46263506727074,47.620220757073554],[-3.462955274420236,47.62043781184116],[-3.462958746997743,47.620356337586514],[-3.463080341000282,47.620367656271036],[-3.463154716852867,47.620209999075094],[-3.463236504979356,47.62022352536102],[-3.463238888627333,47.62013308016229],[-3.463104026620267,47.62012249755981],[-3.463128179799307,47.620211470918704],[-3.463033123193636,47.62019868046709],[-3.462994820397298,47.619993085006],[-3.462836894577598,47.61990249962772],[-3.462838656439809,47.6201372156099],[-3.462689853167968,47.61990162336404],[-3.462627864398106,47.61994118643215],[-3.462749249720085,47.62006089252418],[-3.462496268068825,47.619957515926856],[-3.462513681841305,47.620101050872655],[-3.462424275646733,47.62002472753675],[-3.462323360833179,47.620183855943246],[-3.462093651563495,47.62005209401327],[-3.462020988513791,47.61989356031436],[-3.462061673125254,47.62000871092483],[-3.461978797353855,47.61998621287552],[-3.462005125151409,47.620093128350376],[-3.461937694313942,47.620087836356156],[-3.462053636978966,47.62016268846864],[-3.461949665269223,47.62018651668348],[-3.461971640001034,47.62025754840223],[-3.461688857179593,47.62012872882471],[-3.461732596229969,47.62037917939891],[-3.461299506508013,47.620222568407584],[-3.461198587967934,47.62038169582603],[-3.461384137838773,47.620479782899054],[-3.461294522004743,47.620511845746215],[-3.46117075176007,47.620482583314434],[-3.461025430401505,47.62016551478017],[-3.460912330665721,47.62033434858315],[-3.460718953925103,47.62028185114855],[-3.460664579655583,47.62038420981148],[-3.46066696766795,47.62029376467275],[-3.460531017730609,47.62027420814988],[-3.460431821937877,47.62011714472785],[-3.460259993422772,47.62035245262279],[-3.460359189147202,47.6205095161718],[-3.460278489307803,47.620504958825585],[-3.460288281289718,47.62058569739754],[-3.460228678711539,47.62053481405846],[-3.460087075427093,47.620578789282426],[-3.460064463717245,47.62083291827742],[-3.459960489814403,47.62085674471321],[-3.459953087517826,47.62068556101908],[-3.459788209958272,47.6207579198575],[-3.459916118428232,47.62093145457613],[-3.459758855493503,47.62106661003897],[-3.459687072015939,47.62102543292776],[-3.459693599467946,47.621079258661524],[-3.459521105165014,47.621088820420994],[-3.45961377268536,47.621192058804986],[-3.45948543598309,47.621235297763285],[-3.45950740786785,47.62130632990742],[-3.459321643943788,47.62131662687897],[-3.45934687921745,47.62141457192267],[-3.459215493097865,47.62132251073004],[-3.45904734914862,47.62136795562327],[-3.458652106308024,47.6210827996063],[-3.45890813371935,47.62132148434109],[-3.458907918250265,47.621429871318604],[-3.459368636457269,47.62159399105557],[-3.459434766665017,47.62169870053701],[-3.459733210997852,47.62173634488285]],[[-3.459860460753625,47.6216841347123],[-3.459773231568918,47.62162575131184],[-3.459880470908507,47.621628837906],[-3.459860460753625,47.6216841347123]],[[-3.459729714490109,47.62126691318209],[-3.459627041504469,47.62119132328358],[-3.459705566497479,47.62117793916861],[-3.459729714490109,47.62126691318209]],[[-3.460785749929299,47.62061230494325],[-3.460711790129543,47.62055318655686],[-3.460810322674826,47.620484504710134],[-3.460785749929299,47.62061230494325]],[[-3.460823591301592,47.62048376905253],[-3.460849251986587,47.62036493975104],[-3.460908854966584,47.62041582277783],[-3.460823591301592,47.62048376905253]],[[-3.462932209866041,47.620357809385474],[-3.462744480763462,47.62024178290412],[-3.462802116138987,47.62016633605777],[-3.462911529585967,47.620187361732405],[-3.462932209866041,47.620357809385474]],[[-3.462513473697182,47.62020943792458],[-3.462433862479922,47.62021385300017],[-3.462422978972278,47.62012414365835],[-3.462513473697182,47.62020943792458]]]},"properties":{}},{"type":"Feature","geometry":{"type":"Polygon","coordinates":[[[-3.430700180363051,47.621021103650094],[-3.430763549696489,47.62088214183511],[-3.43088297193147,47.620875551586764],[-3.430829622913261,47.620986867544616],[-3.430971251370334,47.620942927806084],[-3.430986958841276,47.62085175103913],[-3.431263444199282,47.62081843062797],[-3.43074513799581,47.620729630998284],[-3.431134546043221,47.62063589330783],[-3.43128592145407,47.62067269418612],[-3.431449754217125,47.6205914043665],[-3.431486583045147,47.62045390676791],[-3.431275633325765,47.620366208029715],[-3.431472502033308,47.62033728089671],[-3.431517183800812,47.62015419483679],[-3.431394513850625,47.62013387206775],[-3.431717029976524,47.61981804873771],[-3.431576759228604,47.619762573621074],[-3.431639041620669,47.61961464001786],[-3.431330880958665,47.61949618280856],[-3.431437302472047,47.61938193726813],[-3.431415640002981,47.61920251273955],[-3.431178701467446,47.618899504298945],[-3.431053868424075,47.61886123869768],[-3.431159745680792,47.618963767491984],[-3.431035995551145,47.618934473103444],[-3.431018122629181,47.619007707503684],[-3.430883542216849,47.618888700635104],[-3.430591632010003,47.61890480993334],[-3.430495775715471,47.618774634695825],[-3.430403978316672,47.61878873139094],[-3.430473297102896,47.61892037112745],[-3.430268852625011,47.61888649792521],[-3.4302122555736,47.618970899998814],[-3.430238519252404,47.61907782268182],[-3.430372289152133,47.61907947200305],[-3.430274802976847,47.61915709945234],[-3.430275338725169,47.61938284475884],[-3.430206829015209,47.61936856320595],[-3.430438349290928,47.619626717375766],[-3.430279659060628,47.61986124899699],[-3.430367662654879,47.62003701270263],[-3.430176482896315,47.62000240715895],[-3.430145065632229,47.62018476054791],[-3.430044328375623,47.62023547405904],[-3.430090358875566,47.62039549194859],[-3.430200842840046,47.62042551949721],[-3.430231986372239,47.6203515530932],[-3.430319181162815,47.62040995859116],[-3.430240649937657,47.62042332295261],[-3.430317824693343,47.620509374328456],[-3.430175113909882,47.62054434205213],[-3.430434533640493,47.62070161599733],[-3.430248492573857,47.62082025368106],[-3.430135841891741,47.62077228372051],[-3.430021834383418,47.620823729367935],[-3.430355455145572,47.620931754331295],[-3.430484897700211,47.62089751860633],[-3.430700180363051,47.621021103650094]]]},"properties":{}},{"type":"Feature","geometry":{"type":"Polygon","coordinates":[[[-3.425966026349466,47.621417716448704],[-3.425921089568567,47.62126666828619],[-3.425910253599318,47.621303389579104],[-3.425713109523362,47.621314260257414],[-3.42573993096221,47.62120441000298],[-3.425630530082724,47.62118334951786],[-3.425833381204614,47.62098251441529],[-3.425745390980107,47.62080674737851],[-3.425881329517745,47.62082634438639],[-3.42587944759561,47.62070001490308],[-3.425730240222606,47.62068114956373],[-3.425872954282911,47.620646187273906],[-3.425719418296608,47.62059143683273],[-3.425953933761699,47.620542381442206],[-3.425981836548886,47.62044150236062],[-3.425937182947637,47.62018206715793],[-3.425753863628877,47.620101866314556],[-3.425853522506464,47.62004218522615],[-3.425826184940024,47.619926290334654],[-3.425601694572589,47.61994769999564],[-3.425554312588595,47.619887096014],[-3.425639620179497,47.61981917547382],[-3.425713540117976,47.61987831608667],[-3.425898223296562,47.61985910128867],[-3.425824351504364,47.619357441487544],[-3.425709543557923,47.61929152466505],[-3.425793767824138,47.61921463271177],[-3.426039099329057,47.61925528990529],[-3.426143367220699,47.619123106620776],[-3.426276054852619,47.61911578935763],[-3.426239213528336,47.619253285407204],[-3.426405214174035,47.61918994515501],[-3.426421210340854,47.61899038188232],[-3.42626551405617,47.61891768956353],[-3.426345126323326,47.618913299140004],[-3.426408785927584,47.618665952482026],[-3.426376036561797,47.618505201255054],[-3.426263394244016,47.618457227502454],[-3.426302681092432,47.61822928686591],[-3.426220623570969,47.61832412178342],[-3.426178935330529,47.61819998731976],[-3.426074951442422,47.61822378361883],[-3.426105017200253,47.61814084695062],[-3.425984518306995,47.61813846104047],[-3.425955017074384,47.61800462350051],[-3.425807981513207,47.61800370080062],[-3.425725972597874,47.617656015691075],[-3.425607639040708,47.61767157196499],[-3.425561624324764,47.61751155208552],[-3.425434350984893,47.617563724993204],[-3.425518572921775,47.61748683317033],[-3.42541595565178,47.61741121305715],[-3.425311972959856,47.61743500868647],[-3.425355307794383,47.61735134055204],[-3.425262429437109,47.617356461924416],[-3.425124849864214,47.61754466711583],[-3.424986755948888,47.61750712660592],[-3.424913637624587,47.61756534387598],[-3.424953956039239,47.61778889464503],[-3.424894390265043,47.61773799320572],[-3.424709429180696,47.617865593539555],[-3.424692117774193,47.61772205280899],[-3.42459570776422,47.617808646867246],[-3.424519628066399,47.61773156288901],[-3.424403172310757,47.617873447638324],[-3.424551004224271,47.61799173049859],[-3.424782263404698,47.61791576350606],[-3.424978842258473,47.617995234378235],[-3.424935506311339,47.61807890234539],[-3.4248594257378,47.61800181859918],[-3.424723209912028,47.61809060746337],[-3.424703449567666,47.618037511254265],[-3.424587278765194,47.61807100908001],[-3.424749462164764,47.61819753142876],[-3.424783288432493,47.618367254429444],[-3.424645192629665,47.61832971353148],[-3.424525490061424,47.61844468447987],[-3.42464052161515,47.61884473494933],[-3.424497811563306,47.618879695765465],[-3.424507263836677,47.61906882443136],[-3.424585224222729,47.61927223796972],[-3.424745532077891,47.619272430649325],[-3.424755270096158,47.61935317224329],[-3.424631237529623,47.619432258089525],[-3.424548378435894,47.61940973347483],[-3.424557604606307,47.61926472975987],[-3.424348549210018,47.619303348059944],[-3.424347917400496,47.619962641352096],[-3.424147004592895,47.61984728433306],[-3.424183055761509,47.61959243069463],[-3.423867625373815,47.61930276772625],[-3.423751451293748,47.619336264698845],[-3.423770637579219,47.61960613504645],[-3.423668018711542,47.61953051347953],[-3.423622515826685,47.6195962382998],[-3.42355703292998,47.61927473441428],[-3.423359944973734,47.61896951584191],[-3.42330874568479,47.619098771076864],[-3.423264394017427,47.618730947628926],[-3.423075386956928,47.61871427304753],[-3.422931306047069,47.61884864768917],[-3.42286609561397,47.619039781417115],[-3.422822704053339,47.61894494289379],[-3.422805324022422,47.61924392139214],[-3.422716264977266,47.61905918060923],[-3.422647468630272,47.61915328164554],[-3.422500719336164,47.619043967756454],[-3.422397524184261,47.61918511910468],[-3.422358084405112,47.618636406487944],[-3.422287124818977,47.618712564706165],[-3.422181265100303,47.61861002785558],[-3.421938312506282,47.61892143762626],[-3.421971920104752,47.61875702896095],[-3.421821138047933,47.61850344187314],[-3.42165592448027,47.618684134001406],[-3.42156766053292,47.61861675066332],[-3.421451984937689,47.618875990764025],[-3.421597358950846,47.61908472168833],[-3.421504185821585,47.61919822708788],[-3.421618406044707,47.61948092206351],[-3.421704799486066,47.61942197570017],[-3.421659003192906,47.61959608675789],[-3.42174726887465,47.619663469993114],[-3.421608090373571,47.61961695421421],[-3.421381521880492,47.61917789379192],[-3.421192513825824,47.61916121616712],[-3.421121551879467,47.61923737365665],[-3.420934210162205,47.619012892895086],[-3.420980797220528,47.61895614042741],[-3.420869240141297,47.618917132808214],[-3.420934998965821,47.61913025124278],[-3.420859418603444,47.61927891029216],[-3.420673452236734,47.618955013416176],[-3.420702647730884,47.619197239243306],[-3.420573789598121,47.619014690117496],[-3.420477077092844,47.61920966773565],[-3.420817855230494,47.61993142559864],[-3.420636212109624,47.61964341406448],[-3.420618819606574,47.619942392130255],[-3.420508928874398,47.61969558154729],[-3.420494285145458,47.619795728283734],[-3.420353238583698,47.61962288137295],[-3.420388627006691,47.62002732212459],[-3.420251023369598,47.62021552131634],[-3.420372514464748,47.620669403568264],[-3.420298599347772,47.62061025959902],[-3.420296142931169,47.62070070388583],[-3.420263116799263,47.62064833804966],[-3.420201095730207,47.62068787857792],[-3.420337525671399,47.620933227210976],[-3.420352170006417,47.620833080552615],[-3.420445842638096,47.620945321336244],[-3.420744255230845,47.62098306532116],[-3.420475625179494,47.62097077315244],[-3.420454199605452,47.62112547880982],[-3.420582182583873,47.621633188536215],[-3.420901934547107,47.6219587452787],[-3.420830968467617,47.62203490248235],[-3.420687459088525,47.62195250041372],[-3.420668489589012,47.62201676180267],[-3.420593490921561,47.6219486467471],[-3.420520361723194,47.62200686113385],[-3.420500604109364,47.62195376432034],[-3.420470233986114,47.622145086237275],[-3.420408798605421,47.62196785313591],[-3.420297235650684,47.62192884503062],[-3.420211329818231,47.62221353529982],[-3.420330368669658,47.622757861319535],[-3.420282990175776,47.62269725528683],[-3.420236598455079,47.62308813910205],[-3.420121097914991,47.62246234019827],[-3.419949475790191,47.62214668298234],[-3.419900722359968,47.62218549230602],[-3.419821399512851,47.62208149147925],[-3.419801347697234,47.62213678140227],[-3.419701973215849,47.62208807041276],[-3.419681626161015,47.622251747161094],[-3.419866811486313,47.62245828692104],[-3.419780411101783,47.62251723183287],[-3.420017006559378,47.622928649641835],[-3.419902198103709,47.622862727231464],[-3.41997257755684,47.623003344240416],[-3.419768713988813,47.62275267910857],[-3.419895907766898,47.6231430310559],[-3.419574778308369,47.62291688724592],[-3.41955010572975,47.62304467862607],[-3.419367673442086,47.6226393074406],[-3.419305353516762,47.62278723426819],[-3.41902865871752,47.62248639455361],[-3.419009390551375,47.622659042477146],[-3.418975579920934,47.62248931817826],[-3.418887016337606,47.62253031977454],[-3.418757859378452,47.622456155790005],[-3.418742130549283,47.622547330836056],[-3.418704780597101,47.62245907929162],[-3.418817911898318,47.62273280520447],[-3.418817805492122,47.62317532373775],[-3.418894181432681,47.62314402442665],[-3.418844832688907,47.62339960685595],[-3.419000828442619,47.623363922123794],[-3.419196337599018,47.62343443118455],[-3.419297091196606,47.6233837271141],[-3.419343388003346,47.62343536220605],[-3.419148559924248,47.62392472985223],[-3.41924036912611,47.62391064204142],[-3.41902637424667,47.624130138937055],[-3.419026077791628,47.624238525670776],[-3.419212940802975,47.624237264124694],[-3.418985970850924,47.62434910511612],[-3.41873294655225,47.62468815215469],[-3.418576946749758,47.624723836504735],[-3.418231025628435,47.6250679983519],[-3.41809753944435,47.62495794844387],[-3.41786299736261,47.625006987947295],[-3.417847266253447,47.62509816275326],[-3.417635239670144,47.62500146826219],[-3.417578616161306,47.62508586394725],[-3.417478157322376,47.62502817981118],[-3.417406101392785,47.625095363484704],[-3.417419553482129,47.625428764097435],[-3.417526797997328,47.625431889574095],[-3.417441171434303,47.62560819064546],[-3.417592850876379,47.62553662252575],[-3.417501520236653,47.6257764536505],[-3.417585467168441,47.625807954515665],[-3.417656442894064,47.62573179943181],[-3.41765290082401,47.625813272101034],[-3.417731443128952,47.625799916240865],[-3.417692413282874,47.62591946647596],[-3.417822658114494,47.62600260282819],[-3.417841034713803,47.62615511528685],[-3.417655429105268,47.626499477112006],[-3.417734754297496,47.626603479173504],[-3.417618560480503,47.62663696991973],[-3.417755476635832,47.627108065284055],[-3.417623549613154,47.627232730717864],[-3.4177670684581,47.62731513632738],[-3.417734822604674,47.62738012782581],[-3.417920615626461,47.627369897033304],[-3.417799797303148,47.627475889239854],[-3.417836068262208,47.627555169531675],[-3.418028646608296,47.62749037990981],[-3.41801615816372,47.62760846855872],[-3.418263684483187,47.62766708453428],[-3.418265139608817,47.62834431757019],[-3.418071477405059,47.62840013624534],[-3.418151887311792,47.62851310922933],[-3.417966090355182,47.628523340383694],[-3.418026444108047,47.62869160286485],[-3.417840048728681,47.62891860676378],[-3.417465690555805,47.62913789807663],[-3.417549343271349,47.629277785361666],[-3.417396572170438,47.629340381976895],[-3.417525743895827,47.629414547203986],[-3.417199362439054,47.62947767168497],[-3.417257252872411,47.62973637828184],[-3.41704598934403,47.62975704068324],[-3.417027793059675,47.62993865894415],[-3.416818389440898,47.630085649955035],[-3.416912371660107,47.6300895066428],[-3.416886608490547,47.630208325677756],[-3.416781215135666,47.63033152863216],[-3.416595411586679,47.63034175759671],[-3.416592948447359,47.630432201352605],[-3.416743260729735,47.63046004958143],[-3.416555295024478,47.63045233585965],[-3.416614565647315,47.630611627590916],[-3.415960271580978,47.631279802192644],[-3.415678015589626,47.631376615938],[-3.415631108662813,47.6315417522447],[-3.415480793914492,47.63151390260034],[-3.415466744957789,47.63139727546575],[-3.416280308065074,47.63072033665154],[-3.416216412940221,47.63063354586754],[-3.416327212261527,47.630555200014165],[-3.416226744481275,47.630497514964354],[-3.416442938057048,47.63029596654714],[-3.416338926264958,47.63031975402927],[-3.416319169733603,47.630266656735714],[-3.416498488052532,47.630202600324864],[-3.416204350061669,47.63020073093959],[-3.416117154723143,47.630142315198825],[-3.416164058916429,47.62997717857768],[-3.416005880440502,47.629994916759784],[-3.415964206840798,47.62987077939578],[-3.415819300196303,47.62988778676721],[-3.415790898666048,47.629762918791975],[-3.415895990342494,47.62974810311303],[-3.415962045362883,47.62985283675399],[-3.415964509544485,47.62976239298434],[-3.416160340431951,47.62972452048119],[-3.416085034229838,47.629764789218754],[-3.416161118897778,47.629841878214435],[-3.41617901583111,47.629768646497176],[-3.416311731291096,47.62976134059502],[-3.416361273156179,47.6298398906529],[-3.416360494250314,47.62972253292086],[-3.41658394859307,47.629692169814874],[-3.416625145369148,47.62959056281477],[-3.416650306204817,47.62968851665248],[-3.416498312081626,47.62986846980801],[-3.416608808006101,47.62989851006787],[-3.416818813404425,47.629534746571835],[-3.417015723759021,47.62950584394484],[-3.416980533594026,47.629435534791476],[-3.417140091330188,47.629318380157216],[-3.417104901124965,47.62924807103453],[-3.417027434495175,47.62927039776345],[-3.417091930129943,47.629140415272715],[-3.416972487703153,47.62914699139133],[-3.417010440623512,47.62901847028053],[-3.417120154512122,47.62893115229424],[-3.417258272449211,47.62896870188554],[-3.417236353635819,47.6288976620834],[-3.417427556862015,47.62893228865064],[-3.417604707378636,47.62885028787357],[-3.417683553371633,47.628728545593056],[-3.41757414025038,47.62870747764307],[-3.417762997094239,47.62839003027219],[-3.417973472503969,47.62825200874921],[-3.417899549545338,47.62819286349231],[-3.418023910953437,47.628005398636795],[-3.417978991100906,47.62785434793107],[-3.417809710482816,47.62789076198537],[-3.417920501772366,47.62781241450992],[-3.417839794527248,47.62780782785739],[-3.4178731215283,47.627751807657305],[-3.417680841257301,47.6277082104834],[-3.417764009371947,47.627622353338616],[-3.417465637913851,47.62757518486946],[-3.417655978720333,47.62750187022555],[-3.417481294264356,47.62749342722995],[-3.417464605369467,47.62757502163677],[-3.417382693046197,47.62756207226368],[-3.417522487635423,47.627391819798184],[-3.417455351661158,47.62727811558778],[-3.4171400923437,47.62732256660592],[-3.417040710636747,47.627273853482045],[-3.417053201160955,47.62715576491708],[-3.416854137826746,47.62716672499212],[-3.416915388816355,47.627009828480524],[-3.417166454052325,47.626986974205124],[-3.417389115360038,47.626839251614975],[-3.417148379376647,47.62672607512154],[-3.417144656459696,47.626473416633],[-3.416975379651688,47.626509829504066],[-3.417032005624724,47.626425434173306],[-3.416898217730413,47.626423769578246],[-3.416999279735893,47.62626468095872],[-3.416870896338793,47.62630787297136],[-3.416874740470055,47.626118013729254],[-3.417055125031478,47.626062927657],[-3.417298800519406,47.62631140497159],[-3.41744291575024,47.62617703779422],[-3.41730294309382,47.62601315909145],[-3.417454324215474,47.62604997779485],[-3.417242894734994,47.625736509364714],[-3.416928725163672,47.62578993117557],[-3.416932268337441,47.625708458527356],[-3.416736753843022,47.625637945759216],[-3.416862974129877,47.62557681121448],[-3.416650646142727,47.62558850161283],[-3.416652630757741,47.62527231297336],[-3.41670138936851,47.62523350506715],[-3.416792900471716,47.6253278058567],[-3.416772365591582,47.62515735049799],[-3.416881470304663,47.6252868059073],[-3.416864177540427,47.62514326456393],[-3.41699039651169,47.62508212986593],[-3.416815720079228,47.62507368586444],[-3.41683853946948,47.62481956583451],[-3.417016156976236,47.62496331049426],[-3.416947944331677,47.62484063451572],[-3.417102564372056,47.62490436770146],[-3.417097760974832,47.62464273764011],[-3.417291410565541,47.62458692047136],[-3.417315189472134,47.62478428978461],[-3.417352357454917,47.62453841023486],[-3.417401896004064,47.624616960062724],[-3.417525951326748,47.62453788210512],[-3.417399552662172,47.62426488591899],[-3.417579930420175,47.62420979898371],[-3.417544144075332,47.62435626326135],[-3.41762700789119,47.6243787927881],[-3.41762976829018,47.624179962000966],[-3.417983738046206,47.62412434589751],[-3.417998871555109,47.62424994449446],[-3.41783392614234,47.624322243962304],[-3.418072789163734,47.62430908980855],[-3.41814838440796,47.62416043294659],[-3.418046845722333,47.62409377794487],[-3.418296815745497,47.62406194987712],[-3.418097764203371,47.62407291208903],[-3.418076927258566,47.62401084359373],[-3.418279221602083,47.62402679539649],[-3.418332599827979,47.62391548534673],[-3.418558190849622,47.62390306102635],[-3.418371924556562,47.62368754801776],[-3.418545515651427,47.62368701837247],[-3.41856340725038,47.6236137860578],[-3.418344601365882,47.62357165159249],[-3.418302927342047,47.623447514652284],[-3.418186740750726,47.6234810060181],[-3.418015909236595,47.62328270424227],[-3.417838777827302,47.62336470587801],[-3.417836914847847,47.62323837643041],[-3.417706676738121,47.623155239975915],[-3.417764976920214,47.622863041884436],[-3.417924996849461,47.622971630726894],[-3.418012779466399,47.622813271730934],[-3.417776383910693,47.62273598163707],[-3.417922351442349,47.622727943110974],[-3.417941324500215,47.62266368219155],[-3.418046103167899,47.62275725133753],[-3.418141451779034,47.62266169157234],[-3.417952432402355,47.62264500873367],[-3.417930515261637,47.62257396883058],[-3.418052104748603,47.62258533438056],[-3.418097915369717,47.62241122500449],[-3.417950867808157,47.62241029241442],[-3.417961193338151,47.6222742607819],[-3.418110700720964,47.62218474919138],[-3.417988329761354,47.622056025515796],[-3.41818737380579,47.62204506347905],[-3.418146185825916,47.622146671424716],[-3.418240452203833,47.62204214021193],[-3.418255585726447,47.62216773891001],[-3.418383958046771,47.62212454528346],[-3.418282422939286,47.622057890416826],[-3.418373148173512,47.62203483193862],[-3.418450008515271,47.62222927792845],[-3.418502303578884,47.62210899636463],[-3.418735157226045,47.62226775786466],[-3.419158408481348,47.62234378457646],[-3.418983252635897,47.622109598791404],[-3.418988954607637,47.622046068584815],[-3.41911378644888,47.6220843470192],[-3.418992494388744,47.621964595717316],[-3.419174728825217,47.62203583576939],[-3.419143568990644,47.62210979916021],[-3.419201267993344,47.6220343739145],[-3.41880701727197,47.621866441384014],[-3.418754236074044,47.621760978043895],[-3.418611514372106,47.62179593161479],[-3.418557950012438,47.62157310997294],[-3.418817934243827,47.62151363588608],[-3.418771045695841,47.62167877429214],[-3.418894307807023,47.621482336548176],[-3.419148589513207,47.6214863919448],[-3.419171588938329,47.621566402988506],[-3.419202748416915,47.6214924395696],[-3.419403850859781,47.621941936929595],[-3.419260446668765,47.62141701427075],[-3.419624422270591,47.621333748190644],[-3.419853147919929,47.62179075418041],[-3.419826117301522,47.6215664711102],[-3.420018377203466,47.62161006489041],[-3.420156677077841,47.621981743121076],[-3.420115588542349,47.62164083298192],[-3.42026263402223,47.62164176284693],[-3.420120796283175,47.6213515576077],[-3.420140648734773,47.62096213556509],[-3.420032626196951,47.62084165423754],[-3.420132881229854,47.62056520419005],[-3.420025646338483,47.620562081098434],[-3.420071154474642,47.62049635771218],[-3.419991539331065,47.620500743855246],[-3.419787685230457,47.62025007843446],[-3.419787193820003,47.62002433318223],[-3.419902290683435,47.619981868834884],[-3.419759869431772,47.619908436870055],[-3.419862778223315,47.619875674883595],[-3.419859042938044,47.6196230155923],[-3.41997738249532,47.61960746515884],[-3.419933839963463,47.619356998882836],[-3.42019892400754,47.619450765320536],[-3.420296719217883,47.61926475928651],[-3.420311856790727,47.61939035789709],[-3.420345175943246,47.61933433674935],[-3.420449952289788,47.61942790389864],[-3.420328957050959,47.619199766809814],[-3.42035578850578,47.61908991767296],[-3.420453783197714,47.61923804386786],[-3.420336913431745,47.61871165965468],[-3.420474219406058,47.61863184726594],[-3.420429794618924,47.618706542203135],[-3.420573294875107,47.618788944725594],[-3.420649168469995,47.618531898774776],[-3.420564149889159,47.6184914286631],[-3.420678161529701,47.61843999218676],[-3.420614273952603,47.6183532032603],[-3.420729659519752,47.61820235099369],[-3.420857727600345,47.61826754163051],[-3.420870118188473,47.61859197168679],[-3.420928892293856,47.6185255167793],[-3.421104629325986,47.618542925983434],[-3.421227789188999,47.618789004992074],[-3.421190729787615,47.61859236702512],[-3.421269260584439,47.618579008736475],[-3.421126344138171,47.61827983293739],[-3.421420416624277,47.61828168994039],[-3.421491959706204,47.61798875807488],[-3.421393672813324,47.617949019745815],[-3.421468958344904,47.61790874734133],[-3.421704755906327,47.618202804311174],[-3.421628388682217,47.61823410553952],[-3.421725594801933,47.61826487234423],[-3.421742689654847,47.618074280940036],[-3.421857780758954,47.618031814623095],[-3.421878619765721,47.61809388263427],[-3.421918716016105,47.61798330184071],[-3.422018084879654,47.61803201104664],[-3.422126607496096,47.618378236170244],[-3.422029901814717,47.618573215137864],[-3.422256049135746,47.61834400952084],[-3.422241988844177,47.61822738241142],[-3.422364650929125,47.6182477148135],[-3.422451331019319,47.618080380782025],[-3.422597285118266,47.61807233639414],[-3.422563679876578,47.61823674529708],[-3.42270530784043,47.618192815520594],[-3.422677400037455,47.618293693935634],[-3.422783548876753,47.61828784328497],[-3.422810878999342,47.61840373898591],[-3.423031613798944,47.618129675289424],[-3.423149949121996,47.61811412162938],[-3.423038392217367,47.618075116065384],[-3.423111513284625,47.618016899984646],[-3.423252852374552,47.618081356625645],[-3.423287755545699,47.61826005137654],[-3.423169419939344,47.618275605175064],[-3.423182400549678,47.61838326086295],[-3.423070554846919,47.61845264240107],[-3.423171295363504,47.61840193485901],[-3.423407104479333,47.618695988317334],[-3.423463999412111,47.618503202472155],[-3.423358137848306,47.618400666677346],[-3.423448854675322,47.61837760421313],[-3.423515992221704,47.61849130549832],[-3.423674134119062,47.618473557041696],[-3.42367983012052,47.618410026487716],[-3.423575844709486,47.61843382055903],[-3.423499765593294,47.61835673594109],[-3.423640311309977,47.61830383372901],[-3.423788429480173,47.61831373045965],[-3.423801411347974,47.618421386076626],[-3.423950611723933,47.61844025390202],[-3.423905110116188,47.61850597886912],[-3.424010177381827,47.61849115580439],[-3.424047247097381,47.61868779288672],[-3.424142291661433,47.6187006150777],[-3.424166155340766,47.618455464083546],[-3.424271222434517,47.618440640783554],[-3.423742419663386,47.618153709916044],[-3.423823399504065,47.618049905429],[-3.424025672977648,47.61806584732768],[-3.424049250686388,47.61792908337482],[-3.424070092200756,47.6179911509982],[-3.424089056175625,47.61792688892414],[-3.424252605660319,47.61795399618241],[-3.424323847099718,47.61776944963966],[-3.424228804149732,47.61775662759031],[-3.42425511657725,47.61742103194215],[-3.424385636433327,47.61739577421724],[-3.42445904048899,47.61722917014167],[-3.424562737983537,47.6173137624019],[-3.424563023160162,47.61720537526928],[-3.424727937472776,47.61713306603475],[-3.424551121975977,47.617106690970154],[-3.424742572530104,47.61703291863096],[-3.424746103198869,47.61695144537988],[-3.42465675627888,47.61687509301725],[-3.424502947088449,47.61692872802528],[-3.424443382703896,47.61687782633351],[-3.424572819220641,47.61684359708998],[-3.424449077619763,47.61681429569009],[-3.424693600037408,47.6167375972994],[-3.424642976141354,47.61665007894555],[-3.424846611118332,47.616566603566866],[-3.424926219996386,47.616562214105286],[-3.424945695620229,47.616723697483124],[-3.425131450176208,47.61671345516494],[-3.425158270500538,47.616603604785055],[-3.425269825879199,47.61664260835344],[-3.425300175673421,47.61645128464911],[-3.425385993145426,47.61660910982422],[-3.425260602096235,47.61678761231944],[-3.425448520950076,47.616795312087454],[-3.425499146304296,47.61688283008559],[-3.42540382118302,47.61697839614022],[-3.425580636676165,47.617004769915546],[-3.42534124099411,47.61723471375652],[-3.425602561709696,47.61707580858562],[-3.425729268107102,47.61724040976662],[-3.425847600673201,47.617224853366025],[-3.425746065566201,47.61715820482076],[-3.425882277312068,47.617069414721136],[-3.425901756012614,47.61723089789759],[-3.425646928110659,47.61744363145731],[-3.426018724113852,47.61731475717213],[-3.425962921841661,47.617516515664434],[-3.426155172169666,47.61756009943288],[-3.426186838079581,47.61771187951739],[-3.426347941938218,47.61782942838779],[-3.426350344007969,47.61818150351269],[-3.426575346742285,47.61838583783185],[-3.426622489258861,47.618112308927294],[-3.426684502579973,47.618072764936926],[-3.426786040597771,47.61813941263506],[-3.426587335951151,47.61759948255321],[-3.426720300534197,47.61748377765756],[-3.426743309582115,47.61756378737406],[-3.426941252745523,47.61754383911558],[-3.42706010776814,47.617754026998824],[-3.427073936343182,47.61753652094002],[-3.427174391452579,47.61759419704425],[-3.42722205302097,47.61754641331971],[-3.427257248836495,47.61761671981678],[-3.427373416975212,47.61758321932732],[-3.427347647425623,47.61814456111296],[-3.427437524058061,47.61844665679486],[-3.427502505287346,47.61854241325047],[-3.42755369388951,47.61841315614032],[-3.427720494073056,47.61846717233381],[-3.427796300821402,47.618652641263814],[-3.427700976652101,47.61874820910682],[-3.427401209776525,47.61880989864379],[-3.427313497570892,47.61852574552642],[-3.427382284884961,47.6184316417114],[-3.427214682556498,47.61826026668372],[-3.42722089714566,47.618422481381614],[-3.427159163727846,47.61835363857458],[-3.427086046613113,47.61841185717951],[-3.42720193676445,47.61848674394788],[-3.427122325203831,47.61849113495643],[-3.427123127602393,47.61860849329335],[-3.427258501625689,47.61884486283398],[-3.427331898708613,47.61867825707649],[-3.427376837302358,47.61882930489668],[-3.427752690047364,47.61884469730353],[-3.427325647873011,47.61895856190175],[-3.427345411166118,47.61901165764208],[-3.427621889267178,47.61897834582031],[-3.427258744903579,47.619178995225845],[-3.426947069031563,47.61914199966205],[-3.426961941898097,47.61937598444199],[-3.426876636697648,47.619443905963465],[-3.427146622889642,47.619356767664904],[-3.427331024180341,47.61944593761647],[-3.427293662200414,47.61935768867875],[-3.427654084852484,47.61935587071832],[-3.427706356364606,47.61923558485682],[-3.42781250652529,47.619229729638086],[-3.428041293250638,47.61968672008323],[-3.427858776504411,47.61972388078699],[-3.427758841761011,47.619891950593384],[-3.427856054431933,47.61992271226919],[-3.427758563058204,47.62000033758449],[-3.427159014686042,47.620123716103414],[-3.427385670090774,47.62012024597117],[-3.427342336190691,47.62020391474026],[-3.426792613694702,47.620297450157715],[-3.426773652132064,47.62036171259267],[-3.426970523262075,47.62033279304843],[-3.426806684472578,47.62041407659532],[-3.426859480245922,47.620519536368725],[-3.426979984552591,47.620521921373175],[-3.42686272739027,47.62054645015787],[-3.426849177728693,47.62065556890959],[-3.427224520315747,47.62044521782897],[-3.427449012124379,47.6204238050541],[-3.42743546369226,47.62053292388069],[-3.427344465378136,47.620664376369305],[-3.427041440084259,47.62069915114894],[-3.427120774942335,47.620803147145445],[-3.42702680833433,47.62079929865259],[-3.427043604915231,47.62071709367006],[-3.426915242986321,47.620760296845624],[-3.42692281976132,47.620823095674844],[-3.427009209517637,47.62076414542832],[-3.427039797336851,47.6209069537723],[-3.427129434398477,47.62087491721895],[-3.427068220466247,47.62103181958023],[-3.426935528180748,47.62103913773618],[-3.42684132049542,47.62070115702016],[-3.42674843645292,47.62070627956556],[-3.426784716101464,47.62078555735408],[-3.42671187608047,47.62073538871026],[-3.42661381949559,47.62102978690636],[-3.426677720028952,47.62111657243142],[-3.426709951211911,47.621051578255276],[-3.426767357659815,47.621084536159415],[-3.426837191690342,47.62144192298291],[-3.42712695201413,47.621407880576875],[-3.427198431037652,47.621557464591994],[-3.427300255967192,47.6215157248245],[-3.427360910736724,47.621575596191725],[-3.427368208647241,47.621746781858796],[-3.427515254544641,47.621747702592536],[-3.427533133189152,47.621674468831365],[-3.427900314255802,47.62206060951899],[-3.427900592681568,47.621952222642165],[-3.428005665620212,47.6219373960091],[-3.428085004196763,47.62204139128451],[-3.427916831496114,47.62208679133953],[-3.428008635222735,47.622072696623206],[-3.428044917671286,47.62215197396465],[-3.428220668961126,47.622169372428345],[-3.428224194661531,47.622087899286775],[-3.428450581027012,47.622192813961625],[-3.428428122135257,47.62189603101501],[-3.428543216160047,47.62185355819303],[-3.428566783968473,47.62171679359405],[-3.42864856563204,47.621730344090125],[-3.428523199418148,47.62146633079297],[-3.428632878954651,47.62137900165493],[-3.428732260264374,47.621427705063006],[-3.428798883370087,47.62131565806952],[-3.428847076536895,47.621493618841754],[-3.428918030461135,47.6214174567466],[-3.429004142794437,47.621466891954746],[-3.429030957538092,47.62135704095322],[-3.429183140514347,47.62151120269242],[-3.429137366818958,47.62168531649518],[-3.429247852916763,47.62171534492547],[-3.429235686403311,47.62128252936228],[-3.429313136335515,47.62126019444553],[-3.429375958712152,47.62133800724738],[-3.429378399775403,47.62124756279978],[-3.429451243000995,47.621297729767335],[-3.429585293440279,47.621190993065234],[-3.429689006752851,47.62127558060164],[-3.429703633639255,47.621175432788995],[-3.429733938283209,47.621869146149386],[-3.429852020419546,47.62151945380013],[-3.430107386079468,47.62153245656787],[-3.430139613338052,47.621467461459176],[-3.429991759417947,47.621349185884334],[-3.429950594442471,47.621450798028036],[-3.429853377782111,47.6214200381198],[-3.429886962577918,47.62125562738832],[-3.429977407230544,47.62134094680834],[-3.43004402761465,47.6212288990996],[-3.430557195435116,47.621164458764774],[-3.43111964567294,47.62128694724771],[-3.430852905412666,47.6214010083109],[-3.430605394326726,47.62134241882522],[-3.430547712184641,47.621417849730825],[-3.430473784759328,47.621358712224506],[-3.430432620693975,47.62146032453762],[-3.430604038366549,47.621441834518244],[-3.430585080985431,47.621506097534194],[-3.430737541538326,47.62155187033065],[-3.430628948126604,47.62164817266041],[-3.430769495443287,47.62159526195824],[-3.431054649643841,47.62163371182904],[-3.431103122539829,47.62170328474308],[-3.430958242890376,47.62172031096582],[-3.431110704374978,47.62176608327013],[-3.431280228059633,47.62162126292216],[-3.431246107444953,47.62155992899967],[-3.431379883595286,47.6215615771647],[-3.431321119157398,47.62162803722768],[-3.431478996592602,47.621718665134985],[-3.43151907567933,47.62160808125168],[-3.431616022761599,47.62174722667346],[-3.431832665155087,47.6217713938929],[-3.431880326283244,47.62172360836969],[-3.431769838687675,47.621693582429856],[-3.4318551412572,47.62162565741279],[-3.432165751734147,47.62165366862236],[-3.432157894720466,47.62125673819254],[-3.432435464777219,47.621232386224484],[-3.432421657088963,47.62144989250547],[-3.432503439322017,47.62146344030412],[-3.432500458361792,47.62132813976219],[-3.432674856287308,47.621444947245436],[-3.432614464558702,47.62127669170856],[-3.432695969255771,47.62095610735548],[-3.432911525520476,47.620971301376635],[-3.432837059299971,47.62112893923955],[-3.432909637362194,47.62128749098454],[-3.432807548794352,47.62143762257031],[-3.432722516370177,47.62139716137052],[-3.432721164351153,47.6214965770853],[-3.432843569550197,47.62162528535933],[-3.432913434528659,47.62154014963924],[-3.433064813729755,47.62157694819476],[-3.432993865509617,47.62165311280282],[-3.43315201362092,47.62163535154101],[-3.433207538254886,47.62198449576832],[-3.433292839459971,47.62191656971135],[-3.433221075257319,47.62187537635371],[-3.433325063072207,47.62185157373654],[-3.433550374925033,47.62194750734224],[-3.433345902880963,47.6214711207535],[-3.433448806345742,47.62143834682249],[-3.433411981892416,47.62157584497033],[-3.433502432721055,47.62166116164644],[-3.433893743634537,47.62169374410475],[-3.433814394259403,47.62158975275695],[-3.434029953400883,47.621604944708935],[-3.433924331586882,47.62139403173375],[-3.434028584131383,47.62126184155501],[-3.433969005830324,47.62121094483516],[-3.434077326446958,47.62122302631618],[-3.434039952071618,47.621134779617456],[-3.434122817846823,47.62115729747795],[-3.434147741074306,47.62136363489955],[-3.434228439976621,47.62136821029926],[-3.434224657903898,47.6215580705715],[-3.434356001500964,47.62165015986188],[-3.434337291679175,47.621163517673295],[-3.43441717182198,47.62105073481025],[-3.434625432474048,47.621337259338176],[-3.434545287410377,47.62155842924731],[-3.434653344149149,47.6216788971055],[-3.434480843432545,47.62168842187874],[-3.434623289679123,47.62176183582344],[-3.434552343436757,47.62183800137097],[-3.434379023788216,47.6217301679027],[-3.434387162642714,47.62201871119819],[-3.434231181107605,47.622054416504504],[-3.434817465471692,47.62193173450688],[-3.434743268072788,47.621980986616094],[-3.434805015464974,47.62204982528575],[-3.434862692274434,47.62197439230211],[-3.435041696558173,47.62201869404925],[-3.434939612587951,47.62216882744224],[-3.434994593729818,47.62229222580272],[-3.435054702019964,47.62212634820963],[-3.435198234040489,47.62220873261595],[-3.435183324285598,47.621974749226254],[-3.435312766272834,47.62194050816885],[-3.435349586082069,47.62180300944747],[-3.435529936995037,47.62174789472295],[-3.435685654147727,47.62182057458474],[-3.435658294326188,47.62170468210139],[-3.435987858238769,47.62166841931313],[-3.435942630796176,47.62162576194692],[-3.436141931235838,47.621506382389065],[-3.436016004600615,47.62145915097035],[-3.436197437631967,47.62141300637948],[-3.436214220284657,47.621330800104495],[-3.436427349941844,47.621436432219326],[-3.436540268560251,47.621376009166056],[-3.43643684493046,47.62162555966949],[-3.436234292761913,47.62171802621153],[-3.436292789797071,47.621759950592654],[-3.436458786307553,47.62169659613245],[-3.436403280073691,47.62178997225266],[-3.436653489012144,47.62164971794817],[-3.436571705440667,47.62163617305686],[-3.436655917760242,47.62155927336332],[-3.436730936373318,47.62162737811669],[-3.437032052281778,47.62146624896093],[-3.437047794261805,47.62181759025029],[-3.43691726958738,47.62184286206906],[-3.436872084504538,47.62224272381669],[-3.436674127630751,47.62226268885912],[-3.436796804482203,47.622283006060485],[-3.436585056428723,47.62252047762826],[-3.436442344374635,47.62255545297386],[-3.436516280068749,47.6226145866657],[-3.436415544279791,47.62266530560889],[-3.436522784352483,47.62266841364824],[-3.436154789039116,47.62304997937245],[-3.435964416642557,47.623132741358624],[-3.435999627654547,47.623203045019046],[-3.436113634483094,47.62315159359933],[-3.436246069272878,47.623252651853505],[-3.436356823875911,47.62317428670635],[-3.436416406644668,47.62322518215677],[-3.436006691514733,47.62348261681863],[-3.435837996376073,47.62374480185518],[-3.43601618537698,47.623671744104186],[-3.436102307919481,47.62372117402136],[-3.435950658454482,47.62379276624237],[-3.436055732779447,47.62377793238123],[-3.436069824711744,47.623894557493564],[-3.436278889606075,47.623855918303406],[-3.4363736850765,47.62397711729544],[-3.436805084575329,47.623899104528086],[-3.437017921270183,47.62367060388403],[-3.437079673549884,47.62373944129131],[-3.437084269996303,47.62366693910236],[-3.437243506901823,47.62365814347256],[-3.43715144323584,47.623780632238535],[-3.437315276604897,47.62369933432084],[-3.437344290943604,47.624049942180186],[-3.437161506123362,47.624195504118326],[-3.4371845337131,47.62427551150141],[-3.437343513152759,47.62437510250735],[-3.437586967413163,47.62428940627032],[-3.437785757387487,47.624386797615976],[-3.43776086930652,47.624622979499904],[-3.437674743773386,47.62457355082862],[-3.437500891043883,47.62468249565739],[-3.437541526411168,47.624797654520854],[-3.437650939395644,47.62481870380946],[-3.437626309211134,47.62494649887979],[-3.437752245497629,47.62499372847761],[-3.437725446874261,47.62510358127549],[-3.437842709054138,47.6250790416424],[-3.438051261641228,47.62525717275257],[-3.437761228970989,47.625399628907296],[-3.437970866889491,47.62558673127028],[-3.438000144499517,47.62582895194237],[-3.43788479125526,47.6259798206779],[-3.438048372415596,47.62600690850373],[-3.438122056976634,47.62617442774498],[-3.438089836595711,47.626239424898706],[-3.437898629618468,47.62620483210629],[-3.437754048925166,47.62655599781997],[-3.43799725452499,47.626578687471614],[-3.4380877211591,47.62666400037704],[-3.438100164979837,47.626545909528545],[-3.438284609400831,47.626635061854955],[-3.43829653809821,47.62673374427022],[-3.438398364222727,47.62669199493847],[-3.438334437960564,47.626605216075845],[-3.438477159601883,47.62657023849116],[-3.438402131814466,47.626502135032496],[-3.438499619584129,47.62642450109245],[-3.438461149807692,47.62632728491629],[-3.438541856583446,47.62633185732394],[-3.438561319702828,47.62605081983656],[-3.438762799789352,47.62594937833715],[-3.438783089746715,47.62578569858057],[-3.439012449260697,47.625583374757916],[-3.439184706222234,47.625682230011556],[-3.439483413463065,47.62561153932488],[-3.440329197731657,47.6256460827528],[-3.440727555719707,47.62551569552613],[-3.440737823808574,47.625379662102844],[-3.441242339454714,47.62524340605759],[-3.441512080718871,47.62526462153929],[-3.44167749790562,47.62497551519799],[-3.441814537890047,47.62500406472321],[-3.441922032947244,47.6248987810571],[-3.441881388053201,47.6247836237238],[-3.441976697611881,47.62468804460411],[-3.441838573369842,47.62465052415944],[-3.441762709317944,47.62446506491833],[-3.441834733739801,47.62439786620034],[-3.44173533494802,47.62434917401639],[-3.441839323784784,47.62432536384893],[-3.441902168026472,47.62440316978948],[-3.441968767201973,47.62429111545623],[-3.441885558398858,47.62393447171628],[-3.441723066589623,47.62391636034513],[-3.44180944500657,47.623857399245686],[-3.4417509413407,47.623815477672906],[-3.441568169339337,47.62396104652458],[-3.441455752772415,47.62380470075582],[-3.441491473141295,47.623658229117055],[-3.441623085013779,47.623641923321735],[-3.441625004296215,47.62376825235798],[-3.441706792416045,47.62378179369592],[-3.441710297640534,47.62370032021591],[-3.441845164440262,47.623710927502714],[-3.441656051041167,47.62325176461778],[-3.441774808922178,47.62257689986491],[-3.441953571064739,47.622729577875724],[-3.441959830959944,47.62289179141451],[-3.442181072132482,47.62284343701258],[-3.44217856544858,47.62249136306239],[-3.442063730571497,47.62242546242421],[-3.442026591900031,47.622228831442726],[-3.442254589558342,47.62212591667347],[-3.442226379666702,47.62189266772127],[-3.442045449631172,47.62172204782914],[-3.44211288055879,47.6217273513039],[-3.442089011336535,47.621529986738814],[-3.441972258612096,47.6213377568],[-3.442069981413427,47.62115173272077],[-3.442020323863138,47.62063067420645],[-3.442191984260031,47.62050378018233],[-3.441820370989909,47.620081799618234],[-3.441912417565115,47.61995930693962],[-3.441763206599762,47.61994046207654],[-3.441743929243438,47.61967059473807],[-3.441664066644041,47.61978338269161],[-3.441495078594535,47.61971144418835],[-3.441455774278894,47.619496870487495],[-3.441586291069143,47.61947159356629],[-3.441564343783995,47.619400557985664],[-3.441687850348523,47.61953822825925],[-3.441572771774048,47.61958071408445],[-3.441694359471582,47.61959205503865],[-3.441882875397094,47.61982547355086],[-3.441959233019762,47.61979415910449],[-3.441841399678828,47.61959295773642],[-3.441912332538532,47.61951678767374],[-3.442010387819945,47.61966489574293],[-3.441930275861169,47.619886070908564],[-3.441994199922612,47.61997284810279],[-3.442106024214012,47.61990344849764],[-3.442336768478361,47.62004422086806],[-3.442239796547571,47.61990508422496],[-3.442442082543771,47.619920994210645],[-3.442538308937491,47.62038529171197],[-3.442524203800946,47.620268667170286],[-3.442699116941025,47.62016868573552],[-3.442808026170543,47.62040650425371],[-3.442629269363026,47.62025382736863],[-3.442611999828196,47.62055280860446],[-3.442226029146932,47.62012259181154],[-3.442230119646218,47.62026686330959],[-3.442423229213929,47.62042777835672],[-3.442404037447864,47.620600430314646],[-3.442523208883552,47.620702215148164],[-3.442538896554379,47.62061103681728],[-3.442672173817187,47.62082944601157],[-3.44280377835531,47.620813138862104],[-3.442832238304791,47.62093800083716],[-3.44300014693546,47.621000966249206],[-3.443045627160082,47.62093523392842],[-3.443060818726038,47.62106082947756],[-3.44283874875235,47.62099182751411],[-3.442924625370287,47.6211496394298],[-3.443009912877181,47.62108170624732],[-3.443135597319147,47.621237317091094],[-3.443319193762906,47.62120910364967],[-3.443407242508263,47.62138485740576],[-3.443431018921356,47.62113970281989],[-3.443527996199352,47.621278838385734],[-3.443492283010043,47.6214253108263],[-3.443292999310552,47.62154470293154],[-3.443480937505311,47.621552373664024],[-3.443469345131565,47.62178782341943],[-3.443348837233376,47.62178545543022],[-3.443330980247984,47.6218586916068],[-3.443235087587211,47.621728527024416],[-3.44320721673043,47.62182941015898],[-3.443117835245801,47.62175307211338],[-3.443029291429995,47.621794092029866],[-3.442988646511242,47.621678934898156],[-3.442879237857336,47.62165789057575],[-3.442953675162387,47.621500246354046],[-3.442621358942102,47.62129284157704],[-3.442441763587406,47.621022806398585],[-3.442482904457411,47.62092118983118],[-3.442390270537059,47.620817937842986],[-3.442312826718518,47.6208402814365],[-3.442465136183632,47.62143694483787],[-3.442430753914754,47.62148400111954],[-3.442351388222392,47.62138001556121],[-3.44240530067035,47.621494439367666],[-3.442357649168128,47.62154222919111],[-3.442280453513483,47.62145618581773],[-3.442275615076381,47.621637075226246],[-3.442326023470029,47.621832972632724],[-3.44251070742722,47.621813731584524],[-3.442349644614046,47.62213872402382],[-3.442484009960339,47.62236610437244],[-3.442306083349628,47.62233078515132],[-3.442251671690276,47.62243313513132],[-3.442466241216319,47.62288185899664],[-3.442388545420431,47.6230125894734],[-3.442313766810336,47.62283610154244],[-3.442280219292294,47.6230005157119],[-3.442454146312884,47.62333408217416],[-3.442436128035308,47.62395822334126],[-3.442516582809766,47.6240711798058],[-3.442422609341125,47.62406734370642],[-3.442463005987504,47.62429088767931],[-3.442333812020752,47.624216749836435],[-3.44227722839434,47.62430115752496],[-3.442360102558872,47.624323669504236],[-3.442245014203332,47.624366155887465],[-3.442355264131765,47.62450455864955],[-3.442207960997882,47.62461204336809],[-3.442457082829779,47.62446280573172],[-3.442346085399981,47.62464956337667],[-3.442522098322875,47.62455855353283],[-3.44245416599934,47.62477002382565],[-3.442339076756353,47.624812510291775],[-3.442435221702,47.624834288654405],[-3.442304692202231,47.62485956645471],[-3.442330982998613,47.62496648609375],[-3.442226993132234,47.624990296691095],[-3.442317214664162,47.62518399312555],[-3.442390324442163,47.62512576518828],[-3.442435560002284,47.62516841998081],[-3.442256289727329,47.625232516370325],[-3.442247609226991,47.625160747580374],[-3.442129263851049,47.62517632053474],[-3.442145539514748,47.62531088702858],[-3.442256040432391,47.625340903096856],[-3.441930798154904,47.62541306790715],[-3.442279076151768,47.625420909428215],[-3.441931633213554,47.625530425723106],[-3.441829311742277,47.62578895156724],[-3.441632679106463,47.62570950937836],[-3.441309603572567,47.62579961464868],[-3.441288738965381,47.62573755035219],[-3.441001133903491,47.62578957003224],[-3.440928273694795,47.62573941038466],[-3.440942376790194,47.625856034791234],[-3.440831875544895,47.625826017488116],[-3.440830286323282,47.626033819754745],[-3.440729548180871,47.626084542329494],[-3.440214175867097,47.626131084969785],[-3.440208498719965,47.626194616076894],[-3.439789525636311,47.626154550270364],[-3.439625688500151,47.626235851556004],[-3.439515187209032,47.626205833013124],[-3.439635195674131,47.62642497827933],[-3.439884909617546,47.62650149070478],[-3.439654719392529,47.62658645838373],[-3.439689937542876,47.62665676080665],[-3.439861368694715,47.62663825724981],[-3.439789338765791,47.62670545467342],[-3.439631177842455,47.62672322487634],[-3.439538029729132,47.626836744214785],[-3.439413172132381,47.626798487704974],[-3.43942376327726,47.62699658550753],[-3.439707867891061,47.62702604302778],[-3.439578416391303,47.6270602888666],[-3.439668886368647,47.62714560052622],[-3.439568145024515,47.62719632207027],[-3.439614464744905,47.627247949024074],[-3.439528333260157,47.62719852178639],[-3.439467403488935,47.62724704352609],[-3.439593346831932,47.62729427108286],[-3.439551110896032,47.62738691518568],[-3.439380761857197,47.62741438939522],[-3.439529738032162,47.627541623827526],[-3.439498603188838,47.627615592436946],[-3.439226681639221,47.62757643009943],[-3.439222087766075,47.62764893222679],[-3.439114837530337,47.62764582667386],[-3.439148142101462,47.62758980040102],[-3.438837493419823,47.62756180784656],[-3.438822881920006,47.62766195647352],[-3.439052822297015,47.62768537706976],[-3.438864863145811,47.627677699235946],[-3.439047143602353,47.62774890806952],[-3.43890333463073,47.627774915211525],[-3.438788492430757,47.627709011532275],[-3.438768970922236,47.62754753137647],[-3.43856072105347,47.627703532658984],[-3.438497877796777,47.62762572505281],[-3.438253325340739,47.62770245191705],[-3.43780996916689,47.6276817874702],[-3.437726833204988,47.62776765888261],[-3.437832999232541,47.62776179458187],[-3.437675918874062,47.62778853325541],[-3.43780077754149,47.62782679160272],[-3.437681340609438,47.62783338890109],[-3.437022658379893,47.62768914972398],[-3.436792979276501,47.62755733854646],[-3.43654756086246,47.627074186566965],[-3.436717607750868,47.62671258546552],[-3.437138965603699,47.62621970017741],[-3.437498349964787,47.62620888070143],[-3.437221015864365,47.62612485797379],[-3.437371585991042,47.626044293049134],[-3.43738511551103,47.62593517337981],[-3.437296819721126,47.62586780218162],[-3.437239142144639,47.62594323621628],[-3.437263773715928,47.62581544129314],[-3.437112379600921,47.6257786482602],[-3.437218801265377,47.62566439782047],[-3.437127253504931,47.62557011305358],[-3.437008905727931,47.625585680816606],[-3.437104225442582,47.62549010571248],[-3.436953916537609,47.625462283613324],[-3.436987482007492,47.62529787118224],[-3.436834181547696,47.62513474876366],[-3.436936005765802,47.62509300067239],[-3.437105004707222,47.62516494557342],[-3.43708765760306,47.6250214072199],[-3.437185969198423,47.62506113219581],[-3.437202751475739,47.62497892593291],[-3.437112029373932,47.62500199900228],[-3.437062461466286,47.624923457552114],[-3.437362251505385,47.624861743410946],[-3.437315370457506,47.62458437085646],[-3.437173997172327,47.624519931450685],[-3.436897496333061,47.62455326579065],[-3.436952484456584,47.62467666307819],[-3.436799185887677,47.62451354056156],[-3.436401086963485,47.62453552770482],[-3.436202859829188,47.624663878676465],[-3.436330700981479,47.624837438869434],[-3.436168469961874,47.62471093303645],[-3.436146004336383,47.624856670115335],[-3.43602683578612,47.62475487899224],[-3.435976745621145,47.6248931105531],[-3.435753322404052,47.62492351083078],[-3.435350063819518,47.62479225184848],[-3.435372825682868,47.62498064629564],[-3.435160767826333,47.6248839836149],[-3.43516727101977,47.62493781061011],[-3.435030234760977,47.62490925328493],[-3.434689283010937,47.62507257506363],[-3.434716087866715,47.62496272296069],[-3.43492299027356,47.62490614387874],[-3.434894546708486,47.624781280231545],[-3.4347177008573,47.624754920663335],[-3.434579051785337,47.62493416510652],[-3.434539506463722,47.62482797639264],[-3.434045794600492,47.62461139716098],[-3.434121345790547,47.62446272998706],[-3.434268399285127,47.624463642217165],[-3.434361023822103,47.624566900453324],[-3.434456346458288,47.62447132746006],[-3.434337712726264,47.62415276106038],[-3.434433853218906,47.62417454601668],[-3.434466076804891,47.624109549802476],[-3.434278130904052,47.62410186457381],[-3.434360448312293,47.62389863749308],[-3.434714398764344,47.62384297067904],[-3.434641811867571,47.62368442026374],[-3.434444113962372,47.62359599471071],[-3.434522648802336,47.62358262754461],[-3.434457913965436,47.62337848843043],[-3.434328733324693,47.62330434169859],[-3.434378030425593,47.62349127118651],[-3.434248849622887,47.6234171243706],[-3.434181396395147,47.62296929787503],[-3.434323845647719,47.62304271213665],[-3.434240158748564,47.622902836418724],[-3.434175978094586,47.62292444195469],[-3.434167840243455,47.6226358987787],[-3.433934672922463,47.62258555494156],[-3.433934939099409,47.62247716807986],[-3.433755667656673,47.622541251510654],[-3.433702856260931,47.62243579496453],[-3.433699072243355,47.62262565511566],[-3.433548773178297,47.62259782859356],[-3.433566109979647,47.622741367651365],[-3.433382503113175,47.622769565738636],[-3.433205677531845,47.62318572239049],[-3.433186709961363,47.622807467249054],[-3.433110610735149,47.62273038906555],[-3.433066200218612,47.62280508865148],[-3.432769926325104,47.622342799953984],[-3.432906954786752,47.62237135996874],[-3.43289828732066,47.62229959037893],[-3.433009860256291,47.622338586439625],[-3.432975737195972,47.62227725304503],[-3.433069706834016,47.62228109674866],[-3.432827328179834,47.62193323613672],[-3.432548940279471,47.6218402309296],[-3.432587127145894,47.62204583616563],[-3.432501279645678,47.6218880167228],[-3.432296822516195,47.62185414712225],[-3.432169549676233,47.622348845980696],[-3.432004899426208,47.62231277866362],[-3.43206826689669,47.622173816232916],[-3.431975921098258,47.62196216916574],[-3.431804231730221,47.62208904807813],[-3.431754674336322,47.62201050425802],[-3.431709179293722,47.622076232145],[-3.431563486611345,47.62197590101986],[-3.431379881319808,47.622004095970006],[-3.431310013288563,47.622089230752465],[-3.431386109001066,47.622166310134546],[-3.431286452343496,47.62222599587878],[-3.431090931646725,47.622155507012955],[-3.431047601901772,47.62223917706936],[-3.430889451301606,47.62225693547611],[-3.431235540779652,47.62224686750377],[-3.431244206001815,47.622318637218896],[-3.430757839566353,47.622273229187854],[-3.430696907445339,47.62232174647518],[-3.430765148464967,47.62244441458118],[-3.430893511327479,47.622401207211695],[-3.431009415479967,47.62247609004845],[-3.43113561194435,47.62241493998182],[-3.431144277059452,47.622486709698165],[-3.431217395329422,47.62242848867427],[-3.431192750846764,47.62255628254452],[-3.431026745414006,47.6226196294921],[-3.430961752900439,47.6225238751978],[-3.430886468022111,47.62256415362617],[-3.430645722705877,47.62245100470376],[-3.43061241241767,47.62250702870012],[-3.430457783194313,47.62244331332106],[-3.430199973370677,47.62252075573544],[-3.430165853422205,47.62245942152569],[-3.430142289382549,47.62259618639518],[-3.43001555666699,47.62243159045448],[-3.429899379636029,47.62246509348881],[-3.429795114517206,47.62259727989984],[-3.430040464614315,47.62263792861728],[-3.429749616561917,47.6226630070037],[-3.429823270465635,47.62283053176733],[-3.42974365264282,47.622834924553],[-3.42974717606286,47.62275345139332],[-3.429701677915449,47.62281917847323],[-3.429629915270576,47.62277798292814],[-3.429528072129216,47.62326224321883],[-3.429411892984601,47.62329574575395],[-3.429495585743775,47.62299310642318],[-3.429125117346759,47.62302257581175],[-3.429097473956368,47.62345758716475],[-3.42894365026229,47.623511227840226],[-3.428873499914871,47.62370474788693],[-3.428689610424052,47.62384132536282],[-3.428516018929465,47.62384187008476],[-3.428535559775262,47.62311831545915],[-3.428447834452879,47.62283416382199],[-3.428358194892698,47.62286620135495],[-3.428445946386562,47.62270783451033],[-3.428322466639536,47.62257015045905],[-3.428234992755999,47.62262013038164],[-3.428216587679566,47.62246761928233],[-3.427979900616908,47.62249873668059],[-3.427682835865841,47.62236159560583],[-3.427693382601684,47.62255969492191],[-3.427484316570793,47.62259831876982],[-3.427460501041638,47.62240095130673],[-3.427365449092726,47.62238813184057],[-3.427258453409133,47.622719147177534],[-3.427179918020874,47.622732509465074],[-3.427212709219145,47.62245074151537],[-3.427104387665351,47.62243865367535],[-3.42717021288964,47.62220924955592],[-3.427087628491484,47.62207833990681],[-3.426963873376748,47.62204904125023],[-3.427001236695082,47.62213729017158],[-3.426905102904794,47.622115499074575],[-3.426865574935632,47.62200930760918],[-3.426951966674728,47.621950357440895],[-3.427166162940487,47.62206497767684],[-3.427211663566793,47.621999251559245],[-3.426937895174549,47.62183373111275],[-3.426739936103746,47.621853679321646],[-3.426705820556877,47.621792344080156],[-3.42650000385784,47.62185787995663],[-3.426636226340874,47.62176908919158],[-3.426566913317358,47.62163744737012],[-3.426665491782835,47.62156879437489],[-3.426571523859999,47.62156494551723],[-3.426528749928912,47.62143184012319],[-3.426461039578911,47.62153491455287],[-3.426274186198516,47.62153618769673],[-3.426205956659153,47.62141351690975],[-3.426071098773355,47.62140289155198],[-3.425945698755381,47.62158139434414],[-3.425942734408491,47.62144609364349],[-3.425882881092205,47.62150357970695],[-3.42575047025987,47.62140250961217],[-3.425909872050834,47.62130468258234],[-3.425883163610979,47.62139519280395],[-3.425966026349466,47.621417716448704]],[[-3.416288907280114,47.63001545987503],[-3.416225012985054,47.62992866906415],[-3.41617841129358,47.629985419314394],[-3.416288907280114,47.63001545987503]],[[-3.416426901195782,47.63049552729105],[-3.416560221424228,47.630271448347045],[-3.416499568888551,47.630211571639215],[-3.416426901195782,47.63049552729105]],[[-3.41674554609653,47.63003547533597],[-3.416901562647153,47.6299997935296],[-3.416793529130529,47.62987930976658],[-3.41674554609653,47.63003547533597]],[[-3.417316032616879,47.62567829714178],[-3.417415711338215,47.62561862342483],[-3.417284506326212,47.62508399727688],[-3.416959711371045,47.62538183722696],[-3.417047680208074,47.6255576104685],[-3.417156005812712,47.62556970761612],[-3.417046298891473,47.62565702578727],[-3.417316032616879,47.62567829714178]],[[-3.417398062487152,47.626802635606296],[-3.417521041957753,47.626714586420704],[-3.41755142525096,47.62652326572033],[-3.417428446271248,47.6266113149466],[-3.417406528199363,47.62654027509008],[-3.41722398061805,47.62657741904277],[-3.417178463792159,47.62664314111414],[-3.417398062487152,47.626802635606296]],[[-3.41743373298503,47.62709868919665],[-3.417352245814643,47.6269767443146],[-3.417326485126546,47.62709556363722],[-3.41743373298503,47.62709868919665]],[[-3.41781453872325,47.624937409657306],[-3.417857891398895,47.624853744627465],[-3.417754971780356,47.62488650476354],[-3.41781453872325,47.624937409657306]],[[-3.41796282959279,47.62328562740546],[-3.418018369635226,47.623192260123375],[-3.417911129590506,47.623189135094464],[-3.41796282959279,47.62328562740546]],[[-3.418652080661368,47.623130266287006],[-3.418666539242676,47.622695988205535],[-3.418631351392454,47.622625679303056],[-3.418551020136464,47.62263800573072],[-3.418624567892228,47.62268023814385],[-3.418546814008509,47.62281095276809],[-3.418452844485041,47.62280709738091],[-3.418652080661368,47.623130266287006]],[[-3.418546060679359,47.622635157919234],[-3.418650323560524,47.62256141826508],[-3.418514680744225,47.62243342603133],[-3.418494627443066,47.62248871572],[-3.418241421984788,47.622493630235546],[-3.418210260589928,47.622567593359946],[-3.418352984617594,47.622532640293244],[-3.418434467290361,47.62265458475592],[-3.418481060184096,47.62259783339148],[-3.418546060679359,47.622635157919234]],[[-3.42078805045982,47.618686802769346],[-3.420713642314507,47.61840191356689],[-3.420684356279362,47.618602207217016],[-3.42078805045982,47.618686802769346]],[[-3.423596839442752,47.61927254013286],[-3.423888753769754,47.61925644832127],[-3.423771784760153,47.619172586996854],[-3.42383192440679,47.61900671491574],[-3.423683804305943,47.61899681824377],[-3.423668879722773,47.6192053524395],[-3.423642629138624,47.61909842828644],[-3.423535396988197,47.61909530841507],[-3.423547296738182,47.61919399271717],[-3.423596839442752,47.61927254013286]],[[-3.424095359398688,47.61930827527452],[-3.424068026024687,47.619192379927924],[-3.423988413154141,47.61919676879854],[-3.423970530476987,47.619270002110106],[-3.424095359398688,47.61930827527452]],[[-3.42427669310927,47.61804297766427],[-3.424266956053741,47.61796223597619],[-3.424172994651597,47.61795838518163],[-3.42427669310927,47.61804297766427]],[[-3.426406728849499,47.62030970022626],[-3.426538618253594,47.620185024429354],[-3.426788564910995,47.62015317812399],[-3.426778823671696,47.620072436732734],[-3.426827289577876,47.62014201147699],[-3.42701089086949,47.620113823656816],[-3.427004396487309,47.620059996074374],[-3.427037428867465,47.62011236001987],[-3.427097279380829,47.62005487332369],[-3.42729956142827,47.62007080953558],[-3.427375124978649,47.61992214637925],[-3.427425756456219,47.62000966340199],[-3.427597170512228,47.619991177782055],[-3.427822217410128,47.61975299029395],[-3.427669764493982,47.619707213649626],[-3.427630515748194,47.6194926352988],[-3.427452608543651,47.61945729339822],[-3.427420379227308,47.619522287832496],[-3.427360809167601,47.61947138769641],[-3.427353755466444,47.619634334142695],[-3.427326414852121,47.61951843957817],[-3.427219984269787,47.61963268136447],[-3.427043159263401,47.61960631010671],[-3.426981946532197,47.619763212524866],[-3.426862806824736,47.619661411786325],[-3.426717931364292,47.619678432766854],[-3.426702216947795,47.61976960901439],[-3.426488831909094,47.61977234606384],[-3.426530002179099,47.61967073505286],[-3.426455800277396,47.61971998195404],[-3.426338025530023,47.619518764940146],[-3.426274646295819,47.619657724450846],[-3.426234039144228,47.61954256136478],[-3.426052886023274,47.61948030351191],[-3.426159318799239,47.61936606278027],[-3.426037734918802,47.61935470565158],[-3.42596917925523,47.619782940921176],[-3.426131371130346,47.619909461239786],[-3.425966450142263,47.619981772353256],[-3.42607186647066,47.62009398807812],[-3.42598484793371,47.620134284001686],[-3.426069591106492,47.62028313710434],[-3.426192541256664,47.620195078494284],[-3.426230984272964,47.62029229901638],[-3.426406728849499,47.62030970022626]],[[-3.426342785695035,47.620665433625376],[-3.426439198030217,47.62057883825168],[-3.426436513878033,47.62033515053064],[-3.426218515655455,47.62041038897863],[-3.426208211526071,47.62054642147055],[-3.426342785695035,47.620665433625376]],[[-3.426325988051259,47.62074763850928],[-3.426357137139894,47.620673673150876],[-3.426236632518521,47.620671287503946],[-3.426325988051259,47.62074763850928]],[[-3.426662608367114,47.62054845572301],[-3.426750361081098,47.620390089963905],[-3.426472792811174,47.62041442843117],[-3.426595461532226,47.62043475636675],[-3.426662608367114,47.62054845572301]],[[-3.426680652687814,47.61870514483812],[-3.42664465556512,47.61851747986786],[-3.42656476279359,47.618630257560845],[-3.426680652687814,47.61870514483812]],[[-3.427028324321174,47.618929805962686],[-3.427057064599702,47.61850376535936],[-3.426964184400859,47.618508888082125],[-3.426945784371934,47.618356376460916],[-3.426839876506859,47.61869636336986],[-3.42678491791662,47.61857296094356],[-3.426744831302556,47.61868354337424],[-3.426831738975578,47.618850338578376],[-3.427028324321174,47.618929805962686]],[[-3.427203114509912,47.62059992476559],[-3.427281926429298,47.62047817549046],[-3.427114840393886,47.62053254568626],[-3.427203114509912,47.62059992476559]],[[-3.427709571160125,47.61970501796691],[-3.42772420132938,47.61960487032152],[-3.427799205801794,47.61967298087977],[-3.427713376270896,47.61951515772579],[-3.427709571160125,47.61970501796691]],[[-3.428917939730288,47.623187531494416],[-3.428893842224004,47.62309855120486],[-3.429062017281036,47.62305314976664],[-3.42909724034748,47.622680936959874],[-3.429284373286706,47.62257127245458],[-3.429091019561133,47.62251872271626],[-3.429143035844714,47.62206430457098],[-3.428969726388216,47.621956463088175],[-3.428828093594932,47.622000400376656],[-3.428837561761847,47.622189528388986],[-3.428675356546092,47.622063011976735],[-3.428919321546747,47.62264559735145],[-3.428850255011112,47.622848088703584],[-3.428685605464021,47.62281201671647],[-3.428635498113039,47.62295024526649],[-3.428723501386187,47.6231260099323],[-3.428917939730288,47.623187531494416]],[[-3.428776651845426,47.62179552592471],[-3.428846523532252,47.621710392644964],[-3.428685125629857,47.62170123435402],[-3.428776651845426,47.62179552592471]],[[-3.429163353819701,47.62190062615976],[-3.429118407585868,47.621749579265014],[-3.429065054014868,47.62186089436687],[-3.429163353819701,47.62190062615976]],[[-3.429371038706889,47.622403933658994],[-3.429591481374483,47.622238244997604],[-3.42965648764361,47.62189148133821],[-3.429638628548276,47.6215221966021],[-3.42948941754911,47.62150333607331],[-3.429470183567919,47.62167598580826],[-3.429315558114911,47.62161226888977],[-3.429262205092224,47.62172358408954],[-3.429160360626819,47.62220784432187],[-3.429164415976109,47.62235211612117],[-3.429371038706889,47.622403933658994]],[[-3.43011440609649,47.62225454771127],[-3.430267142005531,47.62219193423546],[-3.430147716749782,47.62219852384966],[-3.43011440609649,47.62225454771127]],[[-3.430300999564758,47.6219191365658],[-3.43027690032579,47.621830156503634],[-3.430230320642186,47.62188691259551],[-3.430194035128464,47.6218076359222],[-3.430116584770595,47.62182997141683],[-3.43013960078178,47.6219099802858],[-3.430300999564758,47.6219191365658]],[[-3.430313197095284,47.62146691432352],[-3.430336760198653,47.62133014934023],[-3.430176172342805,47.62143835125241],[-3.430313197095284,47.62146691432352]],[[-3.430812818125566,47.621954110794],[-3.43061107373773,47.621721406896405],[-3.430624615980589,47.621612287768066],[-3.430484341653489,47.62155681139047],[-3.430441011443766,47.62164048124755],[-3.430489756713429,47.621601667513545],[-3.430673625754546,47.62190760587358],[-3.430812818125566,47.621954110794]],[[-3.433133071495166,47.62214213373798],[-3.433058592655965,47.62185725290934],[-3.432910462936707,47.62184736795396],[-3.432949734636036,47.62206194427063],[-3.433133071495166,47.62214213373798]],[[-3.43394820859103,47.62247643547635],[-3.434003985868564,47.62227467368277],[-3.433850436860497,47.62221993397686],[-3.433785990392156,47.622349926180725],[-3.433906499139497,47.622352304036184],[-3.43386317364769,47.62243597512861],[-3.43394820859103,47.62247643547635]],[[-3.434044079950902,47.62260660763282],[-3.434075219430516,47.62253264028686],[-3.433985583754004,47.62256468214366],[-3.434044079950902,47.62260660763282]],[[-3.434020220555287,47.62196672279577],[-3.434051359694715,47.62189275543186],[-3.433969576411175,47.62187920872012],[-3.434020220555287,47.62196672279577]],[[-3.434435686340546,47.622973319985434],[-3.43458083314874,47.62284790261745],[-3.434434314428296,47.62263021707737],[-3.434528019819592,47.62274244646107],[-3.434661799034403,47.622744090865964],[-3.434616017600931,47.622475688108004],[-3.434391520039375,47.62249711463645],[-3.434401273234867,47.6225778552919],[-3.434350627886331,47.62249034140895],[-3.434319488812986,47.62256430882994],[-3.434148600309467,47.62236603056112],[-3.4341337156627,47.6225745657318],[-3.434239871757319,47.622568704681214],[-3.434279414809331,47.622674893619866],[-3.434320572489177,47.62257328001444],[-3.434371770973041,47.62288653878817],[-3.434483611276386,47.62281714658549],[-3.434387207948251,47.62290374849996],[-3.434435686340546,47.622973319985434]],[[-3.434120425707657,47.62213277968104],[-3.434203558695357,47.62204691058664],[-3.434087385129975,47.62208041779337],[-3.434120425707657,47.62213277968104]],[[-3.434561133523667,47.624122363478506],[-3.434566817171341,47.62405883257836],[-3.434433034664681,47.624057188065784],[-3.434561133523667,47.624122363478506]],[[-3.434623461956133,47.62485946502711],[-3.434702263240228,47.6247377110116],[-3.434542203892788,47.62462914525629],[-3.434623461956133,47.62485946502711]],[[-3.434513425253679,47.62328511331099],[-3.434409700392865,47.62320053014621],[-3.43449500201138,47.62313260325368],[-3.434413481923849,47.623010670028115],[-3.434370975093573,47.62321169928974],[-3.434513425253679,47.62328511331099]],[[-3.434582543690809,47.624410173731796],[-3.434641307130877,47.62434371212289],[-3.434558436190716,47.624321194667104],[-3.434582543690809,47.624410173731796]],[[-3.434558099059301,47.6231020263649],[-3.43463121444884,47.62304380322226],[-3.434566214953656,47.622948050954705],[-3.434450039654856,47.62298155850665],[-3.434558099059301,47.6231020263649]],[[-3.434790527889097,47.62436256604223],[-3.434864992851792,47.62420492719569],[-3.434792140571779,47.62415476367972],[-3.43470575392344,47.624213719580254],[-3.434790527889097,47.62436256604223]],[[-3.434684582713742,47.62337500413901],[-3.434747944469638,47.623236040330326],[-3.43461659629463,47.62314395155574],[-3.434684582713742,47.62337500413901]],[[-3.434809138357446,47.62307913412225],[-3.434799648876864,47.62289000668101],[-3.434674539230165,47.622960131871054],[-3.434809138357446,47.62307913412225]],[[-3.435021828009551,47.62472909720764],[-3.435061902017337,47.62461851227975],[-3.434887224247903,47.62461009530247],[-3.435021828009551,47.62472909720764]],[[-3.434871706607609,47.62326533072091],[-3.434959439434532,47.623106959015566],[-3.434796952494541,47.62308883800105],[-3.434756879086201,47.623199422925005],[-3.434871706607609,47.62326533072091]],[[-3.435505135922673,47.62331163227101],[-3.435647029403011,47.62315930008763],[-3.435821702545079,47.62316771593487],[-3.435879641356812,47.622983895654585],[-3.436004749476172,47.62291376917452],[-3.435955185136562,47.62283522717013],[-3.436052669768321,47.622757595126004],[-3.436113335764448,47.62281746190924],[-3.436207568143201,47.62271291623364],[-3.436200503332884,47.62243334433567],[-3.436289876064623,47.622509687648105],[-3.436289053455746,47.62239232960983],[-3.436412814483266,47.62242161838011],[-3.436586360395902,47.62197854321143],[-3.436783232171141,47.62194960715037],[-3.436923210294374,47.621670944066544],[-3.436525955735786,47.621810289743436],[-3.436532459931282,47.62186411674767],[-3.436623176951107,47.621841044091255],[-3.436491307008304,47.621965731169524],[-3.436444994891379,47.62191410283698],[-3.436266812343961,47.62198716130814],[-3.436208875947131,47.622170981874596],[-3.436120587867403,47.62210360965686],[-3.43592670484624,47.62226784499721],[-3.435928610599409,47.62239417421593],[-3.435820287187515,47.622382094459184],[-3.435316605216003,47.62263568532189],[-3.435308228143715,47.62289804765634],[-3.435444996275734,47.62303499152498],[-3.435505135922673,47.62331163227101]],[[-3.435311185995452,47.622590829446516],[-3.435577922674791,47.622476758271034],[-3.435605808286759,47.622375876991065],[-3.435489634885641,47.62240938558693],[-3.4355096705551,47.62235409297931],[-3.435401347319333,47.622342012833755],[-3.435333652946424,47.62244509235844],[-3.435447658798163,47.62239364156877],[-3.435456329706862,47.622465410965894],[-3.435424371471616,47.62242202064005],[-3.435356677041709,47.62252510017387],[-3.435268389451831,47.62245772732419],[-3.435311185995452,47.622590829446516]],[[-3.435349353408713,47.62235391507525],[-3.435443586465368,47.622249369991174],[-3.435301958223628,47.62229331512357],[-3.435349353408713,47.62235391507525]],[[-3.435907929871652,47.62454470099126],[-3.435870550144583,47.62445645502896],[-3.435754372381808,47.62448996385233],[-3.435907929871652,47.62454470099126]],[[-3.435708974682007,47.622234714204936],[-3.435683782390057,47.62213676409947],[-3.435623938789235,47.62219425513413],[-3.435708974682007,47.622234714204936]],[[-3.435784517876886,47.62208604577365],[-3.435815654641397,47.62201207794391],[-3.435714919323723,47.62206279629851],[-3.435784517876886,47.62208604577365]],[[-3.436415140385662,47.62420963452767],[-3.43642325109205,47.624055659076134],[-3.436201999680732,47.62410400254105],[-3.436209587855038,47.6241668006595],[-3.436367742343139,47.62414903506629],[-3.436415140385662,47.62420963452767]],[[-3.436121111339379,47.6218868358639],[-3.436188803483927,47.62178375585325],[-3.436108103785471,47.62177918180904],[-3.436121111339379,47.6218868358639]],[[-3.436227265848226,47.62188097300489],[-3.436407616118454,47.62182585692728],[-3.436348034919848,47.621774961435776],[-3.436227265848226,47.62188097300489]],[[-3.436901529274349,47.624255018954806],[-3.436908294294937,47.62420045909809],[-3.43674580336505,47.624182340805014],[-3.436901529274349,47.624255018954806]],[[-3.437679847808183,47.626605251677596],[-3.437686612331107,47.6265506918418],[-3.437594803459312,47.6265647941327],[-3.437679847808183,47.626605251677596]],[[-3.437643399079552,47.6251984238833],[-3.437681299424432,47.62506989579926],[-3.437542918350156,47.62514075700984],[-3.437643399079552,47.6251984238833]],[[-3.439233829921076,47.62642006170401],[-3.439264964433986,47.626346093119615],[-3.439045046471064,47.62629502637323],[-3.43908677095236,47.626419155726396],[-3.439233829921076,47.62642006170401]],[[-3.440463057423133,47.626090238383505],[-3.440622806230708,47.62586466478874],[-3.440703512492155,47.62586923570386],[-3.440663954294869,47.62576304911496],[-3.44044595396224,47.62583831390837],[-3.440447870537907,47.625964642821216],[-3.440371756326672,47.625887569494225],[-3.439964717135644,47.6259461865519],[-3.440060032201798,47.62585060905341],[-3.439900789220295,47.625859408513215],[-3.439807067061958,47.62574718362021],[-3.439539493271976,47.62574390644915],[-3.43937348783221,47.625807265156034],[-3.439394095130957,47.62597771647725],[-3.439295524894971,47.62604638005943],[-3.439731021039163,47.62611262773539],[-3.439957955017738,47.62600074653659],[-3.440007528185935,47.62607928671437],[-3.440173533719084,47.62601592711524],[-3.440207667439228,47.62607725828874],[-3.440463057423133,47.626090238383505]],[[-3.439457512402172,47.62628126813008],[-3.439491900381885,47.626234212839755],[-3.439396838719068,47.626221403190556],[-3.439457512402172,47.62628126813008]],[[-3.44147477263119,47.62561889538309],[-3.441613149725435,47.625548029531735],[-3.441603385079228,47.625467289602156],[-3.441200941454358,47.62545340868029],[-3.441183080295207,47.62552664439036],[-3.441011653171405,47.62554514989765],[-3.441059057725314,47.62560574743088],[-3.44138864205245,47.625569469475714],[-3.44147477263119,47.62561889538309]],[[-3.442242756342435,47.623905695413704],[-3.442290659275441,47.62374951888588],[-3.442182331674058,47.62373744503816],[-3.442064824759879,47.623870375853],[-3.442242756342435,47.623905695413704]],[[-3.442067494111837,47.62367154444588],[-3.442182581111162,47.623629058222406],[-3.442085603070345,47.62348992170739],[-3.442067494111837,47.62367154444588]],[[-3.443333397692693,47.621768246893105],[-3.443242093091093,47.621565579797306],[-3.443148123980876,47.621561744276725],[-3.443126421268626,47.62138232212294],[-3.442901342561114,47.62117802000991],[-3.443041133429732,47.621450255380026],[-3.442989979414558,47.62157951907466],[-3.443333397692693,47.621768246893105]]]},"properties":{}}]}