{"type":"FeatureCollection","features":[{"type":"Feature","geometry":{"type":"Polygon","coordinates":[[[-3.477925206317992,47.65016872987026],[-3.478274919029074,47.65007704921416],[-3.478566244957409,47.649835079536295],[-3.47875537955202,47.649851664040376],[-3.47871463615964,47.64973652102609],[-3.478786472945387,47.64977768582945],[-3.478793198372098,47.64972312427599],[-3.479655196411608,47.64955781525874],[-3.479362215434397,47.64945669012857],[-3.479336930158386,47.64935875083443],[-3.47880136583683,47.64946076250737],[-3.478772456044041,47.649552682025174],[-3.478618782633152,47.64949800195706],[-3.478612797615725,47.64977830499936],[-3.478378202117515,47.64982746537364],[-3.478280553391728,47.65001351705099],[-3.477927566404999,47.65007828577512],[-3.477925206317992,47.65016872987026]]]},"properties":{}},{"type":"Feature","geometry":{"type":"Polygon","coordinates":[[[-3.473259457759073,47.64872998414334],[-3.47315344055826,47.648627495108194],[-3.472936670439333,47.64860340487339],[-3.47274118557279,47.64842460122247],[-3.472578608723044,47.64840653300863],[-3.472256201902778,47.6480631808412],[-3.47184357608808,47.64807705474739],[-3.47181536684131,47.64839471430758],[-3.471638424508135,47.64836841096525],[-3.471552039378907,47.64842739337183],[-3.471697879458492,47.64852767322805],[-3.471702051821456,47.64867194156373],[-3.471828074255079,47.64871913383605],[-3.471885916763744,47.64853529814564],[-3.472227806598012,47.64848922598604],[-3.472318741777678,47.64835774044052],[-3.47255077941202,47.64850742174552],[-3.472820650709474,47.648528564666826],[-3.472958671500073,47.64867443347991],[-3.473259457759073,47.64872998414334]]]},"properties":{}},{"type":"Feature","geometry":{"type":"Polygon","coordinates":[[[-3.460056807753225,47.646653560809625],[-3.460101413478306,47.64647046631721],[-3.4597288360488,47.64637370517413],[-3.459859837192054,47.646131637012935],[-3.459650041816782,47.64594457593355],[-3.459990623777636,47.64599795427686],[-3.460186908912329,47.64574323707448],[-3.460102030143315,47.64559441069987],[-3.459804540541914,47.64556573860164],[-3.459654609509252,47.64587207369243],[-3.459399334756839,47.645750750083494],[-3.459228722401878,47.6458866385843],[-3.459266155767946,47.64597487608858],[-3.459131229237467,47.64596428904002],[-3.459160170919473,47.64587237421223],[-3.459033951102217,47.645933553813016],[-3.458830473281359,47.64590870193088],[-3.458821335638183,47.646053706343],[-3.458517531202339,47.64586282028486],[-3.458413507837979,47.64588664503514],[-3.458499470580217,47.64604444346441],[-3.458343218239573,47.64618856611618],[-3.458451378576627,47.646309010416736],[-3.458686408996633,47.64604311878122],[-3.458704909289249,47.6461956232076],[-3.458857464495828,47.64624135870975],[-3.458846581692152,47.64615165024181],[-3.458942771821741,47.64617341477528],[-3.458799138687083,47.646091060573845],[-3.459031559174513,47.6460239977195],[-3.459141897387778,47.64616238308184],[-3.459293364519067,47.6461991471716],[-3.459213929208167,47.646095174403435],[-3.459339060842438,47.646025023770356],[-3.459448311475364,47.646154438000835],[-3.459606523388337,47.64613664114392],[-3.459604132422021,47.646227085052566],[-3.459721430955612,47.64620252372394],[-3.459663549067343,47.64638635361436],[-3.460037214952242,47.64649208579937],[-3.460056807753225,47.646653560809625]]]},"properties":{}},{"type":"Feature","geometry":{"type":"Polygon","coordinates":[[[-3.458109925204085,47.64613827115717],[-3.458094691078066,47.64601267919639],[-3.458348004435049,47.646007678342585],[-3.457812869228016,47.64589282280478],[-3.45766292825375,47.64564825643197],[-3.457529960594533,47.64576399486485],[-3.457462716264704,47.64565031474575],[-3.457593289438888,47.645625020278366],[-3.457573486193353,47.64557193039066],[-3.457267075171653,47.64557987055768],[-3.457146293787227,47.64568590244881],[-3.456940861456454,47.64553471992521],[-3.456993741635343,47.645640164699365],[-3.456889718024709,47.645663988095855],[-3.4569835110891,47.645776198121965],[-3.456821815772383,47.645875464431306],[-3.456818771788087,47.645740166224435],[-3.456712572080653,47.64574604772636],[-3.456768067692973,47.64565266311416],[-3.456611164393842,47.64557104138824],[-3.456652297206773,47.64546942112085],[-3.456469491690372,47.64561501165697],[-3.456386578507587,47.645592509937195],[-3.456304311523223,47.645795750251935],[-3.456147408512729,47.64571412790936],[-3.456283642555532,47.64562530366715],[-3.456268412874356,47.64549971143474],[-3.456083651903263,47.645518974001476],[-3.456046869157324,47.645656477568195],[-3.455974189206456,47.64549794220564],[-3.455837089017108,47.645469409596735],[-3.455955032268325,47.645670594150296],[-3.455778106789934,47.645644266755035],[-3.455825545967428,47.64570485766365],[-3.455709334477234,47.645738385965934],[-3.455678655699581,47.645595586973194],[-3.455779416464338,47.645544852018894],[-3.455561579003708,47.645511758635635],[-3.455778550637166,47.64542749551971],[-3.455620339550258,47.645445287200126],[-3.455508059024124,47.6451805710625],[-3.455395334214077,47.64513262607211],[-3.455059112853333,47.64511511785983],[-3.455022327745702,47.64525262113295],[-3.454963790243561,47.645210706643],[-3.455021016667973,47.64535203587572],[-3.45491024344642,47.64543041782003],[-3.454873041426854,47.645233793265476],[-3.454486758178847,47.64535452158241],[-3.454396233641408,47.64526922220566],[-3.454169473185056,47.64527274471149],[-3.454132048739421,47.645184505542346],[-3.45409068599615,47.645394510563015],[-3.453969036872884,47.64538318266568],[-3.453958162462458,47.64529347370252],[-3.453897225151891,47.64534200251367],[-3.453987523454517,47.64553568789109],[-3.45411809799542,47.645510397305635],[-3.454274997302722,47.64559202238185],[-3.454377484886832,47.64577600163593],[-3.454424059738067,47.64571923661765],[-3.45446039750749,47.64579850477918],[-3.454605335025857,47.64578144961565],[-3.454503485156164,47.645823212662236],[-3.454622736000025,47.645924983821345],[-3.454777494316143,47.64543776751529],[-3.454959856671628,47.64550895086036],[-3.455068454725997,47.645412627100946],[-3.455220781521335,47.64556675298729],[-3.455336992944711,47.64553322516792],[-3.455284535032144,47.64576190736113],[-3.455343296199267,47.64569543607359],[-3.455466034027249,47.64571573341894],[-3.455381810694743,47.645792645712305],[-3.455424676122209,47.645925738853705],[-3.455541333012254,47.64567543963139],[-3.455540022891076,47.64577485435807],[-3.455644047320409,47.645751032164526],[-3.455559824188769,47.645827944584795],[-3.455738925668518,47.645872214062756],[-3.455750890944902,47.64597089370986],[-3.455925641924199,47.645979279391845],[-3.455980051365057,47.64587692428974],[-3.456082766682554,47.645952516429304],[-3.456128252057448,47.645886779862984],[-3.456167855945801,47.64599296010602],[-3.456227704100669,47.645935459254744],[-3.456261869014265,47.64599678510284],[-3.456416817922838,47.645952079947286],[-3.456324759807461,47.646074582409305],[-3.456423124509445,47.646114290759314],[-3.456457730854675,47.64595884536663],[-3.45653063326789,47.646008994801065],[-3.456530853664947,47.645900609205626],[-3.456711264139848,47.64584546246255],[-3.456755220849105,47.64598752597987],[-3.456941071154569,47.645977233221586],[-3.457010490722291,47.646108855350334],[-3.457215275470003,47.646034295672294],[-3.457150207447225,47.645938557115905],[-3.457220934479694,47.64597076439286],[-3.457232252458649,47.64584370182683],[-3.457358474129038,47.64578252416939],[-3.457702098984877,47.6459712073737],[-3.457505149933753,47.646000178335235],[-3.457579141451212,47.64605929797441],[-3.457804816923348,47.64604679799576],[-3.457780660926362,47.64595782472443],[-3.458109925204085,47.64613827115717]],[[-3.455458642700417,47.64554455164019],[-3.455403590279375,47.64542116440113],[-3.455491076088027,47.645371164723265],[-3.455458642700417,47.64554455164019]]]},"properties":{}},{"type":"Feature","geometry":{"type":"Polygon","coordinates":[[[-3.452276368050547,47.64553105915614],[-3.452082050800194,47.6453611915761],[-3.451896201703443,47.64537147660926],[-3.452038795602062,47.64489396934223],[-3.451879497768304,47.644902785046206],[-3.45178743104693,47.645025284000255],[-3.451739370249339,47.64473894921464],[-3.451639694204474,47.644798651626786],[-3.451594434646637,47.64475600083247],[-3.451555466804483,47.64487556119875],[-3.451408818359218,47.64465789943761],[-3.451178799426397,47.64463450337066],[-3.451162495089505,47.6444999394821],[-3.451087194456891,47.64454023047245],[-3.450807569907506,47.644438298948145],[-3.450786454908058,47.64448462261778],[-3.450656345943909,47.64429313815022],[-3.45059975419388,47.64437754899347],[-3.45055581519834,47.644235483041875],[-3.450183037402732,47.64424707703297],[-3.450166035744349,47.64443767001194],[-3.450135372548623,47.64429486946742],[-3.450016987040201,47.64431045025946],[-3.450143833406758,47.644475022629805],[-3.450759905441941,47.64448609163261],[-3.450920057341523,47.64459463404612],[-3.451066079659853,47.644586554190155],[-3.451236015208211,47.64477583449934],[-3.451429471381106,47.64482834697026],[-3.451518672833743,47.64501306338589],[-3.45165468249451,47.645032630149245],[-3.451657713344831,47.64516792854021],[-3.451820273237939,47.64518602589095],[-3.45183200117554,47.64539309159563],[-3.451928187076298,47.645414861912045],[-3.451868334872324,47.64547236057666],[-3.452276368050547,47.64553105915614]]]},"properties":{}},{"type":"Feature","geometry":{"type":"Polygon","coordinates":[[[-3.448070524515804,47.64368660700127],[-3.448133875529827,47.643547637392324],[-3.447697855301905,47.64314729349834],[-3.447503083865163,47.64319418957285],[-3.447422589704714,47.64308123766033],[-3.447303119821042,47.64308784474488],[-3.446412163978441,47.643344827459195],[-3.446469365753006,47.64348616101656],[-3.446861450777459,47.64374444204729],[-3.446932408574775,47.643668269885964],[-3.446743305801713,47.64365163382365],[-3.446990331371483,47.64348444604427],[-3.446985746676955,47.64355694787951],[-3.447279959343076,47.64355873974357],[-3.447155664473143,47.643746234224146],[-3.447376987398656,47.64369787050149],[-3.447345006755246,47.64365448391416],[-3.44760700062705,47.643721274064006],[-3.447650321850114,47.6436375987952],[-3.448070524515804,47.64368660700127]],[[-3.447380724246345,47.64350801197821],[-3.447196445656062,47.64331048907108],[-3.447265229853964,47.64321637475218],[-3.447366841414309,47.643283003689504],[-3.447254974972532,47.64335240749356],[-3.447395562965189,47.64329947737868],[-3.447456265038784,47.643359337633925],[-3.447448422067293,47.643404926594556],[-3.447362257248633,47.64335550554711],[-3.447380724246345,47.64350801197821]]]},"properties":{}},{"type":"Feature","geometry":{"type":"Polygon","coordinates":[[[-3.423925640057443,47.64503756483708],[-3.424200662398482,47.64476954803798],[-3.424222372618781,47.64450645798005],[-3.424433406176014,47.644594168363376],[-3.424519837166029,47.64453522068248],[-3.42452957945298,47.644615961241534],[-3.424705688615718,47.64452497918861],[-3.424978768422334,47.644573146154734],[-3.424999107740607,47.64440947037285],[-3.424820321484462,47.644256768127626],[-3.424884816249776,47.64412678234393],[-3.424804083732033,47.64412220054208],[-3.424747223604463,47.64387247078915],[-3.424845275996321,47.64402059140315],[-3.425055226099889,47.64409932951311],[-3.425230534041399,47.64389098983285],[-3.425178002433292,47.64367714494329],[-3.425075849280334,47.64382726803306],[-3.425072885903141,47.64369196886587],[-3.424937971941496,47.64368134232212],[-3.424858607324468,47.64357734607217],[-3.424650539377162,47.64362493560261],[-3.424452784154788,47.64353649405047],[-3.42439182202234,47.643585007515085],[-3.424414327632985,47.643439274110435],[-3.424145869856028,47.643318604854684],[-3.423940762763123,47.6435014923412],[-3.423832399219941,47.643489401598174],[-3.423669279733856,47.64368803661118],[-3.423727790980399,47.643729966808934],[-3.423616975169606,47.643808319146586],[-3.423698502358326,47.64393025859527],[-3.423777069815467,47.64391689879512],[-3.423661350109963,47.64417613769698],[-3.423578453004509,47.64415361268207],[-3.423510708124793,47.644256684190715],[-3.423567850218249,47.644398028886805],[-3.423713876131415,47.64438998321283],[-3.423670516765597,47.644473649570244],[-3.423756948403149,47.644414702449964],[-3.423641514714924,47.64456555566537],[-3.42377397902868,47.64466662694088],[-3.423717852626107,47.64497676709363],[-3.423766337160671,47.64504634221267],[-3.423780981678175,47.64494619637269],[-3.423925640057443,47.64503756483708]],[[-3.424302023230346,47.64450206900731],[-3.424231318019273,47.644469841783014],[-3.424312336844742,47.644366038367544],[-3.424302023230346,47.64450206900731]],[[-3.423928219584989,47.644062094401164],[-3.423832334355401,47.643931915386204],[-3.423950726662944,47.643916361121995],[-3.423928219584989,47.644062094401164]]]},"properties":{}},{"type":"Feature","geometry":{"type":"Polygon","coordinates":[[[-3.436816417744585,47.64587989160464],[-3.437069427623665,47.64554080911979],[-3.437240920352008,47.645522309589886],[-3.437152332577814,47.64556332454668],[-3.43717862325107,47.64567024419941],[-3.437454407807961,47.64551955293196],[-3.437521609345095,47.6456332445697],[-3.437624556840067,47.64560046736911],[-3.437563863246682,47.64554060207638],[-3.43780064692224,47.64550946562732],[-3.437838561314445,47.64538093884354],[-3.437863768535427,47.64547888730673],[-3.437948016620373,47.645401987629626],[-3.438157991490182,47.64548070213831],[-3.438079941076307,47.64527730041772],[-3.437939596789675,47.64522183367323],[-3.438099982647941,47.6452220080197],[-3.438180975635593,47.6451181950301],[-3.438351124489644,47.64519910842617],[-3.43835680587,47.6451355780345],[-3.438250605333853,47.64514144275853],[-3.438349212186967,47.64507278073689],[-3.438528296849673,47.64511707661125],[-3.438554275933634,47.644889868110134],[-3.43876858919846,47.645004465707245],[-3.438930059312942,47.64501360995345],[-3.438973395191056,47.644929937958544],[-3.439100464766571,47.644986136651596],[-3.439088530502292,47.64488745525108],[-3.43896254608312,47.64484022758026],[-3.439231556076731,47.64474409145056],[-3.438957377629241,47.644686986761066],[-3.43906466210615,47.64469009243114],[-3.439119102572846,47.644587745113846],[-3.439388685567297,47.64471735091982],[-3.439446380397523,47.64464191655681],[-3.439673139141195,47.64463842262256],[-3.4395192650226,47.644692076637995],[-3.439616529651649,47.64472282813027],[-3.439816993184156,47.64461241475993],[-3.439919683168948,47.64468802115586],[-3.439870669438595,47.64483522398987],[-3.440078728527391,47.64478760738703],[-3.440084407807118,47.64472407689776],[-3.440339887004464,47.64473705713665],[-3.440204967362743,47.64472644822705],[-3.44032903563844,47.64464734687624],[-3.440518139939777,47.644663993310964],[-3.440462616918986,47.64475737025151],[-3.440572071980859,47.64477841658637],[-3.440697225030937,47.64470828587052],[-3.440572324786988,47.64467003095379],[-3.440764937285659,47.64460520442398],[-3.440836737879728,47.644646392662075],[-3.440713755559896,47.644734465574366],[-3.440865205937695,47.644771253578334],[-3.440818617490936,47.644828013219275],[-3.440929410159105,47.6447496446108],[-3.441002296325359,47.64479980376407],[-3.441198164618124,47.64476188958319],[-3.441140723786498,47.644728939175984],[-3.441330079897039,47.64463719866028],[-3.441221961595984,47.644516738409465],[-3.441329245862361,47.64451984200052],[-3.441343354797576,47.644636465225005],[-3.441469340842739,47.64468369033379],[-3.441498312251732,47.64459177982162],[-3.441387771896164,47.644561763335545],[-3.441485288315333,47.64448412762949],[-3.441690923343005,47.64452695176275],[-3.441881363182315,47.64444418135864],[-3.441935297924368,47.644558604017895],[-3.441985391113654,47.64442037130868],[-3.442134670607716,47.64443921564952],[-3.442270924718513,47.644350407687405],[-3.442506365996038,47.64441867632991],[-3.442476310924308,47.64450161609327],[-3.442798163888471,47.64451092311587],[-3.442810104928699,47.644609604156734],[-3.443172030739948,47.64450832368756],[-3.44307777351752,47.64461287380337],[-3.443372238992288,47.644506289858995],[-3.443393607510716,47.64435158187332],[-3.443535287632437,47.644307627430265],[-3.443734062863364,47.64396249396705],[-3.443948383526973,47.644077082118706],[-3.444001728262845,47.64396576149819],[-3.44430596040718,47.64393991412545],[-3.444334926526626,47.643848002874435],[-3.444450896121721,47.64392287154112],[-3.444438952200929,47.64382419063266],[-3.444818243524455,47.64386644089528],[-3.444885946750244,47.643763357015594],[-3.444624200648937,47.64358817506368],[-3.444013323105455,47.64373031438879],[-3.443633540220203,47.64390483289319],[-3.443621104596726,47.64402292326981],[-3.443429583314342,47.644096725527554],[-3.443478092748429,47.64416629249698],[-3.443136205811856,47.64421228064144],[-3.44315357542432,47.64435581667087],[-3.442964223447279,47.644447560155086],[-3.442799497716963,47.64441150846791],[-3.442831723333692,47.64434651062654],[-3.442608222573155,47.64437692371051],[-3.442679187282693,47.644300754157314],[-3.44261631847501,47.64422294943573],[-3.442326444151547,47.64425702986783],[-3.442349986529012,47.64412026407345],[-3.441975036955507,47.64411388985852],[-3.44189755915434,47.6441362329077],[-3.441963683014198,47.644240951058784],[-3.441858820229425,47.64414740441292],[-3.4418043854667,47.64424975303011],[-3.441444629446095,47.64436897131121],[-3.441328663099473,47.64429409967817],[-3.441100568939125,47.64439701146035],[-3.440788736183936,47.6443600533185],[-3.440715598306166,47.64441827967374],[-3.440714765626304,47.64430092299622],[-3.440494266356093,47.64446663076016],[-3.440563063864588,47.64437252044371],[-3.440456865089585,47.64437838717531],[-3.440374213788673,47.64424748842317],[-3.440220087982972,47.64440952902538],[-3.440120653388597,47.644360835971455],[-3.440187859147092,47.64447452614432],[-3.440060535800737,47.64452671426449],[-3.440085422986479,47.644290534322735],[-3.439858157239324,47.64451080035608],[-3.439870855532964,47.644284324757244],[-3.439633569080396,47.644532236716294],[-3.439600764001973,47.644371491347485],[-3.439580724304847,47.644426784027374],[-3.439494565123229,47.644377357204455],[-3.439525199890513,47.64452016053401],[-3.439392450908207,47.64452749275373],[-3.439380771431217,47.64432042570974],[-3.439195752851434,47.64444804723297],[-3.439036454229247,47.64445684542971],[-3.438939190419302,47.6444260934503],[-3.439029944754212,47.644403019193625],[-3.438953806291128,47.644325945678204],[-3.438934850835726,47.644390209288936],[-3.438747917725373,47.64439150237387],[-3.438705666789342,47.64448414535076],[-3.438582938172068,47.644463830387586],[-3.438617081864481,47.64452516144024],[-3.438247553803478,47.6445636304786],[-3.438384642257151,47.644592183738595],[-3.438213722500968,47.644836427256585],[-3.43783985310996,47.644839010819375],[-3.438032211572554,47.64488257442079],[-3.438016509065816,47.64497375100237],[-3.437744500150119,47.64493458556661],[-3.437702247042012,47.64502722815449],[-3.437695738843224,47.64497340186006],[-3.437456788166827,47.644986596002575],[-3.437312672536756,47.64512098656046],[-3.43727527607302,47.64503274198736],[-3.437243043273817,47.645097738272895],[-3.437141440899582,47.64503110059486],[-3.436808219375088,47.64514883863216],[-3.436430009769118,47.645115533456554],[-3.436497208614854,47.645229225707375],[-3.436372310162757,47.64519096631152],[-3.436384762100169,47.64507287677868],[-3.436649179043739,47.645049247968146],[-3.436240082293778,47.64498152374183],[-3.436148241329487,47.64499562476116],[-3.436183467009994,47.64506592757111],[-3.436045556096497,47.644920015062866],[-3.435740229995431,47.64493686984666],[-3.435879486852659,47.64498336817501],[-3.435835061692073,47.64505806795399],[-3.435608563803764,47.64495316883334],[-3.43553515642227,47.64511977753018],[-3.435075128705567,47.645072922458255],[-3.435066454636009,47.64500115387191],[-3.435400500080879,47.645000777472276],[-3.435352000419117,47.64493120717988],[-3.435058864844285,47.64493835635612],[-3.435077825162244,47.64487409339261],[-3.434885469142278,47.64483052492734],[-3.434834775505945,47.644300498658296],[-3.434483388121067,47.6441573361218],[-3.434444912877618,47.64406011951531],[-3.434312982937329,47.644184802702],[-3.434116293706428,47.64410534861641],[-3.434269087461402,47.6440427306146],[-3.433979208787558,47.64407679034136],[-3.434092710012946,47.64379959903356],[-3.433946687281446,47.64380765768083],[-3.434019565597261,47.64385782121423],[-3.433878962868063,47.643910735218554],[-3.433778450972127,47.643853065665056],[-3.433721832992043,47.64393746835115],[-3.43361915323329,47.64386185647889],[-3.43367360329913,47.64375951165491],[-3.433252329362588,47.64370148057944],[-3.43313420815256,47.64360865859432],[-3.433010131627219,47.64368775234795],[-3.432887407010145,47.64366743139405],[-3.432954049157142,47.643555383318194],[-3.432836744128857,47.643579917808744],[-3.432717808832485,47.643369738606864],[-3.432598336484352,47.64337633065476],[-3.432650620380572,47.64325604407263],[-3.432421430143715,47.64334996786343],[-3.432335548861023,47.64319215003636],[-3.432236937745578,47.64326080705002],[-3.432199550979031,47.643172560767184],[-3.432080079008331,47.64317915228583],[-3.432142117414942,47.64313960590924],[-3.432023729218953,47.643155168479645],[-3.432080349054833,47.643070766582056],[-3.431915905308851,47.64292631381396],[-3.431221291109291,47.64292851031161],[-3.431080688054039,47.642981420974195],[-3.431233210387069,47.64302719261576],[-3.431177672822644,47.643120565223114],[-3.431045198324541,47.64301950226014],[-3.43091245191094,47.6430268248513],[-3.430718476842335,47.6431910497697],[-3.430754777675193,47.64327032540403],[-3.430705202155457,47.643191781998404],[-3.430642079145851,47.64322235648815],[-3.430743669959821,47.64328899988014],[-3.430697072041766,47.64334575552876],[-3.430541025698821,47.64338145551329],[-3.430628258458039,47.64343986008567],[-3.430755588434873,47.64338768221451],[-3.430735539942312,47.64344297340537],[-3.430446745721073,47.643485995499766],[-3.43045080616523,47.64363026566759],[-3.430569195873945,47.64361470469479],[-3.430580030622258,47.6437044159091],[-3.430243005076117,47.64401199325527],[-3.430161188859767,47.643998444031695],[-3.430277686318809,47.64385655545463],[-3.430193429620618,47.64393344966282],[-3.430158212579379,47.643863145005795],[-3.430487106899219,47.64370954136698],[-3.430212943126594,47.64365241612817],[-3.430098338660765,47.64392063256347],[-3.43007802824165,47.64364179551924],[-3.430274983467098,47.64361287075271],[-3.429970746396028,47.64363868159617],[-3.429921171688073,47.64356013787294],[-3.430038478013283,47.64353560630925],[-3.429887313110084,47.64339041856816],[-3.429630759594233,47.643368444334484],[-3.429527261029374,47.64361798588233],[-3.429644017668755,47.643810226045986],[-3.429547843755432,47.64378843736835],[-3.429516685596802,47.643862402694324],[-3.429835282376531,47.6438448320356],[-3.429810624693324,47.643972624199314],[-3.429713367083333,47.643941864532586],[-3.429629109437274,47.644018758330425],[-3.429654300945927,47.644116708633554],[-3.430018415155713,47.644033411139546],[-3.430118923327706,47.64409108392205],[-3.429998091376309,47.644197087826846],[-3.430156307297006,47.64417933082844],[-3.430184750114664,47.64430419437607],[-3.430272257717335,47.644254213553594],[-3.430403650356577,47.64434630620822],[-3.430630681431563,47.644234444187745],[-3.430743927621198,47.64406564180632],[-3.430820864771089,47.644260077438275],[-3.43093871696266,47.644018773691066],[-3.431114541214545,47.64403616760351],[-3.431086096364124,47.643911304264805],[-3.430926798007999,47.64392009140776],[-3.430920296778582,47.64386626470513],[-3.431091786256656,47.64384777418405],[-3.43103787548466,47.64373334647828],[-3.431129715626702,47.64371924946646],[-3.431088268191369,47.6434867327049],[-3.431170083858551,47.64350028128292],[-3.431178212630962,47.64334630773205],[-3.431427181391826,47.643305480763225],[-3.431331548118745,47.64350943603671],[-3.4314344953183,47.6434766642537],[-3.431440997018919,47.64353049093863],[-3.43161085994895,47.64327728604904],[-3.431493554914455,47.64330181919465],[-3.431513602568583,47.64324652786968],[-3.43182000400815,47.64323865522745],[-3.43180483383222,47.64355557353337],[-3.432064370232757,47.643712841988695],[-3.432126409271467,47.64367329563143],[-3.432139414129593,47.6437809489114],[-3.432465865389882,47.64371778315547],[-3.432419268929106,47.643774539478244],[-3.432519779208238,47.64383221020329],[-3.432429023029395,47.643855279410225],[-3.432552831715714,47.64388457194566],[-3.432612165010413,47.64404385444778],[-3.432688562727176,47.64401254645455],[-3.432664726771072,47.644257695953236],[-3.432818606528541,47.64420405095267],[-3.432754668361631,47.64411726982319],[-3.432970586444653,47.64402407790199],[-3.432993616307509,47.644104085290614],[-3.433127449028191,47.644105731434806],[-3.433072997561593,47.64420807598585],[-3.433208182235227,47.644110307485704],[-3.433342831440565,47.644229310125205],[-3.433360709619681,47.64415607632319],[-3.433593153636907,47.644089064003886],[-3.433575275799249,47.644162297844],[-3.433680390893325,47.64414746627605],[-3.433770880410505,47.64423278174889],[-3.433831834755741,47.6441842634075],[-3.433829400191357,47.64427470687587],[-3.433735391768602,47.64427086382715],[-3.433866790425403,47.644362952586555],[-3.433823447000653,47.64444662271206],[-3.433954028429059,47.64442135464611],[-3.433968121219551,47.644537978766614],[-3.43376439377158,47.64462146884459],[-3.433773066028221,47.644693237541766],[-3.434000909432657,47.64469872570252],[-3.43418160490635,47.64453522808691],[-3.434334134340275,47.64458099564357],[-3.434347962555328,47.64480600532577],[-3.434491819645171,47.644780004021555],[-3.43437803043216,47.64472306766676],[-3.43466574399517,47.644671064804584],[-3.43452297144345,47.64470603740435],[-3.434630810130704,47.64493488945214],[-3.434557399721552,47.64510149753627],[-3.434834272958326,47.64495978348678],[-3.435043157240708,47.645029532535396],[-3.434963506726006,47.6450339288289],[-3.434975433394606,47.64513261064309],[-3.434670105739125,47.64514946262871],[-3.434601296836047,47.64524356943706],[-3.434906096417124,47.64544348880321],[-3.43497382079172,47.64534041075241],[-3.4351718639138,47.64532044883002],[-3.435181622461577,47.64540118846718],[-3.435084359151989,47.64537043329409],[-3.434857332580491,47.645482303901844],[-3.43492127580256,47.64556908381905],[-3.435025309032155,47.64554527997974],[-3.435142353535763,47.64562912888963],[-3.43536395854569,47.6454724023946],[-3.435365863795336,47.645598730106364],[-3.435454716206022,47.64544933092744],[-3.435639221547268,47.64553848655838],[-3.435456621669705,47.64557565863924],[-3.435406510483085,47.64571388846583],[-3.435519218557366,47.64576185272393],[-3.435564992082265,47.645587738588354],[-3.435697481516368,47.64568879629155],[-3.435871668724834,47.64547146975453],[-3.435734579356965,47.645442913559265],[-3.435707207317384,47.64532702250298],[-3.435689331966338,47.645400256619354],[-3.435594237072731,47.64538744400255],[-3.435644347466492,47.64524921407195],[-3.435853233940704,47.64531896166189],[-3.43589605027815,47.645452061996096],[-3.436164807119372,47.64546431854115],[-3.436163984431697,47.64534696189532],[-3.436212223864699,47.64552491741646],[-3.436359596804825,47.64541744142302],[-3.436479073258091,47.64541084553621],[-3.436558463248575,47.64551483379267],[-3.436696898465908,47.645443974495684],[-3.436704490257255,47.64550677188853],[-3.436875983002726,47.64548827289391],[-3.436822621879421,47.64559959017248],[-3.436913379125384,47.64557651757388],[-3.43692205577252,47.645648286001574],[-3.436777112967589,47.64566531923158],[-3.436731343331259,47.64583943383496],[-3.436816417744585,47.64587989160464]],[[-3.437396968472575,47.645486600697375],[-3.437190248569834,47.645434797976876],[-3.437207037248118,47.64535259258027],[-3.437396968472575,47.645486600697375]],[[-3.437714487641331,47.645460037519655],[-3.437590672466378,47.64543075047767],[-3.437623989737926,47.645374725155555],[-3.437457920952978,47.64543808049607],[-3.437468201210581,47.64530204876322],[-3.437629672002686,47.645311194805046],[-3.437714487641331,47.645460037519655]],[[-3.437983503008087,47.645363904294356],[-3.437861857376495,47.645352559627874],[-3.43788081446597,47.64528829622342],[-3.437983503008087,47.645363904294356]],[[-3.435232290917687,47.64548870095274],[-3.435172684419103,47.64543780548445],[-3.435265610701537,47.64543267630482],[-3.435232290917687,47.64548870095274]],[[-3.43545823239957,47.64536785854872],[-3.435347693834282,47.64533783636068],[-3.435366653946345,47.64527357336366],[-3.435461748582379,47.645286386166426],[-3.43545823239957,47.64536785854872]],[[-3.4371376675141,47.64522095863859],[-3.437062615212841,47.64515285497724],[-3.437139011906092,47.645121544092234],[-3.4371376675141,47.64522095863859]],[[-3.434919635897369,47.645334370515506],[-3.434845670492952,47.64527523650782],[-3.434785800039938,47.64533272642514],[-3.434736481332808,47.64514579922145],[-3.435019595734696,47.64516629679225],[-3.435063494133074,47.64530836851461],[-3.434919635897369,47.645334370515506]],[[-3.435443051807553,47.64524226358948],[-3.435351473596698,47.645147978386376],[-3.43546201177082,47.64517800057381],[-3.435443051807553,47.64524226358948]],[[-3.43526830646664,47.64523384727203],[-3.435026365330527,47.64511173763491],[-3.435252042069157,47.64509928120807],[-3.43526830646664,47.64523384727203]],[[-3.435849158761817,47.64517469180893],[-3.435643525926769,47.64513185740932],[-3.435672507613468,47.64503994836333],[-3.435882477701935,47.64511866697593],[-3.435849158761817,47.64517469180893]],[[-3.438194508336525,47.64500907634452],[-3.43805958843361,47.6449984649592],[-3.438066354899924,47.64494390562103],[-3.438194508336525,47.64500907634452]],[[-3.438215634474417,47.644962754963615],[-3.43814058116055,47.64489465198552],[-3.438219146420536,47.64488128248121],[-3.438215634474417,47.644962754963615]],[[-3.438435885724955,47.64490543716333],[-3.438225912708853,47.64482672313046],[-3.438408508094386,47.64478954670748],[-3.438435885724955,47.64490543716333]],[[-3.440227176761851,47.64468909750292],[-3.44010795613693,47.6445873115884],[-3.440394578239679,47.6445263235874],[-3.440205220914268,47.64461806259234],[-3.440227176761851,47.64468909750292]],[[-3.440072471781854,47.64462539558426],[-3.439948657249415,47.644596111028164],[-3.440114720456776,47.644532752119936],[-3.440072471781854,47.64462539558426]],[[-3.441695515314815,47.64445445017203],[-3.441597164633478,47.64441472939047],[-3.441723400846387,47.64435356857813],[-3.441695515314815,47.64445445017203]],[[-3.441243084910935,47.644470416469346],[-3.441299691559895,47.64438601016252],[-3.441409146190185,47.644407055717316],[-3.441243084910935,47.644470416469346]],[[-3.441189985466321,47.64447335015608],[-3.441129289155023,47.64441348668027],[-3.441246592202384,47.644388943875136],[-3.441189985466321,47.64447335015608]],[[-3.4439830248896,47.64392164025766],[-3.44388033062264,47.64384603740276],[-3.443986527961717,47.643840167558],[-3.4439830248896,47.64392164025766]],[[-3.4302988076312,47.644252749193825],[-3.430291223556571,47.644189951344025],[-3.430398506529188,47.64419306497195],[-3.4302988076312,47.644252749193825]],[[-3.430321297391358,47.644107014702456],[-3.43015766466907,47.644079916308904],[-3.430330512145054,47.643962012381564],[-3.430321297391358,47.644107014702456]],[[-3.432862488257097,47.643903609878265],[-3.432711045859623,47.643866811485054],[-3.432850565770583,47.64380492778532],[-3.432864109038307,47.64369580964277],[-3.432953512607302,47.643772154668994],[-3.432862488257097,47.643903609878265]],[[-3.43061470206167,47.643991491760026],[-3.430507419481691,47.64398837833028],[-3.430642608299223,47.643890612787295],[-3.43061470206167,47.643991491760026]],[[-3.430466511352857,47.643981603818155],[-3.430464617759406,47.6438552759204],[-3.430655345556611,47.64366413811843],[-3.430466511352857,47.643981603818155]],[[-3.429921431750843,47.643894265994454],[-3.4298485572378,47.643844099905955],[-3.429951505993723,47.6438113294353],[-3.429921431750843,47.643894265994454]],[[-3.432359667028244,47.64372364252958],[-3.432347745511787,47.64362496037608],[-3.432477241834817,47.64359072284444],[-3.432359667028244,47.64372364252958]],[[-3.43232227973447,47.64363539630725],[-3.432270534052714,47.64353891136923],[-3.432393796962864,47.64334246160018],[-3.43232227973447,47.64363539630725]]]},"properties":{}},{"type":"Feature","geometry":{"type":"Polygon","coordinates":[[[-3.483428565267805,47.63357021225426],[-3.483900611900503,47.63294787948549],[-3.484008369012443,47.632625784764365],[-3.484203233935309,47.63247044118825],[-3.484287230731725,47.632501893994586],[-3.484634632093534,47.63239225211731],[-3.484816989683183,47.632463389340835],[-3.48493987093446,47.632375269461846],[-3.484975152546074,47.63244555800921],[-3.485021683219975,47.63238878040646],[-3.485121136457772,47.63243743554384],[-3.48509928823223,47.63225802221988],[-3.485318344226509,47.63219164501207],[-3.485466189163339,47.63241823626401],[-3.485507256899628,47.63231660515237],[-3.485757995653462,47.63251037632555],[-3.485771588850576,47.63229286502758],[-3.48591101695596,47.63223091761172],[-3.486401731755246,47.63242036475202],[-3.486590966372017,47.63232855031663],[-3.486630939233205,47.63221794815231],[-3.486477307681723,47.632163277926765],[-3.486543504161791,47.63226797148273],[-3.486449513111897,47.63226417082299],[-3.486240771663208,47.63208612680606],[-3.486222970086584,47.632159369141135],[-3.486043889350454,47.6321151460771],[-3.486038266118058,47.63217867920494],[-3.485842475885292,47.632216668793305],[-3.485671203951473,47.632126853361356],[-3.485555971863875,47.63227776865872],[-3.485286339639527,47.632148268555795],[-3.485101635370573,47.632167577138745],[-3.485058219764197,47.632359653191145],[-3.484914583515804,47.63227733050599],[-3.484706613226128,47.632325027246985],[-3.484651506830396,47.63220165295053],[-3.484846042651545,47.63226308110328],[-3.485024517932778,47.63197317607553],[-3.484713819731577,47.6319453055975],[-3.484829657215669,47.632128521061524],[-3.484638398882518,47.63209400489283],[-3.484638235619661,47.632202391310756],[-3.484554239087739,47.63217093875194],[-3.483971996330624,47.63254652525566],[-3.483802415989588,47.632799807620486],[-3.48366314919616,47.63275336612176],[-3.483522624963095,47.63280634015902],[-3.483486252879554,47.63272708050646],[-3.483429062436413,47.63324505321725],[-3.483278375514828,47.63343406354802],[-3.483278209486042,47.63354244988898],[-3.483428565267805,47.63357021225426]]]},"properties":{}},{"type":"Feature","geometry":{"type":"Polygon","coordinates":[[[-3.490719088074562,47.63232452207791],[-3.490352323680496,47.63205593809694],[-3.490338900898294,47.63216506353257],[-3.490288154750048,47.632077574359606],[-3.490038190220127,47.632109556356134],[-3.489937639894445,47.632051934774395],[-3.489931080601678,47.63199811103902],[-3.490081435492948,47.632025864863635],[-3.490028503440049,47.6319204343283],[-3.489784158246906,47.63188888245661],[-3.489771827532689,47.632006978460566],[-3.48984708127247,47.631966662282736],[-3.489887835115588,47.63208180247704],[-3.489774013908975,47.6320249197088],[-3.489798216930132,47.63211388700191],[-3.489729674972111,47.63209964046342],[-3.489704378895146,47.63200170253066],[-3.489599303314906,47.632016584588875],[-3.489389612821394,47.63172118910389],[-3.489227081217046,47.63170314389674],[-3.489205065503076,47.63163211772895],[-3.489134184045059,47.63170831602664],[-3.489255655567141,47.63182799383771],[-3.489194765728891,47.63187654139125],[-3.489011311254053,47.63179644034795],[-3.489064241174742,47.63190187135093],[-3.488928560374934,47.63166557511242],[-3.488848934259869,47.63167000816775],[-3.488828640848263,47.63194208253],[-3.489015374732402,47.632049095747576],[-3.4886882789164,47.631886676368026],[-3.488587575225627,47.631937440055864],[-3.488524654069915,47.631859659550145],[-3.48838850882843,47.631948522009765],[-3.488457832188149,47.63218851282685],[-3.488526684654865,47.631985987258425],[-3.488702332979297,47.63211168104545],[-3.488733402251243,47.63203769950674],[-3.488796323921038,47.632115479892875],[-3.488878291437263,47.63202060171066],[-3.48906174648294,47.63210070295359],[-3.488943708438743,47.63189955041909],[-3.489187899160361,47.63203949048181],[-3.489382746867701,47.63188413821897],[-3.489631311327924,47.6320599598664],[-3.489586972162178,47.63213468056553],[-3.48995965675642,47.63212296078871],[-3.489846775901115,47.63218343514087],[-3.489956224629124,47.632204435347866],[-3.490082376525883,47.632143221913374],[-3.49029893576035,47.632275666968575],[-3.490275825107373,47.63219567040524],[-3.49040182505784,47.63224284304878],[-3.490460527601342,47.63217635364146],[-3.490719088074562,47.63232452207791]]]},"properties":{}},{"type":"Feature","geometry":{"type":"Polygon","coordinates":[[[-3.48422965511925,47.631627748650885],[-3.484184722581614,47.63155026403916],[-3.484072928616624,47.631619703507965],[-3.484222732188162,47.63163634239799],[-3.484152390805197,47.631723660152105],[-3.484214049056216,47.631900858775296],[-3.483895047232521,47.632243737076266],[-3.483971562578828,47.63210400895041],[-3.483823559940986,47.631985802199004],[-3.48380608498601,47.631842271313865],[-3.484157088235989,47.6315427699737],[-3.484160693403426,47.63135290909857],[-3.484301049231573,47.631408320715884],[-3.484313391911818,47.63129022525318],[-3.484386300457645,47.63134035768653],[-3.484745872696612,47.63122100640263],[-3.485039856154521,47.63133108966373],[-3.485150555861244,47.63125267858833],[-3.485248914686476,47.63129236297478],[-3.485517003480276,47.630970375996114],[-3.485582104132785,47.631066099493076],[-3.485440493804759,47.63111010521603],[-3.485497785804458,47.631251420545276],[-3.485388179047601,47.63133880261806],[-3.485058589051955,47.631375204614145],[-3.484702619709968,47.63130469595452],[-3.484396130893463,47.631421093783175],[-3.48422965511925,47.631627748650885]]]},"properties":{}},{"type":"Feature","geometry":{"type":"Polygon","coordinates":[[[-3.429541343932997,47.64373461058533],[-3.429346830003174,47.64367309071453],[-3.429353880795961,47.64351014617097],[-3.429543252843258,47.64341842469956],[-3.4295435280435,47.6433100390152],[-3.4294086141574,47.64329941763141],[-3.429689016567635,47.64307624334765],[-3.429722615499238,47.64291183450298],[-3.429458481451099,47.64282706195383],[-3.429327626159651,47.64296071072628],[-3.429177272100767,47.642932878871285],[-3.429162638262889,47.64303302549226],[-3.429001452115547,47.64291548203371],[-3.429135281731972,47.64291713275153],[-3.429075683920985,47.642866234105036],[-3.429227672650089,47.642686265797764],[-3.429505080233536,47.642770306783895],[-3.429612910418204,47.642556649688046],[-3.429548979438314,47.64246986673011],[-3.429348778302385,47.642471876875256],[-3.428999053460767,47.64212089735298],[-3.428896107381085,47.642153667013254],[-3.428855754044441,47.641930120415665],[-3.42826654267853,47.641809086241686],[-3.428000776749014,47.64193211073301],[-3.428029213325351,47.64205697495124],[-3.427547001460644,47.642047438623415],[-3.427441609336444,47.642170650439475],[-3.42733894187602,47.64209503297906],[-3.427424841688925,47.641810340392524],[-3.427191596951427,47.641759983592834],[-3.427222197293144,47.64190279034067],[-3.42702227851028,47.6417964107359],[-3.426920414666084,47.64183814982381],[-3.427045018226801,47.641984805148596],[-3.426787389835379,47.64195385349349],[-3.426886807777311,47.64200255795431],[-3.426813657963214,47.64206077567821],[-3.426721017666525,47.641957512391265],[-3.426770065025523,47.641810314854936],[-3.426387554417651,47.6417410924537],[-3.426159769987779,47.64129307514435],[-3.425629131714741,47.64077144222107],[-3.425370711122828,47.64062313041545],[-3.425242299959613,47.640666331308445],[-3.42517837835179,47.64057954587394],[-3.425108476108273,47.640664676129674],[-3.42513884014242,47.64047335483668],[-3.424805392583793,47.640256930216744],[-3.424544526658523,47.64019906001541],[-3.424593007930184,47.64026863496424],[-3.424478953428627,47.64032007468316],[-3.424406660146349,47.64005313340233],[-3.423748723836096,47.63958366265978],[-3.422901431238586,47.639205899316195],[-3.421056749450604,47.63875664063396],[-3.420338686549663,47.63845301937577],[-3.419888266574724,47.63815271643661],[-3.419536764748992,47.63767537933368],[-3.419065721320707,47.63642797457697],[-3.41847651379292,47.635530245616536],[-3.41799171626239,47.63527698379387],[-3.417706015837552,47.635012758783134],[-3.417502598923827,47.63498783479509],[-3.41736368405197,47.634832928194],[-3.417078469198757,47.63479444515861],[-3.417055467211165,47.63471443424823],[-3.416641371160155,47.63449339844883],[-3.416563896723198,47.63451572480986],[-3.416580713735605,47.634433521913756],[-3.416440420311289,47.63437802903629],[-3.416374787331662,47.63372239372086],[-3.416521991494088,47.6332808121647],[-3.416524278741791,47.63285623854215],[-3.416375946348806,47.63251220261174],[-3.416225628478835,47.63248435393979],[-3.416271151459263,47.63241863243775],[-3.416057715318336,47.63242135041086],[-3.41631161970628,47.63297631451941],[-3.416194678439907,47.6336690923314],[-3.416255811161052,47.633954712763995],[-3.416186205640004,47.63393145179455],[-3.416172630752911,47.63404056855421],[-3.416389968522884,47.63462463765333],[-3.416693859525097,47.63470724819411],[-3.416790791749074,47.634846404979875],[-3.417028320537524,47.63493266787346],[-3.416986039389878,47.63502530344781],[-3.417181888863008,47.634987429335084],[-3.417215701706914,47.63515715305943],[-3.417376838465059,47.63527471324871],[-3.417523921460135,47.63527564655529],[-3.417607284549413,47.635523919454016],[-3.417701575610085,47.635419389397185],[-3.417793888085842,47.635631046278576],[-3.417870282451367,47.63559974783811],[-3.417853467057699,47.63568195087022],[-3.418530766772534,47.63631293857813],[-3.418824832155599,47.636757317532016],[-3.419244452277207,47.63779984608995],[-3.419600573758427,47.638204683086585],[-3.420266322079267,47.63862859027944],[-3.420802092383117,47.63886097534749],[-3.422827703273833,47.63948088641525],[-3.422887580043134,47.639423402450895],[-3.423734589016538,47.639909551720265],[-3.424143568731414,47.64041983450419],[-3.424629809755749,47.64057365548547],[-3.424944003005897,47.64096272784077],[-3.425048031705229,47.64093893282781],[-3.424916656697786,47.64084683398781],[-3.424892557888995,47.640757853684576],[-3.424961093635504,47.64077213819718],[-3.425451619024584,47.64140435484464],[-3.425562093355448,47.64187690071741],[-3.425437726102465,47.64206437225183],[-3.425510310653355,47.642222926879775],[-3.425431746124159,47.64223628785714],[-3.425374601408645,47.64209494391369],[-3.425244820234482,47.642237559340614],[-3.425365089830297,47.64234833171892],[-3.425464790688151,47.6422886516478],[-3.42533740577819,47.642783337836086],[-3.425475848808082,47.64271249173336],[-3.425703399904736,47.64282638178757],[-3.425666307318652,47.64262974768108],[-3.425735928317135,47.642653002896914],[-3.425816941457445,47.642549198340085],[-3.425919325077783,47.64273320283437],[-3.426081868816798,47.64275133601512],[-3.426074289917997,47.642688537842645],[-3.426202423291494,47.642753721794485],[-3.426205953433195,47.64267224958045],[-3.426374192462618,47.6426268524718],[-3.426398056588282,47.6423817040492],[-3.42642079435048,47.64257009852606],[-3.426580089418431,47.6425613175202],[-3.426610449255733,47.64236999603331],[-3.426678706519021,47.64249266525597],[-3.426980772955613,47.642448920648334],[-3.427113238339718,47.642549988249414],[-3.427068802934023,47.642624684789546],[-3.427232429625398,47.64265178752934],[-3.427134615731255,47.64283779712432],[-3.427197460333368,47.642915610230524],[-3.427030303958756,47.642969979675314],[-3.427140832939255,47.643000009768556],[-3.427142718633916,47.64312633777625],[-3.427223729756266,47.64302253226956],[-3.427299849416908,47.64309961347999],[-3.427223449845797,47.643130917964605],[-3.427271657460335,47.64330887738091],[-3.427449678930734,47.64290170519687],[-3.42751035817576,47.64296157582493],[-3.427564819038731,47.64285923380008],[-3.427562060755397,47.64350057678878],[-3.427632800042818,47.64309028813228],[-3.427747940411968,47.6430478165592],[-3.427798626416374,47.64269281840202],[-3.427848197194495,47.6427713630612],[-3.427934899923844,47.64260402707816],[-3.427873416198827,47.642426799777596],[-3.428288731310189,47.64221425191554],[-3.428439082880919,47.64224208492434],[-3.428413894487747,47.64214413426371],[-3.428602986199676,47.642160800003644],[-3.428731121394725,47.64222598120024],[-3.42868721778603,47.642526420984815],[-3.428840543303147,47.642689552627935],[-3.428683414499182,47.642716279001824],[-3.42865603430786,47.64304290012431],[-3.428812080921808,47.64300720265097],[-3.42878958750352,47.643152936935216],[-3.428887926324772,47.643192668522765],[-3.429026365702737,47.64312181822823],[-3.429191078144501,47.643157889356225],[-3.429286443248394,47.64306232150131],[-3.429344958222384,47.64310424889971],[-3.429032566952867,47.64372654458503],[-3.42919350011238,47.643509959819234],[-3.429224106814968,47.64365276591279],[-3.429319197087506,47.6436655837254],[-3.429208389620523,47.643743941368456],[-3.429541343932997,47.64373461058533]],[[-3.429002557301152,47.642481939151345],[-3.428860063479024,47.642408519137454],[-3.429003109887223,47.64226516767351],[-3.429081397431844,47.64236019003783],[-3.429002557301152,47.642481939151345]],[[-3.427619034050022,47.64242276342026],[-3.427628255855518,47.64227776118553],[-3.427880749897404,47.64215546947189],[-3.427619034050022,47.64242276342026]],[[-3.426739665324557,47.64244415057064],[-3.426719893956029,47.64239105537004],[-3.426853722186638,47.642392708701614],[-3.426739665324557,47.64244415057064]],[[-3.426702329285072,47.64191338833957],[-3.426487772949937,47.64190715419038],[-3.42648588884878,47.641780826092045],[-3.426691501419195,47.64182367668225],[-3.426702329285072,47.64191338833957]]]},"properties":{}},{"type":"Feature","geometry":{"type":"Polygon","coordinates":[[[-3.438800895042462,47.62526994528731],[-3.438804404799756,47.62518847195691],[-3.438921666670103,47.62516393124167],[-3.43887318044203,47.62509436169667],[-3.438991526586063,47.625078792040775],[-3.438920009802453,47.62492921551552],[-3.439009390601989,47.62500555664898],[-3.439122569503238,47.62483674446836],[-3.439439964986637,47.62481017631773],[-3.439675825525517,47.624661677855414],[-3.439430458791921,47.62462104942135],[-3.439439135417035,47.62469281844053],[-3.439327552864657,47.62465382856895],[-3.43932729762595,47.624762215321404],[-3.439220053183791,47.62475910986047],[-3.439276642129548,47.62467470367294],[-3.439167228799203,47.62465365590567],[-3.438948146389026,47.62471994681693],[-3.439314793433841,47.62443778825987],[-3.43926413826579,47.62435027659137],[-3.439647304715931,47.624094297123015],[-3.439620189769335,47.623870018906445],[-3.439498592768845,47.62385867581775],[-3.439544334533545,47.623684558150096],[-3.439307648680692,47.62371569848439],[-3.439230454799122,47.62362965319122],[-3.439519134520166,47.62358660894497],[-3.439545928690952,47.6234767556499],[-3.43937450758234,47.623495258773865],[-3.43947224338533,47.623309237074466],[-3.439115047939551,47.623338004912945],[-3.439218206914582,47.62319683909699],[-3.439057887225156,47.6231966662835],[-3.438981778967279,47.62311959194101],[-3.438991539219028,47.623200332187174],[-3.43883230396714,47.623209130202234],[-3.438804424017158,47.62331001220928],[-3.438680659617965,47.62328072598664],[-3.438477848098634,47.623481583163404],[-3.438485438861672,47.623544381154076],[-3.438646844016611,47.62355352589314],[-3.438581323203056,47.62367454951447],[-3.438675039145751,47.62378677551064],[-3.438766842954515,47.62377267235051],[-3.438770668019491,47.6240253304915],[-3.438608176990619,47.62400721478773],[-3.438552101315393,47.62387484709804],[-3.438402109252081,47.62418115834628],[-3.438307308814092,47.624059961013316],[-3.43821550438987,47.62407406381014],[-3.438289701494337,47.62402480954809],[-3.438185711659932,47.6240486165589],[-3.438266672356387,47.623944802372584],[-3.438000192017673,47.623950492813734],[-3.437901623732014,47.62401915529121],[-3.438008092868488,47.62434742230008],[-3.438135112433859,47.62440362264148],[-3.438063909888178,47.62458817697819],[-3.438218039420245,47.624868655710934],[-3.438163359732639,47.62507939038499],[-3.438286043623914,47.62509970599269],[-3.438178798564321,47.62509659957624],[-3.438114359163304,47.62522659397603],[-3.438201570540573,47.62528499344253],[-3.438391947144062,47.62520222790153],[-3.438647332500073,47.62521521197222],[-3.438778120957513,47.62508155153639],[-3.438800895042462,47.62526994528731]],[[-3.4387729549461,47.624928309142135],[-3.438662456841128,47.62489828977234],[-3.438663797881641,47.62479887416284],[-3.438869354815265,47.62484170369794],[-3.4387729549461,47.624928309142135]],[[-3.438663739776915,47.624356355994784],[-3.438556496188722,47.624353249923935],[-3.438549162043945,47.62418206518695],[-3.438769070827857,47.62423313292251],[-3.438663739776915,47.624356355994784]],[[-3.438952935879069,47.62409653960594],[-3.438885758405292,47.623982847524346],[-3.439127039379024,47.62387920578786],[-3.438952935879069,47.62409653960594]],[[-3.438781709836678,47.62356413671811],[-3.438669045697186,47.6235161750561],[-3.438839382662948,47.62348870182943],[-3.438781709836678,47.62356413671811]],[[-3.438877022767778,47.62346856006791],[-3.438843976697857,47.6234161995619],[-3.438986689479455,47.62338122129723],[-3.438877022767778,47.62346856006791]]]},"properties":{}},{"type":"Feature","geometry":{"type":"Polygon","coordinates":[[[-3.449248273298765,47.62340081501291],[-3.449272258826014,47.623047272629556],[-3.449313769593272,47.623279785391716],[-3.44941279134427,47.622994339531836],[-3.449613536235168,47.62321803975396],[-3.44949349401847,47.62299890438011],[-3.449568999905457,47.62285022709358],[-3.449678413639737,47.62287126513624],[-3.449794111179788,47.62305451618074],[-3.449791470636958,47.623253347826555],[-3.449884590693259,47.62313982010304],[-3.449918733730919,47.62320114852889],[-3.450061438679784,47.623166156728644],[-3.449937668439794,47.62313688243267],[-3.449996411360445,47.62307041305613],[-3.450210661589606,47.62318499095855],[-3.450296176037075,47.62300866565966],[-3.450441674074988,47.62321736022279],[-3.450393407366311,47.62303940852551],[-3.450466505397909,47.62298117546918],[-3.450566531198104,47.62325560501388],[-3.450630705615247,47.623233990475285],[-3.450712959431059,47.6230307517833],[-3.450585540593163,47.62264043340353],[-3.450691695010206,47.6226345574001],[-3.450527961322107,47.622164968578915],[-3.450462857674452,47.62262013068939],[-3.450570720077879,47.622848970635076],[-3.450448036685564,47.62282866790755],[-3.450280192119612,47.622214807731304],[-3.450056087926539,47.62257039612004],[-3.450152851819854,47.62281791296558],[-3.449973598704872,47.62288202127699],[-3.449923394973617,47.62257774038738],[-3.45004584412279,47.62270643055805],[-3.449955598736469,47.622512739847686],[-3.449862713763897,47.62251788077088],[-3.449901902835559,47.622289932680566],[-3.449600203630248,47.622225350091426],[-3.449541226656024,47.62240020620302],[-3.449658243212125,47.6224840415747],[-3.449589489946121,47.62257815831091],[-3.449731725236503,47.6227599406794],[-3.44948791502125,47.6225115305935],[-3.449376094863605,47.62258093717349],[-3.449366935532864,47.62272594259513],[-3.449344125245887,47.622537550659715],[-3.449210346098689,47.62253592307201],[-3.449107214824085,47.62267709776017],[-3.449129789006631,47.62297387660105],[-3.448996244372163,47.622863861895674],[-3.449004318586563,47.622709885465945],[-3.448859441918333,47.62272693388545],[-3.448847730490203,47.62251986545506],[-3.448753523207313,47.62262442133793],[-3.448735059511984,47.6224719134775],[-3.448420564946278,47.62219128831792],[-3.448240225846077,47.62224642293467],[-3.448229365775521,47.62215671236518],[-3.448144083193222,47.622224649321545],[-3.448041424771267,47.62214904927603],[-3.448158337928657,47.62278379168557],[-3.448230114877354,47.622824975845035],[-3.44827653845576,47.622325693981445],[-3.448415984022835,47.62226379100723],[-3.4486947792299,47.62269089010458],[-3.448800933955362,47.62268501581979],[-3.448820484030999,47.62284649470168],[-3.448882486406121,47.622806939021736],[-3.449064528131847,47.62298651927225],[-3.449149955786134,47.6233611001564],[-3.449248273298765,47.62340081501291]]]},"properties":{}},{"type":"Feature","geometry":{"type":"Polygon","coordinates":[[[-3.453689460706144,47.62245954942847],[-3.453694034484379,47.62238704653977],[-3.453852177877424,47.62236925725548],[-3.453818256659695,47.6221995430343],[-3.453888950231057,47.62223175272352],[-3.454026215085222,47.62215190103912],[-3.4542483043425,47.62222088168876],[-3.454253964358773,47.622157349770475],[-3.453900496746499,47.621996301989675],[-3.453698651569869,47.621763637987605],[-3.453773466314634,47.621940118724766],[-3.45342674941499,47.62172450859013],[-3.453445633446982,47.622211147566276],[-3.453360584151732,47.62217070140972],[-3.453689460706144,47.62245954942847]]]},"properties":{}},{"type":"Feature","geometry":{"type":"Polygon","coordinates":[[[-3.451183907281322,47.62305886920867],[-3.451201753894882,47.62298563187692],[-3.451326611020542,47.62302387586002],[-3.451309226373611,47.622880339463],[-3.451422987083611,47.62293725997113],[-3.451413208078315,47.622856520753906],[-3.451488247339606,47.622924615981816],[-3.451544189218352,47.62261445897164],[-3.45172887255537,47.62259520335477],[-3.451605333025356,47.62245754391688],[-3.451677342348644,47.622390339060615],[-3.451824160575407,47.62249961609272],[-3.451806774761433,47.6223560797311],[-3.451919677915877,47.622295641838235],[-3.45205105384838,47.62238771119193],[-3.452137817394532,47.62266287413472],[-3.452211999691297,47.62261361099347],[-3.452447129221566,47.62279024726089],[-3.452484992214682,47.62266171421639],[-3.452584169354537,47.62281878418211],[-3.45243019889034,47.62242993721246],[-3.452514389616507,47.62235302611726],[-3.452716459904985,47.62247730519411],[-3.45262597698937,47.62239200343662],[-3.452646451274712,47.62211993405381],[-3.452922702047508,47.6221949493138],[-3.453175221536965,47.622515120347785],[-3.453295958385077,47.62240909129086],[-3.453085192415083,47.622213045119686],[-3.453188944943878,47.62229761173971],[-3.45318917202764,47.62218922482133],[-3.45329641211809,47.62219231746004],[-3.453257918446507,47.62209510594739],[-3.453359497284127,47.622161730400286],[-3.453336673148822,47.621973339190255],[-3.452994077511134,47.6219019987613],[-3.453064315519796,47.62215098281294],[-3.45285377918273,47.62184654926097],[-3.452776338252037,47.62186889978077],[-3.452803735318215,47.62198478824159],[-3.45272000166025,47.621844925692685],[-3.45263689877271,47.621930807973435],[-3.452625172867445,47.62172373983739],[-3.452375463016,47.62164725446227],[-3.452234707962452,47.6218085781051],[-3.452351269885052,47.62210918466412],[-3.452209885007786,47.62204476337684],[-3.452266850352562,47.62229448256813],[-3.452170935121948,47.62216432535241],[-3.452116542545669,47.62226667993612],[-3.452012164080233,47.62195636748813],[-3.451977560349865,47.6221118134938],[-3.451868377030564,47.62198239066945],[-3.451662360316348,47.62215635780153],[-3.45149443783598,47.62209340488061],[-3.451451534834863,47.62251121426089],[-3.451241399672896,47.622540909608176],[-3.451201822981493,47.622434726407434],[-3.451168534276973,47.622490756265016],[-3.451070217011853,47.6224510430064],[-3.451020167962163,47.62258928117987],[-3.450987110526716,47.62253692408654],[-3.450926196491616,47.62258545191937],[-3.450740890574082,47.62237896143532],[-3.450674312197171,47.62249102087986],[-3.450775424592696,47.62277442134641],[-3.450895703309962,47.62288516855281],[-3.450824156111778,47.622735599149465],[-3.45090377204898,47.622731191993495],[-3.451056877180128,47.62300268301978],[-3.451183907281322,47.62305886920867]]]},"properties":{}},{"type":"Feature","geometry":{"type":"Polygon","coordinates":[[[-3.455692863403066,47.62300786270503],[-3.455725282337795,47.622834473701744],[-3.455962820565063,47.62292065795569],[-3.456173175622925,47.62278256722853],[-3.456082907876871,47.622588881260775],[-3.456258669731751,47.62260623752815],[-3.456244534035022,47.622489614778246],[-3.456201243444528,47.62257329414782],[-3.456073343116632,47.622399755507196],[-3.456144480482046,47.62221518998895],[-3.45621582094964,47.62247314308722],[-3.456316979029073,47.62220563322206],[-3.45643291841237,47.62228049083291],[-3.45632503202898,47.62205165623481],[-3.456474474445537,47.6219620955356],[-3.456342004569237,47.62186106015452],[-3.456483393946118,47.62192547644567],[-3.456540172870515,47.62173267482303],[-3.456422280299819,47.62153148836978],[-3.456564976522254,47.62149648859344],[-3.456375523759277,47.621145736016445],[-3.45627154760092,47.621169559164294],[-3.456340712578307,47.62140957035319],[-3.456205848714539,47.621398979792076],[-3.45625737842757,47.622154747898655],[-3.456197556964632,47.62221224947244],[-3.455988955729009,47.62203415048899],[-3.456050730576227,47.622102977921976],[-3.45595545083209,47.62219856865165],[-3.455966766783186,47.62207150464585],[-3.455902595924083,47.622093122129215],[-3.455853647011272,47.622240333384504],[-3.456051375351123,47.62232872275696],[-3.455967189759083,47.62240563640267],[-3.455865607203008,47.62233901422612],[-3.455858640128769,47.6225019621436],[-3.455678529692479,47.62244872132749],[-3.45580729437284,47.62273961827944],[-3.455628048311523,47.62280373527146],[-3.455351790587031,47.62272872643382],[-3.455197995381968,47.62278240170372],[-3.454882825176324,47.622276049171255],[-3.454685098966357,47.62218765781812],[-3.454531304649734,47.62224133222502],[-3.454255051376598,47.622166320771605],[-3.454508890193597,47.62238707301694],[-3.45458306991907,47.62233780836275],[-3.45468465087228,47.62240443165479],[-3.454712500339676,47.62230354581219],[-3.454958731695949,47.622461500096634],[-3.454882154237065,47.6226012099036],[-3.454962856784444,47.62260577097365],[-3.454948276892514,47.62270592187102],[-3.455110769501931,47.62272401485406],[-3.455145782344453,47.62290269964355],[-3.455241929073821,47.622924467485355],[-3.455351567891771,47.62283711332634],[-3.455420953449327,47.62296873797522],[-3.455533853807649,47.622908296607704],[-3.455572352210019,47.62300550732957],[-3.455692863403066,47.62300786270503]],[[-3.455906924569216,47.62267991163106],[-3.455836450897319,47.622539316266725],[-3.455924986107164,47.62249828665709],[-3.455906924569216,47.62267991163106]]]},"properties":{}},{"type":"Feature","geometry":{"type":"Polygon","coordinates":[[[-3.446613054636975,47.62259835072365],[-3.446591339857953,47.6224189293094],[-3.446691825237898,47.62247658847906],[-3.446682293767508,47.62228746194684],[-3.446929460462558,47.62201188553458],[-3.44680436880863,47.62208202374866],[-3.446889892739848,47.62190570084401],[-3.447133081035644,47.621928371527446],[-3.447209199363236,47.622005440605015],[-3.447282299452374,47.621947209510694],[-3.447345148827232,47.622025012617506],[-3.447392796295536,47.6219772207711],[-3.44753067895329,47.622123121615786],[-3.447448044763704,47.62199222636194],[-3.447586404527837,47.621921353302056],[-3.44774010009641,47.62241859365891],[-3.447912466037232,47.62196653060187],[-3.447571917528637,47.621470597573804],[-3.447482291737289,47.62150264980579],[-3.447505095011845,47.621691042204894],[-3.447650578547621,47.621899740386105],[-3.44736504184488,47.621527199161456],[-3.447197972985109,47.62158159805802],[-3.44716769875306,47.62177292694275],[-3.447041761735549,47.62172570741899],[-3.447071317888025,47.62185953937201],[-3.44684791368676,47.6218899609192],[-3.446936694503447,47.621740551178924],[-3.446867091544595,47.62171730834556],[-3.446922213039042,47.62128979532827],[-3.446864554009725,47.621365234292945],[-3.446823901144597,47.621250078470716],[-3.446765156276979,47.621316546313714],[-3.446689039572652,47.62123947691948],[-3.44655237068891,47.62154506499443],[-3.44647951105746,47.62149490870034],[-3.446410753461392,47.62158902361309],[-3.446390247600505,47.621861091976086],[-3.446314612738641,47.62156724848664],[-3.4462458547587,47.621661363298784],[-3.446338137333101,47.62242390473691],[-3.446406532994023,47.621995658105284],[-3.446495919587406,47.62207199362447],[-3.446417389968646,47.62208536885164],[-3.446426438836489,47.62249126921927],[-3.446613054636975,47.62259835072365]],[[-3.446633800038771,47.62221789552087],[-3.44663645229106,47.62201906384084],[-3.446493143807472,47.62182830655902],[-3.446641516361986,47.62172978735656],[-3.446787842307188,47.62205584459995],[-3.446633800038771,47.62221789552087]]]},"properties":{}},{"type":"Feature","geometry":{"type":"Polygon","coordinates":[[[-3.446038214112959,47.621082751849215],[-3.446068291606138,47.62096675697371],[-3.446179871374756,47.62100574047938],[-3.446241150015704,47.621291347063334],[-3.446154780645307,47.621350311517894],[-3.446244406977916,47.62131826030213],[-3.446274805450241,47.621569450508574],[-3.44615321227627,47.62155811433455],[-3.446127156921253,47.62134280841741],[-3.44595984561983,47.6215055924963],[-3.44586479082544,47.621492788080026],[-3.445890485291162,47.62137396212888],[-3.445733185546977,47.62150909867304],[-3.445637645976828,47.62171306794982],[-3.445726905414601,47.622340309716094],[-3.445486257725206,47.62167628569335],[-3.445279135892262,47.62184127050852],[-3.445331969566965,47.621946721851245],[-3.445167555035069,47.621802286159046],[-3.445571288436805,47.622710161899946],[-3.44540361429008,47.622538813356364],[-3.445263921335948,47.62270909960474],[-3.445336781482448,47.622759256625855],[-3.445229540714779,47.622756156679564],[-3.445191285748426,47.623543979535064],[-3.445109497109145,47.62353044063551],[-3.445059431612149,47.623668676177616],[-3.445020951875752,47.62357146202446],[-3.444912624018235,47.623559390707925],[-3.444933248135494,47.62372984124852],[-3.444745057831911,47.62383055967754],[-3.444643486570564,47.62376392779003],[-3.444515238171581,47.624249668529316],[-3.444400396627563,47.62418377024815],[-3.44430617769788,47.624288322454206],[-3.443917012059906,47.624273717101076],[-3.443819189139117,47.62401722418561],[-3.443748006759891,47.624201782023604],[-3.443690586477506,47.624168832519416],[-3.443437524597206,47.62362289652796],[-3.443117472732603,47.623848306991256],[-3.443272615583098,47.62369523194019],[-3.443121223339953,47.623658446655604],[-3.443269607203837,47.623559931829476],[-3.443183478285335,47.62351050719333],[-3.443380599137172,47.62337317320227],[-3.443331270622192,47.62318624750397],[-3.443494994604569,47.62266242234306],[-3.443402355705306,47.62255917124992],[-3.443485129571938,47.62213916378195],[-3.443354607159061,47.62216444279057],[-3.443336159046211,47.622011934041],[-3.443290678262046,47.62207766643858],[-3.4432411039796,47.621999127492685],[-3.443422532600155,47.6219529716909],[-3.443409510306518,47.62184531845332],[-3.443512753336717,47.62214666750425],[-3.443610817888686,47.62229477402985],[-3.4436749939668,47.6222731633025],[-3.443702125137247,47.62249744076147],[-3.44357051672138,47.622513748909135],[-3.443546986999286,47.622650516477286],[-3.443666165190614,47.62275230003742],[-3.443575449666601,47.62277537815343],[-3.443505106579953,47.62307729391339],[-3.443558776574455,47.62330010393055],[-3.443694727997007,47.62331968017913],[-3.443645744295598,47.623466886223525],[-3.443842371666603,47.623546325115115],[-3.443871819530657,47.62323763933347],[-3.443737792519049,47.62334439231922],[-3.443816570778868,47.623222632060546],[-3.443948180867192,47.623206323641575],[-3.444053845869096,47.623417227353656],[-3.444325994857483,47.62334799170151],[-3.444422733592012,47.62359551319481],[-3.444567262399321,47.62324433869308],[-3.444584521854293,47.62294535758139],[-3.44448970957532,47.622824165189776],[-3.444576083169327,47.62276520201121],[-3.44449212510061,47.62273372049695],[-3.444595024155213,47.62270093676687],[-3.444640151779508,47.62230107212741],[-3.444745220753292,47.62228623043771],[-3.444968029901634,47.62203006801637],[-3.445030876001208,47.62210787236521],[-3.445045717950856,47.62189933575776],[-3.445165982809958,47.622010088914216],[-3.445060803368525,47.62158241219031],[-3.445228716654406,47.62164537437759],[-3.445166114180557,47.621459183173855],[-3.445302547688808,47.62126198366781],[-3.445498083874473,47.621332448773764],[-3.445615692379429,47.621642033212325],[-3.445547060509807,47.62118524179116],[-3.445624503475075,47.62116289605703],[-3.445660811463728,47.621242167961114],[-3.445739824438263,47.62101201930505],[-3.445663467291351,47.62104333620359],[-3.44564609851557,47.620899798818016],[-3.445783372273441,47.62081995676699],[-3.4458644310856,47.62115865613276],[-3.445926675514104,47.62101071501845],[-3.446038214112959,47.621082751849215]],[[-3.444899354408023,47.62356012455669],[-3.444970288175781,47.62348395279193],[-3.445053162207281,47.62350646286982],[-3.445096714547748,47.62331440083386],[-3.444880791760967,47.62296509768041],[-3.444853764814454,47.62318333908023],[-3.444780904542975,47.62313318176873],[-3.444790185287317,47.62343069521223],[-3.444899354408023,47.62356012455669]],[[-3.445072833584456,47.62311703703962],[-3.444991289360881,47.622995111197135],[-3.444976690655613,47.62309526082891],[-3.445072833584456,47.62311703703962]]]},"properties":{}},{"type":"Feature","geometry":{"type":"Polygon","coordinates":[[[-3.45962270771728,47.62170634529413],[-3.459794116058064,47.6216878124359],[-3.459785412557308,47.62161604482038],[-3.45996443631254,47.62166030837569],[-3.460305288928187,47.62149691253863],[-3.460066875163037,47.62129337912176],[-3.459971156024525,47.621054841251095],[-3.460018791323394,47.621007044230566],[-3.46017889161207,47.62111557526984],[-3.460105144824468,47.62094806951395],[-3.460228915564223,47.62097733306802],[-3.460328537526535,47.62091762259394],[-3.460461012606332,47.621018653502205],[-3.460386389511433,47.620733789953135],[-3.460458385455301,47.62066657962392],[-3.460556706417125,47.62070628501574],[-3.46066766053689,47.62107041570438],[-3.460709854829162,47.620977763668435],[-3.460826885805014,47.62106158791069],[-3.460836225275583,47.620808194458334],[-3.460971088565233,47.62081877967582],[-3.460966524804211,47.62089128290756],[-3.461069410188676,47.62085848463292],[-3.461039819499703,47.62072465615562],[-3.461152708750618,47.620664209287185],[-3.46107895953108,47.620496704107424],[-3.461240148604516,47.62061420466504],[-3.46145788799246,47.620647287887564],[-3.461495727771281,47.62051875178137],[-3.46176762969779,47.62055786241779],[-3.461917268158049,47.620359907649636],[-3.462091936272438,47.6203682842205],[-3.462065608165338,47.620261368780284],[-3.462224622058169,47.620360926120064],[-3.462238099338932,47.62025180325867],[-3.462463456380312,47.62034768115932],[-3.462372961500987,47.62026238686037],[-3.462510000449695,47.62029091217212],[-3.462591996522289,47.62019605186219],[-3.462775371484738,47.62027619486995],[-3.462712501682725,47.6201983999981],[-3.462801027725666,47.620157365127014],[-3.462911529585967,47.620187361732405],[-3.462948743758169,47.620383986272],[-3.463116881287135,47.62033853573914],[-3.463128179799307,47.620211470918704],[-3.462971341548327,47.62012985666024],[-3.462994820397298,47.619993085006],[-3.462798177620349,47.619913678214836],[-3.462879550402083,47.62014397887094],[-3.462689853167968,47.61990162336404],[-3.462627864398106,47.61994118643215],[-3.462749249720085,47.62006089252418],[-3.462496268068825,47.619957515926856],[-3.462513681841305,47.620101050872655],[-3.462424275646733,47.62002472753675],[-3.462364254765898,47.620190619384566],[-3.462093651563495,47.62005209401327],[-3.462090595691113,47.61991679413809],[-3.461982271392187,47.61990473863103],[-3.462061673125254,47.62000871092483],[-3.461966617136123,47.61999591960386],[-3.46194095911554,47.62011474917334],[-3.462053636978966,47.62016268846864],[-3.461949665269223,47.62018651668348],[-3.461971640001034,47.62025754840223],[-3.461688857179593,47.62012872882471],[-3.461732596229969,47.62037917939891],[-3.461299506508013,47.620222568407584],[-3.461198587967934,47.62038169582603],[-3.461384137838773,47.620479782899054],[-3.461294522004743,47.620511845746215],[-3.46117075176007,47.620482583314434],[-3.461025430401505,47.62016551478017],[-3.460912330665721,47.62033434858315],[-3.460718953925103,47.62028185114855],[-3.460684376631869,47.6204372998665],[-3.460592584352096,47.62045142027755],[-3.460591708351312,47.62033406229203],[-3.460676760198637,47.620374503220845],[-3.460683500429533,47.62031994188082],[-3.460531017730609,47.62027420814988],[-3.460431821937877,47.62011714472785],[-3.460259993422772,47.62035245262279],[-3.460359189147202,47.6205095161718],[-3.460278489307803,47.620504958825585],[-3.460288281289718,47.62058569739754],[-3.460228678711539,47.62053481405846],[-3.460087075427093,47.620578789282426],[-3.460064463717245,47.62083291827742],[-3.459960489814403,47.62085674471321],[-3.459953087517826,47.62068556101908],[-3.459788209958272,47.6207579198575],[-3.459916118428232,47.62093145457613],[-3.459758855493503,47.62106661003897],[-3.459687072015939,47.62102543292776],[-3.459693599467946,47.621079258661524],[-3.459521105165014,47.621088820420994],[-3.45961377268536,47.621192058804986],[-3.45948543598309,47.621235297763285],[-3.45950740786785,47.62130632990742],[-3.459321643943788,47.62131662687897],[-3.45934687921745,47.62141457192267],[-3.459215493097865,47.62132251073004],[-3.45904734914862,47.62136795562327],[-3.458652106308024,47.6210827996063],[-3.458948812704703,47.6214366359515],[-3.45962270771728,47.62170634529413]],[[-3.459729714490109,47.62126691318209],[-3.459627041504469,47.62119132328358],[-3.459705566497479,47.62117793916861],[-3.459729714490109,47.62126691318209]],[[-3.46022129958969,47.620914536410076],[-3.460149515959919,47.62087335957988],[-3.46023913308846,47.62084129761726],[-3.46022129958969,47.620914536410076]],[[-3.460785749929299,47.62061230494325],[-3.460711790129543,47.62055318655686],[-3.460810322674826,47.620484504710134],[-3.460785749929299,47.62061230494325]],[[-3.460823591301592,47.62048376905253],[-3.460849251986587,47.62036493975104],[-3.460908854966584,47.62041582277783],[-3.460823591301592,47.62048376905253]],[[-3.462513473697182,47.62020943792458],[-3.462433862479922,47.62021385300017],[-3.462422978972278,47.62012414365835],[-3.462513473697182,47.62020943792458]]]},"properties":{}},{"type":"Feature","geometry":{"type":"Polygon","coordinates":[[[-3.430700180363051,47.621021103650094],[-3.430763549696489,47.62088214183511],[-3.43088297193147,47.620875551586764],[-3.430829622913261,47.620986867544616],[-3.430971251370334,47.620942927806084],[-3.430986958841276,47.62085175103913],[-3.431263444199282,47.62081843062797],[-3.43074513799581,47.620729630998284],[-3.431134546043221,47.62063589330783],[-3.43128592145407,47.62067269418612],[-3.431449754217125,47.6205914043665],[-3.431486583045147,47.62045390676791],[-3.431275633325765,47.620366208029715],[-3.431472502033308,47.62033728089671],[-3.431517183800812,47.62015419483679],[-3.431394513850625,47.62013387206775],[-3.431717029976524,47.61981804873771],[-3.431576759228604,47.619762573621074],[-3.431639041620669,47.61961464001786],[-3.431330880958665,47.61949618280856],[-3.431437302472047,47.61938193726813],[-3.431415640002981,47.61920251273955],[-3.431178701467446,47.618899504298945],[-3.431053868424075,47.61886123869768],[-3.431159745680792,47.618963767491984],[-3.431035995551145,47.618934473103444],[-3.431018122629181,47.619007707503684],[-3.430883542216849,47.618888700635104],[-3.430591632010003,47.61890480993334],[-3.430495775715471,47.618774634695825],[-3.430403978316672,47.61878873139094],[-3.430473297102896,47.61892037112745],[-3.430268852625011,47.61888649792521],[-3.4302122555736,47.618970899998814],[-3.430238519252404,47.61907782268182],[-3.430372289152133,47.61907947200305],[-3.430274802976847,47.61915709945234],[-3.430275338725169,47.61938284475884],[-3.430206829015209,47.61936856320595],[-3.430438349290928,47.619626717375766],[-3.430279659060628,47.61986124899699],[-3.430367662654879,47.62003701270263],[-3.430176482896315,47.62000240715895],[-3.430145065632229,47.62018476054791],[-3.430044328375623,47.62023547405904],[-3.430090358875566,47.62039549194859],[-3.430200842840046,47.62042551949721],[-3.430231986372239,47.6203515530932],[-3.430319181162815,47.62040995859116],[-3.430240649937657,47.62042332295261],[-3.430317824693343,47.620509374328456],[-3.430175113909882,47.62054434205213],[-3.430434533640493,47.62070161599733],[-3.430248492573857,47.62082025368106],[-3.430135841891741,47.62077228372051],[-3.430021834383418,47.620823729367935],[-3.430355455145572,47.620931754331295],[-3.430484897700211,47.62089751860633],[-3.430700180363051,47.621021103650094]]]},"properties":{}},{"type":"Feature","geometry":{"type":"Polygon","coordinates":[[[-3.418971619555747,47.62434086470043],[-3.418725675930939,47.6245169662078],[-3.418736486899274,47.624606679405574],[-3.418600541358493,47.62458707411966],[-3.41857262245582,47.6246879512225],[-3.418654406133641,47.62470150869592],[-3.418500568362905,47.62475513558298],[-3.418265431536106,47.62502094928318],[-3.418228080641286,47.62493269769853],[-3.417994341804241,47.624937233654784],[-3.41801683649963,47.62495336190691],[-3.417805592194429,47.62497402573304],[-3.41784510433585,47.62508022010218],[-3.417620888408095,47.62499322768331],[-3.417449454836845,47.625011698613264],[-3.417405020508004,47.62508639215511],[-3.417476060072107,47.62578688644212],[-3.417585467168441,47.625807954515665],[-3.417656442894064,47.62573179943181],[-3.417672357820473,47.62597475592434],[-3.417779603447392,47.62597788116799],[-3.417811250536111,47.62612966286663],[-3.417568420881437,47.6267751934485],[-3.417692181795422,47.62680450198905],[-3.417705153433408,47.626912157813805],[-3.417613039324347,47.627034630970236],[-3.417717825996254,47.627128200200346],[-3.417610278715423,47.62723346146485],[-3.4177670684581,47.62731513632738],[-3.417734822604674,47.62738012782581],[-3.417908425714155,47.627379599128396],[-3.417822797287223,47.62755590030272],[-3.418017537724532,47.627509053328374],[-3.41803159123105,47.62762568039005],[-3.418237142488915,47.62766854617188],[-3.418212054945402,47.62834724083903],[-3.417931681926143,47.628570389279396],[-3.418008848616708,47.6286564484273],[-3.417799153757369,47.62891182776386],[-3.417369248203898,47.629224485660785],[-3.417489771737719,47.62922688044645],[-3.41746292928923,47.6293367283522],[-3.417366786427338,47.629314929485126],[-3.417472658127565,47.62941747013518],[-3.417162790851479,47.62950677770887],[-3.417278391134499,47.62969006032145],[-3.417044908425374,47.62974806937186],[-3.416952487209877,47.629978928236504],[-3.416728252159377,47.62989193432368],[-3.416705731275682,47.63003766727001],[-3.416848476262658,47.63000271617625],[-3.416781817229022,47.63011475585054],[-3.416867932352595,47.630164199784886],[-3.416780134249879,47.63032255732097],[-3.416595411586679,47.63034175759671],[-3.416579676740043,47.63043293198132],[-3.416686931260466,47.63043605822104],[-3.416555295024478,47.63045233585965],[-3.416550368591338,47.63063322335517],[-3.415919375039337,47.63127302254288],[-3.4155306397779,47.631484066625596],[-3.415563667971419,47.63153643350781],[-3.415466744957789,47.63139727546575],[-3.416280308065074,47.63072033665154],[-3.416216412940221,47.63063354586754],[-3.416327212261527,47.630555200014165],[-3.416226744481275,47.630497514964354],[-3.416442938057048,47.63029596654714],[-3.416338926264958,47.63031975402927],[-3.416319169733603,47.630266656735714],[-3.416498488052532,47.630202600324864],[-3.416204350061669,47.63020073093959],[-3.416117154723143,47.630142315198825],[-3.416164058916429,47.62997717857768],[-3.416005880440502,47.629994916759784],[-3.415964206840798,47.62987077939578],[-3.415819300196303,47.62988778676721],[-3.415790898666048,47.629762918791975],[-3.415895990342494,47.62974810311303],[-3.415962045362883,47.62985283675399],[-3.415964509544485,47.62976239298434],[-3.416160340431951,47.62972452048119],[-3.416085034229838,47.629764789218754],[-3.416161118897778,47.629841878214435],[-3.41617901583111,47.629768646497176],[-3.416311731291096,47.62976134059502],[-3.416361273156179,47.6298398906529],[-3.416360494250314,47.62972253292086],[-3.41658394859307,47.629692169814874],[-3.416625145369148,47.62959056281477],[-3.416650306204817,47.62968851665248],[-3.416498312081626,47.62986846980801],[-3.416608808006101,47.62989851006787],[-3.416818813404425,47.629534746571835],[-3.417015723759021,47.62950584394484],[-3.416980533594026,47.629435534791476],[-3.417140091330188,47.629318380157216],[-3.417104901124965,47.62924807103453],[-3.417027434495175,47.62927039776345],[-3.417091930129943,47.629140415272715],[-3.416972487703153,47.62914699139133],[-3.417010440623512,47.62901847028053],[-3.417120154512122,47.62893115229424],[-3.417258272449211,47.62896870188554],[-3.417236353635819,47.6288976620834],[-3.417427556862015,47.62893228865064],[-3.417604707378636,47.62885028787357],[-3.417683553371633,47.628728545593056],[-3.41757414025038,47.62870747764307],[-3.41770823304608,47.62860075498111],[-3.417716398381205,47.628446781181005],[-3.417973472503969,47.62825200874921],[-3.417899549545338,47.62819286349231],[-3.418006017142351,47.62807863070329],[-3.417993343187465,47.62786258845381],[-3.417809710482816,47.62789076198537],[-3.417919420746112,47.627803443197614],[-3.417680841257301,47.6277082104834],[-3.417764009371947,47.627622353338616],[-3.417439019795352,47.62758606332411],[-3.417657059696204,47.62751084154167],[-3.417441481369791,47.62749561941763],[-3.417514920987147,47.62732902057167],[-3.417440999814799,47.627269874996465],[-3.4171400923437,47.62732256660592],[-3.417040710636747,47.627273853482045],[-3.417053201160955,47.62715576491708],[-3.416854137826746,47.62716672499212],[-3.416915388816355,47.627009828480524],[-3.417166454052325,47.626986974205124],[-3.417389115360038,47.626839251614975],[-3.417148379376647,47.62672607512154],[-3.417144656459696,47.626473416633],[-3.416975379651688,47.626509829504066],[-3.417032005624724,47.626425434173306],[-3.416898217730413,47.626423769578246],[-3.416999279735893,47.62626468095872],[-3.416870896338793,47.62630787297136],[-3.416874740470055,47.626118013729254],[-3.417055125031478,47.626062927657],[-3.417298800519406,47.62631140497159],[-3.41744291575024,47.62617703779422],[-3.41730294309382,47.62601315909145],[-3.417442134519831,47.62605967984789],[-3.417480084114436,47.62593115838004],[-3.417335188647317,47.62594816766648],[-3.417242894734994,47.625736509364714],[-3.416886751893343,47.625774180514426],[-3.416962051861017,47.62573391117721],[-3.416735673059744,47.62562897442592],[-3.416862974129877,47.62557681121448],[-3.416650646142727,47.62558850161283],[-3.416619002674821,47.625436719557484],[-3.416688118955171,47.62523423571012],[-3.416804009329946,47.62530913253363],[-3.41674690557981,47.625167783134],[-3.416881470304663,47.6252868059073],[-3.416864177540427,47.62514326456393],[-3.41699039651169,47.62508212986593],[-3.416815720079228,47.62507368586444],[-3.41683853946948,47.62481956583451],[-3.417016156976236,47.62496331049426],[-3.416947944331677,47.62484063451572],[-3.417102564372056,47.62490436770146],[-3.417097760974832,47.62464273764011],[-3.417291410565541,47.62458692047136],[-3.417315189472134,47.62478428978461],[-3.417352357454917,47.62453841023486],[-3.417401896004064,47.624616960062724],[-3.417525951326748,47.62453788210512],[-3.417399552662172,47.62426488591899],[-3.417579930420175,47.62420979898371],[-3.417544144075332,47.62435626326135],[-3.41762700789119,47.6243787927881],[-3.41762976829018,47.624179962000966],[-3.417983738046206,47.62412434589751],[-3.417998871555109,47.62424994449446],[-3.41783392614234,47.624322243962304],[-3.418072789163734,47.62430908980855],[-3.41814838440796,47.62416043294659],[-3.418046845722333,47.62409377794487],[-3.418296815745497,47.62406194987712],[-3.418097764203371,47.62407291208903],[-3.418076927258566,47.62401084359373],[-3.418279221602083,47.62402679539649],[-3.418332599827979,47.62391548534673],[-3.418558190849622,47.62390306102635],[-3.418371924556562,47.62368754801776],[-3.418545515651427,47.62368701837247],[-3.41856340725038,47.6236137860578],[-3.418344601365882,47.62357165159249],[-3.418302927342047,47.623447514652284],[-3.418186740750726,47.6234810060181],[-3.418015909236595,47.62328270424227],[-3.417838777827302,47.62336470587801],[-3.417836914847847,47.62323837643041],[-3.417706676738121,47.623155239975915],[-3.417764976920214,47.622863041884436],[-3.417924996849461,47.622971630726894],[-3.418012779466399,47.622813271730934],[-3.417776383910693,47.62273598163707],[-3.417922351442349,47.622727943110974],[-3.417941324500215,47.62266368219155],[-3.418046103167899,47.62275725133753],[-3.418141451779034,47.62266169157234],[-3.417952432402355,47.62264500873367],[-3.417930515261637,47.62257396883058],[-3.418052104748603,47.62258533438056],[-3.418097915369717,47.62241122500449],[-3.417950867808157,47.62241029241442],[-3.417961193338151,47.6222742607819],[-3.418110700720964,47.62218474919138],[-3.417988329761354,47.622056025515796],[-3.41818737380579,47.62204506347905],[-3.418146185825916,47.622146671424716],[-3.418240452203833,47.62204214021193],[-3.418255585726447,47.62216773891001],[-3.418383958046771,47.62212454528346],[-3.418282422939286,47.622057890416826],[-3.418373148173512,47.62203483193862],[-3.418450008515271,47.62222927792845],[-3.418502303578884,47.62210899636463],[-3.418735157226045,47.62226775786466],[-3.419158408481348,47.62234378457646],[-3.418983252635897,47.622109598791404],[-3.418988954607637,47.622046068584815],[-3.41911378644888,47.6220843470192],[-3.418992494388744,47.621964595717316],[-3.419174728825217,47.62203583576939],[-3.419143568990644,47.62210979916021],[-3.419201267993344,47.6220343739145],[-3.41880701727197,47.621866441384014],[-3.418754236074044,47.621760978043895],[-3.418611514372106,47.62179593161479],[-3.418557950012438,47.62157310997294],[-3.418817934243827,47.62151363588608],[-3.418771045695841,47.62167877429214],[-3.418894307807023,47.621482336548176],[-3.419148589513207,47.6214863919448],[-3.419171588938329,47.621566402988506],[-3.419202748416915,47.6214924395696],[-3.419403850859781,47.621941936929595],[-3.419260446668765,47.62141701427075],[-3.419624422270591,47.621333748190644],[-3.419853147919929,47.62179075418041],[-3.419826117301522,47.6215664711102],[-3.420018377203466,47.62161006489041],[-3.420156677077841,47.621981743121076],[-3.420115588542349,47.62164083298192],[-3.42026263402223,47.62164176284693],[-3.420120796283175,47.6213515576077],[-3.420140648734773,47.62096213556509],[-3.420032626196951,47.62084165423754],[-3.420132881229854,47.62056520419005],[-3.420025646338483,47.620562081098434],[-3.420071154474642,47.62049635771218],[-3.419991539331065,47.620500743855246],[-3.419785522857033,47.62023213577462],[-3.419787193820003,47.62002433318223],[-3.419902290683435,47.619981868834884],[-3.419760950607436,47.61991740820174],[-3.419862778223315,47.619875674883595],[-3.419816778827,47.61971565292174],[-3.419859042938044,47.6196230155923],[-3.41997738249532,47.61960746515884],[-3.419921652246591,47.619366701227996],[-3.42019892400754,47.619450765320536],[-3.420296719217883,47.61926475928651],[-3.420311856790727,47.61939035789709],[-3.420345175943246,47.61933433674935],[-3.420438845930567,47.619446577624856],[-3.420328957050959,47.619199766809814],[-3.42035578850578,47.61908991767296],[-3.420453783197714,47.61923804386786],[-3.420336913431745,47.61871165965468],[-3.420474219406058,47.61863184726594],[-3.420429794618924,47.618706542203135],[-3.420573294875107,47.618788944725594],[-3.420649168469995,47.618531898774776],[-3.420564149889159,47.6184914286631],[-3.420678161529701,47.61843999218676],[-3.420614273952603,47.6183532032603],[-3.420729659519752,47.61820235099369],[-3.420857727600345,47.61826754163051],[-3.420870118188473,47.61859197168679],[-3.420928892293856,47.6185255167793],[-3.421104629325986,47.618542925983434],[-3.421227789188999,47.618789004992074],[-3.421190729787615,47.61859236702512],[-3.421269260584439,47.618579008736475],[-3.421126344138171,47.61827983293739],[-3.421420416624277,47.61828168994039],[-3.421491959706204,47.61798875807488],[-3.421393672813324,47.617949019745815],[-3.421496576825462,47.61791625628683],[-3.421704755906327,47.618202804311174],[-3.421628388682217,47.61823410553952],[-3.421725594801933,47.61826487234423],[-3.421742689654847,47.618074280940036],[-3.421857780758954,47.618031814623095],[-3.421878619765721,47.61809388263427],[-3.421958521633322,47.61798110811626],[-3.422105477918894,47.618424555277244],[-3.421997456081445,47.61830407561027],[-3.421850419764152,47.618303147927854],[-3.421822510288192,47.618404026132865],[-3.421981443584599,47.61850363834694],[-3.421887190779208,47.618608172768745],[-3.421830080738419,47.61846682536822],[-3.421643529095618,47.61835970404384],[-3.421627515259136,47.618559266726265],[-3.421530308659929,47.61852849984457],[-3.421472325278456,47.61871231342383],[-3.421408436084489,47.61862552494393],[-3.421556678627484,47.6194120763325],[-3.421435678695286,47.619183940388446],[-3.421279988634659,47.61911124143048],[-3.421107201628761,47.61922913348176],[-3.420946690141701,47.61889480341264],[-3.420857052694831,47.61892683525317],[-3.420701364171891,47.618854135514276],[-3.420642589421522,47.61892059029607],[-3.420701566411561,47.619188267917046],[-3.420598164629688,47.618995285286246],[-3.420468426849664,47.61913789710785],[-3.420763990630798,47.61981699173978],[-3.420569079247603,47.619529711190985],[-3.420595818712134,47.61986238130486],[-3.420506766281035,47.61967763889571],[-3.420473447083823,47.619733660079696],[-3.420339969614972,47.61962361243294],[-3.420367495268934,47.62007364087799],[-3.420305768779521,47.62000479450675],[-3.420236672990335,47.6202072810386],[-3.420356001362922,47.62064322066187],[-3.420218984053021,47.620614645896865],[-3.420212989671739,47.62078656313908],[-3.420324256376776,47.62093395826869],[-3.420635938119967,47.62097097147289],[-3.420409278665532,47.62097442850431],[-3.420552399622129,47.62160773675584],[-3.420874314058837,47.62195123620815],[-3.420800103770306,47.622000479458244],[-3.420524980509478,47.621934359533626],[-3.420446151030851,47.622056104157636],[-3.420371446303487,47.621879602098225],[-3.420247401373093,47.62195868318607],[-3.420328206012258,47.622739918692844],[-3.420269720441937,47.62269798633768],[-3.420252324891177,47.62299696388009],[-3.419906717903929,47.62201357520329],[-3.419911829477231,47.62216681865721],[-3.419655677230681,47.622036435427184],[-3.419757115393122,47.62254560777798],[-3.419955277220818,47.622859803186266],[-3.419896497131554,47.62292625745599],[-3.419777658798866,47.622716062840674],[-3.419633854001761,47.62274204632523],[-3.419772449065554,47.62300533799686],[-3.419586966898796,47.622907184954656],[-3.419528186298877,47.62297363903738],[-3.419364429949079,47.62261239347213],[-3.419282353365193,47.62270722330097],[-3.419005659110262,47.622406383519525],[-3.418979904307646,47.62252520348612],[-3.418874043380986,47.62242266383841],[-3.418839639684269,47.62246971314927],[-3.418725914721739,47.6224127608958],[-3.418822617187147,47.62343695392572],[-3.418988639641381,47.623373624351636],[-3.419049287199817,47.6234334999779],[-3.41924617384171,47.6234045935002],[-3.419280281847989,47.62346593086957],[-3.419110719753639,47.62361073366092],[-3.419247744160244,47.62363930968215],[-3.419161341180685,47.62369825410025],[-3.41923958397734,47.62379328397029],[-3.419091451447071,47.623783381498264],[-3.419133127566729,47.623907518135674],[-3.419000427046116,47.623914827265395],[-3.419036697368702,47.62399410732972],[-3.419163992291717,47.623941941566564],[-3.418981942858056,47.62420483311267],[-3.419094590759654,47.62425281374658],[-3.418971619555747,47.62434086470043]],[[-3.418971619555747,47.62434086470043],[-3.418978402912296,47.624286305886045],[-3.4188744039594,47.62431009569946],[-3.418971619555747,47.62434086470043]],[[-3.417985998320679,47.624931251538314],[-3.418062350852536,47.6248876394517],[-3.417899864232042,47.62486949494706],[-3.417985998320679,47.624931251538314]],[[-3.416307884894855,47.62995119946208],[-3.416384272002575,47.629919901901474],[-3.416322539264407,47.629851053773834],[-3.416307884894855,47.62995119946208]],[[-3.416426901195782,47.63049552729105],[-3.416560221424228,47.630271448347045],[-3.416499568888551,47.630211571639215],[-3.416426901195782,47.63049552729105]],[[-3.417304923860935,47.62569697051],[-3.417415711338215,47.62561862342483],[-3.417408444814327,47.625447437477916],[-3.417244995297207,47.62497780271829],[-3.417127123243966,47.62521909502725],[-3.417094097425363,47.625166728416545],[-3.416912334375136,47.62532122990878],[-3.41696049153094,47.62549919521747],[-3.417114032648479,47.625553957034874],[-3.417047379727522,47.62566599711755],[-3.417304923860935,47.62569697051]],[[-3.41741133328068,47.62680190488325],[-3.417521041957753,47.626714586420704],[-3.417522721938906,47.626506784553115],[-3.417440636095346,47.626601612897744],[-3.417392176558915,47.62653203448964],[-3.417198520017234,47.626587851769585],[-3.41718711082816,47.626714911708774],[-3.41741133328068,47.62680190488325]],[[-3.417368459565646,47.627111314129614],[-3.417452708184622,47.62703442850108],[-3.417377706570903,47.626966311556345],[-3.417300243366576,47.626988638492456],[-3.417368459565646,47.627111314129614]],[[-3.41781453872325,47.624937409657306],[-3.417857891398895,47.624853744627465],[-3.4177417014677,47.62488723552635],[-3.41781453872325,47.624937409657306]],[[-3.41796282959279,47.62328562740546],[-3.418018369635226,47.623192260123375],[-3.417911129590506,47.623189135094464],[-3.41796282959279,47.62328562740546]],[[-3.418455352280168,47.62471247151364],[-3.418552082139011,47.624517496120646],[-3.418395784977199,47.6246615669408],[-3.418455352280168,47.62471247151364]],[[-3.41866535052481,47.623129535420084],[-3.418629486563241,47.622499349820146],[-3.418508194646575,47.622379598040844],[-3.41846700701922,47.622481206082206],[-3.41834463452092,47.62235248279954],[-3.418398496492818,47.62246691762526],[-3.418299122676943,47.6224182054504],[-3.418213503498334,47.6225945073611],[-3.418292040927391,47.622581151101876],[-3.418355631980771,47.62277632792387],[-3.418370280539313,47.62267618160883],[-3.418419818858157,47.62275473108013],[-3.418551435544644,47.622738451275886],[-3.41841844016936,47.62285414655841],[-3.418323389585475,47.62284131973656],[-3.418290849170674,47.623014698338174],[-3.41859497434864,47.62298891763256],[-3.418524003608636,47.62306507339413],[-3.41866535052481,47.623129535420084]],[[-3.418336769775454,47.622398070297955],[-3.418311609281421,47.622300116455946],[-3.418249584847969,47.62233965591431],[-3.418336769775454,47.622398070297955]],[[-3.418842161269318,47.62437508760411],[-3.418861133805357,47.62431082658966],[-3.418768242716886,47.62431594277893],[-3.418842161269318,47.62437508760411]],[[-3.419290217348725,47.62266163574612],[-3.419248541836413,47.62253749908527],[-3.419168923581199,47.62254188466298],[-3.419290217348725,47.62266163574612]],[[-3.420141332513136,47.62030284263465],[-3.420132976730337,47.620122685062654],[-3.420057687068918,47.62016295656017],[-3.420141332513136,47.62030284263465]],[[-3.42078805045982,47.618686802769346],[-3.420713642314507,47.61840191356689],[-3.420684356279362,47.618602207217016],[-3.42078805045982,47.618686802769346]]]},"properties":{}},{"type":"Feature","geometry":{"type":"MultiPolygon","coordinates":[[[[-3.443006306295959,47.62158782456726],[-3.443246186446803,47.62170985115294],[-3.443206131575983,47.62182043905357],[-3.443113494696484,47.621717187686656],[-3.443042560626941,47.62179335839288],[-3.442893592120917,47.62166612806484],[-3.443021943294434,47.62162290734891],[-3.443006306295959,47.62158782456726]]],[[[-3.442995916946884,47.621564515254555],[-3.442966944287333,47.62149951272554],[-3.442621358942102,47.62129284157704],[-3.442440678577981,47.621013835282355],[-3.442482904457411,47.62092118983118],[-3.442309571767467,47.62081336808149],[-3.442360228571642,47.62090087858814],[-3.442277359720429,47.62087836656935],[-3.442262756502813,47.620978515970705],[-3.442401707565723,47.62113339406232],[-3.442319923327017,47.62111985319259],[-3.442316419202321,47.621201326798875],[-3.442420988775353,47.62140326108968],[-3.442335949120487,47.621362806888655],[-3.442394201561374,47.621513115161264],[-3.442265014412414,47.62143897713648],[-3.442245821771156,47.621611628978826],[-3.442302740044608,47.62186135308353],[-3.442458715616352,47.62182563699412],[-3.442338794464211,47.622049012901904],[-3.4424187482549,47.62237874333417],[-3.442303913323577,47.62231284292831],[-3.442238402323441,47.622433868678215],[-3.442450801643046,47.62286465035256],[-3.442388545420431,47.6230125894734],[-3.442311596761162,47.622818159324254],[-3.442268034805444,47.62301022037053],[-3.442454146312884,47.62333408217416],[-3.442386464300601,47.623437165733705],[-3.442463005987504,47.62429088767931],[-3.442294002592481,47.62421895049857],[-3.442313284372094,47.62448881711591],[-3.442169236306444,47.624623215089066],[-3.442450074549487,47.62462575266913],[-3.442325806799273,47.6248132438477],[-3.442443066226407,47.62478869959245],[-3.442435221702,47.624834288654405],[-3.442303607137859,47.624850595354886],[-3.442330982998613,47.62496648609375],[-3.442272477707683,47.624924564806115],[-3.442213723129418,47.62499103023422],[-3.442372465024381,47.625199001092575],[-3.442129263851049,47.62517632053474],[-3.442216230162577,47.62534310373122],[-3.441940813222606,47.62538542109426],[-3.442012588872391,47.62542660901948],[-3.441913773031095,47.62560366154201],[-3.4417399255983,47.62571261262253],[-3.441691435198985,47.62564304426712],[-3.441467761200605,47.62578184216462],[-3.441391645777479,47.625704769495],[-3.441345074530818,47.625761529906036],[-3.440888463073055,47.625741610566024],[-3.440925851995214,47.625829854863895],[-3.440828621036491,47.62579910416082],[-3.440795319346342,47.62585513096446],[-3.440829201482826,47.626024848646644],[-3.440632569466457,47.62594540478376],[-3.440727050918218,47.62573246893499],[-3.440443784418819,47.62582037168315],[-3.440444616214656,47.62593772948514],[-3.440355231801779,47.62586138948659],[-3.440296473805221,47.62592785391819],[-3.440197073567675,47.62587916046352],[-3.440055439609029,47.625923111277984],[-3.44008765740569,47.62585811357149],[-3.439921906298841,47.62581308636461],[-3.439913228842573,47.62574131742265],[-3.439343693582936,47.625781818222876],[-3.439335335809652,47.62604418042136],[-3.439185024181735,47.62601636120128],[-3.439235680801098,47.626103872829084],[-3.439757561670288,47.62611116121259],[-3.439959039711283,47.6260097176529],[-3.440037322917691,47.626104733474314],[-3.439306115454033,47.62624447794938],[-3.439627603148877,47.626362180456454],[-3.43952903250332,47.626430844222114],[-3.439716987359724,47.62643852099211],[-3.439663651203959,47.626549840666215],[-3.439575351521657,47.62648247121179],[-3.439474611340129,47.62653319269249],[-3.439631177842455,47.62672322487634],[-3.439288059386149,47.62686861769581],[-3.439573823040313,47.62713279102708],[-3.439401050476546,47.627250709654774],[-3.439464979245715,47.627337487904796],[-3.43920715885361,47.627414950005836],[-3.43921692023165,47.627495690054715],[-3.439116433478041,47.627438024603144],[-3.439074196600679,47.62753066852664],[-3.438749193106224,47.62749443780272],[-3.438350815518984,47.62762481814919],[-3.438059117620734,47.627532559450316],[-3.438042335859401,47.62761476572819],[-3.437650720351705,47.62769058385407],[-3.437575692043988,47.627622479903884],[-3.437242839637602,47.62763183365971],[-3.437162390656397,47.62751887376972],[-3.436984450391827,47.627483546535295],[-3.436657238793065,47.62698685014559],[-3.437193131346456,47.626225739444905],[-3.437498349964787,47.62620888070143],[-3.437422239663982,47.62613180546212],[-3.437247556570517,47.62612339202137],[-3.437377007293532,47.62608914874924],[-3.437380778475369,47.625899288817294],[-3.437137835923043,47.625768211188614],[-3.437219885491752,47.62567336896378],[-3.437158130794054,47.625604531699096],[-3.437258871424046,47.62555381219207],[-3.437111814875301,47.62555290372754],[-3.437184930836377,47.62549467905969],[-3.437048976262331,47.6254750952557],[-3.436970959324908,47.62527169068791],[-3.437160253582229,47.625179956006065],[-3.437100927683839,47.62502067425917],[-3.437213593589703,47.625068637396666],[-3.437217105756349,47.62498716410557],[-3.437132064336003,47.624946706190066],[-3.437363335739566,47.624870714556614],[-3.437328640426518,47.6245836378697],[-3.437199452882164,47.624509494358904],[-3.43689532803453,47.62453532348767],[-3.436907253694486,47.62463400615145],[-3.436771561841911,47.62450603526053],[-3.436518348504341,47.62451098939416],[-3.43649831307012,47.624566282113484],[-3.436304945017943,47.62451374437186],[-3.4362174754237,47.62456373022274],[-3.436251342186185,47.62473344934535],[-3.43611430587208,47.62470489328906],[-3.436128398177041,47.624821518338734],[-3.436025751778896,47.62474590783364],[-3.435961307558211,47.624875901069],[-3.435682636212537,47.62489129020985],[-3.435377687813533,47.62479975748459],[-3.435370100527889,47.62473695933253],[-3.435308906388495,47.62489386570077],[-3.435181888632113,47.624837662300095],[-3.435165103287167,47.62491986827858],[-3.435026983233447,47.62488233978333],[-3.434775671067327,47.62501361920129],[-3.434963064619005,47.62479555899483],[-3.434746408535463,47.62477139761956],[-3.434541120137616,47.62462017408333],[-3.43454059022284,47.62483694756466],[-3.434484523762138,47.62470457797876],[-3.434238077077971,47.62465496746447],[-3.434280320072934,47.624562325152745],[-3.434175243710704,47.62457715741069],[-3.434268399285127,47.624463642217165],[-3.434460416292473,47.62461559890731],[-3.434396498918451,47.624528817796836],[-3.434473132753637,47.62438912156447],[-3.434380508308274,47.62428586340778],[-3.434473397846303,47.624280734802014],[-3.434381857307725,47.624186447816264],[-3.434543263700804,47.62419559822313],[-3.43466729264927,47.624116502044096],[-3.434430867214619,47.624039245712495],[-3.434428964947069,47.62391291657615],[-3.434754208224513,47.623840772599884],[-3.434733352004421,47.62377870707008],[-3.434878236036039,47.62376167618244],[-3.434751221426955,47.62370547228069],[-3.434880667887934,47.62367123173264],[-3.434845458040757,47.6236009277518],[-3.435041252924985,47.623563023476166],[-3.4348782093124,47.623319157777026],[-3.434988966061354,47.62324079392965],[-3.435036361732329,47.62330139397884],[-3.43501685318539,47.623139912829906],[-3.434889839909706,47.62308370906095],[-3.434897954844441,47.62292973362625],[-3.434638511137221,47.622772469775455],[-3.43458865976571,47.62235979541308],[-3.434514461560769,47.62240904736612],[-3.434361995321668,47.62236327952021],[-3.434382585289749,47.622533732027065],[-3.434360646331296,47.62246269520461],[-3.434202496171181,47.62248045809548],[-3.43420627838807,47.62229059791389],[-3.434106624651578,47.62235028606064],[-3.434215234445279,47.622696499179945],[-3.434031894056794,47.62261631143412],[-3.434099591160353,47.622513232673],[-3.433971230623455,47.622556443563596],[-3.434121795589762,47.62247588268044],[-3.433950375815421,47.62249437785301],[-3.434003985868564,47.62227467368277],[-3.433916784001062,47.62221627099181],[-3.433783823228879,47.622331983799675],[-3.433893229678158,47.62235303663498],[-3.433934939099409,47.62247716807986],[-3.433778955922302,47.62251287277381],[-3.433778138833248,47.62239551471813],[-3.433697438416607,47.622390939009684],[-3.433693921049202,47.6224724123036],[-3.433566910754451,47.62241620707673],[-3.433696905098096,47.62260771273556],[-3.433544438992526,47.62256194382705],[-3.433488926761405,47.62265531852066],[-3.433386555557121,47.62247131875102],[-3.433496511538292,47.6227181168621],[-3.433388188019466,47.62270603485166],[-3.433262809407328,47.622884545379925],[-3.433225715858277,47.62313043019675],[-3.433141751580339,47.62265642197319],[-3.43303776211595,47.62268022441728],[-3.43281298500154,47.62236751613436],[-3.433064021593967,47.62234462763399],[-3.432979523761344,47.62208739288337],[-3.433133071495166,47.62214213373798],[-3.433158794611664,47.622023310628975],[-3.43305750920638,47.621848281709816],[-3.432908296088089,47.62182942555205],[-3.432937548667335,47.62207164796049],[-3.432803224723751,47.621844256596525],[-3.432788603468776,47.62194440476287],[-3.432624222882581,47.621799951414665],[-3.432535670926785,47.62184096337435],[-3.432571690999055,47.62202862620833],[-3.432461740713417,47.62178182713924],[-3.432289239273278,47.621791348675046],[-3.43224428917692,47.62208282176232],[-3.432128114303689,47.62211632701956],[-3.432181735847806,47.62233914237233],[-3.432054727462225,47.62228293549716],[-3.432002459878875,47.621960704401985],[-3.431702679935599,47.62202240487814],[-3.431614397788564,47.62195502924902],[-3.431528011190514,47.62201398286582],[-3.431389901211956,47.62197645001361],[-3.431301076493568,47.62212584791497],[-3.431385025826265,47.62215733892093],[-3.431245560792114,47.6222192215632],[-3.431209273544893,47.62213994521884],[-3.431089848521747,47.62214653579658],[-3.431034332429328,47.622239909343385],[-3.430847476690735,47.62224118980344],[-3.430906081808999,47.622291258225594],[-3.430676056535765,47.622259680172526],[-3.430728589092404,47.62247352495728],[-3.429840886849301,47.62242316592082],[-3.429890441810542,47.62250171053631],[-3.429702227459131,47.622602404789426],[-3.429557602606357,47.62295356100624],[-3.429591447174054,47.6231232821998],[-3.429479599870387,47.62319266970683],[-3.429494502869901,47.62298413519585],[-3.429077728633722,47.62296197335529],[-3.429152484399843,47.62269595119944],[-3.429508065506982,47.62243249766053],[-3.429434137828266,47.62237335952696],[-3.429591481374483,47.622238244997604],[-3.429620735985835,47.62203794948878],[-3.429705767079724,47.62207841293351],[-3.429603427021832,47.62145189096355],[-3.429449609615278,47.62150553236065],[-3.42945258285332,47.621640832968026],[-3.429403029335394,47.621562288132026],[-3.429302288774536,47.62161300096727],[-3.429163609033835,47.6222347580237],[-3.429151974109618,47.622027687572455],[-3.428948877629357,47.62189439646553],[-3.42888117136542,47.62199747227373],[-3.428724380238328,47.62191581210725],[-3.428838921030614,47.622090112754655],[-3.428818878551181,47.62214540422522],[-3.428793698943311,47.62204745262946],[-3.42866316980022,47.6220727152206],[-3.428789897494142,47.62223731265904],[-3.428846200473166,47.62270381693014],[-3.428737878036011,47.622691730606675],[-3.428741932280295,47.62283600238476],[-3.428654735252783,47.622777595781976],[-3.428571592202094,47.62286346089436],[-3.428704817942049,47.623081885771526],[-3.428609764481915,47.62306906732251],[-3.428606239305157,47.62315054043466],[-3.428375545004232,47.622567222586746],[-3.428243931736801,47.62258351346305],[-3.428215505031286,47.62245864804074],[-3.427752431310163,47.62238484986367],[-3.427574793475223,47.622241121341276],[-3.427649243586135,47.622526005610055],[-3.427617291660269,47.62248261314957],[-3.427534147400353,47.622568477536404],[-3.427511414228284,47.622380081329],[-3.427463748603426,47.62242786505316],[-3.427330249988986,47.622317825548166],[-3.427360839557222,47.62246063369414],[-3.427211067084513,47.62265854395428],[-3.427209461782526,47.62242382776229],[-3.42712876188638,47.62241924751525],[-3.42718348240745,47.62220851772088],[-3.426972813133785,47.622012424418195],[-3.427208136326979,47.62208072467395],[-3.427251471960834,47.621997056035255],[-3.427062732218205,47.62187200105514],[-3.426957659146398,47.6218868268404],[-3.426987725595866,47.62180389010075],[-3.426737771328746,47.62183573680537],[-3.426702573415851,47.621765430303846],[-3.426710150083336,47.62182822911446],[-3.426524378033404,47.62183847391687],[-3.42669174963608,47.6216757177129],[-3.426680124421467,47.62146864695605],[-3.426558535641685,47.6214572903818],[-3.42663382222433,47.62141701472034],[-3.426488941926619,47.62143403540148],[-3.426446687886493,47.621526675043775],[-3.426284208646826,47.62150854217176],[-3.426203792081467,47.621395574379505],[-3.425928382819945,47.621437854070344],[-3.426042677778594,47.62127802552518],[-3.425947628169494,47.62126520489774],[-3.425979860331029,47.62120021092802],[-3.425802748064998,47.62128222472899],[-3.425730191117056,47.621123668567805],[-3.42587751779811,47.621016204440075],[-3.425861849567144,47.62066486150413],[-3.425969085006081,47.6206679792369],[-3.425999152304875,47.62058504269987],[-3.425901939497888,47.62055427948889],[-3.425986165479153,47.62047738744666],[-3.425952616421795,47.620199278008315],[-3.425808021876089,47.62010791088065],[-3.425837289514641,47.61990761610074],[-3.425742242394712,47.61989479529714],[-3.425886036549038,47.61986880425372],[-3.425926125831903,47.61975822218502],[-3.425800777712114,47.619494205698615],[-3.425845478224277,47.6193111217299],[-3.42574393915219,47.619244473253985],[-3.426026912744967,47.619264992888056],[-3.426214040017443,47.61915533310997],[-3.426183973857663,47.61923826976315],[-3.426310968818973,47.619294483110124],[-3.426436643626556,47.619007592679274],[-3.426321835676466,47.618941676446866],[-3.426422054575159,47.618665220732176],[-3.426312702905199,47.618201641291634],[-3.42624094908201,47.618160443566694],[-3.426214130203255,47.618270294107646],[-3.426185992427793,47.61803704082466],[-3.426030299243549,47.61796434815677],[-3.425991293708909,47.618083901645306],[-3.4259937403572,47.617993457117606],[-3.425774152218357,47.61783397806512],[-3.425739523793825,47.61754689690189],[-3.425619026257429,47.61754451061391],[-3.425635823981945,47.617462305696705],[-3.425490155303877,47.61736196675837],[-3.425563555866391,47.61719536198568],[-3.425440611586766,47.61728342006896],[-3.425475804883021,47.61735372711236],[-3.425359636052984,47.61738722571814],[-3.42539431421796,47.617231787231056],[-3.425235608948888,47.617466312285885],[-3.425070978441112,47.61743023510361],[-3.424857318088888,47.61754135629661],[-3.424750886164546,47.61765559594849],[-3.424819107558164,47.61777826782188],[-3.424709998943081,47.61764881932885],[-3.42462224468257,47.617807183777366],[-3.424595992876555,47.61770025976203],[-3.424436771659191,47.61770903817552],[-3.424483294418891,47.61809480396345],[-3.424743767458794,47.61826106204182],[-3.424726968109432,47.61834326679707],[-3.4245988951228,47.61827808040591],[-3.424482153039001,47.618528352259545],[-3.424606410402942,47.61878339899994],[-3.424484257491159,47.61898881433602],[-3.424667798144115,47.61940314957669],[-3.424571670229587,47.61938135652847],[-3.424525657145103,47.61922133638101],[-3.424407319768698,47.61923689142619],[-3.42436238923338,47.619085842495025],[-3.424300373015584,47.619125385231804],[-3.424353612759029,47.61989911081375],[-3.424163805308535,47.6197650797246],[-3.424179810026065,47.619565516817836],[-3.424259423430762,47.61956112781757],[-3.424050939115073,47.61938297156319],[-3.424132716057282,47.61939652523759],[-3.424136533866196,47.619206665083155],[-3.423987331282689,47.6191877975027],[-3.424009827712854,47.61904206233993],[-3.423933174175017,47.61918175208946],[-3.423909373297965,47.61898438355644],[-3.4237482713234,47.61886683139165],[-3.42370385092146,47.6189415275652],[-3.423656471984801,47.61888092278235],[-3.423642629138624,47.61909842828644],[-3.423583350328409,47.618939139178515],[-3.423546502191244,47.61907663439103],[-3.423453620659021,47.61908175432033],[-3.423487223692031,47.618917345232525],[-3.423413020030738,47.61896659021946],[-3.423189396653878,47.61866283412553],[-3.423196968748629,47.618725633263935],[-3.423058873134285,47.61868809049709],[-3.422913710570064,47.61881349381265],[-3.422871163780356,47.61901451931992],[-3.42283950652411,47.618862738437834],[-3.422752033582259,47.61891271434891],[-3.422773666817327,47.61909214051002],[-3.422723043835969,47.61900462142948],[-3.422595764162855,47.61905679120369],[-3.422582784571694,47.61894913548777],[-3.422464157786115,47.61907307559624],[-3.422477213235449,47.61873821187523],[-3.422415196025204,47.618777753617984],[-3.422371353100843,47.6186356751983],[-3.422452046869611,47.618640258741365],[-3.422464523404725,47.6185221690742],[-3.422282798518122,47.61867667945057],[-3.422196986896266,47.61851885216229],[-3.421922880695637,47.61890422623413],[-3.421956778806124,47.6186314305248],[-3.422256049135746,47.61834400952084],[-3.422241988844177,47.61822738241142],[-3.422364650929125,47.6182477148135],[-3.422542047693824,47.618057319018426],[-3.422563679876578,47.61823674529708],[-3.42270530784043,47.618192815520594],[-3.42278434173484,47.618405201663734],[-3.423031613798944,47.618129675289424],[-3.423149949121996,47.61811412162938],[-3.423047334001265,47.61803849945924],[-3.423252852374552,47.618081356625645],[-3.423287755545699,47.61826005137654],[-3.423169419939344,47.618275605175064],[-3.423182400549678,47.61838326086295],[-3.423070554846919,47.61845264240107],[-3.423171295363504,47.61840193485901],[-3.423407104479333,47.618695988317334],[-3.423463999412111,47.618503202472155],[-3.423358137848306,47.618400666677346],[-3.423448854675322,47.61837760421313],[-3.423515992221704,47.61849130549832],[-3.423674134119062,47.618473557041696],[-3.42367983012052,47.618410026487716],[-3.423575844709486,47.61843382055903],[-3.423499765593294,47.61835673594109],[-3.423640311309977,47.61830383372901],[-3.423788429480173,47.61831373045965],[-3.423801411347974,47.618421386076626],[-3.423950611723933,47.61844025390202],[-3.423905110116188,47.61850597886912],[-3.424010177381827,47.61849115580439],[-3.424047247097381,47.61868779288672],[-3.424142291661433,47.6187006150777],[-3.424166155340766,47.618455464083546],[-3.424271222434517,47.618440640783554],[-3.423742419663386,47.618153709916044],[-3.423823399504065,47.618049905429],[-3.424025672977648,47.61806584732768],[-3.424049250686388,47.61792908337482],[-3.424070092200756,47.6179911509982],[-3.424089056175625,47.61792688892414],[-3.424252605660319,47.61795399618241],[-3.424323847099718,47.61776944963966],[-3.424228804149732,47.61775662759031],[-3.42425511657725,47.61742103194215],[-3.424385636433327,47.61739577421724],[-3.42445904048899,47.61722917014167],[-3.424562737983537,47.6173137624019],[-3.424563023160162,47.61720537526928],[-3.424727937472776,47.61713306603475],[-3.424551121975977,47.617106690970154],[-3.424742572530104,47.61703291863096],[-3.424746103198869,47.61695144537988],[-3.42465675627888,47.61687509301725],[-3.424502947088449,47.61692872802528],[-3.424443382703896,47.61687782633351],[-3.424573901142971,47.61685256839116],[-3.424449077619763,47.61681429569009],[-3.424585290645152,47.61672550708761],[-3.424693600037408,47.6167375972994],[-3.424690639132487,47.61660229623104],[-3.424926219996386,47.616562214105286],[-3.424945695620229,47.616723697483124],[-3.425131450176208,47.61671345516494],[-3.425158270500538,47.616603604785055],[-3.425269825879199,47.61664260835344],[-3.425322100106498,47.61652232339196],[-3.425234917131602,47.61646391404698],[-3.425314525824616,47.61645952432049],[-3.425385993145426,47.61660910982422],[-3.425260602096235,47.61678761231944],[-3.425448520950076,47.616795312087454],[-3.425499146304296,47.61688283008559],[-3.42540382118302,47.61697839614022],[-3.425580636676165,47.617004769915546],[-3.425250526926485,47.61725777770419],[-3.425602561709696,47.61707580858562],[-3.425729268107102,47.61724040976662],[-3.425847600673201,47.617224853366025],[-3.425746065566201,47.61715820482076],[-3.425882277312068,47.617069414721136],[-3.425901756012614,47.61723089789759],[-3.425646928110659,47.61744363145731],[-3.426018724113852,47.61731475717213],[-3.425962921841661,47.617516515664434],[-3.426155172169666,47.61756009943288],[-3.426186838079581,47.61771187951739],[-3.426347941938218,47.61782942838779],[-3.426350344007969,47.61818150351269],[-3.426575346742285,47.61838583783185],[-3.426622489258861,47.618112308927294],[-3.426684502579973,47.618072764936926],[-3.426786040597771,47.61813941263506],[-3.426587335951151,47.61759948255321],[-3.426720300534197,47.61748377765756],[-3.426743309582115,47.61756378737406],[-3.426941252745523,47.61754383911558],[-3.42706010776814,47.617754026998824],[-3.427073936343182,47.61753652094002],[-3.427174391452579,47.61759419704425],[-3.42722205302097,47.61754641331971],[-3.427257248836495,47.61761671981678],[-3.427373416975212,47.61758321932732],[-3.427347647425623,47.61814456111296],[-3.427437524058061,47.61844665679486],[-3.427502505287346,47.61854241325047],[-3.42755369388951,47.61841315614032],[-3.427720494073056,47.61846717233381],[-3.427750803767009,47.618718367722025],[-3.427452119561784,47.61878902865344],[-3.427370378216299,47.61833295776161],[-3.427172712171648,47.61824451965812],[-3.42720654617264,47.61841424195277],[-3.427113946147671,47.618310977717236],[-3.427044076147035,47.6183961101089],[-3.427019983926475,47.61830712921397],[-3.426960135289157,47.61836461592205],[-3.426980458548444,47.61820093758001],[-3.426955805875549,47.61832873083322],[-3.426815263378716,47.618381637034624],[-3.426829053118576,47.618606650650385],[-3.426730761115885,47.6185669168257],[-3.42671396472975,47.61864912185387],[-3.426642490957416,47.61849953731913],[-3.426549329575665,47.61861304677749],[-3.42665519768937,47.61871557966838],[-3.426744831302556,47.61868354337424],[-3.426899966677095,47.61897300916107],[-3.426914598164438,47.61887286157951],[-3.42703373621095,47.61897466230639],[-3.427162093750753,47.61893145896102],[-3.427150747240107,47.618616000898975],[-3.427254974665755,47.61892633608197],[-3.427333783996325,47.61880458666736],[-3.427380084604711,47.61885621869475],[-3.42773509139703,47.6188095441534],[-3.427742668859542,47.61887234299226],[-3.427325647873011,47.61895856190175],[-3.427345411166118,47.61901165764208],[-3.427621889267178,47.61897834582031],[-3.427258744903579,47.619178995225845],[-3.426947069031563,47.61914199966205],[-3.426961941898097,47.61937598444199],[-3.426876636697648,47.619443905963465],[-3.427146622889642,47.619356767664904],[-3.427331024180341,47.61944593761647],[-3.427293662200414,47.61935768867875],[-3.427654084852484,47.61935587071832],[-3.427706356364606,47.61923558485682],[-3.42781250652529,47.619229729638086],[-3.428041293250638,47.61968672008323],[-3.4278631066381,47.61975976581666],[-3.427751542851487,47.61972076478779],[-3.427786215568161,47.61956532577638],[-3.427699024928154,47.61950691836206],[-3.427651083117188,47.61966308924285],[-3.427627268280884,47.619465721516484],[-3.427503518926164,47.6194364233924],[-3.427359726723886,47.61946241643307],[-3.427342931024483,47.619544621513974],[-3.427296629855009,47.61949298949008],[-3.427218901846465,47.619623710100576],[-3.427066449816802,47.61957793266568],[-3.427006319576252,47.61974380636369],[-3.426847373212643,47.61964420105144],[-3.426592818628887,47.61974854941515],[-3.426592017378934,47.61963119114319],[-3.426464739992904,47.61968336511716],[-3.426343718473006,47.619455234290314],[-3.426282503859416,47.61961213635402],[-3.42625949461929,47.619532126630716],[-3.426195314788072,47.619553727818484],[-3.426216723094829,47.61939902098358],[-3.426049921521403,47.61934500266813],[-3.425938594943847,47.61964013221449],[-3.426092646486588,47.61992062765736],[-3.425933418893361,47.61992940810135],[-3.426102104594102,47.62010975609321],[-3.425945040876571,47.62013647909606],[-3.426112645019559,47.620307855780965],[-3.426193623519098,47.62020404976505],[-3.426233148815055,47.62031024155626],[-3.426368003973018,47.62032086673285],[-3.426797504470807,47.62011656126975],[-3.427303701325827,47.62007134653566],[-3.427159014686042,47.620123716103414],[-3.427385670090774,47.62012024597117],[-3.427342336190691,47.62020391474026],[-3.426792613694702,47.620297450157715],[-3.426773652132064,47.62036171259267],[-3.426906342756022,47.620354394618076],[-3.426817508189702,47.620503789233716],[-3.426979984552591,47.620521921373175],[-3.42686272739027,47.62054645015787],[-3.426849177728693,47.62065556890959],[-3.427224520315747,47.62044521782897],[-3.427449012124379,47.6204238050541],[-3.42743546369226,47.62053292388069],[-3.427344465378136,47.620664376369305],[-3.427041440084259,47.62069915114894],[-3.427120774942335,47.620803147145445],[-3.42702680833433,47.62079929865259],[-3.427043604915231,47.62071709367006],[-3.426915242986321,47.620760296845624],[-3.42692281976132,47.620823095674844],[-3.427009209517637,47.62076414542832],[-3.427039797336851,47.6209069537723],[-3.427129434398477,47.62087491721895],[-3.427068220466247,47.62103181958023],[-3.426935528180748,47.62103913773618],[-3.42684132049542,47.62070115702016],[-3.42674843645292,47.62070627956556],[-3.426784716101464,47.62078555735408],[-3.42671187608047,47.62073538871026],[-3.426608407750305,47.62098493059048],[-3.426837752851107,47.62122514915941],[-3.426837191690342,47.62144192298291],[-3.42712695201413,47.621407880576875],[-3.427198431037652,47.621557464591994],[-3.427300255967192,47.6215157248245],[-3.427360910736724,47.621575596191725],[-3.427368208647241,47.621746781858796],[-3.427515254544641,47.621747702592536],[-3.427533133189152,47.621674468831365],[-3.427900314255802,47.62206060951899],[-3.427900592681568,47.621952222642165],[-3.428005665620212,47.6219373960091],[-3.428085004196763,47.62204139128451],[-3.427916831496114,47.62208679133953],[-3.428008635222735,47.622072696623206],[-3.428044917671286,47.62215197396465],[-3.428220668961126,47.622169372428345],[-3.428224194661531,47.622087899286775],[-3.428450581027012,47.622192813961625],[-3.428428122135257,47.62189603101501],[-3.428543216160047,47.62185355819303],[-3.428566783968473,47.62171679359405],[-3.42864856563204,47.621730344090125],[-3.428523199418148,47.62146633079297],[-3.428632878954651,47.62137900165493],[-3.428732260264374,47.621427705063006],[-3.428798883370087,47.62131565806952],[-3.428847076536895,47.621493618841754],[-3.428918030461135,47.6214174567466],[-3.429004142794437,47.621466891954746],[-3.429030957538092,47.62135704095322],[-3.429183140514347,47.62151120269242],[-3.429137366818958,47.62168531649518],[-3.429247852916763,47.62171534492547],[-3.429235686403311,47.62128252936228],[-3.429313136335515,47.62126019444553],[-3.429375958712152,47.62133800724738],[-3.429378399775403,47.62124756279978],[-3.429451243000995,47.621297729767335],[-3.429585293440279,47.621190993065234],[-3.429689006752851,47.62127558060164],[-3.429703633639255,47.621175432788995],[-3.429733938283209,47.621869146149386],[-3.429852020419546,47.62151945380013],[-3.430107386079468,47.62153245656787],[-3.430139613338052,47.621467461459176],[-3.429991759417947,47.621349185884334],[-3.429950594442471,47.621450798028036],[-3.429853377782111,47.6214200381198],[-3.429886962577918,47.62125562738832],[-3.429977407230544,47.62134094680834],[-3.43004402761465,47.6212288990996],[-3.430557195435116,47.621164458764774],[-3.43111964567294,47.62128694724771],[-3.430852905412666,47.6214010083109],[-3.430605394326726,47.62134241882522],[-3.430547712184641,47.621417849730825],[-3.430473784759328,47.621358712224506],[-3.430432620693975,47.62146032453762],[-3.430604038366549,47.621441834518244],[-3.430585080985431,47.621506097534194],[-3.430737541538326,47.62155187033065],[-3.430628948126604,47.62164817266041],[-3.430769495443287,47.62159526195824],[-3.431054649643841,47.62163371182904],[-3.431103122539829,47.62170328474308],[-3.430958242890376,47.62172031096582],[-3.431110704374978,47.62176608327013],[-3.431280228059633,47.62162126292216],[-3.431246107444953,47.62155992899967],[-3.431379883595286,47.6215615771647],[-3.431321119157398,47.62162803722768],[-3.431478996592602,47.621718665134985],[-3.43151907567933,47.62160808125168],[-3.431616022761599,47.62174722667346],[-3.431832665155087,47.6217713938929],[-3.431880326283244,47.62172360836969],[-3.431769838687675,47.621693582429856],[-3.4318551412572,47.62162565741279],[-3.432165751734147,47.62165366862236],[-3.432157894720466,47.62125673819254],[-3.432435464777219,47.621232386224484],[-3.432421657088963,47.62144989250547],[-3.432503439322017,47.62146344030412],[-3.432500458361792,47.62132813976219],[-3.432674856287308,47.621444947245436],[-3.432614464558702,47.62127669170856],[-3.432695969255771,47.62095610735548],[-3.432911525520476,47.620971301376635],[-3.432837059299971,47.62112893923955],[-3.432909637362194,47.62128749098454],[-3.432807548794352,47.62143762257031],[-3.432722516370177,47.62139716137052],[-3.432721164351153,47.6214965770853],[-3.432843569550197,47.62162528535933],[-3.432913434528659,47.62154014963924],[-3.433064813729755,47.62157694819476],[-3.432993865509617,47.62165311280282],[-3.43315201362092,47.62163535154101],[-3.433207538254886,47.62198449576832],[-3.433292839459971,47.62191656971135],[-3.433221075257319,47.62187537635371],[-3.433325063072207,47.62185157373654],[-3.433550374925033,47.62194750734224],[-3.433345902880963,47.6214711207535],[-3.433448806345742,47.62143834682249],[-3.433411981892416,47.62157584497033],[-3.433502432721055,47.62166116164644],[-3.433893743634537,47.62169374410475],[-3.433814394259403,47.62158975275695],[-3.434029953400883,47.621604944708935],[-3.433924331586882,47.62139403173375],[-3.434028584131383,47.62126184155501],[-3.433969005830324,47.62121094483516],[-3.434077326446958,47.62122302631618],[-3.434039952071618,47.621134779617456],[-3.434122817846823,47.62115729747795],[-3.434147741074306,47.62136363489955],[-3.434228439976621,47.62136821029926],[-3.434224657903898,47.6215580705715],[-3.434356001500964,47.62165015986188],[-3.434337291679175,47.621163517673295],[-3.43441717182198,47.62105073481025],[-3.434625432474048,47.621337259338176],[-3.434545287410377,47.62155842924731],[-3.434653344149149,47.6216788971055],[-3.434480843432545,47.62168842187874],[-3.434623289679123,47.62176183582344],[-3.434552343436757,47.62183800137097],[-3.434379023788216,47.6217301679027],[-3.434387162642714,47.62201871119819],[-3.434231181107605,47.622054416504504],[-3.434817465471692,47.62193173450688],[-3.434743268072788,47.621980986616094],[-3.434805015464974,47.62204982528575],[-3.434862692274434,47.62197439230211],[-3.435041696558173,47.62201869404925],[-3.434939612587951,47.62216882744224],[-3.434994593729818,47.62229222580272],[-3.435054702019964,47.62212634820963],[-3.435198234040489,47.62220873261595],[-3.435183324285598,47.621974749226254],[-3.435312766272834,47.62194050816885],[-3.435349586082069,47.62180300944747],[-3.435529936995037,47.62174789472295],[-3.435685654147727,47.62182057458474],[-3.435658294326188,47.62170468210139],[-3.435987858238769,47.62166841931313],[-3.435942630796176,47.62162576194692],[-3.436141931235838,47.621506382389065],[-3.436016004600615,47.62145915097035],[-3.436197437631967,47.62141300637948],[-3.436214220284657,47.621330800104495],[-3.436427349941844,47.621436432219326],[-3.436540268560251,47.621376009166056],[-3.43643684493046,47.62162555966949],[-3.436234292761913,47.62171802621153],[-3.436292789797071,47.621759950592654],[-3.436458786307553,47.62169659613245],[-3.436403280073691,47.62178997225266],[-3.436653489012144,47.62164971794817],[-3.436571705440667,47.62163617305686],[-3.436655917760242,47.62155927336332],[-3.436730936373318,47.62162737811669],[-3.436912629484859,47.621472845494864],[-3.437046405591562,47.62147448716945],[-3.437047794261805,47.62181759025029],[-3.43691726958738,47.62184286206906],[-3.436872084504538,47.62224272381669],[-3.436674127630751,47.62226268885912],[-3.436796804482203,47.622283006060485],[-3.436585056428723,47.62252047762826],[-3.436442344374635,47.62255545297386],[-3.436516280068749,47.6226145866657],[-3.436415544279791,47.62266530560889],[-3.436522784352483,47.62266841364824],[-3.436154789039116,47.62304997937245],[-3.435964416642557,47.623132741358624],[-3.435999627654547,47.623203045019046],[-3.436113634483094,47.62315159359933],[-3.436246069272878,47.623252651853505],[-3.436356823875911,47.62317428670635],[-3.436416406644668,47.62322518215677],[-3.436006691514733,47.62348261681863],[-3.435837996376073,47.62374480185518],[-3.43601618537698,47.623671744104186],[-3.436102307919481,47.62372117402136],[-3.435950658454482,47.62379276624237],[-3.436055732779447,47.62377793238123],[-3.436069824711744,47.623894557493564],[-3.436278889606075,47.623855918303406],[-3.4363736850765,47.62397711729544],[-3.436805084575329,47.623899104528086],[-3.437017921270183,47.62367060388403],[-3.437079673549884,47.62373944129131],[-3.437084269996303,47.62366693910236],[-3.437243506901823,47.62365814347256],[-3.43715144323584,47.623780632238535],[-3.437315276604897,47.62369933432084],[-3.437344290943604,47.624049942180186],[-3.437194810591944,47.624139478302936],[-3.4371845337131,47.62427551150141],[-3.437343513152759,47.62437510250735],[-3.437586967413163,47.62428940627032],[-3.437785757387487,47.624386797615976],[-3.43776086930652,47.624622979499904],[-3.437674743773386,47.62457355082862],[-3.437500891043883,47.62468249565739],[-3.437541526411168,47.624797654520854],[-3.437650939395644,47.62481870380946],[-3.437626309211134,47.62494649887979],[-3.437752245497629,47.62499372847761],[-3.437725446874261,47.62510358127549],[-3.437842709054138,47.6250790416424],[-3.438051261641228,47.62525717275257],[-3.437761228970989,47.625399628907296],[-3.437970866889491,47.62558673127028],[-3.438000144499517,47.62582895194237],[-3.43788479125526,47.6259798206779],[-3.438048372415596,47.62600690850373],[-3.438122056976634,47.62617442774498],[-3.438089836595711,47.626239424898706],[-3.437898629618468,47.62620483210629],[-3.437754048925166,47.62655599781997],[-3.43799725452499,47.626578687471614],[-3.4380877211591,47.62666400037704],[-3.438100164979837,47.626545909528545],[-3.438284609400831,47.626635061854955],[-3.43829653809821,47.62673374427022],[-3.438398364222727,47.62669199493847],[-3.438334437960564,47.626605216075845],[-3.438477159601883,47.62657023849116],[-3.438402131814466,47.626502135032496],[-3.438499619584129,47.62642450109245],[-3.438461149807692,47.62632728491629],[-3.438541856583446,47.62633185732394],[-3.438561319702828,47.62605081983656],[-3.438762799789352,47.62594937833715],[-3.438783089746715,47.62578569858057],[-3.439012449260697,47.625583374757916],[-3.439184706222234,47.625682230011556],[-3.439483413463065,47.62561153932488],[-3.440329197731657,47.6256460827528],[-3.440727555719707,47.62551569552613],[-3.440737823808574,47.625379662102844],[-3.441242339454714,47.62524340605759],[-3.441512080718871,47.62526462153929],[-3.44167749790562,47.62497551519799],[-3.441814537890047,47.62500406472321],[-3.441922032947244,47.6248987810571],[-3.441881388053201,47.6247836237238],[-3.441976697611881,47.62468804460411],[-3.441838573369842,47.62465052415944],[-3.441762709317944,47.62446506491833],[-3.441834733739801,47.62439786620034],[-3.44173533494802,47.62434917401639],[-3.441839323784784,47.62432536384893],[-3.441902168026472,47.62440316978948],[-3.441968767201973,47.62429111545623],[-3.441885558398858,47.62393447171628],[-3.441723066589623,47.62391636034513],[-3.44180944500657,47.623857399245686],[-3.4417509413407,47.623815477672906],[-3.441568169339337,47.62396104652458],[-3.441455752772415,47.62380470075582],[-3.441491473141295,47.623658229117055],[-3.441623085013779,47.623641923321735],[-3.441625004296215,47.62376825235798],[-3.441706792416045,47.62378179369592],[-3.441710297640534,47.62370032021591],[-3.441845164440262,47.623710927502714],[-3.441656051041167,47.62325176461778],[-3.441774808922178,47.62257689986491],[-3.441953571064739,47.622729577875724],[-3.441959830959944,47.62289179141451],[-3.442181072132482,47.62284343701258],[-3.44217856544858,47.62249136306239],[-3.442063730571497,47.62242546242421],[-3.442026591900031,47.622228831442726],[-3.442254589558342,47.62212591667347],[-3.442226379666702,47.62189266772127],[-3.442045449631172,47.62172204782914],[-3.44211288055879,47.6217273513039],[-3.442089011336535,47.621529986738814],[-3.441972258612096,47.6213377568],[-3.442069981413427,47.62115173272077],[-3.442020323863138,47.62063067420645],[-3.442191984260031,47.62050378018233],[-3.441820370989909,47.620081799618234],[-3.441912417565115,47.61995930693962],[-3.441763206599762,47.61994046207654],[-3.441743929243438,47.61967059473807],[-3.441664066644041,47.61978338269161],[-3.441555747232002,47.61977130823815],[-3.441455774278894,47.619496870487495],[-3.441632856572502,47.61941483287567],[-3.441687850348523,47.61953822825925],[-3.441572771774048,47.61958071408445],[-3.441694359471582,47.61959205503865],[-3.441882875397094,47.61982547355086],[-3.441959233019762,47.61979415910449],[-3.441841399678828,47.61959295773642],[-3.441912332538532,47.61951678767374],[-3.442010387819945,47.61966489574293],[-3.441930275861169,47.619886070908564],[-3.441994199922612,47.61997284810279],[-3.442106024214012,47.61990344849764],[-3.442336768478361,47.62004422086806],[-3.442239796547571,47.61990508422496],[-3.442442082543771,47.619920994210645],[-3.442493077348105,47.620342636854424],[-3.442577030477673,47.620374119844314],[-3.442524203800946,47.620268667170286],[-3.442656055461453,47.62014397317215],[-3.442787161929117,47.62034444005291],[-3.442629269363026,47.62025382736863],[-3.442596560881508,47.62053559995906],[-3.442249311854813,47.6200942113507],[-3.442217935774161,47.62027656797662],[-3.442317078275376,47.62043364685164],[-3.442409960347886,47.62042851192387],[-3.442390768538646,47.620601163879556],[-3.442587134886018,47.62078899198151],[-3.442765056544156,47.620824310802426],[-3.442833323378473,47.620946971950104],[-3.443013415935673,47.62100023261522],[-3.443045627160082,47.62093523392842],[-3.443008827771088,47.62107273513663],[-3.442836578601705,47.620973885288656],[-3.44291027124079,47.62114140194234],[-3.443009912877181,47.62108170624732],[-3.443135597319147,47.621237317091094],[-3.443319193762906,47.62120910364967],[-3.443407242508263,47.62138485740576],[-3.443431018921356,47.62113970281989],[-3.443527996199352,47.621278838385734],[-3.443492283010043,47.6214253108263],[-3.443292999310552,47.62154470293154],[-3.443482022700489,47.62156134476814],[-3.443469345131565,47.62178782341943],[-3.443348837233376,47.62178545543022],[-3.443330980247984,47.6218586916068],[-3.443126421268626,47.62138232212294],[-3.442889158603129,47.62118772474241],[-3.443041133429732,47.621450255380026],[-3.442995916946884,47.621564515254555]],[[-3.424282143926662,47.61974952493038],[-3.424292452809891,47.61961349255281],[-3.424209593577819,47.619590967699864],[-3.424282143926662,47.61974952493038]],[[-3.42427669310927,47.61804297766427],[-3.424266956053741,47.61796223597619],[-3.424172994651597,47.61795838518163],[-3.42427669310927,47.61804297766427]],[[-3.425018987011335,47.61744213277619],[-3.425017107248936,47.61731580305983],[-3.424948317203728,47.617409905535524],[-3.425018987011335,47.61744213277619]],[[-3.426152825366607,47.619312235129854],[-3.426146331947069,47.61925840747758],[-3.426055614788696,47.6192814720267],[-3.426152825366607,47.619312235129854]],[[-3.426365795548437,47.620745443285756],[-3.42644950157729,47.62044280574164],[-3.426662608367114,47.62054845572301],[-3.426773371426651,47.620470099555305],[-3.426734927294601,47.62037287922063],[-3.426553489620535,47.62041900913617],[-3.426529397304759,47.62033002823232],[-3.426455194486151,47.6203792751165],[-3.426408893451361,47.62032764276272],[-3.426218515655455,47.62041038897863],[-3.426210376070812,47.62056436400851],[-3.426314082818607,47.62064895456901],[-3.426239879358101,47.620698201308294],[-3.426365795548437,47.620745443285756]],[[-3.426469178588566,47.621380939582195],[-3.426531195820098,47.6213413957395],[-3.426448332961629,47.62131887249486],[-3.426469178588566,47.621380939582195]],[[-3.426480888733408,47.62070297247102],[-3.426583794931612,47.62067020457582],[-3.426538575849115,47.62062754354638],[-3.426480888733408,47.62070297247102]],[[-3.427094796713605,47.62058783690517],[-3.427327145979283,47.62052083623534],[-3.427279761527918,47.62046023297155],[-3.427113757969989,47.62052357442555],[-3.427094796713605,47.62058783690517]],[[-3.426933356918536,47.61803194701101],[-3.426969113266266,47.61788547938223],[-3.426880843933626,47.61781810003229],[-3.426933356918536,47.61803194701101]],[[-3.428816460023183,47.62179332986706],[-3.428856544681183,47.62168274690175],[-3.428741727990212,47.621616833138695],[-3.42869595276461,47.62179094675905],[-3.428816460023183,47.62179332986706]],[[-3.429151167199598,47.621910329455346],[-3.429147111919673,47.621766057622864],[-3.429025521937775,47.62175470361864],[-3.429151167199598,47.621910329455346]],[[-3.429953554848706,47.6220286174261],[-3.429931896292461,47.62184919286601],[-3.429837927640655,47.62184534663696],[-3.429953554848706,47.6220286174261]],[[-3.430170732966519,47.62227853269736],[-3.430313448388759,47.622243565010166],[-3.430291514964192,47.62217252741287],[-3.430107908324648,47.62220072036059],[-3.430170732966519,47.62227853269736]],[[-3.43030424852925,47.6219460502399],[-3.430285837773773,47.621793539413936],[-3.430242507060798,47.6218772091872],[-3.430114418861685,47.62181202896294],[-3.43013960078178,47.6219099802858],[-3.43030424852925,47.6219460502399]],[[-3.430313197095284,47.62146691432352],[-3.430336760198653,47.62133014934023],[-3.430176172342805,47.62143835125241],[-3.430313197095284,47.62146691432352]],[[-3.430812818125566,47.621954110794],[-3.43061107373773,47.621721406896405],[-3.430624615980589,47.621612287768066],[-3.430484341653489,47.62155681139047],[-3.430441011443766,47.62164048124755],[-3.430489756713429,47.621601667513545],[-3.430673625754546,47.62190760587358],[-3.430812818125566,47.621954110794]],[[-3.432321733479704,47.621617966067134],[-3.432368310705175,47.621561209133354],[-3.432268925829881,47.62151250882266],[-3.432321733479704,47.621617966067134]],[[-3.433757284312571,47.62233344896795],[-3.433799526304888,47.62224080671956],[-3.433711241150343,47.622173432682985],[-3.433757284312571,47.62233344896795]],[[-3.434020220555287,47.62196672279577],[-3.434051359694715,47.62189275543186],[-3.433969576411175,47.62187920872012],[-3.434020220555287,47.62196672279577]],[[-3.434120425707657,47.62213277968104],[-3.434203558695357,47.62204691058664],[-3.434087385129975,47.62208041779337],[-3.434120425707657,47.62213277968104]],[[-3.434622353579392,47.624407975698226],[-3.434640223364847,47.624334740949514],[-3.434531896306747,47.62432266000987],[-3.434622353579392,47.624407975698226]],[[-3.434804881631705,47.62437080451395],[-3.434904802575686,47.62420272906563],[-3.434763433211108,47.62413828672952],[-3.434702237974833,47.624295192828214],[-3.434804881631705,47.62437080451395]],[[-3.435021828009551,47.62472909720764],[-3.435060818175045,47.62460954111156],[-3.434771310022575,47.62453521639615],[-3.435021828009551,47.62472909720764]],[[-3.435081882134167,47.62367818326159],[-3.434913974423157,47.62361520655256],[-3.434909375033627,47.623687708658],[-3.435081882134167,47.62367818326159]],[[-3.43552165727973,47.623337812999075],[-3.435650281138188,47.6231862135958],[-3.435860427508933,47.623156546310064],[-3.43594139137437,47.623052733688],[-3.435870707546453,47.62302051314988],[-3.43604564216342,47.62292054182142],[-3.436016113064636,47.62278670715244],[-3.436127689295752,47.622825700224936],[-3.436207568143201,47.62271291623364],[-3.436178300375524,47.62247069472421],[-3.436279858609929,47.622537334017245],[-3.436302322893967,47.62239159673885],[-3.43642608392707,47.62242088549507],[-3.43643311030497,47.622257938734926],[-3.436571224557154,47.622295465618],[-3.436587444441141,47.621987514377594],[-3.436784316248875,47.62195857831483],[-3.436908856950782,47.62166270584372],[-3.436623437665947,47.621732657182044],[-3.436434977628775,47.621941749227894],[-3.436254626995277,47.621996865344464],[-3.436206707976801,47.62215303953688],[-3.436094049128771,47.62210507535626],[-3.435899903834724,47.62237769753014],[-3.435531348062917,47.622533516458084],[-3.435630179388593,47.62235646905628],[-3.435456592793794,47.62235702409405],[-3.43548989790468,47.622300998711914],[-3.435329317573274,47.62240920765537],[-3.435389982362311,47.62246907482504],[-3.435255119982978,47.6224584600777],[-3.43527246132705,47.622601998892456],[-3.435490455737378,47.622526743629784],[-3.435270030187643,47.622692443400105],[-3.43552165727973,47.623337812999075]],[[-3.435338251652682,47.62237259019002],[-3.435443586465368,47.622249369991174],[-3.435251048165571,47.6223141884982],[-3.435338251652682,47.62237259019002]],[[-3.435909013854989,47.62455367215188],[-3.435935815940216,47.62444381973972],[-3.435750036559771,47.62445407920258],[-3.435909013854989,47.62455367215188]],[[-3.435979437700275,47.62469427939027],[-3.435929871744746,47.62461573744703],[-3.435812609703297,47.62464027516556],[-3.435979437700275,47.62469427939027]],[[-3.435708974682007,47.622234714204936],[-3.435683782390057,47.62213676409947],[-3.435623938789235,47.62219425513413],[-3.435708974682007,47.622234714204936]],[[-3.435751213209296,47.62214207124602],[-3.435826756155453,47.62199340278031],[-3.43571383542358,47.622053825124596],[-3.435751213209296,47.62214207124602]],[[-3.435854938139046,47.622226653265415],[-3.43591369759153,47.62216019094177],[-3.43581214053166,47.622093551317434],[-3.435854938139046,47.622226653265415]],[[-3.435942404243513,47.622176667626015],[-3.436020114608002,47.62204594138167],[-3.435905026117533,47.62208842156735],[-3.435942404243513,47.622176667626015]],[[-3.435941582403627,47.62205930956522],[-3.435981652502082,47.621948724170046],[-3.435895532930664,47.6218992941189],[-3.435941582403627,47.62205930956522]],[[-3.436415140385662,47.62420963452767],[-3.43642325109205,47.624055659076134],[-3.436201999680732,47.62410400254105],[-3.436209587855038,47.6241668006595],[-3.436367742343139,47.62414903506629],[-3.436415140385662,47.62420963452767]],[[-3.436121111339379,47.6218868358639],[-3.436188803483927,47.62178375585325],[-3.436108103785471,47.62177918180904],[-3.436121111339379,47.6218868358639]],[[-3.436227265848226,47.62188097300489],[-3.436407616118454,47.62182585692728],[-3.436348034919848,47.621774961435776],[-3.436227265848226,47.62188097300489]],[[-3.43691479916717,47.624254286014924],[-3.43703448807819,47.624139302712116],[-3.43710842662188,47.62419843598097],[-3.437183709110184,47.62415815357596],[-3.436959465547871,47.62407119824163],[-3.436765838398826,47.6241270480323],[-3.436752308071233,47.6242361677314],[-3.43691479916717,47.624254286014924]],[[-3.436894460625616,47.623975447320376],[-3.436984096924905,47.6239434032544],[-3.436935614330476,47.6238738328614],[-3.436894460625616,47.623975447320376]],[[-3.437533823914101,47.626170797124246],[-3.437419245975815,47.62599650537069],[-3.437436594288478,47.62614004360294],[-3.437533823914101,47.626170797124246]],[[-3.437679847808183,47.626605251677596],[-3.437686612331107,47.6265506918418],[-3.437594803459312,47.6265647941327],[-3.437679847808183,47.626605251677596]],[[-3.437645666987831,47.626101402010946],[-3.437559798010254,47.62594358661566],[-3.437539504241951,47.62610726614643],[-3.437645666987831,47.626101402010946]],[[-3.437643399079552,47.6251984238833],[-3.437681299424432,47.62506989579926],[-3.437542918350156,47.62514075700984],[-3.437643399079552,47.6251984238833]],[[-3.439148529079551,47.62648799194252],[-3.439278234814171,47.626345359912015],[-3.439161226096606,47.62626151430788],[-3.439016336646696,47.62627855048649],[-3.439022588032394,47.626440763886514],[-3.439148529079551,47.62648799194252]],[[-3.44147477263119,47.62561889538309],[-3.441613149725435,47.625548029531735],[-3.44158252026037,47.625405225347535],[-3.441471768700299,47.62548359535997],[-3.441265122305392,47.62543179931222],[-3.441194180662392,47.625507968750384],[-3.440944217530603,47.62553984579748],[-3.441046872421808,47.62561545194911],[-3.44147477263119,47.62561889538309]],[[-3.442002823644243,47.62534586911826],[-3.442113574138924,47.62526749859672],[-3.442005243497161,47.62525542459418],[-3.442002823644243,47.62534586911826]],[[-3.442140352568626,47.623721703436146],[-3.442193680734102,47.62361038246921],[-3.442031689292389,47.62337549787064],[-3.441983536097101,47.62364006114302],[-3.442140352568626,47.623721703436146]],[[-3.44213451530959,47.62433613979371],[-3.44217999944154,47.62427040792263],[-3.442089280695273,47.624293484866335],[-3.44213451530959,47.62433613979371]],[[-3.442205117199327,47.62392583825533],[-3.442247595096495,47.62372480621736],[-3.44202960532021,47.6238000740454],[-3.442205117199327,47.62392583825533]],[[-3.442629451305386,47.62113886546429],[-3.442624274620425,47.62098562293009],[-3.442551170767331,47.62104385113768],[-3.442629451305386,47.62113886546429]]],[[[-3.427329248376487,47.62006209970913],[-3.427378372346611,47.61994906016229],[-3.427425756456219,47.62000966340199],[-3.427584984043336,47.62000088092373],[-3.427852002802846,47.61977844024461],[-3.427758563058204,47.62000033758449],[-3.427453376861378,47.620017170930645],[-3.427329248376487,47.62006209970913]]],[[[-3.430910265268484,47.62229183252971],[-3.431277515509443,47.622262613036916],[-3.431192211187192,47.622330537609876],[-3.430910265268484,47.62229183252971]]]]},"properties":{}}]}