{"type":"FeatureCollection","features":[{"type":"Feature","geometry":{"type":"MultiPolygon","coordinates":[[[[-3.473259457759073,47.64872998414334],[-3.472958671500073,47.64867443347991],[-3.472821572894881,47.64852953929199],[-3.473259457759073,47.64872998414334]]],[[[-3.472819194568805,47.648528450587996],[-3.47255077941202,47.64850742174552],[-3.472318741777678,47.64835774044052],[-3.472227806598012,47.64848922598604],[-3.471885916763744,47.64853529814564],[-3.471828074255079,47.64871913383605],[-3.471594046595261,47.64844312420043],[-3.471830823271124,47.64841191884129],[-3.471889945158659,47.648128668339325],[-3.472019427023207,47.64809438706795],[-3.472106712876358,47.648152760521796],[-3.472139995603162,47.648096725442755],[-3.472133263578226,47.648151286659406],[-3.472244017145605,47.64807288850035],[-3.472608431452747,47.648431971163674],[-3.472819194568805,47.648528450587996]]]]},"properties":{}},{"type":"Feature","geometry":{"type":"MultiPolygon","coordinates":[[[[-3.45973775739659,47.646337086298104],[-3.459721430955612,47.64620252372394],[-3.459604132422021,47.646227085052566],[-3.459606523388337,47.64613664114392],[-3.459448311475364,47.646154438000835],[-3.459339060842438,47.646025023770356],[-3.459213929208167,47.646095174403435],[-3.459293364519067,47.6461991471716],[-3.459005009169613,47.64602546860662],[-3.458741827058264,47.64610140733228],[-3.458726234029782,47.64604091255693],[-3.458590002991917,47.64612973962771],[-3.458540383846913,47.64605120815422],[-3.458509264557,47.646125181119395],[-3.45839979966063,47.64610415160252],[-3.458511657374508,47.64603473722837],[-3.458402409258313,47.64590532211406],[-3.45884897393911,47.646061206345124],[-3.458818286573844,47.64591840820081],[-3.459110336017913,47.6459022285766],[-3.459117954251428,47.64596502449567],[-3.459279430754393,47.64597414061609],[-3.45936930519265,47.64583369413269],[-3.459514241237321,47.64581663288051],[-3.459590411522094,47.64589369293585],[-3.459741217526995,47.6457047143908],[-3.459932508530221,47.64573927107667],[-3.459956454577974,47.64593662951912],[-3.459648953407574,47.64593560509298],[-3.459847650620866,47.64614134338912],[-3.45973775739659,47.646337086298104]]],[[[-3.458743771229689,47.64610894993759],[-3.458919486613854,47.64620179818075],[-3.458776725869174,47.64623680038649],[-3.458743771229689,47.64610894993759]]]]},"properties":{}},{"type":"Feature","geometry":{"type":"Polygon","coordinates":[[[-3.458350180819345,47.64602562004722],[-3.458127987183859,47.64595664804671],[-3.457959764684441,47.64600209079533],[-3.457727996842446,47.645743994717336],[-3.457667062445928,47.645792525483074],[-3.457603081967588,47.64570575802692],[-3.457531048644001,47.645772965725946],[-3.457353252754935,47.64562928424325],[-3.457161744702546,47.64570310894682],[-3.457007016569838,47.645639429484916],[-3.45693498258505,47.64570663681879],[-3.457070776700207,47.6458345828767],[-3.456836178702689,47.64588370010353],[-3.456807672680708,47.64575884315332],[-3.456713659992338,47.645755018595175],[-3.456739341982193,47.64563619174919],[-3.456641845652872,47.64571384013796],[-3.456644241617115,47.64562339626582],[-3.456406380579876,47.64564560002549],[-3.456345224320936,47.64580251571124],[-3.4562346731075,47.645772513290424],[-3.456245551442774,47.64586222201929],[-3.45612412201838,47.64574251076455],[-3.456192893604782,47.645648391309706],[-3.456112156102995,47.645643831143914],[-3.456270367614585,47.645626038799406],[-3.456218576702987,47.645529564571575],[-3.456022494840415,47.645675889528675],[-3.455991815260647,47.64553309061348],[-3.455894539719821,47.64550235276597],[-3.455955032268325,47.645670594150296],[-3.455866458634751,47.6457116232909],[-3.45582010716431,47.645660003276646],[-3.455723475163034,47.6458550073781],[-3.455663205293626,47.645578380278096],[-3.455779416464338,47.645544852018894],[-3.455580292507765,47.64555587798575],[-3.455640363009255,47.64538999179977],[-3.455385322411097,47.64516027375563],[-3.455076738178319,47.64515026641273],[-3.454911331048669,47.645439388707075],[-3.454861941743781,47.645252470014455],[-3.454667168919902,47.645299377979704],[-3.454669119861997,47.64542570538432],[-3.454549645627054,47.64543231987032],[-3.454520696242092,47.64552423357704],[-3.454448883905552,47.6454830537671],[-3.454532020556097,47.64539717124308],[-3.454427996320163,47.645420992451015],[-3.454361846538384,47.64531628141928],[-3.454110711021189,47.64533921542334],[-3.454066311087279,47.64541392211807],[-3.453954674519816,47.645374946638874],[-3.453987523454517,47.64553568789109],[-3.454203185064564,47.64555084242236],[-3.454363122364995,47.645767765661006],[-3.454424059738067,47.64571923661765],[-3.45446039750749,47.64579850477918],[-3.454590972467386,47.64577321366876],[-3.454504572698035,47.64583218355123],[-3.454657123265232,47.64587792454584],[-3.454777494316143,47.64543776751529],[-3.454959856671628,47.64550895086036],[-3.455068454725997,47.645412627100946],[-3.455220781521335,47.64556675298729],[-3.455336992944711,47.64553322516792],[-3.455284535032144,47.64576190736113],[-3.455343296199267,47.64569543607359],[-3.455466034027249,47.64571573341894],[-3.455381810694743,47.645792645712305],[-3.455424676122209,47.645925738853705],[-3.455541333012254,47.64567543963139],[-3.455540022891076,47.64577485435807],[-3.455644047320409,47.645751032164526],[-3.455559824188769,47.645827944584795],[-3.455738925668518,47.645872214062756],[-3.455750890944902,47.64597089370986],[-3.455925641924199,47.645979279391845],[-3.456006601379412,47.645875454089854],[-3.456235318946573,47.64599825536063],[-3.456206814269332,47.64587339827129],[-3.456261869014265,47.64599678510284],[-3.456416817922838,47.645952079947286],[-3.456324759807461,47.646074582409305],[-3.456396574387731,47.64611576105366],[-3.45644445583315,47.645959580518564],[-3.45653063326789,47.646008994801065],[-3.456530853664947,47.645900609205626],[-3.456697989150022,47.64584619764331],[-3.45686577280068,47.64601752790483],[-3.456941071154569,47.645977233221586],[-3.456944115462484,47.64611253140854],[-3.457190901405568,47.64605370787268],[-3.457135844453686,47.645930321482524],[-3.457217670476694,47.64594385180351],[-3.457358474129038,47.64578252416939],[-3.457702098984877,47.6459712073737],[-3.457505149933753,47.646000178335235],[-3.457579141451212,47.64605929797441],[-3.457726254856927,47.64606018066065],[-3.457780660926362,47.64595782472443],[-3.457899918321312,47.64605959253174],[-3.458350180819345,47.64602562004722]],[[-3.454666272194275,47.645732920446314],[-3.45457008460316,47.64571115238745],[-3.454645384258245,47.64567085917716],[-3.454666272194275,47.645732920446314]],[[-3.454626671486858,47.64562673967995],[-3.454515034064866,47.645587764740455],[-3.454629070862797,47.645536295845055],[-3.454626671486858,47.64562673967995]],[[-3.45547300533126,47.6455527874814],[-3.455384654246084,47.64548543064244],[-3.455504350976303,47.64537042967944],[-3.45547300533126,47.6455527874814]]]},"properties":{}},{"type":"Feature","geometry":{"type":"Polygon","coordinates":[[[-3.436816417744585,47.64587989160464],[-3.437069427623665,47.64554080911979],[-3.437240920352008,47.645522309589886],[-3.437152332577814,47.64556332454668],[-3.43717862325107,47.64567024419941],[-3.437454407807961,47.64551955293196],[-3.437521609345095,47.6456332445697],[-3.437624556840067,47.64560046736911],[-3.437563863246682,47.64554060207638],[-3.43780064692224,47.64550946562732],[-3.437838561314445,47.64538093884354],[-3.437863768535427,47.64547888730673],[-3.437948016620373,47.645401987629626],[-3.438157991490182,47.64548070213831],[-3.438079941076307,47.64527730041772],[-3.437939596789675,47.64522183367323],[-3.438099982647941,47.6452220080197],[-3.438180975635593,47.6451181950301],[-3.438351124489644,47.64519910842617],[-3.43835680587,47.6451355780345],[-3.438250605333853,47.64514144275853],[-3.438349212186967,47.64507278073689],[-3.438528296849673,47.64511707661125],[-3.438554275933634,47.644889868110134],[-3.43876858919846,47.645004465707245],[-3.438930059312942,47.64501360995345],[-3.438973395191056,47.644929937958544],[-3.439100464766571,47.644986136651596],[-3.439088530502292,47.64488745525108],[-3.43896254608312,47.64484022758026],[-3.439231556076731,47.64474409145056],[-3.438957377629241,47.644686986761066],[-3.43906466210615,47.64469009243114],[-3.439119102572846,47.644587745113846],[-3.439388685567297,47.64471735091982],[-3.439446380397523,47.64464191655681],[-3.439673139141195,47.64463842262256],[-3.4395192650226,47.644692076637995],[-3.439616529651649,47.64472282813027],[-3.439816993184156,47.64461241475993],[-3.439919683168948,47.64468802115586],[-3.439870669438595,47.64483522398987],[-3.440078728527391,47.64478760738703],[-3.440084407807118,47.64472407689776],[-3.440339887004464,47.64473705713665],[-3.440204967362743,47.64472644822705],[-3.44032903563844,47.64464734687624],[-3.440518139939777,47.644663993310964],[-3.440462616918986,47.64475737025151],[-3.440572071980859,47.64477841658637],[-3.440697225030937,47.64470828587052],[-3.440572324786988,47.64467003095379],[-3.440764937285659,47.64460520442398],[-3.440836737879728,47.644646392662075],[-3.440713755559896,47.644734465574366],[-3.440865205937695,47.644771253578334],[-3.440805342535536,47.64482874659487],[-3.440929410159105,47.6447496446108],[-3.441042121160742,47.64479760356562],[-3.441306785991807,47.64466557857795],[-3.441107914047062,47.64456819424679],[-3.441156672501572,47.644529376521234],[-3.441314885692706,47.64451160441649],[-3.441392113143197,47.64459764740259],[-3.441458738593592,47.644485594530906],[-3.441703112847835,47.64451724727231],[-3.441881363182315,47.64444418135864],[-3.441935297924368,47.644558604017895],[-3.441985391113654,47.64442037130868],[-3.442134670607716,47.64443921564952],[-3.442217825449828,47.64435334184144],[-3.442506365996038,47.64441867632991],[-3.442476310924308,47.64450161609327],[-3.442798163888471,47.64451092311587],[-3.442810104928699,47.644609604156734],[-3.443212102711404,47.64439773709568],[-3.443237319331268,47.644495684449545],[-3.443158755896429,47.64450905733066],[-3.443272554021267,47.64456598514037],[-3.443734062863364,47.64396249396705],[-3.443948383526973,47.644077082118706],[-3.444001728262845,47.64396576149819],[-3.44430596040718,47.64393991412545],[-3.444334926526626,47.643848002874435],[-3.444450896121721,47.64392287154112],[-3.444438952200929,47.64382419063266],[-3.444818243524455,47.64386644089528],[-3.444885946750244,47.643763357015594],[-3.444669453645084,47.643630828583646],[-3.444317553901843,47.643704466982705],[-3.444285330482645,47.64376946525558],[-3.444213528406758,47.64372827911787],[-3.444222214571437,47.64380004707223],[-3.443980013568852,47.643786341580515],[-3.443970835935451,47.64393134498895],[-3.443812871569615,47.64384073500904],[-3.443443943698793,47.644104962853454],[-3.443491367502289,47.64416555881749],[-3.443112913052676,47.64424066092544],[-3.443147899837804,47.64441934732145],[-3.442980755007664,47.64447373954175],[-3.442643456355943,47.64444722459538],[-3.442662655923846,47.644274574725614],[-3.442524231662519,47.64434544113352],[-3.442313169358915,47.64425776341495],[-3.442274679778797,47.64416054939228],[-3.441979378561016,47.64414977391211],[-3.441963683014198,47.644240951058784],[-3.441837697576835,47.64419372647213],[-3.441801964412,47.64434019666102],[-3.441662704072932,47.64429370537565],[-3.441363643944949,47.64447278660345],[-3.440848346834954,47.644410945950355],[-3.441017412231005,47.64448288447135],[-3.440728620673725,47.64452593195536],[-3.440695812300504,47.644365186893445],[-3.440428977150646,47.64447926846564],[-3.440513219960646,47.644402366899016],[-3.440321946331459,47.644367778398816],[-3.440153713681732,47.64441319554905],[-3.440073556873236,47.64463436661302],[-3.439951912460423,47.64462302411814],[-3.440008775263237,47.64443023279867],[-3.439845967400445,47.644520504654075],[-3.439845136631523,47.64440314797662],[-3.439766572482894,47.644416518577536],[-3.439635739112162,47.64455017878279],[-3.439593999177078,47.644426050790756],[-3.439526284887749,47.64452913156833],[-3.439381345954038,47.64454616803865],[-3.439286507112741,47.64442497277728],[-3.439052983865528,47.644483025371926],[-3.438897195995273,47.64441035085113],[-3.438784231303357,47.64447077546366],[-3.438851434352991,47.644584466398655],[-3.438696731318681,47.64452076265505],[-3.438664500560111,47.64458575935002],[-3.438487587213559,47.64455940575989],[-3.438363516412681,47.64463850515901],[-3.438436400015199,47.644688665915716],[-3.438301223455716,47.6447864404351],[-3.438465947304101,47.64482249845679],[-3.43844022501489,47.644941321333604],[-3.438220231205544,47.64489025352599],[-3.43820235944973,47.64496348804342],[-3.438013512813813,47.64483845224591],[-3.438054164636253,47.6449536097299],[-3.438221058408432,47.645007610185225],[-3.438145747288907,47.64504789282427],[-3.437989959005136,47.644975217115224],[-3.437758601360401,47.645051209198634],[-3.437476571180171,47.64503968931413],[-3.437445164121762,47.64522204230657],[-3.4374077673681,47.6451337977805],[-3.437361174927235,47.64519055603214],[-3.43718100637111,47.645137287317475],[-3.43724495295864,47.64522406597861],[-3.437096497730562,47.64532257204639],[-3.4371376675141,47.64522095863859],[-3.436928519535633,47.64525959893871],[-3.436999493526228,47.64518343287024],[-3.436929864318251,47.645160184396765],[-3.436856721133204,47.64521840831224],[-3.436525104378829,47.64512834539497],[-3.43656249966899,47.6452165902038],[-3.436448446131413,47.64526804147436],[-3.436343852393888,47.64506610432811],[-3.436283983789621,47.645123595019314],[-3.43626311747194,47.64506153044609],[-3.435904690289812,47.64508131708108],[-3.435938569079291,47.64525103449231],[-3.435547347181994,47.64511007368495],[-3.435471770731562,47.64525874019273],[-3.435301626053538,47.64517782260638],[-3.435251514839015,47.64531605239516],[-3.435141240337328,47.645177644418816],[-3.435051303240059,47.64531807230837],[-3.4351718639138,47.64532044883002],[-3.435181622461577,47.64540118846718],[-3.435084359151989,47.64537043329409],[-3.434857332580491,47.645482303901844],[-3.435129078303086,47.64562986162003],[-3.435337408164038,47.645473867904364],[-3.435365863795336,47.645598730106364],[-3.435441441022363,47.64545006369339],[-3.435634884092389,47.64550260229525],[-3.435587205087626,47.645550388762985],[-3.435704513182967,47.64552585153624],[-3.435420049008638,47.645604770135506],[-3.435391066580333,47.645696679091834],[-3.435505943296844,47.6457625854971],[-3.435564992082265,47.645587738588354],[-3.435697481516368,47.64568879629155],[-3.435838349553076,47.64552749457417],[-3.435718051051425,47.64541673316071],[-3.435617271457778,47.645467450817215],[-3.435631072335223,47.64524994685953],[-3.43586542468809,47.64530925778448],[-3.43589605027815,47.645452061996096],[-3.436046414939068,47.64547988516861],[-3.436164807119372,47.64546431854115],[-3.436163984431697,47.64534696189532],[-3.436212223864699,47.64552491741646],[-3.436359596804825,47.64541744142302],[-3.436479073258091,47.64541084553621],[-3.436558463248575,47.64551483379267],[-3.436723448795346,47.64544250867699],[-3.436704490257255,47.64550677188853],[-3.436906871655348,47.64552269125091],[-3.436822621879421,47.64559959017248],[-3.436928823484315,47.64559372674775],[-3.436910949720515,47.64566696104081],[-3.436766006861314,47.64568399425688],[-3.436732427885614,47.645848404889065],[-3.436816417744585,47.64587989160464]],[[-3.437731016939787,47.64548621763521],[-3.437622646243097,47.64547413969437],[-3.437610714602622,47.64537545816798],[-3.437457920952978,47.64543808049607],[-3.437468201210581,47.64530204876322],[-3.437629672002686,47.645311194805046],[-3.437731016939787,47.64548621763521]],[[-3.437384777963194,47.64549630473365],[-3.437176973413628,47.64543553094001],[-3.43721814313107,47.64533391750984],[-3.437384777963194,47.64549630473365]],[[-3.437997862892815,47.64537214228415],[-3.437862942111016,47.64536153067377],[-3.43788081446597,47.64528829622342],[-3.437997862892815,47.64537214228415]],[[-3.435232290917687,47.64548870095274],[-3.435172684419103,47.64543780548445],[-3.435265610701537,47.64543267630482],[-3.435232290917687,47.64548870095274]],[[-3.43545823239957,47.64536785854872],[-3.43535094677,47.6453647495684],[-3.435325744215418,47.645266800557344],[-3.435461748582379,47.645286386166426],[-3.43545823239957,47.64536785854872]],[[-3.438729277216426,47.644789893893105],[-3.438602208499144,47.64473369479064],[-3.438679688547512,47.64471135393353],[-3.438729277216426,47.644789893893105]],[[-3.440227176761851,47.64468909750292],[-3.44010795613693,47.6445873115884],[-3.440394578239679,47.6445263235874],[-3.440205220914268,47.64461806259234],[-3.440227176761851,47.64468909750292]],[[-3.44169660067558,47.644463421186515],[-3.441597164633478,47.64441472939047],[-3.441816324610721,47.64434843418594],[-3.441849386559977,47.644400793284085],[-3.44169660067558,47.644463421186515]]]},"properties":{}},{"type":"Feature","geometry":{"type":"MultiPolygon","coordinates":[[[[-3.447858131324221,47.643698354018994],[-3.447637047284789,47.643638332947404],[-3.447473168426141,47.643719644504365],[-3.447345006755246,47.64365448391416],[-3.447141303612288,47.64373799735288],[-3.447279959343076,47.64355873974357],[-3.446985746676955,47.64355694787951],[-3.446990331371483,47.64348444604427],[-3.446749243069541,47.64364761547836],[-3.446428696888715,47.64337100637303],[-3.446511843156051,47.64328512946142],[-3.446966674189897,47.643178698965215],[-3.447118124462477,47.64321547889406],[-3.447282002313824,47.64313416781373],[-3.447581405712897,47.643289199492905],[-3.447928001246132,47.64361321029007],[-3.447858131324221,47.643698354018994]],[[-3.447380724246345,47.64350801197821],[-3.447362257248633,47.64335550554711],[-3.447448422067293,47.643404926594556],[-3.447456265038784,47.643359337633925],[-3.447395562965189,47.64329947737868],[-3.447254974972532,47.64335240749356],[-3.447366841414309,47.643283003689504],[-3.447265229853964,47.64321637475218],[-3.447196445656062,47.64331048907108],[-3.447380724246345,47.64350801197821]]],[[[-3.446755102379568,47.643652671620984],[-3.446932408574775,47.643668269885964],[-3.446861450777459,47.64374444204729],[-3.446755102379568,47.643652671620984]]]]},"properties":{}},{"type":"Feature","geometry":{"type":"Polygon","coordinates":[[[-3.434704774825255,47.6449940236063],[-3.434557399721552,47.64510149753627],[-3.434630810130704,47.64493488945214],[-3.434532728897052,47.644786777121546],[-3.4346755016584,47.644751804511344],[-3.43466574399517,47.644671064804584],[-3.43453299397,47.64467839150283],[-3.434621847180049,47.64452899288565],[-3.43437803043216,47.64472306766676],[-3.434465269584074,47.64478146933367],[-3.434347962555328,47.64480600532577],[-3.434334134340275,47.64458099564357],[-3.43418160490635,47.64453522808691],[-3.434000909432657,47.64469872570252],[-3.433744347933081,47.64467676051615],[-3.433977059937877,47.64450136182435],[-3.433954028429059,47.64442135464611],[-3.43379147692881,47.6444032324326],[-3.433866790425403,47.644362952586555],[-3.433735391768602,47.64427086382715],[-3.433829400191357,47.64427470687587],[-3.433831834755741,47.6441842634075],[-3.433770880410505,47.64423278174889],[-3.433680390893325,47.64414746627605],[-3.433575275799249,47.644162297844],[-3.433593153636907,47.644089064003886],[-3.433360709619681,47.64415607632319],[-3.433342831440565,47.644229310125205],[-3.433208182235227,47.644110307485704],[-3.433072997561593,47.64420807598585],[-3.433127449028191,47.644105731434806],[-3.432993616307509,47.644104085290614],[-3.432970586444653,47.64402407790199],[-3.432754668361631,47.64411726982319],[-3.432818606528541,47.64420405095267],[-3.432664726771072,47.644257695953236],[-3.432688562727176,47.64401254645455],[-3.432612165010413,47.64404385444778],[-3.432552831715714,47.64388457194566],[-3.432429023029395,47.643855279410225],[-3.432519779208238,47.64383221020329],[-3.432419268929106,47.643774539478244],[-3.432465865389882,47.64371778315547],[-3.432139414129593,47.6437809489114],[-3.432126409271467,47.64367329563143],[-3.432064370232757,47.643712841988695],[-3.43180483383222,47.64355557353337],[-3.431869581212262,47.64331719815815],[-3.431792370969539,47.64323114882153],[-3.431489220429149,47.64326593473592],[-3.43161085994895,47.64327728604904],[-3.431440997018919,47.64353049093863],[-3.4314344953183,47.6434766642537],[-3.431331548118745,47.64350943603671],[-3.431427181391826,47.643305480763225],[-3.431166021479681,47.64335601113034],[-3.431170083858551,47.64350028128292],[-3.431088268191369,47.6434867327049],[-3.431164394096287,47.64356381137897],[-3.431074721345421,47.64359585065346],[-3.431154370033902,47.64359145700757],[-3.431076888461378,47.643613792887535],[-3.431129715626702,47.64371924946646],[-3.43103787548466,47.64373334647828],[-3.431091786256656,47.64384777418405],[-3.430920296778582,47.64386626470513],[-3.430926798007999,47.64392009140776],[-3.431086096364124,47.643911304264805],[-3.43112348180691,47.64399955087],[-3.43088995154221,47.64405758716271],[-3.430820864771089,47.644260077438275],[-3.43075720252493,47.644064909573544],[-3.430403650356577,47.64434630620822],[-3.430272257717335,47.644254213553594],[-3.430184750114664,47.64430419437607],[-3.430156307297006,47.64417933082844],[-3.430055524754456,47.64423004372055],[-3.429981566271103,47.64417090659994],[-3.43012894802038,47.64406343838947],[-3.430165248570887,47.644142714171],[-3.430360038701937,47.64409584702231],[-3.430361124294654,47.64401631540175],[-3.430424519778412,47.64396585817031],[-3.430679992994107,47.643978859535345],[-3.43083008502942,47.64367256134151],[-3.430513110071375,47.64392484828026],[-3.43086612037682,47.64341770877717],[-3.430767779668021,47.64337797885922],[-3.430934933512518,47.64332360407909],[-3.430744753455731,47.6432979710017],[-3.430885357678121,47.64324506075208],[-3.430897821303695,47.64312697168468],[-3.431296061188597,47.6431050035097],[-3.431386004437981,47.64296457834901],[-3.43182623408045,47.64295835367584],[-3.431996366411836,47.64303927641623],[-3.43188448049248,47.64310866551182],[-3.432010454558914,47.64315590085665],[-3.431954918220523,47.643249273827216],[-3.432154038442711,47.64323828810863],[-3.43207086914387,47.64332415480373],[-3.432145912502395,47.64339226173602],[-3.432353972857115,47.64334465885263],[-3.432256989611049,47.643648029451874],[-3.432554177154075,47.643342643559116],[-3.432572601826954,47.64349515232899],[-3.432734066312212,47.64350430514463],[-3.432727025841662,47.64366724989252],[-3.4328475826822,47.64366962881437],[-3.43277768862593,47.64375476352142],[-3.432850565770583,47.64380492778532],[-3.432731092464517,47.64381151996746],[-3.432717548895427,47.643920638088034],[-3.432913419846467,47.64388273777776],[-3.432943757728635,47.64369141477731],[-3.433048603988287,47.64378496944568],[-3.433051039853681,47.64369452597056],[-3.433142879397056,47.64368042737609],[-3.433217924624798,47.643748533607265],[-3.43333522984849,47.64372399873616],[-3.433198694688728,47.6439211819711],[-3.433513221851232,47.64375933123255],[-3.43361698525247,47.64384391429431],[-3.433558199062954,47.64391037471748],[-3.433801481972424,47.64393307290157],[-3.433841039983554,47.64403926081571],[-3.433856749349597,47.64394808475105],[-3.434012795131128,47.643912380348844],[-3.433923123504768,47.643944421803546],[-3.433950490960519,47.64406031336114],[-3.434215722345483,47.644154046786376],[-3.434117111871592,47.64422270535248],[-3.434177800099163,47.64428257247658],[-3.434231165422721,47.64417125632955],[-3.434512106164867,47.6441738129702],[-3.434416748433574,47.6442693850348],[-3.434710699892571,47.644379594189296],[-3.434632953796323,47.644510318052944],[-3.43483398212838,47.64462565556214],[-3.43487219410475,47.644831257628844],[-3.434771414812901,47.64488197457128],[-3.43508649922644,47.644945861982855],[-3.435055348069285,47.64501982874105],[-3.434913923373,47.64495538728122],[-3.434704774825255,47.6449940236063]],[[-3.4302988076312,47.644252749193825],[-3.430398506529188,47.64419306497195],[-3.430291223556571,47.644189951344025],[-3.4302988076312,47.644252749193825]],[[-3.430452689752792,47.644199107309],[-3.43057893822751,47.64413795853065],[-3.430497394999193,47.64401602389639],[-3.430452689752792,47.644199107309]],[[-3.432359667028244,47.64372364252958],[-3.432477241834817,47.64359072284444],[-3.432347745511787,47.64362496037608],[-3.432359667028244,47.64372364252958]]]},"properties":{}},{"type":"Feature","geometry":{"type":"Polygon","coordinates":[[[-3.423925640057443,47.64503756483708],[-3.424200662398482,47.64476954803798],[-3.424222372618781,47.64450645798005],[-3.424433406176014,47.644594168363376],[-3.424519837166029,47.64453522068248],[-3.42452957945298,47.644615961241534],[-3.424705688615718,47.64452497918861],[-3.424978768422334,47.644573146154734],[-3.424999107740607,47.64440947037285],[-3.424820321484462,47.644256768127626],[-3.424884816249776,47.64412678234393],[-3.424820606281889,47.64414838250184],[-3.424696288831065,47.64389333933004],[-3.424802488371387,47.643887486921706],[-3.424845275996321,47.64402059140315],[-3.425055226099889,47.64409932951311],[-3.425230534041399,47.64389098983285],[-3.425178002433292,47.64367714494329],[-3.425075849280334,47.64382726803306],[-3.425072885903141,47.64369196886587],[-3.424937971941496,47.64368134232212],[-3.424858607324468,47.64357734607217],[-3.424650539377162,47.64362493560261],[-3.424452784154788,47.64353649405047],[-3.42439182202234,47.643585007515085],[-3.424414327632985,47.643439274110435],[-3.424145869856028,47.643318604854684],[-3.423940762763123,47.6435014923412],[-3.423832399219941,47.643489401598174],[-3.423669279733856,47.64368803661118],[-3.423727790980399,47.643729966808934],[-3.423616975169606,47.643808319146586],[-3.423698502358326,47.64393025859527],[-3.423777069815467,47.64391689879512],[-3.423661350109963,47.64417613769698],[-3.423578453004509,47.64415361268207],[-3.423510708124793,47.644256684190715],[-3.423567850218249,47.644398028886805],[-3.423713876131415,47.64438998321283],[-3.423670516765597,47.644473649570244],[-3.423756948403149,47.644414702449964],[-3.423641514714924,47.64456555566537],[-3.42377397902868,47.64466662694088],[-3.423717852626107,47.64497676709363],[-3.423766337160671,47.64504634221267],[-3.423780981678175,47.64494619637269],[-3.423925640057443,47.64503756483708]],[[-3.424302023230346,47.64450206900731],[-3.424231318019273,47.644469841783014],[-3.424312336844742,47.644366038367544],[-3.424302023230346,47.64450206900731]],[[-3.424689736134708,47.64428202598804],[-3.424651278643926,47.6441848061637],[-3.424730928740104,47.64418041689785],[-3.424689736134708,47.64428202598804]],[[-3.42465019615443,47.6441758349898],[-3.424507703797609,47.64410240973273],[-3.424622848837816,47.644059941261645],[-3.42465019615443,47.6441758349898]],[[-3.424739076195792,47.644026443849945],[-3.424641821411297,47.64399567996272],[-3.424718223734932,47.643964377180254],[-3.424739076195792,47.644026443849945]],[[-3.423928219584989,47.644062094401164],[-3.423832334355401,47.643931915386204],[-3.423950726662944,47.643916361121995],[-3.423928219584989,47.644062094401164]]]},"properties":{}},{"type":"Feature","geometry":{"type":"Polygon","coordinates":[[[-3.483353470295539,47.633502137926484],[-3.483667949141131,47.633231764982405],[-3.483632668731286,47.63316147606879],[-3.483886248275973,47.63293964708526],[-3.483981826361898,47.63262726133685],[-3.484201049413339,47.63245249983993],[-3.484446649841339,47.63238464765093],[-3.484758442813968,47.632421489502384],[-3.484854781584461,47.63233484645411],[-3.484992955930445,47.632372315875116],[-3.484972967765649,47.63242761667508],[-3.485103495546912,47.63240229129371],[-3.485108189814073,47.632221401140505],[-3.485205457967459,47.63225211487704],[-3.485172361017079,47.6321997677249],[-3.485315066898973,47.632164733016914],[-3.485064006581106,47.632187733703184],[-3.485044948519804,47.63236039159754],[-3.484914583515804,47.63227733050599],[-3.484706613226128,47.632325027246985],[-3.484674772245545,47.63217326421256],[-3.484554239087739,47.63217093875194],[-3.483971996330624,47.63254652525566],[-3.483802415989588,47.632799807620486],[-3.48366314919616,47.63275336612176],[-3.483522624963095,47.63280634015902],[-3.483486252879554,47.63272708050646],[-3.483353470295539,47.633502137926484]]]},"properties":{}},{"type":"Feature","geometry":{"type":"Polygon","coordinates":[[[-3.429262572253332,47.6437499842588],[-3.429317030560438,47.643647641459204],[-3.429224106814968,47.64365276591279],[-3.42919350011238,47.643509959819234],[-3.429072391480342,47.64372434846507],[-3.429010626403445,47.64365550753605],[-3.429224658513182,47.6434359945659],[-3.429245260180303,47.643163932256435],[-3.429344958222384,47.64310424889971],[-3.429286443248394,47.64306232150131],[-3.429191078144501,47.643157889356225],[-3.429026365702737,47.64312181822823],[-3.428887926324772,47.643192668522765],[-3.42878958750352,47.643152936935216],[-3.428812080921808,47.64300720265097],[-3.42865603430786,47.64304290012431],[-3.428683414499182,47.642716279001824],[-3.428840543303147,47.642689552627935],[-3.42868721778603,47.642526420984815],[-3.428731121394725,47.64222598120024],[-3.428602986199676,47.642160800003644],[-3.428413894487747,47.64214413426371],[-3.428439082880919,47.64224208492434],[-3.428288731310189,47.64221425191554],[-3.427873416198827,47.642426799777596],[-3.427934899923844,47.64260402707816],[-3.427848197194495,47.6427713630612],[-3.427798626416374,47.64269281840202],[-3.427747940411968,47.6430478165592],[-3.427632800042818,47.64309028813228],[-3.427562060755397,47.64350057678878],[-3.427564819038731,47.64285923380008],[-3.42751035817576,47.64296157582493],[-3.427449678930734,47.64290170519687],[-3.427271657460335,47.64330887738091],[-3.427223449845797,47.643130917964605],[-3.427299849416908,47.64309961347999],[-3.427223729756266,47.64302253226956],[-3.427142718633916,47.64312633777625],[-3.427140832939255,47.643000009768556],[-3.427030303958756,47.642969979675314],[-3.427197460333368,47.642915610230524],[-3.427134615731255,47.64283779712432],[-3.427232429625398,47.64265178752934],[-3.427068802934023,47.642624684789546],[-3.427113238339718,47.642549988249414],[-3.426980772955613,47.642448920648334],[-3.426678706519021,47.64249266525597],[-3.426610449255733,47.64236999603331],[-3.426580089418431,47.6425613175202],[-3.42642079435048,47.64257009852606],[-3.426398056588282,47.6423817040492],[-3.426374192462618,47.6426268524718],[-3.426205953433195,47.64267224958045],[-3.426202423291494,47.642753721794485],[-3.426074289917997,47.642688537842645],[-3.426081868816798,47.64275133601512],[-3.425919325077783,47.64273320283437],[-3.425816941457445,47.642549198340085],[-3.425735928317135,47.642653002896914],[-3.425666307318652,47.64262974768108],[-3.425703399904736,47.64282638178757],[-3.425475848808082,47.64271249173336],[-3.42533740577819,47.642783337836086],[-3.425397850783162,47.642509081251085],[-3.425506212690323,47.64252117054844],[-3.425561759554299,47.64242780060801],[-3.425516522852269,47.64238513966224],[-3.425432261616926,47.642462030495814],[-3.425464790688151,47.6422886516478],[-3.425365089830297,47.64234833171892],[-3.425244820234482,47.642237559340614],[-3.425374601408645,47.64209494391369],[-3.425431746124159,47.64223628785714],[-3.425510310653355,47.642222926879775],[-3.425437726102465,47.64206437225183],[-3.425562093355448,47.64187690071741],[-3.425451619024584,47.64140435484464],[-3.424961093635504,47.64077213819718],[-3.424892557888995,47.640757853684576],[-3.424916656697786,47.64084683398781],[-3.425048031705229,47.64093893282781],[-3.424944003005897,47.64096272784077],[-3.424629809755749,47.64057365548547],[-3.424143568731414,47.64041983450419],[-3.423734589016538,47.639909551720265],[-3.422887580043134,47.639423402450895],[-3.422827703273833,47.63948088641525],[-3.420802092383117,47.63886097534749],[-3.420266322079267,47.63862859027944],[-3.419600573758427,47.638204683086585],[-3.419244452277207,47.63779984608995],[-3.418824832155599,47.636757317532016],[-3.418530766772534,47.63631293857813],[-3.417853467057699,47.63568195087022],[-3.417870282451367,47.63559974783811],[-3.417793888085842,47.635631046278576],[-3.417701575610085,47.635419389397185],[-3.417607284549413,47.635523919454016],[-3.417523921460135,47.63527564655529],[-3.417376838465059,47.63527471324871],[-3.417215701706914,47.63515715305943],[-3.417181888863008,47.634987429335084],[-3.416986039389878,47.63502530344781],[-3.417028320537524,47.63493266787346],[-3.416790791749074,47.634846404979875],[-3.416693859525097,47.63470724819411],[-3.416389968522884,47.63462463765333],[-3.416172630752911,47.63404056855421],[-3.416186205640004,47.63393145179455],[-3.416255811161052,47.633954712763995],[-3.416194678439907,47.6336690923314],[-3.41631161970628,47.63297631451941],[-3.416057715318336,47.63242135041086],[-3.416258960094076,47.63242833433544],[-3.416462542426846,47.63278739059289],[-3.416330344247026,47.63379708651826],[-3.416371116061118,47.63424638202053],[-3.416507563054174,47.63449173341327],[-3.417627459968588,47.635026114562685],[-3.418405526207005,47.6356064008135],[-3.419002599643623,47.636458542885535],[-3.419494485782522,47.63776801568426],[-3.419785322555959,47.63818547813673],[-3.420648802437718,47.63869783283233],[-3.422856992722217,47.639280594384154],[-3.423774984709205,47.639690585659174],[-3.424245207532005,47.64004396906267],[-3.424499804187222,47.64038214151311],[-3.424570789428901,47.6403059828018],[-3.424790751275485,47.64035707642924],[-3.425065690517567,47.64053157151245],[-3.425095201972887,47.64066540772198],[-3.425187038404704,47.64065131535876],[-3.425311634430743,47.640797972622515],[-3.425359318390401,47.64075019023003],[-3.425622069910796,47.64093438677163],[-3.426234476092612,47.641912085985],[-3.426154547430093,47.64202486203577],[-3.426306261846947,47.641953283208984],[-3.426206562556722,47.642012964008536],[-3.426349051671821,47.6420863872736],[-3.426387727389736,47.642065705473044],[-3.426447386710553,47.642126120937206],[-3.426738623282583,47.64199266527421],[-3.42665949729883,47.64222279857495],[-3.426763246848744,47.64230738779049],[-3.426804714738436,47.64209739211881],[-3.426880832474208,47.64217447363928],[-3.426938822718935,47.64199065960096],[-3.427240606230754,47.64205530006517],[-3.427173431103245,47.64194160230388],[-3.427327309701924,47.641887964470705],[-3.427401262079914,47.64194710334154],[-3.427338662204418,47.642203418726645],[-3.427476821681744,47.64224095597713],[-3.427496873099081,47.64218566531093],[-3.427761279670491,47.64216205657796],[-3.427540469754614,47.642436125814164],[-3.427386589789533,47.6424897639128],[-3.42735731558083,47.64269005674523],[-3.42753044402667,47.64246377114803],[-3.427726313313922,47.64242587950456],[-3.427757473115333,47.642351914600795],[-3.427845784135789,47.64241929243513],[-3.427875334944828,47.64211061370411],[-3.428034628401827,47.6421018307131],[-3.428122412486343,47.641943465685685],[-3.428615731700158,47.6419343253535],[-3.428838953578226,47.642012324758255],[-3.428893664544119,47.642244110474124],[-3.428990918587426,47.6422748708503],[-3.428827822015525,47.642473513189955],[-3.42894268368729,47.642539426158116],[-3.429097921534694,47.64238637141669],[-3.429418125249405,47.64260351562872],[-3.429067018278764,47.64279446499113],[-3.429113341378605,47.64284609569194],[-3.429009698050261,47.64297232663817],[-3.429058607316117,47.643056824142846],[-3.429209237539824,47.64297627044636],[-3.429242286268722,47.64302863314849],[-3.429449539912697,47.64286367858226],[-3.429474730546463,47.64296162898296],[-3.429508054797012,47.642905605903316],[-3.429669516972715,47.64291476295667],[-3.429648109241937,47.643069468545775],[-3.429365540167983,47.6432747004634],[-3.429440580004131,47.64334280913494],[-3.4295435280435,47.6433100390152],[-3.429552194410312,47.64338180807453],[-3.429361739241176,47.643464558428605],[-3.429309447727169,47.6435848435259],[-3.429418620529222,47.64371428598852],[-3.429262572253332,47.6437499842588]],[[-3.417997606194795,47.63554758365853],[-3.418079704807752,47.63545275536047],[-3.41797027774528,47.63543168785473],[-3.417997606194795,47.63554758365853]],[[-3.426115760815017,47.642478542457084],[-3.426198938377908,47.64239267996339],[-3.426113877574342,47.64235221439027],[-3.426115760815017,47.642478542457084]],[[-3.426739665324557,47.64244415057064],[-3.426853722186638,47.642392708701614],[-3.426702288220874,47.64235590249156],[-3.426739665324557,47.64244415057064]],[[-3.428758175887399,47.64289277384338],[-3.428813717448215,47.642799402375054],[-3.42871185309067,47.64284114300301],[-3.428758175887399,47.64289277384338]],[[-3.428930469726061,47.642991643333545],[-3.428987094280807,47.64290724292781],[-3.428877647627172,47.64288618572045],[-3.428930469726061,47.642991643333545]]]},"properties":{}},{"type":"Feature","geometry":{"type":"Polygon","coordinates":[[[-3.416094966005168,47.62994860679217],[-3.416005880440502,47.629994916759784],[-3.415964206840798,47.62987077939578],[-3.415819300196303,47.62988778676721],[-3.415790898666048,47.629762918791975],[-3.415895990342494,47.62974810311303],[-3.415962045362883,47.62985283675399],[-3.415964509544485,47.62976239298434],[-3.416160340431951,47.62972452048119],[-3.416085034229838,47.629764789218754],[-3.416161118897778,47.629841878214435],[-3.41617901583111,47.629768646497176],[-3.416311731291096,47.62976134059502],[-3.416361273156179,47.6298398906529],[-3.416360494250314,47.62972253292086],[-3.41658394859307,47.629692169814874],[-3.416625145369148,47.62959056281477],[-3.416549236676691,47.62984760468931],[-3.416463122359102,47.629798160511946],[-3.416384272002575,47.629919901901474],[-3.416282724563752,47.62985324556389],[-3.416253717736518,47.629945150521216],[-3.416425167566527,47.62992668139323],[-3.416424865797314,47.63003506779666],[-3.416486121340188,47.62987817174219],[-3.416608808006101,47.62989851006787],[-3.416818813404425,47.629534746571835],[-3.417015723759021,47.62950584394484],[-3.416980533594026,47.629435534791476],[-3.417140091330188,47.629318380157216],[-3.417104901124965,47.62924807103453],[-3.417027434495175,47.62927039776345],[-3.417091930129943,47.629140415272715],[-3.416972487703153,47.62914699139133],[-3.417010440623512,47.62901847028053],[-3.417120154512122,47.62893115229424],[-3.417258272449211,47.62896870188554],[-3.417236353635819,47.6288976620834],[-3.417427556862015,47.62893228865064],[-3.417604707378636,47.62885028787357],[-3.417683553371633,47.628728545593056],[-3.41757414025038,47.62870747764307],[-3.417762997094239,47.62839003027219],[-3.417973472503969,47.62825200874921],[-3.417899549545338,47.62819286349231],[-3.418023910953437,47.628005398636795],[-3.417978991100906,47.62785434793107],[-3.417809710482816,47.62789076198537],[-3.417920501772366,47.62781241450992],[-3.417839794527248,47.62780782785739],[-3.4178731215283,47.627751807657305],[-3.417680841257301,47.6277082104834],[-3.417764009371947,47.627622353338616],[-3.417452290783089,47.627585332596695],[-3.417657059696204,47.62751084154167],[-3.417441481369791,47.62749561941763],[-3.417522487635423,47.627391819798184],[-3.417455351661158,47.62727811558778],[-3.4171400923437,47.62732256660592],[-3.417040710636747,47.627273853482045],[-3.417053201160955,47.62715576491708],[-3.416854137826746,47.62716672499212],[-3.416915388816355,47.627009828480524],[-3.417166454052325,47.626986974205124],[-3.417389115360038,47.626839251614975],[-3.41713078511146,47.62669092051611],[-3.417424604073845,47.626801174158686],[-3.417554668067498,47.62655017968503],[-3.417478586078834,47.626473091466245],[-3.417427365352014,47.62660234362421],[-3.417339093649939,47.626534957364484],[-3.417164112159264,47.626634900486096],[-3.417144656459696,47.626473416633],[-3.416975379651688,47.626509829504066],[-3.417032005624724,47.626425434173306],[-3.416898217730413,47.626423769578246],[-3.416999279735893,47.62626468095872],[-3.416870896338793,47.62630787297136],[-3.416874740470055,47.626118013729254],[-3.417055125031478,47.626062927657],[-3.417298800519406,47.62631140497159],[-3.41744291575024,47.62617703779422],[-3.41730294309382,47.62601315909145],[-3.417442134519831,47.62605967984789],[-3.41749335469019,47.625930427647354],[-3.417431625135228,47.62586157996429],[-3.417345216553327,47.625920522971484],[-3.417242894734994,47.625736509364714],[-3.416901103252016,47.6257824211802],[-3.416962051861017,47.62573391117721],[-3.416736753843022,47.625637945759216],[-3.416862974129877,47.62557681121448],[-3.416650646142727,47.62558850161283],[-3.416652630757741,47.62527231297336],[-3.41670138936851,47.62523350506715],[-3.416792900471716,47.6253278058567],[-3.416772365591582,47.62515735049799],[-3.416905849542345,47.62526740190922],[-3.416936112207259,47.625518599224655],[-3.417040114378365,47.62549481115191],[-3.417101843004255,47.62556365905487],[-3.416970218909916,47.62557993720194],[-3.416960971037933,47.625724939846435],[-3.417047379727522,47.62566599711755],[-3.417304923860935,47.62569697051],[-3.417507523910647,47.6256045369884],[-3.417460627715513,47.62576967452109],[-3.417624197862393,47.62579679095271],[-3.417579463722589,47.62597987116377],[-3.417748439378706,47.62605184403667],[-3.417556231040924,47.62678489550982],[-3.41764990823799,47.62689713819242],[-3.417611359678177,47.62724243278265],[-3.417764607443643,47.627405580249125],[-3.417610760985974,47.627459205889565],[-3.417810906256182,47.62745721584167],[-3.41775428042009,47.62754161150519],[-3.417895638260446,47.627606074314166],[-3.41802078083597,47.627535967266454],[-3.418032672272557,47.627634651702124],[-3.418154273308673,47.627646017116156],[-3.418183946825244,47.628113986837135],[-3.417872594206859,47.6287452288146],[-3.41734270541072,47.62922594709398],[-3.417417710154815,47.62929406398187],[-3.417329915114398,47.62945242200225],[-3.417148438451056,47.629498537091074],[-3.41727406731124,47.62965417508296],[-3.416990741389653,47.62974202077211],[-3.416880724779637,47.62993772501037],[-3.416702789880663,47.62990236692461],[-3.416677026334894,47.63002118592481],[-3.416807580586685,47.62999593683297],[-3.416827337503693,47.63004903405136],[-3.416740921475675,47.630107976484304],[-3.416822712992757,47.63012153520243],[-3.416808059487375,47.63022168093945],[-3.41667210035408,47.630202073465725],[-3.416750348252643,47.63029710468491],[-3.416557758228528,47.63036189210549],[-3.416633844430327,47.630438980769505],[-3.41637753384114,47.63075110771003],[-3.415756566575179,47.631363261444164],[-3.415632796153776,47.63133395092163],[-3.415548234569158,47.63151922138513],[-3.415466744957789,47.63139727546575],[-3.416280308065074,47.63072033665154],[-3.416216412940221,47.63063354586754],[-3.416327212261527,47.630555200014165],[-3.416226744481275,47.630497514964354],[-3.416442938057048,47.63029596654714],[-3.416338926264958,47.63031975402927],[-3.416319169733603,47.630266656735714],[-3.416498488052532,47.630202600324864],[-3.416204350061669,47.63020073093959],[-3.416094966005168,47.62994860679217]],[[-3.416098473082154,47.62994678368095],[-3.416288907280114,47.63001545987503],[-3.416219609067958,47.62988381247266],[-3.416098473082154,47.62994678368095]],[[-3.416426901195782,47.63049552729105],[-3.416560221424228,47.630271448347045],[-3.416499568888551,47.630211571639215],[-3.416426901195782,47.63049552729105]],[[-3.417235753402112,47.62911443500345],[-3.417288057947368,47.62899415440953],[-3.417194077629596,47.62899029802186],[-3.417151801476636,47.629082933940595],[-3.417235753402112,47.62911443500345]],[[-3.416821301986124,47.62545267387366],[-3.416891197525414,47.62536754790717],[-3.416763896981898,47.62541971115501],[-3.416821301986124,47.62545267387366]],[[-3.417357050669197,47.62723837405117],[-3.417452708184622,47.62703442850108],[-3.417376625653008,47.62695734023512],[-3.41728589162199,47.62698039788085],[-3.417286672522367,47.62709775577259],[-3.417253645384927,47.62704538925767],[-3.41711307032335,47.627098283546005],[-3.417357050669197,47.62723837405117]]]},"properties":{}},{"type":"Feature","geometry":{"type":"Polygon","coordinates":[[[-3.438800895042462,47.62526994528731],[-3.438804404799756,47.62518847195691],[-3.438921666670103,47.62516393124167],[-3.43887318044203,47.62509436169667],[-3.438991526586063,47.625078792040775],[-3.438920009802453,47.62492921551552],[-3.439009390601989,47.62500555664898],[-3.439122569503238,47.62483674446836],[-3.439439964986637,47.62481017631773],[-3.439675825525517,47.624661677855414],[-3.439430458791921,47.62462104942135],[-3.439439135417035,47.62469281844053],[-3.439327552864657,47.62465382856895],[-3.43932729762595,47.624762215321404],[-3.439220053183791,47.62475910986047],[-3.439276642129548,47.62467470367294],[-3.439167228799203,47.62465365590567],[-3.438948146389026,47.62471994681693],[-3.439314793433841,47.62443778825987],[-3.43926413826579,47.62435027659137],[-3.439647304715931,47.624094297123015],[-3.439620189769335,47.623870018906445],[-3.439498592768845,47.62385867581775],[-3.439544334533545,47.623684558150096],[-3.439307648680692,47.62371569848439],[-3.439230454799122,47.62362965319122],[-3.439519134520166,47.62358660894497],[-3.439545928690952,47.6234767556499],[-3.43937450758234,47.623495258773865],[-3.43947224338533,47.623309237074466],[-3.439115047939551,47.623338004912945],[-3.439218206914582,47.62319683909699],[-3.439057887225156,47.6231966662835],[-3.438981778967279,47.62311959194101],[-3.438991539219028,47.623200332187174],[-3.43883230396714,47.623209130202234],[-3.438804424017158,47.62331001220928],[-3.438680659617965,47.62328072598664],[-3.438477848098634,47.623481583163404],[-3.438485438861672,47.623544381154076],[-3.438646844016611,47.62355352589314],[-3.438581323203056,47.62367454951447],[-3.438675039145751,47.62378677551064],[-3.438766842954515,47.62377267235051],[-3.438770668019491,47.6240253304915],[-3.438608176990619,47.62400721478773],[-3.438552101315393,47.62387484709804],[-3.438402109252081,47.62418115834628],[-3.438307308814092,47.624059961013316],[-3.43821550438987,47.62407406381014],[-3.438289701494337,47.62402480954809],[-3.438185711659932,47.6240486165589],[-3.438266672356387,47.623944802372584],[-3.438000192017673,47.623950492813734],[-3.437901623732014,47.62401915529121],[-3.438008092868488,47.62434742230008],[-3.438135112433859,47.62440362264148],[-3.438063909888178,47.62458817697819],[-3.438218039420245,47.624868655710934],[-3.438163359732639,47.62507939038499],[-3.438286043623914,47.62509970599269],[-3.438178798564321,47.62509659957624],[-3.438114359163304,47.62522659397603],[-3.438281191321149,47.625280594896786],[-3.438612116673859,47.62514490918277],[-3.438539002748527,47.62520313475451],[-3.438647332500073,47.62521521197222],[-3.438778120957513,47.62508155153639],[-3.438800895042462,47.62526994528731]],[[-3.438542769734987,47.62501327469849],[-3.438425765092408,47.62492942830011],[-3.438574988824346,47.624948277378806],[-3.438542769734987,47.62501327469849]],[[-3.4387729549461,47.624928309142135],[-3.438662456841128,47.62489828977234],[-3.438663797881641,47.62479887416284],[-3.438869354815265,47.62484170369794],[-3.4387729549461,47.624928309142135]],[[-3.438741248970313,47.62477653303444],[-3.438681662253505,47.624725638810624],[-3.438826547595332,47.62470860303353],[-3.438741248970313,47.62477653303444]],[[-3.438791331867302,47.624638300279834],[-3.438679749902033,47.62459930978829],[-3.438822465954166,47.62456433174557],[-3.438791331867302,47.624638300279834]],[[-3.438604981330946,47.62442281962695],[-3.438476306333227,47.6241319039684],[-3.438653408580795,47.62404987106952],[-3.438809708588835,47.62434829137136],[-3.438604981330946,47.62442281962695]],[[-3.439207805124449,47.62432629601647],[-3.439060751924088,47.62432539000512],[-3.439183689952841,47.62423731790276],[-3.438921802245815,47.62417050819279],[-3.438895518669646,47.62406358774271],[-3.438848946200719,47.62412034720637],[-3.438803970693075,47.623969304212395],[-3.439168188759988,47.62377759053725],[-3.439350201115606,47.6239571858378],[-3.439253548238289,47.62415217850455],[-3.439368638513281,47.624109695064355],[-3.439429309764645,47.62416956008355],[-3.439207805124449,47.62432629601647]],[[-3.439219098681944,47.62375671547091],[-3.439212591546899,47.623702888668646],[-3.439308733218523,47.62372466961728],[-3.439219098681944,47.62375671547091]],[[-3.439044423077195,47.62374830470712],[-3.438951790901724,47.623645050141704],[-3.439040085103806,47.62371242016585],[-3.43904250990228,47.62362197562723],[-3.43914732743275,47.62371552579372],[-3.439044423077195,47.62374830470712]],[[-3.43910885842895,47.62361830969539],[-3.439025986730573,47.623595795401044],[-3.439071474059267,47.62353006471555],[-3.43910885842895,47.62361830969539]],[[-3.438781709836678,47.62356413671811],[-3.438669045697186,47.6235161750561],[-3.438839382662948,47.62348870182943],[-3.438781709836678,47.62356413671811]],[[-3.438877022767778,47.62346856006791],[-3.438843976697857,47.6234161995619],[-3.438986689479455,47.62338122129723],[-3.438877022767778,47.62346856006791]]]},"properties":{}},{"type":"Feature","geometry":{"type":"MultiPolygon","coordinates":[[[[-3.449209786127443,47.62330360222653],[-3.448997596720135,47.62286497596943],[-3.449129789006631,47.62297387660105],[-3.449107214824085,47.62267709776017],[-3.449210346098689,47.62253592307201],[-3.449344125245887,47.622537550659715],[-3.449366935532864,47.62272594259513],[-3.449376094863605,47.62258093717349],[-3.44948791502125,47.6225115305935],[-3.449731725236503,47.6227599406794],[-3.449535795507407,47.62235535098296],[-3.449600203630248,47.622225350091426],[-3.44977270338106,47.622215802990105],[-3.449902989124744,47.622298903721585],[-3.449884907166296,47.622480527782365],[-3.449713492841567,47.62249904608997],[-3.449885292079153,47.62281465949001],[-3.449891809867053,47.62286848572172],[-3.449808934785836,47.62284597906977],[-3.449852620327581,47.62309643374092],[-3.449787359474159,47.62310907681521],[-3.449741501681004,47.622840680041406],[-3.449698200612511,47.622924356985216],[-3.449677327376646,47.62286229409579],[-3.449566827417267,47.622832285010375],[-3.449562247995593,47.62290478772076],[-3.449433047524685,47.622830657678],[-3.449544164672649,47.62308641167226],[-3.449368638264481,47.6229606584369],[-3.449310745926298,47.62314448540813],[-3.449357776152365,47.622870948005286],[-3.44928491207561,47.62282079349549],[-3.449209786127443,47.62330360222653]]],[[[-3.4489963239213,47.62286234488656],[-3.448924702524351,47.62271429132715],[-3.449004318586563,47.622709885465945],[-3.4489963239213,47.62286234488656]]]]},"properties":{}},{"type":"Feature","geometry":{"type":"Polygon","coordinates":[[[-3.450181949992051,47.62316851779008],[-3.450258773601861,47.622920424233875],[-3.450380137960723,47.623040142997176],[-3.450428016310726,47.62288396306331],[-3.450573514524165,47.623092657475546],[-3.450574833337685,47.622993241638135],[-3.450644439574346,47.623016482246626],[-3.450535722583992,47.622670284469464],[-3.450651887106554,47.6226367609127],[-3.450571417280802,47.62252380996936],[-3.450643427995043,47.62245660575285],[-3.450527961322107,47.622164968578915],[-3.450462857674452,47.62262013068939],[-3.450570720077879,47.622848970635076],[-3.450448036685564,47.62282866790755],[-3.4504450101694,47.622693367921954],[-3.450293848789487,47.622548205022696],[-3.450357168930895,47.6224092326898],[-3.450266922917431,47.62221554219041],[-3.450056087926539,47.62257039612004],[-3.450152851819854,47.62281791296558],[-3.449906165538167,47.622876722343804],[-3.449849595305295,47.622961133758515],[-3.449927039045716,47.62293878519186],[-3.449900266507345,47.62304864089788],[-3.450181949992051,47.62316851779008]]]},"properties":{}},{"type":"Feature","geometry":{"type":"MultiPolygon","coordinates":[[[[-3.45311304914182,47.622356546257755],[-3.453276168025288,47.6223560000374],[-3.453284862895966,47.62242776811049],[-3.453115623584654,47.62246423342927],[-3.453146736555687,47.622390260995296],[-3.45311304914182,47.622356546257755]]],[[[-3.453097875087372,47.62234135987841],[-3.452873113486085,47.62211641446163],[-3.452613392534934,47.622067577408174],[-3.45259554816487,47.62214081499014],[-3.452581420593687,47.62202419176913],[-3.452468747308025,47.62197624338126],[-3.452455021049392,47.62219375194061],[-3.452569639913079,47.62236802928244],[-3.452451532321963,47.62227522580538],[-3.452510444044545,47.622651273777926],[-3.4523603638741,47.62251508456588],[-3.452381011367631,47.62268553388206],[-3.452272683644045,47.62267346938642],[-3.452186776941343,47.62251566446886],[-3.452096065503418,47.622538749205525],[-3.451883359916989,47.622216371923024],[-3.451746091691879,47.62229622108632],[-3.451762390718503,47.622430786438336],[-3.451599043872582,47.62229533086008],[-3.45152067988006,47.62275122813842],[-3.451391477061339,47.62267710025625],[-3.451198494331742,47.62295871879947],[-3.451006204125795,47.622915176380154],[-3.450892907403825,47.62264148169406],[-3.450784580105949,47.622629415817926],[-3.450826329018612,47.622753541210166],[-3.450758895929561,47.62274824276894],[-3.450674312197171,47.62249102087986],[-3.450740890574082,47.62237896143532],[-3.450926196491616,47.62258545191937],[-3.450987110526716,47.62253692408654],[-3.451020167962163,47.62258928117987],[-3.451070217011853,47.6224510430064],[-3.451168534276973,47.622490756265016],[-3.451201822981493,47.622434726407434],[-3.451241399672896,47.622540909608176],[-3.451451534834863,47.62251121426089],[-3.45149443783598,47.62209340488061],[-3.451662360316348,47.62215635780153],[-3.451868377030564,47.62198239066945],[-3.451977560349865,47.6221118134938],[-3.452012164080233,47.62195636748813],[-3.452116542545669,47.62226667993612],[-3.452170935121948,47.62216432535241],[-3.452266850352562,47.62229448256813],[-3.452209885007786,47.62204476337684],[-3.452351269885052,47.62210918466412],[-3.452234707962452,47.6218085781051],[-3.452375463016,47.62164725446227],[-3.452625172867445,47.62172373983739],[-3.45263689877271,47.621930807973435],[-3.45272000166025,47.621844925692685],[-3.452803735318215,47.62198478824159],[-3.452776338252037,47.62186889978077],[-3.45285377918273,47.62184654926097],[-3.453064315519796,47.62215098281294],[-3.452994077511134,47.6219019987613],[-3.453336673148822,47.621973339190255],[-3.453335359503713,47.62207275511087],[-3.453129801629477,47.62202995097428],[-3.453202668238963,47.622080103105716],[-3.453109784331906,47.62208524661238],[-3.453168067894903,47.622235549454196],[-3.45305865408843,47.62221451467376],[-3.453097875087372,47.62234135987841]]]]},"properties":{}},{"type":"Feature","geometry":{"type":"Polygon","coordinates":[[[-3.444210278294888,47.624158158834994],[-3.444202926046827,47.62398697443627],[-3.444267944091735,47.62408272128898],[-3.444358661537981,47.62405964265061],[-3.444252258353906,47.62417389968949],[-3.444346232141578,47.62417773431657],[-3.444426095648121,47.62406494478346],[-3.444508970352105,47.624087455240776],[-3.444749046875284,47.62353231246139],[-3.444659904740649,47.623347588825865],[-3.444744108108428,47.62327068336846],[-3.444719143034308,47.623064348412036],[-3.444777648207851,47.623106268514206],[-3.444809017207832,47.622923911465634],[-3.444932784141395,47.62295319119959],[-3.444841227406694,47.62285891234781],[-3.445065722293577,47.62283746573767],[-3.445082846594188,47.623089389924694],[-3.445214699244987,47.6229646932186],[-3.445182976121091,47.62281291870683],[-3.445340524120382,47.62256939611277],[-3.445247881813142,47.622466146478565],[-3.445142812625004,47.62248098861909],[-3.445137628595233,47.62232774630196],[-3.445232927939373,47.6222321644046],[-3.445326655332726,47.62234438514643],[-3.445347766312761,47.62229806193327],[-3.445097709256546,47.621887429197024],[-3.445030876001208,47.62210787236521],[-3.444968029901634,47.62203006801637],[-3.444745220753292,47.62228623043771],[-3.444640151779508,47.62230107212741],[-3.444595024155213,47.62270093676687],[-3.44449212510061,47.62273372049695],[-3.444576083169327,47.62276520201121],[-3.44448970957532,47.622824165189776],[-3.444595375960211,47.62303506845335],[-3.444496924304023,47.62354625497761],[-3.444395108949609,47.623588009693314],[-3.444311639920643,47.6233397543956],[-3.444152405130021,47.62334855966316],[-3.444108009550392,47.62342326342318],[-3.443969887082896,47.62338574547455],[-3.443948180867192,47.623206323641575],[-3.443816570778868,47.623222632060546],[-3.443737792519049,47.62334439231922],[-3.443871819530657,47.62323763933347],[-3.443842371666603,47.623546325115115],[-3.443689894183249,47.62350056947305],[-3.443694727997007,47.62331968017913],[-3.443558776574455,47.62330010393055],[-3.443519214601508,47.623193918168425],[-3.443528636597451,47.62294052638366],[-3.44341222000422,47.623082429705136],[-3.443365997306806,47.62347332261325],[-3.443505204815364,47.623519812369196],[-3.443468404828462,47.623657313539674],[-3.443652108873354,47.6240716179403],[-3.443804834100521,47.62400898682024],[-3.443920513943437,47.62419224357538],[-3.444210278294888,47.624158158834994]]]},"properties":{}},{"type":"Feature","geometry":{"type":"Polygon","coordinates":[[[-3.455701783614523,47.622971243694465],[-3.455710925780252,47.62282623779477],[-3.45592083803905,47.62290492130024],[-3.456144462401993,47.62276609552243],[-3.456008950546821,47.62252975995636],[-3.456174705024587,47.622574764409656],[-3.45601917912151,47.622393724983375],[-3.456171018724071,47.6222137197337],[-3.45625127906287,47.62243505375333],[-3.45628717871412,47.62218019056431],[-3.456367880745066,47.62218475066451],[-3.456320682577832,47.62201577230495],[-3.456477736607602,47.621989008479524],[-3.456307634259469,47.62190812051039],[-3.456336567761365,47.62181620523846],[-3.456474694857336,47.62185370859225],[-3.456464041461858,47.62165561181647],[-3.456417489773655,47.621712378354275],[-3.456290898935927,47.62143942389271],[-3.456546270638106,47.62145236885217],[-3.456375523759277,47.621145736016445],[-3.45627154760092,47.621169559164294],[-3.456340712578307,47.62140957035319],[-3.456205848714539,47.621398979792076],[-3.45625737842757,47.622154747898655],[-3.456197556964632,47.62221224947244],[-3.455988955729009,47.62203415048899],[-3.456050730576227,47.622102977921976],[-3.45595545083209,47.62219856865165],[-3.455966766783186,47.62207150464585],[-3.455902595924083,47.622093122129215],[-3.455853647011272,47.622240333384504],[-3.456051375351123,47.62232872275696],[-3.455967189759083,47.62240563640267],[-3.455865607203008,47.62233901422612],[-3.455858640128769,47.6225019621436],[-3.455678529692479,47.62244872132749],[-3.45580729437284,47.62273961827944],[-3.455628048311523,47.62280373527146],[-3.455351790587031,47.62272872643382],[-3.455197995381968,47.62278240170372],[-3.455031600612638,47.62251165107589],[-3.454938716130968,47.62251679603591],[-3.454933920489418,47.622697685868],[-3.455110769501931,47.62272401485406],[-3.45519777237423,47.62289078859295],[-3.455309585611646,47.62282137645051],[-3.455404422447978,47.62294256005782],[-3.455518410014538,47.62289108969152],[-3.455701783614523,47.622971243694465]],[[-3.455906924569216,47.62267991163106],[-3.455836450897319,47.622539316266725],[-3.455924986107164,47.62249828665709],[-3.455906924569216,47.62267991163106]]]},"properties":{}},{"type":"Feature","geometry":{"type":"Polygon","coordinates":[[[-3.459577461359288,47.621663697083086],[-3.459654025185654,47.6215239841306],[-3.459783236685775,47.62159810291597],[-3.459786714179741,47.62151662880423],[-3.459951380733458,47.621552656968674],[-3.459981395735057,47.62146971172841],[-3.460202614685241,47.62142132315504],[-3.460069925985337,47.62142867895427],[-3.460007058768566,47.62135088267209],[-3.460122126485198,47.6213083787223],[-3.459990526019402,47.621324705382115],[-3.459953108740487,47.62123646698515],[-3.460042726596518,47.62120440517923],[-3.459953322086794,47.62112807999497],[-3.459987901956099,47.62097263154854],[-3.460168224618983,47.620917478757114],[-3.460088825221899,47.62081350522451],[-3.459960489814403,47.62085674471321],[-3.459953087517826,47.62068556101908],[-3.459788209958272,47.6207579198575],[-3.459916118428232,47.62093145457613],[-3.459758855493503,47.62106661003897],[-3.459687072015939,47.62102543292776],[-3.459693599467946,47.621079258661524],[-3.459521105165014,47.621088820420994],[-3.45961377268536,47.621192058804986],[-3.45948543598309,47.621235297763285],[-3.45950740786785,47.62130632990742],[-3.459321643943788,47.62131662687897],[-3.45934687921745,47.62141457192267],[-3.459215493097865,47.62132251073004],[-3.459074974701182,47.621375455667696],[-3.458981220110444,47.62126324590469],[-3.458919227011229,47.621302806976686],[-3.459016244949493,47.621441929667725],[-3.459162202713292,47.62143383959714],[-3.459242689071637,47.621546784684135],[-3.459577461359288,47.621663697083086]],[[-3.459729714490109,47.62126691318209],[-3.459627041504469,47.62119132328358],[-3.459705566497479,47.62117793916861],[-3.459729714490109,47.62126691318209]]]},"properties":{}},{"type":"Feature","geometry":{"type":"Polygon","coordinates":[[[-3.460688757701333,47.62102408968886],[-3.460764017917458,47.620983792021306],[-3.460707890486205,47.62085143476843],[-3.460832749429449,47.62088966863096],[-3.460756824740061,47.62070422137403],[-3.460864485274034,47.62049053301794],[-3.460954101330557,47.620458470500395],[-3.461004788358383,47.62054597293372],[-3.460951925113437,47.620440528607126],[-3.461083523105676,47.620424200856604],[-3.461360654649339,47.620616554195294],[-3.461440476880407,47.62050375282456],[-3.46117075176007,47.620482583314434],[-3.461025430401505,47.62016551478017],[-3.460823591301592,47.62048376905253],[-3.460722006342185,47.62041715103424],[-3.460554954568781,47.62047156906776],[-3.460528629488795,47.62036465328674],[-3.46066696766795,47.62029376467275],[-3.460531017730609,47.62027420814988],[-3.460431821937877,47.62011714472785],[-3.460259993422772,47.62035245262279],[-3.460370281762706,47.620490838661794],[-3.460278489307803,47.620504958825585],[-3.460288281289718,47.62058569739754],[-3.460228678711539,47.62053481405846],[-3.460087075427093,47.620578789282426],[-3.460074468534691,47.62080526984538],[-3.460176266316807,47.62076350140272],[-3.460264582533889,47.620830855479305],[-3.460200202062903,47.62096086234375],[-3.460313092763947,47.6209004162942],[-3.460413590104198,47.62095806370233],[-3.460332226719418,47.62072776142435],[-3.460348971992382,47.62064555165624],[-3.460468390037567,47.62063893115574],[-3.460694621766463,47.62085217041276],[-3.460688757701333,47.62102408968886]],[[-3.460672860372651,47.6206727514586],[-3.460573451337678,47.620624075214536],[-3.46060911712603,47.620477597494045],[-3.460694169215213,47.62051803840722],[-3.460672860372651,47.6206727514586]],[[-3.460785749929299,47.62061230494325],[-3.460711790129543,47.62055318655686],[-3.460810322674826,47.620484504710134],[-3.460785749929299,47.62061230494325]]]},"properties":{}},{"type":"Feature","geometry":{"type":"Polygon","coordinates":[[[-3.445668885039407,47.62208161626043],[-3.445617863491259,47.62165997537996],[-3.445822210886655,47.621251302795145],[-3.446043683348318,47.621094554071256],[-3.445926675514104,47.62101071501845],[-3.445904238084616,47.62115645425022],[-3.44583572191898,47.621142181878746],[-3.445783372273441,47.62081995676699],[-3.44564609851557,47.620899798818016],[-3.445663467291351,47.62104333620359],[-3.445739824438263,47.62101201930505],[-3.445660811463728,47.621242167961114],[-3.445624503475075,47.62116289605703],[-3.445547060509807,47.62118524179116],[-3.445615692379429,47.621642033212325],[-3.445498083874473,47.621332448773764],[-3.44532908575533,47.621260515875385],[-3.44518396851482,47.6213859467017],[-3.445228716654406,47.62164537437759],[-3.445060803368525,47.62158241219031],[-3.445125333117722,47.6218949325389],[-3.445175396780634,47.621756696842574],[-3.445253683034468,47.621851709375456],[-3.44527937903315,47.62173288358066],[-3.445361164961581,47.62174642237375],[-3.445379262061663,47.621564798945144],[-3.445546090124166,47.621618789590535],[-3.445668885039407,47.62208161626043]]]},"properties":{}},{"type":"Feature","geometry":{"type":"Polygon","coordinates":[[[-3.435199347241976,47.62266022244972],[-3.434984603249986,47.62276239069645],[-3.434813156670675,47.62233836850418],[-3.434522023738559,47.62202932695015],[-3.434508224345457,47.622246833388765],[-3.434343838174991,47.62210238248326],[-3.4343576606083,47.622327394779546],[-3.434281825846778,47.62214193045883],[-3.434217380523036,47.62227192290594],[-3.434032691992687,47.62229115083541],[-3.433933570418189,47.62213406507849],[-3.433710157584666,47.62216446149097],[-3.433695271281425,47.62237299662738],[-3.433617004835253,47.62227797637341],[-3.43355390822228,47.62230855276671],[-3.433563393186175,47.62249768036564],[-3.433436382968733,47.622441474997565],[-3.433510582213359,47.622392223730245],[-3.43344450199798,47.62228749961308],[-3.433369768191608,47.62255352457147],[-3.433186161867483,47.62258172235283],[-3.433005258390759,47.62241108851762],[-3.433121701181946,47.62226919552153],[-3.432981690644374,47.622105335281574],[-3.433133071495166,47.62214213373798],[-3.433175314419333,47.622049491706264],[-3.433068611651217,47.621829606806834],[-3.432864154385503,47.62179573819845],[-3.432934298367643,47.6220447343614],[-3.432815410664962,47.62183455291955],[-3.432787520062794,47.621935433561255],[-3.432685152656449,47.62175143310885],[-3.432533773222287,47.62171463406451],[-3.432533235185402,47.62193140786032],[-3.432422201938452,47.62167563753651],[-3.43228734215369,47.62166501935797],[-3.432241578450665,47.62183913436347],[-3.432183084510302,47.621797207955034],[-3.432112408409663,47.62220750388079],[-3.432017082613081,47.62186055633489],[-3.431804502230086,47.621980661193675],[-3.431393422062938,47.621894976768374],[-3.431150780085665,47.622098018299866],[-3.431019440915848,47.6220059254262],[-3.430930887385574,47.62204693616484],[-3.430946050766113,47.62217253321662],[-3.431099868590826,47.62211888986709],[-3.431028916847076,47.62219505326028],[-3.430830957965373,47.62221500839949],[-3.430823376395541,47.62215220986876],[-3.430611875212634,47.62228128375709],[-3.430397397323977,47.62227505672409],[-3.430417711533303,47.62211137811238],[-3.430263083688321,47.622047662462606],[-3.430093829863938,47.62208409442777],[-3.430096804766936,47.62221939497855],[-3.429891264969752,47.622176549947184],[-3.429826592788036,47.62218788317037],[-3.429889373510991,47.62205022061623],[-3.430023150848025,47.62205187033485],[-3.430072170813729,47.621904669898804],[-3.430167222551753,47.62191748716531],[-3.430127140432464,47.62202807056715],[-3.430461315388354,47.621919321399474],[-3.430452651283501,47.62184755161152],[-3.430332143829515,47.62184517019178],[-3.430312650044156,47.62168368813659],[-3.430166687235173,47.621691742151896],[-3.430147729238847,47.621756005088585],[-3.429913486634118,47.621696681973766],[-3.429944082756701,47.62183948948865],[-3.429809497599941,47.6217204815553],[-3.429749098797234,47.62199474336802],[-3.429825558550024,47.62218806441104],[-3.429590398499806,47.62222927376769],[-3.429852020419546,47.62151945380013],[-3.430107386079468,47.62153245656787],[-3.430139613338052,47.621467461459176],[-3.429991759417947,47.621349185884334],[-3.429950594442471,47.621450798028036],[-3.429853377782111,47.6214200381198],[-3.429852569339382,47.621302679970945],[-3.429926770307413,47.62125343095164],[-3.429977407230544,47.62134094680834],[-3.43004402761465,47.6212288990996],[-3.430557195435116,47.621164458764774],[-3.430754877897562,47.621252891007344],[-3.431020262447304,47.62123824586761],[-3.431120728785486,47.62129591846779],[-3.43093143792274,47.62138764354447],[-3.430449412238469,47.62137811909326],[-3.430432620693975,47.62146032453762],[-3.430604038366549,47.621441834518244],[-3.430585080985431,47.621506097534194],[-3.430737541538326,47.62155187033065],[-3.430628948126604,47.62164817266041],[-3.430769495443287,47.62159526195824],[-3.431054649643841,47.62163371182904],[-3.431103122539829,47.62170328474308],[-3.430958242890376,47.62172031096582],[-3.431110704374978,47.62176608327013],[-3.431280228059633,47.62162126292216],[-3.431246107444953,47.62155992899967],[-3.431379883595286,47.6215615771647],[-3.431321119157398,47.62162803722768],[-3.431478996592602,47.621718665134985],[-3.43151907567933,47.62160808125168],[-3.431616022761599,47.62174722667346],[-3.431832665155087,47.6217713938929],[-3.431880326283244,47.62172360836969],[-3.431769838687675,47.621693582429856],[-3.4318551412572,47.62162565741279],[-3.432165751734147,47.62165366862236],[-3.432157894720466,47.62125673819254],[-3.432435464777219,47.621232386224484],[-3.432421657088963,47.62144989250547],[-3.432503439322017,47.62146344030412],[-3.432500458361792,47.62132813976219],[-3.432674856287308,47.621444947245436],[-3.432614464558702,47.62127669170856],[-3.432695969255771,47.62095610735548],[-3.432911525520476,47.620971301376635],[-3.432837059299971,47.62112893923955],[-3.432909637362194,47.62128749098454],[-3.432807548794352,47.62143762257031],[-3.432722516370177,47.62139716137052],[-3.432721164351153,47.6214965770853],[-3.432843569550197,47.62162528535933],[-3.432913434528659,47.62154014963924],[-3.433064813729755,47.62157694819476],[-3.432993865509617,47.62165311280282],[-3.43315201362092,47.62163535154101],[-3.433178832550338,47.62196801841027],[-3.433338332416698,47.62185084120211],[-3.433526003253803,47.62196691484713],[-3.433530871367696,47.62178602583283],[-3.433333717119136,47.62148082448763],[-3.433448806345742,47.62143834682249],[-3.433460457807956,47.62164541690804],[-3.433893743634537,47.62169374410475],[-3.433814394259403,47.62158975275695],[-3.434029953400883,47.621604944708935],[-3.433924331586882,47.62139403173375],[-3.434066490384292,47.621133314384075],[-3.434147741074306,47.62136363489955],[-3.434228439976621,47.62136821029926],[-3.434224657903898,47.6215580705715],[-3.434356001500964,47.62165015986188],[-3.434337291679175,47.621163517673295],[-3.43441717182198,47.62105073481025],[-3.434625432474048,47.621337259338176],[-3.434545287410377,47.62155842924731],[-3.434653344149149,47.6216788971055],[-3.434480843432545,47.62168842187874],[-3.434623289679123,47.62176183582344],[-3.434552343436757,47.62183800137097],[-3.434379023788216,47.6217301679027],[-3.434387162642714,47.62201871119819],[-3.434231181107605,47.622054416504504],[-3.434817465471692,47.62193173450688],[-3.434743268072788,47.621980986616094],[-3.434805015464974,47.62204982528575],[-3.434862692274434,47.62197439230211],[-3.435041696558173,47.62201869404925],[-3.434939612587951,47.62216882744224],[-3.434994593729818,47.62229222580272],[-3.435054702019964,47.62212634820963],[-3.435198234040489,47.62220873261595],[-3.435183324285598,47.621974749226254],[-3.435312766272834,47.62194050816885],[-3.435349586082069,47.62180300944747],[-3.435529936995037,47.62174789472295],[-3.435685654147727,47.62182057458474],[-3.435658294326188,47.62170468210139],[-3.435987858238769,47.62166841931313],[-3.435942630796176,47.62162576194692],[-3.436141931235838,47.621506382389065],[-3.436016004600615,47.62145915097035],[-3.436197437631967,47.62141300637948],[-3.436214220284657,47.621330800104495],[-3.436427349941844,47.621436432219326],[-3.436540268560251,47.621376009166056],[-3.43643684493046,47.62162555966949],[-3.436234292761913,47.62171802621153],[-3.436292789797071,47.621759950592654],[-3.436458786307553,47.62169659613245],[-3.436403280073691,47.62178997225266],[-3.436653489012144,47.62164971794817],[-3.436571705440667,47.62163617305686],[-3.436655917760242,47.62155927336332],[-3.436730936373318,47.62162737811669],[-3.436912629484859,47.621472845494864],[-3.437046405591562,47.62147448716945],[-3.43703829707464,47.62162846286846],[-3.437014186737637,47.6215394841835],[-3.436808383669676,47.62160503823358],[-3.436571444621269,47.621744559971305],[-3.436532459931282,47.62186411674767],[-3.436486147862708,47.62181248842876],[-3.435981128463216,47.62216549795551],[-3.436078873655943,47.621979478968754],[-3.435991408002328,47.62202946471543],[-3.43601170496698,47.62186578511052],[-3.435862490756416,47.62184693272713],[-3.435897438596914,47.62202562336204],[-3.435754989894318,47.621952210981284],[-3.43565859019055,47.622038813983636],[-3.435808626411199,47.62217502468746],[-3.435669987702556,47.62235427066331],[-3.435536209433568,47.622352627412894],[-3.435443586465368,47.622249369991174],[-3.435560843424713,47.622224832612964],[-3.435531315926125,47.622090997773604],[-3.4354858254648,47.622156727128925],[-3.435388604329801,47.62212597183935],[-3.43522017400911,47.62227976929033],[-3.435257844496787,47.622702147328894],[-3.435199347241976,47.62266022244972]],[[-3.430313197095284,47.62146691432352],[-3.430336760198653,47.62133014934023],[-3.430176172342805,47.62143835125241],[-3.430313197095284,47.62146691432352]],[[-3.430812818125566,47.621954110794],[-3.43061107373773,47.621721406896405],[-3.430624615980589,47.621612287768066],[-3.430484341653489,47.62155681139047],[-3.430441011443766,47.62164048124755],[-3.430489756713429,47.621601667513545],[-3.430673625754546,47.62190760587358],[-3.430812818125566,47.621954110794]],[[-3.432348272079725,47.62161650122454],[-3.432378330002336,47.621533563085876],[-3.432199329555548,47.621489257245734],[-3.432348272079725,47.62161650122454]],[[-3.433667898807311,47.621814584962976],[-3.433670332621039,47.62172414044792],[-3.433582865130645,47.621774124397405],[-3.433667898807311,47.621814584962976]],[[-3.433891595006108,47.62211832049886],[-3.433794374859516,47.62208756388163],[-3.433793557743074,47.6219702058004],[-3.433635408853245,47.62198796792789],[-3.433730195005261,47.62210916918169],[-3.433891595006108,47.62211832049886]],[[-3.434020220555287,47.62196672279577],[-3.434051359694715,47.62189275543186],[-3.433969576411175,47.62187920872012],[-3.434020220555287,47.62196672279577]],[[-3.434120425707657,47.62213277968104],[-3.434203558695357,47.62204691058664],[-3.434087385129975,47.62208041779337],[-3.434120425707657,47.62213277968104]],[[-3.434849713723345,47.62230925684756],[-3.434881935677114,47.62224426045633],[-3.434704279115925,47.62210054276768],[-3.43470401450284,47.6222089296521],[-3.434849713723345,47.62230925684756]],[[-3.435159007583665,47.622497829355424],[-3.435102652967778,47.622412693199806],[-3.435106724391661,47.62255696477718],[-3.435159007583665,47.622497829355424]],[[-3.435708974682007,47.622234714204936],[-3.435683782390057,47.62213676409947],[-3.435623938789235,47.62219425513413],[-3.435708974682007,47.622234714204936]],[[-3.436235937721734,47.62195274236303],[-3.436216164497657,47.62189964820762],[-3.436112177878234,47.62192345339828],[-3.436235937721734,47.62195274236303]],[[-3.436121111339379,47.6218868358639],[-3.436229695328945,47.621790528439625],[-3.436148173328726,47.621668596340825],[-3.436121111339379,47.6218868358639]],[[-3.436212912555562,47.62187273469742],[-3.436407616118454,47.62182585692728],[-3.436348034919848,47.621774961435776],[-3.436212912555562,47.62187273469742]]]},"properties":{}},{"type":"Feature","geometry":{"type":"Polygon","coordinates":[[[-3.428555074400357,47.622837279176885],[-3.428474373763767,47.62283269986058],[-3.42846707215771,47.62266151435811],[-3.428319218636171,47.62254323673846],[-3.42841996188631,47.62249252477539],[-3.428305143992767,47.62242661061057],[-3.428243126814573,47.622466155373175],[-3.428155251674961,47.622300527732406],[-3.428086335286953,47.622384494369804],[-3.427965022418702,47.622264752405236],[-3.427821222823024,47.62229074597639],[-3.427679063396129,47.62210893688824],[-3.427260411511903,47.62196043918023],[-3.427134771644003,47.62180481131351],[-3.427028616288762,47.62181066590851],[-3.426941703181434,47.62164387110417],[-3.426945752492047,47.62178814302221],[-3.426838514746001,47.621785026187986],[-3.426768118814436,47.62164441322888],[-3.426661682798986,47.62175865438179],[-3.42675432854674,47.62141939995653],[-3.426579662555574,47.62141097054125],[-3.426579943659215,47.6213025836314],[-3.426413135770684,47.62124856588749],[-3.426451298582841,47.62145417319152],[-3.426311029008148,47.62139869179715],[-3.426276632525756,47.62144574332319],[-3.426191886930203,47.62129689045959],[-3.426041595519755,47.62126905425795],[-3.426071663044429,47.62118611772784],[-3.425919207536822,47.621140338832056],[-3.425918407746772,47.62102298063926],[-3.426046771113967,47.62097977856511],[-3.425993976490907,47.62087431844921],[-3.42610770592926,47.62093126367041],[-3.425969884902218,47.620785337450734],[-3.426141301952859,47.620766853974985],[-3.426159182153634,47.62069362038727],[-3.426380147018356,47.62075368280809],[-3.426504742568987,47.62045782125083],[-3.426514483464088,47.62053856264899],[-3.426637152486243,47.62055889053948],[-3.426803156719459,47.62049554976409],[-3.426820474701261,47.620639089977594],[-3.426989726178139,47.620602662729056],[-3.427001632649382,47.620701346602814],[-3.427031698362892,47.62061840980137],[-3.427133241655794,47.62068505711068],[-3.427325783935266,47.620620251932166],[-3.427268097939674,47.620695681245905],[-3.427041440084259,47.62069915114894],[-3.427120774942335,47.620803147145445],[-3.42702680833433,47.62079929865259],[-3.427043604915231,47.62071709367006],[-3.426915242986321,47.620760296845624],[-3.42692281976132,47.620823095674844],[-3.427009209517637,47.62076414542832],[-3.427039797336851,47.6209069537723],[-3.427129434398477,47.62087491721895],[-3.427068220466247,47.62103181958023],[-3.426935528180748,47.62103913773618],[-3.42684132049542,47.62070115702016],[-3.42674843645292,47.62070627956556],[-3.426784716101464,47.62078555735408],[-3.42671187608047,47.62073538871026],[-3.42661381949559,47.62102978690636],[-3.426677720028952,47.62111657243142],[-3.426709951211911,47.621051578255276],[-3.426767357659815,47.621084536159415],[-3.426837191690342,47.62144192298291],[-3.42712695201413,47.621407880576875],[-3.427198431037652,47.621557464591994],[-3.427300255967192,47.6215157248245],[-3.427360910736724,47.621575596191725],[-3.427368208647241,47.621746781858796],[-3.427515254544641,47.621747702592536],[-3.427533133189152,47.621674468831365],[-3.427900314255802,47.62206060951899],[-3.427900592681568,47.621952222642165],[-3.428005665620212,47.6219373960091],[-3.428085004196763,47.62204139128451],[-3.427916831496114,47.62208679133953],[-3.428008635222735,47.622072696623206],[-3.428044917671286,47.62215197396465],[-3.428220668961126,47.622169372428345],[-3.428224194661531,47.622087899286775],[-3.428450581027012,47.622192813961625],[-3.428494746463762,47.621783984221985],[-3.428619861471321,47.621713865609436],[-3.428887137968422,47.621825554694524],[-3.428777205134667,47.6215787521313],[-3.428845717298505,47.62159303450663],[-3.428843828334552,47.62146670512087],[-3.428931299758174,47.6214167247127],[-3.429004142794437,47.621466891954746],[-3.429030957538092,47.62135704095322],[-3.429163374468171,47.62145810733115],[-3.429149553390204,47.62167561319992],[-3.429089172511418,47.62150735586027],[-3.428997370042264,47.62152145143],[-3.42902091471149,47.6218272055613],[-3.428902572868728,47.62184276514056],[-3.428897965467865,47.62191526707509],[-3.428793169433504,47.621821707624854],[-3.428665888976258,47.621873883938974],[-3.428774715297696,47.62255423401157],[-3.428555074400357,47.622837279176885]],[[-3.428153621524517,47.62229745520366],[-3.428122091386621,47.622238026715024],[-3.428053578588625,47.62222374391995],[-3.428153621524517,47.62229745520366]],[[-3.426509591690366,47.62071945148595],[-3.426581630257077,47.62065226204575],[-3.426466818591111,47.620586346011464],[-3.426509591690366,47.62071945148595]]]},"properties":{}},{"type":"Feature","geometry":{"type":"MultiPolygon","coordinates":[[[[-3.443006124669887,47.621585573427986],[-3.443199868019477,47.621658225492325],[-3.443152217082346,47.62170601563594],[-3.443078275296354,47.6216468861175],[-3.443024950936859,47.62175820760062],[-3.44290686128792,47.62166539444321],[-3.443021943294434,47.62162290734891],[-3.443006124669887,47.621585573427986]]],[[[-3.442994140878141,47.621557290152644],[-3.442965859179968,47.62149054161637],[-3.442645726998986,47.62127343216762],[-3.442804118936833,47.62114727087778],[-3.442704725313149,47.62109857943749],[-3.442643805390871,47.62114710298628],[-3.442622104542114,47.620967680700595],[-3.442232377244227,47.62072732464416],[-3.442299557748432,47.62084101499094],[-3.442183641310721,47.6207661432961],[-3.442163949724479,47.621155569109604],[-3.442251408166667,47.62110557871813],[-3.44218915344286,47.62125351786635],[-3.442335949120487,47.621362806888655],[-3.442198918204245,47.6213342579218],[-3.442199504396438,47.62156000291887],[-3.44227728659526,47.621871791301714],[-3.442384525414906,47.621874893960154],[-3.442275952357445,47.621971207102156],[-3.44235916070857,47.622327850923774],[-3.442209942965426,47.622309006654355],[-3.442199679218397,47.622445040421795],[-3.442404482982952,47.6228130244071],[-3.442372269844882,47.622878022854415],[-3.442271788374925,47.62282035998039],[-3.442250425223948,47.62297506948345],[-3.442394557666451,47.623283189806806],[-3.442356171771644,47.6236284931885],[-3.442442051204533,47.62378630524532],[-3.442321538840539,47.62378393619857],[-3.442278723861535,47.62365083672712],[-3.442014165622124,47.62378286535169],[-3.442125498762776,47.62393023947899],[-3.442268210768313,47.62389525721395],[-3.44228064469583,47.623777165752024],[-3.442351333394225,47.62380938239829],[-3.442237081846178,47.6239692266921],[-3.442416686078106,47.624239261776545],[-3.44232947179814,47.624180865426],[-3.442038621115906,47.62420597439467],[-3.442071670808165,47.6242583339755],[-3.442242008390739,47.62423085579697],[-3.44206382604452,47.62430392302496],[-3.442100130881987,47.624383195907974],[-3.442171069737582,47.62430702587551],[-3.442222814671313,47.624403507387875],[-3.442140526416976,47.62460673995608],[-3.442161391572499,47.62466880413652],[-3.442237755959625,47.62463748958595],[-3.442170071876928,47.62474057295101],[-3.442302771272082,47.62473323750054],[-3.442272477707683,47.624924564806115],[-3.442176918801707,47.62512853089372],[-3.441838157507652,47.625309815719376],[-3.44187880270908,47.62542497303655],[-3.441753446104659,47.62560349242875],[-3.441312024620582,47.625709170160086],[-3.440866514138659,47.625670575083056],[-3.440752001809436,47.62593880446131],[-3.440652601135975,47.625890111394554],[-3.440763607070005,47.62570335547819],[-3.440141823115108,47.625864151472726],[-3.440115536261388,47.625757231390345],[-3.440272609420451,47.62573048940809],[-3.440065963233358,47.62567869124539],[-3.440042423137253,47.62581545788481],[-3.439930837797587,47.62577646861209],[-3.44002372939596,47.62577133559615],[-3.440000696905618,47.62569132883444],[-3.439859063283651,47.62573527941505],[-3.439558441378226,47.625679642120176],[-3.439310645623233,47.62572945791119],[-3.439277087037266,47.625893870973286],[-3.439144384341234,47.62590120298184],[-3.43922968425037,47.62583327272585],[-3.439135707915989,47.6258294339854],[-3.43906342238455,47.62600501767208],[-3.43922241048036,47.62610460603193],[-3.439445836665002,47.62607419913687],[-3.439459936610077,47.62619082370231],[-3.439024184303182,47.626232961688075],[-3.438931035754528,47.62634648057111],[-3.438986030426081,47.626469876787375],[-3.439322958409373,47.62660478918841],[-3.439206778138247,47.62663830140871],[-3.43932595695689,47.626740089188644],[-3.439326531058684,47.62696583357254],[-3.439132066957622,47.62690432945825],[-3.439191656535871,47.62695522339522],[-3.43910093193496,47.62697829798596],[-3.439340886201346,47.62697407147577],[-3.439404814541401,47.6270608497711],[-3.439160010386627,47.62724596516999],[-3.438583438047415,47.62744940873442],[-3.437799383875044,47.627483689591294],[-3.437679121968742,47.62737292916164],[-3.4375220426775,47.62739966763361],[-3.437457032692759,47.627303917189465],[-3.437336512608744,47.627301543003504],[-3.437334603348424,47.62717521412666],[-3.437159916854264,47.62716680055934],[-3.436933752387967,47.62695351641613],[-3.436986270431517,47.62672484023997],[-3.437287673712894,47.62645532420069],[-3.437326919372862,47.62622738079419],[-3.437736390727439,47.626078328540125],[-3.437567646861415,47.62589799790728],[-3.437514306763546,47.62600931663084],[-3.437387284031046,47.625953115660764],[-3.437273791276213,47.625787794886214],[-3.437374532142162,47.625737075284206],[-3.437268629514941,47.62563455248112],[-3.437359352624091,47.6256114792976],[-3.43726997316976,47.625535136925315],[-3.437356359124497,47.62547617916833],[-3.437242608004814,47.625419245034365],[-3.437204660345476,47.62510525495473],[-3.437295641948555,47.624973795084465],[-3.437223870547183,47.624932604251136],[-3.43738770734141,47.624851306279986],[-3.437334320829672,47.62452010684997],[-3.437205133431176,47.62444596334305],[-3.436899924799849,47.624462821335655],[-3.436841164040682,47.624529284076814],[-3.43665781341318,47.62444910052866],[-3.436508330792418,47.62453863575446],[-3.436459848277432,47.62446906518528],[-3.436156807326258,47.62450386354734],[-3.436164133843526,47.62467504840614],[-3.435980521698667,47.62470325054955],[-3.43594205775026,47.624606033457646],[-3.435773883653103,47.62465144476598],[-3.435783639333018,47.62473218521658],[-3.435905237533723,47.624743532167734],[-3.435785807265896,47.62475012753837],[-3.435795562981878,47.624830867983846],[-3.435456224190669,47.62478638969903],[-3.435513903036635,47.62471095649987],[-3.435324870979167,47.62469430179435],[-3.4351653669775,47.62481148154414],[-3.435163726636748,47.62457676572243],[-3.434820054786938,47.62449640091263],[-3.434731500045235,47.62453741448035],[-3.434614502432035,47.62445356424363],[-3.434674614336884,47.624287687030424],[-3.434862296646435,47.62440375838286],[-3.4349058863835,47.624211700237154],[-3.435273665168561,47.62438104372953],[-3.435203770813476,47.62402366249213],[-3.43503694569695,47.62396965714092],[-3.434949211682155,47.62412802883426],[-3.434724707305555,47.62414945598495],[-3.434675408382906,47.62396252670661],[-3.435374080347501,47.62355367597444],[-3.435382193956974,47.6233997005433],[-3.435456129646015,47.62345883488059],[-3.435488351555328,47.62339383836044],[-3.435509208502843,47.623455903767706],[-3.435668445038354,47.62344711028432],[-3.435661120279127,47.623275925286336],[-3.435797068743308,47.62329551072791],[-3.435932719718163,47.62298096434853],[-3.436149630754732,47.62289673670218],[-3.436035886418311,47.62283980131753],[-3.436330507165642,47.62262484706149],[-3.436437446407792,47.62229382339981],[-3.436584493967425,47.62229473271491],[-3.436621571465667,47.62204884672604],[-3.436754264932069,47.622041517569194],[-3.436929714873433,47.6217247710525],[-3.437055902780058,47.62166361456559],[-3.437047794261805,47.62181759025029],[-3.43691726958738,47.62184286206906],[-3.436872084504538,47.62224272381669],[-3.436674127630751,47.62226268885912],[-3.436796804482203,47.622283006060485],[-3.436585056428723,47.62252047762826],[-3.436442344374635,47.62255545297386],[-3.436516280068749,47.6226145866657],[-3.436415544279791,47.62266530560889],[-3.436522784352483,47.62266841364824],[-3.436154789039116,47.62304997937245],[-3.435964416642557,47.623132741358624],[-3.435999627654547,47.623203045019046],[-3.436113634483094,47.62315159359933],[-3.436246069272878,47.623252651853505],[-3.436356823875911,47.62317428670635],[-3.436416406644668,47.62322518215677],[-3.436006691514733,47.62348261681863],[-3.435837996376073,47.62374480185518],[-3.43601618537698,47.623671744104186],[-3.436102307919481,47.62372117402136],[-3.435950658454482,47.62379276624237],[-3.436055732779447,47.62377793238123],[-3.436069824711744,47.623894557493564],[-3.436278889606075,47.623855918303406],[-3.436386954907488,47.623976384415435],[-3.436805084575329,47.623899104528086],[-3.437017921270183,47.62367060388403],[-3.437079673549884,47.62373944129131],[-3.437084269996303,47.62366693910236],[-3.437243506901823,47.62365814347256],[-3.43715144323584,47.623780632238535],[-3.437315276604897,47.62369933432084],[-3.437312703707686,47.6238897185354],[-3.4371400821381,47.62390769430616],[-3.437096195811536,47.6237656217909],[-3.436986785204167,47.623744571971244],[-3.436986525217225,47.62385295876923],[-3.436837044817092,47.62394249444316],[-3.436867660748262,47.62408529997897],[-3.436715187704205,47.62403953524439],[-3.436680538080819,47.62419497654855],[-3.43700768840673,47.6242491553936],[-3.43718479330007,47.62416712472653],[-3.4371845337131,47.62427551150141],[-3.437343513152759,47.62437510250735],[-3.437586967413163,47.62428940627032],[-3.437785757387487,47.624386797615976],[-3.43776086930652,47.624622979499904],[-3.437674743773386,47.62457355082862],[-3.437500891043883,47.62468249565739],[-3.437541526411168,47.624797654520854],[-3.437650939395644,47.62481870380946],[-3.437626309211134,47.62494649887979],[-3.437752245497629,47.62499372847761],[-3.437725446874261,47.62510358127549],[-3.437842709054138,47.6250790416424],[-3.438051261641228,47.62525717275257],[-3.437761228970989,47.625399628907296],[-3.437970866889491,47.62558673127028],[-3.438000144499517,47.62582895194237],[-3.43788479125526,47.6259798206779],[-3.438048372415596,47.62600690850373],[-3.438122056976634,47.62617442774498],[-3.438089836595711,47.626239424898706],[-3.437898629618468,47.62620483210629],[-3.437754048925166,47.62655599781997],[-3.43799725452499,47.626578687471614],[-3.4380877211591,47.62666400037704],[-3.438100164979837,47.626545909528545],[-3.438284609400831,47.626635061854955],[-3.438282183181347,47.62672550623761],[-3.438375076589735,47.62672037453533],[-3.438334437960564,47.626605216075845],[-3.438477159601883,47.62657023849116],[-3.438402131814466,47.626502135032496],[-3.438499619584129,47.62642450109245],[-3.438461149807692,47.62632728491629],[-3.438541856583446,47.62633185732394],[-3.438561319702828,47.62605081983656],[-3.438762799789352,47.62594937833715],[-3.438783089746715,47.62578569858057],[-3.439012449260697,47.625583374757916],[-3.439184706222234,47.625682230011556],[-3.439483413463065,47.62561153932488],[-3.44022412091716,47.625660920444176],[-3.440727555719707,47.62551569552613],[-3.440737823808574,47.625379662102844],[-3.441242339454714,47.62524340605759],[-3.441512080718871,47.62526462153929],[-3.44167749790562,47.62497551519799],[-3.441814537890047,47.62500406472321],[-3.441922032947244,47.6248987810571],[-3.441881388053201,47.6247836237238],[-3.441984292662447,47.624750842328375],[-3.441822048508519,47.62462434434266],[-3.441762709317944,47.62446506491833],[-3.441834733739801,47.62439786620034],[-3.44173533494802,47.62434917401639],[-3.441839323784784,47.62432536384893],[-3.441902168026472,47.62440316978948],[-3.441968767201973,47.62429111545623],[-3.441885558398858,47.62393447171628],[-3.441723066589623,47.62391636034513],[-3.441790750490476,47.6238132771954],[-3.441581439094989,47.623960313054404],[-3.44151183557375,47.62393706705612],[-3.441480373262745,47.62367690480307],[-3.441623085013779,47.623641923321735],[-3.441625004296215,47.62376825235798],[-3.441720062125235,47.62378106020992],[-3.441710297640534,47.62370032021591],[-3.44183514963717,47.623738574331206],[-3.441656051041167,47.62325176461778],[-3.441739340386509,47.62261498480043],[-3.441788078330934,47.62257616637074],[-3.441953571064739,47.622729577875724],[-3.441965505671621,47.62282826011442],[-3.441848500442323,47.62274441705067],[-3.441955491096441,47.62285590696576],[-3.441856095065565,47.622807214845984],[-3.441870199413275,47.622923839316364],[-3.441770553064091,47.62298353398257],[-3.441920857499856,47.623011349918755],[-3.441959830959944,47.62289179141451],[-3.442181072132482,47.62284343701258],[-3.44217856544858,47.62249136306239],[-3.442063730571497,47.62242546242421],[-3.442026591900031,47.622228831442726],[-3.442254589558342,47.62212591667347],[-3.441972258612096,47.6213377568],[-3.442069981413427,47.62115173272077],[-3.442020323863138,47.62063067420645],[-3.442184389569369,47.62044098233457],[-3.441940375151179,47.62030094320558],[-3.441819286104027,47.620072828491864],[-3.441912417565115,47.61995930693962],[-3.441820621144788,47.61997341259979],[-3.441729075016247,47.61987913116424],[-3.441813277135382,47.619802227682875],[-3.441743929243438,47.61967059473807],[-3.441664066644041,47.61978338269161],[-3.441495078594535,47.61971144418835],[-3.441455774278894,47.619496870487495],[-3.441586291069143,47.61947159356629],[-3.441590881027983,47.61939909104126],[-3.441687850348523,47.61953822825925],[-3.441572771774048,47.61958071408445],[-3.441694359471582,47.61959205503865],[-3.441882875397094,47.61982547355086],[-3.441959233019762,47.61979415910449],[-3.441841399678828,47.61959295773642],[-3.441912332538532,47.61951678767374],[-3.442017982195532,47.619727693627],[-3.441934615466306,47.619921955412956],[-3.442020737439257,47.61997138106112],[-3.442106024214012,47.61990344849764],[-3.442238462289093,47.62000450012531],[-3.442137487350108,47.62016361108625],[-3.442441176376714,47.62079706134048],[-3.442517286317857,47.62087413352055],[-3.442571695879043,47.6207717833349],[-3.442771566910114,47.62087813748628],[-3.442820054389021,47.62094770556364],[-3.442681939231516,47.620910186044206],[-3.4426762655763,47.62097371744169],[-3.442833075275066,47.621055358916536],[-3.443000488747215,47.621335098232116],[-3.442906520060047,47.621331262516684],[-3.442890832805449,47.62142244086324],[-3.443022438738609,47.62140613347234],[-3.442994140878141,47.621557290152644]],[[-3.4356988620113,47.624583339503715],[-3.436018687651723,47.62446633621679],[-3.436006763671819,47.624367653453795],[-3.435631690855375,47.62446964557908],[-3.4356988620113,47.624583339503715]],[[-3.435808729719546,47.623502580381576],[-3.435912981715587,47.62337038866396],[-3.435736961443459,47.62346138860341],[-3.435808729719546,47.623502580381576]],[[-3.436415140385662,47.62420963452767],[-3.43642325109205,47.624055659076134],[-3.436201999680732,47.62410400254105],[-3.436209587855038,47.6241668006595],[-3.436367742343139,47.62414903506629],[-3.436415140385662,47.62420963452767]],[[-3.437466080625704,47.62583135984919],[-3.437629919809495,47.6257500615759],[-3.437398904135479,47.62571766701388],[-3.437466080625704,47.62583135984919]],[[-3.437679847808183,47.626605251677596],[-3.437686612331107,47.6265506918418],[-3.437594803459312,47.6265647941327],[-3.437679847808183,47.626605251677596]],[[-3.437675669290044,47.6255759448095],[-3.437571934967457,47.62549136455273],[-3.437554068816879,47.62556459970635],[-3.437675669290044,47.6255759448095]],[[-3.437643399079552,47.6251984238833],[-3.437681299424432,47.62506989579926],[-3.437542918350156,47.62514075700984],[-3.437643399079552,47.6251984238833]],[[-3.440468408261482,47.625692576076226],[-3.440568061123726,47.62563288260413],[-3.440448629442459,47.625639482739544],[-3.440468408261482,47.625692576076226]],[[-3.440832632108407,47.62550085738076],[-3.441010820135073,47.625427792075996],[-3.440785227904679,47.62544025975236],[-3.440832632108407,47.62550085738076]],[[-3.44147477263119,47.62561889538309],[-3.441711966460835,47.62537097725846],[-3.441346912882716,47.62544534089058],[-3.441182246882287,47.62540928656884],[-3.440867851093821,47.62557115948781],[-3.44147477263119,47.62561889538309]],[[-3.441786576916814,47.62322648752147],[-3.441950401526127,47.62314518307902],[-3.441853174866973,47.62311443318636],[-3.441866694483809,47.62300531283367],[-3.441778147629658,47.623046331775264],[-3.441832060531736,47.623160755748394],[-3.441743763718687,47.62309338781581],[-3.441683925571864,47.62315088192709],[-3.441786576916814,47.62322648752147]],[[-3.442022010351608,47.623737276293376],[-3.442287653381883,47.623614218753694],[-3.442189340654986,47.62357449804241],[-3.442217214346406,47.62347361524117],[-3.442099957704074,47.62349815928626],[-3.442227228901924,47.62344596837615],[-3.442177654913387,47.62336742903409],[-3.442074753089604,47.623400210623196],[-3.442101541907863,47.62329035673138],[-3.44193396228685,47.62356152170536],[-3.442022010351608,47.623737276293376]]],[[[-3.437312680638298,47.62389142557258],[-3.437311501289056,47.623978692284965],[-3.437201834849587,47.62397653164048],[-3.437190473830096,47.624103593700205],[-3.43711545115096,47.62403548932865],[-3.437182059915228,47.6239234377038],[-3.437312680638298,47.62389142557258]]]]},"properties":{}},{"type":"Feature","geometry":{"type":"Polygon","coordinates":[[[-3.430700180363051,47.621021103650094],[-3.430763549696489,47.62088214183511],[-3.43088297193147,47.620875551586764],[-3.430829622913261,47.620986867544616],[-3.430971251370334,47.620942927806084],[-3.430986958841276,47.62085175103913],[-3.431263444199282,47.62081843062797],[-3.43074513799581,47.620729630998284],[-3.431134546043221,47.62063589330783],[-3.43128592145407,47.62067269418612],[-3.431449754217125,47.6205914043665],[-3.431486583045147,47.62045390676791],[-3.431275633325765,47.620366208029715],[-3.431472502033308,47.62033728089671],[-3.431517183800812,47.62015419483679],[-3.431394513850625,47.62013387206775],[-3.431717029976524,47.61981804873771],[-3.431576759228604,47.619762573621074],[-3.431639041620669,47.61961464001786],[-3.431330880958665,47.61949618280856],[-3.431437302472047,47.61938193726813],[-3.431415640002981,47.61920251273955],[-3.431178701467446,47.618899504298945],[-3.431053868424075,47.61886123869768],[-3.431159745680792,47.618963767491984],[-3.431035995551145,47.618934473103444],[-3.431018122629181,47.619007707503684],[-3.430883542216849,47.618888700635104],[-3.430591632010003,47.61890480993334],[-3.430495775715471,47.618774634695825],[-3.430403978316672,47.61878873139094],[-3.430473297102896,47.61892037112745],[-3.430268852625011,47.61888649792521],[-3.4302122555736,47.618970899998814],[-3.430238519252404,47.61907782268182],[-3.430372289152133,47.61907947200305],[-3.430274802976847,47.61915709945234],[-3.430275338725169,47.61938284475884],[-3.430206829015209,47.61936856320595],[-3.430438349290928,47.619626717375766],[-3.430279659060628,47.61986124899699],[-3.430367662654879,47.62003701270263],[-3.430176482896315,47.62000240715895],[-3.430145065632229,47.62018476054791],[-3.430044328375623,47.62023547405904],[-3.430090358875566,47.62039549194859],[-3.430200842840046,47.62042551949721],[-3.430231986372239,47.6203515530932],[-3.430319181162815,47.62040995859116],[-3.430240649937657,47.62042332295261],[-3.430317824693343,47.620509374328456],[-3.430175113909882,47.62054434205213],[-3.430434533640493,47.62070161599733],[-3.430248492573857,47.62082025368106],[-3.430135841891741,47.62077228372051],[-3.430021834383418,47.620823729367935],[-3.430355455145572,47.620931754331295],[-3.430484897700211,47.62089751860633],[-3.430700180363051,47.621021103650094]],[[-3.430918991638572,47.62062069600441],[-3.430823942028927,47.620607879341165],[-3.430813111558178,47.62051816707897],[-3.430918991638572,47.62062069600441]],[[-3.430674733166467,47.62058902031785],[-3.430555584574619,47.620487223389624],[-3.430666068990603,47.62051725049674],[-3.430594854590926,47.62025928154675],[-3.43078603554055,47.62029388640102],[-3.430767623978508,47.6201413755217],[-3.43094824623623,47.61997788083181],[-3.431154861509401,47.62002969527699],[-3.431194939999577,47.61991911140908],[-3.431370684965231,47.619936505152566],[-3.431428904977191,47.62008681900284],[-3.431219579655519,47.62023383657271],[-3.431285652964491,47.62033856205903],[-3.431027854505818,47.620416006384495],[-3.43107849243964,47.6205035218014],[-3.431015668563496,47.62042570988204],[-3.430801198082395,47.62041948358464],[-3.430674733166467,47.62058902031785]],[[-3.430940404439315,47.619138430623416],[-3.430864313686033,47.619061350831196],[-3.43098914706145,47.619099616631146],[-3.430940404439315,47.619138430623416]],[[-3.430417509986798,47.61912213158199],[-3.43037689430611,47.6190069699049],[-3.430538284353637,47.619016125870615],[-3.430417509986798,47.61912213158199]]]},"properties":{}},{"type":"Feature","geometry":{"type":"MultiPolygon","coordinates":[[[[-3.418139505892423,47.62266364177245],[-3.418219095069246,47.62297349578653],[-3.418309523983554,47.62305882416597],[-3.418504247588779,47.62301197627177],[-3.418471707657341,47.62318535490859],[-3.418695133435875,47.623154987661785],[-3.418782510427212,47.62354753334676],[-3.418912263427714,47.62340492372082],[-3.419147286239914,47.62358162693878],[-3.41902215441367,47.62365173533605],[-3.41909823461031,47.62372882266127],[-3.418819267525047,47.62385255833239],[-3.418998264788851,47.62389688462476],[-3.418907536660066,47.623919943566484],[-3.418952752432912,47.62396260747818],[-3.418738269151582,47.62395635904022],[-3.418823295051691,47.623996830367574],[-3.418735809937424,47.62404680313876],[-3.418857402950478,47.62405816784179],[-3.418739053200653,47.624073717104864],[-3.418827322600106,47.6241411023919],[-3.418661297567617,47.62420443171169],[-3.418728432244948,47.62431813540885],[-3.418642027593255,47.62437707942221],[-3.418717324266111,47.62433680892446],[-3.418766864636644,47.62441535818152],[-3.418395001674148,47.62454420890933],[-3.418270164596088,47.62450592975508],[-3.41836029837855,47.624699644734086],[-3.418208622343549,47.62477121388121],[-3.418130379948837,47.624676183368315],[-3.41808702784446,47.624759848506955],[-3.418000920309918,47.62471040533365],[-3.418167432300711,47.62487282169202],[-3.418009568138614,47.62478217593881],[-3.417744162404865,47.62479679148783],[-3.417803430295866,47.62495608308006],[-3.41757567282675,47.62495056327866],[-3.417558860333923,47.62503276672014],[-3.417420752369037,47.624995217408156],[-3.417391150581042,47.62530389622442],[-3.417309185270979,47.624956206509374],[-3.416844422402428,47.625090167217564],[-3.41683853946948,47.62481956583451],[-3.417016156976236,47.62496331049426],[-3.416947944331677,47.62484063451572],[-3.417102564372056,47.62490436770146],[-3.417097760974832,47.62464273764011],[-3.417225059339267,47.624590574007556],[-3.417315189472134,47.62478428978461],[-3.417352357454917,47.62453841023486],[-3.417401896004064,47.624616960062724],[-3.417525951326748,47.62453788210512],[-3.417443386977232,47.62440696579428],[-3.417523008155886,47.62440258139706],[-3.417379497518062,47.62432017536416],[-3.417461579962102,47.62422534695114],[-3.417594281465287,47.62421803957095],[-3.417544144075332,47.62435626326135],[-3.41762700789119,47.6243787927881],[-3.41762976829018,47.624179962000966],[-3.417983738046206,47.62412434589751],[-3.417998871555109,47.62424994449446],[-3.41783392614234,47.624322243962304],[-3.418072789163734,47.62430908980855],[-3.41814838440796,47.62416043294659],[-3.418046845722333,47.62409377794487],[-3.418296815745497,47.62406194987712],[-3.418097764203371,47.62407291208903],[-3.418076927258566,47.62401084359373],[-3.418279221602083,47.62402679539649],[-3.418332599827979,47.62391548534673],[-3.418558190849622,47.62390306102635],[-3.418371924556562,47.62368754801776],[-3.418545515651427,47.62368701837247],[-3.41856340725038,47.6236137860578],[-3.418344601365882,47.62357165159249],[-3.418302927342047,47.623447514652284],[-3.418186740750726,47.6234810060181],[-3.418015909236595,47.62328270424227],[-3.41796282959279,47.62328562740546],[-3.41785667028774,47.623291473659464],[-3.417838777827302,47.62336470587801],[-3.417836914847847,47.62323837643041],[-3.417706676738121,47.623155239975915],[-3.417764976920214,47.622863041884436],[-3.417924996849461,47.622971630726894],[-3.418012779466399,47.622813271730934],[-3.417776383910693,47.62273598163707],[-3.417922351442349,47.622727943110974],[-3.417941324500215,47.62266368219155],[-3.418046103167899,47.62275725133753],[-3.418139505892423,47.62266364177245]],[[-3.41796282959279,47.62328562740546],[-3.418018369635226,47.623192260123375],[-3.417911129590506,47.623189135094464],[-3.41796282959279,47.62328562740546]],[[-3.418863698848078,47.623777864205145],[-3.418815240020171,47.62370828628636],[-3.418768646512499,47.62376503775173],[-3.418863698848078,47.623777864205145]]],[[[-3.418138948210359,47.62266147060958],[-3.417952432402355,47.62264500873367],[-3.417930515261637,47.62257396883058],[-3.418052104748603,47.62258533438056],[-3.418097915369717,47.62241122500449],[-3.417950867808157,47.62241029241442],[-3.417961193338151,47.6222742607819],[-3.418110700720964,47.62218474919138],[-3.417988329761354,47.622056025515796],[-3.41818737380579,47.62204506347905],[-3.418146185825916,47.622146671424716],[-3.418240452203833,47.62204214021193],[-3.418255585726447,47.62216773891001],[-3.418383958046771,47.62212454528346],[-3.418282422939286,47.622057890416826],[-3.418373148173512,47.62203483193862],[-3.418450008515271,47.62222927792845],[-3.418502303578884,47.62210899636463],[-3.418735157226045,47.62226775786466],[-3.419158408481348,47.62234378457646],[-3.418983252635897,47.622109598791404],[-3.418988954607637,47.622046068584815],[-3.41911378644888,47.6220843470192],[-3.418992494388744,47.621964595717316],[-3.419174728825217,47.62203583576939],[-3.419143568990644,47.62210979916021],[-3.419201267993344,47.6220343739145],[-3.41880701727197,47.621866441384014],[-3.418754236074044,47.621760978043895],[-3.418611514372106,47.62179593161479],[-3.418557950012438,47.62157310997294],[-3.418817934243827,47.62151363588608],[-3.418771045695841,47.62167877429214],[-3.418894307807023,47.621482336548176],[-3.419148589513207,47.6214863919448],[-3.419171588938329,47.621566402988506],[-3.419202748416915,47.6214924395696],[-3.419403850859781,47.621941936929595],[-3.419260446668765,47.62141701427075],[-3.419624422270591,47.621333748190644],[-3.419853147919929,47.62179075418041],[-3.419826117301522,47.6215664711102],[-3.420018377203466,47.62161006489041],[-3.420156677077841,47.621981743121076],[-3.420115588542349,47.62164083298192],[-3.42026263402223,47.62164176284693],[-3.420120796283175,47.6213515576077],[-3.420140648734773,47.62096213556509],[-3.420032626196951,47.62084165423754],[-3.420132881229854,47.62056520419005],[-3.420025646338483,47.620562081098434],[-3.420071154474642,47.62049635771218],[-3.419991539331065,47.620500743855246],[-3.419787685230457,47.62025007843446],[-3.419787193820003,47.62002433318223],[-3.419902290683435,47.619981868834884],[-3.419759869431772,47.619908436870055],[-3.419862778223315,47.619875674883595],[-3.419859042938044,47.6196230155923],[-3.41997738249532,47.61960746515884],[-3.419933839963463,47.619356998882836],[-3.42019892400754,47.619450765320536],[-3.420296719217883,47.61926475928651],[-3.420311856790727,47.61939035789709],[-3.420345175943246,47.61933433674935],[-3.420438845930567,47.619446577624856],[-3.42035578850578,47.61908991767296],[-3.420735289932598,47.61980051130522],[-3.420567997943992,47.61952073986502],[-3.420499197215713,47.619614839613554],[-3.420590412141554,47.61981752468338],[-3.420344588440047,47.619551110751175],[-3.420160993890788,47.62079845862842],[-3.420271179194645,47.62093688248446],[-3.420432573341949,47.62094605240625],[-3.420303124224298,47.62098027698888],[-3.420271378749761,47.62127101453103],[-3.420352076321568,47.62127559951889],[-3.420328487663443,47.62141236249048],[-3.420599777454932,47.62166834271315],[-3.420533136700887,47.62178038500864],[-3.420715372564418,47.621851622663584],[-3.420653350432401,47.621891163407575],[-3.420482221358344,47.62180125195074],[-3.420431012386174,47.62193050573626],[-3.420266665282737,47.62178603499619],[-3.420186165971627,47.62211558185238],[-3.420290853303348,47.62265166766437],[-3.420184401418856,47.62276590285496],[-3.420144393393844,47.622433964179365],[-3.419931094547222,47.62199417054113],[-3.419770287181743,47.62176822620305],[-3.419700400945858,47.621853354049854],[-3.419596997621117,47.62166037079652],[-3.419596602389591,47.622211276422306],[-3.419923331349215,47.62281640862857],[-3.419671795961433,47.622613523926084],[-3.419480419300423,47.622244769096305],[-3.419613506488813,47.62290572300674],[-3.419364429949079,47.62261239347213],[-3.418989146141535,47.62238020044327],[-3.418834234325264,47.622424856506534],[-3.418768182860993,47.62232012408936],[-3.418724833669476,47.62240378956604],[-3.418686402802478,47.62230656667902],[-3.418666836419128,47.622587601386826],[-3.418579164497849,47.622303442262066],[-3.418390146252836,47.622286760128716],[-3.418383660298573,47.62223293212726],[-3.418204371011684,47.62229699169486],[-3.418118453425974,47.622581680370764],[-3.418138948210359,47.62266147060958]],[[-3.419113297871188,47.62185860197667],[-3.419025031884741,47.6217912168267],[-3.418992790899342,47.62185620885705],[-3.419113297871188,47.62185860197667]],[[-3.419025031884741,47.6217912168267],[-3.419056191697595,47.621717253455415],[-3.418896957589088,47.62172602429797],[-3.419025031884741,47.6217912168267]],[[-3.419154187606344,47.6218653805411],[-3.419185347283543,47.62179141713819],[-3.419106811239796,47.62180477400352],[-3.419154187606344,47.6218653805411]],[[-3.42014782000511,47.62035667059182],[-3.420187428437166,47.6200203452698],[-3.42008265138802,47.61992677791342],[-3.419972960849426,47.620014099086525],[-3.419950158432997,47.620268220355925],[-3.42014782000511,47.62035667059182]],[[-3.420123046938971,47.61970781085774],[-3.420146635370239,47.619571047808066],[-3.420049427782248,47.61954027970972],[-3.420123046938971,47.61970781085774]]]]},"properties":{}},{"type":"Feature","geometry":{"type":"Polygon","coordinates":[[[-3.421469786520621,47.6192452772513],[-3.421303659632833,47.61853195861607],[-3.421491584055567,47.61853966474443],[-3.421634877422094,47.61828793347116],[-3.421741026364175,47.61828208376805],[-3.421842267903043,47.61845712281944],[-3.421790856375186,47.618252244919034],[-3.422099278871966,47.618262340307645],[-3.421958521633322,47.61798110811626],[-3.421878619765721,47.61809388263427],[-3.421857780758954,47.618031814623095],[-3.421742689654847,47.618074280940036],[-3.421738863413992,47.618264141126296],[-3.421642738745912,47.61824234565458],[-3.421704755906327,47.618202804311174],[-3.421482226871972,47.61790801615244],[-3.421393672813324,47.617949019745815],[-3.421491959706204,47.61798875807488],[-3.421420416624277,47.61828168994039],[-3.421126344138171,47.61827983293739],[-3.421269260584439,47.618579008736475],[-3.421190729787615,47.61859236702512],[-3.421227789188999,47.618789004992074],[-3.421104629325986,47.618542925983434],[-3.420928892293856,47.6185255167793],[-3.42079483124173,47.61863224369112],[-3.420795709737403,47.61830708252278],[-3.420882890865371,47.61836549512661],[-3.420782733958209,47.618199426565475],[-3.420614273952603,47.6183532032603],[-3.420678161529701,47.61843999218676],[-3.420564149889159,47.6184914286631],[-3.420649168469995,47.618531898774776],[-3.420573294875107,47.618788944725594],[-3.420429794618924,47.618706542203135],[-3.420474219406058,47.61863184726594],[-3.420336913431745,47.61871165965468],[-3.420448376809701,47.61919318722545],[-3.420484445192316,47.61893833464355],[-3.420633352677302,47.61906559372714],[-3.420604157569537,47.618823367866355],[-3.420705982439621,47.618781633789624],[-3.420740089169602,47.61884297087824],[-3.420769082241722,47.61875106428231],[-3.420864914776903,47.61888124750387],[-3.420946982667924,47.61878641637676],[-3.421112111570214,47.619048244733236],[-3.421239392672724,47.61899607657574],[-3.421469786520621,47.6192452772513]],[[-3.42078805045982,47.618686802769346],[-3.420684356279362,47.618602207217016],[-3.420713642314507,47.61840191356689],[-3.42078805045982,47.618686802769346]]]},"properties":{}},{"type":"Feature","geometry":{"type":"Polygon","coordinates":[[[-3.427330767401209,47.61900542118362],[-3.427345411166118,47.61901165764208],[-3.427621889267178,47.61897834582031],[-3.427258744903579,47.619178995225845],[-3.426947069031563,47.61914199966205],[-3.426961941898097,47.61937598444199],[-3.426876636697648,47.619443905963465],[-3.427146622889642,47.619356767664904],[-3.427318837787537,47.619455640733094],[-3.426734728068153,47.619596227781486],[-3.42674338680956,47.619667997928055],[-3.426696003777796,47.61960739440091],[-3.426622884440906,47.61966561267844],[-3.426561431488432,47.61948838258848],[-3.426392464726179,47.6194164222229],[-3.426477770498688,47.61934850105412],[-3.426420647512269,47.6192071559523],[-3.426483463257222,47.61928497039193],[-3.426502706035648,47.61911232093719],[-3.426567686398457,47.61920807788027],[-3.426633228963096,47.61908706072223],[-3.426377356581035,47.618848304982194],[-3.426379283339921,47.61853211508543],[-3.426490042632076,47.618453759105414],[-3.426411513325933,47.61846712090551],[-3.426262074966822,47.618114123705276],[-3.426386102055294,47.61803503607362],[-3.426350344007969,47.61818150351269],[-3.426560995878742,47.6183775983235],[-3.426638442715729,47.6183552651472],[-3.426622489258861,47.618112308927294],[-3.426684502579973,47.618072764936926],[-3.426786040597771,47.61813941263506],[-3.426580561219815,47.617654041996474],[-3.426733568883702,47.61748304587186],[-3.426743309582115,47.61756378737406],[-3.426941252745523,47.61754383911558],[-3.42706010776814,47.617754026998824],[-3.427073936343182,47.61753652094002],[-3.427174391452579,47.61759419704425],[-3.42722205302097,47.61754641331971],[-3.427257248836495,47.61761671981678],[-3.427373416975212,47.61758321932732],[-3.427351977087669,47.618180446190635],[-3.427502505287346,47.61854241325047],[-3.427197644118746,47.61800833925918],[-3.427125049935879,47.61829230334543],[-3.427106127184348,47.61791404626798],[-3.427007836250565,47.6178743126624],[-3.426989958158078,47.617947546485865],[-3.426945021401067,47.617796498448584],[-3.426834544708329,47.61776646777949],[-3.426763311951472,47.61795101585401],[-3.426867535826863,47.61826135148852],[-3.426774375339204,47.618374861140275],[-3.426824723773448,47.61857076556116],[-3.426587251953202,47.61848452186002],[-3.426568810857023,47.61877452971497],[-3.426654916752131,47.61882396672222],[-3.42669933292737,47.61874926942177],[-3.426718814712148,47.61891075232296],[-3.426868819332756,47.619046974728775],[-3.427176444855942,47.61893969839318],[-3.427328514514604,47.61900446172831],[-3.427229239901668,47.61904515807917],[-3.427316429273601,47.61910356585804],[-3.427330767401209,47.61900542118362]]]},"properties":{}},{"type":"Feature","geometry":{"type":"Polygon","coordinates":[[[-3.424063698487904,47.61915649474715],[-3.424175544374533,47.619087112282934],[-3.424312559881594,47.619115682428514],[-3.424349977308879,47.61876141289167],[-3.424408972711106,47.619029088661996],[-3.424504017969627,47.61904191055635],[-3.424424690826023,47.618937912688445],[-3.424534657114567,47.618742200238934],[-3.424437448507013,47.61871143577989],[-3.424505159182941,47.618608362374154],[-3.424374125628272,47.61840787479732],[-3.424460799680287,47.618240539288195],[-3.42459240339574,47.61822425263872],[-3.4244072144756,47.618017719923294],[-3.424429483699811,47.61753785197096],[-3.424723267361153,47.61764808777162],[-3.424691605649815,47.61749630728534],[-3.424815348964496,47.61752560841803],[-3.424711935533237,47.61733262926537],[-3.424950765587973,47.617319460998445],[-3.424981116910307,47.6171281374433],[-3.425182305206695,47.61713510605013],[-3.425233498076737,47.61700584986383],[-3.425424663900999,47.61704046355207],[-3.425424380474471,47.617148850695926],[-3.425453364562957,47.61705694285751],[-3.425500743920694,47.61711754696799],[-3.425572778896999,47.61705035802604],[-3.425579554581585,47.61699579862438],[-3.42540382118302,47.61697839614022],[-3.425499146304296,47.61688283008559],[-3.425448520950076,47.616795312087454],[-3.425260602096235,47.61678761231944],[-3.425385993145426,47.61660910982422],[-3.425300175673421,47.61645128464911],[-3.425269825879199,47.61664260835344],[-3.425158270500538,47.616603604785055],[-3.425131450176208,47.61671345516494],[-3.424945695620229,47.616723697483124],[-3.424926219996386,47.616562214105286],[-3.424846611118332,47.616566603566866],[-3.424642976141354,47.61665007894555],[-3.424693600037408,47.6167375972994],[-3.424449077619763,47.61681429569009],[-3.424572819220641,47.61684359708998],[-3.424443382703896,47.61687782633351],[-3.424502947088449,47.61692872802528],[-3.42465675627888,47.61687509301725],[-3.424746103198869,47.61695144537988],[-3.424742572530104,47.61703291863096],[-3.424551121975977,47.617106690970154],[-3.424727937472776,47.61713306603475],[-3.424563023160162,47.61720537526928],[-3.424562737983537,47.6173137624019],[-3.42445904048899,47.61722917014167],[-3.424385636433327,47.61739577421724],[-3.42425511657725,47.61742103194215],[-3.424228804149732,47.61775662759031],[-3.424323847099718,47.61776944963966],[-3.424252605660319,47.61795399618241],[-3.424089056175625,47.61792688892414],[-3.424070092200756,47.6179911509982],[-3.424049250686388,47.61792908337482],[-3.424025672977648,47.61806584732768],[-3.423823399504065,47.618049905429],[-3.423742419663386,47.618153709916044],[-3.424271222434517,47.618440640783554],[-3.424166155340766,47.618455464083546],[-3.424142291661433,47.6187006150777],[-3.424047247097381,47.61868779288672],[-3.424010177381827,47.61849115580439],[-3.423905110116188,47.61850597886912],[-3.423950611723933,47.61844025390202],[-3.423801411347974,47.618421386076626],[-3.423788429480173,47.61831373045965],[-3.423640311309977,47.61830383372901],[-3.423499765593294,47.61835673594109],[-3.423575844709486,47.61843382055903],[-3.42367983012052,47.618410026487716],[-3.423674134119062,47.618473557041696],[-3.423515992221704,47.61849130549832],[-3.423448854675322,47.61837760421313],[-3.423358137848306,47.618400666677346],[-3.423463999412111,47.618503202472155],[-3.423407104479333,47.618695988317334],[-3.423171295363504,47.61840193485901],[-3.423070554846919,47.61845264240107],[-3.423182400549678,47.61838326086295],[-3.423169419939344,47.618275605175064],[-3.423287755545699,47.61826005137654],[-3.423252852374552,47.618081356625645],[-3.423111513284625,47.618016899984646],[-3.423038392217367,47.618075116065384],[-3.423149949121996,47.61811412162938],[-3.423031613798944,47.618129675289424],[-3.422810878999342,47.61840373898591],[-3.422783548876753,47.61828784328497],[-3.422677400037455,47.618293693935634],[-3.42270530784043,47.618192815520594],[-3.422563679876578,47.61823674529708],[-3.422597285118266,47.61807233639414],[-3.422451331019319,47.618080380782025],[-3.422364650929125,47.6182477148135],[-3.422241988844177,47.61822738241142],[-3.422278260116484,47.61830666170043],[-3.422088674455819,47.61850675964607],[-3.422108432373398,47.61855985628481],[-3.422191579116461,47.61847399558405],[-3.422277390650233,47.61863182287994],[-3.422279843615264,47.61854137845552],[-3.422349431726169,47.618564635978395],[-3.42251788740107,47.618410856797354],[-3.42248615551529,47.6187015953245],[-3.422550335822804,47.61867999616563],[-3.422590645183464,47.61890354762283],[-3.422648624922312,47.61871973350636],[-3.422740135364951,47.61881402995156],[-3.422898567039827,47.61868789550225],[-3.422922652563142,47.6187768772299],[-3.423039114224009,47.61863499402262],[-3.423187233201507,47.61864489151409],[-3.423246004480922,47.61857843544231],[-3.423501286885534,47.61903397215077],[-3.423562796225438,47.618768684455056],[-3.423663536870849,47.61871797649661],[-3.423646735714434,47.61880018107723],[-3.423779422885896,47.61879286664942],[-3.423812738026937,47.618736844495274],[-3.423933460639741,47.6190733650621],[-3.423985740257922,47.618953080848584],[-3.424063698487904,47.61915649474715]],[[-3.42427669310927,47.61804297766427],[-3.424172994651597,47.61795838518163],[-3.424266956053741,47.61796223597619],[-3.42427669310927,47.61804297766427]],[[-3.425165790839267,47.617108923776435],[-3.425035556269894,47.617025795233225],[-3.42516499276571,47.61699156533596],[-3.425165790839267,47.617108923776435]]]},"properties":{}}]}