{"type":"FeatureCollection","features":[{"type":"Feature","geometry":{"type":"Polygon","coordinates":[[[-3.498807097681791,47.653820442369884],[-3.498474363111234,47.65361320003849],[-3.498441104603303,47.6536692424536],[-3.498211297746809,47.653429168627476],[-3.498213216337128,47.653663879975504],[-3.498371302138401,47.65375441592414],[-3.498245108653046,47.653815637621534],[-3.498010785825581,47.65364806686889],[-3.497909386760914,47.65376393216187],[-3.49794659403174,47.653669707095375],[-3.497788372587881,47.65368755579214],[-3.497787140991147,47.65378697056244],[-3.497880193320232,47.653797290411504],[-3.497811367246428,47.65387593518811],[-3.497593743750118,47.65362614987715],[-3.49765373755268,47.65359704482876],[-3.497639184514783,47.653560397424386],[-3.497464402172423,47.65355207416076],[-3.497514085580647,47.65363058878828],[-3.497418961199444,47.65361782654586],[-3.497381184493768,47.653746372072916],[-3.497245273590262,47.653618473406546],[-3.497168900026437,47.65364982344227],[-3.497262791831666,47.65376200065407],[-3.496810437841329,47.6536697968113],[-3.496842603243134,47.65360478440307],[-3.497017385661164,47.65361310859643],[-3.497121268869452,47.65369763480085],[-3.496958944301936,47.65346283010428],[-3.497341492834654,47.65364020624274],[-3.497428952806095,47.65359017538674],[-3.497322879523832,47.65348770854461],[-3.497473298819659,47.65351545254509],[-3.497570749967616,47.653437770413746],[-3.497858175895911,47.65360238266682],[-3.498257832634778,47.65337238637288],[-3.498670357688766,47.65346680447057],[-3.499231515227875,47.65324586625648],[-3.499395077732571,47.653381253019894],[-3.499452830306277,47.65319740414294],[-3.499543573363638,47.65317428299733],[-3.499718222099821,47.65329098840162],[-3.499818955503786,47.65324021568257],[-3.499899443574511,47.65346151611428],[-3.500022216199402,47.65348176657203],[-3.499995795746637,47.65337486152893],[-3.500082025481821,47.65342424349287],[-3.50011199602138,47.65334128932035],[-3.500166064626117,47.65345568453845],[-3.500439258143637,47.65350367489925],[-3.500426946018793,47.653621770699615],[-3.500092979101354,47.653513947767436],[-3.49996350213056,47.65354826004712],[-3.499793365803392,47.65335905150766],[-3.499505802090945,47.65330282924094],[-3.499338553463927,47.65346568705249],[-3.499158295139357,47.65341251414852],[-3.498922607434245,47.65345274523537],[-3.498892634982788,47.65353569909803],[-3.498479973793783,47.65354966702092],[-3.498807097681791,47.653820442369884]]]},"properties":{}},{"type":"Feature","geometry":{"type":"Polygon","coordinates":[[[-3.496783191793512,47.65421320230248],[-3.496878455548611,47.654117579866096],[-3.496762528948012,47.653934378446856],[-3.496808109606029,47.6537602411154],[-3.496613203627482,47.65391560399558],[-3.4962815717125,47.653717325890206],[-3.496158799965488,47.65369707150524],[-3.496249405559205,47.65378233814018],[-3.49607133862775,47.65374710140788],[-3.495859197061459,47.65354216517422],[-3.495839212228665,47.653597467224174],[-3.495714251667647,47.653559271437295],[-3.495703446250459,47.65336118152077],[-3.495573013340482,47.65327813323141],[-3.495507585167613,47.65339918688945],[-3.49525081481647,47.65348574209374],[-3.495203465817854,47.65331678220935],[-3.495011030315905,47.65327331292952],[-3.494897015951542,47.65332482102088],[-3.494888260072973,47.6532530572051],[-3.49468350028775,47.65332768261793],[-3.494693350356729,47.65340841692457],[-3.494554163474312,47.65325360366909],[-3.494347358035781,47.65320190229147],[-3.494467652413001,47.65342098809837],[-3.494324895687102,47.653456033599724],[-3.493716805817285,47.653182832052515],[-3.493810689542409,47.65329501206511],[-3.493743068761984,47.653398123761036],[-3.493733220132883,47.653317389373875],[-3.493594985406022,47.65327993069921],[-3.493609501107263,47.653179776577026],[-3.493471266823807,47.65314231775332],[-3.493470317966299,47.65302496201218],[-3.493433626403579,47.653162476793796],[-3.493337409612694,47.653140740734706],[-3.493372716018929,47.653211025986565],[-3.493144976266114,47.65309726837815],[-3.493146362539689,47.652889468363654],[-3.492994560400266,47.65306951880057],[-3.492703870022202,47.652877983042075],[-3.492657329654663,47.65293476309965],[-3.492568919411299,47.65286743464359],[-3.492661706064507,47.6529706450975],[-3.492503484926114,47.65298848664566],[-3.492477079783144,47.65288157987565],[-3.492354311403705,47.65286132148508],[-3.492379917434479,47.65274248725849],[-3.491901973533352,47.65276909859968],[-3.491990234381066,47.65294481282275],[-3.492210460761386,47.652887393911186],[-3.492389616329944,47.6529316070442],[-3.492377286519531,47.65304970203126],[-3.492652512113186,47.65322403685134],[-3.492851657005356,47.65321294775378],[-3.492823062787439,47.6530881000805],[-3.492927084817176,47.65306424478918],[-3.493086254049591,47.653163758411175],[-3.493133888345793,47.65311594868386],[-3.493372570435006,47.65331941122603],[-3.493562816242757,47.653344942224564],[-3.49360468870624,47.65346905033088],[-3.493661222052474,47.65338461907197],[-3.493734024723631,47.65354313032216],[-3.493958629024173,47.653521590081404],[-3.493937836772071,47.65335115086401],[-3.494143259993497,47.65361065293279],[-3.494403315964704,47.65355101160884],[-3.494551401863769,47.65366920362963],[-3.494565915875526,47.65356904940906],[-3.494800227536019,47.65373662707567],[-3.494832395427631,47.65367161522303],[-3.494482023184052,47.65342921910981],[-3.494551831432319,47.653344047947904],[-3.494727564265407,47.65346973127926],[-3.49484828856973,47.65336366098461],[-3.495001847470229,47.65352670482796],[-3.49516910952592,47.65336385322826],[-3.495156643807605,47.653590333708074],[-3.495390004325959,47.65364055450069],[-3.495492931692543,47.65360772646158],[-3.495547414164716,47.653396968124234],[-3.49572177326356,47.653730449931125],[-3.495893131466713,47.65382024961775],[-3.495978403736971,47.65375227892126],[-3.49603122902236,47.65396609076949],[-3.496314413692312,47.65398643972525],[-3.496385314492797,47.653910237953745],[-3.496374088049769,47.65403730376135],[-3.496527792728727,47.65409196034895],[-3.496450601968368,47.65389756904712],[-3.496539018817187,47.65396489453021],[-3.496718320379971,47.65390071579798],[-3.496783191793512,47.65421320230248]],[[-3.494066078617583,47.65341626000707],[-3.493968766779711,47.653385553986446],[-3.494002029808532,47.65332951283587],[-3.494066078617583,47.65341626000707]]]},"properties":{}},{"type":"Feature","geometry":{"type":"Polygon","coordinates":[[[-3.491629139760988,47.6532719850347],[-3.491571807875538,47.6531306743304],[-3.491756582374434,47.653111355727745],[-3.491763294957448,47.65305679352364],[-3.491852798468281,47.65313309308869],[-3.49199132837102,47.652953783328485],[-3.491890588059329,47.65300454930774],[-3.491797802838866,47.65290133824342],[-3.491754543337941,47.652985029463046],[-3.491623023567306,47.652893006240646],[-3.491376094335645,47.653060287533634],[-3.49127440921063,47.652993697218854],[-3.490918136850053,47.65303159354534],[-3.490841911133255,47.6529545542049],[-3.490662605681952,47.653018723952826],[-3.490201367867093,47.65296311560092],[-3.49010281318234,47.65303182108307],[-3.489328565832008,47.652930411566835],[-3.489292171404688,47.65285115455155],[-3.488578687171458,47.652809578243264],[-3.48857743843434,47.65290899296148],[-3.488691458010739,47.65285749102453],[-3.48875221728253,47.6529173295191],[-3.4890995881357,47.65291606078425],[-3.489200022817224,47.653082067709924],[-3.489267651976951,47.65297895862582],[-3.489441337600093,47.652978323621454],[-3.489367147467594,47.65302760962746],[-3.489561764652632,47.65308902926204],[-3.489662507339686,47.653038265292565],[-3.490081728902309,47.65307815164026],[-3.489927881166903,47.653131871791565],[-3.490035185569623,47.653134930647596],[-3.489974272124034,47.653183478069714],[-3.490059398602555,47.653223896910184],[-3.490341483335989,47.653235289824664],[-3.490287436020041,47.65312089004883],[-3.490420199361671,47.65311350004129],[-3.490753050434596,47.65321238012123],[-3.490986555585595,47.65315422447729],[-3.491011864045082,47.65325216105535],[-3.49108495912762,47.65319390349796],[-3.491196639167462,47.65323284333926],[-3.491164467110178,47.65329785420598],[-3.491629139760988,47.6532719850347]],[[-3.490243080270564,47.65319561017883],[-3.490118124657374,47.65315740840025],[-3.490122651563756,47.653084905246494],[-3.490231049580109,47.653096934445315],[-3.490243080270564,47.65319561017883]]]},"properties":{}},{"type":"Feature","geometry":{"type":"Polygon","coordinates":[[[-3.507218264096611,47.652755255523964],[-3.50733469291511,47.65250490553897],[-3.507104733371793,47.6523732343653],[-3.507086092597608,47.65222073812228],[-3.506835065533481,47.652135400041445],[-3.506862831905448,47.652034503340275],[-3.506680259491574,47.65207178658253],[-3.506761129408717,47.6519679264663],[-3.506844073727004,47.651990392361675],[-3.50679328165933,47.65190291126195],[-3.506484886739602,47.651676269044856],[-3.506457119839348,47.651777165675135],[-3.506290255231001,47.651614877548916],[-3.506165172240242,47.65168507824441],[-3.506180760259144,47.651593892857775],[-3.506071265373418,47.6515729080638],[-3.505835470745715,47.65172153847522],[-3.505553390712326,47.65171018295103],[-3.505427210303579,47.65177141246897],[-3.50546143549744,47.651832723733094],[-3.50496901228568,47.65195954419008],[-3.504703617905518,47.651865971790635],[-3.504577436153149,47.651927200386076],[-3.50442701764148,47.65189946550654],[-3.504434690065794,47.6519622582642],[-3.504288779081711,47.651862019453745],[-3.504263199997987,47.65198085634306],[-3.504158089133766,47.651995751341886],[-3.503788681135426,47.65192604216881],[-3.503988666823024,47.6521406751284],[-3.503757621158288,47.65200002694565],[-3.503655797911263,47.652041832691914],[-3.503714381148771,47.65208372263094],[-3.503454467839706,47.652034999402055],[-3.50348527818295,47.6521777853451],[-3.503299289874412,47.652296537406926],[-3.503325716412378,47.6524034417634],[-3.503490507666501,47.65243940796105],[-3.503647627561968,47.65241258113366],[-3.503574672124978,47.65236246127232],[-3.503652260718708,47.65223169212176],[-3.503869183689028,47.65214734001829],[-3.503977458860243,47.65226774178345],[-3.504327017215607,47.65228436857864],[-3.504204369289571,47.65215573731887],[-3.503998654748221,47.652113023386335],[-3.504109369707828,47.65203459519381],[-3.504456611377634,47.652141666129054],[-3.504768656044119,47.65207006887637],[-3.504806169056299,47.6521582914921],[-3.505036243887927,47.6521815818924],[-3.504934543390135,47.65211500343393],[-3.505058532839497,47.65203583368389],[-3.505142572729317,47.65206727117356],[-3.505278741400971,47.65197839011898],[-3.505406993785101,47.65204348686314],[-3.505577508187408,47.65190753139637],[-3.505517827438559,47.651856672003404],[-3.506025716817237,47.651747049206186],[-3.506261152835146,47.65192357443095],[-3.506127178634951,47.652030397388025],[-3.506287585122962,47.65203047813839],[-3.506263345572267,47.651941515184475],[-3.506413765157008,47.65196924769974],[-3.506342881259288,47.65204545563212],[-3.506517660050056,47.65205376562367],[-3.506485507372674,47.65211878074706],[-3.506613761566621,47.652183876162034],[-3.506675755171452,47.65214429041449],[-3.506640194689902,47.652290779775186],[-3.506690986875815,47.65237826092369],[-3.506809373704801,47.65236262277995],[-3.50689317891022,47.65261082960108],[-3.507096704640758,47.652635597696026],[-3.507218264096611,47.652755255523964]],[[-3.507181843214479,47.65267600407477],[-3.506934221372821,47.65250919202735],[-3.506968684696486,47.65235373222577],[-3.507214112843025,47.65250260348352],[-3.507181843214479,47.65267600407477]],[[-3.506899015670017,47.65233052554321],[-3.506706692692565,47.65217869018691],[-3.506954430279796,47.65223711743527],[-3.506899015670017,47.65233052554321]],[[-3.50377844425291,47.65217046453506],[-3.503684416916589,47.65216667778177],[-3.50373094487854,47.652109893310474],[-3.50377844425291,47.65217046453506]]]},"properties":{}},{"type":"Feature","geometry":{"type":"Polygon","coordinates":[[[-3.509995583449236,47.65218477042489],[-3.510152810816626,47.65204954952428],[-3.5102113991634,47.652091436206014],[-3.510198234760483,47.651983792134764],[-3.510418326619784,47.65203472421442],[-3.510470221836556,47.6521311740688],[-3.51059639730848,47.652069939117304],[-3.510427214122497,47.651998101584034],[-3.510452779485237,47.65187926334694],[-3.510329895457231,47.651967409164996],[-3.510254740273057,47.651899352784994],[-3.510024552627855,47.65198445798883],[-3.510055603905684,47.65191047154599],[-3.509912861462993,47.6519455361159],[-3.509929540136515,47.65186332058459],[-3.509793491728996,47.65184382172844],[-3.509674994462729,47.65196784823356],[-3.509564400511312,47.65193789637198],[-3.509624422906776,47.651663597679146],[-3.509451838708606,47.6516732330286],[-3.509338068001049,47.65150798454963],[-3.509279367714571,47.65157448277328],[-3.509137836059842,47.65151013139912],[-3.5090076144018,47.651210327290464],[-3.508823949521734,47.6512386435436],[-3.508784236959798,47.65113248146168],[-3.508504352870934,47.65113907377074],[-3.508624700726751,47.65135814523792],[-3.50861240721478,47.651476242032544],[-3.508429952925418,47.65140514266041],[-3.508522538108567,47.651725111297466],[-3.508683172637657,47.651508418060054],[-3.508636879613625,47.651348433802895],[-3.508736504090911,47.651288682988444],[-3.509008597401746,47.65132768301452],[-3.50898302908665,47.6514465209699],[-3.509078152361762,47.651459273813906],[-3.509128834181412,47.65165513929206],[-3.509247105359388,47.651747884018896],[-3.509375475102496,47.65170459107306],[-3.509380846483115,47.65185782815554],[-3.509598630566107,47.65199920641903],[-3.509840885622672,47.65201277582881],[-3.50984625837101,47.65216601286519],[-3.509995583449236,47.65218477042489]]]},"properties":{}},{"type":"Feature","geometry":{"type":"Polygon","coordinates":[[[-3.486322806921699,47.65294412286956],[-3.486449012024839,47.65288291401886],[-3.486235497677666,47.652885760181746],[-3.48603214117909,47.65275257050371],[-3.486051042874363,47.65268829954432],[-3.485770054887973,47.652685866835625],[-3.485732572982966,47.65259763813614],[-3.485365370636081,47.65254581188188],[-3.485042694017392,47.652310881026345],[-3.485070176796773,47.65242676008055],[-3.484989426574913,47.65242221988434],[-3.484038894496047,47.65186095076917],[-3.483914276038986,47.65160597170067],[-3.483766054337278,47.651596151398955],[-3.483555061130229,47.65140016319187],[-3.483737977698721,47.65114614538525],[-3.483594292913003,47.65106382188035],[-3.483407171711759,47.65117357175631],[-3.483277855777558,47.651099480245],[-3.483147281389354,47.65112480334041],[-3.482861006613268,47.650969125296434],[-3.482680015362204,47.65069018557613],[-3.482463232563385,47.65066611303971],[-3.482438108810717,47.6504597890978],[-3.482160409583706,47.65048425952725],[-3.482075461985247,47.6503354494881],[-3.482171837457394,47.650248809458795],[-3.482141085265817,47.650106017757786],[-3.481983792645045,47.650241201099824],[-3.481864479973498,47.650139458099595],[-3.481913382714656,47.6499922380782],[-3.481752982398838,47.64999212387126],[-3.481743152540934,47.649911388330835],[-3.481509651508468,47.649969525603794],[-3.481470746895125,47.65008909561319],[-3.48135908053436,47.65005014641376],[-3.481446210002093,47.65021689823032],[-3.481499482636527,47.65010556085916],[-3.481734076481439,47.65005639422594],[-3.481928336395896,47.65033459745973],[-3.482033450189229,47.65031972244307],[-3.482069663570715,47.65050736720709],[-3.48237702359448,47.65061671800559],[-3.4823613951809,47.65070790025947],[-3.482547256979039,47.65069756679979],[-3.482757151310376,47.65088458629663],[-3.482729339953479,47.650985477326245],[-3.482818994086752,47.65095339853903],[-3.483000153606278,47.65112395266183],[-3.483062163496419,47.65108437942079],[-3.483110730952019,47.65115392967401],[-3.483491197483028,47.651205024829316],[-3.483464314163499,47.651423271943656],[-3.483631108736435,47.65158559267234],[-3.483949404293976,47.65178464516923],[-3.48400780717139,47.651934930296996],[-3.484184767428231,47.65196121486002],[-3.48476045222708,47.65240786059606],[-3.485173876529295,47.652619682224866],[-3.485177479502686,47.65242982339803],[-3.485336470480427,47.652637732875114],[-3.485525617113972,47.65265430639713],[-3.485664776234354,47.65280913045323],[-3.485899378128008,47.65275995552761],[-3.486322806921699,47.65294412286956]]]},"properties":{}},{"type":"Feature","geometry":{"type":"Polygon","coordinates":[[[-3.481356386296005,47.650357361367746],[-3.481129776454021,47.65025255079408],[-3.481097934948683,47.65010078819818],[-3.480971901053639,47.65005360595737],[-3.481050463166184,47.650040207691916],[-3.480817302974446,47.649881572760826],[-3.480488687314349,47.64992693213723],[-3.480111853585729,47.64968596822993],[-3.47981358478776,47.649431605639016],[-3.479780655654047,47.649270871982296],[-3.479307103702956,47.649333314408956],[-3.479149063353169,47.6492427524653],[-3.478823725312925,47.64931501910349],[-3.478789181951357,47.6494704708419],[-3.478601140364622,47.64946285703654],[-3.478595155258453,47.649743160083055],[-3.478382744694041,47.64975496254929],[-3.478359292193397,47.64989173518779],[-3.478032680808618,47.65006341435519],[-3.477840271033925,47.65001991672809],[-3.477789528398992,47.64993242293815],[-3.477902814466534,47.64965518996209],[-3.477777875981428,47.64961697491861],[-3.477643850556519,47.649723765343175],[-3.477804250056596,47.64972388519042],[-3.477647684055132,47.65008480418419],[-3.477669691998045,47.650155831848686],[-3.477840093906813,47.650128302126916],[-3.47782991564882,47.65026433705154],[-3.477923023182429,47.65015078856956],[-3.478274919029074,47.65007704921416],[-3.478566244957409,47.649835079536295],[-3.47875537955202,47.649851664040376],[-3.47871463615964,47.64973652102609],[-3.478786472945387,47.64977768582945],[-3.479130722808808,47.649641149370225],[-3.479645196349375,47.64958546495582],[-3.4795966348388,47.64951591320541],[-3.479775768632485,47.64956014575317],[-3.479805768570866,47.64947719662352],[-3.480788054149361,47.650190263562685],[-3.480944086754164,47.65015449660585],[-3.480995926859042,47.650250959637034],[-3.481356386296005,47.650357361367746]]]},"properties":{}},{"type":"Feature","geometry":{"type":"Polygon","coordinates":[[[-3.47755947517299,47.64990907886921],[-3.477643673031395,47.64983215075846],[-3.477478907261312,47.64979614806636],[-3.477554550790737,47.64953906933551],[-3.477259034404444,47.649636768475325],[-3.477179558969433,47.64953280810953],[-3.477303583592972,47.649453667705416],[-3.47707698555036,47.64934884922328],[-3.47712026512444,47.64926516327928],[-3.476945679000184,47.64914842386254],[-3.476878030884989,47.64925152602101],[-3.476436663347461,47.6492489497479],[-3.476432118169634,47.64932145251576],[-3.4762287997282,47.649188245531626],[-3.475971108075102,47.6491574024477],[-3.47557684182003,47.64877289302229],[-3.475323516955983,47.64877793121885],[-3.475258048362821,47.64889897382058],[-3.475340065733378,47.64880410596594],[-3.475390803278719,47.648891600871],[-3.475545744562186,47.64884687041795],[-3.475707960849653,47.649081705415156],[-3.476140055269921,47.64933767540465],[-3.476225345536877,47.64926971896411],[-3.476317003036229,47.649363971917154],[-3.476724001499861,47.6494136143343],[-3.476789108879728,47.649509341814394],[-3.476845843782809,47.64931653308012],[-3.476980782301746,47.649327099654535],[-3.477006063237922,47.649425039460084],[-3.477170827542968,47.64946104282586],[-3.477053351157625,47.64959400705657],[-3.477070813761543,47.64973753762811],[-3.477185750644968,47.64980340290864],[-3.477443801983096,47.64961747246774],[-3.477329422148294,47.6498857343471],[-3.47755947517299,47.64990907886921]]]},"properties":{}},{"type":"Feature","geometry":{"type":"MultiPolygon","coordinates":[[[[-3.470100385272733,47.64929790415158],[-3.470036197258968,47.64926111380412],[-3.470127139154773,47.64912963001712],[-3.470246619735071,47.64912299961627],[-3.470100385272733,47.64929790415158]]],[[[-3.470095323838486,47.64930395788383],[-3.470024909046099,47.64938817738227],[-3.46970469305363,47.6490627598096],[-3.469536664613661,47.64899983370739],[-3.469518834465418,47.64907307285208],[-3.469268076858561,47.64887926849397],[-3.469074358056896,47.64881361861586],[-3.469214079138758,47.648764858715786],[-3.469404297138875,47.648790429102],[-3.469485936565083,47.64891233626569],[-3.469562319608266,47.648881004245624],[-3.469989635926239,47.64931788493937],[-3.470095323838486,47.64930395788383]]],[[[-3.469058990605624,47.648808410678825],[-3.468947478164456,47.64877061969002],[-3.46864541038787,47.64881447264343],[-3.468625203279835,47.648978155622125],[-3.468586662358043,47.6488809505114],[-3.468390994735327,47.6488105250678],[-3.468132022702068,47.64887907939959],[-3.467761593554932,47.648800285487596],[-3.467884540593251,47.64871218429869],[-3.468160950459982,47.6487871624827],[-3.468342841429685,47.64852419768271],[-3.468509973085629,47.648469769299936],[-3.468705443938447,47.6486485800248],[-3.469048232306926,47.64871987337833],[-3.469058990605624,47.648808410678825]]]]},"properties":{}},{"type":"Feature","geometry":{"type":"Polygon","coordinates":[[[-3.470836714664838,47.64946956318642],[-3.470612501710517,47.64927428818047],[-3.470705431258347,47.64926913082699],[-3.470787074389744,47.649391037051174],[-3.47075545433203,47.64913088613218],[-3.470628533328354,47.64896633654265],[-3.470352119066105,47.64889136420255],[-3.470368857739738,47.64880915419659],[-3.47044524011675,47.64877782159771],[-3.47051251604683,47.64889149405864],[-3.470518159526862,47.64882796223074],[-3.470728387478538,47.64879823260663],[-3.470796754381537,47.64892087562604],[-3.47116372693975,47.649081133202245],[-3.470623465314254,47.648704712004175],[-3.470482372045603,47.64842354277563],[-3.470253611297302,47.64830076954912],[-3.470169405201246,47.648377692396316],[-3.470369050038788,47.648700768734955],[-3.470276121448324,47.64870592582245],[-3.470324477682604,47.64888386693244],[-3.470139710070463,47.64890315169056],[-3.470134066131864,47.64896668349771],[-3.47024443922422,47.64910505816239],[-3.470232446440749,47.649006380162355],[-3.470399577679451,47.648951949090645],[-3.470627059460763,47.64917413670754],[-3.470499754681625,47.64922635786491],[-3.470629946883812,47.649417819738005],[-3.470836714664838,47.64946956318642]]]},"properties":{}},{"type":"Feature","geometry":{"type":"Polygon","coordinates":[[[-3.47173528865407,47.64927519004751],[-3.471695651351327,47.649169015264576],[-3.471799675182737,47.64914517873103],[-3.471988281712047,47.648827647129444],[-3.471838078205696,47.64869148479555],[-3.471885916763744,47.64853529814564],[-3.472227806598012,47.64848922598604],[-3.472292190978203,47.6483592143449],[-3.47255077941202,47.64850742174552],[-3.472820650709474,47.648528564666826],[-3.472958671500073,47.64867443347991],[-3.473282736441794,47.64870159791813],[-3.473301279374436,47.64885409981951],[-3.473345655238584,47.64877938595201],[-3.473565512872804,47.64893877297746],[-3.473918682704415,47.64876563192754],[-3.474187280395393,47.64888618645858],[-3.474365500827371,47.64881307116194],[-3.474576633801214,47.648900690767334],[-3.474825595234659,47.64885977144913],[-3.474944891622338,47.648961521703704],[-3.475075464608747,47.64893620774486],[-3.475245681567466,47.6490170672462],[-3.4753166058513,47.648940878061595],[-3.475402805576118,47.64899027834734],[-3.475405169886619,47.64889983424757],[-3.475198217393765,47.64895648432842],[-3.47485669349847,47.64878579424562],[-3.474683021351967,47.648786407575315],[-3.47466410734593,47.64885067682636],[-3.474270574949419,47.64869190457731],[-3.474178737659763,47.64870603545969],[-3.474241657768028,47.64878382301095],[-3.474084533784383,47.64881061035138],[-3.473992881179148,47.64871635562007],[-3.473783746211902,47.648755061814065],[-3.473602438465748,47.648692878667354],[-3.473531512063925,47.64876906682139],[-3.473243096485943,47.64859542362834],[-3.473080518945758,47.648577356114394],[-3.473074878543176,47.64864088807434],[-3.473037420471976,47.648552655117776],[-3.472945583095423,47.648566785032045],[-3.472929222663879,47.64843222446162],[-3.472667173977511,47.6483654912583],[-3.471849596474707,47.647796751804],[-3.471561712455485,47.64795723164696],[-3.471802091425604,47.64839545120332],[-3.47157659914724,47.64829959271383],[-3.471413832897858,47.648389908365594],[-3.471682423038013,47.648510468677785],[-3.47171769785415,47.64858076063931],[-3.471618226750546,47.64853209449948],[-3.471587124144695,47.648606070850875],[-3.471918632510408,47.64880441955236],[-3.471816790423978,47.6488461976232],[-3.471740598267761,47.64876914565745],[-3.471772222914303,47.64902929635896],[-3.47169019885415,47.649124161698175],[-3.471234847678336,47.64889656104583],[-3.47114390890941,47.649028045710885],[-3.471231195332078,47.64908641979029],[-3.471370684199274,47.64902449027032],[-3.471457780775738,47.649191249622234],[-3.471655824520207,47.64917122590557],[-3.47173528865407,47.64927519004751]]]},"properties":{}},{"type":"Feature","geometry":{"type":"Polygon","coordinates":[[[-3.463929232311802,47.64849803754769],[-3.463731805507901,47.64819289175766],[-3.463550305240511,47.64823907847914],[-3.463513539861138,47.648376584200754],[-3.463375339159612,47.648339089686345],[-3.463302220478096,47.64839733005633],[-3.463106768653127,47.64821851027007],[-3.462989467246157,47.648243074971205],[-3.463005335295885,47.64804350970731],[-3.462858216334962,47.648042633668396],[-3.462828190857683,47.64812557850733],[-3.462659965523512,47.648171027971244],[-3.462590945528681,47.64782263835085],[-3.462397676004463,47.64766175893523],[-3.462304331100623,47.64788368069262],[-3.462308015127733,47.64769382210927],[-3.462205078761508,47.647726621019665],[-3.461936513982331,47.64760603887523],[-3.461952637047701,47.64784898654285],[-3.461919972151752,47.64757986221395],[-3.46181942304436,47.647522216895915],[-3.461781564895705,47.64765075131164],[-3.461585032135722,47.647462958096895],[-3.461619414251646,47.64741589681039],[-3.461634820218186,47.64742270578637],[-3.461702542372231,47.647330009271364],[-3.461428116145314,47.64738134291635],[-3.461375436039813,47.64716751471202],[-3.46114561294853,47.64703575275604],[-3.461079903170567,47.6472651730554],[-3.460904270042036,47.64713943873115],[-3.460952592194126,47.647024562133055],[-3.461057041040199,47.647076785802],[-3.461114918876666,47.64689295528748],[-3.460959683036215,47.647007704979515],[-3.461028735769117,47.64684354440879],[-3.460840705978811,47.64683590201352],[-3.460826130498394,47.64693605238865],[-3.460696644254735,47.646970321277344],[-3.460679650547854,47.6466100169348],[-3.460937321055261,47.64664089378022],[-3.460862024782717,47.64668119102472],[-3.460921657170028,47.64673207335261],[-3.460940586976941,47.64666780625587],[-3.461242438102713,47.646732358733814],[-3.461433944203059,47.64665852738184],[-3.461270955021695,47.64685721453859],[-3.461356927777722,47.64701501078579],[-3.461449854284795,47.647009860786795],[-3.461526697308894,47.64731266141827],[-3.461662926478056,47.647223830978454],[-3.461871854680669,47.64729353197946],[-3.461866201068255,47.647357063440246],[-3.461978056899119,47.64728764579313],[-3.462303659562913,47.64765793887846],[-3.462393320381962,47.64762587570717],[-3.462378075749347,47.64750028440241],[-3.462440977231867,47.64757807835578],[-3.462595925554893,47.647533365043266],[-3.46268714019776,47.64784439978297],[-3.462612932495509,47.64789366893358],[-3.462757457584607,47.64809337466069],[-3.462837110371343,47.648088959428165],[-3.462832962022643,47.647944690732984],[-3.462991178114801,47.6479268893099],[-3.463307872490919,47.64833379856056],[-3.463519191620154,47.64831305269405],[-3.463511774097805,47.64814187165736],[-3.46374746501994,47.64810171187809],[-3.463919635096647,47.648308914974244],[-3.464007117659511,47.648258908995764],[-3.463929232311802,47.64849803754769]],[[-3.461635773557826,47.64742312713383],[-3.461746513593182,47.64747207080086],[-3.461734536892204,47.647373391845186],[-3.461635773557826,47.64742312713383]]]},"properties":{}},{"type":"Feature","geometry":{"type":"MultiPolygon","coordinates":[[[[-3.510022858420184,47.64289875061292],[-3.509902299938239,47.64289645131963],[-3.509874768145378,47.64278057753513],[-3.509819714129952,47.64274777621441],[-3.509992035941701,47.642755965703174],[-3.510022858420184,47.64289875061292]]],[[[-3.509816134348858,47.642745643369516],[-3.50951441581817,47.64256587750032],[-3.509509916151119,47.642638381800786],[-3.509442545373944,47.64258462037924],[-3.509550945959947,47.642536742779576],[-3.509429404550621,47.642417086740565],[-3.509647262733403,47.64245007974368],[-3.509703402632394,47.642548337694436],[-3.509586379328129,47.64249863765734],[-3.509773079527464,47.64271400296125],[-3.509766279564703,47.6426583865613],[-3.509816134348858,47.642745643369516]]],[[[-3.509310899073793,47.64264276472818],[-3.509379261876991,47.64277212017074],[-3.509251026929814,47.64270702747148],[-3.509077261320416,47.64281607777169],[-3.509170402831075,47.64259411810402],[-3.5088806940192,47.64251997780358],[-3.508595257639316,47.64259010424154],[-3.508596468842496,47.64249068877766],[-3.508695962396878,47.642539323587705],[-3.508618629434011,47.64245332502456],[-3.509044589300323,47.642330194221024],[-3.509052578375181,47.6422650700403],[-3.509103166106352,47.6423720816706],[-3.508992478533222,47.64245051498921],[-3.509171612962869,47.64249470263439],[-3.509165032987199,47.642440880271856],[-3.509364134202822,47.642429762973585],[-3.509362924431161,47.642529178448555],[-3.509235786761583,47.64247305611627],[-3.50931531412601,47.64257699505387],[-3.509199143081417,47.64261057660179],[-3.509246640207041,47.64267114590361],[-3.509310899073793,47.64264276472818]]],[[[-3.509053407784665,47.6422583089712],[-3.509057976387693,47.642221067213946],[-3.509220546726989,47.64223908473063],[-3.509151003433417,47.64210749338365],[-3.509237223433437,47.64215686888212],[-3.509239530096981,47.64206642378418],[-3.509365570113046,47.64211357573073],[-3.509172180286218,47.64195277322904],[-3.509043833836463,47.64199606617159],[-3.509027384398068,47.64186151020892],[-3.509500496846087,47.642124104791755],[-3.50932113706564,47.64229668940873],[-3.509053407784665,47.6422583089712]]]]},"properties":{}},{"type":"Feature","geometry":{"type":"MultiPolygon","coordinates":[[[[-3.460677502068219,47.64714297386347],[-3.460638813380436,47.64703075819193],[-3.460759542661107,47.6470481161573],[-3.460677502068219,47.64714297386347]]],[[[-3.460615632219848,47.64696352151993],[-3.460595009029535,47.64690370406109],[-3.460357356557652,47.64681753029759],[-3.460436582704517,47.64702988779431],[-3.460338425995172,47.64688179729481],[-3.460082056358758,47.6467515044109],[-3.460037214952242,47.64649208579937],[-3.459663549067343,47.64638635361436],[-3.459721430955612,47.64620252372394],[-3.459604132422021,47.646227085052566],[-3.459606523388337,47.64613664114392],[-3.459448311475364,47.646154438000835],[-3.459339060842438,47.646025023770356],[-3.459213929208167,47.646095174403435],[-3.459293364519067,47.6461991471716],[-3.459141897387778,47.64616238308184],[-3.459031559174513,47.6460239977195],[-3.458799138687083,47.646091060573845],[-3.458942771821741,47.64617341477528],[-3.458846581692152,47.64615165024181],[-3.458857464495828,47.64624135870975],[-3.458704909289249,47.6461956232076],[-3.458686408996633,47.64604311878122],[-3.458491420233909,47.646198418690574],[-3.458553226283575,47.64626724393961],[-3.458479016957792,47.64631651050538],[-3.458347571021166,47.64622444952203],[-3.458351269012042,47.646034590899454],[-3.458203067498595,47.64602473814649],[-3.458096650160688,47.646139006496725],[-3.457780660926362,47.64595782472443],[-3.457804816923348,47.64604679799576],[-3.457579141451212,47.64605929797441],[-3.457505149933753,47.646000178335235],[-3.457702098984877,47.6459712073737],[-3.457358474129038,47.64578252416939],[-3.457232252458649,47.64584370182683],[-3.457190901405568,47.64605370787268],[-3.456944115462484,47.64611253140854],[-3.456941071154569,47.645977233221586],[-3.456755220849105,47.64598752597987],[-3.456697989150022,47.64584619764331],[-3.456530853664947,47.645900609205626],[-3.456560447006561,47.64603443708308],[-3.456396574387731,47.64611576105366],[-3.456324759807461,47.646074582409305],[-3.456416817922838,47.645952079947286],[-3.456261869014265,47.64599678510284],[-3.456227704100669,47.645935459254744],[-3.456167855945801,47.64599296010602],[-3.456128252057448,47.645886779862984],[-3.456082766682554,47.645952516429304],[-3.455980051365057,47.64587692428974],[-3.455925641924199,47.645979279391845],[-3.455750890944902,47.64597089370986],[-3.455738925668518,47.645872214062756],[-3.455559824188769,47.645827944584795],[-3.455644047320409,47.645751032164526],[-3.455540022891076,47.64577485435807],[-3.455541333012254,47.64567543963139],[-3.455424676122209,47.645925738853705],[-3.455381810694743,47.645792645712305],[-3.455466034027249,47.64571573341894],[-3.455343296199267,47.64569543607359],[-3.455284535032144,47.64576190736113],[-3.455336992944711,47.64553322516792],[-3.455220781521335,47.64556675298729],[-3.455068454725997,47.645412627100946],[-3.454959856671628,47.64550895086036],[-3.454777494316143,47.64543776751529],[-3.454622736000025,47.645924983821345],[-3.454503485156164,47.645823212662236],[-3.454605335025857,47.64578144961565],[-3.45446039750749,47.64579850477918],[-3.454424059738067,47.64571923661765],[-3.454377484886832,47.64577600163593],[-3.45411809799542,47.645510397305635],[-3.454043885627482,47.64555966107406],[-3.453996448602142,47.64549906943753],[-3.453978372714839,47.64568069195238],[-3.45384888512025,47.64571495327508],[-3.453648264091106,47.645382877317004],[-3.453464589937274,47.645411106642534],[-3.453407367571778,47.645269776651915],[-3.45312642016213,47.64526726544469],[-3.453150162564797,47.645022111908915],[-3.453018273956092,47.64514681615003],[-3.453154917307895,47.645392123324804],[-3.452998020301734,47.6453104967361],[-3.45298343051855,47.64541064621206],[-3.452948410148339,47.64523196285471],[-3.452857660423565,47.645255047911675],[-3.452791513928987,47.64515033598191],[-3.452860518478391,47.644947832817394],[-3.452686858577017,47.64494841345693],[-3.452729085606768,47.64485576544825],[-3.452331470807232,47.6451035488508],[-3.45230989893355,47.64536664403304],[-3.452319283101492,47.64511325444696],[-3.452154548996926,47.64507721596112],[-3.452212226169053,47.645001775309815],[-3.452295136673579,47.645024279998545],[-3.452288842764231,47.64486206887186],[-3.452139558502568,47.6448432375082],[-3.451963265404975,47.64504264653021],[-3.452089261806649,47.645089860177876],[-3.451973049308339,47.6451233847749],[-3.451944953043524,47.64533265439843],[-3.45218607596677,47.645337372455934],[-3.45213949906811,47.64539413659342],[-3.45228420720977,47.64548546992199],[-3.452324261030515,47.64537488026204],[-3.452322944923126,47.645474294968146],[-3.452276368050547,47.64553105915614],[-3.451982144342565,47.64552927987501],[-3.451868334872324,47.64547236057666],[-3.451928187076298,47.645414861912045],[-3.45183200117554,47.64539309159563],[-3.451820273237939,47.64518602589095],[-3.451657713344831,47.64516792854021],[-3.45165468249451,47.645032630149245],[-3.451518672833743,47.64501306338589],[-3.451429471381106,47.64482834697026],[-3.451236015208211,47.64477583449934],[-3.451066079659853,47.644586554190155],[-3.450920057341523,47.64459463404612],[-3.450759905441941,47.64448609163261],[-3.450143833406758,47.644475022629805],[-3.450107502950793,47.64439575307139],[-3.44999563774091,47.644465159459195],[-3.450010618728483,47.644699138233115],[-3.450107269513234,47.6445041387393],[-3.450070238553056,47.64475002615089],[-3.449944010969728,47.64481119596802],[-3.44988920593852,47.64457942042683],[-3.449866769421158,47.644725158644285],[-3.449752729763508,47.64477662291357],[-3.449673080839559,47.64478102923466],[-3.449651346744958,47.644601610447566],[-3.449359301553309,47.64461776644081],[-3.449395396164168,47.644805421872164],[-3.449312252168627,47.64489130076775],[-3.449290284143971,47.64482026757226],[-3.449134245932588,47.644855992360206],[-3.449112893855734,47.64501070135467],[-3.449046755012509,47.64490598729182],[-3.448852592939029,47.64517862777837],[-3.448685073984237,47.644898900300014],[-3.448352115764154,47.644908285628894],[-3.447350828720289,47.64502687963591],[-3.446963443692898,47.64513861213525],[-3.446864001586889,47.645089924838565],[-3.44687051904799,47.645143750618686],[-3.446358226494102,47.64521723279787],[-3.445508141724048,47.64548097727698],[-3.445401941286887,47.6454868484997],[-3.445365617186321,47.64540757750881],[-3.445897946447168,47.64527880595522],[-3.445430906358296,47.645394937051016],[-3.445515986658348,47.645435388495855],[-3.446861829102778,47.645071982911425],[-3.449006079504136,47.64479083363054],[-3.449147991556244,47.64463848673994],[-3.449044437591047,47.64444553184426],[-3.449122999457151,47.644432155005354],[-3.449154746639623,47.64458392674994],[-3.449321885521186,47.644529525701124],[-3.449280358188365,47.64429701549703],[-3.449484912081881,47.644330854973056],[-3.449408288908529,47.644470559610966],[-3.449477922652311,47.64449380065654],[-3.44958241629819,47.64425321250036],[-3.449812432887491,47.64427661171457],[-3.44972253591915,47.644417050960044],[-3.449821979379283,47.64446573584099],[-3.449734489743399,47.644515731297716],[-3.449807383866296,47.64456588496434],[-3.450011786892615,47.64415720988849],[-3.45013886625193,47.64421339659937],[-3.450222007860907,47.64412751708527],[-3.450569322370413,47.64412636287429],[-3.450557988890419,47.64425342490813],[-3.450694228507579,47.64416460711537],[-3.450852205516187,47.64425520777651],[-3.450688561918975,47.64422813813825],[-3.450658519672136,47.644311080014056],[-3.450717052805644,47.64435299668042],[-3.450790179680232,47.644294764063346],[-3.4508473940685,47.64443609540732],[-3.451081991213592,47.64438699016744],[-3.451279793711381,47.64447538660569],[-3.451278475680303,47.64457480134657],[-3.451520682135047,47.644588491703836],[-3.451428615132227,47.64471099039521],[-3.451580303276039,47.64463937885404],[-3.451634259012238,47.64475379702382],[-3.451676487715526,47.644661149386195],[-3.451801395897975,47.644699392433054],[-3.451829659699123,47.64493263632037],[-3.451911712621504,47.64483778471762],[-3.452325634646288,47.64472456643142],[-3.452506675542805,47.64489516836766],[-3.4524707985682,47.644599128245225],[-3.452725421079684,47.644494724823524],[-3.452912126469028,47.64460179504477],[-3.452999613268778,47.64455179721101],[-3.452985023696023,47.64465194672671],[-3.453087959797549,47.64461915588607],[-3.453245942215975,47.644709753289334],[-3.453228091142472,47.644782990110535],[-3.453420461962126,47.6448265283793],[-3.453419147910527,47.64492594312615],[-3.453582795032781,47.64495300893027],[-3.453749026384644,47.64533214410798],[-3.453935326319581,47.64510508486298],[-3.454139024047523,47.64502155963933],[-3.454201910596349,47.64509935812787],[-3.45431594665254,47.64504788952497],[-3.454290259549337,47.645166715874666],[-3.454472844902566,47.645129514355155],[-3.454569894568182,47.64526863902569],[-3.454747042222339,47.64518658262318],[-3.454834304422156,47.64524496906613],[-3.454952050193354,47.64500364123316],[-3.455391206214908,47.644988356891126],[-3.455687380395137,47.64511645499664],[-3.45560098290083,47.64517542570997],[-3.455641672934043,47.64529057705202],[-3.455720234390173,47.64527719578333],[-3.455659076535749,47.64543411114007],[-3.455757661527067,47.64536543443951],[-3.455886925345721,47.645439556621675],[-3.456167873792209,47.64544206119126],[-3.456132842738107,47.6452633787914],[-3.456369614341836,47.64523220470974],[-3.45660507754364,47.645300444911015],[-3.456511933113468,47.645413976690705],[-3.45656263656176,47.64550147992299],[-3.456603769413487,47.64539985966902],[-3.456755232631561,47.64543662706349],[-3.456663176182353,47.64555912982501],[-3.456820299333637,47.64553236586485],[-3.456788529784389,47.64538059627866],[-3.456864695510424,47.64545765812831],[-3.456899080497271,47.645410598181606],[-3.457122358245533,47.645488543404795],[-3.457195041594807,47.64564707805395],[-3.4571776337921,47.64550354421064],[-3.457329316473185,47.64543192523582],[-3.457331711259549,47.64534148133631],[-3.457494273605266,47.64535957079155],[-3.45750602359879,47.645566635907464],[-3.457667716706869,47.64546736863534],[-3.457802423878385,47.64558634299826],[-3.457879897123861,47.64556398942009],[-3.457863140227349,47.64564619777514],[-3.458070969150056,47.64570693477102],[-3.457900571166606,47.645734435727924],[-3.458059653197264,47.64583399742734],[-3.457999807130299,47.64589149921993],[-3.458173470042688,47.6458909106844],[-3.458319278045462,47.64599120736906],[-3.458330593413371,47.645864144697995],[-3.458412419637837,47.645877674182785],[-3.45835953642017,47.645772230063734],[-3.458686625015032,47.64593473318369],[-3.458704468982025,47.645861495572646],[-3.458873778680263,47.64582502259694],[-3.459142542666245,47.645837226288556],[-3.459312066735073,47.64569236706525],[-3.459641334553367,47.645872809207575],[-3.459939893140009,47.645359553616416],[-3.460311375360604,47.64544734330099],[-3.460376448456016,47.64554308012146],[-3.460018262214032,47.64600545400263],[-3.459929691148974,47.64604648621608],[-3.459715328260923,47.645931927497955],[-3.459667670439757,47.6459797237787],[-3.459910760344957,47.64611075316984],[-3.459891615923987,47.646283405704565],[-3.460005222340654,47.64644870274091],[-3.460077253460162,47.64638149354032],[-3.460141238771891,47.64646825961111],[-3.460080092553282,47.64662517718423],[-3.460176071044147,47.64675532625694],[-3.460314265395591,47.646792824586],[-3.46028683928077,47.64667693937477],[-3.460377588209282,47.64665384856509],[-3.460429387731516,47.646750320892856],[-3.460566705869858,47.64667046253494],[-3.46070251114585,47.64679840430789],[-3.460606107049394,47.64688502678363],[-3.460615632219848,47.64696352151993]],[[-3.448920525887017,47.644967155998295],[-3.448879850604416,47.64485200229675],[-3.448823255451532,47.644936412254985],[-3.448920525887017,47.644967155998295]],[[-3.454045423973899,47.64535186073134],[-3.454139661011967,47.645247301809334],[-3.454053712446697,47.645089500107375],[-3.453924000646732,47.64523214715844],[-3.454045423973899,47.64535186073134]],[[-3.454983367221418,47.6453721826114],[-3.454911778415327,47.64522261745194],[-3.45485736759252,47.64532497209148],[-3.454983367221418,47.6453721826114]],[[-3.4560183651036,47.64553162041066],[-3.456077125103005,47.64546514874611],[-3.455985288551297,47.64547926535339],[-3.4560183651036,47.64553162041066]],[[-3.456849893196952,47.64566619369466],[-3.456875574840685,47.64554736681323],[-3.456762628102905,47.64560780876982],[-3.456849893196952,47.64566619369466]]]]},"properties":{}},{"type":"Feature","geometry":{"type":"Polygon","coordinates":[[[-3.446235493277951,47.64519692588046],[-3.446842036739509,47.645018891190155],[-3.448670948934208,47.644782277978464],[-3.448645581302589,47.644241818205394],[-3.448395159129543,47.643939582884194],[-3.44815753956257,47.64385338417635],[-3.447526028097801,47.6438250936621],[-3.448056774745596,47.6439041126025],[-3.448256743350423,47.64401045609551],[-3.448468190636528,47.64443225106636],[-3.448443103668104,47.64477681842402],[-3.448147797795176,47.644766058536874],[-3.44824506753097,47.64479680284519],[-3.446838778029305,47.644991978297774],[-3.446235493277951,47.64519692588046]]]},"properties":{}},{"type":"Feature","geometry":{"type":"Polygon","coordinates":[[[-3.445410773062251,47.644014304414156],[-3.445135992889604,47.64373147183357],[-3.445362147574096,47.64350222446102],[-3.445655516352574,47.64338666371548],[-3.445945383821723,47.64335257500902],[-3.446312243436517,47.64351291108618],[-3.446551790170135,47.64372544121325],[-3.446822713176234,47.64375561520053],[-3.446291366085329,47.643450848252265],[-3.446267230460294,47.64336187248147],[-3.445815052839202,47.64326947076718],[-3.445352617060742,47.643313099875705],[-3.444825491262769,47.64359510973537],[-3.445410773062251,47.644014304414156]]]},"properties":{}},{"type":"Feature","geometry":{"type":"Polygon","coordinates":[[[-3.448114693925085,47.643720288226],[-3.448201097336079,47.6436613230037],[-3.448151733181477,47.643474401302484],[-3.447613015493949,47.64299845785239],[-3.447360801701407,47.643012406410364],[-3.446384528832699,47.64333732450485],[-3.446383201709916,47.643436739249196],[-3.446848176174703,47.643745176109846],[-3.446932408574775,47.643668269885964],[-3.446743305801713,47.64365163382365],[-3.446990331371483,47.64348444604427],[-3.446985746676955,47.64355694787951],[-3.447279959343076,47.64355873974357],[-3.44712911527447,47.643747702414565],[-3.447365885411522,47.64371654655323],[-3.44738483047423,47.643652281552605],[-3.447446619249433,47.64372111276694],[-3.448114693925085,47.643720288226]],[[-3.447380724246345,47.64350801197821],[-3.447196445656062,47.64331048907108],[-3.447265229853964,47.64321637475218],[-3.447366841414309,47.643283003689504],[-3.447254974972532,47.64335240749356],[-3.447395562965189,47.64329947737868],[-3.447456265038784,47.643359337633925],[-3.447448422067293,47.643404926594556],[-3.447362257248633,47.64335550554711],[-3.447380724246345,47.64350801197821]]]},"properties":{}},{"type":"Feature","geometry":{"type":"Polygon","coordinates":[[[-3.423925640057443,47.64503756483708],[-3.424200662398482,47.64476954803798],[-3.424222372618781,47.64450645798005],[-3.424433406176014,47.644594168363376],[-3.424519837166029,47.64453522068248],[-3.42452957945298,47.644615961241534],[-3.424705688615718,47.64452497918861],[-3.424978768422334,47.644573146154734],[-3.424999107740607,47.64440947037285],[-3.424820321484462,47.644256768127626],[-3.424884816249776,47.64412678234393],[-3.424804083732033,47.64412220054208],[-3.424747223604463,47.64387247078915],[-3.424845275996321,47.64402059140315],[-3.425055226099889,47.64409932951311],[-3.425230534041399,47.64389098983285],[-3.425178002433292,47.64367714494329],[-3.425075849280334,47.64382726803306],[-3.425072885903141,47.64369196886587],[-3.424937971941496,47.64368134232212],[-3.424858607324468,47.64357734607217],[-3.424650539377162,47.64362493560261],[-3.424452784154788,47.64353649405047],[-3.42439182202234,47.643585007515085],[-3.424414327632985,47.643439274110435],[-3.424145869856028,47.643318604854684],[-3.423940762763123,47.6435014923412],[-3.423832399219941,47.643489401598174],[-3.423669279733856,47.64368803661118],[-3.423727790980399,47.643729966808934],[-3.423616975169606,47.643808319146586],[-3.423698502358326,47.64393025859527],[-3.423777069815467,47.64391689879512],[-3.423661350109963,47.64417613769698],[-3.423578453004509,47.64415361268207],[-3.423510708124793,47.644256684190715],[-3.423567850218249,47.644398028886805],[-3.423713876131415,47.64438998321283],[-3.423670516765597,47.644473649570244],[-3.423756948403149,47.644414702449964],[-3.423641514714924,47.64456555566537],[-3.42377397902868,47.64466662694088],[-3.423717852626107,47.64497676709363],[-3.423766337160671,47.64504634221267],[-3.423780981678175,47.64494619637269],[-3.423925640057443,47.64503756483708]],[[-3.424302023230346,47.64450206900731],[-3.424231318019273,47.644469841783014],[-3.424312336844742,47.644366038367544],[-3.424302023230346,47.64450206900731]],[[-3.423928219584989,47.644062094401164],[-3.423832334355401,47.643931915386204],[-3.423950726662944,47.643916361121995],[-3.423928219584989,47.644062094401164]]]},"properties":{}},{"type":"Feature","geometry":{"type":"Polygon","coordinates":[[[-3.503983574014598,47.63918969701919],[-3.503676235541697,47.639080402404005],[-3.503570303938637,47.63886955439689],[-3.503479336911338,47.639109450954756],[-3.503400921702612,47.63901447832199],[-3.503008345947454,47.638973158577954],[-3.502875745772646,47.63887217688055],[-3.503206339919398,47.63895308128498],[-3.502794171850616,47.63864190634552],[-3.502441544097611,47.63848997734166],[-3.502363004361161,47.63850339006826],[-3.502354240874797,47.638431626258125],[-3.502444957568466,47.6384085026818],[-3.502871616157225,47.63861952285929],[-3.503009693448589,47.638765356919166],[-3.50308835922051,47.63864355768636],[-3.503357942186573,47.63888140232703],[-3.503356971841721,47.63876404579524],[-3.503475204420035,47.638856796985955],[-3.503537184871705,47.63881721262868],[-3.503733957890976,47.638896550041835],[-3.503793746826855,47.63883902462603],[-3.503643490297103,47.63870290247823],[-3.50371983866703,47.638671547967185],[-3.503915515717447,47.63874191461836],[-3.503948759173875,47.638685870209564],[-3.504140053614011,47.63872035464366],[-3.504442761665184,47.63901053836518],[-3.504503645771055,47.63896198304391],[-3.504350099750742,47.63879895044987],[-3.504408792127113,47.63873245426005],[-3.504501577101581,47.638835656072125],[-3.504601182850365,47.6387759083939],[-3.504437774973132,47.6385321418062],[-3.50461811100202,47.6384769208946],[-3.504511808114329,47.63859123194525],[-3.504713938417693,47.638823806062945],[-3.504561242320595,47.638886516328945],[-3.504638440911723,47.63908090379316],[-3.504481360764374,47.63910773213899],[-3.504216154673433,47.63890577194614],[-3.504245863709822,47.63903958820883],[-3.504181815608433,47.63895284596775],[-3.503974932249111,47.63900954730251],[-3.504069060246054,47.63890494778837],[-3.503870095303243,47.638807670019],[-3.503983574014598,47.63918969701919]]]},"properties":{}},{"type":"Feature","geometry":{"type":"Polygon","coordinates":[[[-3.499932633099946,47.63895504034638],[-3.500052219168667,47.63883999337673],[-3.500136235329262,47.63887143468265],[-3.500310137818516,47.638654011387224],[-3.50043397165111,47.63868323206307],[-3.500438483314997,47.638610727963695],[-3.500634286612061,47.63857271403828],[-3.500640023926291,47.63840079433498],[-3.500786986425501,47.638510008894585],[-3.500877703931458,47.638486886536136],[-3.500682162520103,47.63830812869831],[-3.500467480997028,47.638410416482365],[-3.500418640053195,47.63855764515168],[-3.500015119538963,47.63842661039526],[-3.499993218791694,47.63824720041629],[-3.500255251948775,47.63831387268676],[-3.500276453085746,47.63815915384076],[-3.500450221514447,47.63805011636615],[-3.500233745265863,47.637809304409544],[-3.500322271661378,47.63776824147516],[-3.500271503819798,47.637680756893445],[-3.500520393198926,47.63763978259484],[-3.500415440773475,47.63754628820638],[-3.500498491075979,47.63746037263741],[-3.500138212393574,47.63724564309349],[-3.500257267956048,47.637564140395604],[-3.500135626902868,47.63755286051833],[-3.500101153232786,47.637708319502195],[-3.500242637388419,47.6377726822828],[-3.499855680588511,47.63766781829071],[-3.500297654099792,47.638004434978534],[-3.500234577119212,47.6380350471357],[-3.50011087675747,47.63789744012675],[-3.500215566049897,47.63820770697928],[-3.500114861397364,47.63825848043778],[-3.499944641081342,47.638177656713886],[-3.499986516485536,47.63830176351369],[-3.499880204026376,47.638416070360314],[-3.499964219418259,47.63844751179684],[-3.499828906568728,47.63876212992881],[-3.499932633099946,47.63895504034638]],[[-3.500207242255696,47.63868684392476],[-3.500113238929308,47.63868305427149],[-3.500115560905512,47.63859260919114],[-3.500207242255696,47.63868684392476]]]},"properties":{}},{"type":"Feature","geometry":{"type":"Polygon","coordinates":[[[-3.500251618572662,47.63675161428635],[-3.500228491063591,47.636671619877895],[-3.50044851026087,47.6367225711398],[-3.500265285321314,47.63642571558807],[-3.499809920656528,47.6361982247979],[-3.499615353272258,47.6361368216906],[-3.499555562859951,47.63619434504861],[-3.499392052620243,47.63605895729859],[-3.499121139023057,47.636028905090065],[-3.498648131679314,47.63576626765048],[-3.498414846249516,47.635716052896704],[-3.498382693544079,47.63578106634303],[-3.498047747740662,47.635664266038134],[-3.497554909690315,47.63534854081636],[-3.497843059853663,47.63573889766995],[-3.497745914729047,47.63559980827368],[-3.497807895647491,47.63556022688913],[-3.498534023170523,47.635926165986504],[-3.498714356501935,47.63587095411329],[-3.498952982742202,47.636074407083775],[-3.49895859101119,47.63601087346314],[-3.499507949419495,47.636242157814415],[-3.499848509284751,47.63629542024387],[-3.49983838976261,47.63643145805884],[-3.500067167676614,47.6365541741166],[-3.500165415618571,47.63670223201889],[-3.500102340101191,47.636732844125326],[-3.500251618572662,47.63675161428635]]]},"properties":{}},{"type":"Feature","geometry":{"type":"Polygon","coordinates":[[[-3.497637276806446,47.63580455840741],[-3.497515640317443,47.635793275791954],[-3.497412566810184,47.635678600762134],[-3.497510167487513,47.63574842312084],[-3.49751919825076,47.63560341492455],[-3.497418495947132,47.63565418612733],[-3.497279485062845,47.635390988437734],[-3.497324486164048,47.635580605659186],[-3.497283725548983,47.63553525683739],[-3.497205188864583,47.63554866611717],[-3.497293713840455,47.63550760542958],[-3.497229681276925,47.63542085921886],[-3.497103529830927,47.635482080267764],[-3.496945500303109,47.63539154174315],[-3.496515746943962,47.635045201664695],[-3.496501519989479,47.634928584550174],[-3.496249496848667,47.63483425241568],[-3.496125814180149,47.63469664095934],[-3.49600418053566,47.634685356763704],[-3.495809341875734,47.634840719845414],[-3.49573765279759,47.634691178901384],[-3.495827271739894,47.63465908986283],[-3.49580305751467,47.6345701239362],[-3.49552135260503,47.634341971488155],[-3.495144419117135,47.63420944042976],[-3.494739707606288,47.63417780291447],[-3.494802925806985,47.634038807340644],[-3.494704697643758,47.63389074472487],[-3.49436539576833,47.63373805146863],[-3.494352267851359,47.63363040458721],[-3.493356834567551,47.63291818489466],[-3.493218652937604,47.632880725377426],[-3.493243955879636,47.63297866250461],[-3.492939009050252,47.63277889407782],[-3.492710116834967,47.63276455021921],[-3.492500258887863,47.63257754683999],[-3.492197356426174,47.63250410404097],[-3.492138655685818,47.63257059430978],[-3.491854641294695,47.63243287799815],[-3.491815475260378,47.63276922533753],[-3.491759258439257,47.63263688382074],[-3.491653088664382,47.63264279711883],[-3.491788136703647,47.63254496028362],[-3.491709900846698,47.63234159306867],[-3.491866967498888,47.63231478180036],[-3.492059176682014,47.6324666431442],[-3.492109128697804,47.63232838810699],[-3.492300244996508,47.632471278452975],[-3.493470806826554,47.63286667775934],[-3.493996703982097,47.63323476524991],[-3.494099304747158,47.63341871082005],[-3.494576645020221,47.633717249281275],[-3.494608801118475,47.6336522368131],[-3.494812106244147,47.63378541288895],[-3.494941538583757,47.63375110596399],[-3.494965751001364,47.63384007210687],[-3.495138280147164,47.63383045806205],[-3.49499776446908,47.63388344587302],[-3.495052896516701,47.63400681518049],[-3.494911286195916,47.63405083231737],[-3.494987490788475,47.634127869760974],[-3.495165633439164,47.63405472218268],[-3.49533692753541,47.63414452360414],[-3.495453088872972,47.634110955692194],[-3.49579649199742,47.634516300600374],[-3.495797726857417,47.63441688485419],[-3.496012261094564,47.63442299174787],[-3.495883641212259,47.63468304299594],[-3.495953282412249,47.63470625645832],[-3.495994331939254,47.63460462178106],[-3.496290685517548,47.634624231349804],[-3.496740133580953,47.63513204213976],[-3.496721528443111,47.634979542876984],[-3.496897205917843,47.635105224146805],[-3.496938933532699,47.635337718494426],[-3.497064946789716,47.635384883874245],[-3.496939071825046,47.63522933223636],[-3.49717016474227,47.635261608870216],[-3.497593219669166,47.63566250953718],[-3.497729222369723,47.635682022760804],[-3.497776700311881,47.63574259694241],[-3.497692690466737,47.63571115388872],[-3.497637276806446,47.63580455840741]]]},"properties":{}},{"type":"Feature","geometry":{"type":"Polygon","coordinates":[[[-3.483299886130156,47.633830249759214],[-3.483631080617876,47.63347766444597],[-3.483581436392871,47.633399143094394],[-3.483744466498373,47.63309203707661],[-3.483941518345394,47.63295463532691],[-3.48391186360304,47.63282081348385],[-3.484145615526745,47.632545898115175],[-3.484204162051344,47.63258779825807],[-3.484467567228096,47.63244670401607],[-3.484637745827113,47.63252755052811],[-3.485045878484645,47.63247774866733],[-3.485118789340608,47.63252788061275],[-3.485137847222851,47.632355222721316],[-3.485345655417846,47.632415911620264],[-3.485375637063725,47.63233296032226],[-3.485558926532067,47.632521453454295],[-3.48564417793437,47.632453489546045],[-3.485786723253292,47.632526840667595],[-3.485779236508757,47.632355659648184],[-3.48604919177437,47.632268385785366],[-3.486149578115323,47.632434397114636],[-3.486274642313675,47.63236421714314],[-3.486701188646326,47.63257529702962],[-3.486495723076791,47.63242416544989],[-3.486687142897347,47.632350292165405],[-3.486660759614475,47.63224338293439],[-3.486788941866941,47.63230850077743],[-3.486761465715011,47.632192620915646],[-3.486625475916751,47.632173094888785],[-3.486473096672548,47.63201900888461],[-3.486543504161791,47.63226797148273],[-3.486240771663208,47.63208612680606],[-3.486222970086584,47.632159369141135],[-3.486043889350454,47.6321151460771],[-3.486038266118058,47.63217867920494],[-3.485842475885292,47.632216668793305],[-3.485671203951473,47.632126853361356],[-3.485555971863875,47.63227776865872],[-3.485286339639527,47.632148268555795],[-3.485101635370573,47.632167577138745],[-3.485058219764197,47.632359653191145],[-3.484914583515804,47.63227733050599],[-3.484706613226128,47.632325027246985],[-3.484651506830396,47.63220165295053],[-3.484846042651545,47.63226308110328],[-3.485024517932778,47.63197317607553],[-3.484713819731577,47.6319453055975],[-3.484788751291498,47.63212176552825],[-3.484638398882518,47.63209400489283],[-3.484638235619661,47.632202391310756],[-3.484554239087739,47.63217093875194],[-3.484032891683521,47.63249798044134],[-3.483802415989588,47.632799807620486],[-3.48366314919616,47.63275336612176],[-3.483508261434956,47.632798107711686],[-3.483630218759281,47.63259263215763],[-3.483621481430666,47.632520866724775],[-3.483490952656256,47.632546190448636],[-3.483398648244737,47.63288548784788],[-3.483453586779173,47.63311724905676],[-3.48314641964738,47.633667188870746],[-3.483299886130156,47.633830249759214]]]},"properties":{}},{"type":"Feature","geometry":{"type":"Polygon","coordinates":[[[-3.491660594287772,47.632813977735914],[-3.491551591317517,47.6324678199319],[-3.491461973484059,47.63249990572673],[-3.491363757420971,47.632351840184086],[-3.491256494724789,47.63234878251493],[-3.491394823143745,47.632277857946754],[-3.491276775915196,47.6320767077882],[-3.491008224221549,47.63195619148952],[-3.491152662356191,47.632264250159054],[-3.490866314775102,47.63221697662709],[-3.490856173132938,47.63235301395017],[-3.490783257127213,47.632302885581296],[-3.490776546152448,47.632357448317876],[-3.490352323680496,47.63205593809694],[-3.490338900898294,47.63216506353257],[-3.490288154750048,47.632077574359606],[-3.490038190220127,47.632109556356134],[-3.489937639894445,47.632051934774395],[-3.489931080601678,47.63199811103902],[-3.490081435492948,47.632025864863635],[-3.490028503440049,47.6319204343283],[-3.489784158246906,47.63188888245661],[-3.489819293174846,47.6320675559909],[-3.489729674972111,47.63209964046342],[-3.489704378895146,47.63200170253066],[-3.489599303314906,47.632016584588875],[-3.489389612821394,47.63172118910389],[-3.489227081217046,47.63170314389674],[-3.489205065503076,47.63163211772895],[-3.489134184045059,47.63170831602664],[-3.489255655567141,47.63182799383771],[-3.489194765728891,47.63187654139125],[-3.489011311254053,47.63179644034795],[-3.489064241174742,47.63190187135093],[-3.488928560374934,47.63166557511242],[-3.488848934259869,47.63167000816775],[-3.488828640848263,47.63194208253],[-3.489015374732402,47.632049095747576],[-3.4886882789164,47.631886676368026],[-3.488587575225627,47.631937440055864],[-3.488524654069915,47.631859659550145],[-3.48838850882843,47.631948522009765],[-3.488457832188149,47.63218851282685],[-3.488601784091774,47.63205405831394],[-3.488782897942596,47.63222460514633],[-3.488807408996837,47.632096799794795],[-3.48891357800085,47.63209088908133],[-3.489336853222949,47.63227504748095],[-3.489088288731048,47.632099225226504],[-3.48909062910294,47.63200878005792],[-3.48928173617623,47.63215167536575],[-3.489243169786299,47.632054476222045],[-3.489482049714256,47.63204117608966],[-3.489511717989036,47.63217499657229],[-3.489773861075064,47.63213330613753],[-3.489832258849469,47.63228358988893],[-3.490038037922431,47.63221794278047],[-3.490201512667148,47.63235334389055],[-3.490338749211086,47.632273449954205],[-3.490504562878157,47.63231840545714],[-3.490509087492157,47.63224590150288],[-3.490938929804015,47.63248387777368],[-3.490981080568686,47.63239121535287],[-3.490865070780716,47.632316392434014],[-3.491022137783117,47.632289582301276],[-3.491264148843912,47.63241157677448],[-3.491166726907339,47.632489254495965],[-3.491565806800969,47.6325844377974],[-3.491560040883551,47.63275635757164],[-3.491660594287772,47.632813977735914]]]},"properties":{}},{"type":"Feature","geometry":{"type":"Polygon","coordinates":[[[-3.483752010081217,47.63249554285472],[-3.483633991174883,47.63229438499644],[-3.483383095335129,47.63220899565852],[-3.483641966891939,47.632140406935136],[-3.483895047232521,47.632243737076266],[-3.48422513569112,47.63188217911],[-3.484152390805197,47.631723660152105],[-3.484495745308249,47.63136136301869],[-3.484768974639508,47.631301004100074],[-3.485058589051955,47.631375204614145],[-3.48541362857692,47.631328355057],[-3.485497785804458,47.631251420545276],[-3.485440493804759,47.63111010521603],[-3.485582104132785,47.631066099493076],[-3.485509356329085,47.63090758131341],[-3.485416460181576,47.630912750488946],[-3.485432846723558,47.63104731053285],[-3.485337765479429,47.63103453830695],[-3.485308876923518,47.6311264603209],[-3.485170705580917,47.63108899124947],[-3.485037671397964,47.63131314832049],[-3.484817852109587,47.6311537814231],[-3.484580067289344,47.63117604270029],[-3.484582415259926,47.63108559757906],[-3.484514641278325,47.63129709159328],[-3.484281388682029,47.63124684850138],[-3.484225956188161,47.63134024687291],[-3.484136500124106,47.63126394060268],[-3.484034701069999,47.63130572970175],[-3.484139612529175,47.631399239105605],[-3.484014547784703,47.63146941682633],[-3.484088548517231,47.63152852012114],[-3.483919136685768,47.631673416347915],[-3.483770970335688,47.631663595950705],[-3.483785168605197,47.631780214810924],[-3.483610294398588,47.6318802571676],[-3.483343779319206,47.631886051037306],[-3.483182175115813,47.631985354534365],[-3.482948920766074,47.6319351087997],[-3.482623693367506,47.632007386666764],[-3.482769342323231,47.63221603997323],[-3.482940776370547,47.63219747324583],[-3.483752010081217,47.63249554285472]],[[-3.483860859374428,47.63218241887404],[-3.483772494602349,47.632115083037206],[-3.483884289995773,47.632045643873674],[-3.483943927976435,47.632096514836675],[-3.483860859374428,47.63218241887404]],[[-3.483438530206123,47.63211559772885],[-3.483387795415819,47.63202810555642],[-3.483587028544989,47.63190864569785],[-3.483739564229984,47.63195434905089],[-3.483783911431709,47.631879630564484],[-3.483810288772468,47.63198654046525],[-3.483438530206123,47.63211559772885]]]},"properties":{}},{"type":"Feature","geometry":{"type":"Polygon","coordinates":[[[-3.486118082712406,47.631298185862676],[-3.486257667789103,47.63112785152717],[-3.486004748650482,47.63091613995931],[-3.486126371590694,47.630927434588095],[-3.48615557898675,47.6306187393634],[-3.486389444086833,47.63100310887189],[-3.48665923235864,47.631024220024656],[-3.486638472178917,47.63085377751629],[-3.486739175678842,47.63080301548032],[-3.486574940494014,47.63044186573639],[-3.48646221891339,47.6303939503547],[-3.486540750711419,47.63038054826142],[-3.486472371381887,47.63025791327567],[-3.486281118689235,47.630223399763175],[-3.486368550657386,47.63017337657632],[-3.485999637914557,47.62988683729987],[-3.486127973932605,47.62984356940165],[-3.486048510695313,47.62973961400052],[-3.486181216467807,47.62973222871892],[-3.486061941638922,47.62963048892141],[-3.486039610172488,47.62977623519848],[-3.485924705488986,47.629710377942274],[-3.485862722552128,47.62974995314144],[-3.486235843814027,47.630180762069074],[-3.486389150008467,47.630452205710824],[-3.486349177968606,47.63056280789325],[-3.486527320557974,47.63048967335337],[-3.486640816647385,47.63076333233867],[-3.486529186945089,47.63072438768897],[-3.486469707573137,47.630565131503765],[-3.486471733245309,47.63069145933218],[-3.486402101407586,47.63066824016956],[-3.486604122792581,47.63090084656646],[-3.48650685629683,47.63087013397308],[-3.486421608521901,47.6309380985665],[-3.486268140818038,47.6307750415355],[-3.486363541333383,47.63057104000078],[-3.486250659685885,47.63063151092638],[-3.486196644025874,47.630517107914955],[-3.486153393884324,47.63060079803443],[-3.486055035661008,47.63056111439539],[-3.486078911153637,47.6308668555216],[-3.486009279257984,47.630843636126954],[-3.485801154634957,47.63099972133903],[-3.48568843257086,47.63095180522446],[-3.485768828443165,47.63117311794862],[-3.485718090728966,47.63108562674571],[-3.485598652449303,47.63109227302776],[-3.48582065883213,47.631269579790114],[-3.486118082712406,47.631298185862676]]]},"properties":{}},{"type":"Feature","geometry":{"type":"Polygon","coordinates":[[[-3.486448493907912,47.629952172133784],[-3.486192141863604,47.629821935399306],[-3.486211035246074,47.62975766364844],[-3.486334840718906,47.6297868994025],[-3.486166081128231,47.62949825279242],[-3.486379342207027,47.6296037932876],[-3.486232753745155,47.629277786953864],[-3.486464906996479,47.629319055532875],[-3.486371080880551,47.629206868222234],[-3.486452888672093,47.62922037818662],[-3.486458511099331,47.62915684494184],[-3.486329244268894,47.62908275596039],[-3.486393251513784,47.62916950842903],[-3.486309098859327,47.629246443668556],[-3.486291778013753,47.628994526358724],[-3.486099344316382,47.62883558786088],[-3.486185935099594,47.62878366149436],[-3.486523770653914,47.629144181418084],[-3.486699882114134,47.62894471862839],[-3.486604030242821,47.62870620353761],[-3.486392957406222,47.628618604746826],[-3.4863931170951,47.628510218126],[-3.486239496458625,47.628455547483064],[-3.486265717078156,47.628670843635945],[-3.486179540114362,47.62862145084325],[-3.486056218548373,47.628267055023336],[-3.486519264347123,47.628449008422734],[-3.486453846076278,47.62857005857211],[-3.486598726579917,47.6285529635728],[-3.486755148837034,47.62895970556972],[-3.486759042472591,47.629320747999756],[-3.486560144806369,47.62922344027145],[-3.486514711112786,47.629289189247],[-3.486600889464776,47.629338581775414],[-3.486418380533707,47.629375833800445],[-3.486608378421175,47.629509763008805],[-3.486536403480218,47.629576989148646],[-3.486625860147855,47.629653293647486],[-3.486461150609,47.62961730324345],[-3.486455368570752,47.629789223028745],[-3.486299399191693,47.62982499772258],[-3.486451931244578,47.62987069758303],[-3.486448493907912,47.629952172133784]]]},"properties":{}},{"type":"Feature","geometry":{"type":"MultiPolygon","coordinates":[[[[-3.483980281980268,47.627896500910445],[-3.484115052158567,47.627905433827436],[-3.484034339113297,47.627900892913466],[-3.484080538061781,47.628060888855934],[-3.483980281980268,47.627896500910445]]],[[[-3.483823902651647,47.62764651483517],[-3.483613631661035,47.627517882949974],[-3.483824200877922,47.62793064679786],[-3.483841509732712,47.628182564611606],[-3.483608271379756,47.62813232009491],[-3.483461538243839,47.62791469669265],[-3.483306664353838,47.627959438127014],[-3.483230485426238,47.627882392819274],[-3.483171778599361,47.6279488787404],[-3.483005984681916,47.62790391272794],[-3.483004559580984,47.62811171531634],[-3.482866397659629,47.62807424346105],[-3.482954421259797,47.62835835339087],[-3.482879167401397,47.62839866520333],[-3.482747723511455,47.628306630818074],[-3.482707411188756,47.62863400511241],[-3.482568323672001,47.628479175591174],[-3.482502896404422,47.62860022352581],[-3.482391274244987,47.628561274878436],[-3.482442928284094,47.628766124955504],[-3.482249499829112,47.628713663399814],[-3.482154591799246,47.62859250195718],[-3.482186423478526,47.62874426595894],[-3.48201500025946,47.6287628316124],[-3.481939913853208,47.62869475620697],[-3.481743041711451,47.628723768280146],[-3.481595053381189,47.628605558499146],[-3.481577246590786,47.62867880025772],[-3.481466716665535,47.6286488214448],[-3.481491996038998,47.62874676133034],[-3.481300922010448,47.62860385302843],[-3.481298398554677,47.62880268480279],[-3.481142598953272,47.62873006602792],[-3.481180056511546,47.628818297293],[-3.480993178985114,47.62881965797458],[-3.480664458156997,47.6283141145598],[-3.480804052832844,47.62814378647914],[-3.480562256556397,47.627913383422204],[-3.480505729468219,47.627997809460055],[-3.480419558921072,47.62794841240087],[-3.480565874264931,47.62772352230271],[-3.480508427473862,47.62769059096207],[-3.480642220483422,47.627692182696144],[-3.48077584240897,47.627802160935424],[-3.480835301714375,47.6279614202464],[-3.480758955224163,47.62799275997483],[-3.48093003484744,47.628190969437355],[-3.480873508046999,47.6282753956411],[-3.480982945230912,47.6282964042976],[-3.480934059800299,47.62844362558684],[-3.481138232274425,47.628694183147346],[-3.481226758240049,47.62865313449015],[-3.481136389663269,47.62845946848034],[-3.481363076900895,47.628455893609775],[-3.481333431122101,47.628322070801474],[-3.48144269884272,47.628451465649775],[-3.481517953860378,47.62841115476385],[-3.481808470853607,47.62860272077884],[-3.481912450088323,47.628578874988754],[-3.481533746741639,47.62821158493708],[-3.481763539104213,47.62834330807442],[-3.481783698112005,47.628179621074246],[-3.481958394926298,47.628187967899656],[-3.482216576141246,47.62855292870205],[-3.482245636739517,47.62835262070705],[-3.482422517948226,47.628378908260345],[-3.4824603127239,47.62825036587734],[-3.482655756262499,47.62842915513835],[-3.482661717655531,47.628148848784924],[-3.482798787688643,47.6281773501738],[-3.482740414208961,47.62802706258847],[-3.482839857240753,47.62807571977753],[-3.482865472563237,47.62795688610725],[-3.482974909878098,47.62797789290094],[-3.482996323580144,47.627714789707326],[-3.483112145988541,47.62789800727434],[-3.483221749406038,47.62781062718208],[-3.483407365561755,47.62790867888762],[-3.483432979540685,47.62778984508268],[-3.48351134273023,47.62788483166572],[-3.483573325244624,47.62784525767621],[-3.483602976374077,47.627979079948865],[-3.483762218450369,47.62797022091875],[-3.483498734831983,47.62745202323076],[-3.483689975795984,47.62748654134806],[-3.483695601329061,47.6274230081795],[-3.483823902651647,47.62764651483517]],[[-3.480909531572286,47.62857142952668],[-3.480921881100004,47.628453334249556],[-3.480847717188788,47.628502615474446],[-3.480909531572286,47.62857142952668]],[[-3.482113688923447,47.62858574547482],[-3.482057500562411,47.628453399004435],[-3.481828798777903,47.62833064716836],[-3.481961164256813,47.628540039919315],[-3.482113688923447,47.62858574547482]]]]},"properties":{}},{"type":"Feature","geometry":{"type":"Polygon","coordinates":[[[-3.476659337626104,47.62767877217211],[-3.476561530792759,47.62731392047751],[-3.476572439527198,47.627403628168786],[-3.476364480772952,47.6274513101779],[-3.476323759635703,47.627336164992315],[-3.476253956317213,47.62742132641351],[-3.476017636841775,47.6272357677271],[-3.476101439995491,47.62737561317928],[-3.475848397823194,47.627272265894526],[-3.47581840421472,47.62735521496331],[-3.475720059655895,47.62731552255602],[-3.475781866054297,47.62738433936371],[-3.475682430744483,47.62733567614878],[-3.475582813980919,47.62739539952133],[-3.475467200376388,47.62710378775845],[-3.475130177927717,47.626968979665925],[-3.475072010030706,47.62671030145071],[-3.474884049151584,47.62670268157393],[-3.474901132398528,47.62706298756107],[-3.475046920399258,47.627163264347985],[-3.474982026253554,47.62695914809723],[-3.475058557355231,47.6268194254294],[-3.47508036960702,47.62699884113321],[-3.475534277950867,47.62732584528239],[-3.475641166617673,47.627545690731885],[-3.475672251333795,47.62747171249374],[-3.475897843978903,47.627459177450596],[-3.475881482574512,47.627324615821074],[-3.476176517100104,47.627443692383856],[-3.476213965547149,47.627531925299756],[-3.476386477676721,47.62752233891794],[-3.476472463974163,47.627680125622],[-3.476659337626104,47.62767877217211]]]},"properties":{}},{"type":"Feature","geometry":{"type":"Polygon","coordinates":[[[-3.478559505592526,47.62737446888806],[-3.478710016831995,47.62729385073729],[-3.478693648389271,47.6271592894903],[-3.478820717463981,47.627215445497335],[-3.478817618784336,47.62708014656104],[-3.47862856485439,47.62706356196191],[-3.478625115757552,47.627145036399966],[-3.478561123565195,47.627058279584595],[-3.478416244545046,47.627075364627764],[-3.478203571515848,47.62730394027863],[-3.478109942808572,47.62708335952772],[-3.478198821076409,47.62682553973129],[-3.478056124798285,47.62686056584229],[-3.47771544234486,47.62625633525692],[-3.477641278525886,47.626305614501696],[-3.477762534779283,47.62653369132071],[-3.477749824240421,47.62686855979875],[-3.477382249577377,47.62648257686059],[-3.477134485421307,47.62653247286829],[-3.477020868351327,47.6263671907847],[-3.477051414519845,47.626618372309636],[-3.476823823008537,47.626504581326955],[-3.477008153199449,47.626702059210736],[-3.477259369415531,47.6265706890571],[-3.47744387930046,47.62665977953555],[-3.478091778663686,47.627373374175306],[-3.478252111004072,47.62737349340914],[-3.478383896741056,47.627248759543896],[-3.478559505592526,47.62737446888806]],[[-3.477938700356586,47.62699353252124],[-3.477841623014373,47.626854425949844],[-3.477976681721544,47.62675660479085],[-3.478047219272404,47.62689718648542],[-3.477938700356586,47.62699353252124]]]},"properties":{}},{"type":"Feature","geometry":{"type":"MultiPolygon","coordinates":[[[[-3.470388709221233,47.625769240750934],[-3.470029595111874,47.62501248317626],[-3.469674971344241,47.62484251253333],[-3.469707661423939,47.625111637862524],[-3.469615669750469,47.62523415211582],[-3.469482919342396,47.624978099225096],[-3.469567531143109,47.62494782173781],[-3.469541887662289,47.625066652674334],[-3.469661895404653,47.62473486238865],[-3.469736064407081,47.624685588170735],[-3.469785680162323,47.62476411575775],[-3.469848758918206,47.62473351983264],[-3.469952349841018,47.624926458251664],[-3.470013249249673,47.624877920555654],[-3.470129213641309,47.6249527644666],[-3.470362554062113,47.62555394071664],[-3.470555959383499,47.62560642204118],[-3.470723208525508,47.62544360307828],[-3.470693016423188,47.62563493767273],[-3.470388709221233,47.625769240750934]]],[[[-3.469480616500238,47.624973657412134],[-3.469406310655587,47.62483033293544],[-3.469365218025708,47.62493195877683],[-3.469291242740255,47.624872845955075],[-3.469042388935032,47.62491375399062],[-3.469008417808074,47.6247440444063],[-3.469310154719258,47.62480857677541],[-3.469389966420294,47.624695770215],[-3.46953009549458,47.62485958657398],[-3.469480616500238,47.624973657412134]]]]},"properties":{}},{"type":"Feature","geometry":{"type":"Polygon","coordinates":[[[-3.468518336867473,47.624888654737475],[-3.468533981367459,47.62479747311592],[-3.468715202050054,47.624859664896576],[-3.468702128041726,47.624752014645416],[-3.468803731208443,47.62481862557385],[-3.468798674430247,47.62455699768323],[-3.469020597828697,47.624734336967265],[-3.468965535522608,47.62461095479084],[-3.4690573327395,47.6245968278293],[-3.469058617167247,47.62449741186276],[-3.468919189707659,47.62455933940978],[-3.468741433822795,47.62441567367952],[-3.468692322570083,47.624671276952164],[-3.46859725669003,47.624658491058575],[-3.46852129966743,47.62447304920919],[-3.468540910050231,47.6246345246367],[-3.46840950015092,47.624542473939805],[-3.468322953643963,47.6247098414987],[-3.468324239442089,47.62461042554603],[-3.46825224808295,47.62467764058765],[-3.468170648537163,47.62455573103148],[-3.467993589982842,47.62463780866034],[-3.467915259172977,47.62454281150983],[-3.467754935358923,47.62454267808708],[-3.467824748471406,47.62445752161921],[-3.467548267115666,47.62449092851742],[-3.467521332068396,47.62470917498238],[-3.467610059708924,47.624559749748826],[-3.467768007405888,47.624650328455864],[-3.467822372400072,47.62454796671049],[-3.468113711824994,47.62485692482931],[-3.468139358384233,47.624738094193546],[-3.468246407937166,47.62484955990453],[-3.468330579690348,47.62477263750555],[-3.468518336867473,47.624888654737475]]]},"properties":{}},{"type":"Feature","geometry":{"type":"Polygon","coordinates":[[[-3.438800895042462,47.62526994528731],[-3.438804404799756,47.62518847195691],[-3.438921666670103,47.62516393124167],[-3.43887318044203,47.62509436169667],[-3.438991526586063,47.625078792040775],[-3.438920009802453,47.62492921551552],[-3.439009390601989,47.62500555664898],[-3.439122569503238,47.62483674446836],[-3.439439964986637,47.62481017631773],[-3.439675825525517,47.624661677855414],[-3.439430458791921,47.62462104942135],[-3.439439135417035,47.62469281844053],[-3.439327552864657,47.62465382856895],[-3.43932729762595,47.624762215321404],[-3.439220053183791,47.62475910986047],[-3.439276642129548,47.62467470367294],[-3.439167228799203,47.62465365590567],[-3.438948146389026,47.62471994681693],[-3.439314793433841,47.62443778825987],[-3.43926413826579,47.62435027659137],[-3.439647304715931,47.624094297123015],[-3.439620189769335,47.623870018906445],[-3.439498592768845,47.62385867581775],[-3.439544334533545,47.623684558150096],[-3.439307648680692,47.62371569848439],[-3.439230454799122,47.62362965319122],[-3.439519134520166,47.62358660894497],[-3.439545928690952,47.6234767556499],[-3.43937450758234,47.623495258773865],[-3.43947224338533,47.623309237074466],[-3.439115047939551,47.623338004912945],[-3.439218206914582,47.62319683909699],[-3.439057887225156,47.6231966662835],[-3.438981778967279,47.62311959194101],[-3.438991539219028,47.623200332187174],[-3.43883230396714,47.623209130202234],[-3.438804424017158,47.62331001220928],[-3.438680659617965,47.62328072598664],[-3.438477848098634,47.623481583163404],[-3.438485438861672,47.623544381154076],[-3.438646844016611,47.62355352589314],[-3.438581323203056,47.62367454951447],[-3.438675039145751,47.62378677551064],[-3.438766842954515,47.62377267235051],[-3.438770668019491,47.6240253304915],[-3.438608176990619,47.62400721478773],[-3.438552101315393,47.62387484709804],[-3.438402109252081,47.62418115834628],[-3.438307308814092,47.624059961013316],[-3.43821550438987,47.62407406381014],[-3.438289701494337,47.62402480954809],[-3.438185711659932,47.6240486165589],[-3.438266672356387,47.623944802372584],[-3.438000192017673,47.623950492813734],[-3.437901623732014,47.62401915529121],[-3.438008092868488,47.62434742230008],[-3.438135112433859,47.62440362264148],[-3.438063909888178,47.62458817697819],[-3.438218039420245,47.624868655710934],[-3.438163359732639,47.62507939038499],[-3.438286043623914,47.62509970599269],[-3.438178798564321,47.62509659957624],[-3.438114359163304,47.62522659397603],[-3.438201570540573,47.62528499344253],[-3.438391947144062,47.62520222790153],[-3.438647332500073,47.62521521197222],[-3.438778120957513,47.62508155153639],[-3.438800895042462,47.62526994528731]],[[-3.4387729549461,47.624928309142135],[-3.438662456841128,47.62489828977234],[-3.438663797881641,47.62479887416284],[-3.438869354815265,47.62484170369794],[-3.4387729549461,47.624928309142135]],[[-3.438781709836678,47.62356413671811],[-3.438669045697186,47.6235161750561],[-3.438839382662948,47.62348870182943],[-3.438781709836678,47.62356413671811]],[[-3.438877022767778,47.62346856006791],[-3.438843976697857,47.6234161995619],[-3.438986689479455,47.62338122129723],[-3.438877022767778,47.62346856006791]]]},"properties":{}},{"type":"Feature","geometry":{"type":"Polygon","coordinates":[[[-3.464930475261696,47.62218517575177],[-3.464910121506302,47.62212660645515],[-3.464767632647095,47.62205322946865],[-3.464826355909629,47.62198675259754],[-3.465063905056001,47.622072918378784],[-3.464976872695781,47.62190615192055],[-3.465126097343083,47.62192496710593],[-3.465036887386805,47.6217402588762],[-3.465120172886463,47.62154598078894],[-3.465042940542527,47.62145995246444],[-3.464813015589713,47.62143658295755],[-3.464991157222287,47.62136348092005],[-3.464800153794667,47.621220545086686],[-3.464719248831288,47.62132437780456],[-3.464490617459135,47.62120159157434],[-3.464323567072761,47.621256014976325],[-3.464352690834155,47.62105571068621],[-3.464216737606469,47.62103615846138],[-3.463920881844252,47.62079969336664],[-3.463841947564941,47.62102985434169],[-3.46359372536261,47.62074558981181],[-3.463397961096307,47.620783542004105],[-3.463503228003001,47.620660296406086],[-3.463696403107321,47.62082117624037],[-3.463891284039861,47.62066586560788],[-3.464032474297061,47.62083865981877],[-3.464048125271868,47.620747478608486],[-3.464232797637994,47.62072820320149],[-3.464260628187392,47.62062731499608],[-3.464324589430752,47.62071407993143],[-3.464203878320844,47.620820120480445],[-3.464413795207812,47.62089878880253],[-3.464310027617838,47.62081423209402],[-3.464372016154807,47.620774668150794],[-3.464504498531775,47.62087569447989],[-3.464456458961068,47.62114026734633],[-3.464698358758886,47.62126231754974],[-3.46472401119342,47.621143487444535],[-3.464927397365376,47.62116832938184],[-3.465053145892226,47.621323916626466],[-3.465102068596928,47.621176701447375],[-3.465202571628339,47.62123434472638],[-3.465121870279956,47.621229790728535],[-3.465244352972097,47.621358465051706],[-3.465203255091902,47.621460089610004],[-3.465310291941249,47.621571558199655],[-3.465412087087865,47.6215297852099],[-3.465532191341034,47.62174890438364],[-3.465471291427748,47.6217974398212],[-3.465390791514196,47.62168449904145],[-3.465317509081301,47.62185112844156],[-3.465139366268375,47.621924230958534],[-3.465081326422044,47.622216452785835],[-3.464989532246261,47.622230576639765],[-3.464966463868997,47.62215057465947],[-3.464930475261696,47.62218517575177]],[[-3.46522612088331,47.621648478548565],[-3.465297023105968,47.62157229436661],[-3.465172159369148,47.62153406529018],[-3.46522612088331,47.621648478548565]],[[-3.46530444266114,47.62174347764374],[-3.465335538322568,47.62166950193632],[-3.465240478591954,47.62165671329086],[-3.46530444266114,47.62174347764374]]]},"properties":{}},{"type":"Feature","geometry":{"type":"Polygon","coordinates":[[[-3.430700180363051,47.621021103650094],[-3.430763549696489,47.62088214183511],[-3.43088297193147,47.620875551586764],[-3.430829622913261,47.620986867544616],[-3.430971251370334,47.620942927806084],[-3.430986958841276,47.62085175103913],[-3.431263444199282,47.62081843062797],[-3.43074513799581,47.620729630998284],[-3.431134546043221,47.62063589330783],[-3.43128592145407,47.62067269418612],[-3.431449754217125,47.6205914043665],[-3.431486583045147,47.62045390676791],[-3.431275633325765,47.620366208029715],[-3.431472502033308,47.62033728089671],[-3.431517183800812,47.62015419483679],[-3.431394513850625,47.62013387206775],[-3.431717029976524,47.61981804873771],[-3.431576759228604,47.619762573621074],[-3.431639041620669,47.61961464001786],[-3.431330880958665,47.61949618280856],[-3.431437302472047,47.61938193726813],[-3.431415640002981,47.61920251273955],[-3.431178701467446,47.618899504298945],[-3.431053868424075,47.61886123869768],[-3.431159745680792,47.618963767491984],[-3.431035995551145,47.618934473103444],[-3.431018122629181,47.619007707503684],[-3.430883542216849,47.618888700635104],[-3.430591632010003,47.61890480993334],[-3.430495775715471,47.618774634695825],[-3.430403978316672,47.61878873139094],[-3.430473297102896,47.61892037112745],[-3.430268852625011,47.61888649792521],[-3.4302122555736,47.618970899998814],[-3.430238519252404,47.61907782268182],[-3.430372289152133,47.61907947200305],[-3.430274802976847,47.61915709945234],[-3.430275338725169,47.61938284475884],[-3.430206829015209,47.61936856320595],[-3.430438349290928,47.619626717375766],[-3.430279659060628,47.61986124899699],[-3.430367662654879,47.62003701270263],[-3.430176482896315,47.62000240715895],[-3.430145065632229,47.62018476054791],[-3.430044328375623,47.62023547405904],[-3.430090358875566,47.62039549194859],[-3.430200842840046,47.62042551949721],[-3.430231986372239,47.6203515530932],[-3.430319181162815,47.62040995859116],[-3.430240649937657,47.62042332295261],[-3.430317824693343,47.620509374328456],[-3.430175113909882,47.62054434205213],[-3.430434533640493,47.62070161599733],[-3.430248492573857,47.62082025368106],[-3.430135841891741,47.62077228372051],[-3.430021834383418,47.620823729367935],[-3.430355455145572,47.620931754331295],[-3.430484897700211,47.62089751860633],[-3.430700180363051,47.621021103650094]]]},"properties":{}},{"type":"Feature","geometry":{"type":"MultiPolygon","coordinates":[[[[-3.463443290387068,47.620283470690794],[-3.463310673644477,47.62017425510927],[-3.463243035911919,47.62027735091849],[-3.463123619019687,47.62028397425728],[-3.463127766004495,47.62042824500642],[-3.462979634693392,47.62041839818132],[-3.463013791033179,47.620479722863976],[-3.46263942081984,47.62025664080122],[-3.462368191251386,47.62044327720625],[-3.462305321845951,47.62036548212187],[-3.462128268171754,47.620447551035845],[-3.461947070139997,47.62038534889454],[-3.461995372960088,47.62056329605781],[-3.4618518040192,47.6204809445184],[-3.461825057251797,47.62059080309523],[-3.461503345188415,47.62058154836897],[-3.4615031349912,47.620689935392356],[-3.461282130897006,47.62062993942692],[-3.461045049020071,47.62087789788992],[-3.460863850789794,47.62081569408178],[-3.460839943029436,47.62116923924694],[-3.460617849630677,47.62110027109457],[-3.460589560051192,47.620867026461234],[-3.460465577064773,47.62094615029497],[-3.460459712251725,47.62111806955128],[-3.460345070315372,47.620943799841555],[-3.460253064338334,47.62106630698243],[-3.460169099698402,47.62103483671068],[-3.460250675590185,47.62115675207686],[-3.460091236876937,47.62127396607293],[-3.460407963461887,47.621572501829014],[-3.459794990327702,47.62180517034587],[-3.459441293944958,47.62175252626628],[-3.459255957984026,47.62154604920504],[-3.458914444966147,47.621483697084734],[-3.458759128721918,47.621194274221104],[-3.458615347014182,47.621220305718786],[-3.458686258101802,47.62114412553359],[-3.458596855632359,47.621067799308605],[-3.458549219006216,47.621115595747675],[-3.458476348690675,47.62106544692718],[-3.45841979392822,47.621149862570896],[-3.458481354551404,47.62132707573181],[-3.458193136186773,47.62115339292923],[-3.458186176371515,47.62131634108467],[-3.458355191988971,47.62138825537591],[-3.458133971501385,47.62143664045084],[-3.457902526975057,47.62107015445028],[-3.457756570014705,47.62107824294815],[-3.457844448444661,47.621362372808186],[-3.457290423701628,47.620869261915146],[-3.457376342840783,47.62102706321187],[-3.457229298423758,47.621026180073684],[-3.457274323580885,47.62117721619689],[-3.457121841354045,47.621131478035046],[-3.457047446401842,47.62128913131406],[-3.456943689720987,47.62120456807797],[-3.45691584504329,47.62130545450951],[-3.456886264518803,47.62117162501075],[-3.456796644822208,47.621203684395155],[-3.456876906236324,47.62142501809963],[-3.456903663604036,47.62131516070323],[-3.456924544635784,47.62137722235026],[-3.456913231111474,47.62150428649413],[-3.456815998823953,47.621473549031826],[-3.456770535096515,47.62153928669583],[-3.456867328251531,47.62178679810866],[-3.456641755114656,47.62179929643359],[-3.456525155558453,47.62204959984539],[-3.456426835121217,47.622009891087025],[-3.456368101374201,47.62207636373375],[-3.45644944971304,47.62230666861362],[-3.456361135868015,47.622239311703176],[-3.456363294793736,47.62280815918701],[-3.456191881664829,47.62282668699942],[-3.456202755252392,47.62291639679718],[-3.455986963108034,47.623009632663276],[-3.455714187610189,47.62285315074807],[-3.455756813573114,47.62309463222599],[-3.455625207369055,47.623110953952036],[-3.455529060147532,47.623089186427826],[-3.455566915932275,47.622960652404046],[-3.455450753791626,47.62299418084365],[-3.455308275619767,47.62292079234998],[-3.455357423141784,47.62321609988463],[-3.455252801084944,47.62301417736706],[-3.455202762338201,47.62315241729265],[-3.455094656248162,47.62303196854192],[-3.455041161702327,47.62270077690388],[-3.454899548399732,47.62274474578925],[-3.454942841169642,47.622661066909544],[-3.454865399932046,47.62268341880515],[-3.454804936865539,47.62251517485632],[-3.454615906570463,47.62249855135354],[-3.454464734400961,47.62235339383808],[-3.454290060989167,47.622345005868794],[-3.454327469684638,47.6224332460296],[-3.454137577983707,47.622299263838215],[-3.453980296390387,47.62243441142483],[-3.453876542342153,47.62234984551375],[-3.453699469130074,47.622431901565676],[-3.453825413701916,47.622479113893235],[-3.45375014614038,47.62251940705848],[-3.453527195781527,47.62233306755454],[-3.453393417019401,47.622331444758],[-3.453150856741793,47.62253453194157],[-3.453052765282964,47.622386433445406],[-3.45288701402194,47.6223414245572],[-3.452773883938454,47.622510250289444],[-3.452679912481253,47.62250642243981],[-3.452707309665285,47.62262231088531],[-3.452561576033797,47.62252200598552],[-3.452499576715719,47.62256156362428],[-3.452737283282729,47.623090272993316],[-3.452376435780566,47.6227580367082],[-3.45226810791089,47.62274597220877],[-3.452227442338399,47.622630818349286],[-3.452135414825919,47.622753318988536],[-3.452146739986913,47.622626255389214],[-3.452049508400491,47.622595513976485],[-3.451903316687558,47.62271198204619],[-3.451966173697409,47.62278978263566],[-3.451843489910422,47.62276948137328],[-3.451838913586138,47.622841984175245],[-3.451698844098917,47.6226781464258],[-3.45167882507611,47.62273344180024],[-3.451579420405311,47.62268475795255],[-3.451584392616956,47.62294638683426],[-3.4512646102045,47.623063432833014],[-3.451053386266012,47.62308415680892],[-3.450942261892364,47.62282840425023],[-3.450917432745373,47.62306458912353],[-3.450827183591264,47.62287089912226],[-3.450749740326162,47.622893248286566],[-3.450734920382114,47.62310178551184],[-3.450923488229821,47.62333518900909],[-3.450809727204429,47.623278268026056],[-3.450888025717409,47.62337327670779],[-3.450699847906151,47.62347400474962],[-3.450466040166912,47.62319794920099],[-3.450536268089762,47.623446934607074],[-3.450419015331503,47.623471487004124],[-3.450307660252663,47.62332412074833],[-3.450315031985376,47.623495304820594],[-3.450119481519612,47.62342484785765],[-3.450153625009418,47.623486176205866],[-3.449920205178114,47.62354425114782],[-3.449724037019283,47.62324804878921],[-3.449776262612061,47.62312775329479],[-3.44961834995136,47.623037150189106],[-3.449709681276415,47.62323981214634],[-3.449647679011462,47.623279368256604],[-3.449477817524229,47.623090083533015],[-3.449340308552557,47.623278316689365],[-3.449324161843451,47.623586269492584],[-3.449155151433982,47.62351434221387],[-3.44915491615413,47.623622729050474],[-3.449136921599192,47.623253447635584],[-3.4489139842778,47.62306709939603],[-3.448815431661501,47.6231357711144],[-3.448620120855653,47.62295692476112],[-3.448700209706005,47.62273574535602],[-3.4485734194446,47.62257116956857],[-3.448494889612075,47.622584546189145],[-3.448449888107055,47.62243350679141],[-3.448442898385194,47.6225964542579],[-3.448356766231768,47.62254703341227],[-3.448276913300771,47.62265982572089],[-3.448360636596259,47.62279969139644],[-3.448258825687841,47.622841449496214],[-3.448282718306617,47.62303881266684],[-3.44811418581447,47.62275011011279],[-3.448040847994677,47.622916728577465],[-3.447894274201568,47.62269905993362],[-3.447716714243223,47.622997880643865],[-3.447675687210759,47.6225485935117],[-3.447563017224693,47.6225006404042],[-3.447510787258154,47.622620934947705],[-3.447414883036953,47.62249077384823],[-3.447342868212365,47.622557976072926],[-3.447355290602806,47.62243988398986],[-3.447280018213377,47.622480172986165],[-3.447220425919626,47.622429283058715],[-3.447266141274164,47.62225516223988],[-3.447117768412194,47.62235368220929],[-3.447054312250055,47.62205013410392],[-3.446969028342669,47.622118070205985],[-3.4470462325111,47.62220411045098],[-3.446986401071807,47.622261607305006],[-3.446883744218225,47.622186006243375],[-3.446780367371364,47.62243556580034],[-3.446860349174396,47.62276529312606],[-3.446743096222797,47.62278984184144],[-3.446716797661716,47.622682923076056],[-3.446531026482848,47.62269319969616],[-3.446598218615515,47.62280688745536],[-3.446455512357141,47.62284187503061],[-3.446388924407508,47.62295393200548],[-3.446459010272562,47.622760401368886],[-3.44638096144905,47.62255700280401],[-3.446301948951868,47.62278715171124],[-3.446337292636049,47.62230654676519],[-3.446229811506369,47.62241183463491],[-3.446182403919313,47.62235123910088],[-3.44614235464974,47.62246182797199],[-3.44609518860466,47.622292845505626],[-3.446260571763093,47.622003732232486],[-3.446132463705906,47.62193856958086],[-3.446144405860611,47.62203725143251],[-3.446075888500325,47.62202297920839],[-3.446127035468362,47.6218937141917],[-3.44601895240472,47.62177325696349],[-3.445805076207415,47.6219928031506],[-3.445860200037415,47.62255871507827],[-3.445745961672419,47.62271856290702],[-3.445765018200282,47.62309681602133],[-3.445623881102655,47.622923999931736],[-3.445696984178831,47.62286576985713],[-3.445435580705996,47.62258220094866],[-3.445395286806631,47.62280117642522],[-3.44531241372576,47.62277866658192],[-3.445441122714497,47.62306957491051],[-3.445334480785456,47.62329221984085],[-3.445404927791878,47.62343282148639],[-3.445332066662044,47.62338266452515],[-3.445234594383869,47.62346030428891],[-3.445245206468877,47.62365840190334],[-3.445340264970754,47.623671206809625],[-3.445284772219241,47.623764587055454],[-3.44542181102413,47.62379313236607],[-3.445319509785304,47.62405166149847],[-3.445229878308207,47.62408371195946],[-3.445189226899133,47.62396855572908],[-3.445212266422337,47.62404856153837],[-3.445065213885554,47.624047663086664],[-3.444964239724194,47.62420677616111],[-3.444967740005045,47.62412530260122],[-3.444883535611406,47.624202208186084],[-3.444911404539097,47.62410132477449],[-3.44486375295343,47.62414911555641],[-3.444828529643883,47.6240788146029],[-3.444822614127802,47.62425073279394],[-3.444907660267559,47.62429118512435],[-3.444789317595429,47.6243067607809],[-3.444740824499197,47.624237193641164],[-3.444779304205335,47.624334407853326],[-3.44443971623001,47.62439834244145],[-3.444425116106205,47.62449849193203],[-3.443771637096545,47.624507532754855],[-3.443468009102876,47.624316605442026],[-3.443562229724055,47.62421205391363],[-3.443280212016874,47.623758029612226],[-3.443187914633631,47.62398890993376],[-3.443059805563212,47.62392374397833],[-3.442849164004766,47.62417019779785],[-3.442741423938261,47.62438386913758],[-3.442811865555536,47.624524472268156],[-3.442687011020923,47.62448621921239],[-3.442613902442426,47.62454444735451],[-3.442772892811729,47.62464403095634],[-3.442505324369282,47.62464076057762],[-3.442489635456885,47.62473193871523],[-3.442600135369588,47.6247619544669],[-3.44253111799143,47.62496445368578],[-3.442467435943914,47.624769290255124],[-3.442358857149186,47.62486560333091],[-3.44234183372831,47.62505619708186],[-3.442535458413302,47.625000338074244],[-3.442495150792237,47.625219312277906],[-3.442364620379384,47.62524459014017],[-3.442417451665043,47.62535004261677],[-3.442280410469988,47.62532149380403],[-3.442380647614576,47.62548754331509],[-3.442201625608889,47.62544325289513],[-3.442009083995918,47.62550808243622],[-3.442091710291116,47.625638981301336],[-3.441971193760123,47.625636611895374],[-3.441886732618483,47.625821901958986],[-3.442050315325427,47.62584898418231],[-3.442009169834092,47.62595060033999],[-3.441435043200848,47.626063613629285],[-3.441500560476895,47.62594258855589],[-3.441768135383075,47.62594586123413],[-3.441791671115278,47.625809094256134],[-3.441553892195266,47.62583126800824],[-3.441524931063868,47.62592317942671],[-3.441458830755241,47.62581846003457],[-3.441405498851426,47.62592978053954],[-3.441232985603527,47.625939315264674],[-3.441275799810604,47.626072414962735],[-3.44140741770119,47.62605610943069],[-3.441305595143107,47.62609786139926],[-3.441361679981336,47.62623022761551],[-3.441265532959439,47.62620844838483],[-3.441234401298968,47.626282417507696],[-3.441233567761418,47.62616505973219],[-3.441176980330061,47.62624946680307],[-3.441118474539259,47.6262075449651],[-3.44117455902873,47.626339911263706],[-3.441098191582492,47.626371225091724],[-3.440751707060805,47.62634027598595],[-3.440765599922351,47.626272202225984],[-3.440667951661895,47.62633279452611],[-3.440598509487161,47.62632659154936],[-3.440586071244503,47.62644468267732],[-3.440581984715158,47.62630041157974],[-3.4404362638279,47.62620009174131],[-3.440454705103151,47.626352600620415],[-3.440266497103392,47.626453311697354],[-3.440414387925467,47.62657157395353],[-3.440531904895767,47.6264386449839],[-3.440444183125948,47.626597020603235],[-3.440218585821913,47.6266094871777],[-3.44019070671586,47.62671036933915],[-3.439603042877678,47.626932493523704],[-3.439622821334753,47.62698558696823],[-3.440198877744382,47.62699891148991],[-3.440003904766128,47.627154182076076],[-3.440149627445386,47.62725450240459],[-3.44004780161756,47.62729625325093],[-3.440190523983774,47.627261273585155],[-3.440359534176171,47.62733321369685],[-3.440038869944761,47.62733287098374],[-3.440151543370612,47.627380831230184],[-3.44004403982308,47.62748611313229],[-3.440277234311418,47.62753644464579],[-3.440187340449233,47.62767687777149],[-3.440286744025518,47.627725571189394],[-3.440167054078953,47.627840557612565],[-3.439579377699782,47.62806268154875],[-3.439275233759698,47.628088516827084],[-3.439214558226795,47.62802865184863],[-3.439182338056923,47.62809364924163],[-3.438029944515272,47.62817537390462],[-3.437200904907074,47.628058607740044],[-3.436597733555885,47.62782098997838],[-3.43626323447212,47.62759562550499],[-3.435912739777594,47.62712730622361],[-3.435853677740285,47.62685963738102],[-3.435996401687305,47.626824662832135],[-3.436112322602615,47.62689954043442],[-3.436019690630407,47.62679628371105],[-3.436303792299386,47.626825749514005],[-3.436306744639049,47.626518531899634],[-3.436388796837663,47.62642369029524],[-3.436499296821552,47.626453711792436],[-3.436585685114014,47.62639475463332],[-3.436542882342817,47.626261653238394],[-3.437486163876287,47.626218584845155],[-3.436959945492059,47.626175401740326],[-3.436817484254457,47.62610199081211],[-3.436742719735726,47.62592549959515],[-3.436809895089926,47.62603919279566],[-3.437014631053102,47.62596466774852],[-3.43704984531622,47.62603497098993],[-3.437236973674816,47.6259252939325],[-3.437213945294799,47.62584528662764],[-3.436929588228951,47.625924209705936],[-3.436959641459142,47.62584127057201],[-3.436842377198937,47.62586580930893],[-3.43684046915936,47.625739480330616],[-3.436715094967228,47.62591799428622],[-3.436699916949241,47.625792398225606],[-3.436577232069647,47.62577208095913],[-3.436620556015017,47.625688409003494],[-3.43650138470308,47.62558661840813],[-3.436606462405962,47.625571784065215],[-3.436585864165042,47.6254013322167],[-3.436665485252257,47.62539693477262],[-3.4367245077119,47.62522208543446],[-3.436662754175071,47.62515324789187],[-3.436674679543133,47.62525193054804],[-3.436513269590805,47.625242783091586],[-3.436614270900629,47.6250836774088],[-3.43657038500668,47.62494160478189],[-3.436408976010546,47.62493245717985],[-3.436423069019356,47.62504908218032],[-3.436273284593843,47.62480448572971],[-3.436180394317387,47.62480961576551],[-3.4362381101623,47.62517670029271],[-3.436131388527582,47.62495681854503],[-3.436100250482949,47.625030786347],[-3.436062870097583,47.62494254046831],[-3.435927739193121,47.625040313240866],[-3.435799636462865,47.62497513935773],[-3.435714333560193,47.62504306713873],[-3.435856790454761,47.62511647945242],[-3.435689698635976,47.625170861785904],[-3.435728162531781,47.62526807893264],[-3.43555131465628,47.62524172063321],[-3.435579760002919,47.625366584090884],[-3.435476850274053,47.625399359833246],[-3.435523427444268,47.625342601751555],[-3.43539098883759,47.62524154278659],[-3.435284300653176,47.625464178290116],[-3.435165132389871,47.62536238631967],[-3.435069545543983,47.62556634654573],[-3.434892697005565,47.625539987253134],[-3.434803030668614,47.62512951169433],[-3.434453141647483,47.62532945013465],[-3.434469398007511,47.62546401768688],[-3.434143060748352,47.625527189637324],[-3.434135474811732,47.625464391428594],[-3.433962961770049,47.62547391541841],[-3.434062887429677,47.625305840785714],[-3.434138991702365,47.625382918246686],[-3.4343269420935,47.62539060369418],[-3.434474263243546,47.625283128958415],[-3.434368101776704,47.625288990213875],[-3.43438597220589,47.62521575553724],[-3.43423024691888,47.62514307406947],[-3.434114066632158,47.62517658124943],[-3.434178515714121,47.625046589053404],[-3.434088610000986,47.62518701766516],[-3.433945889182547,47.6252219899124],[-3.434064502973374,47.625098038534084],[-3.434043913031874,47.62492758619583],[-3.433958874111447,47.62488712596874],[-3.433984064536344,47.62498507630779],[-3.433881420860975,47.62490946392461],[-3.433867884438962,47.625018583245584],[-3.433755221644923,47.62497061687962],[-3.433751153689538,47.62482634543415],[-3.433608433614305,47.62486131727554],[-3.433764690301415,47.624717226115905],[-3.433639841799882,47.62467896339311],[-3.433660146982181,47.62451528441981],[-3.433517694712869,47.624441869404286],[-3.433630622981887,47.62438144925749],[-3.433685603376788,47.624504848093835],[-3.433935299810004,47.62458137331427],[-3.433859196974135,47.624504295688794],[-3.434006250578736,47.62450520824892],[-3.434048493857512,47.62441256601389],[-3.434040908190532,47.62434976776301],[-3.433909292257535,47.624366065008445],[-3.433917961418381,47.62443783444702],[-3.433827505220895,47.62435251821445],[-3.433943683894024,47.62431901130534],[-3.433906573814791,47.62412237793421],[-3.433713209921374,47.624069835889856],[-3.433921193568954,47.624022229739985],[-3.433885433691184,47.623726180722414],[-3.433715626674613,47.62353687312256],[-3.433823951953447,47.623548954824145],[-3.433710191666479,47.62304949872672],[-3.433629490267037,47.62304492297286],[-3.433684202593896,47.62327670871718],[-3.433600250144679,47.62324521938193],[-3.43369585537043,47.623483778583704],[-3.433611635751013,47.62356067606685],[-3.433576427648021,47.62349037169947],[-3.433442646596482,47.62348872605202],[-3.433442379414968,47.62359711285625],[-3.433636824912859,47.62365862654759],[-3.433487606529817,47.62363977114746],[-3.43348625587882,47.62373918675657],[-3.433423424685279,47.62366137626172],[-3.433348140060168,47.62370165625328],[-3.433309695348788,47.62404695658529],[-3.433243332719817,47.62360810088206],[-3.433210292089325,47.62355573878598],[-3.433179150814494,47.623629705862434],[-3.433081928325896,47.62359894867604],[-3.433250368968907,47.62344515441294],[-3.433189705470154,47.62338528616196],[-3.433142044030521,47.62343307217874],[-3.433147716914914,47.62292702283024],[-3.433074600067361,47.62298524504767],[-3.432980897305413,47.62287301451192],[-3.432889093515478,47.62288711313074],[-3.432911030690192,47.6229581502141],[-3.432748544898517,47.62294002634846],[-3.432794039397565,47.62287429808579],[-3.432584161355007,47.62279557301771],[-3.432525397058015,47.62286203364452],[-3.432485857356379,47.62275584412226],[-3.432368328458778,47.62288876524783],[-3.432458241489911,47.623190856329906],[-3.43234206433964,47.62322436178088],[-3.432317961109431,47.62313538219955],[-3.432255946080462,47.62317492907849],[-3.432153308333253,47.62309931510629],[-3.432250529376893,47.623130073073554],[-3.432309294311135,47.62306361259421],[-3.432206926389752,47.62287961182925],[-3.432059877293862,47.62287869700296],[-3.432200970359957,47.62305152948481],[-3.432135705382585,47.62306416269611],[-3.432050940881051,47.62291531420801],[-3.431914994759607,47.622895724402255],[-3.431918787332968,47.62314838288056],[-3.431721366597019,47.62295156586389],[-3.431801797182006,47.62306452976653],[-3.43168345340694,47.623080092153636],[-3.431563214110535,47.6229693251765],[-3.431503365138925,47.62302681407519],[-3.43119410192343,47.6228993855034],[-3.431138585230445,47.622992759063685],[-3.430936290965427,47.62297682952497],[-3.430860194747059,47.622899749881924],[-3.430662233189137,47.62291970472793],[-3.430511398095252,47.62266612940322],[-3.430391971808842,47.62267271926557],[-3.430402802008979,47.622762431467585],[-3.4303356444235,47.62264873439104],[-3.430541450237111,47.6230257103551],[-3.430410109836081,47.6229336168401],[-3.430354318287272,47.62313537684888],[-3.429982231868595,47.62293013286647],[-3.429948920585127,47.62298615665982],[-3.429923738507255,47.62288820534999],[-3.42991236039647,47.623015266772306],[-3.42985955612403,47.62290980851417],[-3.429764228046668,47.623005377832456],[-3.429931044815376,47.623059390741425],[-3.429944040224531,47.623167045413126],[-3.430095421992008,47.62320384778662],[-3.430148227021241,47.623309305922184],[-3.430029882221526,47.62332486663185],[-3.429975994451309,47.62321043722181],[-3.429965699356265,47.623346469849515],[-3.429883106343714,47.62321556225362],[-3.429756906552003,47.62327671094177],[-3.429717372050242,47.623170520504964],[-3.429672956419469,47.62324521878367],[-3.429552445845213,47.623242836561154],[-3.429422170977367,47.62360223161338],[-3.429196583757531,47.62361467691887],[-3.429273761443869,47.62370072884359],[-3.429181679418209,47.623823211324265],[-3.429177623910508,47.62367893963462],[-3.429079320820486,47.62363920789003],[-3.429047621562165,47.62392994741877],[-3.428948235306412,47.623881244341646],[-3.428841799496673,47.62399548735001],[-3.428936854662097,47.624008305604086],[-3.428769759263137,47.6240626780689],[-3.42890190600636,47.624272131358516],[-3.42867062515236,47.62434810626083],[-3.428632174772289,47.62425088674434],[-3.42857773493987,47.62435323025149],[-3.428438036892139,47.62363845964776],[-3.428319690864256,47.62365401862193],[-3.428430457935098,47.623575661007656],[-3.427903468742203,47.62341507901204],[-3.427883981730131,47.62325359668179],[-3.428106319793253,47.62321424019198],[-3.428048105726028,47.62306392492683],[-3.427902138801613,47.62307197610632],[-3.427831985255858,47.62326549557114],[-3.427729074820973,47.623298264522475],[-3.427565541092232,47.622828643690355],[-3.427491615016842,47.622769504339274],[-3.427407108155827,47.62295478420258],[-3.427431761884673,47.6228269911574],[-3.427276053034441,47.62275430032896],[-3.427287960514862,47.6228529840645],[-3.427173945818606,47.62290442687694],[-3.4272167225383,47.623037531934],[-3.427091882658694,47.62299926217912],[-3.42712247197974,47.62314207033753],[-3.427055320903157,47.62302837139709],[-3.426998714379935,47.62311277173389],[-3.426965680181196,47.6230604078581],[-3.426890391531269,47.623100683699484],[-3.426851103607269,47.62332862396395],[-3.426831900411413,47.62305875463828],[-3.426709225570773,47.62303842697842],[-3.426739813890606,47.62318123523417],[-3.42662852478847,47.62303384638719],[-3.426680843440043,47.62247104261403],[-3.426622353174638,47.6224291134343],[-3.426607720164367,47.622529260796505],[-3.426467728939354,47.622365392770185],[-3.426525179167795,47.62195583205638],[-3.426373803400649,47.621919025031886],[-3.426349147558575,47.62204681791332],[-3.42623758009856,47.62200781548402],[-3.42643257431771,47.62185256746818],[-3.426295550651815,47.62182399984993],[-3.426273904472877,47.62164457459281],[-3.426157444843771,47.62178646080671],[-3.426094626630658,47.62170864629161],[-3.426024750557729,47.62179377792505],[-3.426009598862872,47.62166818021017],[-3.42585144827871,47.62168593180018],[-3.425881516333578,47.62160299533677],[-3.425782936796771,47.621671647669075],[-3.425683557723658,47.6216229417575],[-3.425667840968191,47.621714117774886],[-3.425609352327711,47.62167218807157],[-3.425536228977764,47.62173040560709],[-3.425502114892628,47.62166907001012],[-3.425497502888649,47.62174157181689],[-3.425405982557424,47.62164727767394],[-3.425284109906147,47.62174430666243],[-3.42510676494366,47.621492187442946],[-3.424964048120001,47.62152714878134],[-3.425088653323711,47.621231288852286],[-3.425013650120159,47.62116317660774],[-3.425346464334335,47.621153857669356],[-3.425537129352145,47.620962725980334],[-3.42541554196777,47.62095136821319],[-3.425529554187331,47.62089992706573],[-3.425453752122814,47.620714456878176],[-3.425309955480304,47.620740447378076],[-3.425301813224899,47.62089442231858],[-3.425249020157853,47.620788961861315],[-3.42521895157887,47.62087189819653],[-3.425095200286369,47.62084259754178],[-3.425215137500331,47.62106175822416],[-3.425049413831883,47.621016709801935],[-3.42502099543235,47.620891843501745],[-3.424923498166637,47.62096946641182],[-3.424891833916234,47.62081768623826],[-3.425028854248115,47.62084625551814],[-3.424904305563464,47.62069959644235],[-3.424974181990936,47.620614465431444],[-3.424790862634103,47.62053426309429],[-3.424751852446239,47.62065381601132],[-3.424766773204131,47.62044528183214],[-3.424592395847557,47.62032846248101],[-3.424831523981389,47.62020690751223],[-3.424741089473959,47.62012158405776],[-3.424608399131894,47.620128899573174],[-3.424634425297549,47.61990169123656],[-3.424585392177984,47.62004888954127],[-3.424517168419858,47.61992621767413],[-3.424396380038995,47.620032217109035],[-3.424424796520033,47.62015708361626],[-3.424537726015603,47.62009667212843],[-3.424575083957102,47.6201849219143],[-3.424425593013767,47.620274441871416],[-3.424540401488653,47.620340359922864],[-3.424458052185534,47.620543580452384],[-3.424430717391713,47.62042768526408],[-3.424339997505282,47.620450748466745],[-3.424361411548159,47.620296042043165],[-3.424223821223498,47.620484245889514],[-3.424233048461132,47.62033924228012],[-3.424113626605377,47.62034582573055],[-3.424089538389201,47.6202568443201],[-3.423879396893777,47.6202864904709],[-3.424005596348679,47.62022534803973],[-3.423859127947503,47.620007648942064],[-3.423819034195926,47.62011823028706],[-3.423725355923762,47.62000599216138],[-3.423663338165257,47.62004553454122],[-3.423754565839644,47.62024821709484],[-3.423673869528649,47.62024363445552],[-3.423493359387602,47.61952207944045],[-3.423350646773955,47.619557038842636],[-3.423300022405926,47.61946952003304],[-3.423015967064019,47.6194400224903],[-3.422950415866654,47.619561037596256],[-3.422851331969976,47.61940394221548],[-3.422751382061708,47.61957200776431],[-3.422587325138528,47.619319153104236],[-3.422464081610175,47.61951559496357],[-3.422375815268192,47.61944821226497],[-3.422302401660524,47.61961481484164],[-3.422362333734584,47.619114811199644],[-3.422307385063142,47.61899140669292],[-3.422227772347573,47.61899579436379],[-3.422188467537296,47.619223733539684],[-3.422127029814268,47.61904650107652],[-3.422094504064904,47.619219881075345],[-3.421953453843715,47.61904703604614],[-3.421930661267291,47.619301157828154],[-3.421843477465036,47.61924274603452],[-3.421762491965408,47.619346549085186],[-3.421847431528721,47.61982953760242],[-3.421654095054062,47.61977697547859],[-3.421665991478474,47.61987565993785],[-3.421490249876284,47.61985825159032],[-3.421461257444382,47.61995015831311],[-3.421378690539791,47.61981924447581],[-3.42118772267481,47.62011875645644],[-3.421064559928858,47.61987267757335],[-3.421179655449305,47.619830211963844],[-3.421072801958027,47.61927618352752],[-3.420997806624658,47.6192080686358],[-3.420921144967555,47.61934775639639],[-3.420808505774054,47.619299777403285],[-3.421031737865221,47.62015444416888],[-3.420957530219519,47.62020368756441],[-3.420921259619647,47.620124407942306],[-3.420952912170386,47.62027618924614],[-3.420745021982191,47.6198812532116],[-3.420748468542471,47.62024229940157],[-3.420568199351497,47.61985487215384],[-3.420470991003767,47.619824104410846],[-3.420609289402661,47.62019578244621],[-3.420504511269839,47.620102215476706],[-3.420484167432334,47.620265892531684],[-3.420722335057413,47.62091202588138],[-3.420999616105079,47.620996088006336],[-3.420791632727081,47.621043671220086],[-3.420824366834743,47.621204423803356],[-3.420745043645994,47.62110042355154],[-3.420644295732838,47.62115112893049],[-3.420725488541866,47.62138145877818],[-3.420623365531174,47.621531579704744],[-3.420718414335698,47.62154440466345],[-3.42078829854383,47.621459276194],[-3.420796363900253,47.621747820472436],[-3.421153763649044,47.62205324054537],[-3.421025101356136,47.62220482406987],[-3.420875891493027,47.62218595254343],[-3.420807087872621,47.62228005234463],[-3.420702305302349,47.622186485652676],[-3.420685498494508,47.622268689660935],[-3.420662496497847,47.622188678944205],[-3.420631338635333,47.62226264272612],[-3.420609418086758,47.62219160331182],[-3.420531963162342,47.62221393244595],[-3.420542483333604,47.622412032421984],[-3.420440157219265,47.62222802128429],[-3.420323974622892,47.622261514797145],[-3.420330956265887,47.6225410876745],[-3.420431413507112,47.622598769430624],[-3.420335281567881,47.622576972931235],[-3.420378534907651,47.62293582545335],[-3.420483024890395,47.62313777919848],[-3.420409893942607,47.62319599348051],[-3.420274245295256,47.62306800333203],[-3.420299903357816,47.623391701598514],[-3.420142827080215,47.62341841675326],[-3.420120906707131,47.62334737728945],[-3.420007965336835,47.62340778440553],[-3.419929721737384,47.623312755031385],[-3.419870941117569,47.62337920927277],[-3.419833588717271,47.62329095812706],[-3.419802429062944,47.62336492164595],[-3.419688996270722,47.623199583568905],[-3.419661080150494,47.62330046100388],[-3.419461030342965,47.62297779926693],[-3.419287952535979,47.62308621165325],[-3.419396273633322,47.62309830673854],[-3.419430871546827,47.623385388964095],[-3.41953732627909,47.62327115449667],[-3.419438144275388,47.623556574966656],[-3.41959630253349,47.62353883207804],[-3.419446793849421,47.623628345507974],[-3.419527199479045,47.6237413178227],[-3.419451904257072,47.62378158885487],[-3.419478934424895,47.624005871756445],[-3.419567204646111,47.62407325648669],[-3.419770875876034,47.62398979027669],[-3.419556097011635,47.624091930084425],[-3.419526803511802,47.62429222285922],[-3.419426344061259,47.62423454037524],[-3.419231320766568,47.6243897765031],[-3.41929305094065,47.624458623287154],[-3.419197701181425,47.62455418390421],[-3.418538405755783,47.62506913178717],[-3.418441189082871,47.62503836243713],[-3.41838889101183,47.62515864379247],[-3.418132131578665,47.62524503077957],[-3.418093699745664,47.62514780783953],[-3.418047104214446,47.62520455897506],[-3.417882454700751,47.62516847180261],[-3.417788182101056,47.62527300255845],[-3.417807455160331,47.62510035506838],[-3.417712400723717,47.62508752776411],[-3.417708858781818,47.62516900046204],[-3.417607318726591,47.62510234511279],[-3.417591587152637,47.62519351987986],[-3.417483262212675,47.62518142313386],[-3.417509503450834,47.62528834833699],[-3.417602396352044,47.625283233151364],[-3.417593748989611,47.62521146253457],[-3.417631099030795,47.625299714309406],[-3.417694208298368,47.62526914656577],[-3.417740505189848,47.62532078224301],[-3.417640827387742,47.625380456246276],[-3.417827395533342,47.62548758357816],[-3.417660766656664,47.625767684728714],[-3.417932663161073,47.625806897305935],[-3.418016013364372,47.62605517112647],[-3.417881927578521,47.626161894281736],[-3.418001064666436,47.62626370384124],[-3.417846140753607,47.62630835850479],[-3.417674104612018,47.6265436029623],[-3.41788505639433,47.62663132598804],[-3.417695723871297,47.62672302936024],[-3.417839241457271,47.6268054349027],[-3.417800211117416,47.62692498511193],[-3.417912564965352,47.6270813533907],[-3.417758420545099,47.62724336579784],[-3.417965051134672,47.62729520338311],[-3.417897316811388,47.62739827253659],[-3.418017836245566,47.627400666779685],[-3.417815230262383,47.627493101100946],[-3.417928965076928,47.62755005409231],[-3.418090677190285,47.62745084067351],[-3.418106892946882,47.627585410353184],[-3.418404259902532,47.62761418887666],[-3.418497831269375,47.62816894822705],[-3.418388904543434,47.628373625348836],[-3.4182253261118,47.62834651002409],[-3.418125643201533,47.6284061843481],[-3.418149426894137,47.62860355310335],[-3.418005306890466,47.62873792098443],[-3.418054551844106,47.628924856835184],[-3.417683437549325,47.62917106275956],[-3.417662782352725,47.629443124999256],[-3.417459386684591,47.62941820086421],[-3.417204767138383,47.62952252824051],[-3.417229929005658,47.62962048195679],[-3.417346129561108,47.629586991648665],[-3.417329015322603,47.62977758128093],[-3.417283495897132,47.629843303284815],[-3.41725941478099,47.62975432090075],[-3.417119913523116,47.6298161864326],[-3.417200023353856,47.63003754639443],[-3.417003590865844,47.63029219342163],[-3.41684757352876,47.630327875358894],[-3.416774127702416,47.63049447352765],[-3.416682306525286,47.630508559352094],[-3.416829376374675,47.6305094935354],[-3.41685453801831,47.63060744728267],[-3.416079416426901,47.631381613443494],[-3.415659814098389,47.63155823383397],[-3.415668156573166,47.63173839066529],[-3.415866156440522,47.631718461324084],[-3.416221735282037,47.63189756600511],[-3.416175910398903,47.63207167379439],[-3.416264189789106,47.63213906074069],[-3.416103540887237,47.63224724269939],[-3.416176386646612,47.632297417661505],[-3.416068047609906,47.63228531964732],[-3.416056634511835,47.632412379102675],[-3.416279019445505,47.63237304531379],[-3.416536293939094,47.632512406558334],[-3.416509146262656,47.6327306403114],[-3.416704863710107,47.63313528321302],[-3.416659039340304,47.63330939108047],[-3.416508417458959,47.633389929000096],[-3.416650568880094,47.63357175062608],[-3.416405655953381,47.63375681770641],[-3.416536571915272,47.63439982860881],[-3.416767311399206,47.634540650438495],[-3.416830432088271,47.634510083307326],[-3.416841241895091,47.63459979621804],[-3.416959615538683,47.63458424896239],[-3.417284047300103,47.634837312459],[-3.417461217636926,47.634755312149686],[-3.417592564784315,47.63484741966331],[-3.417561395277481,47.63492138214349],[-3.417896458916384,47.63493002706622],[-3.417955738514588,47.63508931774831],[-3.418317348959124,47.63509649989508],[-3.418596565100943,47.635306895772494],[-3.418563234141582,47.635362915960414],[-3.418751217431249,47.63537062643159],[-3.419251841649481,47.63630935566228],[-3.419762413653157,47.637662952775734],[-3.420343600864527,47.63827213245251],[-3.421062743132281,47.63858472494223],[-3.422961596165637,47.63904002939695],[-3.424042117864266,47.63946815595056],[-3.425653564604886,47.64030952203232],[-3.425952606835577,47.64057299519163],[-3.426201284681953,47.64064056513173],[-3.42638655905016,47.64084709259213],[-3.42629580529692,47.64087015707091],[-3.426970863447847,47.641149023255736],[-3.427033986108293,47.64111845071644],[-3.426975194722927,47.64118490792153],[-3.427095745698931,47.641187292781105],[-3.427087082992085,47.64111552345774],[-3.427177556827048,47.64120084417097],[-3.427211965248118,47.64115379285956],[-3.427365561924675,47.64120854075736],[-3.427281305211314,47.64128543297138],[-3.427318682522738,47.64137368091435],[-3.427438151039322,47.641367094258115],[-3.427339536995753,47.64143574720352],[-3.427431374160542,47.641421653081835],[-3.427461974949908,47.64156445979197],[-3.427521045445264,47.6413896165673],[-3.427650260405568,47.641463770135374],[-3.427512627103538,47.64165197579926],[-3.427612848969479,47.64181803657857],[-3.427828766728448,47.641724854047844],[-3.427845011378626,47.64185942138069],[-3.427960427330468,47.64170856380046],[-3.427800052066186,47.64170837553588],[-3.427806828604451,47.641653816698906],[-3.4281687628374,47.641552582548435],[-3.428625504825788,47.64157255144925],[-3.429080887843765,47.64169193319999],[-3.428991747532546,47.64194971358949],[-3.429152399513365,47.64184151445211],[-3.429126657923416,47.641960335462066],[-3.42918653068937,47.64190284834372],[-3.429249377182405,47.64198066038404],[-3.429324690688297,47.64194038341501],[-3.429373987476236,47.64212731321416],[-3.429273208065628,47.642178025485606],[-3.429411368837953,47.64221556044902],[-3.429475023955772,47.642410729234726],[-3.429539780353858,47.64217235500877],[-3.429593686336537,47.64228678349863],[-3.429715323221201,47.6422981367909],[-3.429668725074676,47.64235489205863],[-3.429836685558518,47.64241787569791],[-3.429878950255329,47.64232523582903],[-3.430144975268542,47.642536335447694],[-3.430066137304157,47.64265808526771],[-3.429762180327834,47.64257550985392],[-3.429718282236482,47.64287594997129],[-3.429867553076505,47.64289480999939],[-3.429911435889704,47.64303688382499],[-3.429856979345867,47.64313922693412],[-3.429733173868721,47.64310993153079],[-3.429572519246872,47.643218131395365],[-3.429557886072529,47.64331827805099],[-3.429684133488698,47.643257130211445],[-3.429761340369409,47.64334318093999],[-3.430030633600831,47.64313868022459],[-3.430215121890325,47.643227844527345],[-3.430171773662011,47.643311513347605],[-3.430392026736075,47.643254210660835],[-3.430424803388001,47.64341495870745],[-3.43043212424966,47.64314362838116],[-3.430690033369133,47.64306618627968],[-3.430890781608208,47.64284740241591],[-3.431045470472157,47.642911116549776],[-3.431114282638322,47.64281701172127],[-3.431669647739823,47.64276831262757],[-3.432265649544442,47.642834770517375],[-3.432570695666552,47.64292631051366],[-3.432571510414565,47.64304366733251],[-3.432723219120062,47.64297208021153],[-3.432835918991556,47.643020047126285],[-3.43283294575722,47.643327262029075],[-3.433117401616728,47.64324834963464],[-3.433075957674588,47.643458347420435],[-3.433274810824321,47.643555745477876],[-3.433604244352296,47.643627875506475],[-3.433899807342515,47.64353028647407],[-3.43451017930537,47.64360497138752],[-3.434489050488539,47.64365129213115],[-3.434706867278403,47.64368442483075],[-3.434703350048623,47.64376589725825],[-3.4347941050922,47.643742826283706],[-3.4348512765218,47.64388416549806],[-3.435184230721606,47.643874818635744],[-3.435124362204545,47.64393230876842],[-3.435254678155614,47.64401542490571],[-3.435087526545975,47.64406980584601],[-3.435235718355731,47.64407968792666],[-3.435289638479206,47.64419411367479],[-3.435215967462524,47.64446910787529],[-3.435114104925897,47.644510854048455],[-3.435334094198359,47.64456192771426],[-3.435268540076473,47.64468294816198],[-3.435435693422259,47.6446285669801],[-3.435486361561417,47.64471607939069],[-3.435834502166011,47.644832325668034],[-3.435906561543348,47.64476513131397],[-3.435979443009211,47.644815293599926],[-3.436106771035297,47.644763109934736],[-3.436314571747404,47.64482388565292],[-3.436669743480064,47.64477718457918],[-3.436743710215492,47.64483631744751],[-3.436762668468149,47.6447720542072],[-3.436919799278186,47.64474531699695],[-3.436953941239179,47.644806648526604],[-3.437025999172211,47.64473945348127],[-3.437151981639487,47.64478668324257],[-3.437135193054436,47.6448688886555],[-3.437243821978919,47.644772581432754],[-3.437823323958586,47.64481283071041],[-3.437999669133942,47.64461344300158],[-3.437915680570135,47.64458195711576],[-3.438022964775246,47.64458506374247],[-3.438047087206883,47.644674041159135],[-3.438132418521422,47.64460611236454],[-3.437838458747961,47.644495911831314],[-3.437982313300901,47.64446990622554],[-3.437911858079779,47.64432930163344],[-3.438045691516759,47.64433094214409],[-3.437919709334442,47.6442837133352],[-3.438320381915781,47.64417127767796],[-3.438462893460216,47.64424468608655],[-3.438481849432298,47.64418042254753],[-3.438628957338018,47.644181329278375],[-3.438595898684643,47.644128969263036],[-3.438989547264085,47.644179476359334],[-3.439020692477357,47.64410550852],[-3.439165374668775,47.64419685815549],[-3.439240683817509,47.64415657484142],[-3.439333352157974,47.64425982808229],[-3.439497245077849,47.64417852796516],[-3.439550919560763,47.64440133739229],[-3.439655203115399,47.64426914376344],[-3.439640333878294,47.64447767727373],[-3.439937483786558,47.644172272734735],[-3.439978139253479,47.644287429589234],[-3.439837287004222,47.64444873640137],[-3.439955675790757,47.64443316592457],[-3.440193213879674,47.64407686763338],[-3.440299158725985,47.64417938680627],[-3.440490684634399,47.644105589682916],[-3.440415123378827,47.64425425946553],[-3.440479074167513,47.644341036396526],[-3.440779474108778,47.644062542777576],[-3.440775966125595,47.64414401537162],[-3.441008982182872,47.64430273065004],[-3.441383098819867,47.644191751284986],[-3.441369572846466,47.64430087038619],[-3.441531292133661,47.64420162538036],[-3.441571951062409,47.64431678167852],[-3.441679485502296,47.64421149928774],[-3.441593324724333,47.644162074006886],[-3.441858820229425,47.64414740441292],[-3.441830350179353,47.64402254369823],[-3.441909998618397,47.64401814272149],[-3.442028135999269,47.64411095581445],[-3.442101272023642,47.64405272862835],[-3.442438567912389,47.64407924514531],[-3.442398494577052,47.644189831490245],[-3.442467288370355,47.64409572003908],[-3.442688368489466,47.6441557508782],[-3.442603043694841,47.644223683015795],[-3.442703814299566,47.644172959301436],[-3.44272335379731,47.64433443740923],[-3.442825210043853,47.644292684598845],[-3.442960966727724,47.644420647146575],[-3.442987764274193,47.64431079424576],[-3.443091791451816,47.64428698320911],[-3.442934913089545,47.64420534306176],[-3.443273543295534,47.64413244250231],[-3.443299254432387,47.6440136185117],[-3.443359952723164,47.644073480872734],[-3.443517078170062,47.64404673478099],[-3.443637882923975,47.643940716889055],[-3.443554977754543,47.643918206044816],[-3.443595048489254,47.643807619287635],[-3.443805271650159,47.64377793802385],[-3.443843170349597,47.64364940917625],[-3.444224876881925,47.643601217665136],[-3.444434258032768,47.643454178562415],[-3.446225597206757,47.6446736736487],[-3.44644125312761,47.644688842512686],[-3.446249733355703,47.644762649367365],[-3.445708605192009,47.644377141177],[-3.445621111847644,47.64442713355602],[-3.445664436757731,47.64434345905426],[-3.44558153010771,47.64432094965268],[-3.44547617513724,47.64444417758746],[-3.445451197326703,47.64423784504686],[-3.445093266328508,47.644040888525595],[-3.444968120621323,47.64411102397429],[-3.444789033989853,47.64406673794692],[-3.444723501919624,47.64418776372953],[-3.444814985905308,47.643839527930325],[-3.444438952200929,47.64382419063266],[-3.444450896121721,47.64392287154112],[-3.444334926526626,47.643848002874435],[-3.44430596040718,47.64393991412545],[-3.444001728262845,47.64396576149819],[-3.443948383526973,47.644077082118706],[-3.443868735168092,47.644081484484786],[-3.443828071462188,47.64396632897179],[-3.443696410136244,47.64398263708032],[-3.443535287632437,47.644307627430265],[-3.443393607510716,47.64435158187332],[-3.443372238992288,47.644506289858995],[-3.44307777351752,47.64461287380337],[-3.443050385955951,47.64449698441769],[-3.442810104928699,47.644609604156734],[-3.442798163888471,47.64451092311587],[-3.442476310924308,47.64450161609327],[-3.442506365996038,47.64441867632991],[-3.442270924718513,47.644350407687405],[-3.442134670607716,47.64443921564952],[-3.441985391113654,47.64442037130868],[-3.441935297924368,47.644558604017895],[-3.441881363182315,47.64444418135864],[-3.441690923343005,47.64452695176275],[-3.441485288315333,47.64448412762949],[-3.441532710231608,47.644544724376516],[-3.441399961464076,47.64455205887692],[-3.441496141592016,47.644573837790126],[-3.441469340842739,47.64468369033379],[-3.441343354797576,47.644636465225005],[-3.441361222133116,47.64456323021473],[-3.441140723786498,47.644728939175984],[-3.441198164618124,47.64476188958319],[-3.441002296325359,47.64479980376407],[-3.440929410159105,47.6447496446108],[-3.440818617490936,47.644828013219275],[-3.440865205937695,47.644771253578334],[-3.440713755559896,47.644734465574366],[-3.440836737879728,47.644646392662075],[-3.440764937285659,47.64460520442398],[-3.440572324786988,47.64467003095379],[-3.440697225030937,47.64470828587052],[-3.440572071980859,47.64477841658637],[-3.440462616918986,47.64475737025151],[-3.440518139939777,47.644663993310964],[-3.44032903563844,47.64464734687624],[-3.440204967362743,47.64472644822705],[-3.440339887004464,47.64473705713665],[-3.440084407807118,47.64472407689776],[-3.440078728527391,47.64478760738703],[-3.439870669438595,47.64483522398987],[-3.439919683168948,47.64468802115586],[-3.439816993184156,47.64461241475993],[-3.439616529651649,47.64472282813027],[-3.4395192650226,47.644692076637995],[-3.439673139141195,47.64463842262256],[-3.439446380397523,47.64464191655681],[-3.439388685567297,47.64471735091982],[-3.439119102572846,47.644587745113846],[-3.43906466210615,47.64469009243114],[-3.438957377629241,47.644686986761066],[-3.439231556076731,47.64474409145056],[-3.43896254608312,47.64484022758026],[-3.439088530502292,47.64488745525108],[-3.439100464766571,47.644986136651596],[-3.439013220207204,47.64492773845175],[-3.438930059312942,47.64501360995345],[-3.438790799718678,47.644967115261544],[-3.438868023758393,47.64505315989547],[-3.438699787710427,47.64509857493614],[-3.438609288844785,47.64501326331909],[-3.438677005519858,47.64491018309892],[-3.438554275933634,47.644889868110134],[-3.438528296849673,47.64511707661125],[-3.438349212186967,47.64507278073689],[-3.438250605333853,47.64514144275853],[-3.43835680587,47.6451355780345],[-3.438351124489644,47.64519910842617],[-3.438180975635593,47.6451181950301],[-3.438099982647941,47.6452220080197],[-3.437939596789675,47.64522183367323],[-3.438079941076307,47.64527730041772],[-3.438157991490182,47.64548070213831],[-3.437948016620373,47.645401987629626],[-3.437863768535427,47.64547888730673],[-3.437838561314445,47.64538093884354],[-3.43780064692224,47.64550946562732],[-3.437563863246682,47.64554060207638],[-3.437624556840067,47.64560046736911],[-3.437521609345095,47.6456332445697],[-3.437454407807961,47.64551955293196],[-3.43717862325107,47.64567024419941],[-3.437152332577814,47.64556332454668],[-3.437240920352008,47.645522309589886],[-3.437069427623665,47.64554080911979],[-3.436816417744585,47.64587989160464],[-3.436731343331259,47.64583943383496],[-3.436777112967589,47.64566531923158],[-3.43692205577252,47.645648286001574],[-3.436913379125384,47.64557651757388],[-3.436822621879421,47.64559959017248],[-3.436875983002726,47.64548827289391],[-3.436704490257255,47.64550677188853],[-3.436696898465908,47.645443974495684],[-3.436558463248575,47.64551483379267],[-3.436479073258091,47.64541084553621],[-3.436359596804825,47.64541744142302],[-3.436212223864699,47.64552491741646],[-3.436163984431697,47.64534696189532],[-3.436164807119372,47.64546431854115],[-3.435879521890555,47.645425881620504],[-3.435697481516368,47.64568879629155],[-3.435564992082265,47.645587738588354],[-3.435519218557366,47.64576185272393],[-3.435391066580333,47.645696679091834],[-3.435420049008638,47.645604770135506],[-3.435634884092389,47.64550260229525],[-3.435441441022363,47.64545006369339],[-3.435339313350881,47.64560019561646],[-3.435337408164038,47.645473867904364],[-3.435142353535763,47.64562912888963],[-3.435025309032155,47.64554527997974],[-3.43492127580256,47.64556908381905],[-3.434857332580491,47.645482303901844],[-3.435084359151989,47.64537043329409],[-3.435181622461577,47.64540118846718],[-3.4351718639138,47.64532044883002],[-3.43497382079172,47.64534041075241],[-3.434906096417124,47.64544348880321],[-3.43460021265227,47.64523459836036],[-3.434670105739125,47.64514946262871],[-3.435013090224974,47.64511247035234],[-3.434913923373,47.64495538728122],[-3.434557399721552,47.64510149753627],[-3.434583660676052,47.64476590430258],[-3.43430488506196,47.64478128999806],[-3.434334134340275,47.64458099564357],[-3.43418160490635,47.64453522808691],[-3.434000909432657,47.64469872570252],[-3.433744347933081,47.64467676051615],[-3.433977059937877,47.64450136182435],[-3.433954028429059,47.64442135464611],[-3.43379147692881,47.6444032324326],[-3.433866790425403,47.644362952586555],[-3.433735391768602,47.64427086382715],[-3.433829400191357,47.64427470687587],[-3.433831834755741,47.6441842634075],[-3.433770880410505,47.64423278174889],[-3.433680390893325,47.64414746627605],[-3.433575275799249,47.644162297844],[-3.433593153636907,47.644089064003886],[-3.433360709619681,47.64415607632319],[-3.433342831440565,47.644229310125205],[-3.433208182235227,47.644110307485704],[-3.433072997561593,47.64420807598585],[-3.433127449028191,47.644105731434806],[-3.432993616307509,47.644104085290614],[-3.432970586444653,47.64402407790199],[-3.432754668361631,47.64411726982319],[-3.432818606528541,47.64420405095267],[-3.432664726771072,47.644257695953236],[-3.432688562727176,47.64401254645455],[-3.432612165010413,47.64404385444778],[-3.432552831715714,47.64388457194566],[-3.432429023029395,47.643855279410225],[-3.432519779208238,47.64383221020329],[-3.432419268929106,47.643774539478244],[-3.432465865389882,47.64371778315547],[-3.432139414129593,47.6437809489114],[-3.432126409271467,47.64367329563143],[-3.432064370232757,47.643712841988695],[-3.43180483383222,47.64355557353337],[-3.431869581212262,47.64331719815815],[-3.431792370969539,47.64323114882153],[-3.431489220429149,47.64326593473592],[-3.43161085994895,47.64327728604904],[-3.431440997018919,47.64353049093863],[-3.4314344953183,47.6434766642537],[-3.431331548118745,47.64350943603671],[-3.431427181391826,47.643305480763225],[-3.431166021479681,47.64335601113034],[-3.431170083858551,47.64350028128292],[-3.431088268191369,47.6434867327049],[-3.431164394096287,47.64356381137897],[-3.431074721345421,47.64359585065346],[-3.431154370033902,47.64359145700757],[-3.431076888461378,47.643613792887535],[-3.431129715626702,47.64371924946646],[-3.43103787548466,47.64373334647828],[-3.431091786256656,47.64384777418405],[-3.430920296778582,47.64386626470513],[-3.430926798007999,47.64392009140776],[-3.431086096364124,47.643911304264805],[-3.431114541214545,47.64403616760351],[-3.43093871696266,47.644018773691066],[-3.430820864771089,47.644260077438275],[-3.43075720252493,47.644064909573544],[-3.430594107057018,47.64426355419378],[-3.430363825419727,47.64434850278123],[-3.430272257717335,47.644254213553594],[-3.430184750114664,47.64430419437607],[-3.430156307297006,47.64417933082844],[-3.429998091376309,47.644197087826846],[-3.430118923327706,47.64409108392205],[-3.430018415155713,47.644033411139546],[-3.429654300945927,47.644116708633554],[-3.429629109437274,47.644018758330425],[-3.429713367083333,47.643941864532586],[-3.429810624693324,47.643972624199314],[-3.429830948962247,47.64380894752549],[-3.429516685596802,47.643862402694324],[-3.429547843755432,47.64378843736835],[-3.429644017668755,47.643810226045986],[-3.429589026729325,47.64368682653957],[-3.429497275942198,47.64370059392556],[-3.429589852051936,47.64336166951325],[-3.429389372058731,47.64347206540847],[-3.42949704765687,47.64370062818011],[-3.429208389620523,47.643743941368456],[-3.429319197087506,47.6436655837254],[-3.429224106814968,47.64365276591279],[-3.42919350011238,47.643509959819234],[-3.429072391480342,47.64372434846507],[-3.429011709615446,47.64366447867199],[-3.429224658513182,47.6434359945659],[-3.429312992596308,47.64306085736464],[-3.429191078144501,47.643157889356225],[-3.429026365702737,47.64312181822823],[-3.428887926324772,47.643192668522765],[-3.42878958750352,47.643152936935216],[-3.428812080921808,47.64300720265097],[-3.42865603430786,47.64304290012431],[-3.428683414499182,47.642716279001824],[-3.428840543303147,47.642689552627935],[-3.42868721778603,47.642526420984815],[-3.428731121394725,47.64222598120024],[-3.428602986199676,47.642160800003644],[-3.428413894487747,47.64214413426371],[-3.428439082880919,47.64224208492434],[-3.428288731310189,47.64221425191554],[-3.427873416198827,47.642426799777596],[-3.427934899923844,47.64260402707816],[-3.427848197194495,47.6427713630612],[-3.427798626416374,47.64269281840202],[-3.427747940411968,47.6430478165592],[-3.427632800042818,47.64309028813228],[-3.427562060755397,47.64350057678878],[-3.427564819038731,47.64285923380008],[-3.42751035817576,47.64296157582493],[-3.427449678930734,47.64290170519687],[-3.427271657460335,47.64330887738091],[-3.427223449845797,47.643130917964605],[-3.427299849416908,47.64309961347999],[-3.427223729756266,47.64302253226956],[-3.427142718633916,47.64312633777625],[-3.427140832939255,47.643000009768556],[-3.427030303958756,47.642969979675314],[-3.427197460333368,47.642915610230524],[-3.427134615731255,47.64283779712432],[-3.427232429625398,47.64265178752934],[-3.427068802934023,47.642624684789546],[-3.427113238339718,47.642549988249414],[-3.426980772955613,47.642448920648334],[-3.426678706519021,47.64249266525597],[-3.426610449255733,47.64236999603331],[-3.426580089418431,47.6425613175202],[-3.42642079435048,47.64257009852606],[-3.426398056588282,47.6423817040492],[-3.426374192462618,47.6426268524718],[-3.426205953433195,47.64267224958045],[-3.426202423291494,47.642753721794485],[-3.426074289917997,47.642688537842645],[-3.426081868816798,47.64275133601512],[-3.425919325077783,47.64273320283437],[-3.425816941457445,47.642549198340085],[-3.425735928317135,47.642653002896914],[-3.425666307318652,47.64262974768108],[-3.425703399904736,47.64282638178757],[-3.425475848808082,47.64271249173336],[-3.42533740577819,47.642783337836086],[-3.425464790688151,47.6422886516478],[-3.425365089830297,47.64234833171892],[-3.425244820234482,47.642237559340614],[-3.425374601408645,47.64209494391369],[-3.425431746124159,47.64223628785714],[-3.425510310653355,47.642222926879775],[-3.425437726102465,47.64206437225183],[-3.425562093355448,47.64187690071741],[-3.425451619024584,47.64140435484464],[-3.425035041845,47.64083127859996],[-3.424892557888995,47.640757853684576],[-3.425046949214875,47.640929961642435],[-3.424944003005897,47.64096272784077],[-3.424629809755749,47.64057365548547],[-3.424143568731414,47.64041983450419],[-3.423734589016538,47.639909551720265],[-3.422887580043134,47.639423402450895],[-3.422827703273833,47.63948088641525],[-3.420802092383117,47.63886097534749],[-3.419806953629239,47.63836490306442],[-3.419244452277207,47.63779984608995],[-3.418824832155599,47.636757317532016],[-3.418530766772534,47.63631293857813],[-3.417853467057699,47.63568195087022],[-3.417870282451367,47.63559974783811],[-3.417793888085842,47.635631046278576],[-3.417701575610085,47.635419389397185],[-3.417607284549413,47.635523919454016],[-3.417523921460135,47.63527564655529],[-3.417376838465059,47.63527471324871],[-3.417215701706914,47.63515715305943],[-3.417181888863008,47.634987429335084],[-3.416986039389878,47.63502530344781],[-3.417028320537524,47.63493266787346],[-3.416790791749074,47.634846404979875],[-3.416693859525097,47.63470724819411],[-3.416389968522884,47.63462463765333],[-3.416172630752911,47.63404056855421],[-3.416186205640004,47.63393145179455],[-3.416255811161052,47.633954712763995],[-3.416194678439907,47.6336690923314],[-3.41631161970628,47.63297631451941],[-3.416167913974539,47.63255977730936],[-3.416061736027049,47.63256562190397],[-3.416072068336304,47.63242959115023],[-3.415893044887433,47.632385260568334],[-3.415848733283597,47.63201743682078],[-3.415738233400338,47.63198739587481],[-3.415725567696434,47.63177135381508],[-3.415514599148737,47.63168362712182],[-3.415548234569158,47.63151922138513],[-3.415456715049928,47.631424919921386],[-3.416280308065074,47.63072033665154],[-3.416216412940221,47.63063354586754],[-3.416327212261527,47.630555200014165],[-3.416226744481275,47.630497514964354],[-3.416432908861716,47.63032361110232],[-3.416439695573505,47.63026905260355],[-3.416310221285729,47.63030327259635],[-3.416330279785444,47.630247983505214],[-3.41649524554665,47.63017568638154],[-3.416204350061669,47.63020073093959],[-3.416117154723143,47.630142315198825],[-3.416164058916429,47.62997717857768],[-3.416005880440502,47.629994916759784],[-3.415964206840798,47.62987077939578],[-3.415819300196303,47.62988778676721],[-3.415790898666048,47.629762918791975],[-3.415895990342494,47.62974810311303],[-3.415962045362883,47.62985283675399],[-3.415964509544485,47.62976239298434],[-3.416160340431951,47.62972452048119],[-3.416085034229838,47.629764789218754],[-3.416161118897778,47.629841878214435],[-3.41617901583111,47.629768646497176],[-3.416311731291096,47.62976134059502],[-3.416361273156179,47.6298398906529],[-3.416360494250314,47.62972253292086],[-3.41658394859307,47.629692169814874],[-3.416625145369148,47.62959056281477],[-3.416650306204817,47.62968851665248],[-3.416498312081626,47.62986846980801],[-3.416608808006101,47.62989851006787],[-3.416818813404425,47.629534746571835],[-3.417015723759021,47.62950584394484],[-3.416980533594026,47.629435534791476],[-3.417140091330188,47.629318380157216],[-3.417104901124965,47.62924807103453],[-3.417027434495175,47.62927039776345],[-3.417091930129943,47.629140415272715],[-3.416972487703153,47.62914699139133],[-3.417010440623512,47.62901847028053],[-3.417120154512122,47.62893115229424],[-3.417258272449211,47.62896870188554],[-3.417236353635819,47.6288976620834],[-3.417427556862015,47.62893228865064],[-3.417604707378636,47.62885028787357],[-3.417683553371633,47.628728545593056],[-3.41757414025038,47.62870747764307],[-3.417762997094239,47.62839003027219],[-3.417973472503969,47.62825200874921],[-3.417899549545338,47.62819286349231],[-3.418023910953437,47.628005398636795],[-3.417978991100906,47.62785434793107],[-3.417809710482816,47.62789076198537],[-3.417920501772366,47.62781241450992],[-3.417839794527248,47.62780782785739],[-3.4178731215283,47.627751807657305],[-3.417680841257301,47.6277082104834],[-3.417764009371947,47.627622353338616],[-3.417382693046197,47.62756207226368],[-3.417522487635423,47.627391819798184],[-3.417455351661158,47.62727811558778],[-3.4171400923437,47.62732256660592],[-3.417040710636747,47.627273853482045],[-3.417053201160955,47.62715576491708],[-3.416854137826746,47.62716672499212],[-3.416915388816355,47.627009828480524],[-3.417166454052325,47.626986974205124],[-3.417389115360038,47.626839251614975],[-3.417148379376647,47.62672607512154],[-3.417144656459696,47.626473416633],[-3.416975379651688,47.626509829504066],[-3.417032005624724,47.626425434173306],[-3.416898217730413,47.626423769578246],[-3.416999279735893,47.62626468095872],[-3.416870896338793,47.62630787297136],[-3.416874740470055,47.626118013729254],[-3.417055125031478,47.626062927657],[-3.417298800519406,47.62631140497159],[-3.41744291575024,47.62617703779422],[-3.41730294309382,47.62601315909145],[-3.417454324215474,47.62604997779485],[-3.417242894734994,47.625736509364714],[-3.416928725163672,47.62578993117557],[-3.416932268337441,47.625708458527356],[-3.416736753843022,47.625637945759216],[-3.416862974129877,47.62557681121448],[-3.416650646142727,47.62558850161283],[-3.416652630757741,47.62527231297336],[-3.41670138936851,47.62523350506715],[-3.416792900471716,47.6253278058567],[-3.416772365591582,47.62515735049799],[-3.416881470304663,47.6252868059073],[-3.416864177540427,47.62514326456393],[-3.41699039651169,47.62508212986593],[-3.416815720079228,47.62507368586444],[-3.41683853946948,47.62481956583451],[-3.417016156976236,47.62496331049426],[-3.416947944331677,47.62484063451572],[-3.417102564372056,47.62490436770146],[-3.417097760974832,47.62464273764011],[-3.417291410565541,47.62458692047136],[-3.417315189472134,47.62478428978461],[-3.417352357454917,47.62453841023486],[-3.417401896004064,47.624616960062724],[-3.417525951326748,47.62453788210512],[-3.417399552662172,47.62426488591899],[-3.417579930420175,47.62420979898371],[-3.417544144075332,47.62435626326135],[-3.41762700789119,47.6243787927881],[-3.41762976829018,47.624179962000966],[-3.417983738046206,47.62412434589751],[-3.417998871555109,47.62424994449446],[-3.41783392614234,47.624322243962304],[-3.418072789163734,47.62430908980855],[-3.41814838440796,47.62416043294659],[-3.418046845722333,47.62409377794487],[-3.418296815745497,47.62406194987712],[-3.418097764203371,47.62407291208903],[-3.418076927258566,47.62401084359373],[-3.418279221602083,47.62402679539649],[-3.418332599827979,47.62391548534673],[-3.418558190849622,47.62390306102635],[-3.418371924556562,47.62368754801776],[-3.418545515651427,47.62368701837247],[-3.41856340725038,47.6236137860578],[-3.418344601365882,47.62357165159249],[-3.418302927342047,47.623447514652284],[-3.418186740750726,47.6234810060181],[-3.418015909236595,47.62328270424227],[-3.417838777827302,47.62336470587801],[-3.417836914847847,47.62323837643041],[-3.417706676738121,47.623155239975915],[-3.417764976920214,47.622863041884436],[-3.417924996849461,47.622971630726894],[-3.418012779466399,47.622813271730934],[-3.417776383910693,47.62273598163707],[-3.417922351442349,47.622727943110974],[-3.417941324500215,47.62266368219155],[-3.418046103167899,47.62275725133753],[-3.418141451779034,47.62266169157234],[-3.417952432402355,47.62264500873367],[-3.417930515261637,47.62257396883058],[-3.418052104748603,47.62258533438056],[-3.418097915369717,47.62241122500449],[-3.417950867808157,47.62241029241442],[-3.417961193338151,47.6222742607819],[-3.418110700720964,47.62218474919138],[-3.417988329761354,47.622056025515796],[-3.41818737380579,47.62204506347905],[-3.418146185825916,47.622146671424716],[-3.418240452203833,47.62204214021193],[-3.418255585726447,47.62216773891001],[-3.418383958046771,47.62212454528346],[-3.418282422939286,47.622057890416826],[-3.418373148173512,47.62203483193862],[-3.418450008515271,47.62222927792845],[-3.418502303578884,47.62210899636463],[-3.418735157226045,47.62226775786466],[-3.419158408481348,47.62234378457646],[-3.418983252635897,47.622109598791404],[-3.418988954607637,47.622046068584815],[-3.41911378644888,47.6220843470192],[-3.418992494388744,47.621964595717316],[-3.419174728825217,47.62203583576939],[-3.419143568990644,47.62210979916021],[-3.419201267993344,47.6220343739145],[-3.41880701727197,47.621866441384014],[-3.418754236074044,47.621760978043895],[-3.418611514372106,47.62179593161479],[-3.418557950012438,47.62157310997294],[-3.418817934243827,47.62151363588608],[-3.418771045695841,47.62167877429214],[-3.418894307807023,47.621482336548176],[-3.419148589513207,47.6214863919448],[-3.419171588938329,47.621566402988506],[-3.419202748416915,47.6214924395696],[-3.419403850859781,47.621941936929595],[-3.419260446668765,47.62141701427075],[-3.419624422270591,47.621333748190644],[-3.419853147919929,47.62179075418041],[-3.419826117301522,47.6215664711102],[-3.420018377203466,47.62161006489041],[-3.420156677077841,47.621981743121076],[-3.420115588542349,47.62164083298192],[-3.42026263402223,47.62164176284693],[-3.420120796283175,47.6213515576077],[-3.420140648734773,47.62096213556509],[-3.420032626196951,47.62084165423754],[-3.420132881229854,47.62056520419005],[-3.420025646338483,47.620562081098434],[-3.420071154474642,47.62049635771218],[-3.419991539331065,47.620500743855246],[-3.419787685230457,47.62025007843446],[-3.419787193820003,47.62002433318223],[-3.419902290683435,47.619981868834884],[-3.419759869431772,47.619908436870055],[-3.419862778223315,47.619875674883595],[-3.419859042938044,47.6196230155923],[-3.41997738249532,47.61960746515884],[-3.419933839963463,47.619356998882836],[-3.42019892400754,47.619450765320536],[-3.420296719217883,47.61926475928651],[-3.420311856790727,47.61939035789709],[-3.420345175943246,47.61933433674935],[-3.420449952289788,47.61942790389864],[-3.420328957050959,47.619199766809814],[-3.42035578850578,47.61908991767296],[-3.420453783197714,47.61923804386786],[-3.420336913431745,47.61871165965468],[-3.420474219406058,47.61863184726594],[-3.420429794618924,47.618706542203135],[-3.420573294875107,47.618788944725594],[-3.420649168469995,47.618531898774776],[-3.420564149889159,47.6184914286631],[-3.420678161529701,47.61843999218676],[-3.420614273952603,47.6183532032603],[-3.420717472211088,47.61821205342764],[-3.420857727600345,47.61826754163051],[-3.420870118188473,47.61859197168679],[-3.420928892293856,47.6185255167793],[-3.421104629325986,47.618542925983434],[-3.421227789188999,47.618789004992074],[-3.421190729787615,47.61859236702512],[-3.421269260584439,47.618579008736475],[-3.421126344138171,47.61827983293739],[-3.421420416624277,47.61828168994039],[-3.421491959706204,47.61798875807488],[-3.421393672813324,47.617949019745815],[-3.421468958344904,47.61790874734133],[-3.421704755906327,47.618202804311174],[-3.421628388682217,47.61823410553952],[-3.421725594801933,47.61826487234423],[-3.421742689654847,47.618074280940036],[-3.421857780758954,47.618031814623095],[-3.421878619765721,47.61809388263427],[-3.421918716016105,47.61798330184071],[-3.422018084879654,47.61803201104664],[-3.422126607496096,47.618378236170244],[-3.422029901814717,47.618573215137864],[-3.422256049135746,47.61834400952084],[-3.422241988844177,47.61822738241142],[-3.422364650929125,47.6182477148135],[-3.422451331019319,47.618080380782025],[-3.422597285118266,47.61807233639414],[-3.422563679876578,47.61823674529708],[-3.42270530784043,47.618192815520594],[-3.422677400037455,47.618293693935634],[-3.422783548876753,47.61828784328497],[-3.422810878999342,47.61840373898591],[-3.423031613798944,47.618129675289424],[-3.423149949121996,47.61811412162938],[-3.423038392217367,47.618075116065384],[-3.423111513284625,47.618016899984646],[-3.423252852374552,47.618081356625645],[-3.423287755545699,47.61826005137654],[-3.423169419939344,47.618275605175064],[-3.423182400549678,47.61838326086295],[-3.423070554846919,47.61845264240107],[-3.423171295363504,47.61840193485901],[-3.423407104479333,47.618695988317334],[-3.423463999412111,47.618503202472155],[-3.423358137848306,47.618400666677346],[-3.423448854675322,47.61837760421313],[-3.423515992221704,47.61849130549832],[-3.423674134119062,47.618473557041696],[-3.42367983012052,47.618410026487716],[-3.423575844709486,47.61843382055903],[-3.423499765593294,47.61835673594109],[-3.423640311309977,47.61830383372901],[-3.423788429480173,47.61831373045965],[-3.423801411347974,47.618421386076626],[-3.423950611723933,47.61844025390202],[-3.423905110116188,47.61850597886912],[-3.424010177381827,47.61849115580439],[-3.424047247097381,47.61868779288672],[-3.424142291661433,47.6187006150777],[-3.424166155340766,47.618455464083546],[-3.424271222434517,47.618440640783554],[-3.423742419663386,47.618153709916044],[-3.423823399504065,47.618049905429],[-3.424025672977648,47.61806584732768],[-3.424049250686388,47.61792908337482],[-3.424070092200756,47.6179911509982],[-3.424089056175625,47.61792688892414],[-3.424252605660319,47.61795399618241],[-3.424323847099718,47.61776944963966],[-3.424228804149732,47.61775662759031],[-3.42425511657725,47.61742103194215],[-3.424385636433327,47.61739577421724],[-3.42445904048899,47.61722917014167],[-3.424562737983537,47.6173137624019],[-3.424563023160162,47.61720537526928],[-3.424727937472776,47.61713306603475],[-3.424551121975977,47.617106690970154],[-3.424742572530104,47.61703291863096],[-3.424746103198869,47.61695144537988],[-3.42465675627888,47.61687509301725],[-3.424502947088449,47.61692872802528],[-3.424443382703896,47.61687782633351],[-3.424572819220641,47.61684359708998],[-3.424449077619763,47.61681429569009],[-3.424693600037408,47.6167375972994],[-3.424642976141354,47.61665007894555],[-3.424846611118332,47.616566603566866],[-3.424926219996386,47.616562214105286],[-3.424945695620229,47.616723697483124],[-3.425131450176208,47.61671345516494],[-3.425158270500538,47.616603604785055],[-3.425269825879199,47.61664260835344],[-3.425300175673421,47.61645128464911],[-3.425385993145426,47.61660910982422],[-3.425260602096235,47.61678761231944],[-3.425448520950076,47.616795312087454],[-3.425499146304296,47.61688283008559],[-3.42540382118302,47.61697839614022],[-3.425580636676165,47.617004769915546],[-3.42534124099411,47.61723471375652],[-3.425602561709696,47.61707580858562],[-3.425729268107102,47.61724040976662],[-3.425847600673201,47.617224853366025],[-3.425746065566201,47.61715820482076],[-3.425882277312068,47.617069414721136],[-3.425901756012614,47.61723089789759],[-3.425646928110659,47.61744363145731],[-3.426018724113852,47.61731475717213],[-3.425962921841661,47.617516515664434],[-3.426155172169666,47.61756009943288],[-3.426186838079581,47.61771187951739],[-3.426347941938218,47.61782942838779],[-3.426350344007969,47.61818150351269],[-3.426575346742285,47.61838583783185],[-3.426622489258861,47.618112308927294],[-3.426684502579973,47.618072764936926],[-3.426786040597771,47.61813941263506],[-3.426587335951151,47.61759948255321],[-3.426720300534197,47.61748377765756],[-3.426743309582115,47.61756378737406],[-3.426941252745523,47.61754383911558],[-3.42706010776814,47.617754026998824],[-3.427073936343182,47.61753652094002],[-3.427174391452579,47.61759419704425],[-3.42722205302097,47.61754641331971],[-3.427257248836495,47.61761671981678],[-3.427373416975212,47.61758321932732],[-3.427347647425623,47.61814456111296],[-3.427437524058061,47.61844665679486],[-3.427502505287346,47.61854241325047],[-3.42755369388951,47.61841315614032],[-3.427720494073056,47.61846717233381],[-3.427796300821402,47.618652641263814],[-3.427404457089983,47.618836812441444],[-3.427752690047364,47.61884469730353],[-3.427325647873011,47.61895856190175],[-3.427345411166118,47.61901165764208],[-3.427621889267178,47.61897834582031],[-3.427258744903579,47.619178995225845],[-3.426947069031563,47.61914199966205],[-3.426961941898097,47.61937598444199],[-3.426876636697648,47.619443905963465],[-3.427146622889642,47.619356767664904],[-3.427331024180341,47.61944593761647],[-3.427293662200414,47.61935768867875],[-3.427654084852484,47.61935587071832],[-3.427706356364606,47.61923558485682],[-3.42781250652529,47.619229729638086],[-3.428041293250638,47.61968672008323],[-3.427858776504411,47.61972388078699],[-3.427758841761011,47.619891950593384],[-3.427856054431933,47.61992271226919],[-3.427758563058204,47.62000033758449],[-3.427159014686042,47.620123716103414],[-3.427385670090774,47.62012024597117],[-3.427342336190691,47.62020391474026],[-3.426792613694702,47.620297450157715],[-3.426773652132064,47.62036171259267],[-3.427250255765226,47.62032639591813],[-3.427170361565982,47.620439173920786],[-3.42686272739027,47.62054645015787],[-3.426849177728693,47.62065556890959],[-3.427224520315747,47.62044521782897],[-3.427449012124379,47.6204238050541],[-3.42743546369226,47.62053292388069],[-3.427344465378136,47.620664376369305],[-3.427041440084259,47.62069915114894],[-3.427120774942335,47.620803147145445],[-3.42702680833433,47.62079929865259],[-3.427043604915231,47.62071709367006],[-3.426915242986321,47.620760296845624],[-3.42692281976132,47.620823095674844],[-3.427009209517637,47.62076414542832],[-3.427039797336851,47.6209069537723],[-3.427129434398477,47.62087491721895],[-3.427068220466247,47.62103181958023],[-3.426935528180748,47.62103913773618],[-3.42684132049542,47.62070115702016],[-3.42674843645292,47.62070627956556],[-3.426784716101464,47.62078555735408],[-3.42671187608047,47.62073538871026],[-3.42661381949559,47.62102978690636],[-3.426677720028952,47.62111657243142],[-3.426709951211911,47.621051578255276],[-3.426767357659815,47.621084536159415],[-3.426837191690342,47.62144192298291],[-3.42712695201413,47.621407880576875],[-3.427198431037652,47.621557464591994],[-3.427300255967192,47.6215157248245],[-3.427360910736724,47.621575596191725],[-3.427368208647241,47.621746781858796],[-3.427515254544641,47.621747702592536],[-3.427533133189152,47.621674468831365],[-3.427900314255802,47.62206060951899],[-3.427900592681568,47.621952222642165],[-3.428005665620212,47.6219373960091],[-3.428085004196763,47.62204139128451],[-3.427916831496114,47.62208679133953],[-3.428008635222735,47.622072696623206],[-3.428044917671286,47.62215197396465],[-3.428220668961126,47.622169372428345],[-3.428224194661531,47.622087899286775],[-3.428450581027012,47.622192813961625],[-3.428428122135257,47.62189603101501],[-3.428543216160047,47.62185355819303],[-3.428566783968473,47.62171679359405],[-3.42864856563204,47.621730344090125],[-3.428523199418148,47.62146633079297],[-3.428632878954651,47.62137900165493],[-3.428732260264374,47.621427705063006],[-3.428798883370087,47.62131565806952],[-3.428847076536895,47.621493618841754],[-3.428918030461135,47.6214174567466],[-3.429004142794437,47.621466891954746],[-3.429030957538092,47.62135704095322],[-3.429183140514347,47.62151120269242],[-3.429137366818958,47.62168531649518],[-3.429247852916763,47.62171534492547],[-3.429235686403311,47.62128252936228],[-3.429313136335515,47.62126019444553],[-3.429375958712152,47.62133800724738],[-3.429378399775403,47.62124756279978],[-3.429451243000995,47.621297729767335],[-3.429585293440279,47.621190993065234],[-3.429689006752851,47.62127558060164],[-3.429703633639255,47.621175432788995],[-3.429733938283209,47.621869146149386],[-3.429852020419546,47.62151945380013],[-3.430107386079468,47.62153245656787],[-3.430139613338052,47.621467461459176],[-3.429991759417947,47.621349185884334],[-3.429950594442471,47.621450798028036],[-3.429853377782111,47.6214200381198],[-3.429886962577918,47.62125562738832],[-3.429977407230544,47.62134094680834],[-3.43004402761465,47.6212288990996],[-3.430557195435116,47.621164458764774],[-3.43111964567294,47.62128694724771],[-3.430852905412666,47.6214010083109],[-3.430605394326726,47.62134241882522],[-3.430547712184641,47.621417849730825],[-3.430473784759328,47.621358712224506],[-3.430432620693975,47.62146032453762],[-3.430604038366549,47.621441834518244],[-3.430585080985431,47.621506097534194],[-3.430737541538326,47.62155187033065],[-3.430628948126604,47.62164817266041],[-3.430769495443287,47.62159526195824],[-3.431054649643841,47.62163371182904],[-3.431103122539829,47.62170328474308],[-3.430958242890376,47.62172031096582],[-3.431110704374978,47.62176608327013],[-3.431280228059633,47.62162126292216],[-3.431246107444953,47.62155992899967],[-3.431379883595286,47.6215615771647],[-3.431321119157398,47.62162803722768],[-3.431478996592602,47.621718665134985],[-3.43151907567933,47.62160808125168],[-3.431616022761599,47.62174722667346],[-3.431832665155087,47.6217713938929],[-3.431880326283244,47.62172360836969],[-3.431769838687675,47.621693582429856],[-3.4318551412572,47.62162565741279],[-3.432165751734147,47.62165366862236],[-3.432157894720466,47.62125673819254],[-3.432435464777219,47.621232386224484],[-3.432421657088963,47.62144989250547],[-3.432503439322017,47.62146344030412],[-3.432500458361792,47.62132813976219],[-3.432674856287308,47.621444947245436],[-3.432614464558702,47.62127669170856],[-3.432695969255771,47.62095610735548],[-3.432911525520476,47.620971301376635],[-3.432837059299971,47.62112893923955],[-3.432909637362194,47.62128749098454],[-3.432807548794352,47.62143762257031],[-3.432722516370177,47.62139716137052],[-3.432721164351153,47.6214965770853],[-3.432843569550197,47.62162528535933],[-3.432913434528659,47.62154014963924],[-3.433064813729755,47.62157694819476],[-3.432993865509617,47.62165311280282],[-3.43315201362092,47.62163535154101],[-3.433207538254886,47.62198449576832],[-3.433292839459971,47.62191656971135],[-3.433221075257319,47.62187537635371],[-3.433325063072207,47.62185157373654],[-3.433550374925033,47.62194750734224],[-3.433345902880963,47.6214711207535],[-3.433448806345742,47.62143834682249],[-3.433411981892416,47.62157584497033],[-3.433502432721055,47.62166116164644],[-3.433893743634537,47.62169374410475],[-3.433814394259403,47.62158975275695],[-3.434029953400883,47.621604944708935],[-3.433924331586882,47.62139403173375],[-3.434028584131383,47.62126184155501],[-3.433969005830324,47.62121094483516],[-3.434077326446958,47.62122302631618],[-3.434039952071618,47.621134779617456],[-3.434122817846823,47.62115729747795],[-3.434147741074306,47.62136363489955],[-3.434228439976621,47.62136821029926],[-3.434224657903898,47.6215580705715],[-3.434356001500964,47.62165015986188],[-3.434337291679175,47.621163517673295],[-3.43441717182198,47.62105073481025],[-3.434625432474048,47.621337259338176],[-3.434545287410377,47.62155842924731],[-3.434653344149149,47.6216788971055],[-3.434480843432545,47.62168842187874],[-3.434623289679123,47.62176183582344],[-3.434552343436757,47.62183800137097],[-3.434379023788216,47.6217301679027],[-3.434387162642714,47.62201871119819],[-3.434231181107605,47.622054416504504],[-3.434817465471692,47.62193173450688],[-3.434743268072788,47.621980986616094],[-3.434805015464974,47.62204982528575],[-3.434862692274434,47.62197439230211],[-3.435041696558173,47.62201869404925],[-3.434939612587951,47.62216882744224],[-3.434994593729818,47.62229222580272],[-3.435054702019964,47.62212634820963],[-3.435198234040489,47.62220873261595],[-3.435183324285598,47.621974749226254],[-3.435312766272834,47.62194050816885],[-3.435349586082069,47.62180300944747],[-3.435529936995037,47.62174789472295],[-3.435685654147727,47.62182057458474],[-3.435658294326188,47.62170468210139],[-3.435987858238769,47.62166841931313],[-3.435942630796176,47.62162576194692],[-3.436141931235838,47.621506382389065],[-3.436016004600615,47.62145915097035],[-3.436197437631967,47.62141300637948],[-3.436214220284657,47.621330800104495],[-3.436427349941844,47.621436432219326],[-3.436540268560251,47.621376009166056],[-3.43643684493046,47.62162555966949],[-3.436234292761913,47.62171802621153],[-3.436292789797071,47.621759950592654],[-3.436458786307553,47.62169659613245],[-3.436403280073691,47.62178997225266],[-3.436653489012144,47.62164971794817],[-3.436571705440667,47.62163617305686],[-3.436655917760242,47.62155927336332],[-3.436730936373318,47.62162737811669],[-3.437032052281778,47.62146624896093],[-3.437047794261805,47.62181759025029],[-3.43691726958738,47.62184286206906],[-3.436872084504538,47.62224272381669],[-3.436674127630751,47.62226268885912],[-3.436796804482203,47.622283006060485],[-3.436585056428723,47.62252047762826],[-3.436442344374635,47.62255545297386],[-3.436516280068749,47.6226145866657],[-3.436415544279791,47.62266530560889],[-3.436522784352483,47.62266841364824],[-3.436154789039116,47.62304997937245],[-3.435964416642557,47.623132741358624],[-3.435999627654547,47.623203045019046],[-3.436113634483094,47.62315159359933],[-3.436246069272878,47.623252651853505],[-3.436356823875911,47.62317428670635],[-3.436416406644668,47.62322518215677],[-3.436006691514733,47.62348261681863],[-3.435837996376073,47.62374480185518],[-3.43601618537698,47.623671744104186],[-3.436102307919481,47.62372117402136],[-3.435950658454482,47.62379276624237],[-3.436055732779447,47.62377793238123],[-3.436069824711744,47.623894557493564],[-3.436278889606075,47.623855918303406],[-3.4363736850765,47.62397711729544],[-3.436805084575329,47.623899104528086],[-3.437017921270183,47.62367060388403],[-3.437079673549884,47.62373944129131],[-3.437084269996303,47.62366693910236],[-3.437243506901823,47.62365814347256],[-3.43715144323584,47.623780632238535],[-3.437315276604897,47.62369933432084],[-3.437344290943604,47.624049942180186],[-3.437161506123362,47.624195504118326],[-3.4371845337131,47.62427551150141],[-3.437343513152759,47.62437510250735],[-3.437586967413163,47.62428940627032],[-3.437785757387487,47.624386797615976],[-3.43776086930652,47.624622979499904],[-3.437674743773386,47.62457355082862],[-3.437500891043883,47.62468249565739],[-3.437541526411168,47.624797654520854],[-3.437650939395644,47.62481870380946],[-3.437626309211134,47.62494649887979],[-3.437752245497629,47.62499372847761],[-3.437725446874261,47.62510358127549],[-3.437842709054138,47.6250790416424],[-3.438051261641228,47.62525717275257],[-3.437761228970989,47.625399628907296],[-3.437970866889491,47.62558673127028],[-3.438000144499517,47.62582895194237],[-3.43788479125526,47.6259798206779],[-3.438048372415596,47.62600690850373],[-3.438122056976634,47.62617442774498],[-3.438089836595711,47.626239424898706],[-3.437898629618468,47.62620483210629],[-3.437754048925166,47.62655599781997],[-3.43799725452499,47.626578687471614],[-3.4380877211591,47.62666400037704],[-3.438100164979837,47.626545909528545],[-3.438284609400831,47.626635061854955],[-3.43829653809821,47.62673374427022],[-3.438398364222727,47.62669199493847],[-3.438334437960564,47.626605216075845],[-3.438477159601883,47.62657023849116],[-3.438402131814466,47.626502135032496],[-3.438499619584129,47.62642450109245],[-3.438461149807692,47.62632728491629],[-3.438541856583446,47.62633185732394],[-3.438561319702828,47.62605081983656],[-3.438762799789352,47.62594937833715],[-3.438783089746715,47.62578569858057],[-3.439012449260697,47.625583374757916],[-3.439184706222234,47.625682230011556],[-3.439483413463065,47.62561153932488],[-3.440329197731657,47.6256460827528],[-3.440727555719707,47.62551569552613],[-3.440737823808574,47.625379662102844],[-3.441242339454714,47.62524340605759],[-3.441512080718871,47.62526462153929],[-3.44167749790562,47.62497551519799],[-3.441814537890047,47.62500406472321],[-3.441922032947244,47.6248987810571],[-3.441881388053201,47.6247836237238],[-3.441976697611881,47.62468804460411],[-3.441838573369842,47.62465052415944],[-3.441762709317944,47.62446506491833],[-3.441834733739801,47.62439786620034],[-3.44173533494802,47.62434917401639],[-3.441839323784784,47.62432536384893],[-3.441902168026472,47.62440316978948],[-3.441968767201973,47.62429111545623],[-3.441885558398858,47.62393447171628],[-3.441723066589623,47.62391636034513],[-3.44180944500657,47.623857399245686],[-3.4417509413407,47.623815477672906],[-3.441568169339337,47.62396104652458],[-3.441455752772415,47.62380470075582],[-3.441491473141295,47.623658229117055],[-3.441623085013779,47.623641923321735],[-3.441625004296215,47.62376825235798],[-3.441706792416045,47.62378179369592],[-3.441710297640534,47.62370032021591],[-3.441845164440262,47.623710927502714],[-3.441656051041167,47.62325176461778],[-3.441774808922178,47.62257689986491],[-3.441953571064739,47.622729577875724],[-3.441959830959944,47.62289179141451],[-3.442181072132482,47.62284343701258],[-3.44217856544858,47.62249136306239],[-3.442063730571497,47.62242546242421],[-3.442026591900031,47.622228831442726],[-3.442254589558342,47.62212591667347],[-3.442226379666702,47.62189266772127],[-3.442045449631172,47.62172204782914],[-3.44211288055879,47.6217273513039],[-3.442089011336535,47.621529986738814],[-3.441972258612096,47.6213377568],[-3.442069981413427,47.62115173272077],[-3.442020323863138,47.62063067420645],[-3.442191984260031,47.62050378018233],[-3.441820370989909,47.620081799618234],[-3.441912417565115,47.61995930693962],[-3.441763206599762,47.61994046207654],[-3.441743929243438,47.61967059473807],[-3.441664066644041,47.61978338269161],[-3.441495078594535,47.61971144418835],[-3.441455774278894,47.619496870487495],[-3.441586291069143,47.61947159356629],[-3.441564343783995,47.619400557985664],[-3.441687850348523,47.61953822825925],[-3.441572771774048,47.61958071408445],[-3.441694359471582,47.61959205503865],[-3.441882875397094,47.61982547355086],[-3.441959233019762,47.61979415910449],[-3.441841399678828,47.61959295773642],[-3.441912332538532,47.61951678767374],[-3.442010387819945,47.61966489574293],[-3.441930275861169,47.619886070908564],[-3.441994199922612,47.61997284810279],[-3.442106024214012,47.61990344849764],[-3.442336768478361,47.62004422086806],[-3.442239796547571,47.61990508422496],[-3.442442082543771,47.619920994210645],[-3.442538308937491,47.62038529171197],[-3.442524203800946,47.620268667170286],[-3.442699116941025,47.62016868573552],[-3.443081931164565,47.62101450664343],[-3.443005572454992,47.62104582180422],[-3.443050557387112,47.621196863406944],[-3.443319193762906,47.62120910364967],[-3.443407242508263,47.62138485740576],[-3.443431018921356,47.62113970281989],[-3.443489520974219,47.62118162360873],[-3.443492283010043,47.6214253108263],[-3.443292999310552,47.62154470293154],[-3.443480937505311,47.621552373664024],[-3.443469345131565,47.62178782341943],[-3.443348837233376,47.62178545543022],[-3.443322051736916,47.62189530969304],[-3.443249194662451,47.62184515139283],[-3.443240018816009,47.62199015638836],[-3.443422532600155,47.6219529716909],[-3.443423864702317,47.62185355587645],[-3.443512753336717,47.62214666750425],[-3.443610817888686,47.62229477402985],[-3.4436749939668,47.6222731633025],[-3.443702125137247,47.62249744076147],[-3.44357051672138,47.622513748909135],[-3.443546986999286,47.622650516477286],[-3.443666165190614,47.62275230003742],[-3.443575449666601,47.62277537815343],[-3.443540080807692,47.62325598214763],[-3.443694727997007,47.62331968017913],[-3.443645744295598,47.623466886223525],[-3.443802562800481,47.62354852629217],[-3.44390136857322,47.623371471984626],[-3.443871819530657,47.62323763933347],[-3.44373887779382,47.623353363412676],[-3.443816570778868,47.623222632060546],[-3.44396253571207,47.62321456099274],[-3.443969887082896,47.62338574547455],[-3.444053845869096,47.623417227353656],[-3.444311639920643,47.6233397543956],[-3.444409463966085,47.623596246987944],[-3.444567262399321,47.62324433869308],[-3.444584521854293,47.62294535758139],[-3.44448970957532,47.622824165189776],[-3.444576083169327,47.62276520201121],[-3.44449212510061,47.62273372049695],[-3.444595024155213,47.62270093676687],[-3.444640151779508,47.62230107212741],[-3.444745220753292,47.62228623043771],[-3.444968029901634,47.62203006801637],[-3.445030876001208,47.62210787236521],[-3.445045717950856,47.62189933575776],[-3.445165982809958,47.622010088914216],[-3.445060803368525,47.62158241219031],[-3.445228716654406,47.62164537437759],[-3.445166114180557,47.621459183173855],[-3.445302547688808,47.62126198366781],[-3.445498083874473,47.621332448773764],[-3.445615692379429,47.621642033212325],[-3.445547060509807,47.62118524179116],[-3.445624503475075,47.62116289605703],[-3.445660811463728,47.621242167961114],[-3.445739824438263,47.62101201930505],[-3.445663467291351,47.62104333620359],[-3.44564609851557,47.620899798818016],[-3.445743565520345,47.62082215860871],[-3.4458644310856,47.62115865613276],[-3.445926675514104,47.62101071501845],[-3.446038214112959,47.621082751849215],[-3.446068291606138,47.62096675697371],[-3.446179871374756,47.62100574047938],[-3.446376978432742,47.621861825993385],[-3.446410753461392,47.62158902361309],[-3.44647951105746,47.62149490870034],[-3.44655237068891,47.62154506499443],[-3.446649232544101,47.621241679069406],[-3.446765156276979,47.621316546313714],[-3.446823901144597,47.621250078470716],[-3.446864554009725,47.621365234292945],[-3.446922213039042,47.62128979532827],[-3.446865159931261,47.621590979262635],[-3.446936694503447,47.621740551178924],[-3.44684791368676,47.6218899609192],[-3.447071317888025,47.62185953937201],[-3.447041761735549,47.62172570741899],[-3.44716769875306,47.62177292694275],[-3.447197972985109,47.62158159805802],[-3.44736504184488,47.621527199161456],[-3.447650578547621,47.621899740386105],[-3.447505095011845,47.621691042204894],[-3.447482291737289,47.62150264980579],[-3.447571917528637,47.621470597573804],[-3.447911380089306,47.62195755954081],[-3.447818019911297,47.62217947267433],[-3.447986073703635,47.62268494951933],[-3.447978709550909,47.62251376522889],[-3.448107296047377,47.62236215204489],[-3.448041424771267,47.62214904927603],[-3.448144083193222,47.622224649321545],[-3.448229365775521,47.62215671236518],[-3.448240225846077,47.62224642293467],[-3.448420564946278,47.62219128831792],[-3.448735059511984,47.6224719134775],[-3.448753523207313,47.62262442133793],[-3.448847730490203,47.62251986545506],[-3.449075625213586,47.62296784285895],[-3.449143058412949,47.62297314227141],[-3.449107214824085,47.62267709776017],[-3.449210346098689,47.62253592307201],[-3.449344125245887,47.622537550659715],[-3.449366935532864,47.62272594259513],[-3.449376094863605,47.62258093717349],[-3.44948791502125,47.6225115305935],[-3.449731725236503,47.6227599406794],[-3.449589489946121,47.62257815831091],[-3.449658243212125,47.6224840415747],[-3.449541226656024,47.62240020620302],[-3.449600203630248,47.622225350091426],[-3.449901902835559,47.622289932680566],[-3.449862713763897,47.62251788077088],[-3.450034980924386,47.622616720177696],[-3.450032574795187,47.62270716499035],[-3.449923394973617,47.62257774038738],[-3.450078667339031,47.62286717479377],[-3.450152851819854,47.62281791296558],[-3.450073935924034,47.62249715894226],[-3.45016682084021,47.62249201785104],[-3.450266922917431,47.62221554219041],[-3.450448036685564,47.62282866790755],[-3.450557450722067,47.62284970512696],[-3.450462857674452,47.62262013068939],[-3.450514692135722,47.622165703066194],[-3.450723665781207,47.62267794354283],[-3.450674312197171,47.62249102087986],[-3.450766342610228,47.62236852137539],[-3.450926196491616,47.62258545191937],[-3.450987110526716,47.62253692408654],[-3.451020167962163,47.62258928117987],[-3.451070217011853,47.6224510430064],[-3.451168534276973,47.622490756265016],[-3.451201822981493,47.622434726407434],[-3.451241399672896,47.622540909608176],[-3.451451534834863,47.62251121426089],[-3.45149443783598,47.62209340488061],[-3.451662360316348,47.62215635780153],[-3.451828569661787,47.62198459458382],[-3.451937752889092,47.62211401744525],[-3.45198562585164,47.62195783679859],[-3.452068500471746,47.62198034191629],[-3.452116542545669,47.62226667993612],[-3.452170935121948,47.62216432535241],[-3.452266850352562,47.62229448256813],[-3.452209885007786,47.62204476337684],[-3.452351269885052,47.62210918466412],[-3.452234707962452,47.6218085781051],[-3.452415270110658,47.6216450503611],[-3.452625172867445,47.62172373983739],[-3.45263689877271,47.621930807973435],[-3.45272000166025,47.621844925692685],[-3.452803735318215,47.62198478824159],[-3.452776338252037,47.62186889978077],[-3.45285377918273,47.62184654926097],[-3.453064315519796,47.62215098281294],[-3.452969712929923,47.62192141032339],[-3.453127855184967,47.621903622015594],[-3.453232694022566,47.62199715962259],[-3.453211817040227,47.621935097335324],[-3.453292518437917,47.62193965956108],[-3.453420182009847,47.622221588210905],[-3.453402385072109,47.62174392024427],[-3.453507450512705,47.621729070667875],[-3.453773466314634,47.621940118724766],[-3.453698651569869,47.621763637987605],[-3.454088212796301,47.62211234258165],[-3.454326832198229,47.62220750119727],[-3.454374473579007,47.622159706507276],[-3.454382082853541,47.62222250350619],[-3.454630935343255,47.62218162664984],[-3.454882825176324,47.622276049171255],[-3.455197995381968,47.62278240170372],[-3.455351790587031,47.62272872643382],[-3.455614779036564,47.62280447033793],[-3.45580729437284,47.62273961827944],[-3.455678529692479,47.62244872132749],[-3.455858640128769,47.6225019621436],[-3.455865607203008,47.62233901422612],[-3.455967189759083,47.62240563640267],[-3.456051375351123,47.62232872275696],[-3.455853647011272,47.622240333384504],[-3.455902595924083,47.622093122129215],[-3.455966766783186,47.62207150464585],[-3.45595545083209,47.62219856865165],[-3.456050730576227,47.622102977921976],[-3.455988955729009,47.62203415048899],[-3.456197556964632,47.62221224947244],[-3.45625737842757,47.622154747898655],[-3.455953940633957,47.62185546587258],[-3.456127746494652,47.62174649342179],[-3.456270868358605,47.622045625826644],[-3.456205848714539,47.621398979792076],[-3.456340712578307,47.62140957035319],[-3.456355289504009,47.62130941921532],[-3.45627154760092,47.621169559164294],[-3.456420767120325,47.62118838547925],[-3.456552794975616,47.62150619474964],[-3.45664893976359,47.62152796144882],[-3.4566458976057,47.62139266153397],[-3.456790768165745,47.621375603444314],[-3.456600006805956,47.62112426721747],[-3.456695283478641,47.621028675909265],[-3.456621107521377,47.621077941938076],[-3.456601314348281,47.6210248512118],[-3.456775116183368,47.62091587775119],[-3.456720086117073,47.62079248956139],[-3.456912153818171,47.62094440962166],[-3.456883660935099,47.62081955108003],[-3.456998729993142,47.62077705019594],[-3.456840592365209,47.62079484375528],[-3.456755762590452,47.62064601303048],[-3.456812319450337,47.62056159817073],[-3.456988074868023,47.6205789533585],[-3.456908682167994,47.62047497764594],[-3.457052243467547,47.62055733526195],[-3.456998300574037,47.62044291816357],[-3.457219517973158,47.62039453521506],[-3.45719646203299,47.62031453162508],[-3.45737112925791,47.62032291525641],[-3.457549928452808,47.62047556956982],[-3.457649116432912,47.620632635410615],[-3.457581249026454,47.62084411492413],[-3.457677611006448,47.62075749377748],[-3.457863155714124,47.62085558642541],[-3.457763096903295,47.620581162792554],[-3.457894478693819,47.620673225654095],[-3.457939940299747,47.62060748752338],[-3.458078935874929,47.62076234698977],[-3.458184215018842,47.62063910618485],[-3.458123526750539,47.62057925080102],[-3.458208577118768,47.6206196935222],[-3.458255125949685,47.6205629262387],[-3.458253821498389,47.620662342286415],[-3.458395426514495,47.62061836928707],[-3.458268177866306,47.62067057788996],[-3.458292323233881,47.62075955222379],[-3.458450460273387,47.62074175669845],[-3.458314293335366,47.62083058460972],[-3.458265785773151,47.620761022962135],[-3.458175079945506,47.62078411244092],[-3.458233376348661,47.62093441285511],[-3.458516371362488,47.62095485374879],[-3.458572925765651,47.620870438049856],[-3.45853181556174,47.62097206028565],[-3.45863992523525,47.62109250598225],[-3.45873280688205,47.621087358074966],[-3.45904734914862,47.62136795562327],[-3.459215493097865,47.62132251073004],[-3.459307072580982,47.621416778386624],[-3.459321643943788,47.62131662687897],[-3.45950740786785,47.62130632990742],[-3.45948543598309,47.621235297763285],[-3.45961377268536,47.621192058804986],[-3.459545466984026,47.62106940748397],[-3.459758855493503,47.62106661003897],[-3.459916118428232,47.62093145457613],[-3.459788209958272,47.6207579198575],[-3.459953087517826,47.62068556101908],[-3.459960489814403,47.62085674471321],[-3.460064463717245,47.62083291827742],[-3.460087075427093,47.620578789282426],[-3.460228678711539,47.62053481405846],[-3.460288281289718,47.62058569739754],[-3.460278489307803,47.620504958825585],[-3.460359189147202,47.6205095161718],[-3.460259993422772,47.62035245262279],[-3.460431821937877,47.62011714472785],[-3.460531017730609,47.62027420814988],[-3.46066696766795,47.62029376467275],[-3.460664579655583,47.62038420981148],[-3.460718953925103,47.62028185114855],[-3.460912330665721,47.62033434858315],[-3.461025430401505,47.62016551478017],[-3.46117075176007,47.620482583314434],[-3.461294522004743,47.620511845746215],[-3.461384137838773,47.620479782899054],[-3.461198587967934,47.62038169582603],[-3.461299506508013,47.620222568407584],[-3.461732596229969,47.62037917939891],[-3.461688857179593,47.62012872882471],[-3.461971640001034,47.62025754840223],[-3.461949665269223,47.62018651668348],[-3.462053636978966,47.62016268846864],[-3.461937694313942,47.620087836356156],[-3.462005125151409,47.620093128350376],[-3.461978797353855,47.61998621287552],[-3.462061673125254,47.62000871092483],[-3.462020988513791,47.61989356031436],[-3.462093651563495,47.62005209401327],[-3.462364254765898,47.620190619384566],[-3.462424275646733,47.62002472753675],[-3.462513681841305,47.620101050872655],[-3.462496268068825,47.619957515926856],[-3.462749249720085,47.62006089252418],[-3.462676584711605,47.61990235923389],[-3.462838656439809,47.6201372156099],[-3.462902822139124,47.620115594293985],[-3.462798177620349,47.619913678214836],[-3.462994820397298,47.619993085006],[-3.462971341548327,47.62012985666024],[-3.463101642744287,47.620212942756275],[-3.463079666527363,47.62014191124854],[-3.463201260067164,47.6201532298084],[-3.463276723753709,47.62000454344518],[-3.463459892863615,47.62019307244023],[-3.463443290387068,47.620283470690794]],[[-3.420718414335698,47.62154440466345],[-3.420669662014485,47.62158321432011],[-3.42073787904909,47.62170588833036],[-3.42075497853009,47.62151529740711],[-3.420718414335698,47.62154440466345]],[[-3.416119277082061,47.63215606846433],[-3.41613285159894,47.63204695160457],[-3.416036401828502,47.63213353795826],[-3.416119277082061,47.63215606846433]],[[-3.416288907280114,47.63001545987503],[-3.416225012985054,47.62992866906415],[-3.41617841129358,47.629985419314394],[-3.416288907280114,47.63001545987503]],[[-3.416426901195782,47.63049552729105],[-3.416560221424228,47.630271448347045],[-3.416499568888551,47.630211571639215],[-3.416426901195782,47.63049552729105]],[[-3.417394819734237,47.62677572164075],[-3.41750452838451,47.62668840319253],[-3.417307628687619,47.626717306685485],[-3.417394819734237,47.62677572164075]],[[-3.417344198285114,47.626688200574385],[-3.417471501286625,47.62663603672817],[-3.417322280293779,47.626617160704896],[-3.417344198285114,47.626688200574385]],[[-3.417324498553943,47.625415936479655],[-3.417355662838777,47.62534197369989],[-3.417196417638615,47.62535074220763],[-3.417324498553943,47.625415936479655]],[[-3.417378061621005,47.625638758247035],[-3.417305523775326,47.62548019720794],[-3.417266493209146,47.625599747320386],[-3.417378061621005,47.625638758247035]],[[-3.417472635286694,47.625425841184374],[-3.417537125192429,47.625295858190384],[-3.417443151367643,47.62529200199577],[-3.417472635286694,47.625425841184374]],[[-3.417735284162964,47.62561005692083],[-3.417667069039352,47.625487381403076],[-3.417622634619049,47.62556207500942],[-3.417735284162964,47.62561005692083]],[[-3.41796282959279,47.62328562740546],[-3.418018369635226,47.623192260123375],[-3.417911129590506,47.623189135094464],[-3.41796282959279,47.62328562740546]],[[-3.41921206591381,47.62334325611891],[-3.419130580413627,47.623221312241874],[-3.419006530527416,47.623300391957294],[-3.419089217137433,47.62331763620386],[-3.419011936119849,47.62334524857188],[-3.419095880119776,47.6233767483909],[-3.419100965663962,47.62332008634685],[-3.41921206591381,47.62334325611891]],[[-3.419188576755685,47.623037500250646],[-3.419204304966788,47.62294632516746],[-3.419251682457104,47.62300693162996],[-3.419299355949293,47.6229591512717],[-3.419210006764835,47.622882794977386],[-3.419060499270345,47.622972307943016],[-3.419188576755685,47.623037500250646]],[[-3.419287360698463,47.62330298523227],[-3.419266522671057,47.623240916924644],[-3.419190146810182,47.623272216477666],[-3.419287360698463,47.62330298523227]],[[-3.420598091294857,47.62065697528716],[-3.420472767414154,47.62039295320456],[-3.420450260759284,47.62053868758491],[-3.420598091294857,47.62065697528716]],[[-3.420680364502996,47.62089627654403],[-3.420528501219616,47.62063371674571],[-3.420586691464308,47.62078403594568],[-3.420477586968852,47.620654583698084],[-3.420470805605865,47.620709142701315],[-3.420680364502996,47.62089627654403]],[[-3.420886363150642,47.619945712655],[-3.420837702069495,47.61954200315384],[-3.420671491669838,47.619271203149474],[-3.42063434264054,47.619517084420266],[-3.420886363150642,47.619945712655]],[[-3.42078805045982,47.618686802769346],[-3.420713642314507,47.61840191356689],[-3.420684356279362,47.618602207217016],[-3.42078805045982,47.618686802769346]],[[-3.423149232028521,47.61921593475259],[-3.423188244754507,47.61909638228269],[-3.423010053472654,47.61916942063373],[-3.423149232028521,47.61921593475259]],[[-3.423140066397687,47.619342270895],[-3.423260791397929,47.61925494018787],[-3.423057431931539,47.619230025669864],[-3.423140066397687,47.619342270895]],[[-3.426511960222631,47.641111105540396],[-3.426476749893988,47.64104079967069],[-3.426430149401106,47.64109755368385],[-3.426511960222631,47.641111105540396]],[[-3.426739665324557,47.64244415057064],[-3.426853722186638,47.642392708701614],[-3.426719893956029,47.64239105537004],[-3.426739665324557,47.64244415057064]],[[-3.424273937682561,47.620346019057386],[-3.424290738359703,47.620263814451704],[-3.424211123909698,47.62026820347174],[-3.424273937682561,47.620346019057386]],[[-3.42427669310927,47.61804297766427],[-3.424266956053741,47.61796223597619],[-3.424172994651597,47.61795838518163],[-3.42427669310927,47.61804297766427]],[[-3.424769222035142,47.62035483743958],[-3.42484126230016,47.62028764906032],[-3.424709653574162,47.62030393597299],[-3.424769222035142,47.62035483743958]],[[-3.425067743575943,47.61950753194934],[-3.425059087113161,47.61943576167263],[-3.42524729905791,47.61933507473845],[-3.425214322294658,47.618840190844104],[-3.424940291876096,47.618783052499595],[-3.424832206369379,47.61910509493868],[-3.424902309355709,47.61935409626791],[-3.424821898959609,47.61924112739935],[-3.424805896739446,47.619440690427275],[-3.424907435013677,47.61950733971201],[-3.424937503308057,47.61942440339893],[-3.424935054804809,47.619514847838175],[-3.425054474700467,47.619508263545],[-3.425067743575943,47.61950753194934]],[[-3.425054474700467,47.619508263545],[-3.425010055592383,47.6195829601908],[-3.424939382956334,47.61955073298009],[-3.42496859813131,47.619792957666434],[-3.424893881619411,47.61961645829502],[-3.424843767450325,47.61975468544489],[-3.42476090776651,47.61973216098472],[-3.424750600054002,47.619868193395334],[-3.424849975009538,47.619916900144624],[-3.424753846095596,47.6198951072521],[-3.424762502222514,47.6199668775345],[-3.424828562534509,47.62007160668789],[-3.42493255057722,47.62004781152113],[-3.4248648389008,47.62015088509858],[-3.425058464076715,47.62009505492382],[-3.424946901638399,47.62005605122252],[-3.425023553779097,47.61991636087027],[-3.425236939468505,47.61991362649823],[-3.425238074748585,47.61948007850266],[-3.425224522037033,47.61958919712555],[-3.425054474700467,47.619508263545]],[[-3.427560555126858,47.64193832099612],[-3.427636952792834,47.64190701627166],[-3.427567611144671,47.64177537641341],[-3.427560555126858,47.64193832099612]],[[-3.425076006860851,47.62057272758296],[-3.425036483672239,47.62046653541445],[-3.424979876673748,47.62055093488381],[-3.425076006860851,47.62057272758296]],[[-3.425212796181731,47.620267164498046],[-3.425298388513523,47.620090857246446],[-3.425239618123979,47.62015731429951],[-3.425111540159588,47.620092128531155],[-3.425100151191653,47.620219189666834],[-3.425212796181731,47.620267164498046]],[[-3.42525961055836,47.62054454252214],[-3.425540709744575,47.62043873381031],[-3.425498222579819,47.62019724099314],[-3.425226863500423,47.620383791127765],[-3.425172421083368,47.620486133250886],[-3.42525961055836,47.62054454252214]],[[-3.425413145938242,47.62059929356909],[-3.425468670155956,47.620505922615806],[-3.425325956205852,47.620540884414126],[-3.425413145938242,47.62059929356909]],[[-3.425326575944174,47.61988159131227],[-3.42554457326449,47.61980635450877],[-3.425465010902552,47.61936822508258],[-3.425263530388516,47.619469643985354],[-3.425326575944174,47.61988159131227]],[[-3.425389905986571,47.620185151549],[-3.425429996534633,47.62007456966857],[-3.425424302438276,47.620138100253655],[-3.425554828383831,47.62011284125723],[-3.425512058151011,47.619979735391674],[-3.425426750141264,47.62004765583308],[-3.425340643409824,47.61999821795135],[-3.425389905986571,47.620185151549]],[[-3.425424122278823,47.619361448718905],[-3.425532720427602,47.61926515111579],[-3.42539029334394,47.6191917259903],[-3.425281695087617,47.619288023464584],[-3.425425487831881,47.6192620329801],[-3.425424122278823,47.619361448718905]],[[-3.425506466081208,47.619158227384986],[-3.425654869937589,47.619059734712174],[-3.425754244213255,47.61910844071221],[-3.425816541975665,47.618960510164854],[-3.425895871864103,47.61906450708614],[-3.425987670927259,47.619050413936506],[-3.425941371497075,47.61899878136224],[-3.426074058847689,47.618991464328126],[-3.425984706614531,47.61891511306126],[-3.426195923779209,47.61889443437832],[-3.42615856406151,47.618806185052534],[-3.42628014671848,47.61881754205862],[-3.426342442684262,47.618669611208695],[-3.426245233167188,47.61863884825324],[-3.426260948031285,47.61854767201433],[-3.426169149904706,47.61856176538239],[-3.426180535974943,47.618434704034506],[-3.425983953714298,47.61835523520298],[-3.425950641089704,47.61841125798742],[-3.425786289883795,47.61826679475392],[-3.425539597802168,47.61832555280163],[-3.425697689163015,47.61875032114595],[-3.425755375275377,47.618674892532624],[-3.425800592078181,47.61871755390803],[-3.425707428526036,47.61883106268211],[-3.425515740487504,47.61857070409273],[-3.42543259893989,47.61865656715582],[-3.42540850928759,47.618567585940355],[-3.425324285487275,47.618644477641304],[-3.4252492856172,47.618576365457706],[-3.425337270532488,47.61875213306929],[-3.425262217512026,47.61912654035491],[-3.425506466081208,47.619158227384986]],[[-3.425633876456678,47.620325225262775],[-3.425656368871419,47.62017948986787],[-3.425565649936234,47.62020255402551],[-3.425633876456678,47.620325225262775]],[[-3.426402637576428,47.6206079473015],[-3.426428374933603,47.620489125581685],[-3.426292155370864,47.620577916162595],[-3.426402637576428,47.6206079473015]],[[-3.42644140586415,47.62015426166109],[-3.42644196861843,47.619937487696276],[-3.426358025692242,47.61990599310154],[-3.426355579573444,47.6199964375482],[-3.426235358276542,47.61988566491106],[-3.426249145960732,47.62011067842179],[-3.42644140586415,47.62015426166109]],[[-3.429350925691198,47.642932333171906],[-3.429395358158622,47.642857635775826],[-3.429286994687286,47.64284555008754],[-3.429241478842537,47.642911276305625],[-3.429350925691198,47.642932333171906]],[[-3.426796220764516,47.62232018467273],[-3.42685282676746,47.622235784399685],[-3.426772127186171,47.62223120390579],[-3.426796220764516,47.62232018467273]],[[-3.427005489376656,47.623058212419146],[-3.427046661197343,47.622956601397426],[-3.426965960509782,47.622952021039154],[-3.427005489376656,47.623058212419146]],[[-3.429668708608693,47.64279740610981],[-3.429603693957289,47.64270165205835],[-3.429535962558713,47.642804727137936],[-3.429668708608693,47.64279740610981]],[[-3.427630806863079,47.622816013031326],[-3.427676307557443,47.62275028675805],[-3.427528176357184,47.622740394980866],[-3.427630806863079,47.622816013031326]],[[-3.42776430734287,47.62292605216462],[-3.427793290539501,47.62283414401781],[-3.42769390746817,47.62278543984593],[-3.42776430734287,47.62292605216462]],[[-3.4302988076312,47.644252749193825],[-3.430398506529188,47.64419306497195],[-3.430291223556571,47.644189951344025],[-3.4302988076312,47.644252749193825]],[[-3.427938700125259,47.623042866623926],[-3.42814804549664,47.6228958551466],[-3.428037557574257,47.6228658256941],[-3.428120701487583,47.62277996096202],[-3.42802809212161,47.62267669768264],[-3.427757008000988,47.62275486662597],[-3.427865051842565,47.62287534069017],[-3.427796538295418,47.622861057749],[-3.427794094478371,47.6229515020886],[-3.427938700125259,47.623042866623926]],[[-3.427788156278097,47.62268090096212],[-3.427889982889375,47.622639160704566],[-3.427793847832555,47.62261737034471],[-3.427788156278097,47.62268090096212]],[[-3.428006161560169,47.622605659672026],[-3.427995335419367,47.62251594724057],[-3.427840430743831,47.622560615245874],[-3.427833656663577,47.622615174623],[-3.428006161560169,47.622605659672026]],[[-3.428140715802471,47.623167188169816],[-3.428210868099876,47.62297366850978],[-3.428042692569369,47.623019068724275],[-3.428140715802471,47.623167188169816]],[[-3.429076943238088,47.62240209667994],[-3.429135987240832,47.62222725090805],[-3.428961594502985,47.62211043818753],[-3.428959959186426,47.62231824068727],[-3.429076943238088,47.62240209667994]],[[-3.429369955865897,47.6223949624278],[-3.429563859519507,47.62223073798315],[-3.429538145843611,47.62190704156095],[-3.429461777913914,47.62193834785198],[-3.429496429203583,47.62222542726463],[-3.429329083703352,47.62194566872396],[-3.429396770322973,47.62228511139465],[-3.429297662401096,47.62212802170309],[-3.429224542449041,47.62218624153412],[-3.429189872218055,47.622341680763455],[-3.429369955865897,47.6223949624278]],[[-3.429400037540751,47.62186950635365],[-3.429403836793826,47.621679646268355],[-3.429330717571684,47.621737866179295],[-3.429400037540751,47.62186950635365]],[[-3.429626975131446,47.621757644983596],[-3.429603959954211,47.62167763600735],[-3.429512157328166,47.62169173198048],[-3.429626975131446,47.621757644983596]],[[-3.432359667028244,47.64372364252958],[-3.432477241834817,47.64359072284444],[-3.432347745511787,47.64362496037608],[-3.432359667028244,47.64372364252958]],[[-3.430313197095284,47.62146691432352],[-3.430336760198653,47.62133014934023],[-3.430176172342805,47.62143835125241],[-3.430313197095284,47.62146691432352]],[[-3.430812818125566,47.621954110794],[-3.43061107373773,47.621721406896405],[-3.430624615980589,47.621612287768066],[-3.430484341653489,47.62155681139047],[-3.430441011443766,47.62164048124755],[-3.430489756713429,47.621601667513545],[-3.430673625754546,47.62190760587358],[-3.430812818125566,47.621954110794]],[[-3.431291865140188,47.622713370593374],[-3.431463286538681,47.622694879324776],[-3.431294303020387,47.62262292616963],[-3.431291865140188,47.622713370593374]],[[-3.431581629523978,47.6226793171577],[-3.43156971414527,47.62258063385123],[-3.431808565985801,47.62256745159521],[-3.431911742792028,47.62242629217729],[-3.431721636712113,47.62240066041304],[-3.431701597101783,47.62245595236946],[-3.431673162376846,47.62233108778063],[-3.431359027291913,47.62238454849803],[-3.431430790742202,47.622425742989016],[-3.431360922240307,47.62251087778349],[-3.431581629523978,47.6226793171577]],[[-3.431455161733092,47.62284885453927],[-3.431528280160023,47.62279063333159],[-3.43146653613635,47.622721792955815],[-3.431455161733092,47.62284885453927]],[[-3.431412647899348,47.622164845504955],[-3.431802877983607,47.62218846374695],[-3.431819667647121,47.622106258136306],[-3.431599503357163,47.622163564140656],[-3.431484682245461,47.622097653090464],[-3.431412647899348,47.622164845504955]],[[-3.432135701392875,47.62262164413174],[-3.432223441278581,47.62246327442927],[-3.432025751901461,47.62237484472736],[-3.431891433043618,47.62258997102236],[-3.432135701392875,47.62262164413174]],[[-3.435059157084065,47.64527248422582],[-3.434978686130063,47.64515952386405],[-3.434871400947303,47.64515641444308],[-3.435059157084065,47.64527248422582]],[[-3.432693290970507,47.622482495215735],[-3.432557614688261,47.62235451928793],[-3.432617730620693,47.622188642954434],[-3.432280847455417,47.622053710905945],[-3.432351258446742,47.622194320512406],[-3.432487202942126,47.62221390981743],[-3.432495600743925,47.62239406630998],[-3.432693290970507,47.622482495215735]],[[-3.435232290917687,47.64548870095274],[-3.435265610701537,47.64543267630482],[-3.435172684419103,47.64543780548445],[-3.435232290917687,47.64548870095274]],[[-3.432511844168051,47.6220861156516],[-3.43257494111496,47.62205553981775],[-3.432463369088582,47.6220165433359],[-3.432511844168051,47.6220861156516]],[[-3.435336820201355,47.644805612178295],[-3.435476339521714,47.644743725373445],[-3.435453305660375,47.644663718500844],[-3.435286152222429,47.64471809970694],[-3.435336820201355,47.644805612178295]],[[-3.433029351042157,47.622057549297665],[-3.433001996865681,47.62194165620621],[-3.432948651200591,47.62205297307105],[-3.433029351042157,47.622057549297665]],[[-3.436289929128698,47.64495167911841],[-3.436331100161981,47.64485006597517],[-3.436209456053086,47.644838719585394],[-3.436289929128698,47.64495167911841]],[[-3.436490139306037,47.64494965708249],[-3.43647929436889,47.64485994647459],[-3.436349797533679,47.64489418841902],[-3.436490139306037,47.64494965708249]],[[-3.433921707196049,47.623362937775006],[-3.433852640485052,47.62312291356002],[-3.433802546221532,47.6232611443044],[-3.433921707196049,47.623362937775006]],[[-3.434005108457004,47.623168682053],[-3.434067388093661,47.62302074741348],[-3.433899483647271,47.622957769224726],[-3.433978017684693,47.62294440242045],[-3.434012940384998,47.622680574967646],[-3.433900282394768,47.622632608683965],[-3.433899749897517,47.62284938238385],[-3.433820398792967,47.62274539110184],[-3.433775989257145,47.622820090957084],[-3.434005108457004,47.623168682053]],[[-3.434113248765604,47.62505922335676],[-3.434281691045072,47.62490542772183],[-3.434221024730243,47.624845560051476],[-3.434173362910034,47.6248933464532],[-3.434127050495043,47.62484171727925],[-3.434113248765604,47.62505922335676]],[[-3.434168168459184,47.62385506737411],[-3.43418170397236,47.62374594795305],[-3.43404033669033,47.62368150472659],[-3.434168168459184,47.62385506737411]],[[-3.434020220555287,47.62196672279577],[-3.434051359694715,47.62189275543186],[-3.433969576411175,47.62187920872012],[-3.434020220555287,47.62196672279577]],[[-3.434120425707657,47.62213277968104],[-3.434203558695357,47.62204691058664],[-3.434087385129975,47.62208041779337],[-3.434120425707657,47.62213277968104]],[[-3.4350378497189,47.625414569482736],[-3.435063570172416,47.625295746154144],[-3.434936551718097,47.62523954249827],[-3.4350378497189,47.625414569482736]],[[-3.435068169491073,47.62522324410258],[-3.435088470500887,47.625059564926815],[-3.434935732042381,47.62512218461521],[-3.435068169491073,47.62522324410258]],[[-3.437537571865394,47.64543368250312],[-3.43764728591138,47.64534634598257],[-3.437545682558965,47.64527970866469],[-3.43745032828474,47.645375283149924],[-3.437537571865394,47.64543368250312]],[[-3.437570840130595,47.64493514374024],[-3.437441602979368,47.644861001278116],[-3.437450280220592,47.64493276969334],[-3.437570840130595,47.64493514374024]],[[-3.435708974682007,47.622234714204936],[-3.435683782390057,47.62213676409947],[-3.435623938789235,47.62219425513413],[-3.435708974682007,47.622234714204936]],[[-3.436415140385662,47.62420963452767],[-3.43642325109205,47.624055659076134],[-3.436201999680732,47.62410400254105],[-3.436209587855038,47.6241668006595],[-3.436367742343139,47.62414903506629],[-3.436415140385662,47.62420963452767]],[[-3.436579318658602,47.62490498726927],[-3.436558720761645,47.624734535357476],[-3.43664050907662,47.62474808023634],[-3.436732575583433,47.62462559193403],[-3.436330962304794,47.62472905212778],[-3.436391369653042,47.62489730544424],[-3.436579318658602,47.62490498726927]],[[-3.436111953073957,47.622474358993486],[-3.436200503332884,47.62243334433567],[-3.436140921653734,47.62238244875439],[-3.436111953073957,47.622474358993486]],[[-3.436121111339379,47.6218868358639],[-3.436188803483927,47.62178375585325],[-3.436108103785471,47.62177918180904],[-3.436121111339379,47.6218868358639]],[[-3.436231639723583,47.62235937640822],[-3.43638003268997,47.62226087026948],[-3.436363772489202,47.62212630276162],[-3.436207530400965,47.62227039759014],[-3.436231639723583,47.62235937640822]],[[-3.436726978552202,47.62557415900657],[-3.436733743918369,47.625519599197],[-3.436641936568193,47.62553370074642],[-3.436726978552202,47.62557415900657]],[[-3.436227265848226,47.62188097300489],[-3.436407616118454,47.62182585692728],[-3.436348034919848,47.621774961435776],[-3.436227265848226,47.62188097300489]],[[-3.436827198896316,47.62574021326149],[-3.436830711696883,47.62565874001016],[-3.436683654866369,47.62565783100662],[-3.436827198896316,47.62574021326149]],[[-3.437117710079397,47.62493846800676],[-3.43720626365303,47.624897452638365],[-3.437166713132548,47.62479126481203],[-3.437087092989996,47.624795662599155],[-3.437117710079397,47.62493846800676]],[[-3.437259343844191,47.624894520732305],[-3.43734572877399,47.62483556296375],[-3.43723410438084,47.62484172864451],[-3.437259343844191,47.624894520732305]],[[-3.437679847808183,47.626605251677596],[-3.437686612331107,47.6265506918418],[-3.437594803459312,47.6265647941327],[-3.437679847808183,47.626605251677596]],[[-3.437643399079552,47.6251984238833],[-3.437681299424432,47.62506989579926],[-3.437542918350156,47.62514075700984],[-3.437643399079552,47.6251984238833]],[[-3.440227176761851,47.64468909750292],[-3.440205220914268,47.64461806259234],[-3.440394578239679,47.6445263235874],[-3.44010795613693,47.6445873115884],[-3.440227176761851,47.64468909750292]],[[-3.44023119261517,47.64439085365942],[-3.440299990489929,47.644296743494166],[-3.440210829069601,47.64411201844706],[-3.440101953085874,47.6443167141188],[-3.44023119261517,47.64439085365942]],[[-3.44035396600227,47.6264033228629],[-3.440363150447043,47.62625831842325],[-3.440220177441919,47.62640168498098],[-3.44035396600227,47.6264033228629]],[[-3.440960063602671,47.626333703640654],[-3.441042107249487,47.62623885875856],[-3.440951384666,47.626261934795075],[-3.440885285063048,47.62615721509661],[-3.440819766128627,47.626278239811526],[-3.440960063602671,47.626333703640654]],[[-3.441485872915506,47.62560021971627],[-3.441571169364011,47.62553228773981],[-3.441440637748333,47.62555756456541],[-3.441485872915506,47.62560021971627]],[[-3.443968664471267,47.64391340299723],[-3.443988699428925,47.64385810955008],[-3.443882502054383,47.64386397939677],[-3.443968664471267,47.64391340299723]],[[-3.442604385050256,47.62435532069077],[-3.442522008235017,47.624116035312525],[-3.442490630722048,47.62429839163506],[-3.442604385050256,47.62435532069077]],[[-3.442746261045918,47.62420297996505],[-3.44281177306571,47.62408195404033],[-3.442831553657971,47.62413504701937],[-3.442905746588036,47.62408578982656],[-3.4429836904909,47.62384667227253],[-3.443125316529485,47.62380271786037],[-3.443063214159099,47.623399752080864],[-3.443244400414122,47.62346198342196],[-3.443355886337486,47.6230584511153],[-3.443232367327188,47.62292078285447],[-3.443327424032787,47.62293358940382],[-3.443337835239694,47.622246650056084],[-3.443137957956853,47.622140296948494],[-3.44321806829497,47.62191912121033],[-3.443124098564173,47.62191528567112],[-3.442978632681521,47.62170658185354],[-3.442780680080081,47.62172655725149],[-3.442510458664787,47.62192211850206],[-3.4425617949953,47.62267789243674],[-3.442477838251775,47.62264640947314],[-3.442405817002449,47.6227136086482],[-3.442643921273082,47.62302556482015],[-3.442529084672414,47.6229596646576],[-3.442439453353527,47.62299171299519],[-3.442517487794929,47.6231951141483],[-3.442446550911173,47.6232712844347],[-3.442556799100943,47.62340968708448],[-3.44248719587291,47.62338644166087],[-3.442578591278168,47.62403162749739],[-3.442746261045918,47.62420297996505]],[[-3.442494183114387,47.621787551824696],[-3.44287815276149,47.6216489194665],[-3.442843181802133,47.621470230886544],[-3.442678775471224,47.62132579165555],[-3.442697221468998,47.62147830056271],[-3.442662002774636,47.62140799885939],[-3.442593238560604,47.6215021115288],[-3.442533651826405,47.62145121918453],[-3.442464638476223,47.621653718708636],[-3.442494183114387,47.621787551824696]],[[-3.442813792107999,47.620785491909025],[-3.442836485913185,47.620531366253765],[-3.442747107131888,47.6204550278736],[-3.442813792107999,47.620785491909025]],[[-3.443333397692693,47.621768246893105],[-3.443242093091093,47.621565579797306],[-3.443148123980876,47.621561744276725],[-3.443126421268626,47.62138232212294],[-3.442901342561114,47.62117802000991],[-3.443041133429732,47.621450255380026],[-3.442989979414558,47.62157951907466],[-3.443333397692693,47.621768246893105]],[[-3.443397274003487,47.6228484474703],[-3.443440584886615,47.62276477285948],[-3.443333344218007,47.62276167117214],[-3.443397274003487,47.6228484474703]],[[-3.444957018585112,47.62348468664731],[-3.445026024848016,47.62328218584098],[-3.444928198415711,47.623025693723655],[-3.444864619421217,47.62327304991619],[-3.444957018585112,47.62348468664731]],[[-3.445613995155086,47.62240074162095],[-3.445561160473965,47.622295290430394],[-3.445665143603467,47.622271476831614],[-3.445651031137714,47.62215485278057],[-3.44554837638051,47.622079250541084],[-3.445542706012286,47.622142782039624],[-3.445422197220909,47.62214041619017],[-3.44552110995943,47.622405879091644],[-3.445613995155086,47.62240074162095]],[[-3.455906924569216,47.62267991163106],[-3.455924986107164,47.62249828665709],[-3.455836450897319,47.622539316266725],[-3.455906924569216,47.62267991163106]],[[-3.456800738449439,47.621066823740925],[-3.456711814520329,47.621054853669655],[-3.456801214273017,47.62113118133808],[-3.456800738449439,47.621066823740925]],[[-3.457296079954351,47.62080572980539],[-3.457178186581991,47.620604544019464],[-3.457000256123946,47.6205692471523],[-3.456954793393494,47.62063498491852],[-3.457296079954351,47.62080572980539]],[[-3.457433117584837,47.620834261066214],[-3.457533829947725,47.62078352394955],[-3.45755406039026,47.62061984050232],[-3.457337520924502,47.62054421240404],[-3.457371561009484,47.62065704730798],[-3.457261061290058,47.620627045468204],[-3.457433117584837,47.620834261066214]],[[-3.457728944801163,47.62107074259075],[-3.457759180784727,47.620879410901175],[-3.457634324066777,47.6208411737526],[-3.45756993717814,47.62097117916639],[-3.457728944801163,47.62107074259075]],[[-3.458111999166508,47.62081470212335],[-3.45817181700141,47.62075719952775],[-3.458053486034665,47.62077278865181],[-3.458111999166508,47.62081470212335]],[[-3.459729714490109,47.62126691318209],[-3.459705566497479,47.62117793916861],[-3.459627041504469,47.62119132328358],[-3.459729714490109,47.62126691318209]],[[-3.460785749929299,47.62061230494325],[-3.460810322674826,47.620484504710134],[-3.460711790129543,47.62055318655686],[-3.460785749929299,47.62061230494325]],[[-3.460823591301592,47.62048376905253],[-3.460908854966584,47.62041582277783],[-3.460849251986587,47.62036493975104],[-3.460823591301592,47.62048376905253]],[[-3.462513473697182,47.62020943792458],[-3.462422978972278,47.62012414365835],[-3.462433862479922,47.62021385300017],[-3.462513473697182,47.62020943792458]]],[[[-3.46344305739281,47.62028473931094],[-3.463419674698558,47.620412054397974],[-3.463367895328039,47.62031558208201],[-3.46344305739281,47.62028473931094]]]]},"properties":{}}]}