{"type":"FeatureCollection","features":[{"type":"Feature","geometry":{"type":"MultiPolygon","coordinates":[[[[-3.497904824338109,47.653775486185786],[-3.49794659403174,47.653669707095375],[-3.497788372587881,47.65368755579214],[-3.497787140991147,47.65378697056244],[-3.497884131509669,47.65379772716961],[-3.497811367246428,47.65387593518811],[-3.497593743750118,47.65362614987715],[-3.49765373755268,47.65359704482876],[-3.497639184514783,47.653560397424386],[-3.497464402172423,47.65355207416076],[-3.497514085580647,47.65363058878828],[-3.497418961199444,47.65361782654586],[-3.497381184493768,47.653746372072916],[-3.497245273590262,47.653618473406546],[-3.497169994901566,47.6536587938962],[-3.497262791831666,47.65376200065407],[-3.496851361808182,47.653676548059224],[-3.496771426140772,47.653897756891965],[-3.49684314392409,47.65404729570681],[-3.497119760083175,47.654013819979],[-3.497023816592388,47.65377531654683],[-3.49720612598736,47.653954818846564],[-3.497104155870998,47.65410500404098],[-3.496838626068909,47.6541197990841],[-3.496783191793512,47.65421320230248],[-3.496718320379971,47.65390071579798],[-3.496539018817187,47.65396489453021],[-3.496450601968368,47.65389756904712],[-3.496527792728727,47.65409196034895],[-3.496374088049769,47.65403730376135],[-3.496385314492797,47.653910237953745],[-3.496314413692312,47.65398643972525],[-3.49603122902236,47.65396609076949],[-3.495978403736971,47.65375227892126],[-3.495893131466713,47.65382024961775],[-3.49572177326356,47.653730449931125],[-3.495547414164716,47.653396968124234],[-3.495492931692543,47.65360772646158],[-3.495390004325959,47.65364055450069],[-3.495156643807605,47.653590333708074],[-3.49516910952592,47.65336385322826],[-3.495001847470229,47.65352670482796],[-3.49484828856973,47.65336366098461],[-3.494727564265407,47.65346973127926],[-3.494551831432319,47.653344047947904],[-3.494482023184052,47.65342921910981],[-3.494832395427631,47.65367161522303],[-3.494800227536019,47.65373662707567],[-3.494565915875526,47.65356904940906],[-3.494551401863769,47.65366920362963],[-3.494403315964704,47.65355101160884],[-3.494143259993497,47.65361065293279],[-3.493937836772071,47.65335115086401],[-3.493958629024173,47.653521590081404],[-3.493734024723631,47.65354313032216],[-3.493661222052474,47.65338461907197],[-3.49360468870624,47.65346905033088],[-3.493562816242757,47.653344942224564],[-3.493372570435006,47.65331941122603],[-3.493133888345793,47.65311594868386],[-3.493086254049591,47.653163758411175],[-3.492927084817176,47.65306424478918],[-3.492823062787439,47.6530881000805],[-3.492851657005356,47.65321294775378],[-3.492652512113186,47.65322403685134],[-3.492377286519531,47.65304970203126],[-3.492318858847139,47.65289942117467],[-3.492013504936571,47.65291642292948],[-3.491978897465805,47.65296308211816],[-3.491878702982757,47.652797488472935],[-3.491944138651236,47.65267643680861],[-3.492140945543511,47.652755793173476],[-3.492415369843162,47.652704387547246],[-3.492515667119293,47.65297877689923],[-3.492659517858849,47.652952704098674],[-3.492476133117075,47.652764224110435],[-3.492979095797162,47.653052317108695],[-3.493116527527236,47.652864035510255],[-3.493167152083466,47.653059907763016],[-3.493390514804496,47.65313778336386],[-3.493493587769188,47.65299657182537],[-3.49351437846393,47.65316701115341],[-3.493680259740464,47.65321196166038],[-3.493683687532291,47.653130487881775],[-3.493804123730836,47.65324118914168],[-3.493879404373933,47.65320087081139],[-3.494320518118881,47.653420151673295],[-3.494425634534956,47.65340526553406],[-3.494332987346734,47.653193671262486],[-3.494553069047309,47.65324463318877],[-3.494635867191131,47.65337549297156],[-3.494925900007478,47.65323289769706],[-3.495225640284973,47.65327942120791],[-3.495238774798854,47.653387066890936],[-3.495441203498414,47.65340288480129],[-3.495480079218235,47.65328331034978],[-3.495585195041161,47.65326842316649],[-3.495717817196051,47.65336941238052],[-3.495709873156557,47.653523389564846],[-3.495855913105531,47.65351525377378],[-3.496071478730325,47.65363871618937],[-3.49608352034481,47.65373739129339],[-3.496248450579452,47.653664982460974],[-3.496594453262057,47.65387149141552],[-3.496759383217811,47.65379908186709],[-3.49683603433481,47.65355096165878],[-3.496925545928982,47.65362725731887],[-3.497016290812631,47.65360413814084],[-3.496906933811572,47.653474759553454],[-3.496966746444873,47.65341723806848],[-3.497351484485646,47.653612555090575],[-3.497398020448648,47.65355577318382],[-3.497211194479556,47.653448774563095],[-3.497497661633252,47.653496032020165],[-3.497609483963084,47.653426580494575],[-3.497858175895911,47.65360238266682],[-3.497964386691269,47.65359646379376],[-3.498146147149642,47.65333345328254],[-3.498401681629087,47.6533463065096],[-3.498439185010258,47.65343453110999],[-3.498602881042336,47.653461533737406],[-3.49890508482924,47.65330921821345],[-3.499083152170662,47.653344450636055],[-3.499161848402178,47.65322265497227],[-3.49925587727837,47.65322644536231],[-3.499311039159866,47.653349811418664],[-3.499538097045999,47.65312943082698],[-3.499724926563326,47.653236425745604],[-3.499827850482848,47.6532035938817],[-3.499925033087777,47.65334268027233],[-3.500108709932694,47.65331437803664],[-3.500536573920572,47.65353437552998],[-3.50081331557157,47.6533925058131],[-3.50066372879732,47.65359050700397],[-3.500442544410711,47.65353058617099],[-3.50040039337788,47.65362325098643],[-3.500092979101354,47.653513947767436],[-3.499908206227725,47.65353327954664],[-3.499793365803392,47.65335905150766],[-3.499505802090945,47.65330282924094],[-3.499338553463927,47.65346568705249],[-3.499158295139357,47.65341251414852],[-3.498922607434245,47.65345274523537],[-3.498892634982788,47.65353569909803],[-3.498479973793783,47.65354966702092],[-3.498793821289611,47.65382118232993],[-3.498474363111234,47.65361320003849],[-3.49845766623861,47.6536954138588],[-3.498284249603888,47.65347929180901],[-3.498270702020968,47.65369680216388],[-3.498456435888829,47.653794828635725],[-3.498546085285097,47.65376273783052],[-3.498544855098519,47.65386215260487],[-3.498371302138401,47.65375441592414],[-3.498177631607447,47.65381036664381],[-3.498024062185542,47.65364732699772],[-3.497904824338109,47.653775486185786]],[[-3.493754156527657,47.65337944340028],[-3.493779759689189,47.65326060889919],[-3.493642619350067,47.65323212076744],[-3.493754156527657,47.65337944340028]]],[[[-3.491978441818453,47.6529636964397],[-3.491852798468281,47.65313309308869],[-3.491763294957448,47.65305679352364],[-3.491756582374434,47.653111355727745],[-3.491571807875538,47.6531306743304],[-3.491629139760988,47.6532719850347],[-3.491499657934893,47.653306287941284],[-3.491164467110178,47.65329785420598],[-3.491196639167462,47.65323284333926],[-3.49108495912762,47.65319390349796],[-3.491011864045082,47.65325216105535],[-3.490986555585595,47.65315422447729],[-3.490753050434596,47.65321238012123],[-3.490420199361671,47.65311350004129],[-3.490287436020041,47.65312089004883],[-3.490341483335989,47.653235289824664],[-3.490059398602555,47.653223896910184],[-3.489974272124034,47.653183478069714],[-3.490035185569623,47.653134930647596],[-3.489927881166903,47.653131871791565],[-3.490081728902309,47.65307815164026],[-3.489662507339686,47.653038265292565],[-3.489561764652632,47.65308902926204],[-3.489367147467594,47.65302760962746],[-3.489441337600093,47.652978323621454],[-3.489267651976951,47.65297895862582],[-3.489200022817224,47.653082067709924],[-3.4890995881357,47.65291606078425],[-3.48875221728253,47.6529173295191],[-3.488691458010739,47.65285749102453],[-3.48857743843434,47.65290899296148],[-3.488578687171458,47.652809578243264],[-3.488637414615472,47.652743090463],[-3.488876387323074,47.65272979171225],[-3.489224696463818,47.652845878401855],[-3.489350898005334,47.65278466641418],[-3.490072979541129,47.65300638745456],[-3.49059418786476,47.65289609282254],[-3.491141646285441,47.65300108819729],[-3.491526808000042,47.65287126868779],[-3.491673940736606,47.65287210863042],[-3.491752355436741,47.65296708844737],[-3.491811079099127,47.65290059907778],[-3.491901676391809,47.65298586911891],[-3.491978441818453,47.6529636964397]],[[-3.490243080270564,47.65319561017883],[-3.490231049580109,47.653096934445315],[-3.490122651563756,47.653084905246494],[-3.490118124657374,47.65315740840025],[-3.490243080270564,47.65319561017883]]]]},"properties":{}},{"type":"Feature","geometry":{"type":"Polygon","coordinates":[[[-3.503126315372618,47.65295756377028],[-3.503105000749939,47.65289442277168],[-3.503004271126038,47.65294519833236],[-3.503070525819122,47.6530498813897],[-3.503120495823888,47.65302936587907],[-3.503110228439005,47.65315604530659],[-3.502852628421864,47.65301687630622],[-3.502747388583989,47.65314015528878],[-3.502600254935325,47.65313932928788],[-3.502637638351476,47.65333593779965],[-3.502218405381703,47.65329609649914],[-3.502266999821039,47.65336563870846],[-3.502128631181949,47.65343657537232],[-3.502042399532581,47.65338719491881],[-3.502110004259226,47.65328407842067],[-3.501925232912583,47.65330341339128],[-3.50205605960394,47.65306129883359],[-3.502166651668433,47.653091257783075],[-3.50219307633055,47.65319816235123],[-3.502461887326245,47.65321026635471],[-3.502532778314907,47.653134060822914],[-3.502422313155475,47.65299571695832],[-3.502592711353884,47.652968151184474],[-3.502681134412821,47.65303547205319],[-3.502669080754741,47.65293679759308],[-3.502964442776468,47.65294741963949],[-3.503094042193431,47.65280471875044],[-3.503073346913295,47.65252589580602],[-3.503338867053125,47.65251108658481],[-3.503395133536701,47.652643421160285],[-3.503520222418838,47.65257322346494],[-3.503532527454906,47.65245512727399],[-3.503299164458233,47.65240492270976],[-3.503273833846364,47.652306988750446],[-3.503484182276423,47.65216881494341],[-3.503453371941291,47.652026028999394],[-3.503756525209626,47.65199105654566],[-3.503858224001152,47.65205763603363],[-3.503745565743262,47.65190135254314],[-3.504233360194758,47.65195542631594],[-3.504288779081711,47.651862019453745],[-3.504471352448838,47.651824739943606],[-3.504639430970554,47.65188761571346],[-3.504737964821028,47.65181889793224],[-3.504929184753697,47.651961766167936],[-3.504948063404804,47.651897492127354],[-3.505405043606945,47.651808775435256],[-3.505469351142902,47.651678745750914],[-3.50592072699513,47.6516535604501],[-3.505931930200914,47.651526493567914],[-3.506060302101241,47.651483204258774],[-3.50622509235639,47.65151916661759],[-3.506271497673465,47.65157076646874],[-3.506121079286082,47.65154303376457],[-3.50622497288555,47.651627551967536],[-3.506426301774327,47.65163438048581],[-3.506335564318921,47.65165750699427],[-3.506412906942513,47.65174350665583],[-3.506480501139647,47.651640387540944],[-3.50677452358465,47.65185880026916],[-3.506886094149774,47.65200611047247],[-3.506761129408717,47.6519679264663],[-3.506664790765548,47.652054586692955],[-3.506862831905448,47.652034503340275],[-3.506835065533481,47.652135400041445],[-3.507086092597608,47.65222073812228],[-3.507104733371793,47.6523732343653],[-3.50733469291511,47.65250490553897],[-3.507315699666765,47.652677565236196],[-3.507165160052836,47.65275821917895],[-3.507096704640758,47.652635597696026],[-3.50689317891022,47.65261082960108],[-3.506809373704801,47.65236262277995],[-3.506690986875815,47.65237826092369],[-3.506675755171452,47.65214429041449],[-3.506613761566621,47.652183876162034],[-3.506485507372674,47.65211878074706],[-3.506517660050056,47.65205376562367],[-3.506342881259288,47.65204545563212],[-3.506415957947323,47.65198718844997],[-3.506344096873957,47.65194604068169],[-3.506263345572267,47.651941515184475],[-3.506249950330048,47.652050641318304],[-3.506127178634951,47.652030397388025],[-3.506261152835146,47.65192357443095],[-3.506025716817237,47.651747049206186],[-3.505517827438559,47.651856672003404],[-3.505577508187408,47.65190753139637],[-3.505406993785101,47.65204348686314],[-3.505278741400971,47.65197839011898],[-3.505142572729317,47.65206727117356],[-3.505058532839497,47.65203583368389],[-3.504934543390135,47.65211500343393],[-3.505036243887927,47.6521815818924],[-3.504806169056299,47.6521582914921],[-3.504768656044119,47.65207006887637],[-3.504456611377634,47.652141666129054],[-3.504109369707828,47.65203459519381],[-3.5039953667748,47.65208611219465],[-3.504327017215607,47.65228436857864],[-3.503977458860243,47.65226774178345],[-3.503882459594279,47.65214659948101],[-3.503835931761573,47.65220338401154],[-3.503699884714312,47.65218387806484],[-3.503574672124978,47.65236246127232],[-3.503647627561968,47.65241258113366],[-3.503528143776451,47.65241924567391],[-3.503737022459343,47.65259725691401],[-3.503533498434904,47.65257248296744],[-3.50358647766233,47.652677906250126],[-3.503510109171164,47.65270926044528],[-3.50352789387282,47.65263601626001],[-3.50341279318826,47.65267856227742],[-3.50325360614393,47.65257906269581],[-3.503211335149645,47.65278011385266],[-3.503316322441006,47.652873604987775],[-3.50313155295308,47.652892941869816],[-3.503126315372618,47.65295756377028]],[[-3.50317917800557,47.65284512804162],[-3.503226802972698,47.65279731419281],[-3.503130582851362,47.65277558619267],[-3.50317917800557,47.65284512804162]],[[-3.50377844425291,47.65217046453506],[-3.50373094487854,47.652109893310474],[-3.503684416916589,47.65216667778177],[-3.50377844425291,47.65217046453506]],[[-3.507180746676214,47.65266703371009],[-3.507235064596968,47.65256465512035],[-3.5070482223721,47.652457672170975],[-3.507002794142509,47.652523428319725],[-3.507180746676214,47.65266703371009]]]},"properties":{}},{"type":"Feature","geometry":{"type":"MultiPolygon","coordinates":[[[[-3.513794234537429,47.652424198135485],[-3.513632938085204,47.65219838675264],[-3.513455857763269,47.65228053210714],[-3.513473628668407,47.65220728639244],[-3.513357439272672,47.65224087190614],[-3.513072167897889,47.65209423828321],[-3.513030251231083,47.651970137066584],[-3.512907477149064,47.651949900258735],[-3.512992724752708,47.651881917082605],[-3.512915371323041,47.6517959217823],[-3.512368872840378,47.651808384012476],[-3.512241817146462,47.65164387987384],[-3.511825774101324,47.651739369319],[-3.511692028236507,47.6516294279737],[-3.511505071605399,47.65163083745296],[-3.511662076663172,47.65171238518935],[-3.511545887204877,47.65174596891061],[-3.511508363338518,47.651657748439625],[-3.511304839290407,47.65163298801531],[-3.511262708622466,47.65172565683965],[-3.511435183775953,47.65182440415999],[-3.511225954499495,47.65197156263282],[-3.511116456854602,47.65195058257023],[-3.511161770083596,47.65199321013681],[-3.510892853258197,47.6520895114655],[-3.510888354661149,47.65216201545905],[-3.510622838355136,47.652176841835846],[-3.510687133618293,47.65204680930549],[-3.510470221836556,47.6521311740688],[-3.510432699477883,47.652042953270225],[-3.510224786313452,47.65198230962055],[-3.510199220393517,47.65210114780134],[-3.510152810816626,47.65204954952428],[-3.510085223198773,47.652152670741124],[-3.509902652632457,47.652189959015374],[-3.509840885622672,47.65201277582881],[-3.509598630566107,47.65199920641903],[-3.509380846483115,47.65185782815554],[-3.509375475102496,47.65170459107306],[-3.509247105359388,47.651747884018896],[-3.509128834181412,47.65165513929206],[-3.509078152361762,47.651459273813906],[-3.50898302908665,47.6514465209699],[-3.509008597401746,47.65132768301452],[-3.508749779714929,47.65128794189788],[-3.508636879613625,47.651348433802895],[-3.508692061243706,47.65147179555155],[-3.508575641048679,47.65172214702407],[-3.508389245536659,47.65157853959476],[-3.508476245378183,47.65156512699478],[-3.508401208175068,47.651388684048875],[-3.508554917542638,47.65144332489324],[-3.508609231580804,47.65134094559932],[-3.508420312462395,47.651107638683456],[-3.508706891399787,47.65104648334211],[-3.509140256844725,47.65131130137944],[-3.509131255006422,47.65145630928764],[-3.509261704564583,47.65153934252247],[-3.509332583620843,47.65146313279953],[-3.509464017516849,47.65166352150897],[-3.509645489657256,47.65161726356326],[-3.509676316327419,47.6517600479048],[-3.50980676747646,47.65184308051801],[-3.509924055222569,47.651818468870566],[-3.509963770563049,47.651924630527056],[-3.510059006608201,47.65182899723337],[-3.510314425584944,47.651950209757594],[-3.510424033855468,47.651862805237066],[-3.510555472835308,47.65206319267707],[-3.510652902282152,47.65198549957882],[-3.511025720894556,47.65197371271655],[-3.510990392053161,47.6519034327542],[-3.51116089178009,47.65176746913102],[-3.511075861259967,47.651618680282944],[-3.511142349106259,47.651506588131426],[-3.511359148244952,47.65153060745347],[-3.511365731554944,47.6515844294374],[-3.511490807466918,47.65151422317191],[-3.511584725623999,47.651626389000654],[-3.511705412242306,47.65152030119229],[-3.512041692467194,47.65153764634399],[-3.512103573764886,47.65160644306056],[-3.512374573766816,47.651636464919584],[-3.512397725972813,47.651716456299674],[-3.512709757494543,47.65164483782705],[-3.512961889136988,47.651739133625114],[-3.513052412654879,47.651932772657254],[-3.513097832925633,47.651867014136705],[-3.513482828288049,47.651845507536216],[-3.513198340296129,47.65203300052126],[-3.513431606146653,47.65219157065207],[-3.513668479305768,47.65205189525759],[-3.513776672264521,47.65228067326872],[-3.513881884922006,47.65215738429973],[-3.513946958525402,47.65236147624489],[-3.513777769903809,47.65228964357329],[-3.513794234537429,47.652424198135485]]],[[[-3.508361529949811,47.651557186176184],[-3.508280515284687,47.651494768452075],[-3.508232896009202,47.65154258439285],[-3.508353358808343,47.65165327074889],[-3.50832669216544,47.651763138182524],[-3.508431801407501,47.65174823943247],[-3.50858868744357,47.6519381766275],[-3.508560924385454,47.65203907374381],[-3.508387242052478,47.65203973716447],[-3.508292233180118,47.65191859843256],[-3.508181524609967,47.6519970305926],[-3.508093212008581,47.65182132851455],[-3.508101869754358,47.652001476724344],[-3.508001262435477,47.65194387128797],[-3.507867175532284,47.652159081560306],[-3.507766568169611,47.652101475926614],[-3.507696782643277,47.65218665503642],[-3.507562927411453,47.65218509431108],[-3.507201306854149,47.65206980315708],[-3.507714561423275,47.652113410194076],[-3.507793236135023,47.65199160864023],[-3.508012344906695,47.65192518956055],[-3.508015866563794,47.651735329968574],[-3.507894307642899,47.651615672906495],[-3.50801159577126,47.65159106317556],[-3.508050557760936,47.65136309907004],[-3.508172231971891,47.65137437062529],[-3.508361529949811,47.651557186176184]],[[-3.508212693884674,47.65181465930476],[-3.50827249246758,47.65175713198402],[-3.508125478158291,47.65164792759417],[-3.508212693884674,47.65181465930476]]]]},"properties":{}},{"type":"Feature","geometry":{"type":"Polygon","coordinates":[[[-3.465283691680789,47.64941636818831],[-3.465171151998458,47.64926004731376],[-3.465177891282469,47.64920548652999],[-3.465262992626608,47.64924592351474],[-3.465222278813451,47.64913077576146],[-3.465394862748128,47.64912120572056],[-3.465503044947309,47.64924164330913],[-3.465610542087873,47.64913633916914],[-3.465771827658295,47.649253831730846],[-3.465899338509896,47.649093230293104],[-3.466230828757862,47.649291595079596],[-3.466189023246519,47.64916747690178],[-3.466328317669458,47.64921393883531],[-3.466355069513092,47.64910408085457],[-3.46610065264922,47.649100128293014],[-3.466292160525026,47.64902628907019],[-3.466274038800485,47.64865701516255],[-3.466211417049516,47.64902173589071],[-3.466048639516207,47.64911204403502],[-3.465694957747854,47.64895103419807],[-3.465361495224723,47.6486263408504],[-3.465269655689086,47.6486404647314],[-3.46531908458911,47.648827378693106],[-3.465598557867227,47.6490376606953],[-3.465487994748582,47.64900766707997],[-3.465272113310536,47.64910091884073],[-3.464986990921822,47.648954167623565],[-3.46519463802678,47.64912327727883],[-3.465025322183962,47.64915975935049],[-3.465021850887425,47.64924123245217],[-3.465283691680789,47.64941636818831]]]},"properties":{}},{"type":"Feature","geometry":{"type":"MultiPolygon","coordinates":[[[[-3.470836714664838,47.64946956318642],[-3.470629946883812,47.649417819738005],[-3.470499754681625,47.64922635786491],[-3.470627059460763,47.64917413670754],[-3.470399577679451,47.648951949090645],[-3.470232446440749,47.649006380162355],[-3.470195505100406,47.64925227336708],[-3.470113670713943,47.64923875215771],[-3.470127843810388,47.6493553716119],[-3.469998357670519,47.649389650764675],[-3.46970469305363,47.6490627598096],[-3.470049472914437,47.64926037710934],[-3.470188066028564,47.649081092838685],[-3.470124254043634,47.64888594693759],[-3.47026374367151,47.64882401873249],[-3.470146317753607,47.64829769252203],[-3.470297990968681,47.64822605681746],[-3.470603647961247,47.64865162441077],[-3.470917324775461,47.648923215261405],[-3.471016986952403,47.64886349653445],[-3.471162636530808,47.6490721624837],[-3.470796754381537,47.64892087562604],[-3.470728387478538,47.64879823260663],[-3.470518159526862,47.64882796223074],[-3.47051251604683,47.64889149405864],[-3.47044524011675,47.64877782159771],[-3.470368857739738,47.64880915419659],[-3.470352119066105,47.64889136420255],[-3.470628533328354,47.64896633654265],[-3.47075545433203,47.64913088613218],[-3.470787074389744,47.649391037051174],[-3.470691065276242,47.64926089687423],[-3.47062795800727,47.64929149286538],[-3.470836714664838,47.64946956318642]]],[[[-3.46970469305363,47.6490627598096],[-3.469536664613661,47.64899983370739],[-3.469518834465418,47.64907307285208],[-3.469268076858561,47.64887926849397],[-3.468947478164456,47.64877061969002],[-3.46864541038787,47.64881447264343],[-3.468625203279835,47.648978155622125],[-3.468586662358043,47.6488809505114],[-3.468390994735327,47.6488105250678],[-3.468132022702068,47.64887907939959],[-3.468003823414256,47.6488139416468],[-3.467805779625619,47.64883395917784],[-3.46771592234058,47.648974411929736],[-3.467801720052432,47.6492405886932],[-3.467526596215205,47.649066194993026],[-3.467515698260271,47.64897648746517],[-3.467422768913889,47.648981642282784],[-3.467403647770146,47.64915429578903],[-3.467352031733038,47.64894944123175],[-3.467543537336247,47.6488755999523],[-3.467712257467754,47.6491642705563],[-3.46767956271636,47.648895148022824],[-3.467818162844777,47.648715866528846],[-3.467933283351798,47.64867335548556],[-3.468158770664159,47.64876922098677],[-3.468283199962912,47.64847331918989],[-3.468492337815519,47.64843462283465],[-3.468702173979128,47.64862166779412],[-3.469082608650106,47.648672809926936],[-3.469134425870968,47.648769278293614],[-3.469373385634749,47.648756019397254],[-3.469456115055563,47.64888689732012],[-3.469634148180795,47.64892217469338],[-3.469632864237417,47.649021589408235],[-3.46970469305363,47.6490627598096]]]]},"properties":{}},{"type":"Feature","geometry":{"type":"Polygon","coordinates":[[[-3.464791806230539,47.64921786323972],[-3.464889500532701,47.64903182275935],[-3.464983519580131,47.64903564073287],[-3.464794595784795,47.648910648491665],[-3.464788467052591,47.648640052913265],[-3.465064188967652,47.648489296723305],[-3.464764023648542,47.64810856851983],[-3.464537047669036,47.64822049662586],[-3.464512266882224,47.64845668128071],[-3.464267861065173,47.64842507630955],[-3.464389928195005,47.64821962251546],[-3.464315041491139,47.64804315098061],[-3.464166628403089,47.64814169129081],[-3.464271538143051,47.64823521771795],[-3.464168397047005,47.64837640382434],[-3.464238926797171,47.64851699227992],[-3.464407151877115,47.64847154055113],[-3.464482243743183,47.648539626526755],[-3.464660680208084,47.64835814054771],[-3.464741015087888,47.64857946573659],[-3.464563259264585,47.648986693488546],[-3.464791806230539,47.64921786323972]],[[-3.464821829269991,47.649134917943506],[-3.464722363423269,47.64908624594788],[-3.464718209899661,47.64894197739472],[-3.464848584175722,47.649025060303146],[-3.464821829269991,47.649134917943506]]]},"properties":{}},{"type":"Feature","geometry":{"type":"Polygon","coordinates":[[[-3.488046073054468,47.65315531420582],[-3.488063879133762,47.653082072392415],[-3.488279580906228,47.653097163968944],[-3.488415780295294,47.6530083026132],[-3.48829957338729,47.65304186319754],[-3.488141506789469,47.652951313591714],[-3.488084965167583,47.653035742199386],[-3.487913465953807,47.653054316274805],[-3.487942361895263,47.65296239466434],[-3.487789762549286,47.652916697298295],[-3.487837558198099,47.65276050446592],[-3.487581093175016,47.65263027232282],[-3.486812321998654,47.652573698858895],[-3.486672682585786,47.65274403195876],[-3.486354984665164,47.65287911332381],[-3.48621784927173,47.652850616473515],[-3.48606322617323,47.65267859046902],[-3.485820974151953,47.65266497177332],[-3.485728201263788,47.65256175587195],[-3.485504690574223,47.652592250873376],[-3.485054877413568,47.65230117205425],[-3.485008329409223,47.652357949082514],[-3.484718601169495,47.65228374925275],[-3.484504323603546,47.65206085109635],[-3.484090906289715,47.65184902703698],[-3.483939735524038,47.65159552457072],[-3.483718578194871,47.65153557202396],[-3.483565059506395,47.651372513186445],[-3.483818725882808,47.65115068644922],[-3.483609753913994,47.65108102483189],[-3.483629750479668,47.65102572480117],[-3.48347136639843,47.65115193948816],[-3.482901926742972,47.650975881438605],[-3.482704382269823,47.65067076810681],[-3.482503060062199,47.65066389871707],[-3.482462475701152,47.65044037167658],[-3.482308627901043,47.65049408187121],[-3.482137303245975,47.650404262110996],[-3.482227293191146,47.650155412979146],[-3.482132347072222,47.650034252866476],[-3.482033618798771,47.650211337048894],[-3.481937411974775,47.65018959157063],[-3.481887754693036,47.65011107018123],[-3.481983037817267,47.65001545968349],[-3.481802977526079,47.64985387450078],[-3.481641316034994,47.649953174939554],[-3.481478731514835,47.649935119122866],[-3.481469654732688,47.65008012499562],[-3.481331437004193,47.65004265175188],[-3.481375462721409,47.650184705689526],[-3.481036266014754,47.64992358960532],[-3.481031727029587,47.6499960925264],[-3.480773107825135,47.64984790400947],[-3.480526330342391,47.64990677723231],[-3.480342826889351,47.64982666332625],[-3.479929616289264,47.649506438866986],[-3.479789563724467,47.64923425163183],[-3.479455492141249,47.64923475493218],[-3.479265093511993,47.64931758636048],[-3.478975564586929,47.6491349867237],[-3.478722062992273,47.649248417737205],[-3.478719528950267,47.64944724732625],[-3.478572405863762,47.64944639107234],[-3.478579696261943,47.64972595645608],[-3.478356193366883,47.64975643783042],[-3.478308372654117,47.6499126270291],[-3.477938659017678,47.65005960688285],[-3.477831715782974,47.64983976610307],[-3.477968101122281,47.64964253135297],[-3.477827703906236,47.64958711265133],[-3.47753528448692,47.64982010986376],[-3.477593286152504,47.64952788602813],[-3.477371966448932,47.64957630683558],[-3.477258121267354,47.64951941239003],[-3.477342318945341,47.649442484480744],[-3.477142272027192,47.6493361910735],[-3.476981140040995,47.649110328762724],[-3.476860389844544,47.64921638083316],[-3.476474307427738,47.649228796141166],[-3.475987838174724,47.649075191648464],[-3.475603392734596,47.648771418371915],[-3.475472820401909,47.648796732922854],[-3.475398805264372,47.64873762470031],[-3.475209310728689,47.64893780568433],[-3.474812503018055,47.648752123220795],[-3.474653197435116,47.64876096995443],[-3.474676291840411,47.64884096891882],[-3.47432367676868,47.648688955864],[-3.474164371293291,47.648697801931526],[-3.474212924978209,47.64876735596896],[-3.474123269344569,47.64879942819001],[-3.474003974886095,47.64869767708805],[-3.47376937989318,47.64874682823754],[-3.473611350679864,47.648656258776924],[-3.473472956165932,47.6487271616821],[-3.473224367311733,47.64855130717799],[-3.473076156064336,47.64854147330201],[-3.473069424940564,47.64859603455993],[-3.472982324298826,47.64842927635746],[-3.471925787399816,47.64787380373777],[-3.472095283232568,47.647728926124046],[-3.472006907563185,47.647661581931494],[-3.471761410469981,47.647621021903056],[-3.471483531092183,47.647753852519784],[-3.471611542309116,47.647927372004496],[-3.471487702815092,47.647898120921354],[-3.471488603233007,47.64801547715069],[-3.471765726125911,47.648316188544],[-3.471456030133579,47.64829725375795],[-3.471371825776531,47.648374177471744],[-3.471653691185228,47.64849400100416],[-3.471688965952627,47.64856429297498],[-3.471587313968358,47.648497685375766],[-3.471587124144695,47.648606070850875],[-3.471802613771392,47.648729578342895],[-3.471719499728696,47.6488154730037],[-3.471760037848452,47.649039003962756],[-3.471676923255229,47.649124898579394],[-3.471245942388229,47.648877882777406],[-3.47114390890941,47.649028045710885],[-3.471231195332078,47.64908641979029],[-3.471370684199274,47.64902449027032],[-3.471486512943516,47.64920771733803],[-3.471628182808544,47.64916372894491],[-3.471747473778361,47.649265482447504],[-3.471708926960966,47.649168278381225],[-3.471988281712047,47.648827647129444],[-3.471838078205696,47.64869148479555],[-3.471885916763744,47.64853529814564],[-3.472227806598012,47.64848922598604],[-3.472318741777678,47.64835774044052],[-3.47255077941202,47.64850742174552],[-3.472820650709474,47.648528564666826],[-3.472958671500073,47.64867443347991],[-3.473282736441794,47.64870159791813],[-3.473301279374436,47.64885409981951],[-3.473389844815923,47.64881305753105],[-3.473565512872804,47.64893877297746],[-3.473918682704415,47.64876563192754],[-3.474187280395393,47.64888618645858],[-3.474365500827371,47.64881307116194],[-3.474576633801214,47.648900690767334],[-3.474825595234659,47.64885977144913],[-3.474944891622338,47.648961521703704],[-3.475075464608747,47.64893620774486],[-3.475245681567466,47.6490170672462],[-3.4753166058513,47.648940878061595],[-3.475402805576118,47.64899027834734],[-3.475390803278719,47.648891600871],[-3.475545744562186,47.64884687041795],[-3.475707960849653,47.649081705415156],[-3.476140055269921,47.64933767540465],[-3.476225345536877,47.64926971896411],[-3.476317003036229,47.649363971917154],[-3.476724001499861,47.6494136143343],[-3.476789108879728,47.649509341814394],[-3.476845843782809,47.64931653308012],[-3.476980782301746,47.649327099654535],[-3.477006063237922,47.649425039460084],[-3.477170827542968,47.64946104282586],[-3.477044441149205,47.649630627191534],[-3.477145923567884,47.64980561542004],[-3.477314319907859,47.6496517597224],[-3.47745926058193,47.64963467624595],[-3.477333966154901,47.64981323156573],[-3.477373615155878,47.64991940440015],[-3.477433444859915,47.64986189280741],[-3.477584935092537,47.64989863311451],[-3.47768586058938,47.64973949397118],[-3.477804250056596,47.64972388519042],[-3.477647684055132,47.65008480418419],[-3.477669691998045,47.650155831848686],[-3.477840093906813,47.650128302126916],[-3.477816639851042,47.65026507462985],[-3.477923023182429,47.65015078856956],[-3.478274919029074,47.65007704921416],[-3.478566244957409,47.649835079536295],[-3.47875537955202,47.649851664040376],[-3.47871463615964,47.64973652102609],[-3.478786472945387,47.64977768582945],[-3.479130722808808,47.649641149370225],[-3.479645196349375,47.64958546495582],[-3.4795966348388,47.64951591320541],[-3.479775768632485,47.64956014575317],[-3.479805768570866,47.64947719662352],[-3.480165875604722,47.64980037291621],[-3.480604720839853,47.6500017646755],[-3.480673111985857,47.65012440183867],[-3.480764949996533,47.65011026586278],[-3.480788054149361,47.650190263562685],[-3.480944086754164,47.65015449660585],[-3.481250180108437,47.65036326515677],[-3.481410581538912,47.65036338005386],[-3.481354371988372,47.650231034740834],[-3.481479314472809,47.65026924594817],[-3.481487299094751,47.650115269471726],[-3.481734076481439,47.65005639422594],[-3.481928336395896,47.65033459745973],[-3.482033450189229,47.65031972244307],[-3.482069663570715,47.65050736720709],[-3.48237702359448,47.65061671800559],[-3.4823613951809,47.65070790025947],[-3.482547256979039,47.65069756679979],[-3.482757151310376,47.65088458629663],[-3.482729339953479,47.650985477326245],[-3.482818994086752,47.65095339853903],[-3.483000153606278,47.65112395266183],[-3.483062163496419,47.65108437942079],[-3.483110730952019,47.65115392967401],[-3.483491197483028,47.651205024829316],[-3.483464314163499,47.651423271943656],[-3.483949404293976,47.65178464516923],[-3.48400780717139,47.651934930296996],[-3.484184767428231,47.65196121486002],[-3.48417913989041,47.65202474724304],[-3.484315179391129,47.65204427591621],[-3.485146231131968,47.65261218847547],[-3.485213705373889,47.65261746698064],[-3.485177479502686,47.65242982339803],[-3.485336470480427,47.652637732875114],[-3.485525617113972,47.65265430639713],[-3.485664776234354,47.65280913045323],[-3.485899378128008,47.65275995552761],[-3.486282977879308,47.65294633849141],[-3.486716724753095,47.65288608368321],[-3.487036766558821,47.65266055717879],[-3.487210134969734,47.65287669600917],[-3.487338683145891,47.65272504203859],[-3.487380540644467,47.65284915241487],[-3.48746691543285,47.65279015844437],[-3.487618420887901,47.65282688568784],[-3.487596083964303,47.65297263050616],[-3.487759616104017,47.6531080335723],[-3.488046073054468,47.65315531420582]],[[-3.481352017703407,47.650321478897865],[-3.481109948072879,47.65019946502579],[-3.481155406231724,47.65013371886608],[-3.481352017703407,47.650321478897865]]]},"properties":{}},{"type":"Feature","geometry":{"type":"MultiPolygon","coordinates":[[[[-3.514154970500563,47.646524445966364],[-3.513912843108302,47.6464024998142],[-3.513993673739215,47.64633803053398],[-3.514154970500563,47.646524445966364]]],[[[-3.513944501598989,47.64628120053186],[-3.513733900048095,47.64614154821154],[-3.513601366239351,47.64593219339144],[-3.51327520792386,47.64577881437131],[-3.512943670483258,47.645472197011905],[-3.512789973822065,47.64541756177008],[-3.512680382666108,47.64550496880362],[-3.51273556760121,47.64562832901885],[-3.512519995785062,47.64550489682788],[-3.512507925634215,47.64540622299552],[-3.512677090721469,47.64547805776358],[-3.512621906076962,47.64535469751105],[-3.512462723710502,47.64525521009422],[-3.512476988299875,47.64537182463742],[-3.512208643734107,47.644926200743996],[-3.511750961333696,47.64468081679459],[-3.512056261819026,47.64466376339496],[-3.51158212574322,47.64428382338174],[-3.511809867180075,47.64439754558053],[-3.511825443424425,47.6443063590946],[-3.511534733200977,47.644114869306485],[-3.511467158303597,47.64421799174937],[-3.511120063641483,47.644002555423576],[-3.510939715667963,47.64405778621259],[-3.511095819681012,47.64391359309969],[-3.511199815654946,47.643889721429964],[-3.511144417144997,47.6439831319576],[-3.511362282781622,47.64401612173604],[-3.511384333095351,47.64408714326919],[-3.511552504023713,47.64404162357198],[-3.512031134134498,47.64434905942318],[-3.512247582927344,47.64469823444697],[-3.512415648163874,47.644761099265885],[-3.512342587923164,47.6448193704193],[-3.512529414017062,47.64492634533008],[-3.512186699323286,47.644746793658804],[-3.512099482731883,47.6445800642996],[-3.51216015142506,47.64474827662434],[-3.51197102455364,47.644731746143954],[-3.512200963173535,47.64486340826655],[-3.512385380741169,47.645169214145774],[-3.512452955068647,47.64506609122294],[-3.512696170372202,47.64519701083297],[-3.512711532772921,47.645322595698396],[-3.512773513882686,47.645283006574445],[-3.513004554226125,47.64542363742401],[-3.513625719720327,47.6459127694278],[-3.513944501598989,47.64628120053186]]]]},"properties":{}},{"type":"Feature","geometry":{"type":"MultiPolygon","coordinates":[[[[-3.510167658825223,47.642990012350154],[-3.510074855669896,47.64288681526086],[-3.509963071650851,47.642956279095],[-3.509545349616087,47.642600276693],[-3.509526479791333,47.64266455178768],[-3.509427043151095,47.6425914672754],[-3.509550945959947,47.642536742779576],[-3.509429404550621,47.642417086740565],[-3.509647262733403,47.64245007974368],[-3.509886944847147,47.64277086592641],[-3.510007503044712,47.64277316523569],[-3.509855026024852,47.64261911058476],[-3.509869508308744,47.64251895388816],[-3.509963519084362,47.64252273568392],[-3.509937957114561,47.642641574393636],[-3.510151317723467,47.64274707076575],[-3.510167658825223,47.642990012350154]]],[[[-3.509360755044013,47.642620744826075],[-3.509322990961998,47.642639787795666],[-3.509367085082543,47.64278183172655],[-3.509225576641969,47.64271748016369],[-3.509092728146009,47.64283327742475],[-3.509146049242964,47.64261354117259],[-3.508950351099309,47.642543183423435],[-3.508570903843701,47.642609527190274],[-3.508592082577627,47.64245480718121],[-3.509041299385027,47.64230328303411],[-3.509013769767749,47.642187409011015],[-3.508783850542009,47.64205574043324],[-3.509072573725678,47.64201252470561],[-3.509027384398068,47.64186151020892],[-3.509500496846087,47.642124104791755],[-3.50932113706564,47.64229668940873],[-3.509049089573613,47.64225768992684],[-3.509103166106352,47.6423720816706],[-3.508992478533222,47.64245051498921],[-3.509171612962869,47.64249470263439],[-3.509165032987199,47.642440880271856],[-3.509364134202822,47.642429762973585],[-3.509375101168714,47.64251946689191],[-3.509199143081417,47.64261057660179],[-3.509246640207041,47.64267114590361],[-3.509360755044013,47.642620744826075]],[[-3.509178533307454,47.64222336737921],[-3.508997320346178,47.64205285305748],[-3.509012673137063,47.64217843861448],[-3.509178533307454,47.64222336737921]],[[-3.509231740099025,47.64211201690869],[-3.509277156718996,47.64204625953656],[-3.509082557120902,47.64198487238311],[-3.509231740099025,47.64211201690869]]]]},"properties":{}},{"type":"Feature","geometry":{"type":"Polygon","coordinates":[[[-3.463929232311802,47.64849803754769],[-3.463731805507901,47.64819289175766],[-3.463550305240511,47.64823907847914],[-3.463513539861138,47.648376584200754],[-3.463375339159612,47.648339089686345],[-3.463302220478096,47.64839733005633],[-3.463106768653127,47.64821851027007],[-3.462989467246157,47.648243074971205],[-3.463005335295885,47.64804350970731],[-3.462858216334962,47.648042633668396],[-3.462828190857683,47.64812557850733],[-3.462659965523512,47.648171027971244],[-3.462590945528681,47.64782263835085],[-3.462397676004463,47.64766175893523],[-3.462304331100623,47.64788368069262],[-3.462308015127733,47.64769382210927],[-3.462205078761508,47.647726621019665],[-3.461936513982331,47.64760603887523],[-3.461952637047701,47.64784898654285],[-3.461919972151752,47.64757986221395],[-3.46181942304436,47.647522216895915],[-3.461781564895705,47.64765075131164],[-3.461585032135722,47.647462958096895],[-3.461702542372231,47.647330009271364],[-3.461428116145314,47.64738134291635],[-3.461375436039813,47.64716751471202],[-3.46114561294853,47.64703575275604],[-3.461079903170567,47.6472651730554],[-3.460904270042036,47.64713943873115],[-3.461028735769117,47.64684354440879],[-3.460803057682684,47.64685605060876],[-3.46076063127972,47.64705708698232],[-3.460607859989921,47.64711973952462],[-3.460595009029535,47.64690370406109],[-3.460357356557652,47.64681753029759],[-3.460436582704517,47.64702988779431],[-3.460338425995172,47.64688179729481],[-3.460082056358758,47.6467515044109],[-3.460037214952242,47.64649208579937],[-3.459663549067343,47.64638635361436],[-3.459721430955612,47.64620252372394],[-3.459604132422021,47.646227085052566],[-3.459606523388337,47.64613664114392],[-3.459448311475364,47.646154438000835],[-3.459339060842438,47.646025023770356],[-3.459213929208167,47.646095174403435],[-3.459293364519067,47.6461991471716],[-3.459141897387778,47.64616238308184],[-3.459031559174513,47.6460239977195],[-3.458799138687083,47.646091060573845],[-3.458942771821741,47.64617341477528],[-3.458846581692152,47.64615165024181],[-3.458857464495828,47.64624135870975],[-3.458704909289249,47.6461956232076],[-3.458686408996633,47.64604311878122],[-3.458491420233909,47.646198418690574],[-3.458553226283575,47.64626724393961],[-3.458479016957792,47.64631651050538],[-3.458347571021166,47.64622444952203],[-3.458351269012042,47.646034590899454],[-3.458203067498595,47.64602473814649],[-3.458096650160688,47.646139006496725],[-3.457780660926362,47.64595782472443],[-3.457804816923348,47.64604679799576],[-3.457579141451212,47.64605929797441],[-3.457505149933753,47.646000178335235],[-3.457702098984877,47.6459712073737],[-3.457358474129038,47.64578252416939],[-3.457232252458649,47.64584370182683],[-3.457190901405568,47.64605370787268],[-3.456944115462484,47.64611253140854],[-3.456941071154569,47.645977233221586],[-3.456755220849105,47.64598752597987],[-3.456697989150022,47.64584619764331],[-3.456530853664947,47.645900609205626],[-3.456560447006561,47.64603443708308],[-3.456396574387731,47.64611576105366],[-3.456324759807461,47.646074582409305],[-3.456416817922838,47.645952079947286],[-3.456261869014265,47.64599678510284],[-3.456227704100669,47.645935459254744],[-3.456167855945801,47.64599296010602],[-3.456128252057448,47.645886779862984],[-3.456082766682554,47.645952516429304],[-3.455980051365057,47.64587692428974],[-3.455925641924199,47.645979279391845],[-3.455750890944902,47.64597089370986],[-3.455738925668518,47.645872214062756],[-3.455559824188769,47.645827944584795],[-3.455644047320409,47.645751032164526],[-3.455540022891076,47.64577485435807],[-3.455541333012254,47.64567543963139],[-3.455424676122209,47.645925738853705],[-3.455381810694743,47.645792645712305],[-3.455466034027249,47.64571573341894],[-3.455343296199267,47.64569543607359],[-3.455284535032144,47.64576190736113],[-3.455336992944711,47.64553322516792],[-3.455220781521335,47.64556675298729],[-3.455068454725997,47.645412627100946],[-3.454959856671628,47.64550895086036],[-3.454777494316143,47.64543776751529],[-3.454622736000025,47.645924983821345],[-3.454503485156164,47.645823212662236],[-3.454605335025857,47.64578144961565],[-3.45446039750749,47.64579850477918],[-3.454424059738067,47.64571923661765],[-3.454377484886832,47.64577600163593],[-3.45411809799542,47.645510397305635],[-3.454043885627482,47.64555966107406],[-3.453996448602142,47.64549906943753],[-3.453978372714839,47.64568069195238],[-3.453863247548501,47.645723189313436],[-3.453736612814642,47.64545023547248],[-3.453633901787633,47.64537464125078],[-3.453464589937274,47.645411106642534],[-3.453407367571778,47.645269776651915],[-3.453152969951752,47.645265795892726],[-3.453154917307895,47.645392123324804],[-3.452998020301734,47.6453104967361],[-3.45298343051855,47.64541064621206],[-3.452948410148339,47.64523196285471],[-3.452857660423565,47.645255047911675],[-3.452791513928987,47.64515033598191],[-3.452860518478391,47.644947832817394],[-3.452686858577017,47.64494841345693],[-3.452729085606768,47.64485576544825],[-3.452331470807232,47.6451035488508],[-3.452300743664059,47.64551164797569],[-3.451982144342565,47.64552927987501],[-3.451868334872324,47.64547236057666],[-3.451928187076298,47.645414861912045],[-3.45183200117554,47.64539309159563],[-3.451820273237939,47.64518602589095],[-3.451657713344831,47.64516792854021],[-3.451702116446109,47.64509322275119],[-3.451595060843205,47.644981743047424],[-3.451518672833743,47.64501306338589],[-3.451429471381106,47.64482834697026],[-3.450759905441941,47.64448609163261],[-3.450143833406758,47.644475022629805],[-3.450067678789357,47.64439795636007],[-3.45010462907585,47.64470296818645],[-3.449957285795075,47.64481046155417],[-3.44988920593852,47.64457942042683],[-3.449866769421158,47.644725158644285],[-3.449752729763508,47.64477662291357],[-3.449673080839559,47.64478102923466],[-3.449651346744958,47.644601610447566],[-3.449359301553309,47.64461776644081],[-3.449395396164168,47.644805421872164],[-3.449312252168627,47.64489130076775],[-3.449290284143971,47.64482026757226],[-3.449134245932588,47.644855992360206],[-3.44908719518421,47.6451295265626],[-3.449051101437965,47.64494187106771],[-3.448987751157441,47.64508084107312],[-3.448877205576351,47.64505083168015],[-3.448852592939029,47.64517862777837],[-3.448685073984237,47.644898900300014],[-3.448352115764154,47.644908285628894],[-3.447350828720289,47.64502687963591],[-3.446963443692898,47.64513861213525],[-3.446864001586889,47.645089924838565],[-3.44687051904799,47.645143750618686],[-3.446358226494102,47.64521723279787],[-3.445508141724048,47.64548097727698],[-3.445401941286887,47.6454868484997],[-3.445365617186321,47.64540757750881],[-3.445446384549853,47.645388039912476],[-3.44550271161643,47.645436122404895],[-3.446861829102778,47.645071982911425],[-3.449031542569447,47.64478039406966],[-3.449031162843922,47.644446266154524],[-3.449135187588667,47.64442244973917],[-3.449123850630921,47.64454951161427],[-3.449272046369885,47.64455937589017],[-3.449277098292495,47.64427010266256],[-3.44935457319784,47.644247754721746],[-3.449377627721684,47.64432775887005],[-3.449493840117779,47.64429423684049],[-3.449483590710471,47.64443026970114],[-3.449557805717659,47.64438100880019],[-3.449507349476347,47.644185116799015],[-3.449664472170293,47.6441583624422],[-3.449912962907355,47.64433426746128],[-3.449943240096169,47.64414294009635],[-3.450083827504982,47.64409000676868],[-3.450111230132416,47.644205894529854],[-3.450130405452046,47.644033243412096],[-3.450300802006857,47.644005753762144],[-3.450638101671243,47.64403224660982],[-3.45057017672012,47.64424371949132],[-3.450689881040505,47.644128723386096],[-3.450824569274734,47.64424770587587],[-3.450930766648896,47.644241829720826],[-3.450809975703025,47.64434785513581],[-3.450963605777202,47.64440257191785],[-3.451136408321516,47.64428463723607],[-3.451191449703099,47.64440802655845],[-3.451635576384901,47.644654382288195],[-3.451809235340811,47.64465380321101],[-3.451987013051446,47.64479749320216],[-3.452304749827202,47.6446625047113],[-3.452491226362483,47.64487796124686],[-3.452453175141748,47.644563979289174],[-3.452513025696678,47.64450648029781],[-3.452572647692354,47.644557366943815],[-3.452555252678526,47.64441383233066],[-3.452851416861958,47.6445419376628],[-3.452921279921069,47.64445679098554],[-3.452922139448624,47.64457414756515],[-3.453299268187908,47.64459842846147],[-3.45337628828834,47.64479284917976],[-3.453536672904574,47.64479300233753],[-3.453754689446743,47.645268612973226],[-3.453808014915793,47.64515728794558],[-3.454151211401335,47.645011853852914],[-3.454142511685598,47.644940086682496],[-3.454616468771898,47.64521187391573],[-3.45481146520688,47.64505658039305],[-3.454956400597864,47.645039524787464],[-3.454860214138288,47.64501775695957],[-3.454891337840876,47.64494378492364],[-3.455269780695722,47.64486864469407],[-3.455428855236672,47.644968210020004],[-3.455545065225801,47.64493468198322],[-3.455555942230936,47.64502439081543],[-3.455652351163733,47.6449377724224],[-3.455730468061203,47.64514116243601],[-3.455629708012181,47.64519189735875],[-3.455898024708958,47.64542087977715],[-3.455953521408598,47.645327495535994],[-3.456031861433155,47.645422499685495],[-3.456149159842251,47.645397941932636],[-3.456067777597434,47.64516763959381],[-3.456158525784725,47.645144552042645],[-3.456728034936729,47.64521235530048],[-3.456711276376081,47.645294563505395],[-3.456957839266303,47.645344126069986],[-3.457050543949305,47.64544736519306],[-3.45730385472049,47.64544236660136],[-3.457298633536525,47.645289126645636],[-3.457498844176718,47.64528706861263],[-3.457734091114312,47.64546369216484],[-3.457968468964221,47.645522958750085],[-3.457908623147835,47.645580460505286],[-3.458046812863143,47.64561796153895],[-3.457958240925334,47.6456589922663],[-3.458099695309961,47.64572340580803],[-3.457928209172749,47.64574193594911],[-3.458243109457193,47.64591414648901],[-3.458360407929324,47.645889586522664],[-3.458299907548668,47.645721346402894],[-3.458586298722187,47.64576869942729],[-3.458544081139749,47.64586134950839],[-3.458697723501335,47.64591605607806],[-3.458736676100186,47.6457964933951],[-3.459034166414251,47.64582516820864],[-3.459214788991384,47.645661631984446],[-3.459641334553367,47.645872809207575],[-3.459717058456142,47.645615741503946],[-3.46006958916742,47.645216899896944],[-3.460422353173434,47.64526057059838],[-3.460377536979521,47.645552050957086],[-3.460056998684994,47.645994276487855],[-3.459944054604974,47.646054721505536],[-3.4596633167904,47.64594384041745],[-3.459967125786309,47.64613472348845],[-3.460010002925372,47.64626781492379],[-3.459903802519621,47.646273699324524],[-3.460017408953374,47.64643899634984],[-3.46008617457015,47.64634487463785],[-3.460151248356062,47.64644061153898],[-3.460158441830051,47.646720178502676],[-3.460282272378441,47.6467494416102],[-3.460291406170692,47.64660443713644],[-3.460440485777445,47.64673164362963],[-3.460577803851114,47.646651785257895],[-3.460631780914994,47.646766199152225],[-3.460662021050064,47.646574869253875],[-3.460927523309992,47.646560156350496],[-3.460991510218543,47.64664692194761],[-3.461224808193799,47.646697211140044],[-3.461530346546416,47.64657190421289],[-3.461624150965283,47.64668411046071],[-3.461390642142606,47.64674220762823],[-3.461322967023588,47.64684530090919],[-3.461393487252939,47.646985891194355],[-3.461485324966695,47.646971770347605],[-3.461549981614678,47.64728427750967],[-3.461821140823111,47.64720603113289],[-3.461899494052535,47.64730103125519],[-3.461972612762816,47.64724279172963],[-3.462050966315898,47.647337791748534],[-3.462141715604898,47.64731469957672],[-3.462301481782699,47.647639997262736],[-3.462378075749347,47.64750028440241],[-3.462425524071276,47.6475608725727],[-3.462604845128958,47.647496745970514],[-3.462701504563307,47.647852634725766],[-3.462625118963874,47.647883962277895],[-3.462769644072291,47.64808366799092],[-3.462944817827622,47.647875272181714],[-3.463190777801635,47.64824997798721],[-3.46347718688702,47.648297318961674],[-3.463495231328318,47.6481156952264],[-3.463685650145635,47.648032889442455],[-3.463888727408508,47.648274503810086],[-3.464054773629187,47.64821111100199],[-3.463929232311802,47.64849803754769]],[[-3.450727066875841,47.644325349385326],[-3.45080019370161,47.64426711676116],[-3.450690735655387,47.6442460800021],[-3.450727066875841,47.644325349385326]],[[-3.45225027628421,47.6453157572744],[-3.452319283101492,47.64511325444696],[-3.45202397458543,47.64510250435804],[-3.451966067372826,47.64528633053992],[-3.45225027628421,47.6453157572744]],[[-3.452082739087991,47.64503603468742],[-3.452278600373074,47.644998101937404],[-3.45224793120191,47.644855301988976],[-3.452045318259028,47.64494779483909],[-3.452082739087991,47.64503603468742]],[[-3.454994466886893,47.645353505852064],[-3.454927228475969,47.64523982424958],[-3.454899367444046,47.64534070894669],[-3.454994466886893,47.645353505852064]],[[-3.457558035183249,47.64555472394591],[-3.457578274942821,47.64539104259049],[-3.457484044388829,47.64549560427784],[-3.457558035183249,47.64555472394591]],[[-3.460731903580462,47.64704061661094],[-3.460642666845293,47.64685590742515],[-3.460621347335572,47.64701061835982],[-3.460731903580462,47.64704061661094]]]},"properties":{}},{"type":"Feature","geometry":{"type":"Polygon","coordinates":[[[-3.446248768250284,47.64519619188806],[-3.446868586578541,47.645017423065944],[-3.44868422376988,47.64478154370925],[-3.448771100575811,47.64450580678649],[-3.448688901319688,47.64415814257418],[-3.448322267189497,47.64388942832022],[-3.447526028097801,47.6438250936621],[-3.448056774745596,47.6439041126025],[-3.448256743350423,47.64401045609551],[-3.448468190636528,47.64443225106636],[-3.448455292002001,47.64476711323048],[-3.446838778029305,47.644991978297774],[-3.446248768250284,47.64519619188806]]]},"properties":{}},{"type":"Feature","geometry":{"type":"Polygon","coordinates":[[[-3.445410773062251,47.644014304414156],[-3.445135992889604,47.64373147183357],[-3.445362147574096,47.64350222446102],[-3.445655516352574,47.64338666371548],[-3.446042649712115,47.64338332117339],[-3.446551790170135,47.64372544121325],[-3.446669089210805,47.6437008929556],[-3.446812697190119,47.64378326216918],[-3.446932408574775,47.643668269885964],[-3.446743305801713,47.64365163382365],[-3.446934820903509,47.6435778261173],[-3.446963782298506,47.64348591419732],[-3.446985746676955,47.64355694787951],[-3.447279959343076,47.64355873974357],[-3.44712911527447,47.643747702414565],[-3.446995283021876,47.64374607230758],[-3.447052726410436,47.64377901985347],[-3.447391348285092,47.643706107343945],[-3.448116866775413,47.64373823014244],[-3.448227646462281,47.643659854569655],[-3.448195902466368,47.643508082500205],[-3.447604324899515,47.64292669012024],[-3.446369082077538,47.64332011656071],[-3.446369927177126,47.64343747325752],[-3.446806179953504,47.64372943634768],[-3.446304640622526,47.64345011425288],[-3.446292693379549,47.64335143350969],[-3.445757610763321,47.6432365226041],[-3.445293003340463,47.64326220951283],[-3.444830920613803,47.64363996468192],[-3.445410773062251,47.644014304414156]],[[-3.447380724246345,47.64350801197821],[-3.447196445656062,47.64331048907108],[-3.447265229853964,47.64321637475218],[-3.447366841414309,47.643283003689504],[-3.447254974972532,47.64335240749356],[-3.447395562965189,47.64329947737868],[-3.447456265038784,47.643359337633925],[-3.447448422067293,47.643404926594556],[-3.447362257248633,47.64335550554711],[-3.447380724246345,47.64350801197821]]]},"properties":{}},{"type":"Feature","geometry":{"type":"Polygon","coordinates":[[[-3.423925640057443,47.64503756483708],[-3.424200662398482,47.64476954803798],[-3.424222372618781,47.64450645798005],[-3.424433406176014,47.644594168363376],[-3.424519837166029,47.64453522068248],[-3.42452957945298,47.644615961241534],[-3.424705688615718,47.64452497918861],[-3.424978768422334,47.644573146154734],[-3.424999107740607,47.64440947037285],[-3.424820321484462,47.644256768127626],[-3.424884816249776,47.64412678234393],[-3.424804083732033,47.64412220054208],[-3.424747223604463,47.64387247078915],[-3.424845275996321,47.64402059140315],[-3.425055226099889,47.64409932951311],[-3.425230534041399,47.64389098983285],[-3.425178002433292,47.64367714494329],[-3.425075849280334,47.64382726803306],[-3.425072885903141,47.64369196886587],[-3.424937971941496,47.64368134232212],[-3.424858607324468,47.64357734607217],[-3.424650539377162,47.64362493560261],[-3.424452784154788,47.64353649405047],[-3.42439182202234,47.643585007515085],[-3.424414327632985,47.643439274110435],[-3.424145869856028,47.643318604854684],[-3.423940762763123,47.6435014923412],[-3.423832399219941,47.643489401598174],[-3.423669279733856,47.64368803661118],[-3.423727790980399,47.643729966808934],[-3.423616975169606,47.643808319146586],[-3.423698502358326,47.64393025859527],[-3.423777069815467,47.64391689879512],[-3.423661350109963,47.64417613769698],[-3.423578453004509,47.64415361268207],[-3.423510708124793,47.644256684190715],[-3.423567850218249,47.644398028886805],[-3.423713876131415,47.64438998321283],[-3.423670516765597,47.644473649570244],[-3.423756948403149,47.644414702449964],[-3.423641514714924,47.64456555566537],[-3.42377397902868,47.64466662694088],[-3.423717852626107,47.64497676709363],[-3.423766337160671,47.64504634221267],[-3.423780981678175,47.64494619637269],[-3.423925640057443,47.64503756483708]],[[-3.424302023230346,47.64450206900731],[-3.424231318019273,47.644469841783014],[-3.424312336844742,47.644366038367544],[-3.424302023230346,47.64450206900731]],[[-3.423928219584989,47.644062094401164],[-3.423832334355401,47.643931915386204],[-3.423950726662944,47.643916361121995],[-3.423928219584989,47.644062094401164]]]},"properties":{}},{"type":"Feature","geometry":{"type":"Polygon","coordinates":[[[-3.506270495972106,47.6394233392147],[-3.506355732020497,47.63935536043684],[-3.506478474643214,47.63937560426065],[-3.506134719868866,47.639187063886695],[-3.506219955712839,47.639119085199546],[-3.505928077769211,47.63902699656937],[-3.505922717594141,47.63887375830447],[-3.506036570617604,47.638930625135295],[-3.50600661738016,47.6390135814498],[-3.506260989081706,47.639017447147964],[-3.506505257775398,47.639157350492034],[-3.506575886862321,47.63929791404819],[-3.506580508955107,47.63911702368464],[-3.506166008218996,47.6388963058659],[-3.505781223669499,47.63880940243953],[-3.505811177142702,47.63872644617402],[-3.505575800833144,47.638549918829696],[-3.505381218241717,47.63848852540015],[-3.505334703911266,47.638545310931285],[-3.505168979994242,47.63839199053466],[-3.505110288939488,47.63845848711811],[-3.504826087462816,47.638429188858595],[-3.505311446708921,47.638573703689275],[-3.505576655294569,47.63877566143061],[-3.505637296829382,47.63894387764898],[-3.506172226083567,47.63927528665588],[-3.506264038665288,47.639261130561096],[-3.506305929615403,47.639385235025706],[-3.506061540625918,47.639353717323985],[-3.506068117090984,47.63940753994754],[-3.506270495972106,47.6394233392147]]]},"properties":{}},{"type":"Feature","geometry":{"type":"Polygon","coordinates":[[[-3.503945947406563,47.63920985959193],[-3.503988204884685,47.639008806748144],[-3.504185102866733,47.638979757338255],[-3.504236974123295,47.639076210616146],[-3.504348757467997,47.63900675212046],[-3.504527753603148,47.639159333016075],[-3.504662794528263,47.63906148162851],[-3.504576706551862,47.638903716614905],[-3.504727210996819,47.63882306542457],[-3.504540544772253,47.638607691623115],[-3.504798446657714,47.63842169970308],[-3.504620425334691,47.638386475715215],[-3.504586086960416,47.63843354986832],[-3.504681185990353,47.63844630637781],[-3.504437774973132,47.6385321418062],[-3.504601182850365,47.6387759083939],[-3.504501577101581,47.638835656072125],[-3.504408792127113,47.63873245426005],[-3.504350099750742,47.63879895044987],[-3.504503645771055,47.63896198304391],[-3.504442761665184,47.63901053836518],[-3.504140053614011,47.63872035464366],[-3.503948759173875,47.638685870209564],[-3.503915515717447,47.63874191461836],[-3.50371983866703,47.638671547967185],[-3.503643490297103,47.63870290247823],[-3.503793746826855,47.63883902462603],[-3.503733957890976,47.638896550041835],[-3.503537184871705,47.63881721262868],[-3.503475204420035,47.638856796985955],[-3.503356971841721,47.63876404579524],[-3.503357942186573,47.63888140232703],[-3.50308835922051,47.63864355768636],[-3.503009693448589,47.638765356919166],[-3.502871616157225,47.63861952285929],[-3.502366417952777,47.63842191541128],[-3.502382722291649,47.63866485862892],[-3.502452371514262,47.638688068169095],[-3.502434844264111,47.63854454057262],[-3.502529942977586,47.63855729883245],[-3.503000803059449,47.63880197923765],[-3.503142167907976,47.638974724530954],[-3.502136148114644,47.63861539175376],[-3.502136020368371,47.63872377782759],[-3.501727146296875,47.63843951052241],[-3.501577862585191,47.638420742263186],[-3.501627537958417,47.63849925576073],[-3.501541201954409,47.638558260635726],[-3.501502608607251,47.638461065862884],[-3.501411891415937,47.63848418870688],[-3.50139655757395,47.638358601910845],[-3.50127272396758,47.638329382250355],[-3.501365372865825,47.63854097265775],[-3.501456090173818,47.638517849850565],[-3.501606340603256,47.638653974824585],[-3.501607564736253,47.63855455923035],[-3.501763549362991,47.63851876425903],[-3.501861805627874,47.638666820583914],[-3.502160247035348,47.638812742249854],[-3.502215655902953,47.638719335731565],[-3.50251422555038,47.638756870423336],[-3.502733033486662,47.6389072329184],[-3.502822655302314,47.63887513858366],[-3.503233855258816,47.639068956870716],[-3.50339093591915,47.63904213020162],[-3.503488102021934,47.63918121465529],[-3.503528169916413,47.63896222104823],[-3.503595503933541,47.63907587503296],[-3.503779005318525,47.63915595286931],[-3.503839890194194,47.63910739789761],[-3.503945947406563,47.63920985959193]],[[-3.50396275532974,47.63901925831405],[-3.503888846389934,47.638851781777774],[-3.504002697199255,47.63890865059125],[-3.50396275532974,47.63901925831405]]]},"properties":{}},{"type":"Feature","geometry":{"type":"Polygon","coordinates":[[[-3.500019569578417,47.637675325895955],[-3.500203083586637,47.637558130410156],[-3.500122750073241,47.63722844220529],[-3.500498491075979,47.63746037263741],[-3.500415440773475,47.63754628820638],[-3.500520393198926,47.63763978259484],[-3.500271503819798,47.637680756893445],[-3.500322271661378,47.63776824147516],[-3.500233745265863,47.637809304409544],[-3.500450221514447,47.63805011636615],[-3.500276453085746,47.63815915384076],[-3.500255251948775,47.63831387268676],[-3.499993218791694,47.63824720041629],[-3.500015119538963,47.63842661039526],[-3.500418640053195,47.63855764515168],[-3.500467480997028,47.638410416482365],[-3.500682162520103,47.63830812869831],[-3.500877703931458,47.638486886536136],[-3.500774809040033,47.638519719576365],[-3.500644404511448,47.63843667630533],[-3.500661926910982,47.63858020417841],[-3.500449434493249,47.63870043289712],[-3.500325600612276,47.63867121223792],[-3.500167160940641,47.638905836423994],[-3.499869554786437,47.63898565229139],[-3.499914715764577,47.63913667055453],[-3.499649659608569,47.63882631393972],[-3.499828774136267,47.63887051599182],[-3.499772531017184,47.63873817875003],[-3.499974339001934,47.638311474113095],[-3.499942451033899,47.6381597157133],[-3.500162476092975,47.63821066747458],[-3.500045741714047,47.637801725066566],[-3.499828040875278,47.637660327956304],[-3.499986214121359,47.637642476349086],[-3.500019569578417,47.637675325895955]],[[-3.500024185738654,47.637679872037815],[-3.500107723484017,47.63776214250702],[-3.500242637388419,47.6377726822828],[-3.500024185738654,47.637679872037815]],[[-3.500207242255696,47.63868684392476],[-3.500115560905512,47.63859260919114],[-3.500113238929308,47.63868305427149],[-3.500207242255696,47.63868684392476]]]},"properties":{}},{"type":"Feature","geometry":{"type":"Polygon","coordinates":[[[-3.5007683175667,47.63748145113391],[-3.500742998682177,47.637383515865196],[-3.500399277001836,47.63719495842165],[-3.500307860786186,47.636883951433795],[-3.500132169424827,47.636758275408724],[-3.500302516963394,47.63673071274117],[-3.500228491063591,47.636671619877895],[-3.50044851026087,47.6367225711398],[-3.500279652410215,47.636433945959375],[-3.499809920656528,47.6361982247979],[-3.499615353272258,47.6361368216906],[-3.499555562859951,47.63619434504861],[-3.499392052620243,47.63605895729859],[-3.499121139023057,47.636028905090065],[-3.498648131679314,47.63576626765048],[-3.498414846249516,47.635716052896704],[-3.498382693544079,47.63578106634303],[-3.498047747740662,47.635664266038134],[-3.497567086938075,47.635338830454245],[-3.497857426384138,47.63574712834208],[-3.497785730349979,47.63559758872506],[-3.498467663443792,47.63592986565108],[-3.499761079923183,47.63634545336111],[-3.500041718524328,47.63656462484167],[-3.500070188838842,47.636797858001835],[-3.500244785135744,47.63691456361425],[-3.500231118136727,47.637240462227595],[-3.500508478062121,47.63743272098236],[-3.5007683175667,47.63748145113391]]]},"properties":{}},{"type":"Feature","geometry":{"type":"Polygon","coordinates":[[[-3.498109320760472,47.635949843188286],[-3.497721423470803,47.63572761526838],[-3.497560928964642,47.635835908990046],[-3.497580905362531,47.635780606134375],[-3.497504728598032,47.63573999580505],[-3.497279485062845,47.635390988437734],[-3.497334486452184,47.635622742814625],[-3.497479841535424,47.63572672832554],[-3.496952067086766,47.63544536499001],[-3.496509180649552,47.63499137838215],[-3.496229519425409,47.63488955507075],[-3.496076010396485,47.63472651125937],[-3.495797164421826,47.63485043002681],[-3.495764336825305,47.63458131336642],[-3.495328985258528,47.63429850230271],[-3.494666642556278,47.6342360633341],[-3.494645998501937,47.63395723620593],[-3.494181927135544,47.63365795862276],[-3.494227355102797,47.63359220681368],[-3.494046075052468,47.63353005489927],[-3.4937987277598,47.633254826994715],[-3.493358876629807,47.633044512449615],[-3.493333573445687,47.632946575350665],[-3.493306885231737,47.63305644042325],[-3.493169942998859,47.63291956505428],[-3.492684668049189,47.63277499936209],[-3.49250682084265,47.63263137041497],[-3.492230460454941,47.63255644919431],[-3.492298855959053,47.63267908066353],[-3.491939736101971,47.63247329590501],[-3.491850118492652,47.63250538199751],[-3.491884018634983,47.63278347064723],[-3.491803297552511,47.632778935113],[-3.491759258439257,47.63263688382074],[-3.491653088664382,47.63264279711883],[-3.491788136703647,47.63254496028362],[-3.491709900846698,47.63234159306867],[-3.491866967498888,47.63231478180036],[-3.492059176682014,47.6324666431442],[-3.492109128697804,47.63232838810699],[-3.492300244996508,47.632471278452975],[-3.493470806826554,47.63286667775934],[-3.493996703982097,47.63323476524991],[-3.494099304747158,47.63341871082005],[-3.494576645020221,47.633717249281275],[-3.494608801118475,47.6336522368131],[-3.494812106244147,47.63378541288895],[-3.494941538583757,47.63375110596399],[-3.494965751001364,47.63384007210687],[-3.495138280147164,47.63383045806205],[-3.49499776446908,47.63388344587302],[-3.495052896516701,47.63400681518049],[-3.494911286195916,47.63405083231737],[-3.494987490788475,47.634127869760974],[-3.495165633439164,47.63405472218268],[-3.49533692753541,47.63414452360414],[-3.495453088872972,47.634110955692194],[-3.49579649199742,47.634516300600374],[-3.495797726857417,47.63441688485419],[-3.496012261094564,47.63442299174787],[-3.495883641212259,47.63468304299594],[-3.495953282412249,47.63470625645832],[-3.495994331939254,47.63460462178106],[-3.496261953548772,47.63460776960887],[-3.496406568555699,47.63480743507826],[-3.496588950085633,47.63487855383564],[-3.496740133580953,47.63513204213976],[-3.496721528443111,47.634979542876984],[-3.496897205917843,47.635105224146805],[-3.496938933532699,47.635337718494426],[-3.497064946789716,47.635384883874245],[-3.496939071825046,47.63522933223636],[-3.49717016474227,47.635261608870216],[-3.497593219669166,47.63566250953718],[-3.497956897580226,47.63579577246653],[-3.498109320760472,47.635949843188286]]]},"properties":{}},{"type":"Feature","geometry":{"type":"Polygon","coordinates":[[[-3.491636238790832,47.63283339725282],[-3.491722725362266,47.63266601312762],[-3.491646378536082,47.632697359895765],[-3.491551591317517,47.6324678199319],[-3.491461973484059,47.63249990572673],[-3.491363757420971,47.632351840184086],[-3.491256494724789,47.63234878251493],[-3.491394823143745,47.632277857946754],[-3.491261317948116,47.63205950568128],[-3.490994953159825,47.631956930572],[-3.491152662356191,47.632264250159054],[-3.490866314775102,47.63221697662709],[-3.490856173132938,47.63235301395017],[-3.490783257127213,47.632302885581296],[-3.490776546152448,47.632357448317876],[-3.490352323680496,47.63205593809694],[-3.490338900898294,47.63216506353257],[-3.490288154750048,47.632077574359606],[-3.490038190220127,47.632109556356134],[-3.489937639894445,47.632051934774395],[-3.489931080601678,47.63199811103902],[-3.490081435492948,47.632025864863635],[-3.490028503440049,47.6319204343283],[-3.489784158246906,47.63188888245661],[-3.489819293174846,47.6320675559909],[-3.489729674972111,47.63209964046342],[-3.489704378895146,47.63200170253066],[-3.489599303314906,47.632016584588875],[-3.489389612821394,47.63172118910389],[-3.489227081217046,47.63170314389674],[-3.489205065503076,47.63163211772895],[-3.489134184045059,47.63170831602664],[-3.489255655567141,47.63182799383771],[-3.489194765728891,47.63187654139125],[-3.489011311254053,47.63179644034795],[-3.489064241174742,47.63190187135093],[-3.488928560374934,47.63166557511242],[-3.488848934259869,47.63167000816775],[-3.488828640848263,47.63194208253],[-3.489015374732402,47.632049095747576],[-3.4886882789164,47.631886676368026],[-3.488628481489292,47.63194419425955],[-3.488524654069915,47.631859659550145],[-3.488423950274495,47.63191042309762],[-3.488497490224075,47.63229468285788],[-3.488339640479499,47.63209574612019],[-3.488158216253348,47.632141971447524],[-3.487882177854938,47.63185026705442],[-3.487899350492925,47.632210570178955],[-3.487771324021689,47.63203706712566],[-3.487699190090352,47.632212680315924],[-3.487630648565751,47.63219843254657],[-3.487696847351675,47.63230312544708],[-3.487744624813385,47.63214693097887],[-3.487999742479685,47.6323765799232],[-3.488027534177673,47.63227568666399],[-3.488215516556091,47.63228328536844],[-3.488300764195203,47.63221531951313],[-3.488524970197576,47.63241056230519],[-3.488507637866781,47.63215864573552],[-3.488623799176993,47.632125084579954],[-3.488867990091682,47.632265025295084],[-3.488841602482743,47.63215811655196],[-3.488944492449835,47.632125293913745],[-3.489324675176933,47.632284757000534],[-3.489283922393703,47.632169616621816],[-3.489408981850333,47.63209943328515],[-3.489474090859831,47.63219515455717],[-3.48979369136168,47.63218639093358],[-3.489821174093555,47.632302270082455],[-3.489994792425936,47.632301634248634],[-3.490053495541142,47.632235145047886],[-3.49027224163544,47.632385531385886],[-3.490339842499784,47.632282420571805],[-3.490479113873328,47.632328854121944],[-3.490525638590497,47.632272074323595],[-3.490955481186928,47.632510050530286],[-3.490919248777008,47.63232240676663],[-3.491038689146579,47.632315755048715],[-3.491222148448862,47.63239585288661],[-3.49115454914533,47.63249896420524],[-3.491245110759287,47.632584235659856],[-3.491345813142789,47.63253346969804],[-3.491540357877047,47.63259488669196],[-3.491489310647255,47.63272417086219],[-3.491636238790832,47.63283339725282]]]},"properties":{}},{"type":"Feature","geometry":{"type":"Polygon","coordinates":[[[-3.483214463383973,47.634006598223074],[-3.483656531510986,47.63346721727926],[-3.483739932623458,47.63316454073692],[-3.483990235031247,47.632915799499],[-3.483961672415454,47.632790948340535],[-3.484070027827463,47.632802983380984],[-3.484102360525259,47.63262958738754],[-3.48423944283459,47.63265808701993],[-3.484267241787206,47.6325571946701],[-3.484431958918957,47.63259318811301],[-3.484474121066464,47.63250052804562],[-3.484726112373635,47.63259488569607],[-3.484924089556913,47.63257483932008],[-3.484930806541756,47.632520276925995],[-3.485097708833936,47.63257421076459],[-3.485187492766583,47.63243374345382],[-3.485372197925557,47.63241443473777],[-3.485645109218396,47.63257084660541],[-3.485802179591266,47.63254404349477],[-3.485786884184932,47.63241845426625],[-3.485921942409098,47.63232062420162],[-3.486194854833268,47.632477034792544],[-3.486239199032111,47.63240231539424],[-3.486285568405243,47.632453923692864],[-3.486374096647862,47.632412871214406],[-3.486761922598126,47.632635137189986],[-3.486520080257242,47.63240474700067],[-3.486622972127343,47.63237192641142],[-3.486711340920672,47.63243926008306],[-3.486721493143268,47.63230322312606],[-3.486835311690121,47.63236010886033],[-3.486697613327301,47.63199748235798],[-3.487080132212344,47.63206650764215],[-3.487272326881576,47.63221837688137],[-3.487373190062586,47.63205922791111],[-3.487446102532722,47.63210935841479],[-3.487395361179191,47.632021867982694],[-3.487482795049083,47.63197184400833],[-3.487689354512456,47.632131944530336],[-3.487665469229057,47.63182620393307],[-3.487313864513833,47.6317915858269],[-3.487385841461894,47.63172435928486],[-3.487269838163355,47.63164953276994],[-3.487309177759615,47.63197247610884],[-3.487145395176985,47.63205384379014],[-3.486985365751458,47.63183696389875],[-3.486931030085081,47.63193933417598],[-3.486832827622774,47.631791264781235],[-3.486718851254841,47.631842765468754],[-3.48652103689989,47.631754428454464],[-3.486459985095696,47.631911361021174],[-3.486718374140728,47.63216792475516],[-3.486625475916751,47.632173094888785],[-3.486473096672548,47.63201900888461],[-3.486543504161791,47.63226797148273],[-3.486214229342795,47.63208760388617],[-3.486222970086584,47.632159369141135],[-3.486043889350454,47.6321151460771],[-3.486038266118058,47.63217867920494],[-3.485842475885292,47.632216668793305],[-3.485671203951473,47.632126853361356],[-3.485555971863875,47.63227776865872],[-3.485286339639527,47.632148268555795],[-3.485101635370573,47.632167577138745],[-3.485044948519804,47.63236039159754],[-3.484914583515804,47.63227733050599],[-3.48463479536429,47.63228386571002],[-3.484651506830396,47.63220165295053],[-3.484846042651545,47.63226308110328],[-3.485024517932778,47.63197317607553],[-3.484831075318282,47.63192071888162],[-3.484703825589709,47.631972955980345],[-3.484788751291498,47.63212176552825],[-3.484638398882518,47.63209400489283],[-3.484638235619661,47.632202391310756],[-3.484554239087739,47.63217093875194],[-3.484032891683521,47.63249798044134],[-3.483802415989588,47.632799807620486],[-3.48366314919616,47.63275336612176],[-3.483508261434956,47.632798107711686],[-3.483621481430666,47.632520866724775],[-3.483451138717789,47.63254840512883],[-3.483361447002348,47.63334815998044],[-3.483187658974933,47.633457172300766],[-3.48313314805142,47.63366792705942],[-3.482918284804977,47.63387856916124],[-3.483214463383973,47.634006598223074]]]},"properties":{}},{"type":"Feature","geometry":{"type":"Polygon","coordinates":[[[-3.483752010081217,47.63249554285472],[-3.483633991174883,47.63229438499644],[-3.483383095335129,47.63220899565852],[-3.483641966891939,47.632140406935136],[-3.483895047232521,47.632243737076266],[-3.48422513569112,47.63188217911],[-3.484152390805197,47.631723660152105],[-3.484495745308249,47.63136136301869],[-3.484768974639508,47.631301004100074],[-3.485058589051955,47.631375204614145],[-3.485388179047601,47.63133880261806],[-3.485497785804458,47.631251420545276],[-3.485440493804759,47.63111010521603],[-3.485582104132785,47.631066099493076],[-3.48582065883213,47.631269579790114],[-3.486168981436607,47.63127729041648],[-3.486257667789103,47.63112785152717],[-3.486004748650482,47.63091613995931],[-3.486126371590694,47.630927434588095],[-3.48616775722913,47.63060903016586],[-3.486286714623963,47.63092754279315],[-3.486444712853875,47.6310180959442],[-3.486671410601919,47.631014510776644],[-3.486638472178917,47.63085377751629],[-3.486707011711963,47.63086802587768],[-3.486733712416261,47.63075816218907],[-3.486574940494014,47.63044186573639],[-3.48646221891339,47.6303939503547],[-3.486540750711419,47.63038054826142],[-3.486472371381887,47.63025791327567],[-3.486281118689235,47.630223399763175],[-3.486368550657386,47.63017337657632],[-3.485999637914557,47.62988683729987],[-3.486127973932605,47.62984356940165],[-3.486048510695313,47.62973961400052],[-3.486181216467807,47.62973222871892],[-3.486019944964755,47.62961476314059],[-3.485996520882948,47.629751538740905],[-3.485847267003724,47.62973275029745],[-3.485872554928218,47.62983068918008],[-3.486222573127671,47.63018150061005],[-3.486354800660694,47.630499274697456],[-3.48627283099515,47.63059415118348],[-3.486206637121831,47.63048945738363],[-3.486152301333661,47.630591827369855],[-3.486038487285374,47.630534940918174],[-3.48603691350169,47.63085112975694],[-3.485771335358125,47.63097428632117],[-3.48561880073425,47.630928585598056],[-3.485663914574222,47.63107960999705],[-3.485452995500006,47.63088362312794],[-3.485418483374158,47.63103907831293],[-3.485113252326755,47.631056062230726],[-3.485027840011634,47.631232412273356],[-3.484509506877889,47.631035465261505],[-3.48449590885788,47.63125297655387],[-3.483960700705978,47.631246626366035],[-3.484023614488184,47.63132440935455],[-3.483922577994208,47.63159194194404],[-3.483847320307975,47.63163225431297],[-3.48371805110708,47.63155816253658],[-3.483767528791208,47.63174507034712],[-3.483685717809833,47.631731558519654],[-3.483542846530431,47.63187497767977],[-3.482918010292003,47.631900702377315],[-3.482338278724766,47.63207744933778],[-3.482515929148073,47.63232948021351],[-3.482876604265837,47.63221910543555],[-3.483752010081217,47.63249554285472]],[[-3.483465072617254,47.63211412127944],[-3.483412153546217,47.632008687751274],[-3.483669931933313,47.631931128274815],[-3.48373393827165,47.63201788207304],[-3.483465072617254,47.63211412127944]],[[-3.486463765908022,47.63084543770183],[-3.486296867641252,47.63079150576685],[-3.486321383989998,47.630663700842405],[-3.486463765908022,47.63084543770183]]]},"properties":{}},{"type":"Feature","geometry":{"type":"Polygon","coordinates":[[[-3.486448493907912,47.629952172133784],[-3.486451931244578,47.62987069758303],[-3.486299399191693,47.62982499772258],[-3.486455368570752,47.629789223028745],[-3.486461150609,47.62961730324345],[-3.486625860147855,47.629653293647486],[-3.486536403480218,47.629576989148646],[-3.486608378421175,47.629509763008805],[-3.486418380533707,47.629375833800445],[-3.486600889464776,47.629338581775414],[-3.486514711112786,47.629289189247],[-3.486560144806369,47.62922344027145],[-3.486759042472591,47.629320747999756],[-3.486797920102363,47.629201174941244],[-3.486686929928009,47.62872868401057],[-3.486567815711838,47.628518558056186],[-3.486453846076278,47.62857005857211],[-3.486535812311818,47.62847518185999],[-3.486330362992736,47.628324049669615],[-3.486030770604375,47.6282775027409],[-3.486179540114362,47.62862145084325],[-3.486306620544661,47.62867759866407],[-3.486234646345749,47.628744824646844],[-3.485913523573243,47.62830209070722],[-3.485765366214285,47.62829227282257],[-3.486074309869263,47.628744716370186],[-3.486184842580657,47.62877469082168],[-3.486086327386692,47.62884339377958],[-3.485994687874357,47.628749147486644],[-3.486320344048202,47.62911937719214],[-3.486338917427152,47.62927187857179],[-3.486219483283254,47.62927852549484],[-3.486350615997582,47.62958732906643],[-3.486135169991609,47.62946384717808],[-3.486283010840441,47.62969043771534],[-3.486192141863604,47.629821935399306],[-3.486448493907912,47.629952172133784]],[[-3.486506129907945,47.62910903732003],[-3.486193582742441,47.62884645620157],[-3.486436045964628,47.628643301072586],[-3.486594037686567,47.628733854128356],[-3.486656793190346,47.628920022403776],[-3.486506129907945,47.62910903732003]],[[-3.486316613239267,47.62864994809709],[-3.486229343739445,47.62859158466832],[-3.486328950822412,47.62853185225338],[-3.486316613239267,47.62864994809709]]]},"properties":{}},{"type":"Feature","geometry":{"type":"MultiPolygon","coordinates":[[[[-3.48577034555303,47.62866228608692],[-3.48554147291759,47.628647928151665],[-3.485486061930188,47.62851124594964],[-3.485572544554314,47.62857394732145],[-3.485580352784796,47.62852835545692],[-3.48577034555303,47.62866228608692]]],[[[-3.485479548022819,47.628506523247495],[-3.485363658683165,47.62850428802418],[-3.485401123060107,47.628592517945826],[-3.485290591166049,47.628562542749904],[-3.485276066550309,47.62866269711876],[-3.485075919348144,47.62866480276472],[-3.484627402408666,47.628382689368316],[-3.484663446825275,47.628678722079485],[-3.484519657597843,47.62870478536594],[-3.48425004593607,47.62857528263226],[-3.484160594471337,47.6284989762716],[-3.484297337174408,47.62840451790471],[-3.484330923895544,47.628471436775456],[-3.484392906483468,47.628431862363],[-3.484300154531855,47.62840257174092],[-3.484345450232614,47.628371282514266],[-3.484145632589876,47.628156613297094],[-3.484183423058695,47.62802807034185],[-3.484081794592877,47.62796147290329],[-3.484055089829382,47.628071336144174],[-3.483847794581594,47.62768548484143],[-3.483616907845466,47.627544795057396],[-3.483838563145022,47.62793887922703],[-3.483842601845717,47.628191535308936],[-3.483611547599196,47.628159232193944],[-3.483453728293413,47.627960288429946],[-3.483238129463184,47.62794518774912],[-3.483245773518114,47.628007982676436],[-3.483009260583681,47.62793082484703],[-3.483022197691938,47.62814685996125],[-3.482913851967814,47.62813482391997],[-3.482974243362008,47.62841143944779],[-3.482777539857254,47.628332066642734],[-3.482755957755002,47.62870355632354],[-3.482614686087932,47.628530785451375],[-3.482509615364009,47.628545661159045],[-3.482565637482243,47.628786394011755],[-3.482488198929638,47.62880876415075],[-3.482315851707356,47.62870997293388],[-3.482286959205519,47.62880189431067],[-3.482068081824654,47.6287598793493],[-3.482116627672337,47.628829430821625],[-3.481927735278566,47.62870446497331],[-3.481709781145653,47.62877980665698],[-3.481756312097348,47.628723030247514],[-3.481653593581791,47.62864746000552],[-3.481539618929885,47.62869895572315],[-3.481682148581803,47.628772311995334],[-3.481580352358127,47.62881409900926],[-3.481371640642898,47.62863604597487],[-3.481278748048055,47.62864121186593],[-3.481326031080368,47.6288101795551],[-3.481175689800299,47.628782414415475],[-3.481196601972661,47.628844471481635],[-3.481025178087528,47.62886303568152],[-3.48087081211301,47.6285826140549],[-3.480688473040627,47.628511470528814],[-3.480673704726208,47.62806072047427],[-3.480495733885651,47.62802545953913],[-3.480387560859096,47.62790503450756],[-3.480186324812475,47.6278981610453],[-3.480063446020643,47.62798627612745],[-3.480029265290873,47.627924956669204],[-3.480255030978176,47.627804026562565],[-3.480308455769964,47.62758430177602],[-3.480473154886831,47.62762030089329],[-3.480450637249272,47.62787443290657],[-3.480532784672373,47.62767117371386],[-3.480670943912222,47.62770864833715],[-3.48093003484744,47.628190969437355],[-3.480873508046999,47.6282753956411],[-3.480982945230912,47.6282964042976],[-3.480934059800299,47.62844362558684],[-3.481124961887152,47.62869492110977],[-3.481226758240049,47.62865313449015],[-3.481136389663269,47.62845946848034],[-3.481363076900895,47.628455893609775],[-3.481333431122101,47.628322070801474],[-3.48144269884272,47.628451465649775],[-3.481517953860378,47.62841115476385],[-3.481808470853607,47.62860272077884],[-3.481912450088323,47.628578874988754],[-3.481538113646885,47.628247467811796],[-3.481763539104213,47.62834330807442],[-3.481809146840573,47.62816917428144],[-3.481958394926298,47.628187967899656],[-3.482081857545495,47.628433981440836],[-3.482270749342914,47.62855894705735],[-3.482245636739517,47.62835262070705],[-3.482422517948226,47.628378908260345],[-3.4824603127239,47.62825036587734],[-3.482615945360196,47.628431369538596],[-3.482693383311761,47.628408999310565],[-3.482661717655531,47.628148848784924],[-3.482798787688643,47.6281773501738],[-3.482740414208961,47.62802706258847],[-3.482839857240753,47.62807571977753],[-3.482865472563237,47.62795688610725],[-3.482974909878098,47.62797789290094],[-3.482996323580144,47.627714789707326],[-3.483112145988541,47.62789800727434],[-3.483221749406038,47.62781062718208],[-3.483407365561755,47.62790867888762],[-3.483432979540685,47.62778984508268],[-3.48351134273023,47.62788483166572],[-3.483573325244624,47.62784525767621],[-3.483602976374077,47.627979079948865],[-3.483774396523826,47.62796051195748],[-3.483500918913256,47.62746996463851],[-3.483561808903221,47.62742141994261],[-3.483689975795984,47.62748654134806],[-3.483695601329061,47.6274230081795],[-3.483982350641857,47.6279128167687],[-3.484086327561513,47.62788896903503],[-3.484202318224852,47.627963798856456],[-3.484443639503105,47.62851935426127],[-3.484557610969852,47.62846785570536],[-3.484512502467326,47.62831683067564],[-3.484634119169251,47.628328126873235],[-3.484598840728197,47.6282578380735],[-3.484919185389569,47.62847483171706],[-3.484802426168385,47.62817425867109],[-3.485194422034296,47.628540799708844],[-3.485080775733295,47.628375525637125],[-3.48519895354085,47.628468295819054],[-3.485287476008993,47.628427244079624],[-3.485256404062569,47.6285012248396],[-3.48535273494939,47.62841458120537],[-3.485479548022819,47.628506523247495]],[[-3.480909531572286,47.62857142952668],[-3.480921881100004,47.628453334249556],[-3.480847717188788,47.628502615474446],[-3.480909531572286,47.62857142952668]],[[-3.482508188313568,47.62875346367265],[-3.482466361039108,47.628629349998405],[-3.482407652438948,47.62869583550989],[-3.482508188313568,47.62875346367265]],[[-3.485109176308367,47.62860876342613],[-3.485196606730068,47.62855874107482],[-3.484948073181494,47.628382909673746],[-3.485109176308367,47.62860876342613]]]]},"properties":{}},{"type":"Feature","geometry":{"type":"Polygon","coordinates":[[[-3.473941490452756,47.627631086992245],[-3.474037117231118,47.62731870852711],[-3.474191997030566,47.62727397936871],[-3.474146734313825,47.62723133692468],[-3.474229626461195,47.627253826255426],[-3.474268530651528,47.62713425724115],[-3.474529386584431,47.62719201679903],[-3.474436863763853,47.626980403881284],[-3.474537387801975,47.62703803895504],[-3.474596288018176,47.62686317064724],[-3.474792973944056,47.62694255728905],[-3.474451776119168,47.626663477367615],[-3.474382877118114,47.626865995192965],[-3.474245814946632,47.62683748390924],[-3.474333974794732,47.627013213827986],[-3.474232176173806,47.62705499447587],[-3.474117291916658,47.62698912551332],[-3.474150190251654,47.62714986262265],[-3.473950233234505,47.62704356252212],[-3.473780808118516,47.62718844437979],[-3.473849154357419,47.627311086987405],[-3.473707544320056,47.627355078571625],[-3.473941490452756,47.627631086992245]]]},"properties":{}},{"type":"Feature","geometry":{"type":"Polygon","coordinates":[[[-3.476724597697876,47.62766611411344],[-3.476604434188284,47.62744700711836],[-3.476635517511955,47.62737302862013],[-3.476670784882158,47.62744331985663],[-3.476762584930245,47.62742918685994],[-3.47682711197197,47.62719078462024],[-3.47671894891339,47.62707035613957],[-3.476840561125593,47.62708166045875],[-3.476848555659879,47.62692768244777],[-3.477265915264309,47.62662451365399],[-3.477765099147262,47.62699415043855],[-3.478081781947652,47.62740102405671],[-3.478217756462531,47.62742056007749],[-3.478419166331442,47.627319050257],[-3.478601498306074,47.6273901973692],[-3.478739830688046,47.62731928760585],[-3.478713465808863,47.62721237630298],[-3.478825082463981,47.62725132849189],[-3.478787805024782,47.6270547097092],[-3.47862856485439,47.62706356196191],[-3.478625115757552,47.627145036399966],[-3.478493682289347,47.62705299716833],[-3.478203571515848,47.62730394027863],[-3.478109942808572,47.62708335952772],[-3.478198821076409,47.62682553973129],[-3.478056124798285,47.62686056584229],[-3.47771544234486,47.62625633525692],[-3.477641278525886,47.626305614501696],[-3.47773071699562,47.62638192594079],[-3.477762003156066,47.626858851458834],[-3.477607305075761,47.62679519865654],[-3.477410971349713,47.6264990433135],[-3.477134485421307,47.62653247286829],[-3.476994328619591,47.62636866577428],[-3.477051414519845,47.626618372309636],[-3.476931073132882,47.62650765225753],[-3.476823823008537,47.626504581326955],[-3.476885450903258,47.62668178429458],[-3.476699850994162,47.62658372216356],[-3.476844192014999,47.6268917993734],[-3.47664532147476,47.62679447464165],[-3.476641689884636,47.62698433573033],[-3.476469179539601,47.626993922491714],[-3.476582975839146,47.62705081837049],[-3.476462274752595,47.62715687124255],[-3.476572439527198,47.627403628168786],[-3.476391021060372,47.62744983533225],[-3.476323759635703,47.627336164992315],[-3.476307036866876,47.62741837676639],[-3.476184333190413,47.627398101121194],[-3.476070717219979,47.627232818187075],[-3.475998732078709,47.627300037912285],[-3.476101439995491,47.62737561317928],[-3.475848397823194,47.627272265894526],[-3.47581840421472,47.62735521496331],[-3.475720059655895,47.62731552255602],[-3.475781866054297,47.62738433936371],[-3.475682430744483,47.62733567614878],[-3.475582813980919,47.62739539952133],[-3.475467200376388,47.62710378775845],[-3.475130177927717,47.626968979665925],[-3.475072010030706,47.62671030145071],[-3.474884049151584,47.62670268157393],[-3.474886771745544,47.62705475402934],[-3.475022561437048,47.627182680457274],[-3.475054920119634,47.627009286466276],[-3.475148718588951,47.62712148299236],[-3.475268149283983,47.627114847381435],[-3.475657708968337,47.62757186572217],[-3.475685521492323,47.62747097515033],[-3.475839128484678,47.627525659700574],[-3.475913476626731,47.62736799496167],[-3.476216147183192,47.62754986684289],[-3.476305765868563,47.6275177926627],[-3.476474645703149,47.62769806715895],[-3.476724597697876,47.62766611411344]],[[-3.477938700356586,47.62699353252124],[-3.477850351644872,47.62692619202463],[-3.477983228316404,47.626810429342385],[-3.478036131510991,47.62691586561237],[-3.477938700356586,47.62699353252124]]]},"properties":{}},{"type":"Feature","geometry":{"type":"Polygon","coordinates":[[[-3.473767352682943,47.6272975681829],[-3.473219661057153,47.6268583591542],[-3.473279469389134,47.62680084900055],[-3.473132782023354,47.626583212475914],[-3.473013352252378,47.62658984590531],[-3.472975348976431,47.62682677204167],[-3.472476387766303,47.62634872803545],[-3.472370604673384,47.62613785036852],[-3.472182457660331,47.626238612874964],[-3.471930518534669,47.62614422785803],[-3.472015064770364,47.62585052936576],[-3.471854737018703,47.62585040157063],[-3.471803648563134,47.62597967758428],[-3.471889807958838,47.626029081049346],[-3.471740380022668,47.626118661284046],[-3.471549721148195,47.625758963339855],[-3.471253235469421,47.62584767767246],[-3.471114569840392,47.6254760607633],[-3.471028412054749,47.62542665671233],[-3.470887894572397,47.625479615750315],[-3.470902063052033,47.62559623654665],[-3.471021490862335,47.625589605272616],[-3.471105278342938,47.62572945442757],[-3.470976940041559,47.625772705911935],[-3.470903152937647,47.625605207376786],[-3.470931681166084,47.62573006218914],[-3.470773533511972,47.625747874568326],[-3.470887129920033,47.62591316278096],[-3.471102907773266,47.62581989952634],[-3.471391193333309,47.625993550051476],[-3.471522991694717,47.625868823838864],[-3.471651850966005,47.62615970280513],[-3.471881610109167,47.62629144552098],[-3.471808530908989,47.626349691878836],[-3.471944500449569,47.626369235212856],[-3.471951418925519,47.62620628666326],[-3.471986679356843,47.626276579356166],[-3.472252077533585,47.62626184056649],[-3.472302788591171,47.62634933783463],[-3.472362597340635,47.626291828135386],[-3.472667957644795,47.62682578186686],[-3.472827198093887,47.62681693773915],[-3.473117675220256,47.627008525525326],[-3.473196205386998,47.62699513238023],[-3.473179850935192,47.62686057034019],[-3.473326539255054,47.62707820677464],[-3.473661191537396,47.62730346514517],[-3.473767352682943,47.6272975681829]]]},"properties":{}},{"type":"Feature","geometry":{"type":"Polygon","coordinates":[[[-3.470524676763494,47.6257887857436],[-3.470491598217446,47.625736434258485],[-3.470628655556562,47.62576494996364],[-3.470666476880747,47.62563641122507],[-3.47077135377885,47.62572993290691],[-3.470676477107175,47.62560876195328],[-3.470723208525508,47.62544360307828],[-3.470555959383499,47.62560642204118],[-3.470362554062113,47.62555394071664],[-3.470129213641309,47.6249527644666],[-3.470013249249673,47.624877920555654],[-3.469952349841018,47.624926458251664],[-3.469848758918206,47.62473351983264],[-3.469785680162323,47.62476411575775],[-3.469736064407081,47.624685588170735],[-3.469661895404653,47.62473486238865],[-3.469541887662289,47.625066652674334],[-3.469567531143109,47.62494782173781],[-3.469477912723962,47.62497989079045],[-3.46953009549458,47.62485958657398],[-3.469389966420294,47.624695770215],[-3.469310154719258,47.62480857677541],[-3.469022776932738,47.62475227867053],[-3.468965535522608,47.62461095479084],[-3.4690573327395,47.6245968278293],[-3.469058617167247,47.62449741186276],[-3.468919189707659,47.62455933940978],[-3.468741433822795,47.62441567367952],[-3.468692322570083,47.624671276952164],[-3.46859725669003,47.624658491058575],[-3.46852129966743,47.62447304920919],[-3.468540910050231,47.6246345246367],[-3.46840950015092,47.624542473939805],[-3.468322953643963,47.6247098414987],[-3.468324239442089,47.62461042554603],[-3.46825224808295,47.62467764058765],[-3.468170648537163,47.62455573103148],[-3.467993589982842,47.62463780866034],[-3.467915259172977,47.62454281150983],[-3.467754935358923,47.62454267808708],[-3.467824748471406,47.62445752161921],[-3.467615704070966,47.62449621726029],[-3.467601740892465,47.624271209170765],[-3.467499050982342,47.62419562630966],[-3.467260200694408,47.62420888154185],[-3.467079874241268,47.62426404518956],[-3.467140576740518,47.62432389580571],[-3.46698134278646,47.62433273219215],[-3.466998278005028,47.62414213478843],[-3.466839044569585,47.62415097098171],[-3.466916682141471,47.62402022432265],[-3.466731109799606,47.62392214621798],[-3.466600594040814,47.62394745118062],[-3.466626443339177,47.62372023396386],[-3.466456320098444,47.623639360848216],[-3.466488993214866,47.62390848724453],[-3.466398285596436,47.62393158307239],[-3.466390261368088,47.62408556060417],[-3.466264301895372,47.624038361865324],[-3.466163390941245,47.62419749326169],[-3.466339849676564,47.62444057887605],[-3.466457097238492,47.62441601050883],[-3.466478590921152,47.624152909866694],[-3.466712685278131,47.62432054639529],[-3.466775075121515,47.624064207576616],[-3.466909350110962,47.62439994641565],[-3.466811907360967,47.62447760414309],[-3.466983123017447,47.62456744757745],[-3.467025309112442,47.62447479342662],[-3.467188900436427,47.62450184046065],[-3.467130574923393,47.62435154479301],[-3.467255645185283,47.624281384892846],[-3.467523213329433,47.624284598573375],[-3.467396855895012,47.62445417471546],[-3.467598077309499,47.624461070223596],[-3.467525689268089,47.624745058445086],[-3.467695123605374,47.62460018547866],[-3.467816530884051,47.62471988601734],[-3.467841088688262,47.624592084575134],[-3.467870698571515,47.624725911062846],[-3.468101531611487,47.62486663217317],[-3.46817025518502,47.6247725046529],[-3.468325829225633,47.62495352767513],[-3.468396731414269,47.62487734174088],[-3.468324936149884,47.62483617001959],[-3.468549233999694,47.62492306509391],[-3.468663213119618,47.62487158195202],[-3.468614688400336,47.624802024747716],[-3.468832449439179,47.62483509415019],[-3.468890276384403,47.6246512576681],[-3.468888991639448,47.62475067362489],[-3.469041494284637,47.624796396338176],[-3.469046747173876,47.624949637392824],[-3.469241433109251,47.624902704964626],[-3.469359575699773,47.62499549133564],[-3.469403937247292,47.62492077804154],[-3.469615669750469,47.62523415211582],[-3.469722020755342,47.625119872039235],[-3.469681509333812,47.62489633760287],[-3.469761126934494,47.62489191759749],[-3.469871449282641,47.625030294340625],[-3.470005235306241,47.6250318982607],[-3.469974144157401,47.625105875083456],[-3.470301846551742,47.62549409181293],[-3.470322360174454,47.625772924447375],[-3.47040524844586,47.62579541650898],[-3.470437429208786,47.6257304104316],[-3.470524676763494,47.6257887857436]]]},"properties":{}},{"type":"Feature","geometry":{"type":"Polygon","coordinates":[[[-3.438800895042462,47.62526994528731],[-3.438804404799756,47.62518847195691],[-3.438921666670103,47.62516393124167],[-3.43887318044203,47.62509436169667],[-3.438991526586063,47.625078792040775],[-3.438920009802453,47.62492921551552],[-3.439009390601989,47.62500555664898],[-3.439122569503238,47.62483674446836],[-3.439439964986637,47.62481017631773],[-3.439675825525517,47.624661677855414],[-3.439430458791921,47.62462104942135],[-3.439439135417035,47.62469281844053],[-3.439327552864657,47.62465382856895],[-3.43932729762595,47.624762215321404],[-3.439220053183791,47.62475910986047],[-3.439276642129548,47.62467470367294],[-3.439167228799203,47.62465365590567],[-3.438948146389026,47.62471994681693],[-3.439314793433841,47.62443778825987],[-3.43926413826579,47.62435027659137],[-3.439647304715931,47.624094297123015],[-3.439620189769335,47.623870018906445],[-3.439498592768845,47.62385867581775],[-3.439544334533545,47.623684558150096],[-3.439307648680692,47.62371569848439],[-3.439230454799122,47.62362965319122],[-3.439519134520166,47.62358660894497],[-3.439545928690952,47.6234767556499],[-3.43937450758234,47.623495258773865],[-3.43947224338533,47.623309237074466],[-3.439115047939551,47.623338004912945],[-3.439218206914582,47.62319683909699],[-3.439057887225156,47.6231966662835],[-3.438981778967279,47.62311959194101],[-3.438991539219028,47.623200332187174],[-3.43883230396714,47.623209130202234],[-3.438804424017158,47.62331001220928],[-3.438680659617965,47.62328072598664],[-3.438477848098634,47.623481583163404],[-3.438485438861672,47.623544381154076],[-3.438646844016611,47.62355352589314],[-3.438581323203056,47.62367454951447],[-3.438675039145751,47.62378677551064],[-3.438766842954515,47.62377267235051],[-3.438770668019491,47.6240253304915],[-3.438608176990619,47.62400721478773],[-3.438552101315393,47.62387484709804],[-3.438402109252081,47.62418115834628],[-3.438307308814092,47.624059961013316],[-3.43821550438987,47.62407406381014],[-3.438289701494337,47.62402480954809],[-3.438185711659932,47.6240486165589],[-3.438266672356387,47.623944802372584],[-3.438000192017673,47.623950492813734],[-3.437901623732014,47.62401915529121],[-3.438008092868488,47.62434742230008],[-3.438135112433859,47.62440362264148],[-3.438063909888178,47.62458817697819],[-3.438218039420245,47.624868655710934],[-3.438163359732639,47.62507939038499],[-3.438286043623914,47.62509970599269],[-3.438178798564321,47.62509659957624],[-3.438114359163304,47.62522659397603],[-3.438201570540573,47.62528499344253],[-3.438391947144062,47.62520222790153],[-3.438647332500073,47.62521521197222],[-3.438778120957513,47.62508155153639],[-3.438800895042462,47.62526994528731]],[[-3.4387729549461,47.624928309142135],[-3.438662456841128,47.62489828977234],[-3.438663797881641,47.62479887416284],[-3.438869354815265,47.62484170369794],[-3.4387729549461,47.624928309142135]],[[-3.438781709836678,47.62356413671811],[-3.438669045697186,47.6235161750561],[-3.438839382662948,47.62348870182943],[-3.438781709836678,47.62356413671811]],[[-3.438877022767778,47.62346856006791],[-3.438843976697857,47.6234161995619],[-3.438986689479455,47.62338122129723],[-3.438877022767778,47.62346856006791]]]},"properties":{}},{"type":"Feature","geometry":{"type":"Polygon","coordinates":[[[-3.430700180363051,47.621021103650094],[-3.430763549696489,47.62088214183511],[-3.43088297193147,47.620875551586764],[-3.430829622913261,47.620986867544616],[-3.430971251370334,47.620942927806084],[-3.430986958841276,47.62085175103913],[-3.431263444199282,47.62081843062797],[-3.43074513799581,47.620729630998284],[-3.431134546043221,47.62063589330783],[-3.43128592145407,47.62067269418612],[-3.431449754217125,47.6205914043665],[-3.431486583045147,47.62045390676791],[-3.431275633325765,47.620366208029715],[-3.431472502033308,47.62033728089671],[-3.431517183800812,47.62015419483679],[-3.431394513850625,47.62013387206775],[-3.431717029976524,47.61981804873771],[-3.431576759228604,47.619762573621074],[-3.431639041620669,47.61961464001786],[-3.431330880958665,47.61949618280856],[-3.431437302472047,47.61938193726813],[-3.431415640002981,47.61920251273955],[-3.431178701467446,47.618899504298945],[-3.431053868424075,47.61886123869768],[-3.431159745680792,47.618963767491984],[-3.431035995551145,47.618934473103444],[-3.431018122629181,47.619007707503684],[-3.430883542216849,47.618888700635104],[-3.430591632010003,47.61890480993334],[-3.430495775715471,47.618774634695825],[-3.430403978316672,47.61878873139094],[-3.430473297102896,47.61892037112745],[-3.430268852625011,47.61888649792521],[-3.4302122555736,47.618970899998814],[-3.430238519252404,47.61907782268182],[-3.430372289152133,47.61907947200305],[-3.430274802976847,47.61915709945234],[-3.430275338725169,47.61938284475884],[-3.430206829015209,47.61936856320595],[-3.430438349290928,47.619626717375766],[-3.430279659060628,47.61986124899699],[-3.430367662654879,47.62003701270263],[-3.430176482896315,47.62000240715895],[-3.430145065632229,47.62018476054791],[-3.430044328375623,47.62023547405904],[-3.430090358875566,47.62039549194859],[-3.430200842840046,47.62042551949721],[-3.430231986372239,47.6203515530932],[-3.430319181162815,47.62040995859116],[-3.430240649937657,47.62042332295261],[-3.430317824693343,47.620509374328456],[-3.430175113909882,47.62054434205213],[-3.430434533640493,47.62070161599733],[-3.430248492573857,47.62082025368106],[-3.430135841891741,47.62077228372051],[-3.430021834383418,47.620823729367935],[-3.430355455145572,47.620931754331295],[-3.430484897700211,47.62089751860633],[-3.430700180363051,47.621021103650094]]]},"properties":{}},{"type":"Feature","geometry":{"type":"Polygon","coordinates":[[[-3.464919500322925,47.62219572754838],[-3.464882494745334,47.622119107793864],[-3.464725648208046,47.6220374959712],[-3.464798729232802,47.621979253915896],[-3.465035189473742,47.62205644885249],[-3.464932710697369,47.62187247669122],[-3.465100851225205,47.62182702333686],[-3.465011438441356,47.621750702049155],[-3.465113234163409,47.62170892932371],[-3.465089279919018,47.621511569465724],[-3.464443870472488,47.62136674831528],[-3.464507152376721,47.621227768228906],[-3.464324655764328,47.621264985887805],[-3.46432724208119,47.621066153713755],[-3.463970485434162,47.62087822358049],[-3.463888285406905,47.621081471830884],[-3.463581545265253,47.620755296704814],[-3.463441032691696,47.620808246910784],[-3.463463009663716,47.62087927832625],[-3.463339237378633,47.62085001819808],[-3.463273100564198,47.62074531088193],[-3.463383603906703,47.62077530703161],[-3.463493224988459,47.6206879451339],[-3.463290667587724,47.620229552544465],[-3.463259569931536,47.62030352776212],[-3.463126884431114,47.620310887038585],[-3.463107759663109,47.6204835424031],[-3.462578519978965,47.62030517476754],[-3.462513057406404,47.620426212010344],[-3.46230184827065,47.6204469563567],[-3.462186992954596,47.620381075437024],[-3.462173515536736,47.62049019828529],[-3.461965780113553,47.62042946779487],[-3.462020821929476,47.62055285353568],[-3.461899227729773,47.62054153374914],[-3.461829410286627,47.62062668684629],[-3.461731088524856,47.62058698252429],[-3.461712168917373,47.62065125061585],[-3.461520966656444,47.62061669639538],[-3.461529672327387,47.620688463918356],[-3.46131519724787,47.62068229365718],[-3.461113779900256,47.62078377432908],[-3.461110304479294,47.62086524851097],[-3.460903445498083,47.62092187409596],[-3.46089519444032,47.62118423848273],[-3.460657444060756,47.62120645117664],[-3.460602616749469,47.62097467783478],[-3.460510823524102,47.62098879817767],[-3.460475157124538,47.621135275829715],[-3.460422294342151,47.62102983129528],[-3.460318320215506,47.62105365804721],[-3.46034464521406,47.62116057383784],[-3.460188470686623,47.62130470081166],[-3.460442117585948,47.62163382722742],[-3.46030377563571,47.62170471552633],[-3.460205453023176,47.62166500994193],[-3.460217421130151,47.6217636903669],[-3.459804781816871,47.62188590890445],[-3.459593779932801,47.62179826138525],[-3.459477622850626,47.62183179384984],[-3.459048221771399,47.621485313558104],[-3.458901176064551,47.621484432525065],[-3.458706053392525,47.621197215903244],[-3.458551178250759,47.62124192466681],[-3.458589464829999,47.621447521453184],[-3.458222936836896,47.62117883511406],[-3.458257959082569,47.62135751911223],[-3.458366285488174,47.62136957806466],[-3.458169210588459,47.621506937486224],[-3.457953209581918,47.62115765818045],[-3.457860980153172,47.621388550401456],[-3.457417236792589,47.62103382838244],[-3.45745682480762,47.621140009553116],[-3.45731086758876,47.62114809749369],[-3.457318480173134,47.62121089433385],[-3.457139460118892,47.621166626712586],[-3.457050708811633,47.62131604425127],[-3.456962395846746,47.62124868776121],[-3.456928674952968,47.62152149323815],[-3.456811429363919,47.62154605207676],[-3.456900390989357,47.62183915355771],[-3.456747687335372,47.62190180187044],[-3.456688086662536,47.621850916758895],[-3.456542774233451,47.62208474859635],[-3.456438796320848,47.622108571881625],[-3.456462718852772,47.62230593345213],[-3.456366572739619,47.62228416660835],[-3.456321753689633,47.62257564887489],[-3.456402882028261,47.62291434061816],[-3.456325661752991,47.62282830659015],[-3.456194056379418,47.622844628959385],[-3.4562401675098,47.623004636319436],[-3.456104212290773,47.6229850746708],[-3.456099641734654,47.62305757763156],[-3.456001319757483,47.62301786853556],[-3.455954766389332,47.623074634849196],[-3.45572963145543,47.622870357638696],[-3.455763337315343,47.62314845812216],[-3.455703736188952,47.6230975725409],[-3.455623897957846,47.62321036984026],[-3.455615199815168,47.6231386019702],[-3.455494688330412,47.623136246514754],[-3.455554733870074,47.622970358448846],[-3.455426389605251,47.62301359290734],[-3.455312624464129,47.62295667630086],[-3.455381564809352,47.62330507470384],[-3.455258237104209,47.62305903230597],[-3.455177310795966,47.62316285831512],[-3.455080299734801,47.62302373255826],[-3.45500439199343,47.62283828176546],[-3.455095102682628,47.62281519477355],[-3.454989171822656,47.62271268788594],[-3.454900635538005,47.622753716781666],[-3.454829077295316,47.62260414982176],[-3.454638959586574,47.622578555363226],[-3.454487787127834,47.62243339788356],[-3.454404686168168,47.62251928139618],[-3.454187168575138,47.622377798146154],[-3.454037721157656,47.622467355899516],[-3.453843256497827,47.6224058761361],[-3.45385629996835,47.62251352817841],[-3.45375232002181,47.62253734906673],[-3.453487388219752,47.622335272033894],[-3.453225037925382,47.622485268153646],[-3.453248088851345,47.62256527243838],[-3.453030574136234,47.622423787037675],[-3.452622032037942,47.62269025109507],[-3.452785785757435,47.62315983685371],[-3.452377522495111,47.62276700772403],[-3.452231560058683,47.62277508931014],[-3.452220693173304,47.622685379136264],[-3.452149770812221,47.62276155533533],[-3.452062548300174,47.622703166208595],[-3.451873058678451,47.62290331203917],[-3.451798018956251,47.62283521705776],[-3.451697297271614,47.62288594917471],[-3.451645536685962,47.62278947178519],[-3.451595258486183,47.6230360970553],[-3.450874133338484,47.62314826649367],[-3.4508484491118,47.623267093432695],[-3.451042682013488,47.623436965005965],[-3.450867150922751,47.62331121404532],[-3.450868860269152,47.62354592979457],[-3.450750520988756,47.623561511497016],[-3.450554115721553,47.62337369738891],[-3.450598037541548,47.62351576487397],[-3.450095968174325,47.623561616680675],[-3.450011772057853,47.62363852598478],[-3.449632237008302,47.623262160565396],[-3.449465399677793,47.62320817580233],[-3.449361181559278,47.62334037962576],[-3.449321519523945,47.62378510107345],[-3.449244074302271,47.6238074492289],[-3.449227781203332,47.62367288362069],[-3.449122710746753,47.62368772933232],[-3.449073126389059,47.623609192927056],[-3.449106888745344,47.6233363900121],[-3.448940287428712,47.62317401764553],[-3.448868273602694,47.62324122078717],[-3.448797817727494,47.623100621216864],[-3.448736901059069,47.62314914789383],[-3.448646423363724,47.62306384308286],[-3.448668240544883,47.62269235866069],[-3.448405025706308,47.62272498599616],[-3.448479824298203,47.622901470036744],[-3.44839260557166,47.62284307817358],[-3.448390196649706,47.62293352294187],[-3.448305150033993,47.622893073119066],[-3.448330128888294,47.623099407326926],[-3.448171370027556,47.62289144434159],[-3.448066063327345,47.62301467597712],[-3.44783311920991,47.62285597302595],[-3.447769315786362,47.623211717677904],[-3.447617789489842,47.62273241968267],[-3.447487506245461,47.62264931642057],[-3.447499451063977,47.62274799809762],[-3.447322366729726,47.62283004446418],[-3.447061194324618,47.62243809229608],[-3.446861674894715,47.62266587731396],[-3.446934536483368,47.622716033339465],[-3.446843582464819,47.622847500869526],[-3.446931885306677,47.622914864955085],[-3.44673959873901,47.62287131551042],[-3.446769154768243,47.62300514746116],[-3.446644060576249,47.62307528546776],[-3.446653227362962,47.62293028028575],[-3.446559255605547,47.62292644751237],[-3.446598582959257,47.62314101911752],[-3.446469145301252,47.62317527266143],[-3.446301225740283,47.623112312306986],[-3.446373483548914,47.622936723880606],[-3.446328005716792,47.62300245742968],[-3.446312443358438,47.62254273072245],[-3.446129929571057,47.6225799199247],[-3.446183851329617,47.622694341916315],[-3.445991807864616,47.62254240435093],[-3.445885653113698,47.62254827608294],[-3.445761160098836,47.622844157989825],[-3.445900126167162,47.622999031770746],[-3.445820509417594,47.62300343551528],[-3.445872017740006,47.6232083023284],[-3.445723881901158,47.62319843363129],[-3.445577801862227,47.62276398837521],[-3.44549275764763,47.62272353650103],[-3.445409641765857,47.62280941360024],[-3.445525324518332,47.6229926688789],[-3.44536053389493,47.62350752571924],[-3.445506499373642,47.62349945272307],[-3.44556042072475,47.62361387494845],[-3.445453178227273,47.62361077520885],[-3.445532910957838,47.62404889004971],[-3.44539345738466,47.62411078952489],[-3.445429767035205,47.62419006138076],[-3.445273786542923,47.624225781394536],[-3.445130233550961,47.62414340945637],[-3.445152187531064,47.62421444419382],[-3.445008391055694,47.624240458899415],[-3.444836481286162,47.624475743599675],[-3.444594367802158,47.62446203924435],[-3.444647202718,47.62456749075481],[-3.444529104034058,47.62447467937166],[-3.44450340504554,47.62459350483396],[-3.444411846255853,47.624499225725074],[-3.444331982069494,47.62461201522326],[-3.443688515668346,47.62459340855051],[-3.443549305200492,47.62454691903869],[-3.443549551865908,47.62443853226515],[-3.443356177337599,47.62438600619395],[-3.443355586223056,47.62416026153047],[-3.443542201698004,47.624267347849525],[-3.443314347862489,47.623819359949046],[-3.443221555862702,47.62426701387318],[-3.443110466548765,47.62401125401978],[-3.443092608491807,47.62408449007615],[-3.443031933229082,47.6240246269573],[-3.44295665534231,47.624064913134426],[-3.442933960607021,47.6243190383518],[-3.442828887128682,47.624333878396584],[-3.442854093567697,47.62443182684986],[-3.442933712692275,47.624427425130705],[-3.442818624569576,47.624469912076826],[-3.442858186094586,47.62457609800662],[-3.442811865555536,47.624524472268156],[-3.442777481603701,47.62457152857724],[-3.442874463412755,47.624710664440414],[-3.442773729709643,47.624761388812715],[-3.44270871351818,47.62466564116165],[-3.442631264250921,47.62468798492215],[-3.442721735086558,47.62477329432134],[-3.442543302876508,47.62495474900944],[-3.442476206384794,47.625283577098465],[-3.442491397848495,47.62540917244102],[-3.442637368960836,47.625401103038385],[-3.442399592209444,47.62542327851677],[-3.442293182114164,47.62553753369078],[-3.44224360608621,47.625458994461184],[-3.442111490744163,47.62569207435979],[-3.441920033142399,47.62576587484321],[-3.442187607188507,47.62576914656083],[-3.442102896979098,47.62606282345421],[-3.441671487737409,47.626140855702204],[-3.441691267958471,47.626193948818106],[-3.441643862164538,47.6261333515598],[-3.441458078001605,47.626143620092826],[-3.441541788894468,47.62628349040525],[-3.44117998355687,47.626384766780426],[-3.441244999100125,47.62648051519771],[-3.44092433998532,47.626480174915294],[-3.440977169648586,47.62658562797627],[-3.440788129248391,47.626568982128695],[-3.440463456412688,47.626866887195625],[-3.440019021602486,47.6268372600169],[-3.439982210348571,47.62697475985414],[-3.440030953551412,47.626935942244735],[-3.44006508769604,47.62699727343085],[-3.440198046472273,47.626881553750316],[-3.440507607104346,47.62690057158912],[-3.440544490651881,47.627205589199896],[-3.440773925190992,47.62744577963037],[-3.440649392419969,47.62774165534248],[-3.440356930423502,47.627974562133886],[-3.439938519960402,47.62816024113847],[-3.438796971576666,47.62833168442496],[-3.437914586284539,47.62832624248725],[-3.437222590416307,47.62823803037823],[-3.436569586120108,47.62803025777655],[-3.435947988950275,47.62764012727706],[-3.435539257251661,47.627021495835834],[-3.435597726862739,47.62662090279722],[-3.435770505789488,47.626502989757064],[-3.436198674372252,47.62639806587095],[-3.436308612860391,47.62620234308734],[-3.437481826749671,47.626182700291636],[-3.43615505019125,47.62614760652186],[-3.436215159216609,47.62598172866039],[-3.436126864826287,47.625914356579415],[-3.436246297656716,47.62590776086401],[-3.436136882993944,47.62588671027141],[-3.436100847784942,47.62569904890933],[-3.436396306941795,47.625601452656376],[-3.436447480777463,47.62547219211737],[-3.436255193553058,47.62542862546944],[-3.436329394348997,47.625379372487004],[-3.436215644530916,47.6253224373501],[-3.436260052734546,47.625247736663354],[-3.436055842236179,47.62510548698131],[-3.435987061612751,47.625199595582046],[-3.435846772286592,47.62514412574738],[-3.435883068462943,47.62522340052835],[-3.436066682448395,47.62519519854569],[-3.436156059612694,47.62527154185213],[-3.436007919845632,47.62526166084262],[-3.436079428914843,47.62541123912524],[-3.436011731959153,47.625514318880285],[-3.435870095522788,47.62555826462788],[-3.435685658854915,47.62546910843935],[-3.435695414550819,47.62554984886335],[-3.435600355017851,47.62553703611986],[-3.435544843289102,47.625630411647755],[-3.435292971841001,47.62553594758606],[-3.435389935893764,47.62567508959415],[-3.435188450433176,47.62577652528973],[-3.434500827202634,47.625724181588325],[-3.434595067870536,47.62561963737002],[-3.434464797854868,47.62553651970587],[-3.434468867793106,47.62568079107377],[-3.434337248709024,47.62569708879031],[-3.433913949255702,47.62562111721719],[-3.433669932856113,47.62548106118203],[-3.433393410434693,47.62507186920347],[-3.43347546558562,47.62497702957507],[-3.433389076152488,47.62503598447682],[-3.433356034495257,47.62498362246041],[-3.433314873121019,47.625085235600025],[-3.433128543131007,47.62486974625969],[-3.433226303215503,47.62468372991893],[-3.433032390495971,47.6244054420782],[-3.433233607268918,47.624412396788664],[-3.433302926669726,47.62410151623781],[-3.433160475995819,47.624028100770985],[-3.433283423073938,47.623940034865775],[-3.433091143950782,47.62389646297467],[-3.433066223624746,47.62369012559606],[-3.432862574328591,47.623773615001916],[-3.432958434561017,47.623461269589335],[-3.433124708144767,47.62328953310899],[-3.432959786187934,47.62336185397213],[-3.432883954813359,47.62317638884236],[-3.433118742886315,47.62301893230117],[-3.432956256839117,47.62300080872507],[-3.43290074312284,47.62309418311804],[-3.432688965944956,47.62288912901951],[-3.432620182241842,47.62298323574474],[-3.432507524864326,47.62293526812511],[-3.432436304822089,47.623119819169986],[-3.432598253267782,47.62335471710596],[-3.432432247020001,47.62341806602523],[-3.432191224855723,47.62341330715031],[-3.432075317010654,47.623338425522405],[-3.431954535917274,47.62344443258805],[-3.431820755030887,47.62344278508285],[-3.431773633453799,47.62327379692088],[-3.43153396627693,47.62316962107598],[-3.431503363886975,47.62346933254746],[-3.431213595165083,47.62350338577514],[-3.431086585028929,47.6234471778808],[-3.431046503665551,47.623557761511215],[-3.430755651074283,47.62358284239105],[-3.430490527971628,47.62348910011447],[-3.430458299919839,47.62355409525251],[-3.430335622560158,47.62353377140676],[-3.430173945071867,47.623633001976856],[-3.430101097980581,47.62358283552022],[-3.430108678903928,47.62364563405169],[-3.430050184659288,47.623603706613956],[-3.429900693323915,47.623693233421776],[-3.429719521841959,47.62363098138905],[-3.429862241175389,47.62359601427751],[-3.429866847411698,47.62352351236755],[-3.429765569953438,47.62334848072864],[-3.429625291956951,47.62329300336874],[-3.429659136955052,47.62346272451309],[-3.429539708781355,47.62346931350128],[-3.429422170977367,47.62360223161338],[-3.429417564130334,47.62367473350287],[-3.429694065088737,47.623641416855314],[-3.429354168910572,47.62425621268128],[-3.42942240931761,47.62437888144983],[-3.429301620602074,47.62448488571532],[-3.428989636108793,47.62455628244459],[-3.428894579954945,47.62454346423709],[-3.428927893316692,47.62448744078929],[-3.42888130988019,47.62454419626564],[-3.428610494523281,47.624513980378396],[-3.428347535983399,47.62443817574002],[-3.428442341106625,47.624116862908444],[-3.428399005618422,47.624200531897856],[-3.428207812225348,47.62416592320557],[-3.428412025093515,47.62386566839578],[-3.42835244924155,47.623814768879],[-3.428214059038637,47.623885619082394],[-3.428155566019095,47.62384369070099],[-3.428296121567542,47.62379078303494],[-3.42827419019175,47.62371974511533],[-3.42815909192944,47.62376221763148],[-3.428176165573698,47.62357162582387],[-3.427907520786388,47.62355935076548],[-3.42788855940725,47.62362361327379],[-3.427855524019553,47.623571249663435],[-3.427712524622274,47.62371460110764],[-3.427710638264891,47.62358827184125],[-3.427589847939177,47.623694274379574],[-3.427419783940401,47.62361334441361],[-3.427336114237027,47.623473463790326],[-3.427470977605276,47.62348408767608],[-3.427434695103675,47.62340481021059],[-3.427619389862747,47.62338559272565],[-3.427668417681241,47.62323839339943],[-3.427398412709837,47.62332553273061],[-3.427363212944604,47.62325522648201],[-3.427475063130141,47.62318584100393],[-3.427204255460135,47.62315562183503],[-3.427337755909966,47.62326566143668],[-3.427244867453058,47.62327078437017],[-3.427182288727401,47.62352710214562],[-3.427081822445192,47.623469426223714],[-3.426871669965512,47.62349907770962],[-3.426520440859649,47.62335588968607],[-3.42655403713801,47.62319148007663],[-3.426444631865212,47.62317042037555],[-3.426457381988302,47.62294394373836],[-3.426292214819934,47.62268212346368],[-3.426319035754388,47.62257227315343],[-3.426438700480927,47.622899819210964],[-3.426505892760156,47.62257099993848],[-3.426342327986691,47.622543895899994],[-3.426426036968505,47.62224125865208],[-3.426352112968847,47.62218211856192],[-3.426270049459331,47.62227695332186],[-3.426164456973991,47.62206603340282],[-3.426037173365102,47.62211820684563],[-3.426266565425089,47.62191590767272],[-3.426129541685456,47.621887339860635],[-3.426119801126447,47.621806598486245],[-3.425960285548729,47.62192376583858],[-3.42517089380338,47.62191310569938],[-3.424824577289667,47.62158902377608],[-3.424665117454429,47.621263670501214],[-3.424417899288972,47.62109668098217],[-3.424475078504436,47.620795507949],[-3.424352409761891,47.62077517779008],[-3.424282532132576,47.62086030842198],[-3.424284981802998,47.62076986405882],[-3.424113564100046,47.62078834480999],[-3.423998755188793,47.62072242635409],[-3.424074615038622,47.62046537843294],[-3.423841180058609,47.62052340134283],[-3.423871759265419,47.620666210534026],[-3.423823583430501,47.620488247633574],[-3.423776711266975,47.620653388135814],[-3.423757237745492,47.62049190488823],[-3.423595844400208,47.62048273955865],[-3.423469204731681,47.61987561715072],[-3.423421537725002,47.61992339928657],[-3.423242837981818,47.61977069269577],[-3.423085485641121,47.619905798843014],[-3.423098466478568,47.62001345445027],[-3.422898421889245,47.6195729343118],[-3.422803376070981,47.619560111114254],[-3.422804168991547,47.61967746941637],[-3.422742439817983,47.61960862431903],[-3.422704507386026,47.61973714791382],[-3.422530426170486,47.619511938441676],[-3.422501435717315,47.619603845438995],[-3.422439707019264,47.61953500017906],[-3.422426940666783,47.619761476773675],[-3.422323241802104,47.61967688272312],[-3.422260643659948,47.61993319833402],[-3.422259851930382,47.619815840043614],[-3.422148292120215,47.619776833663416],[-3.422162932741308,47.61967668671861],[-3.422268002794604,47.61966186523012],[-3.422174618621483,47.61944123883155],[-3.42221168223599,47.61963787640069],[-3.422030533482525,47.619575612311806],[-3.42209305305851,47.61976181608845],[-3.421955246024004,47.61961588504387],[-3.422033487810794,47.61971091324142],[-3.421928417595861,47.619725734518546],[-3.421867189695912,47.61988263424597],[-3.421915358462792,47.62006059800865],[-3.421813822871728,47.6199939461415],[-3.421809206003616,47.62006644786488],[-3.421701972016022,47.620063326311644],[-3.421638080831957,47.619976538017475],[-3.421656466256652,47.62012905034793],[-3.421547360505794,47.6199995990562],[-3.421565745679268,47.620152111399136],[-3.42135344029712,47.620163810379],[-3.421367499157585,47.62028043747962],[-3.421225864554761,47.620324365586676],[-3.421201197126476,47.62045215748567],[-3.42115735605786,47.62031007873224],[-3.421125907806214,47.62049242966504],[-3.421208767136282,47.62051495669536],[-3.421085223519337,47.62081978390864],[-3.421237382018662,47.62097395604299],[-3.421194037789919,47.6210576224939],[-3.421147741255232,47.621005988072476],[-3.420977403110914,47.62103343553204],[-3.420928066291479,47.62128901911849],[-3.421201434587176,47.622005459387346],[-3.421298647327884,47.62203622648789],[-3.42129245031318,47.621874011776],[-3.421321941994883,47.62200785022791],[-3.421445693917436,47.622037154863236],[-3.42106786218411,47.62233793142638],[-3.420956297974416,47.622298923958056],[-3.4208731432873,47.622384783610855],[-3.420741821142795,47.62229267919398],[-3.420714988872585,47.622402528238986],[-3.420617775801227,47.62237176065842],[-3.420571185376287,47.62242851288185],[-3.420598512815732,47.622544408854274],[-3.420485867167405,47.62249642962871],[-3.42059389407653,47.62261691043468],[-3.420485573684649,47.622604816457105],[-3.420509656953158,47.62269379850354],[-3.420410280788597,47.62264508813063],[-3.42043702082401,47.6229777577489],[-3.42060216018992,47.62323958626322],[-3.420524410333831,47.6233703021664],[-3.420334600155665,47.62323626509299],[-3.420406263003077,47.62371998475018],[-3.420300103101894,47.62372583322375],[-3.42033912550431,47.62360628198248],[-3.420150396265606,47.62348121593587],[-3.419933163005128,47.623673800609275],[-3.420059278870466,47.62405518088294],[-3.419909769516597,47.624144694881736],[-3.419929035307033,47.623972046941475],[-3.419822874852308,47.623977894980534],[-3.419781688494125,47.62407950340206],[-3.4197242831386,47.624046542115074],[-3.419770285989523,47.62420656375749],[-3.419866715381416,47.624119973967254],[-3.419884015887701,47.62426351494154],[-3.419095271487033,47.624812689951995],[-3.418960406429906,47.62480205640232],[-3.418963353265978,47.62493735704632],[-3.418756433826986,47.62499390785507],[-3.418733920546653,47.62513964156014],[-3.418618027832134,47.62506474664497],[-3.418595514144075,47.625210480318074],[-3.418524837930474,47.62517824931897],[-3.418480404967712,47.62525294326352],[-3.418426540009149,47.625138508639466],[-3.418370998655688,47.62523187602222],[-3.418239375766457,47.62524815560226],[-3.418242320799639,47.6253834562334],[-3.418098508069553,47.625409437791944],[-3.41812996955937,47.62522708813515],[-3.417989400154422,47.62527998352767],[-3.41789788701955,47.62518568367322],[-3.41774590992303,47.62536563886958],[-3.417771070823901,47.62546359267911],[-3.417902694387148,47.6254473136286],[-3.417923531690077,47.62550938210912],[-3.41785393645443,47.625486122032015],[-3.417744713668636,47.62579918547957],[-3.418028614400685,47.62549456447905],[-3.417957340888411,47.62567910644901],[-3.418155503754992,47.625993304404574],[-3.41809179717033,47.62624064563145],[-3.417699565098777,47.62653317013159],[-3.417937058364,47.626619431547624],[-3.417775348483824,47.626718644796235],[-3.417911299150074,47.626738251021095],[-3.417865484206841,47.62691235993647],[-3.41798786600311,47.627041083419265],[-3.41789545355262,47.62727194335213],[-3.418037891885861,47.62734537731258],[-3.417924939699344,47.627405782290126],[-3.41805548696416,47.62738053176951],[-3.418024322458844,47.62745449465838],[-3.418155950854032,47.627438215339176],[-3.418196546583887,47.627553380766],[-3.418549159551302,47.62759717827863],[-3.418650597726176,47.62810635013374],[-3.418406797928115,47.62830039323483],[-3.418388606770422,47.62848201184413],[-3.418243704668545,47.62849902223523],[-3.418148047550678,47.62870296827917],[-3.418040796427049,47.62869984337819],[-3.418130153676054,47.628776200338336],[-3.418043741147321,47.62883514377379],[-3.41807184903455,47.629068397722705],[-3.417987896688062,47.629036897260015],[-3.417982192778091,47.62910042718916],[-3.417712142343688,47.62918754386464],[-3.417775440123417,47.629491106775994],[-3.417621587665646,47.62954473237304],[-3.417637320470758,47.62945355780631],[-3.417473739111418,47.629426441444146],[-3.417289800742215,47.62956300056819],[-3.417532229857578,47.62946837505411],[-3.417508630353945,47.62960513687951],[-3.417374834474995,47.62960347283312],[-3.41732006764946,47.62981419722817],[-3.417194918812291,47.62988430344279],[-3.417231190509507,47.629963583824015],[-3.41737609690988,47.629946574701776],[-3.417384744746772,47.630018345159584],[-3.417196960847968,47.63034476295956],[-3.416901741142789,47.6303339240232],[-3.41678199497545,47.6304488863245],[-3.416816104651375,47.630510224190935],[-3.41704388576502,47.63051574545762],[-3.416885405147996,47.63064187119686],[-3.416971521217955,47.6306913150414],[-3.41692708149217,47.63076600818281],[-3.416183128135682,47.6314662125282],[-3.416085901169096,47.63143544131929],[-3.415690681007389,47.631592658046955],[-3.415721244748569,47.63173546855765],[-3.415954737589854,47.63167746221251],[-3.415911376388662,47.63176112624165],[-3.416032986374113,47.63177249383984],[-3.416027279844965,47.631836023583816],[-3.416328992724607,47.631900692571136],[-3.416330550464809,47.632135407764565],[-3.416089966259498,47.632356359544474],[-3.416124076359141,47.632417697552555],[-3.41634321870387,47.632351449718065],[-3.41646128579728,47.632444289217666],[-3.416413601292495,47.63249206818392],[-3.416587221041896,47.632491541451536],[-3.416520256760922,47.632711967086614],[-3.416644030865177,47.63274127664797],[-3.416607155323453,47.6328787686937],[-3.416805336972294,47.633192967773006],[-3.41674191668249,47.633331921131145],[-3.416657958414746,47.63330041978196],[-3.416546072971911,47.63336979453871],[-3.416696871963725,47.63362338649587],[-3.416416766701471,47.63373814450136],[-3.416513998053524,47.63376891539829],[-3.416550925539231,47.63440806928091],[-3.416627318883138,47.63437677163344],[-3.416691219157407,47.63446356202481],[-3.416967483256131,47.63453866184308],[-3.417196843204956,47.63477889766414],[-3.417474490406994,47.63475458142245],[-3.417681931684551,47.63492377672387],[-3.41794414427186,47.63488224755492],[-3.418197893354017,47.635103077246455],[-3.418392660999841,47.635056229829324],[-3.418585752200369,47.63521718305707],[-3.418691935146443,47.63521133617633],[-3.418562152854357,47.635353944689044],[-3.418671579991062,47.63537501164123],[-3.418806768670483,47.63527725935655],[-3.418947066918878,47.635332749366384],[-3.419802823942555,47.637443987833166],[-3.420325212941352,47.63811962134241],[-3.421144840970999,47.638489894639456],[-3.423474656298943,47.63908400668689],[-3.425141627390726,47.63983201089668],[-3.42659842520024,47.640609641763525],[-3.426932162724809,47.64071767540228],[-3.426982532817718,47.64091357749713],[-3.427170536875189,47.64092127439849],[-3.427113911554728,47.641005674010955],[-3.427383726869442,47.641026921947265],[-3.427312464963609,47.641211468142465],[-3.427518355306268,47.64114593148925],[-3.427660843911153,47.641219353187594],[-3.427660564897928,47.64132773898526],[-3.427809026429501,47.641229244702025],[-3.427662451763831,47.64145406709438],[-3.427805220110749,47.641419102818446],[-3.42781171790001,47.64147292976284],[-3.427606909588885,47.64154743808072],[-3.427670836305465,47.64163422214289],[-3.427709855290737,47.64151466954602],[-3.427716352995444,47.64156849649305],[-3.427802775458566,47.64150954629103],[-3.427812522160194,47.64159028670334],[-3.427960705736654,47.64160017802351],[-3.42790247202314,47.64144986411381],[-3.428041991191046,47.64138798607824],[-3.429210657439131,47.64154931347185],[-3.429285694651432,47.641617422303966],[-3.429227437062182,47.6419096233113],[-3.429481816886511,47.64191365616792],[-3.429353405946186,47.641956861550284],[-3.429466908551036,47.64212218863733],[-3.429547638443258,47.64212676722218],[-3.429531389418254,47.6419922001448],[-3.429706123238967,47.64200062505609],[-3.429704765078597,47.64210003967787],[-3.42983859267177,47.64210168959084],[-3.429796328081949,47.64219432945588],[-3.429943430364214,47.64219524712283],[-3.430301019405152,47.64250063597642],[-3.430299662340319,47.64260005057927],[-3.430176941256927,47.642579726766975],[-3.43013251011494,47.642654424471054],[-3.43023626600913,47.642739010583604],[-3.43021160979714,47.642866802905424],[-3.430027657699407,47.64300338113486],[-3.430126806540257,47.643160468512185],[-3.43031842727131,47.64311584022276],[-3.430210788270719,47.643191960019834],[-3.43038119239523,47.64316449940811],[-3.430322974558496,47.643114781159085],[-3.430685699443299,47.64303030178676],[-3.430726879665486,47.64292869051686],[-3.430836327135971,47.64294974599156],[-3.430775644172923,47.642889877090475],[-3.430869649949639,47.642893722523226],[-3.43087208946735,47.642803279051634],[-3.431001312507144,47.6428774288591],[-3.431002668271883,47.64277801426245],[-3.431129996303415,47.642725835965315],[-3.431780449566879,47.64268995261067],[-3.432528973435609,47.642802179893465],[-3.432715632374419,47.642909282477255],[-3.432684479119899,47.64298324868173],[-3.432754372314367,47.642898113996296],[-3.432892537399477,47.6429356448292],[-3.43283348279235,47.643110490628665],[-3.432978419916602,47.64309346226792],[-3.432977067824624,47.643192876871176],[-3.433063487106776,47.643133922827815],[-3.43323253796148,47.64320587266038],[-3.433078393478711,47.64336790392936],[-3.433145582982873,47.64348159821102],[-3.433366917504913,47.64343326102021],[-3.433321406184098,47.64349898880746],[-3.433560351221416,47.64348580311165],[-3.433598824439281,47.643583020038434],[-3.433926623094931,47.6434204356012],[-3.434278269717975,47.643455214179845],[-3.435401227869286,47.64379059328927],[-3.435492014476809,47.64421003549861],[-3.435379867298012,47.644387813542394],[-3.435503678839639,47.644417102942946],[-3.435389625989955,47.644468553201406],[-3.435556515548574,47.64452255747617],[-3.435564105866803,47.6445853549732],[-3.435469012455478,47.64457254224907],[-3.435518596269763,47.644651083576846],[-3.435633733729676,47.64460860426748],[-3.435789255213248,47.64478966875326],[-3.43594421776295,47.64474499071927],[-3.435808214598775,47.64472540566625],[-3.4358957176248,47.644675420643296],[-3.436161217249645,47.64466076399954],[-3.436282599423932,47.64478049606358],[-3.437069337813254,47.64465578218062],[-3.437105649077413,47.64473505578117],[-3.43733566226981,47.64475847955067],[-3.437620119099523,47.64467955625311],[-3.437630965917938,47.64476926676352],[-3.437724975499177,47.644773106676986],[-3.437868262728244,47.644521358901976],[-3.437658292060746,47.644442643833344],[-3.437783448152644,47.64437251622624],[-3.437729522501402,47.6442580916396],[-3.438075184382233,47.644022261142815],[-3.438624874741611,47.64403705943688],[-3.438698842617667,47.6440961910903],[-3.438919089772472,47.64403887235335],[-3.439275083507629,47.6441095200503],[-3.439289187844981,47.64422614354769],[-3.439417596200465,47.644182927296825],[-3.439392386739568,47.644084979102765],[-3.439552769185626,47.64408515145522],[-3.439513774853984,47.64420470784598],[-3.439604528563923,47.64418163314036],[-3.439577724117523,47.64429148527254],[-3.439675242676151,47.64421385106621],[-3.439684753228767,47.6444029760255],[-3.439724832348024,47.64429239062361],[-3.439845390912375,47.64429476232443],[-3.439861344341917,47.644095199801434],[-3.440081336444037,47.64414626454035],[-3.440215423016653,47.64403951689885],[-3.440337898000628,47.64416821581833],[-3.440425648970758,47.64400984171929],[-3.440547292086462,47.64402118372458],[-3.440498027745754,47.64427677253366],[-3.440671938193375,47.64416782434823],[-3.440716608351619,47.64398473702424],[-3.440813872381376,47.644015487531156],[-3.44078924091106,47.6441432819991],[-3.440891098306027,47.6441015308706],[-3.440887590490707,47.64418300346634],[-3.440961813088873,47.64413374801918],[-3.441056655217483,47.64425494193907],[-3.441089968115919,47.644198915594444],[-3.441213782353084,47.64422819894722],[-3.441267132944709,47.644116879584],[-3.441415326029118,47.64412675382683],[-3.441416160246964,47.64424411050999],[-3.441695432047885,47.64401193650571],[-3.441763726087428,47.64413459680881],[-3.441855564085693,47.64412049136942],[-3.441863662120391,47.643966517126245],[-3.441955249809638,47.64406079728311],[-3.442171151594839,47.64396758835785],[-3.442629841879227,47.644113830185795],[-3.442853341525514,47.64408341705629],[-3.442786719505723,47.64419547074663],[-3.442975822972291,47.64421211320771],[-3.443135367811718,47.644094923968645],[-3.443271372057618,47.64411450049951],[-3.443207416999682,47.64402772508661],[-3.443331479200104,47.643948620519026],[-3.443395434364977,47.64403539586761],[-3.443600230175916,47.643960859971564],[-3.443502125837839,47.643812755095844],[-3.443793575213941,47.64357087134054],[-3.444162006644745,47.64352341374691],[-3.444199904304198,47.643394884766586],[-3.444319375259405,47.64338828085611],[-3.446239958178078,47.644681910628506],[-3.44644125312761,47.644688842512686],[-3.446249733355703,47.644762649367365],[-3.445708605192009,47.644377141177],[-3.445621111847644,47.64442713355602],[-3.445664436757731,47.64434345905426],[-3.44558153010771,47.64432094965268],[-3.44547617513724,47.64444417758746],[-3.445451197326703,47.64423784504686],[-3.445093266328508,47.644040888525595],[-3.444968120621323,47.64411102397429],[-3.444789033989853,47.64406673794692],[-3.444723501919624,47.64418776372953],[-3.444814985905308,47.643839527930325],[-3.444438952200929,47.64382419063266],[-3.444450896121721,47.64392287154112],[-3.444334926526626,47.643848002874435],[-3.44430596040718,47.64393991412545],[-3.444001728262845,47.64396576149819],[-3.443948383526973,47.644077082118706],[-3.443868735168092,47.644081484484786],[-3.443828071462188,47.64396632897179],[-3.443696410136244,47.64398263708032],[-3.443535287632437,47.644307627430265],[-3.443393607510716,47.64435158187332],[-3.443372238992288,47.644506289858995],[-3.44307777351752,47.64461287380337],[-3.443050385955951,47.64449698441769],[-3.442810104928699,47.644609604156734],[-3.442798163888471,47.64451092311587],[-3.442476310924308,47.64450161609327],[-3.442506365996038,47.64441867632991],[-3.442270924718513,47.644350407687405],[-3.442134670607716,47.64443921564952],[-3.441985391113654,47.64442037130868],[-3.441935297924368,47.644558604017895],[-3.441881363182315,47.64444418135864],[-3.441690923343005,47.64452695176275],[-3.441485288315333,47.64448412762949],[-3.441469340842739,47.64468369033379],[-3.441343354797576,47.644636465225005],[-3.441361222133116,47.64456323021473],[-3.441140723786498,47.644728939175984],[-3.441198164618124,47.64476188958319],[-3.441002296325359,47.64479980376407],[-3.440929410159105,47.6447496446108],[-3.440818617490936,47.644828013219275],[-3.440865205937695,47.644771253578334],[-3.440713755559896,47.644734465574366],[-3.440836737879728,47.644646392662075],[-3.440764937285659,47.64460520442398],[-3.440572324786988,47.64467003095379],[-3.440697225030937,47.64470828587052],[-3.440572071980859,47.64477841658637],[-3.440462616918986,47.64475737025151],[-3.440518139939777,47.644663993310964],[-3.44032903563844,47.64464734687624],[-3.440204967362743,47.64472644822705],[-3.440339887004464,47.64473705713665],[-3.440084407807118,47.64472407689776],[-3.440078728527391,47.64478760738703],[-3.439870669438595,47.64483522398987],[-3.439919683168948,47.64468802115586],[-3.439816993184156,47.64461241475993],[-3.439616529651649,47.64472282813027],[-3.4395192650226,47.644692076637995],[-3.439673139141195,47.64463842262256],[-3.439446380397523,47.64464191655681],[-3.439388685567297,47.64471735091982],[-3.439119102572846,47.644587745113846],[-3.43906466210615,47.64469009243114],[-3.438957377629241,47.644686986761066],[-3.439231556076731,47.64474409145056],[-3.43896254608312,47.64484022758026],[-3.439088530502292,47.64488745525108],[-3.439100464766571,47.644986136651596],[-3.439013220207204,47.64492773845175],[-3.438930059312942,47.64501360995345],[-3.438790799718678,47.644967115261544],[-3.438868023758393,47.64505315989547],[-3.438699787710427,47.64509857493614],[-3.438609288844785,47.64501326331909],[-3.438677005519858,47.64491018309892],[-3.438554275933634,47.644889868110134],[-3.438528296849673,47.64511707661125],[-3.438349212186967,47.64507278073689],[-3.438250605333853,47.64514144275853],[-3.43835680587,47.6451355780345],[-3.438351124489644,47.64519910842617],[-3.438180975635593,47.6451181950301],[-3.438099982647941,47.6452220080197],[-3.437939596789675,47.64522183367323],[-3.438079941076307,47.64527730041772],[-3.438157991490182,47.64548070213831],[-3.437948016620373,47.645401987629626],[-3.437863768535427,47.64547888730673],[-3.437838561314445,47.64538093884354],[-3.43780064692224,47.64550946562732],[-3.437563863246682,47.64554060207638],[-3.437624556840067,47.64560046736911],[-3.437521609345095,47.6456332445697],[-3.437454407807961,47.64551955293196],[-3.43717862325107,47.64567024419941],[-3.437152332577814,47.64556332454668],[-3.437240920352008,47.645522309589886],[-3.437069427623665,47.64554080911979],[-3.436816417744585,47.64587989160464],[-3.436731343331259,47.64583943383496],[-3.436777112967589,47.64566531923158],[-3.43692205577252,47.645648286001574],[-3.436913379125384,47.64557651757388],[-3.436822621879421,47.64559959017248],[-3.436875983002726,47.64548827289391],[-3.436704490257255,47.64550677188853],[-3.436696898465908,47.645443974495684],[-3.436558463248575,47.64551483379267],[-3.436479073258091,47.64541084553621],[-3.436359596804825,47.64541744142302],[-3.436212223864699,47.64552491741646],[-3.436163984431697,47.64534696189532],[-3.436164807119372,47.64546431854115],[-3.435879521890555,47.645425881620504],[-3.435697481516368,47.64568879629155],[-3.435564992082265,47.645587738588354],[-3.435519218557366,47.64576185272393],[-3.435391066580333,47.645696679091834],[-3.435420049008638,47.645604770135506],[-3.435634884092389,47.64550260229525],[-3.435441441022363,47.64545006369339],[-3.435339313350881,47.64560019561646],[-3.435337408164038,47.645473867904364],[-3.435142353535763,47.64562912888963],[-3.435025309032155,47.64554527997974],[-3.43492127580256,47.64556908381905],[-3.434857332580491,47.645482303901844],[-3.435084359151989,47.64537043329409],[-3.435181622461577,47.64540118846718],[-3.4351718639138,47.64532044883002],[-3.43497382079172,47.64534041075241],[-3.434906096417124,47.64544348880321],[-3.43460021265227,47.64523459836036],[-3.434670105739125,47.64514946262871],[-3.435013090224974,47.64511247035234],[-3.434913923373,47.64495538728122],[-3.434557399721552,47.64510149753627],[-3.434583660676052,47.64476590430258],[-3.43430488506196,47.64478128999806],[-3.434334134340275,47.64458099564357],[-3.43418160490635,47.64453522808691],[-3.434000909432657,47.64469872570252],[-3.433744347933081,47.64467676051615],[-3.433977059937877,47.64450136182435],[-3.433954028429059,47.64442135464611],[-3.43379147692881,47.6444032324326],[-3.433866790425403,47.644362952586555],[-3.433735391768602,47.64427086382715],[-3.433829400191357,47.64427470687587],[-3.433831834755741,47.6441842634075],[-3.433770880410505,47.64423278174889],[-3.433680390893325,47.64414746627605],[-3.433575275799249,47.644162297844],[-3.433593153636907,47.644089064003886],[-3.433360709619681,47.64415607632319],[-3.433342831440565,47.644229310125205],[-3.433208182235227,47.644110307485704],[-3.433072997561593,47.64420807598585],[-3.433127449028191,47.644105731434806],[-3.432993616307509,47.644104085290614],[-3.432970586444653,47.64402407790199],[-3.432754668361631,47.64411726982319],[-3.432818606528541,47.64420405095267],[-3.432664726771072,47.644257695953236],[-3.432688562727176,47.64401254645455],[-3.432612165010413,47.64404385444778],[-3.432552831715714,47.64388457194566],[-3.432429023029395,47.643855279410225],[-3.432519779208238,47.64383221020329],[-3.432419268929106,47.643774539478244],[-3.432465865389882,47.64371778315547],[-3.432139414129593,47.6437809489114],[-3.432126409271467,47.64367329563143],[-3.432064370232757,47.643712841988695],[-3.43180483383222,47.64355557353337],[-3.431869581212262,47.64331719815815],[-3.431792370969539,47.64323114882153],[-3.431489220429149,47.64326593473592],[-3.43161085994895,47.64327728604904],[-3.431440997018919,47.64353049093863],[-3.4314344953183,47.6434766642537],[-3.431331548118745,47.64350943603671],[-3.431427181391826,47.643305480763225],[-3.431166021479681,47.64335601113034],[-3.431170083858551,47.64350028128292],[-3.431088268191369,47.6434867327049],[-3.431164394096287,47.64356381137897],[-3.431074721345421,47.64359585065346],[-3.431154370033902,47.64359145700757],[-3.431076888461378,47.643613792887535],[-3.431129715626702,47.64371924946646],[-3.43103787548466,47.64373334647828],[-3.431091786256656,47.64384777418405],[-3.430920296778582,47.64386626470513],[-3.430926798007999,47.64392009140776],[-3.431086096364124,47.643911304264805],[-3.431114541214545,47.64403616760351],[-3.43093871696266,47.644018773691066],[-3.430820864771089,47.644260077438275],[-3.43075720252493,47.644064909573544],[-3.430594107057018,47.64426355419378],[-3.430363825419727,47.64434850278123],[-3.430272257717335,47.644254213553594],[-3.430184750114664,47.64430419437607],[-3.430156307297006,47.64417933082844],[-3.429998091376309,47.644197087826846],[-3.430118923327706,47.64409108392205],[-3.430018415155713,47.644033411139546],[-3.429654300945927,47.644116708633554],[-3.429629109437274,47.644018758330425],[-3.429713367083333,47.643941864532586],[-3.429810624693324,47.643972624199314],[-3.429830948962247,47.64380894752549],[-3.429516685596802,47.643862402694324],[-3.429547843755432,47.64378843736835],[-3.429644017668755,47.643810226045986],[-3.429589026729325,47.64368682653957],[-3.429208389620523,47.643743941368456],[-3.429319197087506,47.6436655837254],[-3.429224106814968,47.64365276591279],[-3.42919350011238,47.643509959819234],[-3.429072391480342,47.64372434846507],[-3.429011709615446,47.64366447867199],[-3.429224658513182,47.6434359945659],[-3.429312992596308,47.64306085736464],[-3.429191078144501,47.643157889356225],[-3.429026365702737,47.64312181822823],[-3.428887926324772,47.643192668522765],[-3.42878958750352,47.643152936935216],[-3.428812080921808,47.64300720265097],[-3.42865603430786,47.64304290012431],[-3.428683414499182,47.642716279001824],[-3.428840543303147,47.642689552627935],[-3.42868721778603,47.642526420984815],[-3.428731121394725,47.64222598120024],[-3.428602986199676,47.642160800003644],[-3.428413894487747,47.64214413426371],[-3.428439082880919,47.64224208492434],[-3.428288731310189,47.64221425191554],[-3.427873416198827,47.642426799777596],[-3.427934899923844,47.64260402707816],[-3.427848197194495,47.6427713630612],[-3.427798626416374,47.64269281840202],[-3.427747940411968,47.6430478165592],[-3.427632800042818,47.64309028813228],[-3.427562060755397,47.64350057678878],[-3.427564819038731,47.64285923380008],[-3.42751035817576,47.64296157582493],[-3.427449678930734,47.64290170519687],[-3.427271657460335,47.64330887738091],[-3.427223449845797,47.643130917964605],[-3.427299849416908,47.64309961347999],[-3.427223729756266,47.64302253226956],[-3.427142718633916,47.64312633777625],[-3.427140832939255,47.643000009768556],[-3.427030303958756,47.642969979675314],[-3.427197460333368,47.642915610230524],[-3.427134615731255,47.64283779712432],[-3.427232429625398,47.64265178752934],[-3.427068802934023,47.642624684789546],[-3.427113238339718,47.642549988249414],[-3.426980772955613,47.642448920648334],[-3.426678706519021,47.64249266525597],[-3.426610449255733,47.64236999603331],[-3.426580089418431,47.6425613175202],[-3.42642079435048,47.64257009852606],[-3.426398056588282,47.6423817040492],[-3.426374192462618,47.6426268524718],[-3.426205953433195,47.64267224958045],[-3.426202423291494,47.642753721794485],[-3.426074289917997,47.642688537842645],[-3.426081868816798,47.64275133601512],[-3.425919325077783,47.64273320283437],[-3.425816941457445,47.642549198340085],[-3.425735928317135,47.642653002896914],[-3.425666307318652,47.64262974768108],[-3.425703399904736,47.64282638178757],[-3.425475848808082,47.64271249173336],[-3.42533740577819,47.642783337836086],[-3.425464790688151,47.6422886516478],[-3.425365089830297,47.64234833171892],[-3.425244820234482,47.642237559340614],[-3.425374601408645,47.64209494391369],[-3.425431746124159,47.64223628785714],[-3.425510310653355,47.642222926879775],[-3.425437726102465,47.64206437225183],[-3.425562093355448,47.64187690071741],[-3.425451619024584,47.64140435484464],[-3.425035041845,47.64083127859996],[-3.424892557888995,47.640757853684576],[-3.425046949214875,47.640929961642435],[-3.424944003005897,47.64096272784077],[-3.424629809755749,47.64057365548547],[-3.424143568731414,47.64041983450419],[-3.423734589016538,47.639909551720265],[-3.422887580043134,47.639423402450895],[-3.422827703273833,47.63948088641525],[-3.420802092383117,47.63886097534749],[-3.419806953629239,47.63836490306442],[-3.419244452277207,47.63779984608995],[-3.418824832155599,47.636757317532016],[-3.418530766772534,47.63631293857813],[-3.417853467057699,47.63568195087022],[-3.417870282451367,47.63559974783811],[-3.417793888085842,47.635631046278576],[-3.417701575610085,47.635419389397185],[-3.417607284549413,47.635523919454016],[-3.417523921460135,47.63527564655529],[-3.417376838465059,47.63527471324871],[-3.417215701706914,47.63515715305943],[-3.417181888863008,47.634987429335084],[-3.416986039389878,47.63502530344781],[-3.417028320537524,47.63493266787346],[-3.416790791749074,47.634846404979875],[-3.416693859525097,47.63470724819411],[-3.416389968522884,47.63462463765333],[-3.416172630752911,47.63404056855421],[-3.416186205640004,47.63393145179455],[-3.416255811161052,47.633954712763995],[-3.416194678439907,47.6336690923314],[-3.41631161970628,47.63297631451941],[-3.416167913974539,47.63255977730936],[-3.416061736027049,47.63256562190397],[-3.416072068336304,47.63242959115023],[-3.415893044887433,47.632385260568334],[-3.415848733283597,47.63201743682078],[-3.415738233400338,47.63198739587481],[-3.415725567696434,47.63177135381508],[-3.415514599148737,47.63168362712182],[-3.415548234569158,47.63151922138513],[-3.415456715049928,47.631424919921386],[-3.416280308065074,47.63072033665154],[-3.416216412940221,47.63063354586754],[-3.416327212261527,47.630555200014165],[-3.416226744481275,47.630497514964354],[-3.416432908861716,47.63032361110232],[-3.416439695573505,47.63026905260355],[-3.416310221285729,47.63030327259635],[-3.416330279785444,47.630247983505214],[-3.41649524554665,47.63017568638154],[-3.416204350061669,47.63020073093959],[-3.416117154723143,47.630142315198825],[-3.416164058916429,47.62997717857768],[-3.416005880440502,47.629994916759784],[-3.415964206840798,47.62987077939578],[-3.415819300196303,47.62988778676721],[-3.415790898666048,47.629762918791975],[-3.415895990342494,47.62974810311303],[-3.415962045362883,47.62985283675399],[-3.415964509544485,47.62976239298434],[-3.416160340431951,47.62972452048119],[-3.416085034229838,47.629764789218754],[-3.416161118897778,47.629841878214435],[-3.41617901583111,47.629768646497176],[-3.416311731291096,47.62976134059502],[-3.416361273156179,47.6298398906529],[-3.416360494250314,47.62972253292086],[-3.41658394859307,47.629692169814874],[-3.416625145369148,47.62959056281477],[-3.416650306204817,47.62968851665248],[-3.416498312081626,47.62986846980801],[-3.416608808006101,47.62989851006787],[-3.416818813404425,47.629534746571835],[-3.417015723759021,47.62950584394484],[-3.416980533594026,47.629435534791476],[-3.417140091330188,47.629318380157216],[-3.417104901124965,47.62924807103453],[-3.417027434495175,47.62927039776345],[-3.417091930129943,47.629140415272715],[-3.416972487703153,47.62914699139133],[-3.417010440623512,47.62901847028053],[-3.417120154512122,47.62893115229424],[-3.417258272449211,47.62896870188554],[-3.417236353635819,47.6288976620834],[-3.417427556862015,47.62893228865064],[-3.417604707378636,47.62885028787357],[-3.417683553371633,47.628728545593056],[-3.41757414025038,47.62870747764307],[-3.417762997094239,47.62839003027219],[-3.417973472503969,47.62825200874921],[-3.417899549545338,47.62819286349231],[-3.418023910953437,47.628005398636795],[-3.417978991100906,47.62785434793107],[-3.417809710482816,47.62789076198537],[-3.417920501772366,47.62781241450992],[-3.417839794527248,47.62780782785739],[-3.4178731215283,47.627751807657305],[-3.417680841257301,47.6277082104834],[-3.417764009371947,47.627622353338616],[-3.417382693046197,47.62756207226368],[-3.417522487635423,47.627391819798184],[-3.417455351661158,47.62727811558778],[-3.4171400923437,47.62732256660592],[-3.417040710636747,47.627273853482045],[-3.417053201160955,47.62715576491708],[-3.416854137826746,47.62716672499212],[-3.416915388816355,47.627009828480524],[-3.417166454052325,47.626986974205124],[-3.417389115360038,47.626839251614975],[-3.417148379376647,47.62672607512154],[-3.417144656459696,47.626473416633],[-3.416975379651688,47.626509829504066],[-3.417032005624724,47.626425434173306],[-3.416898217730413,47.626423769578246],[-3.416999279735893,47.62626468095872],[-3.416870896338793,47.62630787297136],[-3.416874740470055,47.626118013729254],[-3.417055125031478,47.626062927657],[-3.417298800519406,47.62631140497159],[-3.41744291575024,47.62617703779422],[-3.41730294309382,47.62601315909145],[-3.417454324215474,47.62604997779485],[-3.417242894734994,47.625736509364714],[-3.416928725163672,47.62578993117557],[-3.416932268337441,47.625708458527356],[-3.416736753843022,47.625637945759216],[-3.416862974129877,47.62557681121448],[-3.416650646142727,47.62558850161283],[-3.416652630757741,47.62527231297336],[-3.41670138936851,47.62523350506715],[-3.416792900471716,47.6253278058567],[-3.416772365591582,47.62515735049799],[-3.416881470304663,47.6252868059073],[-3.416864177540427,47.62514326456393],[-3.41699039651169,47.62508212986593],[-3.416815720079228,47.62507368586444],[-3.41683853946948,47.62481956583451],[-3.417016156976236,47.62496331049426],[-3.416947944331677,47.62484063451572],[-3.417102564372056,47.62490436770146],[-3.417097760974832,47.62464273764011],[-3.417291410565541,47.62458692047136],[-3.417315189472134,47.62478428978461],[-3.417352357454917,47.62453841023486],[-3.417401896004064,47.624616960062724],[-3.417525951326748,47.62453788210512],[-3.417399552662172,47.62426488591899],[-3.417579930420175,47.62420979898371],[-3.417544144075332,47.62435626326135],[-3.41762700789119,47.6243787927881],[-3.41762976829018,47.624179962000966],[-3.417983738046206,47.62412434589751],[-3.417998871555109,47.62424994449446],[-3.41783392614234,47.624322243962304],[-3.418072789163734,47.62430908980855],[-3.41814838440796,47.62416043294659],[-3.418046845722333,47.62409377794487],[-3.418296815745497,47.62406194987712],[-3.418097764203371,47.62407291208903],[-3.418076927258566,47.62401084359373],[-3.418279221602083,47.62402679539649],[-3.418332599827979,47.62391548534673],[-3.418558190849622,47.62390306102635],[-3.418371924556562,47.62368754801776],[-3.418545515651427,47.62368701837247],[-3.41856340725038,47.6236137860578],[-3.418344601365882,47.62357165159249],[-3.418302927342047,47.623447514652284],[-3.418186740750726,47.6234810060181],[-3.418015909236595,47.62328270424227],[-3.417838777827302,47.62336470587801],[-3.417836914847847,47.62323837643041],[-3.417706676738121,47.623155239975915],[-3.417764976920214,47.622863041884436],[-3.417924996849461,47.622971630726894],[-3.418012779466399,47.622813271730934],[-3.417776383910693,47.62273598163707],[-3.417922351442349,47.622727943110974],[-3.417941324500215,47.62266368219155],[-3.418046103167899,47.62275725133753],[-3.418141451779034,47.62266169157234],[-3.417952432402355,47.62264500873367],[-3.417930515261637,47.62257396883058],[-3.418052104748603,47.62258533438056],[-3.418097915369717,47.62241122500449],[-3.417950867808157,47.62241029241442],[-3.417961193338151,47.6222742607819],[-3.418110700720964,47.62218474919138],[-3.417988329761354,47.622056025515796],[-3.41818737380579,47.62204506347905],[-3.418146185825916,47.622146671424716],[-3.418240452203833,47.62204214021193],[-3.418255585726447,47.62216773891001],[-3.418383958046771,47.62212454528346],[-3.418282422939286,47.622057890416826],[-3.418373148173512,47.62203483193862],[-3.418450008515271,47.62222927792845],[-3.418502303578884,47.62210899636463],[-3.418735157226045,47.62226775786466],[-3.419158408481348,47.62234378457646],[-3.418983252635897,47.622109598791404],[-3.418988954607637,47.622046068584815],[-3.41911378644888,47.6220843470192],[-3.418992494388744,47.621964595717316],[-3.419174728825217,47.62203583576939],[-3.419143568990644,47.62210979916021],[-3.419201267993344,47.6220343739145],[-3.41880701727197,47.621866441384014],[-3.418754236074044,47.621760978043895],[-3.418611514372106,47.62179593161479],[-3.418557950012438,47.62157310997294],[-3.418817934243827,47.62151363588608],[-3.418771045695841,47.62167877429214],[-3.418894307807023,47.621482336548176],[-3.419148589513207,47.6214863919448],[-3.419171588938329,47.621566402988506],[-3.419202748416915,47.6214924395696],[-3.419403850859781,47.621941936929595],[-3.419260446668765,47.62141701427075],[-3.419624422270591,47.621333748190644],[-3.419853147919929,47.62179075418041],[-3.419826117301522,47.6215664711102],[-3.420018377203466,47.62161006489041],[-3.420156677077841,47.621981743121076],[-3.420115588542349,47.62164083298192],[-3.42026263402223,47.62164176284693],[-3.420120796283175,47.6213515576077],[-3.420140648734773,47.62096213556509],[-3.420032626196951,47.62084165423754],[-3.420132881229854,47.62056520419005],[-3.420025646338483,47.620562081098434],[-3.420071154474642,47.62049635771218],[-3.419991539331065,47.620500743855246],[-3.419787685230457,47.62025007843446],[-3.419787193820003,47.62002433318223],[-3.419902290683435,47.619981868834884],[-3.419759869431772,47.619908436870055],[-3.419862778223315,47.619875674883595],[-3.419859042938044,47.6196230155923],[-3.41997738249532,47.61960746515884],[-3.419933839963463,47.619356998882836],[-3.42019892400754,47.619450765320536],[-3.420296719217883,47.61926475928651],[-3.420311856790727,47.61939035789709],[-3.420345175943246,47.61933433674935],[-3.420449952289788,47.61942790389864],[-3.420328957050959,47.619199766809814],[-3.42035578850578,47.61908991767296],[-3.420453783197714,47.61923804386786],[-3.420336913431745,47.61871165965468],[-3.420474219406058,47.61863184726594],[-3.420429794618924,47.618706542203135],[-3.420573294875107,47.618788944725594],[-3.420649168469995,47.618531898774776],[-3.420564149889159,47.6184914286631],[-3.420678161529701,47.61843999218676],[-3.420614273952603,47.6183532032603],[-3.420717472211088,47.61821205342764],[-3.420857727600345,47.61826754163051],[-3.420870118188473,47.61859197168679],[-3.420928892293856,47.6185255167793],[-3.421104629325986,47.618542925983434],[-3.421227789188999,47.618789004992074],[-3.421190729787615,47.61859236702512],[-3.421269260584439,47.618579008736475],[-3.421126344138171,47.61827983293739],[-3.421420416624277,47.61828168994039],[-3.421491959706204,47.61798875807488],[-3.421393672813324,47.617949019745815],[-3.421468958344904,47.61790874734133],[-3.421704755906327,47.618202804311174],[-3.421628388682217,47.61823410553952],[-3.421725594801933,47.61826487234423],[-3.421742689654847,47.618074280940036],[-3.421857780758954,47.618031814623095],[-3.421878619765721,47.61809388263427],[-3.421918716016105,47.61798330184071],[-3.422018084879654,47.61803201104664],[-3.422126607496096,47.618378236170244],[-3.422029901814717,47.618573215137864],[-3.422256049135746,47.61834400952084],[-3.422241988844177,47.61822738241142],[-3.422364650929125,47.6182477148135],[-3.422451331019319,47.618080380782025],[-3.422597285118266,47.61807233639414],[-3.422563679876578,47.61823674529708],[-3.42270530784043,47.618192815520594],[-3.422677400037455,47.618293693935634],[-3.422783548876753,47.61828784328497],[-3.422810878999342,47.61840373898591],[-3.423031613798944,47.618129675289424],[-3.423149949121996,47.61811412162938],[-3.423038392217367,47.618075116065384],[-3.423111513284625,47.618016899984646],[-3.423252852374552,47.618081356625645],[-3.423287755545699,47.61826005137654],[-3.423169419939344,47.618275605175064],[-3.423182400549678,47.61838326086295],[-3.423070554846919,47.61845264240107],[-3.423171295363504,47.61840193485901],[-3.423407104479333,47.618695988317334],[-3.423463999412111,47.618503202472155],[-3.423358137848306,47.618400666677346],[-3.423448854675322,47.61837760421313],[-3.423515992221704,47.61849130549832],[-3.423674134119062,47.618473557041696],[-3.42367983012052,47.618410026487716],[-3.423575844709486,47.61843382055903],[-3.423499765593294,47.61835673594109],[-3.423640311309977,47.61830383372901],[-3.423788429480173,47.61831373045965],[-3.423801411347974,47.618421386076626],[-3.423950611723933,47.61844025390202],[-3.423905110116188,47.61850597886912],[-3.424010177381827,47.61849115580439],[-3.424047247097381,47.61868779288672],[-3.424142291661433,47.6187006150777],[-3.424166155340766,47.618455464083546],[-3.424271222434517,47.618440640783554],[-3.423742419663386,47.618153709916044],[-3.423823399504065,47.618049905429],[-3.424025672977648,47.61806584732768],[-3.424049250686388,47.61792908337482],[-3.424070092200756,47.6179911509982],[-3.424089056175625,47.61792688892414],[-3.424252605660319,47.61795399618241],[-3.424323847099718,47.61776944963966],[-3.424228804149732,47.61775662759031],[-3.42425511657725,47.61742103194215],[-3.424385636433327,47.61739577421724],[-3.42445904048899,47.61722917014167],[-3.424562737983537,47.6173137624019],[-3.424563023160162,47.61720537526928],[-3.424727937472776,47.61713306603475],[-3.424551121975977,47.617106690970154],[-3.424742572530104,47.61703291863096],[-3.424746103198869,47.61695144537988],[-3.42465675627888,47.61687509301725],[-3.424502947088449,47.61692872802528],[-3.424443382703896,47.61687782633351],[-3.424572819220641,47.61684359708998],[-3.424449077619763,47.61681429569009],[-3.424693600037408,47.6167375972994],[-3.424642976141354,47.61665007894555],[-3.424846611118332,47.616566603566866],[-3.424926219996386,47.616562214105286],[-3.424945695620229,47.616723697483124],[-3.425131450176208,47.61671345516494],[-3.425158270500538,47.616603604785055],[-3.425269825879199,47.61664260835344],[-3.425300175673421,47.61645128464911],[-3.425385993145426,47.61660910982422],[-3.425260602096235,47.61678761231944],[-3.425448520950076,47.616795312087454],[-3.425499146304296,47.61688283008559],[-3.42540382118302,47.61697839614022],[-3.425580636676165,47.617004769915546],[-3.42534124099411,47.61723471375652],[-3.425602561709696,47.61707580858562],[-3.425729268107102,47.61724040976662],[-3.425847600673201,47.617224853366025],[-3.425746065566201,47.61715820482076],[-3.425882277312068,47.617069414721136],[-3.425901756012614,47.61723089789759],[-3.425646928110659,47.61744363145731],[-3.426018724113852,47.61731475717213],[-3.425962921841661,47.617516515664434],[-3.426155172169666,47.61756009943288],[-3.426186838079581,47.61771187951739],[-3.426347941938218,47.61782942838779],[-3.426350344007969,47.61818150351269],[-3.426575346742285,47.61838583783185],[-3.426622489258861,47.618112308927294],[-3.426684502579973,47.618072764936926],[-3.426786040597771,47.61813941263506],[-3.426587335951151,47.61759948255321],[-3.426720300534197,47.61748377765756],[-3.426743309582115,47.61756378737406],[-3.426941252745523,47.61754383911558],[-3.42706010776814,47.617754026998824],[-3.427073936343182,47.61753652094002],[-3.427174391452579,47.61759419704425],[-3.42722205302097,47.61754641331971],[-3.427257248836495,47.61761671981678],[-3.427373416975212,47.61758321932732],[-3.427347647425623,47.61814456111296],[-3.427437524058061,47.61844665679486],[-3.427502505287346,47.61854241325047],[-3.42755369388951,47.61841315614032],[-3.427720494073056,47.61846717233381],[-3.427796300821402,47.618652641263814],[-3.427404457089983,47.618836812441444],[-3.427752690047364,47.61884469730353],[-3.427325647873011,47.61895856190175],[-3.427345411166118,47.61901165764208],[-3.427621889267178,47.61897834582031],[-3.427258744903579,47.619178995225845],[-3.426947069031563,47.61914199966205],[-3.426961941898097,47.61937598444199],[-3.426876636697648,47.619443905963465],[-3.427146622889642,47.619356767664904],[-3.427331024180341,47.61944593761647],[-3.427293662200414,47.61935768867875],[-3.427654084852484,47.61935587071832],[-3.427706356364606,47.61923558485682],[-3.42781250652529,47.619229729638086],[-3.428041293250638,47.61968672008323],[-3.427858776504411,47.61972388078699],[-3.427758841761011,47.619891950593384],[-3.427856054431933,47.61992271226919],[-3.427758563058204,47.62000033758449],[-3.427159014686042,47.620123716103414],[-3.427385670090774,47.62012024597117],[-3.427342336190691,47.62020391474026],[-3.426792613694702,47.620297450157715],[-3.426773652132064,47.62036171259267],[-3.427250255765226,47.62032639591813],[-3.427170361565982,47.620439173920786],[-3.42686272739027,47.62054645015787],[-3.426849177728693,47.62065556890959],[-3.427224520315747,47.62044521782897],[-3.427449012124379,47.6204238050541],[-3.42743546369226,47.62053292388069],[-3.427344465378136,47.620664376369305],[-3.427041440084259,47.62069915114894],[-3.427120774942335,47.620803147145445],[-3.42702680833433,47.62079929865259],[-3.427043604915231,47.62071709367006],[-3.426915242986321,47.620760296845624],[-3.42692281976132,47.620823095674844],[-3.427009209517637,47.62076414542832],[-3.427039797336851,47.6209069537723],[-3.427129434398477,47.62087491721895],[-3.427068220466247,47.62103181958023],[-3.426935528180748,47.62103913773618],[-3.42684132049542,47.62070115702016],[-3.42674843645292,47.62070627956556],[-3.426784716101464,47.62078555735408],[-3.42671187608047,47.62073538871026],[-3.42661381949559,47.62102978690636],[-3.426677720028952,47.62111657243142],[-3.426709951211911,47.621051578255276],[-3.426767357659815,47.621084536159415],[-3.426837191690342,47.62144192298291],[-3.42712695201413,47.621407880576875],[-3.427198431037652,47.621557464591994],[-3.427300255967192,47.6215157248245],[-3.427360910736724,47.621575596191725],[-3.427368208647241,47.621746781858796],[-3.427515254544641,47.621747702592536],[-3.427533133189152,47.621674468831365],[-3.427900314255802,47.62206060951899],[-3.427900592681568,47.621952222642165],[-3.428005665620212,47.6219373960091],[-3.428085004196763,47.62204139128451],[-3.427916831496114,47.62208679133953],[-3.428008635222735,47.622072696623206],[-3.428044917671286,47.62215197396465],[-3.428220668961126,47.622169372428345],[-3.428224194661531,47.622087899286775],[-3.428450581027012,47.622192813961625],[-3.428428122135257,47.62189603101501],[-3.428543216160047,47.62185355819303],[-3.428566783968473,47.62171679359405],[-3.42864856563204,47.621730344090125],[-3.428523199418148,47.62146633079297],[-3.428632878954651,47.62137900165493],[-3.428732260264374,47.621427705063006],[-3.428798883370087,47.62131565806952],[-3.428847076536895,47.621493618841754],[-3.428918030461135,47.6214174567466],[-3.429004142794437,47.621466891954746],[-3.429030957538092,47.62135704095322],[-3.429183140514347,47.62151120269242],[-3.429137366818958,47.62168531649518],[-3.429247852916763,47.62171534492547],[-3.429235686403311,47.62128252936228],[-3.429313136335515,47.62126019444553],[-3.429375958712152,47.62133800724738],[-3.429378399775403,47.62124756279978],[-3.429451243000995,47.621297729767335],[-3.429585293440279,47.621190993065234],[-3.429689006752851,47.62127558060164],[-3.429703633639255,47.621175432788995],[-3.429733938283209,47.621869146149386],[-3.429852020419546,47.62151945380013],[-3.430107386079468,47.62153245656787],[-3.430139613338052,47.621467461459176],[-3.429991759417947,47.621349185884334],[-3.429950594442471,47.621450798028036],[-3.429853377782111,47.6214200381198],[-3.429886962577918,47.62125562738832],[-3.429977407230544,47.62134094680834],[-3.43004402761465,47.6212288990996],[-3.430557195435116,47.621164458764774],[-3.43111964567294,47.62128694724771],[-3.430852905412666,47.6214010083109],[-3.430605394326726,47.62134241882522],[-3.430547712184641,47.621417849730825],[-3.430473784759328,47.621358712224506],[-3.430432620693975,47.62146032453762],[-3.430604038366549,47.621441834518244],[-3.430585080985431,47.621506097534194],[-3.430737541538326,47.62155187033065],[-3.430628948126604,47.62164817266041],[-3.430769495443287,47.62159526195824],[-3.431054649643841,47.62163371182904],[-3.431103122539829,47.62170328474308],[-3.430958242890376,47.62172031096582],[-3.431110704374978,47.62176608327013],[-3.431280228059633,47.62162126292216],[-3.431246107444953,47.62155992899967],[-3.431379883595286,47.6215615771647],[-3.431321119157398,47.62162803722768],[-3.431478996592602,47.621718665134985],[-3.43151907567933,47.62160808125168],[-3.431616022761599,47.62174722667346],[-3.431832665155087,47.6217713938929],[-3.431880326283244,47.62172360836969],[-3.431769838687675,47.621693582429856],[-3.4318551412572,47.62162565741279],[-3.432165751734147,47.62165366862236],[-3.432157894720466,47.62125673819254],[-3.432435464777219,47.621232386224484],[-3.432421657088963,47.62144989250547],[-3.432503439322017,47.62146344030412],[-3.432500458361792,47.62132813976219],[-3.432674856287308,47.621444947245436],[-3.432614464558702,47.62127669170856],[-3.432695969255771,47.62095610735548],[-3.432911525520476,47.620971301376635],[-3.432837059299971,47.62112893923955],[-3.432909637362194,47.62128749098454],[-3.432807548794352,47.62143762257031],[-3.432722516370177,47.62139716137052],[-3.432721164351153,47.6214965770853],[-3.432843569550197,47.62162528535933],[-3.432913434528659,47.62154014963924],[-3.433064813729755,47.62157694819476],[-3.432993865509617,47.62165311280282],[-3.43315201362092,47.62163535154101],[-3.433207538254886,47.62198449576832],[-3.433292839459971,47.62191656971135],[-3.433221075257319,47.62187537635371],[-3.433325063072207,47.62185157373654],[-3.433550374925033,47.62194750734224],[-3.433345902880963,47.6214711207535],[-3.433448806345742,47.62143834682249],[-3.433411981892416,47.62157584497033],[-3.433502432721055,47.62166116164644],[-3.433893743634537,47.62169374410475],[-3.433814394259403,47.62158975275695],[-3.434029953400883,47.621604944708935],[-3.433924331586882,47.62139403173375],[-3.434028584131383,47.62126184155501],[-3.433969005830324,47.62121094483516],[-3.434077326446958,47.62122302631618],[-3.434039952071618,47.621134779617456],[-3.434122817846823,47.62115729747795],[-3.434147741074306,47.62136363489955],[-3.434228439976621,47.62136821029926],[-3.434224657903898,47.6215580705715],[-3.434356001500964,47.62165015986188],[-3.434337291679175,47.621163517673295],[-3.43441717182198,47.62105073481025],[-3.434625432474048,47.621337259338176],[-3.434545287410377,47.62155842924731],[-3.434653344149149,47.6216788971055],[-3.434480843432545,47.62168842187874],[-3.434623289679123,47.62176183582344],[-3.434552343436757,47.62183800137097],[-3.434379023788216,47.6217301679027],[-3.434387162642714,47.62201871119819],[-3.434231181107605,47.622054416504504],[-3.434817465471692,47.62193173450688],[-3.434743268072788,47.621980986616094],[-3.434805015464974,47.62204982528575],[-3.434862692274434,47.62197439230211],[-3.435041696558173,47.62201869404925],[-3.434939612587951,47.62216882744224],[-3.434994593729818,47.62229222580272],[-3.435054702019964,47.62212634820963],[-3.435198234040489,47.62220873261595],[-3.435183324285598,47.621974749226254],[-3.435312766272834,47.62194050816885],[-3.435349586082069,47.62180300944747],[-3.435529936995037,47.62174789472295],[-3.435685654147727,47.62182057458474],[-3.435658294326188,47.62170468210139],[-3.435987858238769,47.62166841931313],[-3.435942630796176,47.62162576194692],[-3.436141931235838,47.621506382389065],[-3.436016004600615,47.62145915097035],[-3.436197437631967,47.62141300637948],[-3.436214220284657,47.621330800104495],[-3.436427349941844,47.621436432219326],[-3.436540268560251,47.621376009166056],[-3.43643684493046,47.62162555966949],[-3.436234292761913,47.62171802621153],[-3.436292789797071,47.621759950592654],[-3.436458786307553,47.62169659613245],[-3.436403280073691,47.62178997225266],[-3.436653489012144,47.62164971794817],[-3.436571705440667,47.62163617305686],[-3.436655917760242,47.62155927336332],[-3.436730936373318,47.62162737811669],[-3.437032052281778,47.62146624896093],[-3.437047794261805,47.62181759025029],[-3.43691726958738,47.62184286206906],[-3.436872084504538,47.62224272381669],[-3.436674127630751,47.62226268885912],[-3.436796804482203,47.622283006060485],[-3.436585056428723,47.62252047762826],[-3.436442344374635,47.62255545297386],[-3.436516280068749,47.6226145866657],[-3.436415544279791,47.62266530560889],[-3.436522784352483,47.62266841364824],[-3.436154789039116,47.62304997937245],[-3.435964416642557,47.623132741358624],[-3.435999627654547,47.623203045019046],[-3.436113634483094,47.62315159359933],[-3.436246069272878,47.623252651853505],[-3.436356823875911,47.62317428670635],[-3.436416406644668,47.62322518215677],[-3.436006691514733,47.62348261681863],[-3.435837996376073,47.62374480185518],[-3.43601618537698,47.623671744104186],[-3.436102307919481,47.62372117402136],[-3.435950658454482,47.62379276624237],[-3.436055732779447,47.62377793238123],[-3.436069824711744,47.623894557493564],[-3.436278889606075,47.623855918303406],[-3.4363736850765,47.62397711729544],[-3.436805084575329,47.623899104528086],[-3.437017921270183,47.62367060388403],[-3.437079673549884,47.62373944129131],[-3.437084269996303,47.62366693910236],[-3.437243506901823,47.62365814347256],[-3.43715144323584,47.623780632238535],[-3.437315276604897,47.62369933432084],[-3.437344290943604,47.624049942180186],[-3.437161506123362,47.624195504118326],[-3.4371845337131,47.62427551150141],[-3.437343513152759,47.62437510250735],[-3.437586967413163,47.62428940627032],[-3.437785757387487,47.624386797615976],[-3.43776086930652,47.624622979499904],[-3.437674743773386,47.62457355082862],[-3.437500891043883,47.62468249565739],[-3.437541526411168,47.624797654520854],[-3.437650939395644,47.62481870380946],[-3.437626309211134,47.62494649887979],[-3.437752245497629,47.62499372847761],[-3.437725446874261,47.62510358127549],[-3.437842709054138,47.6250790416424],[-3.438051261641228,47.62525717275257],[-3.437761228970989,47.625399628907296],[-3.437970866889491,47.62558673127028],[-3.438000144499517,47.62582895194237],[-3.43788479125526,47.6259798206779],[-3.438048372415596,47.62600690850373],[-3.438122056976634,47.62617442774498],[-3.438089836595711,47.626239424898706],[-3.437898629618468,47.62620483210629],[-3.437754048925166,47.62655599781997],[-3.43799725452499,47.626578687471614],[-3.4380877211591,47.62666400037704],[-3.438100164979837,47.626545909528545],[-3.438284609400831,47.626635061854955],[-3.43829653809821,47.62673374427022],[-3.438398364222727,47.62669199493847],[-3.438334437960564,47.626605216075845],[-3.438477159601883,47.62657023849116],[-3.438402131814466,47.626502135032496],[-3.438499619584129,47.62642450109245],[-3.438461149807692,47.62632728491629],[-3.438541856583446,47.62633185732394],[-3.438561319702828,47.62605081983656],[-3.438762799789352,47.62594937833715],[-3.438783089746715,47.62578569858057],[-3.439012449260697,47.625583374757916],[-3.439184706222234,47.625682230011556],[-3.439483413463065,47.62561153932488],[-3.440329197731657,47.6256460827528],[-3.440727555719707,47.62551569552613],[-3.440737823808574,47.625379662102844],[-3.441242339454714,47.62524340605759],[-3.441512080718871,47.62526462153929],[-3.44167749790562,47.62497551519799],[-3.441814537890047,47.62500406472321],[-3.441922032947244,47.6248987810571],[-3.441881388053201,47.6247836237238],[-3.441976697611881,47.62468804460411],[-3.441838573369842,47.62465052415944],[-3.441762709317944,47.62446506491833],[-3.441834733739801,47.62439786620034],[-3.44173533494802,47.62434917401639],[-3.441839323784784,47.62432536384893],[-3.441902168026472,47.62440316978948],[-3.441968767201973,47.62429111545623],[-3.441885558398858,47.62393447171628],[-3.441723066589623,47.62391636034513],[-3.44180944500657,47.623857399245686],[-3.4417509413407,47.623815477672906],[-3.441568169339337,47.62396104652458],[-3.441455752772415,47.62380470075582],[-3.441491473141295,47.623658229117055],[-3.441623085013779,47.623641923321735],[-3.441625004296215,47.62376825235798],[-3.441706792416045,47.62378179369592],[-3.441710297640534,47.62370032021591],[-3.441845164440262,47.623710927502714],[-3.441656051041167,47.62325176461778],[-3.441774808922178,47.62257689986491],[-3.441953571064739,47.622729577875724],[-3.441959830959944,47.62289179141451],[-3.442181072132482,47.62284343701258],[-3.44217856544858,47.62249136306239],[-3.442063730571497,47.62242546242421],[-3.442026591900031,47.622228831442726],[-3.442254589558342,47.62212591667347],[-3.442226379666702,47.62189266772127],[-3.442045449631172,47.62172204782914],[-3.44211288055879,47.6217273513039],[-3.442089011336535,47.621529986738814],[-3.441972258612096,47.6213377568],[-3.442069981413427,47.62115173272077],[-3.442020323863138,47.62063067420645],[-3.442191984260031,47.62050378018233],[-3.441820370989909,47.620081799618234],[-3.441912417565115,47.61995930693962],[-3.441763206599762,47.61994046207654],[-3.441743929243438,47.61967059473807],[-3.441664066644041,47.61978338269161],[-3.441495078594535,47.61971144418835],[-3.441455774278894,47.619496870487495],[-3.441586291069143,47.61947159356629],[-3.441564343783995,47.619400557985664],[-3.441687850348523,47.61953822825925],[-3.441572771774048,47.61958071408445],[-3.441694359471582,47.61959205503865],[-3.441882875397094,47.61982547355086],[-3.441959233019762,47.61979415910449],[-3.441841399678828,47.61959295773642],[-3.441912332538532,47.61951678767374],[-3.442010387819945,47.61966489574293],[-3.441930275861169,47.619886070908564],[-3.441994199922612,47.61997284810279],[-3.442106024214012,47.61990344849764],[-3.442336768478361,47.62004422086806],[-3.442239796547571,47.61990508422496],[-3.442442082543771,47.619920994210645],[-3.442538308937491,47.62038529171197],[-3.442524203800946,47.620268667170286],[-3.442699116941025,47.62016868573552],[-3.443081931164565,47.62101450664343],[-3.443005572454992,47.62104582180422],[-3.443050557387112,47.621196863406944],[-3.443319193762906,47.62120910364967],[-3.443407242508263,47.62138485740576],[-3.443431018921356,47.62113970281989],[-3.443489520974219,47.62118162360873],[-3.443492283010043,47.6214253108263],[-3.443292999310552,47.62154470293154],[-3.443480937505311,47.621552373664024],[-3.443469345131565,47.62178782341943],[-3.443336653218108,47.621795160206396],[-3.443240018816009,47.62199015638836],[-3.443422532600155,47.6219529716909],[-3.443423864702317,47.62185355587645],[-3.443512753336717,47.62214666750425],[-3.443610817888686,47.62229477402985],[-3.4436749939668,47.6222731633025],[-3.443702125137247,47.62249744076147],[-3.44357051672138,47.622513748909135],[-3.443546986999286,47.622650516477286],[-3.443666165190614,47.62275230003742],[-3.443575449666601,47.62277537815343],[-3.443540080807692,47.62325598214763],[-3.443694727997007,47.62331968017913],[-3.443645744295598,47.623466886223525],[-3.443802562800481,47.62354852629217],[-3.44390136857322,47.623371471984626],[-3.443871819530657,47.62323763933347],[-3.44373887779382,47.623353363412676],[-3.443816570778868,47.623222632060546],[-3.44396253571207,47.62321456099274],[-3.443969887082896,47.62338574547455],[-3.444053845869096,47.623417227353656],[-3.444311639920643,47.6233397543956],[-3.444409463966085,47.623596246987944],[-3.444567262399321,47.62324433869308],[-3.444584521854293,47.62294535758139],[-3.44448970957532,47.622824165189776],[-3.444576083169327,47.62276520201121],[-3.44449212510061,47.62273372049695],[-3.444595024155213,47.62270093676687],[-3.444640151779508,47.62230107212741],[-3.444745220753292,47.62228623043771],[-3.444968029901634,47.62203006801637],[-3.445030876001208,47.62210787236521],[-3.445045717950856,47.62189933575776],[-3.445165982809958,47.622010088914216],[-3.445060803368525,47.62158241219031],[-3.445228716654406,47.62164537437759],[-3.445166114180557,47.621459183173855],[-3.445302547688808,47.62126198366781],[-3.445498083874473,47.621332448773764],[-3.445615692379429,47.621642033212325],[-3.445547060509807,47.62118524179116],[-3.445624503475075,47.62116289605703],[-3.445660811463728,47.621242167961114],[-3.445739824438263,47.62101201930505],[-3.445663467291351,47.62104333620359],[-3.44564609851557,47.620899798818016],[-3.445743565520345,47.62082215860871],[-3.4458644310856,47.62115865613276],[-3.445926675514104,47.62101071501845],[-3.446038214112959,47.621082751849215],[-3.446068291606138,47.62096675697371],[-3.446179871374756,47.62100574047938],[-3.446376978432742,47.621861825993385],[-3.446410753461392,47.62158902361309],[-3.44647951105746,47.62149490870034],[-3.44655237068891,47.62154506499443],[-3.446649232544101,47.621241679069406],[-3.446765156276979,47.621316546313714],[-3.446823901144597,47.621250078470716],[-3.446864554009725,47.621365234292945],[-3.446922213039042,47.62128979532827],[-3.446865159931261,47.621590979262635],[-3.446936694503447,47.621740551178924],[-3.44684791368676,47.6218899609192],[-3.447071317888025,47.62185953937201],[-3.447041761735549,47.62172570741899],[-3.44716769875306,47.62177292694275],[-3.447197972985109,47.62158159805802],[-3.44736504184488,47.621527199161456],[-3.447650578547621,47.621899740386105],[-3.447505095011845,47.621691042204894],[-3.447482291737289,47.62150264980579],[-3.447571917528637,47.621470597573804],[-3.447911380089306,47.62195755954081],[-3.447818019911297,47.62217947267433],[-3.447986073703635,47.62268494951933],[-3.447978709550909,47.62251376522889],[-3.448107296047377,47.62236215204489],[-3.448041424771267,47.62214904927603],[-3.448144083193222,47.622224649321545],[-3.448229365775521,47.62215671236518],[-3.448240225846077,47.62224642293467],[-3.448420564946278,47.62219128831792],[-3.448735059511984,47.6224719134775],[-3.448753523207313,47.62262442133793],[-3.448847730490203,47.62251986545506],[-3.449075625213586,47.62296784285895],[-3.449143058412949,47.62297314227141],[-3.449107214824085,47.62267709776017],[-3.449210346098689,47.62253592307201],[-3.449344125245887,47.622537550659715],[-3.449366935532864,47.62272594259513],[-3.449376094863605,47.62258093717349],[-3.44948791502125,47.6225115305935],[-3.449731725236503,47.6227599406794],[-3.449589489946121,47.62257815831091],[-3.449658243212125,47.6224840415747],[-3.449541226656024,47.62240020620302],[-3.449600203630248,47.622225350091426],[-3.449901902835559,47.622289932680566],[-3.449862713763897,47.62251788077088],[-3.450034980924386,47.622616720177696],[-3.450032574795187,47.62270716499035],[-3.449923394973617,47.62257774038738],[-3.450078667339031,47.62286717479377],[-3.450152851819854,47.62281791296558],[-3.450073935924034,47.62249715894226],[-3.45016682084021,47.62249201785104],[-3.450266922917431,47.62221554219041],[-3.450448036685564,47.62282866790755],[-3.450557450722067,47.62284970512696],[-3.450462857674452,47.62262013068939],[-3.450514692135722,47.622165703066194],[-3.450723665781207,47.62267794354283],[-3.450674312197171,47.62249102087986],[-3.450766342610228,47.62236852137539],[-3.450926196491616,47.62258545191937],[-3.450987110526716,47.62253692408654],[-3.451020167962163,47.62258928117987],[-3.451070217011853,47.6224510430064],[-3.451168534276973,47.622490756265016],[-3.451201822981493,47.622434726407434],[-3.451241399672896,47.622540909608176],[-3.451451534834863,47.62251121426089],[-3.45149443783598,47.62209340488061],[-3.451662360316348,47.62215635780153],[-3.451828569661787,47.62198459458382],[-3.451937752889092,47.62211401744525],[-3.45198562585164,47.62195783679859],[-3.452068500471746,47.62198034191629],[-3.452116542545669,47.62226667993612],[-3.452170935121948,47.62216432535241],[-3.452266850352562,47.62229448256813],[-3.452209885007786,47.62204476337684],[-3.452351269885052,47.62210918466412],[-3.452234707962452,47.6218085781051],[-3.452415270110658,47.6216450503611],[-3.452625172867445,47.62172373983739],[-3.45263689877271,47.621930807973435],[-3.45272000166025,47.621844925692685],[-3.452803735318215,47.62198478824159],[-3.452776338252037,47.62186889978077],[-3.45285377918273,47.62184654926097],[-3.453064315519796,47.62215098281294],[-3.452969712929923,47.62192141032339],[-3.453127855184967,47.621903622015594],[-3.453232694022566,47.62199715962259],[-3.453211817040227,47.621935097335324],[-3.453292518437917,47.62193965956108],[-3.453420182009847,47.622221588210905],[-3.453402385072109,47.62174392024427],[-3.453507450512705,47.621729070667875],[-3.453773466314634,47.621940118724766],[-3.453698651569869,47.621763637987605],[-3.454088212796301,47.62211234258165],[-3.454326832198229,47.62220750119727],[-3.454374473579007,47.622159706507276],[-3.454382082853541,47.62222250350619],[-3.454630935343255,47.62218162664984],[-3.454882825176324,47.622276049171255],[-3.455197995381968,47.62278240170372],[-3.455351790587031,47.62272872643382],[-3.455614779036564,47.62280447033793],[-3.45580729437284,47.62273961827944],[-3.455678529692479,47.62244872132749],[-3.455858640128769,47.6225019621436],[-3.455865607203008,47.62233901422612],[-3.455967189759083,47.62240563640267],[-3.456051375351123,47.62232872275696],[-3.455853647011272,47.622240333384504],[-3.455902595924083,47.622093122129215],[-3.455966766783186,47.62207150464585],[-3.45595545083209,47.62219856865165],[-3.456050730576227,47.622102977921976],[-3.455988955729009,47.62203415048899],[-3.456197556964632,47.62221224947244],[-3.45625737842757,47.622154747898655],[-3.455953940633957,47.62185546587258],[-3.456127746494652,47.62174649342179],[-3.456270868358605,47.622045625826644],[-3.456205848714539,47.621398979792076],[-3.456340712578307,47.62140957035319],[-3.456355289504009,47.62130941921532],[-3.45627154760092,47.621169559164294],[-3.456420767120325,47.62118838547925],[-3.456552794975616,47.62150619474964],[-3.45664893976359,47.62152796144882],[-3.4566458976057,47.62139266153397],[-3.456790768165745,47.621375603444314],[-3.456600006805956,47.62112426721747],[-3.456695283478641,47.621028675909265],[-3.456621107521377,47.621077941938076],[-3.456601314348281,47.6210248512118],[-3.456775116183368,47.62091587775119],[-3.456720086117073,47.62079248956139],[-3.456912153818171,47.62094440962166],[-3.456883660935099,47.62081955108003],[-3.456998729993142,47.62077705019594],[-3.456840592365209,47.62079484375528],[-3.456755762590452,47.62064601303048],[-3.456812319450337,47.62056159817073],[-3.456988074868023,47.6205789533585],[-3.456908682167994,47.62047497764594],[-3.457052243467547,47.62055733526195],[-3.456998300574037,47.62044291816357],[-3.457219517973158,47.62039453521506],[-3.45719646203299,47.62031453162508],[-3.45737112925791,47.62032291525641],[-3.457549928452808,47.62047556956982],[-3.457649116432912,47.620632635410615],[-3.457581249026454,47.62084411492413],[-3.457677611006448,47.62075749377748],[-3.457863155714124,47.62085558642541],[-3.457763096903295,47.620581162792554],[-3.457894478693819,47.620673225654095],[-3.457939940299747,47.62060748752338],[-3.458078935874929,47.62076234698977],[-3.458184215018842,47.62063910618485],[-3.458123526750539,47.62057925080102],[-3.458208577118768,47.6206196935222],[-3.458255125949685,47.6205629262387],[-3.458253821498389,47.620662342286415],[-3.458395426514495,47.62061836928707],[-3.458268177866306,47.62067057788996],[-3.458292323233881,47.62075955222379],[-3.458450460273387,47.62074175669845],[-3.458314293335366,47.62083058460972],[-3.458265785773151,47.620761022962135],[-3.458175079945506,47.62078411244092],[-3.458233376348661,47.62093441285511],[-3.458516371362488,47.62095485374879],[-3.458572925765651,47.620870438049856],[-3.45853181556174,47.62097206028565],[-3.45863992523525,47.62109250598225],[-3.45873280688205,47.621087358074966],[-3.45904734914862,47.62136795562327],[-3.459215493097865,47.62132251073004],[-3.459307072580982,47.621416778386624],[-3.459321643943788,47.62131662687897],[-3.45950740786785,47.62130632990742],[-3.45948543598309,47.621235297763285],[-3.45961377268536,47.621192058804986],[-3.459545466984026,47.62106940748397],[-3.459758855493503,47.62106661003897],[-3.459916118428232,47.62093145457613],[-3.459788209958272,47.6207579198575],[-3.459953087517826,47.62068556101908],[-3.459960489814403,47.62085674471321],[-3.460064463717245,47.62083291827742],[-3.460087075427093,47.620578789282426],[-3.460228678711539,47.62053481405846],[-3.460288281289718,47.62058569739754],[-3.460278489307803,47.620504958825585],[-3.460359189147202,47.6205095161718],[-3.460259993422772,47.62035245262279],[-3.460431821937877,47.62011714472785],[-3.460531017730609,47.62027420814988],[-3.46066696766795,47.62029376467275],[-3.460664579655583,47.62038420981148],[-3.460718953925103,47.62028185114855],[-3.460912330665721,47.62033434858315],[-3.461025430401505,47.62016551478017],[-3.46117075176007,47.620482583314434],[-3.461294522004743,47.620511845746215],[-3.461384137838773,47.620479782899054],[-3.461198587967934,47.62038169582603],[-3.461299506508013,47.620222568407584],[-3.461732596229969,47.62037917939891],[-3.461688857179593,47.62012872882471],[-3.461971640001034,47.62025754840223],[-3.461949665269223,47.62018651668348],[-3.462053636978966,47.62016268846864],[-3.461937694313942,47.620087836356156],[-3.462005125151409,47.620093128350376],[-3.461978797353855,47.61998621287552],[-3.462061673125254,47.62000871092483],[-3.462020988513791,47.61989356031436],[-3.462093651563495,47.62005209401327],[-3.462364254765898,47.620190619384566],[-3.462424275646733,47.62002472753675],[-3.462513681841305,47.620101050872655],[-3.462496268068825,47.619957515926856],[-3.462749249720085,47.62006089252418],[-3.462676584711605,47.61990235923389],[-3.462838656439809,47.6201372156099],[-3.462902822139124,47.620115594293985],[-3.462798177620349,47.619913678214836],[-3.462994820397298,47.619993085006],[-3.462971341548327,47.62012985666024],[-3.463101642744287,47.620212942756275],[-3.463079666527363,47.62014191124854],[-3.463201260067164,47.6201532298084],[-3.463276723753709,47.62000454344518],[-3.463459892863615,47.62019307244023],[-3.463509759257913,47.6207141219366],[-3.463615908420705,47.620708234180704],[-3.463709671777985,47.62082044025501],[-3.463713143229077,47.62073896599392],[-3.463891284039861,47.62066586560788],[-3.464045742967437,47.62083792379524],[-3.464048125271868,47.620747478608486],[-3.464232797637994,47.62072820320149],[-3.464260628187392,47.62062731499608],[-3.464324589430752,47.62071407993143],[-3.464203878320844,47.620820120480445],[-3.464413795207812,47.62089878880253],[-3.464310027617838,47.62081423209402],[-3.464372016154807,47.620774668150794],[-3.464504498531775,47.62087569447989],[-3.464456458961068,47.62114026734633],[-3.464698358758886,47.62126231754974],[-3.46472401119342,47.621143487444535],[-3.464927397365376,47.62116832938184],[-3.465053145892226,47.621323916626466],[-3.465102068596928,47.621176701447375],[-3.465202571628339,47.62123434472638],[-3.465121870279956,47.621229790728535],[-3.465244352972097,47.621358465051706],[-3.465203255091902,47.621460089610004],[-3.465310291941249,47.621571558199655],[-3.465412087087865,47.6215297852099],[-3.465532191341034,47.62174890438364],[-3.465471291427748,47.6217974398212],[-3.465390791514196,47.62168449904145],[-3.465317509081301,47.62185112844156],[-3.465139366268375,47.621924230958534],[-3.465081326422044,47.622216452785835],[-3.464989532246261,47.622230576639765],[-3.464966463868997,47.62215057465947],[-3.464919500322925,47.62219572754838]],[[-3.416288907280114,47.63001545987503],[-3.416225012985054,47.62992866906415],[-3.41617841129358,47.629985419314394],[-3.416288907280114,47.63001545987503]],[[-3.416426901195782,47.63049552729105],[-3.416560221424228,47.630271448347045],[-3.416499568888551,47.630211571639215],[-3.416426901195782,47.63049552729105]],[[-3.41796282959279,47.62328562740546],[-3.418018369635226,47.623192260123375],[-3.417911129590506,47.623189135094464],[-3.41796282959279,47.62328562740546]],[[-3.419833982369738,47.62395922135635],[-3.419794761994409,47.62374464084167],[-3.419704820637869,47.623885058473455],[-3.419833982369738,47.62395922135635]],[[-3.419730574483038,47.62376623843004],[-3.419787193190027,47.6236818416445],[-3.419696465767502,47.62370490120162],[-3.419730574483038,47.62376623843004]],[[-3.419966485228548,47.62361777969276],[-3.420039911631127,47.62345117892689],[-3.419903673884896,47.62353996192124],[-3.419966485228548,47.62361777969276]],[[-3.42096334490435,47.62091680842952],[-3.420915471138786,47.62063045741907],[-3.420742475908055,47.62041421670379],[-3.420785234597151,47.620547324286136],[-3.420694805980034,47.62046199771351],[-3.420688813148149,47.62063391499359],[-3.420850995094316,47.62076044258983],[-3.420767054172672,47.62072894398993],[-3.420754573367061,47.62084703334211],[-3.42096334490435,47.62091680842952]],[[-3.421002187176237,47.62168229464353],[-3.421047695065083,47.62161657091455],[-3.420947239006216,47.6215588896594],[-3.421002187176237,47.62168229464353]],[[-3.421033520261527,47.620723292857654],[-3.420859239646703,47.62016394883069],[-3.420825627735987,47.62032835705718],[-3.421033520261527,47.620723292857654]],[[-3.42078805045982,47.618686802769346],[-3.420713642314507,47.61840191356689],[-3.420684356279362,47.618602207217016],[-3.42078805045982,47.618686802769346]],[[-3.426739665324557,47.64244415057064],[-3.426853722186638,47.642392708701614],[-3.426719893956029,47.64239105537004],[-3.426739665324557,47.64244415057064]],[[-3.424268466751283,47.62074368170702],[-3.424397912753008,47.620709452725166],[-3.424381683227382,47.62057488344356],[-3.42432291116386,47.620641340018814],[-3.424225699220294,47.62061057541347],[-3.424268466751283,47.62074368170702]],[[-3.42427669310927,47.61804297766427],[-3.424266956053741,47.61796223597619],[-3.424172994651597,47.61795838518163],[-3.42427669310927,47.61804297766427]],[[-3.429536202640838,47.64358136926233],[-3.429584160423147,47.64342519953692],[-3.429454662645694,47.64345943386508],[-3.429536202640838,47.64358136926233]],[[-3.42978463983731,47.643314803304776],[-3.429883254207607,47.64324614836272],[-3.42983151331326,47.64314966232505],[-3.42978463983731,47.643314803304776]],[[-3.429825562533983,47.64287906412741],[-3.429862410928502,47.64274156862382],[-3.429757297542723,47.64275639676787],[-3.429825562533983,47.64287906412741]],[[-3.429986476088168,47.64310499215437],[-3.430014383049735,47.64300411328517],[-3.429910352539187,47.643027912694485],[-3.429986476088168,47.64310499215437]],[[-3.4302988076312,47.644252749193825],[-3.430398506529188,47.64419306497195],[-3.430291223556571,47.644189951344025],[-3.4302988076312,47.644252749193825]],[[-3.42897203476098,47.62452112958394],[-3.429185714483747,47.62441000126113],[-3.42917272030129,47.624302346573835],[-3.429081719839588,47.62443380016148],[-3.428973393838682,47.624421714067175],[-3.42897203476098,47.62452112958394]],[[-3.432359667028244,47.64372364252958],[-3.432477241834817,47.64359072284444],[-3.432347745511787,47.64362496037608],[-3.432359667028244,47.64372364252958]],[[-3.430067799566545,47.62319634089507],[-3.430036119369234,47.62304456229012],[-3.429964081922162,47.62311175377849],[-3.430067799566545,47.62319634089507]],[[-3.430406850416822,47.62334922168215],[-3.430291218792211,47.62316595146608],[-3.43015174985514,47.623227832770155],[-3.430207804021309,47.62336020453619],[-3.430406850416822,47.62334922168215]],[[-3.430531693491143,47.62338748788683],[-3.430528717420833,47.623252187428335],[-3.430448015987747,47.62324760947669],[-3.43040143524928,47.6233043655955],[-3.430531693491143,47.62338748788683]],[[-3.430313197095284,47.62146691432352],[-3.430336760198653,47.62133014934023],[-3.430176172342805,47.62143835125241],[-3.430313197095284,47.62146691432352]],[[-3.430812818125566,47.621954110794],[-3.43061107373773,47.621721406896405],[-3.430624615980589,47.621612287768066],[-3.430484341653489,47.62155681139047],[-3.430441011443766,47.62164048124755],[-3.430489756713429,47.621601667513545],[-3.430673625754546,47.62190760587358],[-3.430812818125566,47.621954110794]],[[-3.431020780360365,47.623234065636176],[-3.431038654693666,47.62316083139437],[-3.430898375867277,47.62310535555817],[-3.431020780360365,47.623234065636176]],[[-3.431320296407451,47.623280753765656],[-3.431402623809647,47.62307752868391],[-3.431326526774416,47.62300044934869],[-3.431151583058515,47.623100413604675],[-3.431320296407451,47.623280753765656]],[[-3.435232290917687,47.64548870095274],[-3.435265610701537,47.64543267630482],[-3.435172684419103,47.64543780548445],[-3.435232290917687,47.64548870095274]],[[-3.433201904520789,47.623818100845206],[-3.433263919596146,47.62377855347709],[-3.433161279260657,47.623702940414134],[-3.433201904520789,47.623818100845206]],[[-3.4334586476558,47.62417419898086],[-3.433425606463735,47.62412183696092],[-3.433571575425411,47.624113778882844],[-3.433557488893136,47.62399715348229],[-3.433649294415495,47.62398305434615],[-3.433491406599082,47.62389242947803],[-3.433363858453672,47.6240529976353],[-3.4334586476558,47.62417419898086]],[[-3.433780962367959,47.62529431186319],[-3.433807769204268,47.62518445998125],[-3.433705942365303,47.625226205343395],[-3.433643109101306,47.62514839502621],[-3.433666131828789,47.6252284030637],[-3.433540198604019,47.62518116906593],[-3.433589761568556,47.62525971200039],[-3.433780962367959,47.62529431186319]],[[-3.433681518841122,47.62391805834201],[-3.433728096627714,47.623861300933],[-3.433629789815245,47.623821573022106],[-3.433681518841122,47.62391805834201]],[[-3.434020220555287,47.62196672279577],[-3.434051359694715,47.62189275543186],[-3.433969576411175,47.62187920872012],[-3.434020220555287,47.62196672279577]],[[-3.434120425707657,47.62213277968104],[-3.434203558695357,47.62204691058664],[-3.434087385129975,47.62208041779337],[-3.434120425707657,47.62213277968104]],[[-3.434807392046199,47.62560791435203],[-3.434890529340798,47.625522044922064],[-3.434739137693707,47.625485248807486],[-3.434807392046199,47.62560791435203]],[[-3.43511908239499,47.625202370838885],[-3.435076284236676,47.62506926882488],[-3.434959020806617,47.62509380568072],[-3.43511908239499,47.625202370838885]],[[-3.437537571865394,47.64543368250312],[-3.43764728591138,47.64534634598257],[-3.437545682558965,47.64527970866469],[-3.43745032828474,47.645375283149924],[-3.437537571865394,47.64543368250312]],[[-3.435708974682007,47.622234714204936],[-3.435683782390057,47.62213676409947],[-3.435623938789235,47.62219425513413],[-3.435708974682007,47.622234714204936]],[[-3.43633832823949,47.62534275500107],[-3.436508933197472,47.625206898483896],[-3.436405462614108,47.625013930448944],[-3.436365391092777,47.625124515815294],[-3.4362570620416,47.62511243648059],[-3.43636864330984,47.62515142927627],[-3.43633832823949,47.62534275500107]],[[-3.436542059119889,47.62614429542835],[-3.436397430347171,47.62605294169107],[-3.436421541694701,47.62614192029689],[-3.436542059119889,47.62614429542835]],[[-3.436415140385662,47.62420963452767],[-3.43642325109205,47.624055659076134],[-3.436201999680732,47.62410400254105],[-3.436209587855038,47.6241668006595],[-3.436367742343139,47.62414903506629],[-3.436415140385662,47.62420963452767]],[[-3.436588032394733,47.625419274517405],[-3.436551735038291,47.62533999996351],[-3.436422285602577,47.6253742423342],[-3.436588032394733,47.625419274517405]],[[-3.436121111339379,47.6218868358639],[-3.436188803483927,47.62178375585325],[-3.436108103785471,47.62177918180904],[-3.436121111339379,47.6218868358639]],[[-3.436227265848226,47.62188097300489],[-3.436407616118454,47.62182585692728],[-3.436348034919848,47.621774961435776],[-3.436227265848226,47.62188097300489]],[[-3.436872994247462,47.62600861470202],[-3.436883272253868,47.62587258165225],[-3.436803650475138,47.62587697924373],[-3.436872994247462,47.62600861470202]],[[-3.437088572103123,47.626023800974394],[-3.437045768375465,47.62589069973834],[-3.437005697522444,47.62600128527448],[-3.437088572103123,47.626023800974394]],[[-3.437679847808183,47.626605251677596],[-3.437686612331107,47.6265506918418],[-3.437594803459312,47.6265647941327],[-3.437679847808183,47.626605251677596]],[[-3.437643399079552,47.6251984238833],[-3.437681299424432,47.62506989579926],[-3.437542918350156,47.62514075700984],[-3.437643399079552,47.6251984238833]],[[-3.439900406195595,47.64441815696372],[-3.440031238579705,47.64428449645293],[-3.439902830476781,47.64432771337588],[-3.439900406195595,47.64441815696372]],[[-3.440227176761851,47.64468909750292],[-3.440205220914268,47.64461806259234],[-3.440394578239679,47.6445263235874],[-3.44010795613693,47.6445873115884],[-3.440227176761851,47.64468909750292]],[[-3.440215747539386,47.64437364491128],[-3.440296735123273,47.644269830409314],[-3.440228444282737,47.64414716925743],[-3.440140692501496,47.644305543197056],[-3.440215747539386,47.64437364491128]],[[-3.440622122724815,47.62663234258327],[-3.440584733742677,47.626544098224635],[-3.440465300024747,47.62655069837399],[-3.440622122724815,47.62663234258327]],[[-3.442455838401389,47.62500473952064],[-3.442465016896117,47.62485973481138],[-3.442384062976839,47.624963551858855],[-3.442455838401389,47.62500473952064]],[[-3.442780644787889,47.62415592365623],[-3.442990201445902,47.62390049886064],[-3.442942950531887,47.62328899683827],[-3.443142831727145,47.62339535021681],[-3.443264675685022,47.62329830267775],[-3.443210169087048,47.62295813457029],[-3.443304634970413,47.622745196309516],[-3.443313466990209,47.62226605960019],[-3.4431222708598,47.62223147528825],[-3.443143878664244,47.62196837865637],[-3.442955349658162,47.62173496243629],[-3.44281264387789,47.62176994557976],[-3.442820239496636,47.62183274334383],[-3.442683207115167,47.62180419495206],[-3.442555691606306,47.6219647733183],[-3.442596923689669,47.62230567549244],[-3.44271935455295,47.62243437336166],[-3.442594504972887,47.622396120165924],[-3.442596426509297,47.622522449267066],[-3.442694737601636,47.62256216965716],[-3.442550447009662,47.62280495510234],[-3.442823772521308,47.62318721256826],[-3.44264609144238,47.62304350703028],[-3.442495786538196,47.623015692027856],[-3.442476842913518,47.62307995692135],[-3.442594686346197,47.62328115728815],[-3.442641684758236,47.624001046255906],[-3.442780644787889,47.62415592365623]],[[-3.442816147282602,47.62168847198237],[-3.442870557100774,47.62158612170027],[-3.442808551689196,47.62162567421338],[-3.44274136911362,47.62151198420516],[-3.442816147282602,47.62168847198237]],[[-3.443333397692693,47.621768246893105],[-3.443242093091093,47.621565579797306],[-3.443148123980876,47.621561744276725],[-3.443126421268626,47.62138232212294],[-3.442901342561114,47.62117802000991],[-3.443041133429732,47.621450255380026],[-3.442989979414558,47.62157951907466],[-3.443333397692693,47.621768246893105]],[[-3.451040116858381,47.62308489135554],[-3.450987270781907,47.62297944265692],[-3.450946144513985,47.623081062112085],[-3.451040116858381,47.62308489135554]],[[-3.455906924569216,47.62267991163106],[-3.455924986107164,47.62249828665709],[-3.455836450897319,47.622539316266725],[-3.455906924569216,47.62267991163106]],[[-3.456800738449439,47.621066823740925],[-3.456711814520329,47.621054853669655],[-3.456801214273017,47.62113118133808],[-3.456800738449439,47.621066823740925]],[[-3.457296079954351,47.62080572980539],[-3.457178186581991,47.620604544019464],[-3.457000256123946,47.6205692471523],[-3.456954793393494,47.62063498491852],[-3.457296079954351,47.62080572980539]],[[-3.457469879657901,47.62069675529862],[-3.457485541799589,47.620605574961445],[-3.457382654700869,47.620638370083164],[-3.457469879657901,47.62069675529862]],[[-3.458111999166508,47.62081470212335],[-3.45817181700141,47.62075719952775],[-3.458053486034665,47.62077278865181],[-3.458111999166508,47.62081470212335]],[[-3.458615347014182,47.621220305718786],[-3.458605557445939,47.62113956703289],[-3.458512675696035,47.621144714838834],[-3.458615347014182,47.621220305718786]],[[-3.459729714490109,47.62126691318209],[-3.459705566497479,47.62117793916861],[-3.459627041504469,47.62119132328358],[-3.459729714490109,47.62126691318209]],[[-3.460785749929299,47.62061230494325],[-3.460810322674826,47.620484504710134],[-3.460711790129543,47.62055318655686],[-3.460785749929299,47.62061230494325]],[[-3.460823591301592,47.62048376905253],[-3.460908854966584,47.62041582277783],[-3.460849251986587,47.62036493975104],[-3.460823591301592,47.62048376905253]],[[-3.462513473697182,47.62020943792458],[-3.462422978972278,47.62012414365835],[-3.462433862479922,47.62021385300017],[-3.462513473697182,47.62020943792458]],[[-3.464930257256798,47.62141201608512],[-3.464861939059836,47.62128936788757],[-3.464698155045697,47.62137070454093],[-3.464930257256798,47.62141201608512]]]},"properties":{}}]}