{"type":"FeatureCollection","features":[{"type":"Feature","geometry":{"type":"MultiPolygon","coordinates":[[[[-3.493870071592303,47.65356264785677],[-3.493662171336295,47.65350197478947],[-3.493661222052474,47.65338461907197],[-3.49357594741782,47.65345258809075],[-3.493562816242757,47.653344942224564],[-3.493372570435006,47.65331941122603],[-3.493193558697431,47.65316681436714],[-3.493431292466031,47.65325292105456],[-3.493532031780679,47.653202153753774],[-3.49386022274065,47.65348191348727],[-3.493778665392247,47.65325163841163],[-3.49403748144892,47.65329141264424],[-3.493970955443384,47.653403494956684],[-3.493900196380802,47.653371310052556],[-3.493958629024173,47.653521590081404],[-3.493870071592303,47.65356264785677]]],[[[-3.493193558697431,47.65316681436714],[-3.493133888345793,47.65311594868386],[-3.493086254049591,47.653163758411175],[-3.492834150810801,47.65306941980401],[-3.492863839186422,47.653203237972185],[-3.492680158881722,47.6532315288226],[-3.492377286519531,47.65304970203126],[-3.492375246015734,47.65292337577333],[-3.491990234381066,47.65294481282275],[-3.491924001559394,47.65284012347884],[-3.492353365008035,47.65274396571763],[-3.492315576716519,47.652872509665734],[-3.492544407825321,47.65299523940419],[-3.492496773108658,47.65304304889424],[-3.492777910073322,47.65293708017436],[-3.493010025013346,47.653086720490236],[-3.493138557209307,47.65293506015694],[-3.493193558697431,47.65316681436714]]]]},"properties":{}},{"type":"Feature","geometry":{"type":"MultiPolygon","coordinates":[[[[-3.491629139760988,47.6532719850347],[-3.491164467110178,47.65329785420598],[-3.491196639167462,47.65323284333926],[-3.49108495912762,47.65319390349796],[-3.491011864045082,47.65325216105535],[-3.490986555585595,47.65315422447729],[-3.490753050434596,47.65321238012123],[-3.490420199361671,47.65311350004129],[-3.490287436020041,47.65312089004883],[-3.490341483335989,47.653235289824664],[-3.490059398602555,47.653223896910184],[-3.489974272124034,47.653183478069714],[-3.490035185569623,47.653134930647596],[-3.489927881166903,47.653131871791565],[-3.490054082578141,47.65307065905369],[-3.489911323890754,47.65310569917001],[-3.489877115750478,47.653044383393734],[-3.489662507339686,47.653038265292565],[-3.489561764652632,47.65308902926204],[-3.489367147467594,47.65302760962746],[-3.489441337600093,47.652978323621454],[-3.489280928291572,47.652978219747666],[-3.489200022817224,47.653082067709924],[-3.4890995881357,47.65291606078425],[-3.489063403672599,47.65291619299231],[-3.489147225783127,47.65286825267579],[-3.490145923174121,47.653056515727194],[-3.49047236242539,47.65299318822865],[-3.49047002347532,47.65308363243822],[-3.49059607292668,47.653130804359975],[-3.490686819708368,47.65310769009082],[-3.490638240598451,47.65303814305762],[-3.490829577891762,47.653072649027216],[-3.490745544853386,47.653041201261566],[-3.490847380122339,47.65299940678657],[-3.491558531554709,47.65313141346877],[-3.491627399278117,47.65292888827801],[-3.491878405746509,47.6530142589889],[-3.492006792627098,47.652970985151974],[-3.491852798468281,47.65313309308869],[-3.491763294957448,47.65305679352364],[-3.491756582374434,47.653111355727745],[-3.491571807875538,47.6531306743304],[-3.491629139760988,47.6532719850347]],[[-3.490243080270564,47.65319561017883],[-3.490231049580109,47.653096934445315],[-3.490122651563756,47.653084905246494],[-3.490118124657374,47.65315740840025],[-3.490243080270564,47.65319561017883]]],[[[-3.489056166779958,47.65291621943256],[-3.48875221728253,47.6529173295191],[-3.488691458010739,47.65285749102453],[-3.48857743843434,47.65290899296148],[-3.488580873998996,47.65282751931981],[-3.488858582476735,47.652803033662956],[-3.489056166779958,47.65291621943256]]]]},"properties":{}},{"type":"Feature","geometry":{"type":"Polygon","coordinates":[[[-3.507218264096611,47.652755255523964],[-3.50733469291511,47.65250490553897],[-3.507104733371793,47.6523732343653],[-3.507086092597608,47.65222073812228],[-3.506835065533481,47.652135400041445],[-3.506862831905448,47.652034503340275],[-3.506680259491574,47.65207178658253],[-3.506829701436566,47.65198216286429],[-3.506780005855123,47.65190365213002],[-3.506618503319802,47.651894601681974],[-3.506518016680278,47.651728609626964],[-3.506448229648366,47.651813788007765],[-3.506427279104375,47.651751736205505],[-3.506296714112646,47.65177708515746],[-3.506313398305708,47.65169487013509],[-3.506129730327924,47.65172318214663],[-3.506026933016076,47.651647634243545],[-3.505470326368906,47.65179610147589],[-3.505432570351262,47.651924649727384],[-3.505331966059282,47.65186704199069],[-3.505207977407906,47.65194621203783],[-3.505032103011626,47.65192892969875],[-3.505090687205732,47.651970818950296],[-3.505013224450637,47.65199320375185],[-3.50450776872375,47.65190399227278],[-3.504476709756588,47.65197797724157],[-3.504346266572909,47.65189493868451],[-3.50417246101578,47.65200398116777],[-3.503807436765171,47.651970153639304],[-3.503942263218054,47.65208907438613],[-3.504244320492353,47.65204513027019],[-3.504456611377634,47.652141666129054],[-3.504768656044119,47.65207006887637],[-3.504806169056299,47.6521582914921],[-3.505036243887927,47.6521815818924],[-3.504934543390135,47.65211500343393],[-3.505058532839497,47.65203583368389],[-3.505142572729317,47.65206727117356],[-3.505278741400971,47.65197839011898],[-3.505406993785101,47.65204348686314],[-3.505577508187408,47.65190753139637],[-3.505517827438559,47.651856672003404],[-3.506131923012618,47.651741122904504],[-3.506046666892368,47.65180910108058],[-3.506209265429179,47.65182712269709],[-3.506262249203523,47.651932544807735],[-3.506127178634951,47.652030397388025],[-3.506287585122962,47.65203047813839],[-3.506263345572267,47.651941515184475],[-3.506413765157008,47.65196924769974],[-3.506342881259288,47.65204545563212],[-3.506517660050056,47.65205376562367],[-3.506485507372674,47.65211878074706],[-3.506613761566621,47.652183876162034],[-3.506675755171452,47.65214429041449],[-3.506640194689902,47.652290779775186],[-3.506690986875815,47.65237826092369],[-3.506809373704801,47.65236262277995],[-3.50689317891022,47.65261082960108],[-3.507096704640758,47.652635597696026],[-3.507218264096611,47.652755255523964]],[[-3.507222767731081,47.652682751694265],[-3.506875635140182,47.652467303711795],[-3.506964298715483,47.65231785075271],[-3.507271602829327,47.65253552126417],[-3.507222767731081,47.652682751694265]],[[-3.506899015670017,47.65233052554321],[-3.506808395523121,47.65224526710091],[-3.506698780543862,47.65233266821264],[-3.506703403349196,47.652151779072355],[-3.507017520194721,47.652206501876535],[-3.506899015670017,47.65233052554321]]]},"properties":{}},{"type":"Feature","geometry":{"type":"MultiPolygon","coordinates":[[[[-3.486322806921699,47.65294412286956],[-3.485899378128008,47.65275995552761],[-3.485664776234354,47.65280913045323],[-3.485525617113972,47.65265430639713],[-3.485336470480427,47.652637732875114],[-3.485184625138014,47.65243916764932],[-3.485325541851275,47.65254802717788],[-3.485707113370781,47.65260808565121],[-3.485646196588588,47.6526566308307],[-3.485764429161448,47.652749399270895],[-3.485913908133719,47.652659802334526],[-3.486222221343885,47.65288649871396],[-3.486436828749519,47.65289262313333],[-3.486322806921699,47.65294412286956]]],[[[-3.485178347185244,47.65243431785546],[-3.485213705373889,47.65261746698064],[-3.484932880525835,47.65250664699029],[-3.484315179391129,47.65204427591621],[-3.48417913989041,47.65202474724304],[-3.484184767428231,47.65196121486002],[-3.48400780717139,47.651934930296996],[-3.483949404293976,47.65178464516923],[-3.483464314163499,47.651423271943656],[-3.483491197483028,47.651205024829316],[-3.483110730952019,47.65115392967401],[-3.483062163496419,47.65108437942079],[-3.483000153606278,47.65112395266183],[-3.482906296431493,47.651011763838255],[-3.483394988273237,47.65118328056235],[-3.483502288382183,47.65118634541997],[-3.483569926149745,47.65108323953123],[-3.483688151625993,47.65117601014829],[-3.483514140592424,47.65139340727991],[-3.483923016886775,47.65167773639977],[-3.484026711015515,47.65187065963759],[-3.484507601744276,47.65208776283597],[-3.484851200307048,47.65238475084965],[-3.485115469617795,47.65246939773368],[-3.485074710500855,47.65235425709479],[-3.485178347185244,47.65243431785546]]]]},"properties":{}},{"type":"Feature","geometry":{"type":"Polygon","coordinates":[[[-3.47782991564882,47.65026433705154],[-3.477923023182429,47.65015078856956],[-3.478274919029074,47.65007704921416],[-3.478566244957409,47.649835079536295],[-3.47875537955202,47.649851664040376],[-3.47871463615964,47.64973652102609],[-3.478786472945387,47.64977768582945],[-3.478793198372098,47.64972312427599],[-3.479655196411608,47.64955781525874],[-3.479225266883769,47.64931979958113],[-3.478835734054344,47.64941369620533],[-3.478771364346235,47.649543711379884],[-3.478695161151281,47.649466663977044],[-3.478618782633152,47.64949800195706],[-3.478571878947624,47.64977154735106],[-3.478414754229526,47.649798340500105],[-3.47818980649917,47.65003662172358],[-3.477926474838488,47.65006931512438],[-3.477908655849178,47.65014255550792],[-3.477880098242179,47.65001770398028],[-3.477779350049445,47.65006845787229],[-3.477744066264223,47.64999816779536],[-3.477880629376467,47.64969254774648],[-3.477691495617782,47.64967596182522],[-3.477808616214378,47.64975976780408],[-3.477655324702527,47.65014759875595],[-3.477840093906813,47.650128302126916],[-3.47782991564882,47.65026433705154]]]},"properties":{}},{"type":"Feature","geometry":{"type":"Polygon","coordinates":[[[-3.473259457759073,47.64872998414334],[-3.473121436002497,47.64858411568976],[-3.473088154002366,47.64864015103408],[-3.472964312044566,47.648610901526716],[-3.472923582096493,47.648495756419045],[-3.472591884130783,47.64840579602467],[-3.472099267826413,47.647981580016896],[-3.472079260451695,47.64803687816184],[-3.471966514719935,47.64798894923055],[-3.471725188531473,47.64809265750264],[-3.471803181928226,47.64840442191907],[-3.471621877681724,47.648342235688],[-3.471524398067163,47.64841989638371],[-3.471682423038013,47.648510468677785],[-3.471730783784984,47.64868840922393],[-3.471855715764509,47.64872663075117],[-3.471885916763744,47.64853529814564],[-3.472227806598012,47.64848922598604],[-3.472318741777678,47.64835774044052],[-3.47255077941202,47.64850742174552],[-3.472820650709474,47.648528564666826],[-3.472958671500073,47.64867443347991],[-3.473259457759073,47.64872998414334]]]},"properties":{}},{"type":"Feature","geometry":{"type":"MultiPolygon","coordinates":[[[[-3.462673241009548,47.648170292114024],[-3.462617130338089,47.64793325547044],[-3.46272089809495,47.64812249466204],[-3.46284929684353,47.64807925275008],[-3.462673241009548,47.648170292114024]]],[[[-3.462595786409634,47.64784308857557],[-3.462590945528681,47.64782263835085],[-3.462412040276168,47.64766999391438],[-3.462304331100623,47.64788368069262],[-3.462308015127733,47.64769382210927],[-3.462205078761508,47.647726621019665],[-3.461936513982331,47.64760603887523],[-3.461952637047701,47.64784898654285],[-3.461919972151752,47.64757986221395],[-3.46181942304436,47.647522216895915],[-3.461781564895705,47.64765075131164],[-3.461585032135722,47.647462958096895],[-3.461764144101759,47.647507218301726],[-3.461782340840483,47.647343064021314],[-3.46190146219031,47.64742735840676],[-3.461944764005686,47.647343678000965],[-3.462264922354836,47.64766911712834],[-3.46238331173719,47.64765352395428],[-3.462379164649297,47.64750925521023],[-3.462457519317486,47.647604254943325],[-3.462572641696802,47.647561749156594],[-3.462595786409634,47.64784308857557]]],[[[-3.461772363545871,47.64733600372493],[-3.461428116145314,47.64738134291635],[-3.461301438779602,47.64710839751099],[-3.461230553250901,47.64707535129562],[-3.461191303944077,47.646861628706375],[-3.460840705978811,47.64683590201352],[-3.460826130498394,47.64693605238865],[-3.460709919469115,47.64696958564271],[-3.460712732406995,47.64666237063227],[-3.460844395141284,47.64664604337263],[-3.46088292034459,47.64674325114973],[-3.4610256810626,47.646708246379966],[-3.461046576825407,47.646770306474814],[-3.461106420594688,47.64671280314813],[-3.46137627827829,47.646733972519534],[-3.461255502447143,47.6468400085943],[-3.461489259266196,47.64722442469971],[-3.461409397165902,47.64733722454486],[-3.461633988374212,47.64731574636138],[-3.461652917530242,47.647251479168794],[-3.461772363545871,47.64733600372493]]],[[[-3.461229519112539,47.647074869188714],[-3.46114561294853,47.64703575275604],[-3.461058129709413,47.647085756624115],[-3.461122539610711,47.64695575104339],[-3.461229519112539,47.647074869188714]]]]},"properties":{}},{"type":"Feature","geometry":{"type":"Polygon","coordinates":[[[-3.460056807753225,47.646653560809625],[-3.460115777074935,47.646478701583746],[-3.459978672151277,47.64645017384891],[-3.459880517779166,47.64630208292003],[-3.459849400200772,47.64637605623244],[-3.459739934261608,47.64635502797377],[-3.459888564132767,47.64614810760653],[-3.459650041816782,47.64594457593355],[-3.459967339203691,47.646026337893716],[-3.460284400136636,47.645665585729006],[-3.460162962099012,47.64554587865936],[-3.459860030555559,47.64547235251223],[-3.459666796054056,47.64586236733503],[-3.45934405832965,47.64573575033058],[-3.459204349137376,47.64590605120613],[-3.45927834240689,47.64596516977222],[-3.459129052593057,47.64594634734936],[-3.459156905944433,47.64584546167569],[-3.459033951102217,47.645933553813016],[-3.458816110036527,47.64590046650389],[-3.458816982551925,47.64601782295159],[-3.458513178335954,47.64582693687857],[-3.458408066840924,47.645841790772856],[-3.458380212075677,47.64594267626823],[-3.458498382362404,47.64603547261361],[-3.458343218239573,47.64618856611618],[-3.458451378576627,47.646309010416736],[-3.458686408996633,47.64604311878122],[-3.458704909289249,47.6461956232076],[-3.458857464495828,47.64624135870975],[-3.458846581692152,47.64615165024181],[-3.458942771821741,47.64617341477528],[-3.458799138687083,47.646091060573845],[-3.459031559174513,47.6460239977195],[-3.459141897387778,47.64616238308184],[-3.459293364519067,47.6461991471716],[-3.459213929208167,47.646095174403435],[-3.459339060842438,47.646025023770356],[-3.459448311475364,47.646154438000835],[-3.459606523388337,47.64613664114392],[-3.459604132422021,47.646227085052566],[-3.459721430955612,47.64620252372394],[-3.459663549067343,47.64638635361436],[-3.460037214952242,47.64649208579937],[-3.460056807753225,47.646653560809625]]]},"properties":{}},{"type":"Feature","geometry":{"type":"Polygon","coordinates":[[[-3.458109925204085,47.64613827115717],[-3.458203067498595,47.64602473814649],[-3.458407633672384,47.646058561971266],[-3.458274012137326,47.64594855918869],[-3.458000895261356,47.64590047007605],[-3.457967599057164,47.64595650119116],[-3.457943442829633,47.64586752794929],[-3.457837242992694,47.64587341047303],[-3.457788713287308,47.645803849527965],[-3.457918198567806,47.64576958384085],[-3.457711457653656,47.64571781743492],[-3.457667498620773,47.64557575425737],[-3.457413099224544,47.64557178277396],[-3.457374581188023,47.645474573793635],[-3.457145205804218,47.645676931583694],[-3.457117787145288,47.645561045561365],[-3.456907783997123,47.64548236512916],[-3.456924971472109,47.64573428462596],[-3.456638802134117,47.64557854191502],[-3.456664484205733,47.645459715074566],[-3.456538262503282,47.64552089199261],[-3.456387019882566,47.64537573869372],[-3.456329348208534,47.64545118139099],[-3.456080388501488,47.645492061374014],[-3.456059056309129,47.645646771585994],[-3.455972013642569,47.645480000451805],[-3.455817287576604,47.6454163194071],[-3.455620339550258,47.645445287200126],[-3.455676924490599,47.645360873972336],[-3.455564199147939,47.645312929149355],[-3.455543532731328,47.64514248239078],[-3.45538989583091,47.64508777165172],[-3.455068037195252,47.645078499316405],[-3.45500687765069,47.645235414347994],[-3.45489632836465,47.645205410652096],[-3.454612981839705,47.64529334687519],[-3.454467182710251,47.64519304552932],[-3.454280022201896,47.645302749094014],[-3.454249347499655,47.64515994969361],[-3.454154248580457,47.64514715218052],[-3.45409068599615,47.645394510563015],[-3.453981224340206,47.6453734768988],[-3.453955987584762,47.645275531909256],[-3.453895050292705,47.64532406071973],[-3.453915711514022,47.64549450775372],[-3.454274997302722,47.64559202238185],[-3.454377484886832,47.64577600163593],[-3.454424059738067,47.64571923661765],[-3.45446039750749,47.64579850477918],[-3.454605335025857,47.64578144961565],[-3.454503485156164,47.645823212662236],[-3.454622736000025,47.645924983821345],[-3.454777494316143,47.64543776751529],[-3.454959856671628,47.64550895086036],[-3.455068454725997,47.645412627100946],[-3.455220781521335,47.64556675298729],[-3.455336992944711,47.64553322516792],[-3.455284535032144,47.64576190736113],[-3.455343296199267,47.64569543607359],[-3.455466034027249,47.64571573341894],[-3.455381810694743,47.645792645712305],[-3.455424676122209,47.645925738853705],[-3.455541333012254,47.64567543963139],[-3.455540022891076,47.64577485435807],[-3.455644047320409,47.645751032164526],[-3.455559824188769,47.645827944584795],[-3.455738925668518,47.645872214062756],[-3.455750890944902,47.64597089370986],[-3.455925641924199,47.645979279391845],[-3.455980051365057,47.64587692428974],[-3.456082766682554,47.645952516429304],[-3.456128252057448,47.645886779862984],[-3.456167855945801,47.64599296010602],[-3.456227704100669,47.645935459254744],[-3.456261869014265,47.64599678510284],[-3.456416817922838,47.645952079947286],[-3.456324759807461,47.646074582409305],[-3.456423124509445,47.646114290759314],[-3.456560447006561,47.64603443708308],[-3.456530853664947,47.645900609205626],[-3.456711264139848,47.64584546246255],[-3.456755220849105,47.64598752597987],[-3.456941071154569,47.645977233221586],[-3.457010490722291,47.646108855350334],[-3.457215275470003,47.646034295672294],[-3.457162394462762,47.64592885102006],[-3.457246396500747,47.64596032304826],[-3.457232252458649,47.64584370182683],[-3.457358474129038,47.64578252416939],[-3.457702098984877,47.6459712073737],[-3.457505149933753,47.646000178335235],[-3.457579141451212,47.64605929797441],[-3.457804816923348,47.64604679799576],[-3.457780660926362,47.64595782472443],[-3.458109925204085,47.64613827115717]],[[-3.457556510509991,47.645762524312715],[-3.457499276929987,47.64562119635205],[-3.457609828540944,47.645651197578765],[-3.457556510509991,47.645762524312715]],[[-3.456329773640124,47.64578530910614],[-3.456169607163315,47.64567677417494],[-3.456313455962063,47.64565074601726],[-3.456315852480075,47.64556030214888],[-3.456392017779993,47.64563736429942],[-3.456329773640124,47.64578530910614]],[[-3.455774621603114,47.6457257397308],[-3.455676258099968,47.645686030826845],[-3.455762878293193,47.64551867445796],[-3.455561579003708,47.645511758635635],[-3.455808363692352,47.645452938001306],[-3.455940669531375,47.645662358368845],[-3.455891920797183,47.645701182240046],[-3.455790293987837,47.64563456080079],[-3.455774621603114,47.6457257397308]],[[-3.454922430753337,47.645420711955225],[-3.454854104821083,47.64529805942707],[-3.45495160299213,47.64522041251318],[-3.455008829394672,47.64536174175115],[-3.454922430753337,47.645420711955225]]]},"properties":{}},{"type":"Feature","geometry":{"type":"Polygon","coordinates":[[[-3.453930709979482,47.64572848589936],[-3.453988610903786,47.64554465878623],[-3.45392876077444,47.64560215850235],[-3.453817575726377,47.64534641165859],[-3.45390963834127,47.64522391112544],[-3.453752288600817,47.64535905680277],[-3.453512932379556,47.64503815598108],[-3.453314036772505,47.64494079244498],[-3.453034178375984,47.64494725191974],[-3.453135167720391,47.64478813357703],[-3.452967172283757,47.644725183510246],[-3.452979587387882,47.64460709218293],[-3.452616820663991,47.64459104645131],[-3.452595478790019,47.644745756103376],[-3.452489509196747,47.64464324811129],[-3.452496662287714,47.64492281580705],[-3.45237198192372,47.64477618785697],[-3.452200496842024,47.644794709601115],[-3.452354987915078,47.6449667811019],[-3.452259660726323,47.64506236768637],[-3.452324489968803,47.645266494638896],[-3.452331470807232,47.6451035488508],[-3.452729085606768,47.64485576544825],[-3.452686858577017,47.64494841345693],[-3.452860518478391,47.644947832817394],[-3.452766279462791,47.64505239072406],[-3.452857660423565,47.645255047911675],[-3.452948410148339,47.64523196285471],[-3.452969068310218,47.64540241006423],[-3.452998020301734,47.6453104967361],[-3.453154917307895,47.645392123324804],[-3.452997160595435,47.64519314020207],[-3.453019588759977,47.64504740141914],[-3.453162350098595,47.64501240622563],[-3.453140782358374,47.64527550157376],[-3.453423904510226,47.64529595454961],[-3.453459606413943,47.64514948088098],[-3.453449140298685,47.64539389965301],[-3.453648264091106,47.645382877317004],[-3.453803623019459,47.645672303356875],[-3.453930709979482,47.64572848589936]]]},"properties":{}},{"type":"Feature","geometry":{"type":"Polygon","coordinates":[[[-3.452276368050547,47.64553105915614],[-3.452310757131155,47.645484000561545],[-3.452189108181764,47.645472670811635],[-3.452094238605712,47.64535148600593],[-3.451920577382351,47.64535206550649],[-3.451938660162313,47.64517044327895],[-3.452061624959013,47.64508235857308],[-3.451958687333274,47.64511514850165],[-3.451946729261588,47.645016468422355],[-3.452091894868283,47.64489103072595],[-3.45190387323919,47.644883373942186],[-3.451850544071383,47.64499469811668],[-3.451780908640621,47.64497145849118],[-3.451752645032001,47.64473821459678],[-3.451668648158201,47.64470673859917],[-3.45162533236826,47.64479041531116],[-3.451612287953233,47.64468276425984],[-3.451419688354292,47.64474760866766],[-3.451442120639868,47.644601870153764],[-3.451302620209665,47.64466377602588],[-3.45117576982065,47.64449920492971],[-3.450740109417681,47.644433000555495],[-3.450753616262887,47.64432388037783],[-3.450691590274028,47.64436343661092],[-3.450656345943909,47.64429313815022],[-3.450614115760678,47.64438578543691],[-3.450552554662962,47.64420857024213],[-3.450270526177897,47.644197081233386],[-3.450015900283767,47.644301479321605],[-3.449985856950109,47.64438442102128],[-3.450143833406758,47.644475022629805],[-3.450759905441941,47.64448609163261],[-3.450920057341523,47.64459463404612],[-3.451066079659853,47.644586554190155],[-3.451236015208211,47.64477583449934],[-3.451429471381106,47.64482834697026],[-3.451518672833743,47.64501306338589],[-3.45165468249451,47.645032630149245],[-3.451657713344831,47.64516792854021],[-3.451820273237939,47.64518602589095],[-3.45183200117554,47.64539309159563],[-3.451928187076298,47.645414861912045],[-3.451868334872324,47.64547236057666],[-3.452276368050547,47.64553105915614]],[[-3.450184977690791,47.644373404581444],[-3.450097722003459,47.64431501463995],[-3.450188471323502,47.64429193171524],[-3.450184977690791,47.644373404581444]]]},"properties":{}},{"type":"Feature","geometry":{"type":"Polygon","coordinates":[[[-3.448186736336708,47.64365308626058],[-3.448140631511981,47.643493077429994],[-3.447577537551696,47.64303654415875],[-3.446756455148239,47.6432083859262],[-3.44639997559782,47.64335453244679],[-3.446455005068075,47.64347792405982],[-3.446848176174703,47.643745176109846],[-3.446932408574775,47.643668269885964],[-3.446743305801713,47.64365163382365],[-3.446990331371483,47.64348444604427],[-3.446985746676955,47.64355694787951],[-3.447279959343076,47.64355873974357],[-3.44712911527447,47.643747702414565],[-3.447352610822647,47.64371728067309],[-3.447345006755246,47.64365448391416],[-3.44760700062705,47.643721274064006],[-3.447650321850114,47.6436375987952],[-3.447795017544729,47.6437289377667],[-3.448186736336708,47.64365308626058]],[[-3.447380724246345,47.64350801197821],[-3.447196445656062,47.64331048907108],[-3.447265229853964,47.64321637475218],[-3.447366841414309,47.643283003689504],[-3.447254974972532,47.64335240749356],[-3.447395562965189,47.64329947737868],[-3.447456265038784,47.643359337633925],[-3.447448422067293,47.643404926594556],[-3.447362257248633,47.64335550554711],[-3.447380724246345,47.64350801197821]]]},"properties":{}},{"type":"Feature","geometry":{"type":"Polygon","coordinates":[[[-3.423925640057443,47.64503756483708],[-3.424200662398482,47.64476954803798],[-3.424222372618781,47.64450645798005],[-3.424433406176014,47.644594168363376],[-3.424519837166029,47.64453522068248],[-3.42452957945298,47.644615961241534],[-3.424705688615718,47.64452497918861],[-3.424978768422334,47.644573146154734],[-3.424999107740607,47.64440947037285],[-3.424820321484462,47.644256768127626],[-3.424884816249776,47.64412678234393],[-3.424804083732033,47.64412220054208],[-3.424747223604463,47.64387247078915],[-3.424845275996321,47.64402059140315],[-3.425055226099889,47.64409932951311],[-3.425230534041399,47.64389098983285],[-3.425178002433292,47.64367714494329],[-3.425075849280334,47.64382726803306],[-3.425072885903141,47.64369196886587],[-3.424937971941496,47.64368134232212],[-3.424858607324468,47.64357734607217],[-3.424650539377162,47.64362493560261],[-3.424452784154788,47.64353649405047],[-3.42439182202234,47.643585007515085],[-3.424414327632985,47.643439274110435],[-3.424145869856028,47.643318604854684],[-3.423940762763123,47.6435014923412],[-3.423832399219941,47.643489401598174],[-3.423669279733856,47.64368803661118],[-3.423727790980399,47.643729966808934],[-3.423616975169606,47.643808319146586],[-3.423698502358326,47.64393025859527],[-3.423777069815467,47.64391689879512],[-3.423661350109963,47.64417613769698],[-3.423578453004509,47.64415361268207],[-3.423510708124793,47.644256684190715],[-3.423567850218249,47.644398028886805],[-3.423713876131415,47.64438998321283],[-3.423670516765597,47.644473649570244],[-3.423756948403149,47.644414702449964],[-3.423641514714924,47.64456555566537],[-3.42377397902868,47.64466662694088],[-3.423717852626107,47.64497676709363],[-3.423766337160671,47.64504634221267],[-3.423780981678175,47.64494619637269],[-3.423925640057443,47.64503756483708]],[[-3.424302023230346,47.64450206900731],[-3.424231318019273,47.644469841783014],[-3.424312336844742,47.644366038367544],[-3.424302023230346,47.64450206900731]],[[-3.423928219584989,47.644062094401164],[-3.423832334355401,47.643931915386204],[-3.423950726662944,47.643916361121995],[-3.423928219584989,47.644062094401164]]]},"properties":{}},{"type":"Feature","geometry":{"type":"Polygon","coordinates":[[[-3.436816417744585,47.64587989160464],[-3.437069427623665,47.64554080911979],[-3.437240920352008,47.645522309589886],[-3.437152332577814,47.64556332454668],[-3.43717862325107,47.64567024419941],[-3.437454407807961,47.64551955293196],[-3.437521609345095,47.6456332445697],[-3.437624556840067,47.64560046736911],[-3.437563863246682,47.64554060207638],[-3.43780064692224,47.64550946562732],[-3.437838561314445,47.64538093884354],[-3.437863768535427,47.64547888730673],[-3.437948016620373,47.645401987629626],[-3.438157991490182,47.64548070213831],[-3.438079941076307,47.64527730041772],[-3.437939596789675,47.64522183367323],[-3.438099982647941,47.6452220080197],[-3.438180975635593,47.6451181950301],[-3.438351124489644,47.64519910842617],[-3.43835680587,47.6451355780345],[-3.438250605333853,47.64514144275853],[-3.438349212186967,47.64507278073689],[-3.438528296849673,47.64511707661125],[-3.438554275933634,47.644889868110134],[-3.438727679242099,47.64499769409107],[-3.438930059312942,47.64501360995345],[-3.439013220207204,47.64492773845175],[-3.439100464766571,47.644986136651596],[-3.439088530502292,47.64488745525108],[-3.43896254608312,47.64484022758026],[-3.439231556076731,47.64474409145056],[-3.438957377629241,47.644686986761066],[-3.43906466210615,47.64469009243114],[-3.439119102572846,47.644587745113846],[-3.439388685567297,47.64471735091982],[-3.439446380397523,47.64464191655681],[-3.439673139141195,47.64463842262256],[-3.4395192650226,47.644692076637995],[-3.439616529651649,47.64472282813027],[-3.439816993184156,47.64461241475993],[-3.439919683168948,47.64468802115586],[-3.439870669438595,47.64483522398987],[-3.440078728527391,47.64478760738703],[-3.440084407807118,47.64472407689776],[-3.440339887004464,47.64473705713665],[-3.440204967362743,47.64472644822705],[-3.44032903563844,47.64464734687624],[-3.440518139939777,47.644663993310964],[-3.440462616918986,47.64475737025151],[-3.440572071980859,47.64477841658637],[-3.440697225030937,47.64470828587052],[-3.440572324786988,47.64467003095379],[-3.440764937285659,47.64460520442398],[-3.440836737879728,47.644646392662075],[-3.440713755559896,47.644734465574366],[-3.440865205937695,47.644771253578334],[-3.440818617490936,47.644828013219275],[-3.440929410159105,47.6447496446108],[-3.441002296325359,47.64479980376407],[-3.441198164618124,47.64476188958319],[-3.441140723786498,47.644728939175984],[-3.441330079897039,47.64463719866028],[-3.441235236468039,47.64451600498643],[-3.441469340842739,47.64468369033379],[-3.441498312251732,47.64459177982162],[-3.441387771896164,47.644561763335545],[-3.441485288315333,47.64448412762949],[-3.441690923343005,47.64452695176275],[-3.441881363182315,47.64444418135864],[-3.441935297924368,47.644558604017895],[-3.441985391113654,47.64442037130868],[-3.442134670607716,47.64443921564952],[-3.442270924718513,47.644350407687405],[-3.442506365996038,47.64441867632991],[-3.442476310924308,47.64450161609327],[-3.442798163888471,47.64451092311587],[-3.442810104928699,47.644609604156734],[-3.443050385955951,47.64449698441769],[-3.44307777351752,47.64461287380337],[-3.443372238992288,47.644506289858995],[-3.443393607510716,47.64435158187332],[-3.443535287632437,47.644307627430265],[-3.443696410136244,47.64398263708032],[-3.443828071462188,47.64396632897179],[-3.443868735168092,47.644081484484786],[-3.443948383526973,47.644077082118706],[-3.444001728262845,47.64396576149819],[-3.44430596040718,47.64393991412545],[-3.444334926526626,47.643848002874435],[-3.444450896121721,47.64392287154112],[-3.444438952200929,47.64382419063266],[-3.444814985905308,47.643839527930325],[-3.444723501919624,47.64418776372953],[-3.444789033989853,47.64406673794692],[-3.444968120621323,47.64411102397429],[-3.445093266328508,47.644040888525595],[-3.445451197326703,47.64423784504686],[-3.44547617513724,47.64444417758746],[-3.44558153010771,47.64432094965268],[-3.445664436757731,47.64434345905426],[-3.445621111847644,47.64442713355602],[-3.445708605192009,47.644377141177],[-3.446249733355703,47.644762649367365],[-3.44644125312761,47.644688842512686],[-3.446284127255767,47.64471559252776],[-3.445016277492064,47.64384646227242],[-3.444811484098101,47.64392100065486],[-3.444885946750244,47.643763357015594],[-3.444608754388821,47.64357096688908],[-3.443828563839138,47.643749557595015],[-3.443595640834445,47.644033361655744],[-3.443120759850935,47.64419507227571],[-3.443151404217652,47.64433787466791],[-3.443052804901806,47.64440654076827],[-3.443016485026339,47.64432726900256],[-3.442949863044684,47.644439322771696],[-3.442812772541155,47.6444107748656],[-3.442830637784473,47.64433753962206],[-3.442687871476988,47.64437252220436],[-3.442572152120231,47.64418926614138],[-3.442324273227005,47.64423908784858],[-3.442347815602119,47.64410232205337],[-3.441993738735878,47.64415801141603],[-3.442009434206949,47.64406683426136],[-3.441779171593224,47.64415180535446],[-3.441803300092161,47.64424078201562],[-3.44167514409343,47.64417561522416],[-3.44157520707508,47.644343694727176],[-3.441514510479105,47.644283831447424],[-3.441372828756097,47.64432778344071],[-3.441335426134058,47.644239540130734],[-3.441308625221825,47.64434939265665],[-3.441208104470713,47.64429172950778],[-3.441112758521635,47.64438730703084],[-3.440938015086657,47.644378899188766],[-3.440943693299859,47.64431536864421],[-3.440845091184769,47.64438403288237],[-3.440861873902097,47.64430182691574],[-3.440708254477388,47.64424709684929],[-3.440470139937737,47.64437765383914],[-3.440407527398965,47.644191462272914],[-3.440279119824663,47.644234679611486],[-3.440206813123453,47.644410262333125],[-3.440076742305616,47.64421876607924],[-3.439934551372997,47.644479487632836],[-3.439824012129691,47.64444946966563],[-3.439935059571167,47.64426271633062],[-3.439770082025116,47.64433504602536],[-3.439633569080396,47.644532236716294],[-3.439599678995421,47.6443625203131],[-3.439539814688305,47.6444200126935],[-3.439478035303036,47.644351177323266],[-3.439548494679776,47.64449178096936],[-3.439403555854606,47.64450881746755],[-3.439407321127893,47.644318959280376],[-3.43910633921957,47.64437170701012],[-3.439176223986893,47.64428656854497],[-3.439087895570776,47.64421919934062],[-3.438747089373343,47.64427414568073],[-3.438699157644641,47.64443031909702],[-3.438258089384659,47.64431921296706],[-3.438155714088929,47.644577733078854],[-3.438251892938971,47.64459951466225],[-3.438296884271849,47.644750556256774],[-3.438239445243976,47.64471760442312],[-3.438159537751683,47.644830388520525],[-3.437720378105247,47.64484560809956],[-3.43760064422858,47.644960590873325],[-3.43737848185516,47.644891579380484],[-3.437360349612633,47.64507319937801],[-3.437132764057739,47.64495933216038],[-3.43675997829448,47.644970883322245],[-3.436793296151062,47.64491485822358],[-3.43666488390899,47.644958071573924],[-3.436832860843609,47.64502104507049],[-3.436635903976018,47.645049980869956],[-3.436616121795302,47.64499688741635],[-3.436419164899349,47.64502582285084],[-3.436104078418157,47.644961939035575],[-3.436013583934171,47.6448766254021],[-3.435608826692357,47.644844783221586],[-3.435491520050251,47.64486932036095],[-3.435627523464987,47.64488890578113],[-3.435557632246928,47.64497404209701],[-3.435410522208151,47.64497313149972],[-3.435315691626694,47.64485193304247],[-3.435240378533675,47.64489221381215],[-3.434951844324456,47.64482686139713],[-3.435011714031015,47.64476937137961],[-3.434878143959617,47.64465934177364],[-3.434962395053175,47.64458244421646],[-3.435035275381966,47.64463260709609],[-3.434893296196925,47.644342423250954],[-3.435021708392108,47.64429921183373],[-3.435023056702933,47.64419979726407],[-3.434831787358947,47.64416519977296],[-3.434811187609555,47.64399474925153],[-3.434741031613318,47.6441882707717],[-3.434618305186018,47.64416795164114],[-3.434717999094198,47.64410826373101],[-3.434648637117732,47.64397662822646],[-3.434493675714615,47.64402130456006],[-3.434562483231425,47.64392719775522],[-3.4342027132077,47.64404639375845],[-3.434135520740083,47.64393270011811],[-3.434014963247812,47.643930322525456],[-3.43421001494668,47.64377506328488],[-3.434119525503593,47.643689748131806],[-3.43388925195486,47.6437747036926],[-3.433888434297681,47.643657346927576],[-3.43372778645331,47.643765552474584],[-3.433706923639703,47.643703487401034],[-3.433632694943826,47.643752738250505],[-3.433596389507404,47.643673463530234],[-3.433440344145914,47.64370916738078],[-3.433105490838365,47.643592181402404],[-3.432939958842388,47.643438759015766],[-3.432806127800233,47.643437112656265],[-3.432865998259225,47.643379623696596],[-3.432774427798239,47.64328533638238],[-3.432670397970462,47.6433091382456],[-3.432665247733731,47.64315589702651],[-3.432576660371284,47.6431969085647],[-3.432529249823101,47.64313630814071],[-3.432470463058404,47.643202768041085],[-3.432510556226287,47.64309218504521],[-3.432358032611894,47.6430464150726],[-3.432306832017576,47.64317567264458],[-3.432243979658984,47.64309786229723],[-3.432184108846005,47.643155350946564],[-3.432251835574503,47.64305227435075],[-3.432161080606278,47.643075343358916],[-3.432004492729898,47.642885302770964],[-3.43099453907953,47.6429319878466],[-3.430913535429901,47.643035795972516],[-3.43076859780342,47.64305282177237],[-3.430728501055325,47.64316340417275],[-3.430558097113036,47.643190865291004],[-3.430607672415402,47.64326940875908],[-3.43037387127174,47.64343582972826],[-3.430432387509684,47.64347775657392],[-3.430301533061798,47.64361140639185],[-3.430279590870464,47.643540369576904],[-3.430124627076614,47.64358504012623],[-3.430137092465041,47.64346695116087],[-3.430048502643283,47.6435079607756],[-3.429921446121455,47.64345175219569],[-3.4300181680535,47.643256769198764],[-3.429829880739486,47.643357462577384],[-3.429677358666197,47.643311689111805],[-3.429603126796378,47.64336093741131],[-3.42952156929873,47.64368151589448],[-3.429651875910294,47.643764638291216],[-3.429516685596802,47.643862402694324],[-3.429835282376531,47.6438448320356],[-3.429810624693324,47.643972624199314],[-3.429713367083333,47.643941864532586],[-3.429629109437274,47.644018758330425],[-3.429654300945927,47.644116708633554],[-3.430018415155713,47.644033411139546],[-3.430118923327706,47.64409108392205],[-3.429998091376309,47.644197087826846],[-3.430156307297006,47.64417933082844],[-3.430184750114664,47.64430419437607],[-3.430272257717335,47.644254213553594],[-3.430363825419727,47.64434850278123],[-3.430594107057018,47.64426355419378],[-3.430743927621198,47.64406564180632],[-3.430820864771089,47.644260077438275],[-3.43093871696266,47.644018773691066],[-3.431114541214545,47.64403616760351],[-3.431086096364124,47.643911304264805],[-3.430926798007999,47.64392009140776],[-3.430920296778582,47.64386626470513],[-3.431091786256656,47.64384777418405],[-3.43103787548466,47.64373334647828],[-3.431129715626702,47.64371924946646],[-3.431088268191369,47.6434867327049],[-3.431170083858551,47.64350028128292],[-3.431178212630962,47.64334630773205],[-3.431427181391826,47.643305480763225],[-3.431331548118745,47.64350943603671],[-3.4314344953183,47.6434766642537],[-3.431440997018919,47.64353049093863],[-3.43161085994895,47.64327728604904],[-3.431493554914455,47.64330181919465],[-3.431513602568583,47.64324652786968],[-3.43182000400815,47.64323865522745],[-3.43180483383222,47.64355557353337],[-3.432064370232757,47.643712841988695],[-3.432126409271467,47.64367329563143],[-3.432139414129593,47.6437809489114],[-3.432465865389882,47.64371778315547],[-3.432419268929106,47.643774539478244],[-3.432519779208238,47.64383221020329],[-3.432429023029395,47.643855279410225],[-3.432552831715714,47.64388457194566],[-3.432612165010413,47.64404385444778],[-3.432688562727176,47.64401254645455],[-3.432664726771072,47.644257695953236],[-3.432818606528541,47.64420405095267],[-3.432754668361631,47.64411726982319],[-3.432970586444653,47.64402407790199],[-3.432993616307509,47.644104085290614],[-3.433127449028191,47.644105731434806],[-3.433072997561593,47.64420807598585],[-3.433208182235227,47.644110307485704],[-3.433342831440565,47.644229310125205],[-3.433360709619681,47.64415607632319],[-3.433593153636907,47.644089064003886],[-3.433575275799249,47.644162297844],[-3.433680390893325,47.64414746627605],[-3.433770880410505,47.64423278174889],[-3.433831834755741,47.6441842634075],[-3.433829400191357,47.64427470687587],[-3.433735391768602,47.64427086382715],[-3.433866790425403,47.644362952586555],[-3.43379147692881,47.6444032324326],[-3.433954028429059,47.64442135464611],[-3.433977059937877,47.64450136182435],[-3.433744347933081,47.64467676051615],[-3.434000909432657,47.64469872570252],[-3.43418160490635,47.64453522808691],[-3.434334134340275,47.64458099564357],[-3.43430488506196,47.64478128999806],[-3.434583660676052,47.64476590430258],[-3.434557399721552,47.64510149753627],[-3.434913923373,47.64495538728122],[-3.435013090224974,47.64511247035234],[-3.434670105739125,47.64514946262871],[-3.43460021265227,47.64523459836036],[-3.434906096417124,47.64544348880321],[-3.43497382079172,47.64534041075241],[-3.4351718639138,47.64532044883002],[-3.435181622461577,47.64540118846718],[-3.435084359151989,47.64537043329409],[-3.434857332580491,47.645482303901844],[-3.43492127580256,47.64556908381905],[-3.435025309032155,47.64554527997974],[-3.435142353535763,47.64562912888963],[-3.435337408164038,47.645473867904364],[-3.435339313350881,47.64560019561646],[-3.435441441022363,47.64545006369339],[-3.435634884092389,47.64550260229525],[-3.435420049008638,47.645604770135506],[-3.435391066580333,47.645696679091834],[-3.435519218557366,47.64576185272393],[-3.435564992082265,47.645587738588354],[-3.435697481516368,47.64568879629155],[-3.435871668724834,47.64547146975453],[-3.435748938915754,47.6454511518251],[-3.435716144974506,47.64529040544272],[-3.436046414939068,47.64547988516861],[-3.436164807119372,47.64546431854115],[-3.436163984431697,47.64534696189532],[-3.436212223864699,47.64552491741646],[-3.436359596804825,47.64541744142302],[-3.436479073258091,47.64541084553621],[-3.436558463248575,47.64551483379267],[-3.436696898465908,47.645443974495684],[-3.436704490257255,47.64550677188853],[-3.436875983002726,47.64548827289391],[-3.436822621879421,47.64559959017248],[-3.436913379125384,47.64557651757388],[-3.43692205577252,47.645648286001574],[-3.436777112967589,47.64566531923158],[-3.436731343331259,47.64583943383496],[-3.436816417744585,47.64587989160464]],[[-3.437367164177925,47.64546115351928],[-3.43721788350887,47.645442303097596],[-3.437209206497351,47.64537053468415],[-3.437367164177925,47.64546115351928]],[[-3.437537571865394,47.64543368250312],[-3.43745032828474,47.645375283149924],[-3.437545682558965,47.64527970866469],[-3.43764728591138,47.64534634598257],[-3.437537571865394,47.64543368250312]],[[-3.435232290917687,47.64548870095274],[-3.435172684419103,47.64543780548445],[-3.435265610701537,47.64543267630482],[-3.435232290917687,47.64548870095274]],[[-3.435444957236229,47.6453685913151],[-3.435381013402764,47.64528181167544],[-3.435477192389179,47.64530359553477],[-3.435444957236229,47.6453685913151]],[[-3.435023668670098,47.645310566674766],[-3.434836996699119,47.64520346791202],[-3.434774957890264,47.64524301567698],[-3.434736481332808,47.64514579922145],[-3.435005236365162,47.645158058435555],[-3.435023668670098,47.645310566674766]],[[-3.436522674336266,47.64521878887496],[-3.436366887764151,47.6451461110084],[-3.436485279110425,47.6451305440535],[-3.436522674336266,47.64521878887496]],[[-3.435255031334029,47.64523458001687],[-3.435142588447655,47.64507822989324],[-3.43528184515301,47.645124728930426],[-3.435255031334029,47.64523458001687]],[[-3.438001064535545,47.64495654196671],[-3.437788664074355,47.64496827067266],[-3.437777816950372,47.644878560186164],[-3.438032211572554,47.64488257442079],[-3.438001064535545,47.64495654196671]],[[-3.435489909465063,47.64507712050585],[-3.435330608354085,47.645085913647414],[-3.435240114896473,47.6450005994204],[-3.435489909465063,47.64507712050585]],[[-3.438421525898198,47.644897199225376],[-3.438244611639106,47.64487084527163],[-3.438287948476068,47.64478717352471],[-3.438437227690377,47.644806022585755],[-3.438421525898198,47.644897199225376]],[[-3.440227176761851,47.64468909750292],[-3.44010795613693,47.6445873115884],[-3.440394578239679,47.6445263235874],[-3.440205220914268,47.64461806259234],[-3.440227176761851,47.64468909750292]],[[-3.440071386690837,47.64461642455545],[-3.439959762015434,47.644577435689804],[-3.440114720456776,47.644532752119936],[-3.440071386690837,47.64461642455545]],[[-3.441667880257653,47.64444694610647],[-3.441609354129726,47.64440502490926],[-3.441723400846387,47.64435356857813],[-3.441667880257653,47.64444694610647]],[[-3.441362558639968,47.64446381558591],[-3.441287502011676,47.644395714611534],[-3.441380425891342,47.64439058056613],[-3.441362558639968,47.64446381558591]],[[-3.44115016087903,47.644475550405325],[-3.441129289155023,47.64441348668027],[-3.441235487925949,47.644407619337606],[-3.44115016087903,47.644475550405325]],[[-3.440163479601388,47.64449393480814],[-3.440023135209366,47.64443847054358],[-3.440065383821947,47.644345827088095],[-3.440163479601388,47.64449393480814]],[[-3.443318795673627,47.64417509653329],[-3.443430668959354,47.64410569652759],[-3.443490281845856,47.64415658781829],[-3.443318795673627,47.64417509653329]],[[-3.443969750203177,47.64392237399311],[-3.44388033062264,47.64384603740276],[-3.443987613695139,47.64384913855405],[-3.443969750203177,47.64392237399311]],[[-3.4302988076312,47.644252749193825],[-3.430291223556571,47.644189951344025],[-3.430398506529188,47.64419306497195],[-3.4302988076312,47.644252749193825]],[[-3.430268197708423,47.64410994342639],[-3.430247338783985,47.64404787774629],[-3.430158748082522,47.644088887432225],[-3.430318320698965,47.64397171568828],[-3.430268197708423,47.64410994342639]],[[-3.432849213422385,47.6439043423503],[-3.432818596874256,47.64376153722516],[-3.432894994065723,47.64373022909239],[-3.432849213422385,47.6439043423503]],[[-3.430270912027064,47.6439111143724],[-3.43028662745532,47.64381993878174],[-3.43039960039097,47.643759522364526],[-3.430270912027064,47.6439111143724]],[[-3.430094005063428,47.64388474806453],[-3.430186393509061,47.64365388046887],[-3.430225944119429,47.643760069622246],[-3.430094005063428,47.64388474806453]],[[-3.429933623251406,47.64388456272876],[-3.429850723951563,47.64386204216047],[-3.429938231142019,47.64381206157666],[-3.429933623251406,47.64388456272876]],[[-3.432359667028244,47.64372364252958],[-3.432347745511787,47.64362496037608],[-3.432477241834817,47.64359072284444],[-3.432359667028244,47.64372364252958]],[[-3.43232227973447,47.64363539630725],[-3.432270534052714,47.64353891136923],[-3.43239596451204,47.64336040381215],[-3.43232227973447,47.64363539630725]],[[-3.430529098290435,47.64372528699442],[-3.430430757265734,47.64368555679917],[-3.430543729753708,47.64362514023837],[-3.430529098290435,47.64372528699442]],[[-3.430605232428232,47.64335985220323],[-3.430558907438968,47.64330822210772],[-3.430685153684289,47.64324707318625],[-3.430605232428232,47.64335985220323]]]},"properties":{}},{"type":"Feature","geometry":{"type":"Polygon","coordinates":[[[-3.483409667185127,47.633634483428466],[-3.484132344223419,47.632546636417786],[-3.484476469274843,47.63241008298841],[-3.484766089298617,47.63248428418514],[-3.485050410527232,47.63240524493063],[-3.485111142434763,47.63246508595449],[-3.485103657865587,47.632293904886325],[-3.485214197381834,47.63232388020139],[-3.48528290037695,47.63222974297642],[-3.485481645366552,47.63243543913455],[-3.485592185388197,47.63246541408975],[-3.485498355575712,47.632353226260356],[-3.485580167968811,47.632366736814014],[-3.485720366870194,47.63253053309784],[-3.485764872753847,47.632347427476404],[-3.4859264732483,47.632248120425075],[-3.486486822413142,47.63246078663117],[-3.48642608896816,47.632400946322356],[-3.486666222967774,47.632288236194654],[-3.486574735847777,47.632085604103125],[-3.486473096672548,47.63201900888461],[-3.486543504161791,47.63226797148273],[-3.486240771663208,47.63208612680606],[-3.486222970086584,47.632159369141135],[-3.486043889350454,47.6321151460771],[-3.486038266118058,47.63217867920494],[-3.485842475885292,47.632216668793305],[-3.485671203951473,47.632126853361356],[-3.485555971863875,47.63227776865872],[-3.485286339639527,47.632148268555795],[-3.485101635370573,47.632167577138745],[-3.485044948519804,47.63236039159754],[-3.484914583515804,47.63227733050599],[-3.48463479536429,47.63228386571002],[-3.484651506830396,47.63220165295053],[-3.484846042651545,47.63226308110328],[-3.485024517932778,47.63197317607553],[-3.484713819731577,47.6319453055975],[-3.484788751291498,47.63212176552825],[-3.484638398882518,47.63209400489283],[-3.484638235619661,47.632202391310756],[-3.484554239087739,47.63217093875194],[-3.484032891683521,47.63249798044134],[-3.483802415989588,47.632799807620486],[-3.48366314919616,47.63275336612176],[-3.483522624963095,47.63280634015902],[-3.483486252879554,47.63272708050646],[-3.483429062436413,47.63324505321725],[-3.483228399589884,47.633572314729264],[-3.4832636797389,47.63364260375002],[-3.483409667185127,47.633634483428466]]]},"properties":{}},{"type":"Feature","geometry":{"type":"Polygon","coordinates":[[[-3.490720181428229,47.63233349269172],[-3.490352323680496,47.63205593809694],[-3.490338900898294,47.63216506353257],[-3.490288154750048,47.632077574359606],[-3.490038190220127,47.632109556356134],[-3.489937639894445,47.632051934774395],[-3.489931080601678,47.63199811103902],[-3.490081435492948,47.632025864863635],[-3.490028503440049,47.6319204343283],[-3.489784158246906,47.63188888245661],[-3.489819293174846,47.6320675559909],[-3.489729674972111,47.63209964046342],[-3.489704378895146,47.63200170253066],[-3.489599303314906,47.632016584588875],[-3.489389612821394,47.63172118910389],[-3.489227081217046,47.63170314389674],[-3.489205065503076,47.63163211772895],[-3.489134184045059,47.63170831602664],[-3.489255655567141,47.63182799383771],[-3.489194765728891,47.63187654139125],[-3.489011311254053,47.63179644034795],[-3.489064241174742,47.63190187135093],[-3.488928560374934,47.63166557511242],[-3.488848934259869,47.63167000816775],[-3.488828640848263,47.63194208253],[-3.489015374732402,47.632049095747576],[-3.4886882789164,47.631886676368026],[-3.488587575225627,47.631937440055864],[-3.488524654069915,47.631859659550145],[-3.48838850882843,47.631948522009765],[-3.488457832188149,47.63218851282685],[-3.488543234700513,47.63201216036354],[-3.488808347229767,47.63221415685049],[-3.488791951819796,47.63207959736129],[-3.489073924534796,47.632090993460515],[-3.489029893253101,47.6319489410889],[-3.489202263360332,47.63204772223399],[-3.489361670316478,47.631930469155584],[-3.489574947431867,47.63203600368401],[-3.489589158481557,47.63215262181604],[-3.489745132457178,47.632116842772675],[-3.489927495916705,47.63218797202843],[-3.489866606278874,47.63223651992316],[-3.490114385007415,47.63218659705572],[-3.490301122324823,47.63229360820446],[-3.490492536410052,47.632219728679445],[-3.490720181428229,47.63233349269172]]]},"properties":{}},{"type":"Feature","geometry":{"type":"Polygon","coordinates":[[[-3.483752010081217,47.63249554285472],[-3.483633991174883,47.63229438499644],[-3.483383095335129,47.63220899565852],[-3.483641966891939,47.632140406935136],[-3.483770145214042,47.63220552809406],[-3.483732680997142,47.63211729781385],[-3.483868834420273,47.63202844078832],[-3.483956106958298,47.63208680587711],[-3.48381214326382,47.6322212546627],[-3.483895047232521,47.632243737076266],[-3.484214049056216,47.631900858775296],[-3.484152390805197,47.631723660152105],[-3.484396130893463,47.631421093783175],[-3.484702619709968,47.63130469595452],[-3.485058589051955,47.631375204614145],[-3.48541362857692,47.631328355057],[-3.485497785804458,47.631251420545276],[-3.485440493804759,47.63111010521603],[-3.485582104132785,47.631066099493076],[-3.485502640138599,47.63096214378622],[-3.48529888324323,47.63115411076634],[-3.485347435478365,47.63122366080997],[-3.485160549636826,47.631225028157],[-3.485066398131232,47.63132961284987],[-3.484807858169817,47.63118143182615],[-3.484801141227778,47.63123599425089],[-3.484609886111213,47.631201478019584],[-3.484529004557754,47.631305323923236],[-3.484313391911818,47.63129022525318],[-3.484312135733726,47.63138964103758],[-3.484129782485397,47.63131850298649],[-3.484154903767498,47.63152482861592],[-3.483992045384718,47.63172354901743],[-3.483858242170151,47.63172196112361],[-3.483739729316977,47.631845962620346],[-3.483303799895037,47.63199665209566],[-3.482917843536205,47.632009088803656],[-3.482825870298258,47.63213161302376],[-3.48320821897006,47.632309037391124],[-3.4834161905364,47.63226134331732],[-3.483330936604046,47.63232930560636],[-3.483576372151624,47.63236984164946],[-3.483691279662838,47.63243570112519],[-3.483659110999748,47.63250071062846],[-3.483752010081217,47.63249554285472]],[[-3.483639782572141,47.632122465573254],[-3.483438530206123,47.63211559772885],[-3.483362345156327,47.63203855267236],[-3.483810453715943,47.63187815403641],[-3.483835738919483,47.631976093251446],[-3.483639782572141,47.632122465573254]],[[-3.484159108471786,47.6316690977784],[-3.484121643988444,47.63158086759848],[-3.484216725914771,47.63159364081064],[-3.484159108471786,47.6316690977784]]]},"properties":{}},{"type":"Feature","geometry":{"type":"Polygon","coordinates":[[[-3.429541343932997,47.64373461058533],[-3.429354688478406,47.64362750297652],[-3.429353880795961,47.64351014617097],[-3.429599876881676,47.64333402401558],[-3.429467404841822,47.643232959274954],[-3.429572519246872,47.643218131395365],[-3.429637001181099,47.64308814291861],[-3.429796297266093,47.64307935753031],[-3.429700674366201,47.64284079755349],[-3.4296110019515,47.64287283571669],[-3.429506163510693,47.64277927791935],[-3.429764621707977,47.64248506639049],[-3.429606410680172,47.64250282287417],[-3.429553587729352,47.64239736553983],[-3.429347695057928,47.6424629057369],[-3.429299481284449,47.642284947098936],[-3.429227416937028,47.642352137464805],[-3.428965198728622,47.64195117765399],[-3.42890288285531,47.64209910812535],[-3.428856837195384,47.64193909156106],[-3.428951117554769,47.64183455277342],[-3.428660441351494,47.641751242428164],[-3.428204780857933,47.64174024481815],[-3.427941181120188,47.64188121148175],[-3.428002664441659,47.64205843879695],[-3.427871002989321,47.64207472908897],[-3.427713350369179,47.64187571149674],[-3.427503929344048,47.642022720753026],[-3.427467634189179,47.64194344405735],[-3.427380127748994,47.64199342283939],[-3.427460333197744,47.64177226018232],[-3.427439478452731,47.641710193925576],[-3.427361998056871,47.64173252736393],[-3.427342505994422,47.641571046471874],[-3.427242808577206,47.64163072816753],[-3.427281268948605,47.64172794726797],[-3.427091096333573,47.64170230822239],[-3.427189431217062,47.641742041269424],[-3.427157188121541,47.64180703488342],[-3.427050190390913,47.64169553250613],[-3.427020112831366,47.6417784684097],[-3.426937218032819,47.64175594574965],[-3.42698678667281,47.641834490812556],[-3.426828576649586,47.64185224354081],[-3.426751657517167,47.64165780503691],[-3.426475624218341,47.64147434285365],[-3.425827161375263,47.64075149608974],[-3.425471491305403,47.6405724214692],[-3.425135308517048,47.64055482711153],[-3.425131776880893,47.64063629938283],[-3.425102265349944,47.6405024631805],[-3.425197633030705,47.640406898531104],[-3.424442152640162,47.640015054074226],[-3.423709189209311,47.639477471083836],[-3.42272699666558,47.63908907831067],[-3.420911031259126,47.638656297085376],[-3.420403973138085,47.63844039285699],[-3.419939197749262,47.63813184992948],[-3.41965701221573,47.63778615784969],[-3.419128842925485,47.63639740623381],[-3.418582697373804,47.63552439883603],[-3.418342217590885,47.63530283920285],[-3.418065947602221,47.635227742665286],[-3.417770217693735,47.63499116243267],[-3.417595508707482,47.634982719640554],[-3.417442239702598,47.63481957259049],[-3.417257501713241,47.63483877386861],[-3.417088498899834,47.63476680061188],[-3.416793856851214,47.63453918914006],[-3.416661129576639,47.63454649557194],[-3.416625936555296,47.63447618649485],[-3.416563896723198,47.63451572480986],[-3.416578551865654,47.63441557932566],[-3.416440420311289,47.63437802903629],[-3.41653795440759,47.634300413744526],[-3.416374787331662,47.63372239372086],[-3.416491299009671,47.63358051813529],[-3.416592500656637,47.63297891426107],[-3.416455579706097,47.6325078189605],[-3.416307423506603,47.632497913002055],[-3.416243526209703,47.63241112231256],[-3.416057715318336,47.63242135041086],[-3.41631161970628,47.63297631451941],[-3.416194678439907,47.6336690923314],[-3.416255811161052,47.633954712763995],[-3.416186205640004,47.63393145179455],[-3.416172630752911,47.63404056855421],[-3.416389968522884,47.63462463765333],[-3.416693859525097,47.63470724819411],[-3.416790791749074,47.634846404979875],[-3.417028320537524,47.63493266787346],[-3.416986039389878,47.63502530344781],[-3.417181888863008,47.634987429335084],[-3.417215701706914,47.63515715305943],[-3.417376838465059,47.63527471324871],[-3.417523921460135,47.63527564655529],[-3.417607284549413,47.635523919454016],[-3.417701575610085,47.635419389397185],[-3.417793888085842,47.635631046278576],[-3.417870282451367,47.63559974783811],[-3.417853467057699,47.63568195087022],[-3.418530766772534,47.63631293857813],[-3.418824832155599,47.636757317532016],[-3.419244452277207,47.63779984608995],[-3.419600573758427,47.638204683086585],[-3.420266322079267,47.63862859027944],[-3.420802092383117,47.63886097534749],[-3.422827703273833,47.63948088641525],[-3.422887580043134,47.639423402450895],[-3.423734589016538,47.639909551720265],[-3.424143568731414,47.64041983450419],[-3.424629809755749,47.64057365548547],[-3.424944003005897,47.64096272784077],[-3.425048031705229,47.64093893282781],[-3.424916656697786,47.64084683398781],[-3.424892557888995,47.640757853684576],[-3.424961093635504,47.64077213819718],[-3.425451619024584,47.64140435484464],[-3.425562093355448,47.64187690071741],[-3.425437726102465,47.64206437225183],[-3.425510310653355,47.642222926879775],[-3.425431746124159,47.64223628785714],[-3.425374601408645,47.64209494391369],[-3.425244820234482,47.642237559340614],[-3.425365089830297,47.64234833171892],[-3.425464790688151,47.6422886516478],[-3.42533740577819,47.642783337836086],[-3.425475848808082,47.64271249173336],[-3.425703399904736,47.64282638178757],[-3.425666307318652,47.64262974768108],[-3.425735928317135,47.642653002896914],[-3.425816941457445,47.642549198340085],[-3.425919325077783,47.64273320283437],[-3.426081868816798,47.64275133601512],[-3.426074289917997,47.642688537842645],[-3.426202423291494,47.642753721794485],[-3.426205953433195,47.64267224958045],[-3.426374192462618,47.6426268524718],[-3.426398056588282,47.6423817040492],[-3.42642079435048,47.64257009852606],[-3.426580089418431,47.6425613175202],[-3.426610449255733,47.64236999603331],[-3.426678706519021,47.64249266525597],[-3.426980772955613,47.642448920648334],[-3.427113238339718,47.642549988249414],[-3.427068802934023,47.642624684789546],[-3.427232429625398,47.64265178752934],[-3.427134615731255,47.64283779712432],[-3.427197460333368,47.642915610230524],[-3.427030303958756,47.642969979675314],[-3.427140832939255,47.643000009768556],[-3.427142718633916,47.64312633777625],[-3.427223729756266,47.64302253226956],[-3.427299849416908,47.64309961347999],[-3.427223449845797,47.643130917964605],[-3.427271657460335,47.64330887738091],[-3.427449678930734,47.64290170519687],[-3.42751035817576,47.64296157582493],[-3.427564819038731,47.64285923380008],[-3.427562060755397,47.64350057678878],[-3.427632800042818,47.64309028813228],[-3.427747940411968,47.6430478165592],[-3.427798626416374,47.64269281840202],[-3.427848197194495,47.6427713630612],[-3.427934899923844,47.64260402707816],[-3.427873416198827,47.642426799777596],[-3.428288731310189,47.64221425191554],[-3.428439082880919,47.64224208492434],[-3.428413894487747,47.64214413426371],[-3.428602986199676,47.642160800003644],[-3.428731121394725,47.64222598120024],[-3.42868721778603,47.642526420984815],[-3.428840543303147,47.642689552627935],[-3.428683414499182,47.642716279001824],[-3.42865603430786,47.64304290012431],[-3.428812080921808,47.64300720265097],[-3.42878958750352,47.643152936935216],[-3.428887926324772,47.643192668522765],[-3.429026365702737,47.64312181822823],[-3.429191078144501,47.643157889356225],[-3.429286443248394,47.64306232150131],[-3.429344958222384,47.64310424889971],[-3.429032566952867,47.64372654458503],[-3.42919350011238,47.643509959819234],[-3.429224106814968,47.64365276591279],[-3.429319197087506,47.6436655837254],[-3.429208389620523,47.643743941368456],[-3.429541343932997,47.64373461058533]],[[-3.429352008945729,47.64294130430804],[-3.429110898878122,47.64293653912478],[-3.429149915589409,47.64281698612795],[-3.429378833763916,47.64283145444545],[-3.429312736347234,47.64272672909695],[-3.429492888909614,47.6427800100105],[-3.429352008945729,47.64294130430804]],[[-3.428939710577664,47.642404126998514],[-3.428942153343913,47.642313683544224],[-3.429050515657122,47.64232576955568],[-3.428939710577664,47.642404126998514]],[[-3.426739665324557,47.64244415057064],[-3.426719893956029,47.64239105537004],[-3.426853722186638,47.642392708701614],[-3.426739665324557,47.64244415057064]],[[-3.427662385558771,47.64233909550845],[-3.427628255855518,47.64227776118553],[-3.427733368890066,47.64226293495315],[-3.427662385558771,47.64233909550845]]]},"properties":{}},{"type":"Feature","geometry":{"type":"Polygon","coordinates":[[[-3.438800895042462,47.62526994528731],[-3.438804404799756,47.62518847195691],[-3.438921666670103,47.62516393124167],[-3.43887318044203,47.62509436169667],[-3.438991526586063,47.625078792040775],[-3.438920009802453,47.62492921551552],[-3.439009390601989,47.62500555664898],[-3.439122569503238,47.62483674446836],[-3.439439964986637,47.62481017631773],[-3.439675825525517,47.624661677855414],[-3.439430458791921,47.62462104942135],[-3.439439135417035,47.62469281844053],[-3.439327552864657,47.62465382856895],[-3.43932729762595,47.624762215321404],[-3.439220053183791,47.62475910986047],[-3.439276642129548,47.62467470367294],[-3.439167228799203,47.62465365590567],[-3.438948146389026,47.62471994681693],[-3.439314793433841,47.62443778825987],[-3.43926413826579,47.62435027659137],[-3.439647304715931,47.624094297123015],[-3.439620189769335,47.623870018906445],[-3.439498592768845,47.62385867581775],[-3.439544334533545,47.623684558150096],[-3.439307648680692,47.62371569848439],[-3.439230454799122,47.62362965319122],[-3.439519134520166,47.62358660894497],[-3.439545928690952,47.6234767556499],[-3.43937450758234,47.623495258773865],[-3.43947224338533,47.623309237074466],[-3.439115047939551,47.623338004912945],[-3.439218206914582,47.62319683909699],[-3.439057887225156,47.6231966662835],[-3.438981778967279,47.62311959194101],[-3.438991539219028,47.623200332187174],[-3.43883230396714,47.623209130202234],[-3.438804424017158,47.62331001220928],[-3.438680659617965,47.62328072598664],[-3.438477848098634,47.623481583163404],[-3.438485438861672,47.623544381154076],[-3.438646844016611,47.62355352589314],[-3.438581323203056,47.62367454951447],[-3.438675039145751,47.62378677551064],[-3.438766842954515,47.62377267235051],[-3.438770668019491,47.6240253304915],[-3.438608176990619,47.62400721478773],[-3.438552101315393,47.62387484709804],[-3.438402109252081,47.62418115834628],[-3.438307308814092,47.624059961013316],[-3.43821550438987,47.62407406381014],[-3.438289701494337,47.62402480954809],[-3.438185711659932,47.6240486165589],[-3.438266672356387,47.623944802372584],[-3.438000192017673,47.623950492813734],[-3.437901623732014,47.62401915529121],[-3.438008092868488,47.62434742230008],[-3.438135112433859,47.62440362264148],[-3.438063909888178,47.62458817697819],[-3.438218039420245,47.624868655710934],[-3.438163359732639,47.62507939038499],[-3.438286043623914,47.62509970599269],[-3.438178798564321,47.62509659957624],[-3.438114359163304,47.62522659397603],[-3.438201570540573,47.62528499344253],[-3.438391947144062,47.62520222790153],[-3.438647332500073,47.62521521197222],[-3.438778120957513,47.62508155153639],[-3.438800895042462,47.62526994528731]],[[-3.4387729549461,47.624928309142135],[-3.438662456841128,47.62489828977234],[-3.438663797881641,47.62479887416284],[-3.438869354815265,47.62484170369794],[-3.4387729549461,47.624928309142135]],[[-3.438781709836678,47.62356413671811],[-3.438669045697186,47.6235161750561],[-3.438839382662948,47.62348870182943],[-3.438781709836678,47.62356413671811]],[[-3.438877022767778,47.62346856006791],[-3.438843976697857,47.6234161995619],[-3.438986689479455,47.62338122129723],[-3.438877022767778,47.62346856006791]]]},"properties":{}},{"type":"Feature","geometry":{"type":"Polygon","coordinates":[[[-3.449283501981268,47.623471114657924],[-3.449266592786709,47.62311080427724],[-3.449317028225844,47.623306698517325],[-3.449418222454544,47.62303919474289],[-3.449628978219539,47.62323524744799],[-3.449503504716612,47.6229712568846],[-3.4495700861501,47.62285919813512],[-3.449794111179788,47.62305451618074],[-3.449749489668646,47.62323760895557],[-3.449873026218221,47.62337527030125],[-3.449979182174923,47.62336939494763],[-3.449899798976454,47.62326541461992],[-3.450002695734746,47.62323262613462],[-3.450055540117024,47.623338075264975],[-3.450128638926143,47.62327984242905],[-3.450241312861327,47.62332779304233],[-3.45031115232059,47.62324264699154],[-3.450430344730212,47.623344423618164],[-3.450498476193479,47.62302456166583],[-3.450609366523546,47.62338870147354],[-3.450697907159301,47.62334767584422],[-3.450645061498653,47.62324222700499],[-3.450803208440975,47.623224441856905],[-3.450666632637052,47.62297912911914],[-3.450605328382533,47.62269352510511],[-3.450723665781207,47.62267794354283],[-3.450573200875182,47.62220762028453],[-3.450465960911815,47.62220452514539],[-3.450551862027094,47.62236233135384],[-3.450462857674452,47.62262013068939],[-3.450570720077879,47.622848970635076],[-3.450448036685564,47.62282866790755],[-3.450280192119612,47.622214807731304],[-3.45016682084021,47.62249201785104],[-3.450073935924034,47.62249715894226],[-3.450152851819854,47.62281791296558],[-3.450078667339031,47.62286717479377],[-3.449923394973617,47.62257774038738],[-3.450032574795187,47.62270716499035],[-3.450034980924386,47.622616720177696],[-3.449862713763897,47.62251788077088],[-3.449901902835559,47.622289932680566],[-3.449600203630248,47.622225350091426],[-3.449541226656024,47.62240020620302],[-3.449658243212125,47.6224840415747],[-3.449589489946121,47.62257815831091],[-3.449731725236503,47.6227599406794],[-3.44948791502125,47.6225115305935],[-3.449376094863605,47.62258093717349],[-3.449366935532864,47.62272594259513],[-3.449344125245887,47.622537550659715],[-3.449210346098689,47.62253592307201],[-3.449107214824085,47.62267709776017],[-3.449129789006631,47.62297387660105],[-3.448847730490203,47.62251986545506],[-3.448753523207313,47.62262442133793],[-3.448735059511984,47.6224719134775],[-3.448420564946278,47.62219128831792],[-3.448240225846077,47.62224642293467],[-3.448229365775521,47.62215671236518],[-3.448144083193222,47.622224649321545],[-3.448079060459428,47.622128904535266],[-3.448107296047377,47.62236215204489],[-3.447973042028805,47.62257729683123],[-3.448013223195004,47.6229092259291],[-3.448138552539413,47.6227306995719],[-3.448087884526937,47.622643191653964],[-3.448232286915986,47.622842917953164],[-3.448295237811315,47.62236981502721],[-3.448444694588869,47.62228026461747],[-3.448497298340909,47.62249410140247],[-3.448575828039784,47.62248072477965],[-3.448667154455187,47.62268338761002],[-3.448763298147547,47.622705160787426],[-3.448652562731147,47.62278353771717],[-3.448766320402157,47.62284046081572],[-3.448823978337371,47.62276502096935],[-3.448831345235237,47.622936205184395],[-3.448698887407794,47.62283516118538],[-3.448619034768659,47.622947953711225],[-3.448763676041857,47.62303929246017],[-3.448854625658595,47.62290782344784],[-3.448924231034979,47.62293106508254],[-3.449122801289326,47.623136824062975],[-3.449157559086128,47.623423897456796],[-3.449283501981268,47.623471114657924]],[[-3.450396201013168,47.623283095346366],[-3.450266998468634,47.62320896624054],[-3.450313790927309,47.623043815332885],[-3.450396201013168,47.623283095346366]],[[-3.448086798535769,47.62263422059768],[-3.448013935976207,47.62258406528888],[-3.448097047317689,47.62249818632647],[-3.448086798535769,47.62263422059768]]]},"properties":{}},{"type":"Feature","geometry":{"type":"Polygon","coordinates":[[[-3.458181608785772,47.621388844189035],[-3.458176604388213,47.62112721537984],[-3.458409571708974,47.62128589784093],[-3.458500278287762,47.621262808185975],[-3.458289714455363,47.620958384294916],[-3.458421098082353,47.62105044654619],[-3.458580323662342,47.62104162181521],[-3.458616650805872,47.6211208896955],[-3.458587282238752,47.6208786736133],[-3.458516371362488,47.62095485374879],[-3.458233376348661,47.62093441285511],[-3.458175079945506,47.62078411244092],[-3.458265785773151,47.620761022962135],[-3.458314293335366,47.62083058460972],[-3.458450460273387,47.62074175669845],[-3.458292323233881,47.62075955222379],[-3.458268177866306,47.62067057788996],[-3.458395426514495,47.62061836928707],[-3.458253821498389,47.620662342286415],[-3.458255125949685,47.6205629262387],[-3.458208577118768,47.6206196935222],[-3.458123526750539,47.62057925080102],[-3.458184215018842,47.62063910618485],[-3.458078935874929,47.62076234698977],[-3.457939940299747,47.62060748752338],[-3.457894478693819,47.620673225654095],[-3.457763096903295,47.620581162792554],[-3.457863155714124,47.62085558642541],[-3.457639979907269,47.62077764162531],[-3.457839880975053,47.62088396998729],[-3.457775494535372,47.62101397551153],[-3.457914708176801,47.621060448151155],[-3.458100907803073,47.62138428534021],[-3.458181608785772,47.621388844189035]],[[-3.458111999166508,47.62081470212335],[-3.458053486034665,47.62077278865181],[-3.45817181700141,47.62075719952775],[-3.458111999166508,47.62081470212335]]]},"properties":{}},{"type":"Feature","geometry":{"type":"Polygon","coordinates":[[[-3.45695671012486,47.620780441014524],[-3.456840592365209,47.62079484375528],[-3.456776862981692,47.62059968771158],[-3.456988074868023,47.6205789533585],[-3.456908682167994,47.62047497764594],[-3.457052243467547,47.62055733526195],[-3.456998300574037,47.62044291816357],[-3.457219517973158,47.62039453521506],[-3.45719646203299,47.62031453162508],[-3.45730043611336,47.62029070764335],[-3.457485978505709,47.620388800913986],[-3.45763019189529,47.620696902839335],[-3.457457047756342,47.62048071653801],[-3.457368517069853,47.620521747351496],[-3.457310223552166,47.62037144647378],[-3.457128593237831,47.620526010910076],[-3.45737112383658,47.62087382132517],[-3.457178186581991,47.620604544019464],[-3.456952618513249,47.62061704295237],[-3.457149255185787,47.62069645955706],[-3.457161217426485,47.6207951403442],[-3.457063986287747,47.62076440307715],[-3.456991985938669,47.62083161131048],[-3.457177748624326,47.62082131804177],[-3.457275848650397,47.62096941319233],[-3.457103354269436,47.6209789713815],[-3.457197104413916,47.62109118266828],[-3.45704570996309,47.621054415383874],[-3.457040921592129,47.621235305438205],[-3.456902795698403,47.62119780274219],[-3.456888658967498,47.621081179985914],[-3.456801055551251,47.621109713416736],[-3.456800738449439,47.621066823740925],[-3.456711814520329,47.621054853669655],[-3.456782969404767,47.621115604268695],[-3.456721601209022,47.621135592517774],[-3.456911056209783,47.62148634453522],[-3.456729860731446,47.621424134332834],[-3.456767920612049,47.62173811865335],[-3.456675037643593,47.62174326499627],[-3.456520599852592,47.62157119714173],[-3.456582154657229,47.62174841126532],[-3.456548872027599,47.62180444267603],[-3.45647817741728,47.621772234589756],[-3.456508624300263,47.62202342207193],[-3.45634722071587,47.62201430200952],[-3.456434005798862,47.62228946181317],[-3.456357873749438,47.62221239875946],[-3.456353303603974,47.62228490175892],[-3.456295877604015,47.622251958419675],[-3.456308705232265,47.62246799711141],[-3.45621582094964,47.62247314308722],[-3.456133386029804,47.622233867081036],[-3.456122936649108,47.622478288989136],[-3.456182537483678,47.62252917437267],[-3.456243446676294,47.622480643797125],[-3.456279771329136,47.62255991234568],[-3.456250837326371,47.62265182756844],[-3.456097264427968,47.62259711712304],[-3.456215158127101,47.62279830379426],[-3.45597935183345,47.62294683579434],[-3.455725282337795,47.622834473701744],[-3.45566958657173,47.623036245803064],[-3.455575613981049,47.623032420284275],[-3.455548210359939,47.62291653253611],[-3.455423127910601,47.62298667994821],[-3.455339385818607,47.622846819349284],[-3.455192977576887,47.623071678400905],[-3.455098587410794,47.62273372085245],[-3.454935007632509,47.622706656860295],[-3.454962856784444,47.62260577097365],[-3.454855615766921,47.62260267986571],[-3.454927621194198,47.622535473010565],[-3.454858237416123,47.622403848039326],[-3.454511064324644,47.622405015012276],[-3.454304642017349,47.62224485503502],[-3.454250253449993,47.622347210608176],[-3.45397966037203,47.62220866659076],[-3.453958331395591,47.62236337828222],[-3.453893298065252,47.622267636739956],[-3.453662922273582,47.62246101911967],[-3.453567003340014,47.62233086306159],[-3.45327096066075,47.62220275807225],[-3.453268560032622,47.622293202970745],[-3.45336470489881,47.6223149723647],[-3.453149769902025,47.622525560931855],[-3.45299991592242,47.622280985619646],[-3.452729098407849,47.62225082562081],[-3.452624890240708,47.622383032421354],[-3.452716459904985,47.62247730519411],[-3.452585941037524,47.62250259451456],[-3.452533092484078,47.622397146483834],[-3.452441294678907,47.622411260474045],[-3.452615283268619,47.622744811903175],[-3.452558489092721,47.62293761151727],[-3.452240711616824,47.622630083667595],[-3.452137817394532,47.62266287413472],[-3.452043217881807,47.622433300955095],[-3.451931630848109,47.622394323079796],[-3.451867228198864,47.622524325245664],[-3.451736708814156,47.6225496136165],[-3.451727555900809,47.622694619225534],[-3.451557458502113,47.62261372436757],[-3.451502603272124,47.62293285240741],[-3.451388611744701,47.622984318853334],[-3.45131357252658,47.62291622356349],[-3.451339880409063,47.62302314128083],[-3.45113300270412,47.62307974949748],[-3.450891589191334,47.62274089755304],[-3.450858068151532,47.622905314193375],[-3.450674312197171,47.62249102087986],[-3.450792881076532,47.62236705234229],[-3.450926196491616,47.62258545191937],[-3.450987110526716,47.62253692408654],[-3.451020167962163,47.62258928117987],[-3.451070217011853,47.6224510430064],[-3.451168534276973,47.622490756265016],[-3.451201822981493,47.622434726407434],[-3.451241399672896,47.622540909608176],[-3.451451534834863,47.62251121426089],[-3.45149443783598,47.62209340488061],[-3.451662360316348,47.62215635780153],[-3.451868377030564,47.62198239066945],[-3.451977560349865,47.6221118134938],[-3.45198562585164,47.62195783679859],[-3.452068500471746,47.62198034191629],[-3.452116542545669,47.62226667993612],[-3.452170935121948,47.62216432535241],[-3.452266850352562,47.62229448256813],[-3.452209885007786,47.62204476337684],[-3.452351269885052,47.62210918466412],[-3.452234707962452,47.6218085781051],[-3.452415270110658,47.6216450503611],[-3.452625172867445,47.62172373983739],[-3.45263689877271,47.621930807973435],[-3.45272000166025,47.621844925692685],[-3.452803735318215,47.62198478824159],[-3.452776338252037,47.62186889978077],[-3.45285377918273,47.62184654926097],[-3.453064315519796,47.62215098281294],[-3.452969712929923,47.62192141032339],[-3.453127855184967,47.621903622015594],[-3.453232694022566,47.62199715962259],[-3.453211817040227,47.621935097335324],[-3.453292518437917,47.62193965956108],[-3.453420182009847,47.622221588210905],[-3.453402385072109,47.62174392024427],[-3.453507450512705,47.621729070667875],[-3.453773466314634,47.621940118724766],[-3.453698651569869,47.621763637987605],[-3.454088212796301,47.62211234258165],[-3.454326832198229,47.62220750119727],[-3.454374473579007,47.622159706507276],[-3.454382082853541,47.62222250350619],[-3.454630935343255,47.62218162664984],[-3.454882825176324,47.622276049171255],[-3.455197995381968,47.62278240170372],[-3.455351790587031,47.62272872643382],[-3.455628048311523,47.62280373527146],[-3.45580729437284,47.62273961827944],[-3.455678529692479,47.62244872132749],[-3.455858640128769,47.6225019621436],[-3.455865607203008,47.62233901422612],[-3.455967189759083,47.62240563640267],[-3.456051375351123,47.62232872275696],[-3.455853647011272,47.622240333384504],[-3.455902595924083,47.622093122129215],[-3.455966766783186,47.62207150464585],[-3.45595545083209,47.62219856865165],[-3.456050730576227,47.622102977921976],[-3.455988955729009,47.62203415048899],[-3.456197556964632,47.62221224947244],[-3.45625737842757,47.622154747898655],[-3.456205848714539,47.621398979792076],[-3.456340712578307,47.62140957035319],[-3.456355289504009,47.62130941921532],[-3.45627154760092,47.621169559164294],[-3.456420767120325,47.62118838547925],[-3.456552794975616,47.62150619474964],[-3.45664893976359,47.62152796144882],[-3.4566458976057,47.62139266153397],[-3.456790768165745,47.621375603444314],[-3.456596744635093,47.62109735426501],[-3.456690713892744,47.621101178966],[-3.456695283478641,47.621028675909265],[-3.456605663907328,47.62106073514948],[-3.456656784457085,47.62093146545885],[-3.456775116183368,47.62091587775119],[-3.456720086117073,47.62079248956139],[-3.456912153818171,47.62094440962166],[-3.456883660935099,47.62081955108003],[-3.45695671012486,47.620780441014524]],[[-3.456969537710458,47.62077357319711],[-3.45707181772182,47.62071881293816],[-3.456920424413251,47.62068204548433],[-3.456969537710458,47.62077357319711]],[[-3.455906924569216,47.62267991163106],[-3.455924986107164,47.62249828665709],[-3.455836450897319,47.622539316266725],[-3.455906924569216,47.62267991163106]]]},"properties":{}},{"type":"Feature","geometry":{"type":"Polygon","coordinates":[[[-3.446038214112959,47.621082751849215],[-3.446068291606138,47.62096675697371],[-3.446179871374756,47.62100574047938],[-3.446376978432742,47.621861825993385],[-3.446410753461392,47.62158902361309],[-3.44647951105746,47.62149490870034],[-3.44655237068891,47.62154506499443],[-3.446649232544101,47.621241679069406],[-3.446765156276979,47.621316546313714],[-3.446823901144597,47.621250078470716],[-3.446933070736675,47.62137950605921],[-3.44684791368676,47.6218899609192],[-3.447071317888025,47.62185953937201],[-3.447041761735549,47.62172570741899],[-3.44716769875306,47.62177292694275],[-3.447197972985109,47.62158159805802],[-3.44736504184488,47.621527199161456],[-3.447650578547621,47.621899740386105],[-3.447505095011845,47.621691042204894],[-3.447482291737289,47.62150264980579],[-3.447571917528637,47.621470597573804],[-3.447911380089306,47.62195755954081],[-3.447818019911297,47.62217947267433],[-3.447913924556169,47.62230963346357],[-3.447824535537281,47.62223329903895],[-3.447706807768731,47.622474622530255],[-3.447730326756138,47.62233785411188],[-3.447457817613779,47.622072965946906],[-3.447338394748919,47.62207957313924],[-3.447338155786849,47.62218796005205],[-3.447287728666037,47.621992064844925],[-3.44725769364879,47.62207500679969],[-3.447149607666923,47.62195455062903],[-3.446946226777448,47.6219296777435],[-3.446895927677863,47.62217630109913],[-3.446772161468752,47.62214702343379],[-3.446694477286923,47.62227775682412],[-3.446749005392318,47.6226179234241],[-3.446622221426013,47.62245334550853],[-3.446597613808982,47.62258114262525],[-3.446700271017193,47.62265674392303],[-3.446515826288183,47.62256760470379],[-3.446470108218829,47.622741725200974],[-3.446448271231608,47.62211978510267],[-3.446366484455496,47.62210624707343],[-3.446340912436435,47.622667591731506],[-3.446323178692659,47.62218992279749],[-3.446123898470151,47.62230931968612],[-3.446188314845912,47.62217932067318],[-3.446208098091258,47.62223241313224],[-3.446295554510486,47.62218241974006],[-3.446281078339638,47.62173166391218],[-3.446132343695801,47.62149605076809],[-3.445963102453298,47.621532505739985],[-3.445884089670989,47.62176265448562],[-3.445853692927045,47.621511464202406],[-3.445650915117782,47.62171233401645],[-3.44573354446773,47.62184323056058],[-3.445665027466299,47.62182895809401],[-3.44573317672974,47.62250252308492],[-3.445539091645754,47.6217817369513],[-3.445418583669537,47.62177937109766],[-3.445403986098321,47.621879520845376],[-3.445330041577985,47.62182039275783],[-3.445355008431522,47.6220267277155],[-3.445212789998048,47.62184493994882],[-3.445331240458738,47.62227188258135],[-3.445479373653946,47.622281751781145],[-3.445407113791011,47.62245733971347],[-3.445533051088583,47.622504560982115],[-3.445588900117524,47.62274531229107],[-3.44540361429008,47.622538813356364],[-3.445297216373732,47.622653071436496],[-3.445375504158881,47.62274808384399],[-3.445277190729612,47.6227083657142],[-3.445364405828353,47.622766759907826],[-3.445232797256364,47.622783069926335],[-3.445339552032241,47.623002943602245],[-3.445192857920218,47.623336176943305],[-3.445259318445523,47.623775025913304],[-3.44512276670909,47.62352970676284],[-3.445012134965419,47.62405059854138],[-3.444990424976369,47.62387117696345],[-3.444911892333723,47.62388455116599],[-3.444940358851473,47.6240094124303],[-3.444880767081025,47.62395852134908],[-3.444887767854281,47.623795574209986],[-3.444742642685523,47.62392100432462],[-3.444679794871508,47.62384319989317],[-3.444559037667272,47.62394921996438],[-3.444483026736635,47.62431466751075],[-3.444197603198916,47.62438463726313],[-3.443924609334047,47.62433651471253],[-3.443873107396587,47.62413164715947],[-3.443782143426704,47.624263112209704],[-3.443617479428346,47.62422706129922],[-3.443541017903245,47.62381585847071],[-3.443421837576139,47.62371407483852],[-3.443418334962895,47.623795548369266],[-3.443251502249842,47.623741554744996],[-3.443137253542326,47.623901399924904],[-3.443054379705618,47.62387888849214],[-3.443149685548827,47.62378330837085],[-3.443130399795833,47.62351344179369],[-3.443368414765304,47.62338287797385],[-3.443310404686026,47.623124183485224],[-3.443466038534271,47.62275433439256],[-3.443316722535934,47.622292972907154],[-3.44343698469478,47.62240372782154],[-3.443477039525028,47.6222931398749],[-3.443354607159061,47.62216444279057],[-3.443338920424937,47.62225562115831],[-3.443359194947869,47.62209194029625],[-3.443227834734238,47.62199986115217],[-3.443422532600155,47.6219529716909],[-3.443409510306518,47.62184531845332],[-3.443512753336717,47.62214666750425],[-3.443610817888686,47.62229477402985],[-3.4436749939668,47.6222731633025],[-3.443702125137247,47.62249744076147],[-3.44357051672138,47.622513748909135],[-3.443546986999286,47.622650516477286],[-3.443666165190614,47.62275230003742],[-3.443575449666601,47.62277537815343],[-3.443505106579953,47.62307729391339],[-3.443558776574455,47.62330010393055],[-3.443694727997007,47.62331968017913],[-3.443645744295598,47.623466886223525],[-3.443842371666603,47.623546325115115],[-3.443871819530657,47.62323763933347],[-3.443737792519049,47.62334439231922],[-3.443816570778868,47.623222632060546],[-3.443948180867192,47.623206323641575],[-3.444053845869096,47.623417227353656],[-3.444325994857483,47.62334799170151],[-3.444422733592012,47.62359551319481],[-3.444567262399321,47.62324433869308],[-3.444584521854293,47.62294535758139],[-3.44448970957532,47.622824165189776],[-3.444576083169327,47.62276520201121],[-3.44449212510061,47.62273372049695],[-3.444595024155213,47.62270093676687],[-3.444640151779508,47.62230107212741],[-3.444745220753292,47.62228623043771],[-3.444968029901634,47.62203006801637],[-3.445030876001208,47.62210787236521],[-3.445045717950856,47.62189933575776],[-3.445165982809958,47.622010088914216],[-3.445060803368525,47.62158241219031],[-3.445228716654406,47.62164537437759],[-3.445166114180557,47.621459183173855],[-3.445302547688808,47.62126198366781],[-3.445498083874473,47.621332448773764],[-3.445615692379429,47.621642033212325],[-3.445547060509807,47.62118524179116],[-3.445624503475075,47.62116289605703],[-3.445660811463728,47.621242167961114],[-3.445739824438263,47.62101201930505],[-3.445663467291351,47.62104333620359],[-3.44564609851557,47.620899798818016],[-3.445783372273441,47.62081995676699],[-3.4458644310856,47.62115865613276],[-3.445926675514104,47.62101071501845],[-3.446038214112959,47.621082751849215]],[[-3.444895012514242,47.62352424022953],[-3.445061004300871,47.62346087360094],[-3.445086701502994,47.62334204794676],[-3.44490950161323,47.62298157215373],[-3.444823725345359,47.62326628035828],[-3.444895012514242,47.62352424022953]],[[-3.446629979178587,47.62186547257775],[-3.446548391868652,47.62184331257657],[-3.446624509230881,47.621920382038574],[-3.446629979178587,47.62186547257775]]]},"properties":{}},{"type":"Feature","geometry":{"type":"Polygon","coordinates":[[[-3.459734298927847,47.62174531583491],[-3.460059494785455,47.62167310131532],[-3.460320733860828,47.62151411883414],[-3.460080144001088,47.62129264354892],[-3.459996605624168,47.621044399172675],[-3.460224137985971,47.6211582232599],[-3.460141474168393,47.62102733692377],[-3.460357251044194,47.62093409328705],[-3.460465364759198,47.62105453729622],[-3.460428159266,47.620857912033074],[-3.460517988399523,47.62071746284232],[-3.460641122987083,47.62107188698223],[-3.460856687659037,47.62108702942467],[-3.460825132757152,47.62082687200956],[-3.460914749401901,47.62079480952775],[-3.460966524804211,47.62089128290756],[-3.461069410188676,47.62085848463292],[-3.461055264445666,47.620741862360816],[-3.461180334234779,47.62067170883631],[-3.461124206099491,47.62053935176232],[-3.461432438867945,47.620657730286524],[-3.461587519927943,47.62050463066099],[-3.461682576732013,47.620517422287186],[-3.461621674723787,47.62056595574805],[-3.461820704222819,47.62055491934336],[-3.461918356426997,47.62036887858767],[-3.462071928880624,47.62042358144143],[-3.462285523284367,47.62031239233967],[-3.462509792297361,47.62039929921349],[-3.462411678800157,47.62025120841623],[-3.462525445743998,47.62030811818673],[-3.462596350040426,47.62023193559192],[-3.462818442382703,47.62030090001267],[-3.46294200583427,47.62043854774097],[-3.463087960259768,47.620430452760125],[-3.46306271858782,47.620332508475414],[-3.463236504979356,47.62022352536102],[-3.463262160168574,47.62010469551358],[-3.463475132243577,47.62031866537762],[-3.463408113632811,47.62009660013126],[-3.463263455279857,47.62000527938167],[-3.463201260067164,47.6201532298084],[-3.463104026620267,47.62012249755981],[-3.463128179799307,47.620211470918704],[-3.463033123193636,47.62019868046709],[-3.462994820397298,47.619993085006],[-3.462798177620349,47.619913678214836],[-3.462902822139124,47.620115594293985],[-3.462838656439809,47.6201372156099],[-3.462676584711605,47.61990235923389],[-3.462749249720085,47.62006089252418],[-3.462496268068825,47.619957515926856],[-3.462513681841305,47.620101050872655],[-3.462424275646733,47.62002472753675],[-3.462364254765898,47.620190619384566],[-3.462093651563495,47.62005209401327],[-3.462020988513791,47.61989356031436],[-3.462061673125254,47.62000871092483],[-3.461978797353855,47.61998621287552],[-3.462005125151409,47.620093128350376],[-3.461937694313942,47.620087836356156],[-3.462053636978966,47.62016268846864],[-3.461949665269223,47.62018651668348],[-3.461971640001034,47.62025754840223],[-3.461688857179593,47.62012872882471],[-3.461732596229969,47.62037917939891],[-3.461299506508013,47.620222568407584],[-3.461198587967934,47.62038169582603],[-3.461384137838773,47.620479782899054],[-3.461294522004743,47.620511845746215],[-3.46117075176007,47.620482583314434],[-3.461025430401505,47.62016551478017],[-3.460912330665721,47.62033434858315],[-3.460718953925103,47.62028185114855],[-3.460664579655583,47.62038420981148],[-3.46066696766795,47.62029376467275],[-3.460531017730609,47.62027420814988],[-3.460431821937877,47.62011714472785],[-3.460259993422772,47.62035245262279],[-3.460359189147202,47.6205095161718],[-3.460278489307803,47.620504958825585],[-3.460288281289718,47.62058569739754],[-3.460228678711539,47.62053481405846],[-3.460087075427093,47.620578789282426],[-3.460064463717245,47.62083291827742],[-3.459960489814403,47.62085674471321],[-3.459953087517826,47.62068556101908],[-3.459788209958272,47.6207579198575],[-3.459916118428232,47.62093145457613],[-3.459758855493503,47.62106661003897],[-3.459687072015939,47.62102543292776],[-3.459693599467946,47.621079258661524],[-3.459521105165014,47.621088820420994],[-3.45961377268536,47.621192058804986],[-3.45948543598309,47.621235297763285],[-3.45950740786785,47.62130632990742],[-3.459321643943788,47.62131662687897],[-3.45934687921745,47.62141457192267],[-3.459215493097865,47.62132251073004],[-3.45904734914862,47.62136795562327],[-3.458652106308024,47.6210827996063],[-3.458944461540054,47.621400752108016],[-3.458912269392723,47.621465755162895],[-3.45931229719535,47.62157002014404],[-3.459436942423535,47.62171664244695],[-3.459734298927847,47.62174531583491]],[[-3.459729714490109,47.62126691318209],[-3.459627041504469,47.62119132328358],[-3.459705566497479,47.62117793916861],[-3.459729714490109,47.62126691318209]],[[-3.460785749929299,47.62061230494325],[-3.460711790129543,47.62055318655686],[-3.460810322674826,47.620484504710134],[-3.460785749929299,47.62061230494325]],[[-3.460823591301592,47.62048376905253],[-3.460849251986587,47.62036493975104],[-3.460908854966584,47.62041582277783],[-3.460823591301592,47.62048376905253]],[[-3.462892404165744,47.620360017072606],[-3.462743392358286,47.620232811973196],[-3.462789936029855,47.62017604287108],[-3.462911529585967,47.620187361732405],[-3.462892404165744,47.620360017072606]],[[-3.462513473697182,47.62020943792458],[-3.462433862479922,47.62021385300017],[-3.462422978972278,47.62012414365835],[-3.462513473697182,47.62020943792458]]]},"properties":{}},{"type":"Feature","geometry":{"type":"Polygon","coordinates":[[[-3.430700180363051,47.621021103650094],[-3.430763549696489,47.62088214183511],[-3.43088297193147,47.620875551586764],[-3.430829622913261,47.620986867544616],[-3.430971251370334,47.620942927806084],[-3.430986958841276,47.62085175103913],[-3.431263444199282,47.62081843062797],[-3.43074513799581,47.620729630998284],[-3.431134546043221,47.62063589330783],[-3.43128592145407,47.62067269418612],[-3.431449754217125,47.6205914043665],[-3.431486583045147,47.62045390676791],[-3.431275633325765,47.620366208029715],[-3.431472502033308,47.62033728089671],[-3.431517183800812,47.62015419483679],[-3.431394513850625,47.62013387206775],[-3.431717029976524,47.61981804873771],[-3.431576759228604,47.619762573621074],[-3.431639041620669,47.61961464001786],[-3.431330880958665,47.61949618280856],[-3.431437302472047,47.61938193726813],[-3.431415640002981,47.61920251273955],[-3.431178701467446,47.618899504298945],[-3.431053868424075,47.61886123869768],[-3.431159745680792,47.618963767491984],[-3.431035995551145,47.618934473103444],[-3.431018122629181,47.619007707503684],[-3.430883542216849,47.618888700635104],[-3.430591632010003,47.61890480993334],[-3.430495775715471,47.618774634695825],[-3.430403978316672,47.61878873139094],[-3.430473297102896,47.61892037112745],[-3.430268852625011,47.61888649792521],[-3.4302122555736,47.618970899998814],[-3.430238519252404,47.61907782268182],[-3.430372289152133,47.61907947200305],[-3.430274802976847,47.61915709945234],[-3.430275338725169,47.61938284475884],[-3.430206829015209,47.61936856320595],[-3.430438349290928,47.619626717375766],[-3.430279659060628,47.61986124899699],[-3.430367662654879,47.62003701270263],[-3.430176482896315,47.62000240715895],[-3.430145065632229,47.62018476054791],[-3.430044328375623,47.62023547405904],[-3.430090358875566,47.62039549194859],[-3.430200842840046,47.62042551949721],[-3.430231986372239,47.6203515530932],[-3.430319181162815,47.62040995859116],[-3.430240649937657,47.62042332295261],[-3.430317824693343,47.620509374328456],[-3.430175113909882,47.62054434205213],[-3.430434533640493,47.62070161599733],[-3.430248492573857,47.62082025368106],[-3.430135841891741,47.62077228372051],[-3.430021834383418,47.620823729367935],[-3.430355455145572,47.620931754331295],[-3.430484897700211,47.62089751860633],[-3.430700180363051,47.621021103650094]]]},"properties":{}},{"type":"Feature","geometry":{"type":"MultiPolygon","coordinates":[[[[-3.434453337178457,47.62389350890227],[-3.43463369607931,47.62383839562091],[-3.434428411588661,47.62368717181403],[-3.434418122020007,47.6237125752122],[-3.434411890659642,47.62366099093601],[-3.434181151661282,47.623520203170365],[-3.434259686455589,47.62350683618056],[-3.434209040457834,47.62341932227798],[-3.434119403372831,47.62345136422289],[-3.434040316912387,47.62323898630277],[-3.434161093399068,47.623132977069055],[-3.43409527684427,47.62291986652237],[-3.434194113647865,47.62274282037092],[-3.434087139430029,47.62263132334009],[-3.433933589310873,47.62257658375353],[-3.433791958958066,47.622620527047474],[-3.433672799888105,47.62251873340564],[-3.433719926810502,47.62268772086692],[-3.433644910548698,47.62261961421666],[-3.433624606040715,47.62278329334681],[-3.433384670159333,47.62278750812309],[-3.433227615250539,47.623256759403475],[-3.433172356888825,47.62279922857184],[-3.433101675067879,47.62276700635376],[-3.433073784519507,47.62286788701554],[-3.432949477196104,47.622612849820115],[-3.432743118780105,47.62245265175821],[-3.432837088710146,47.62245649564862],[-3.432829504746132,47.62239369725594],[-3.432689494778902,47.62222983667617],[-3.432893685306962,47.62237209245398],[-3.432910473348528,47.62228988669429],[-3.4330442513794,47.62229153295232],[-3.432788603468776,47.62194440476287],[-3.432579812459484,47.62187465085133],[-3.432643186109632,47.62217820684318],[-3.432446035487603,47.621873004061],[-3.432287886437408,47.621890764364686],[-3.432175505728817,47.62217692826465],[-3.43221585803546,47.62240047599694],[-3.432123241406579,47.62229721594468],[-3.431991629948602,47.62231351104639],[-3.432044164597151,47.622084836547074],[-3.431938279451952,47.62198230871875],[-3.431790962305473,47.62208978043819],[-3.431606544433292,47.62200061764966],[-3.431393150728897,47.622003363656624],[-3.43138719217623,47.62217528134807],[-3.431264246034329,47.62226334533706],[-3.431535051475869,47.62229355510618],[-3.431267495505384,47.6222902589796],[-3.431215229026249,47.62241054624632],[-3.431098241597325,47.62232669239578],[-3.430738882075139,47.62233749220131],[-3.430965274440943,47.62244240198837],[-3.431217395329422,47.62242848867427],[-3.431154293018722,47.6229015823702],[-3.431016453110396,47.622755662253695],[-3.430923565894,47.62276078811419],[-3.430967168459614,47.622568731276466],[-3.430781394650025,47.62257898284615],[-3.430744024773708,47.62249073515422],[-3.430635702339276,47.62247865058957],[-3.430584517301179,47.622607908780886],[-3.43058370723316,47.62249055070867],[-3.430301797790695,47.62247901337175],[-3.430260632534134,47.62258062556579],[-3.430171268306092,47.62250427764274],[-3.430187239226163,47.6227472328302],[-3.430121439010599,47.62253412000225],[-3.429928084595621,47.62248157164867],[-3.429874731981361,47.62259288707854],[-3.430052651238872,47.62262822523251],[-3.4301750525989,47.62275693622841],[-3.42994866045216,47.62265202492657],[-3.429793757016206,47.622696695519394],[-3.429838705958304,47.62284774208075],[-3.429689491183505,47.62282888182042],[-3.429647241593413,47.62292152255417],[-3.42961312202384,47.62286018819558],[-3.429644800909094,47.62301196692966],[-3.429494760161892,47.62331826687309],[-3.429386436331106,47.62330618115494],[-3.429484481807052,47.62301178097531],[-3.42936613747344,47.623027341014826],[-3.429290575072314,47.62317600522229],[-3.429179003103471,47.62313700562541],[-3.429248875904445,47.62305187216362],[-3.429128365785584,47.6230494895033],[-3.429115902933352,47.6231675796076],[-3.429236413318239,47.62316996228066],[-3.429092611903287,47.623195957405066],[-3.429126179202105,47.62347406551328],[-3.428984542511216,47.62351800295724],[-3.428827723328699,47.623878861372134],[-3.428626232179216,47.6239802858412],[-3.428463216597855,47.62373641124013],[-3.428535005488822,47.62333508907998],[-3.42842126834016,47.623278146292755],[-3.428445391740497,47.62292460817646],[-3.428321633918787,47.622895310971295],[-3.428434842141999,47.62272650896541],[-3.428354419190981,47.62261354272467],[-3.428258006287844,47.62270013958891],[-3.428237435810905,47.62252968601743],[-3.428030535529639,47.62258625332539],[-3.428007522387805,47.6225062440686],[-3.427890261339134,47.622530773859935],[-3.427713705209871,47.62239601680455],[-3.427708817329399,47.62257690551924],[-3.427599412860556,47.622555846893235],[-3.427517350992313,47.62265068251135],[-3.427450479034937,47.62242859691996],[-3.427445590259563,47.62260948562059],[-3.427350537942932,47.622596666143664],[-3.427360839557222,47.62246063369414],[-3.427226221887156,47.622784141449415],[-3.42706021103929,47.62284748275171],[-3.426952729777802,47.62251023426025],[-3.426978466827715,47.62239141253526],[-3.427014747963057,47.62247069018374],[-3.427156663434528,47.62231836825017],[-3.427027495500401,47.62224421340289],[-3.426989571512028,47.62237273821541],[-3.426931081111848,47.62233080918818],[-3.426955735692052,47.62220301620255],[-3.42710494775162,47.62222187996151],[-3.427029940583836,47.622153769046484],[-3.42711849728795,47.62211276126786],[-3.426880728741143,47.62213490519103],[-3.426833623956,47.62196591492279],[-3.427229262923962,47.62203440473069],[-3.426899169303663,47.62184489778673],[-3.426894559181816,47.621917399642136],[-3.426605076999768,47.62184305458288],[-3.426534119210123,47.62191921525616],[-3.426462360219371,47.621878017745836],[-3.426456428888818,47.6216074164025],[-3.426373565648985,47.6215848931079],[-3.426530633413329,47.62155816954859],[-3.426551479229391,47.6216202366136],[-3.426572887332712,47.62146552987743],[-3.426276350805562,47.621554130224354],[-3.426207038948542,47.62142248817476],[-3.426132834314117,47.6214717348265],[-3.426085450374528,47.62141113110774],[-3.425933511623324,47.62159109730558],[-3.425934876284821,47.621491681674556],[-3.425739082533078,47.6215295707247],[-3.425708497836581,47.62138676208572],[-3.425558206425177,47.62135892526334],[-3.425647045938451,47.621209531671134],[-3.425487814427688,47.62121831150179],[-3.425680360627743,47.62115350905368],[-3.425749154206366,47.621059406327404],[-3.425591005339031,47.62107715757029],[-3.425831216769621,47.620964571874175],[-3.42570233683475,47.62078202857281],[-3.425803878779278,47.62084867703232],[-3.425873753967397,47.62076354548971],[-3.425754331364855,47.6207701306164],[-3.425711560108044,47.62063702486877],[-3.425473797550221,47.62065916594451],[-3.425940664641162,47.620543113138176],[-3.425979672085934,47.620423559817276],[-3.425842934924695,47.62028660468215],[-3.425848628538717,47.62022307408146],[-3.425946922934056,47.62026280861485],[-3.42587869577407,47.62014013755653],[-3.425597881921223,47.62013756012578],[-3.425531253567573,47.620249605360925],[-3.425553746230591,47.62010386998011],[-3.42581804429766,47.620080265375435],[-3.425810751585541,47.619909079465145],[-3.425304366440717,47.619918939682236],[-3.425649642634067,47.61979152997897],[-3.425740078034448,47.61987685274435],[-3.425785578551544,47.6198111271085],[-3.425897141090761,47.61985013001356],[-3.425708461395333,47.61928255338558],[-3.42583249201832,47.619203466389244],[-3.425999292929544,47.61925748501915],[-3.426116829689951,47.619124570055305],[-3.426261703839055,47.6191075498156],[-3.426313978245132,47.618987264562016],[-3.426225707917682,47.61891988475493],[-3.426331857613041,47.61891403088104],[-3.426408785927584,47.618665952482026],[-3.426362767953362,47.61850593299974],[-3.426236857047541,47.61845869096477],[-3.426292659269286,47.61825693243894],[-3.426226034720734,47.61836897817849],[-3.426197614978678,47.6182441119951],[-3.426061682899801,47.61822451532941],[-3.425964756690536,47.61808536504606],[-3.425809063666598,47.61801267208504],[-3.425641983847302,47.61806704024241],[-3.425758436733002,47.61792515427187],[-3.425653371066635,47.61793997891373],[-3.425607355982291,47.61777995907428],[-3.425545342203477,47.617819502498605],[-3.425551319081145,47.61764758472161],[-3.425457074776779,47.617752122070264],[-3.425461969844645,47.61757123300226],[-3.425312771363126,47.6175523670993],[-3.425363964317404,47.61742311088343],[-3.425234243088189,47.61756572811392],[-3.425172513222709,47.61749688422654],[-3.424986471630881,47.61761551372284],[-3.424948261620192,47.61785242528137],[-3.424859994892615,47.61778504440288],[-3.424887329265286,47.61790093964771],[-3.425146720574178,47.61805822555114],[-3.425162951263086,47.61819279490008],[-3.425125593743818,47.618104545212134],[-3.425032714054197,47.61810966639986],[-3.425149398724766,47.618301913586265],[-3.424989378098604,47.6181933343821],[-3.424948206035736,47.6182949449269],[-3.424881350221152,47.6180728573684],[-3.42478847056323,47.61807797836195],[-3.424815235592017,47.61841064775684],[-3.42467822162534,47.61838207819066],[-3.424570420518612,47.618595733397946],[-3.42453739149649,47.618543368714],[-3.4246602821957,47.61889783114713],[-3.424514040866322,47.61901426514794],[-3.424671101998643,47.61898754405417],[-3.424554643905883,47.61912942886321],[-3.424626112671653,47.6192790146274],[-3.4247566368945,47.61925375651191],[-3.424792627876995,47.61944142199322],[-3.424606863764478,47.61945166375815],[-3.424554585057477,47.61957194821896],[-3.424567342338956,47.619345471369826],[-3.424361818044238,47.61930261654442],[-3.424344385924926,47.62004411446542],[-3.424105033865282,47.619831536217816],[-3.424084477753121,47.61966108166418],[-3.424184137674049,47.61960140198679],[-3.424074740693175,47.619580340027014],[-3.424011355494912,47.61971929830503],[-3.423977817201204,47.619441188191374],[-3.423815631852322,47.61931466485167],[-3.423744386594207,47.61949921093826],[-3.423813689881881,47.61963085457916],[-3.423668018711542,47.61953051347953],[-3.423646890015628,47.619576832838064],[-3.42378225110338,47.61981320629064],[-3.423632252205601,47.61967697997398],[-3.423583503707911,47.61971579088411],[-3.42356027833379,47.619301648312394],[-3.423493139674054,47.61918794709988],[-3.423365860316412,47.619240117708486],[-3.423408405423197,47.61903909204423],[-3.423334489200223,47.61897994994697],[-3.423296558640208,47.61910847377548],[-3.423266557499217,47.61874889023814],[-3.423155792863903,47.618827243149106],[-3.423007673386323,47.61881734561869],[-3.423043657926807,47.61900501168093],[-3.422975439045131,47.61888233884753],[-3.422883350880802,47.61900481666524],[-3.42293693071625,47.619227636616564],[-3.422842967182983,47.61922378475442],[-3.422801286093573,47.61909964914241],[-3.422850538949796,47.61928658389724],[-3.422749292532274,47.619111545794354],[-3.422638526385413,47.619189898200155],[-3.422520477862349,47.61909706431088],[-3.42239615299468,47.6192845348119],[-3.422436828073549,47.61895717985391],[-3.422378634610835,47.61880686143496],[-3.422357505082652,47.618853180577396],[-3.422270321544943,47.61879476908898],[-3.422351305220199,47.6186909656568],[-3.422252726520924,47.61875961511191],[-3.422099199672824,47.6187048598586],[-3.421970257685043,47.618964831719545],[-3.421935648981376,47.61867774959507],[-3.421778878227722,47.618596079965755],[-3.42177750590128,47.618695495695725],[-3.421482058244338,47.61879305531383],[-3.421621442484462,47.61917370366622],[-3.421521780497272,47.61923338116981],[-3.421616243087165,47.61946297943051],[-3.421704799486066,47.61942197570017],[-3.421750513389747,47.61969038393614],[-3.421614579261055,47.61967078210883],[-3.421398035032028,47.61920407657296],[-3.42118032638239,47.6191709186446],[-3.421138064921906,47.61926355647366],[-3.420871402825673,47.61893507546008],[-3.420934998965821,47.61913025124278],[-3.420859418603444,47.61927891029216],[-3.420676696167445,47.61898192739883],[-3.420811456990067,47.61943507838294],[-3.420602489824021,47.619031170598376],[-3.420493589810644,47.619235850644145],[-3.420919096870335,47.62010646530231],[-3.420671400634529,47.61971372247055],[-3.42062206356974,47.619969306100785],[-3.420380857794084,47.61963039057569],[-3.420463916227193,47.61998705041092],[-3.420387839390878,47.61990996382719],[-3.420386170769428,47.620117766440345],[-3.420315500216751,47.62008553644046],[-3.420251023369598,47.62021552131634],[-3.420387946285802,47.620686615149665],[-3.420224390392244,47.620659502517206],[-3.42043149203259,47.62093708108553],[-3.420712309840952,47.62093967093744],[-3.420759687262414,47.62100027685068],[-3.420491057120906,47.62098798471758],[-3.42048477009681,47.62126828884359],[-3.420596533399761,47.621641428765464],[-3.420751148529918,47.621705157225925],[-3.420943906002186,47.62197449452784],[-3.420888372343302,47.62206786325945],[-3.420732674617454,47.62199516367945],[-3.420730218872531,47.62208560791111],[-3.420720486443477,47.62200486609485],[-3.420699354210869,47.622051184861284],[-3.420596734993868,47.621975560690636],[-3.420541200726683,47.62206892925711],[-3.420506010820831,47.62199862089679],[-3.420489991640545,47.622198183050706],[-3.420383340825427,47.62197828658166],[-3.420378721842983,47.622050788174654],[-3.420260376986464,47.62206633899529],[-3.420350126411766,47.62281095813992],[-3.420284071495832,47.62270622660081],[-3.420254193578103,47.62312329330476],[-3.41995163829627,47.6221646256215],[-3.419861994762082,47.62219665664458],[-3.41988361961449,47.62237608303858],[-3.419748269290574,47.6221397053786],[-3.419694895791987,47.62225101617691],[-3.419828083683437,47.62246945124678],[-3.419889025850305,47.62242093963387],[-3.419874872013,47.62274683111506],[-3.419983192554684,47.62275892565814],[-3.420128277187983,47.62307604479604],[-3.41990406595739,47.62298905667044],[-3.419864551267966,47.62288286288369],[-3.419942204944096,47.62319466591688],[-3.419658721966825,47.622948386667346],[-3.419634049574594,47.62307617806316],[-3.41955118693368,47.623053649945234],[-3.419455645688288,47.62281507911637],[-3.419305353516762,47.62278723426819],[-3.419057360332844,47.62250287538484],[-3.419023741400258,47.62266728289532],[-3.418975579920934,47.62248931817826],[-3.418928987647618,47.62254606974313],[-3.418753238147097,47.6225286573009],[-3.418774265490625,47.62292485748813],[-3.418909125768284,47.62293549126301],[-3.418840020888373,47.62313797666389],[-3.419040149911712,47.62313598450526],[-3.418878452633668,47.62323519945882],[-3.418881399175537,47.623370500213916],[-3.419132446453868,47.62334764166992],[-3.419222877461849,47.62343296932578],[-3.419292766527131,47.62334784183381],[-3.419388603714083,47.62347802595963],[-3.419205179719473,47.62384033335569],[-3.41926690922449,47.62390918017301],[-3.419059697706536,47.624074118292384],[-3.419026077791628,47.624238525670776],[-3.419315858275058,47.62420450269297],[-3.419075618525261,47.62431707480086],[-3.419001106781597,47.62447470356867],[-3.418930431297246,47.624442472802805],[-3.418776000620638,47.624712873479865],[-3.418459378888164,47.62485674349757],[-3.418385945619559,47.62502334314937],[-3.4181933766071,47.62508813344263],[-3.418153863766995,47.624981939191734],[-3.417839400678717,47.62514375015383],[-3.41775899650861,47.625030776758706],[-3.417565345796676,47.62508659468993],[-3.417504698024615,47.62502671834404],[-3.417408263163441,47.62511330614375],[-3.417418472588335,47.625419792769506],[-3.417547934321032,47.6253855714622],[-3.417599635794049,47.625482063825004],[-3.417529142229693,47.6257839635039],[-3.417670794360162,47.625740040003194],[-3.417877603635315,47.626126009000316],[-3.417655429105268,47.626499477112006],[-3.417750186983534,47.62662069105093],[-3.417619641432572,47.626645941240206],[-3.417691400007815,47.626687144082304],[-3.417623665927721,47.62679021310938],[-3.417743103000805,47.62678363631693],[-3.417770909474434,47.627125277154285],[-3.417636820510521,47.627231999969354],[-3.417756258570483,47.62722542316494],[-3.417748093537162,47.62737939706473],[-3.417920615626461,47.627369897033304],[-3.417799797303148,47.627475889239854],[-3.417836068262208,47.627555169531675],[-3.418027565570389,47.62748140859703],[-3.41801615816372,47.62760846855872],[-3.418256116923894,47.62760428536467],[-3.418347039130749,47.62791535788073],[-3.418298466498432,47.62828829726424],[-3.418218839587436,47.6282926821813],[-3.418280572969182,47.628361529362095],[-3.418072558468954,47.628409107553466],[-3.41813969718045,47.62852281134286],[-3.417980442619623,47.62853158090516],[-3.418020740280852,47.62875513280719],[-3.417844372872856,47.628954491994946],[-3.417672627426412,47.62908134967519],[-3.417650708015304,47.62901030995493],[-3.417564294578139,47.629069253028575],[-3.417571861531194,47.62913205219559],[-3.417678032483326,47.62912620621802],[-3.417592400493524,47.6293025070647],[-3.417447495910553,47.62931951646092],[-3.417551205780992,47.62940411442102],[-3.417200443378192,47.62948664299618],[-3.41728379592175,47.62973491686845],[-3.417059260876913,47.62975631000132],[-3.41685652161214,47.63029125945754],[-3.416667174339879,47.63038296098953],[-3.416596492441808,47.63035072890951],[-3.416744341612109,47.63046902089233],[-3.416595110160816,47.63045014397737],[-3.41667552003103,47.630563117858195],[-3.416595588166979,47.6306758880318],[-3.416012278508399,47.63126790863765],[-3.415611352383272,47.6314886548649],[-3.415643773929899,47.63175779434028],[-3.415514599148737,47.63168362712182],[-3.415466744957789,47.63139727546575],[-3.416280308065074,47.63072033665154],[-3.416216412940221,47.63063354586754],[-3.416327212261527,47.630555200014165],[-3.416226744481275,47.630497514964354],[-3.416442938057048,47.63029596654714],[-3.416338926264958,47.63031975402927],[-3.416319169733603,47.630266656735714],[-3.416498488052532,47.630202600324864],[-3.416204350061669,47.63020073093959],[-3.416117154723143,47.630142315198825],[-3.416164058916429,47.62997717857768],[-3.416005880440502,47.629994916759784],[-3.415964206840798,47.62987077939578],[-3.415819300196303,47.62988778676721],[-3.415790898666048,47.629762918791975],[-3.415895990342494,47.62974810311303],[-3.415962045362883,47.62985283675399],[-3.415964509544485,47.62976239298434],[-3.416160340431951,47.62972452048119],[-3.416085034229838,47.629764789218754],[-3.416161118897778,47.629841878214435],[-3.41617901583111,47.629768646497176],[-3.416311731291096,47.62976134059502],[-3.416361273156179,47.6298398906529],[-3.416360494250314,47.62972253292086],[-3.41658394859307,47.629692169814874],[-3.416625145369148,47.62959056281477],[-3.416650306204817,47.62968851665248],[-3.416498312081626,47.62986846980801],[-3.416608808006101,47.62989851006787],[-3.416818813404425,47.629534746571835],[-3.417015723759021,47.62950584394484],[-3.416980533594026,47.629435534791476],[-3.417140091330188,47.629318380157216],[-3.417104901124965,47.62924807103453],[-3.417027434495175,47.62927039776345],[-3.417091930129943,47.629140415272715],[-3.416972487703153,47.62914699139133],[-3.417010440623512,47.62901847028053],[-3.417120154512122,47.62893115229424],[-3.417258272449211,47.62896870188554],[-3.417236353635819,47.6288976620834],[-3.417427556862015,47.62893228865064],[-3.417604707378636,47.62885028787357],[-3.417683553371633,47.628728545593056],[-3.41757414025038,47.62870747764307],[-3.417762997094239,47.62839003027219],[-3.417973472503969,47.62825200874921],[-3.417899549545338,47.62819286349231],[-3.418023910953437,47.628005398636795],[-3.417978991100906,47.62785434793107],[-3.417809710482816,47.62789076198537],[-3.417920501772366,47.62781241450992],[-3.417839794527248,47.62780782785739],[-3.4178731215283,47.627751807657305],[-3.417680841257301,47.6277082104834],[-3.417764009371947,47.627622353338616],[-3.417465637913851,47.62757518486946],[-3.417655978720333,47.62750187022555],[-3.417469104243991,47.627503129278594],[-3.417464520511334,47.62757500822175],[-3.417382693046197,47.62756207226368],[-3.417522487635423,47.627391819798184],[-3.417455351661158,47.62727811558778],[-3.4171400923437,47.62732256660592],[-3.417040710636747,47.627273853482045],[-3.417053201160955,47.62715576491708],[-3.416854137826746,47.62716672499212],[-3.416915388816355,47.627009828480524],[-3.417166454052325,47.626986974205124],[-3.417389115360038,47.626839251614975],[-3.417148379376647,47.62672607512154],[-3.417144656459696,47.626473416633],[-3.416975379651688,47.626509829504066],[-3.417032005624724,47.626425434173306],[-3.416898217730413,47.626423769578246],[-3.416999279735893,47.62626468095872],[-3.416870896338793,47.62630787297136],[-3.416874740470055,47.626118013729254],[-3.417055125031478,47.626062927657],[-3.417298800519406,47.62631140497159],[-3.41744291575024,47.62617703779422],[-3.41730294309382,47.62601315909145],[-3.417454324215474,47.62604997779485],[-3.417242894734994,47.625736509364714],[-3.416928725163672,47.62578993117557],[-3.416932268337441,47.625708458527356],[-3.416736753843022,47.625637945759216],[-3.416862974129877,47.62557681121448],[-3.416650646142727,47.62558850161283],[-3.416652630757741,47.62527231297336],[-3.41670138936851,47.62523350506715],[-3.416792900471716,47.6253278058567],[-3.416772365591582,47.62515735049799],[-3.416881470304663,47.6252868059073],[-3.416864177540427,47.62514326456393],[-3.41699039651169,47.62508212986593],[-3.416815720079228,47.62507368586444],[-3.41683853946948,47.62481956583451],[-3.417016156976236,47.62496331049426],[-3.416947944331677,47.62484063451572],[-3.417102564372056,47.62490436770146],[-3.417097760974832,47.62464273764011],[-3.417291410565541,47.62458692047136],[-3.417315189472134,47.62478428978461],[-3.417352357454917,47.62453841023486],[-3.417401896004064,47.624616960062724],[-3.417525951326748,47.62453788210512],[-3.417399552662172,47.62426488591899],[-3.417579930420175,47.62420979898371],[-3.417544144075332,47.62435626326135],[-3.41762700789119,47.6243787927881],[-3.41762976829018,47.624179962000966],[-3.417983738046206,47.62412434589751],[-3.417998871555109,47.62424994449446],[-3.41783392614234,47.624322243962304],[-3.418072789163734,47.62430908980855],[-3.41814838440796,47.62416043294659],[-3.418046845722333,47.62409377794487],[-3.418296815745497,47.62406194987712],[-3.418097764203371,47.62407291208903],[-3.418076927258566,47.62401084359373],[-3.418279221602083,47.62402679539649],[-3.418332599827979,47.62391548534673],[-3.418558190849622,47.62390306102635],[-3.418371924556562,47.62368754801776],[-3.418545515651427,47.62368701837247],[-3.41856340725038,47.6236137860578],[-3.418344601365882,47.62357165159249],[-3.418302927342047,47.623447514652284],[-3.418186740750726,47.6234810060181],[-3.418015909236595,47.62328270424227],[-3.417838777827302,47.62336470587801],[-3.417836914847847,47.62323837643041],[-3.417706676738121,47.623155239975915],[-3.417764976920214,47.622863041884436],[-3.417924996849461,47.622971630726894],[-3.418012779466399,47.622813271730934],[-3.417776383910693,47.62273598163707],[-3.417922351442349,47.622727943110974],[-3.417941324500215,47.62266368219155],[-3.418046103167899,47.62275725133753],[-3.418141451779034,47.62266169157234],[-3.417952432402355,47.62264500873367],[-3.417930515261637,47.62257396883058],[-3.418052104748603,47.62258533438056],[-3.418097915369717,47.62241122500449],[-3.417950867808157,47.62241029241442],[-3.417961193338151,47.6222742607819],[-3.418110700720964,47.62218474919138],[-3.417988329761354,47.622056025515796],[-3.41818737380579,47.62204506347905],[-3.418146185825916,47.622146671424716],[-3.418240452203833,47.62204214021193],[-3.418255585726447,47.62216773891001],[-3.418383958046771,47.62212454528346],[-3.418282422939286,47.622057890416826],[-3.418373148173512,47.62203483193862],[-3.418450008515271,47.62222927792845],[-3.418502303578884,47.62210899636463],[-3.418735157226045,47.62226775786466],[-3.419158408481348,47.62234378457646],[-3.418983252635897,47.622109598791404],[-3.418988954607637,47.622046068584815],[-3.41911378644888,47.6220843470192],[-3.418992494388744,47.621964595717316],[-3.419174728825217,47.62203583576939],[-3.419143568990644,47.62210979916021],[-3.419201267993344,47.6220343739145],[-3.41880701727197,47.621866441384014],[-3.418754236074044,47.621760978043895],[-3.418611514372106,47.62179593161479],[-3.418557950012438,47.62157310997294],[-3.418817934243827,47.62151363588608],[-3.418771045695841,47.62167877429214],[-3.418894307807023,47.621482336548176],[-3.419148589513207,47.6214863919448],[-3.419171588938329,47.621566402988506],[-3.419202748416915,47.6214924395696],[-3.419403850859781,47.621941936929595],[-3.419260446668765,47.62141701427075],[-3.419624422270591,47.621333748190644],[-3.419853147919929,47.62179075418041],[-3.419826117301522,47.6215664711102],[-3.420018377203466,47.62161006489041],[-3.420156677077841,47.621981743121076],[-3.420115588542349,47.62164083298192],[-3.42026263402223,47.62164176284693],[-3.420120796283175,47.6213515576077],[-3.420140648734773,47.62096213556509],[-3.420032626196951,47.62084165423754],[-3.420132881229854,47.62056520419005],[-3.420025646338483,47.620562081098434],[-3.420071154474642,47.62049635771218],[-3.419991539331065,47.620500743855246],[-3.419787685230457,47.62025007843446],[-3.419787193820003,47.62002433318223],[-3.419902290683435,47.619981868834884],[-3.419759869431772,47.619908436870055],[-3.419862778223315,47.619875674883595],[-3.419859042938044,47.6196230155923],[-3.41997738249532,47.61960746515884],[-3.419933839963463,47.619356998882836],[-3.42019892400754,47.619450765320536],[-3.420296719217883,47.61926475928651],[-3.420311856790727,47.61939035789709],[-3.420345175943246,47.61933433674935],[-3.420449952289788,47.61942790389864],[-3.420328957050959,47.619199766809814],[-3.42035578850578,47.61908991767296],[-3.420453783197714,47.61923804386786],[-3.420336913431745,47.61871165965468],[-3.420474219406058,47.61863184726594],[-3.420429794618924,47.618706542203135],[-3.420573294875107,47.618788944725594],[-3.420649168469995,47.618531898774776],[-3.420564149889159,47.6184914286631],[-3.420678161529701,47.61843999218676],[-3.420614273952603,47.6183532032603],[-3.420729659519752,47.61820235099369],[-3.420857727600345,47.61826754163051],[-3.420870118188473,47.61859197168679],[-3.420928892293856,47.6185255167793],[-3.421104629325986,47.618542925983434],[-3.421227789188999,47.618789004992074],[-3.421190729787615,47.61859236702512],[-3.421269260584439,47.618579008736475],[-3.421126344138171,47.61827983293739],[-3.421420416624277,47.61828168994039],[-3.421491959706204,47.61798875807488],[-3.421393672813324,47.617949019745815],[-3.421468958344904,47.61790874734133],[-3.421704755906327,47.618202804311174],[-3.421628388682217,47.61823410553952],[-3.421725594801933,47.61826487234423],[-3.421742689654847,47.618074280940036],[-3.421857780758954,47.618031814623095],[-3.421878619765721,47.61809388263427],[-3.421918716016105,47.61798330184071],[-3.422018084879654,47.61803201104664],[-3.422126607496096,47.618378236170244],[-3.422029901814717,47.618573215137864],[-3.422256049135746,47.61834400952084],[-3.422241988844177,47.61822738241142],[-3.422364650929125,47.6182477148135],[-3.422451331019319,47.618080380782025],[-3.422597285118266,47.61807233639414],[-3.422563679876578,47.61823674529708],[-3.42270530784043,47.618192815520594],[-3.422677400037455,47.618293693935634],[-3.422783548876753,47.61828784328497],[-3.422810878999342,47.61840373898591],[-3.423031613798944,47.618129675289424],[-3.423149949121996,47.61811412162938],[-3.423038392217367,47.618075116065384],[-3.423111513284625,47.618016899984646],[-3.423252852374552,47.618081356625645],[-3.423287755545699,47.61826005137654],[-3.423169419939344,47.618275605175064],[-3.423182400549678,47.61838326086295],[-3.423070554846919,47.61845264240107],[-3.423171295363504,47.61840193485901],[-3.423407104479333,47.618695988317334],[-3.423463999412111,47.618503202472155],[-3.423358137848306,47.618400666677346],[-3.423448854675322,47.61837760421313],[-3.423515992221704,47.61849130549832],[-3.423674134119062,47.618473557041696],[-3.42367983012052,47.618410026487716],[-3.423575844709486,47.61843382055903],[-3.423499765593294,47.61835673594109],[-3.423640311309977,47.61830383372901],[-3.423788429480173,47.61831373045965],[-3.423801411347974,47.618421386076626],[-3.423950611723933,47.61844025390202],[-3.423905110116188,47.61850597886912],[-3.424010177381827,47.61849115580439],[-3.424047247097381,47.61868779288672],[-3.424142291661433,47.6187006150777],[-3.424166155340766,47.618455464083546],[-3.424271222434517,47.618440640783554],[-3.423742419663386,47.618153709916044],[-3.423823399504065,47.618049905429],[-3.424025672977648,47.61806584732768],[-3.424049250686388,47.61792908337482],[-3.424070092200756,47.6179911509982],[-3.424089056175625,47.61792688892414],[-3.424252605660319,47.61795399618241],[-3.424323847099718,47.61776944963966],[-3.424228804149732,47.61775662759031],[-3.42425511657725,47.61742103194215],[-3.424385636433327,47.61739577421724],[-3.42445904048899,47.61722917014167],[-3.424562737983537,47.6173137624019],[-3.424563023160162,47.61720537526928],[-3.424727937472776,47.61713306603475],[-3.424551121975977,47.617106690970154],[-3.424742572530104,47.61703291863096],[-3.424746103198869,47.61695144537988],[-3.42465675627888,47.61687509301725],[-3.424502947088449,47.61692872802528],[-3.424443382703896,47.61687782633351],[-3.424572819220641,47.61684359708998],[-3.424449077619763,47.61681429569009],[-3.424693600037408,47.6167375972994],[-3.424642976141354,47.61665007894555],[-3.424846611118332,47.616566603566866],[-3.424926219996386,47.616562214105286],[-3.424945695620229,47.616723697483124],[-3.425131450176208,47.61671345516494],[-3.425158270500538,47.616603604785055],[-3.425269825879199,47.61664260835344],[-3.425300175673421,47.61645128464911],[-3.425385993145426,47.61660910982422],[-3.425260602096235,47.61678761231944],[-3.425448520950076,47.616795312087454],[-3.425499146304296,47.61688283008559],[-3.42540382118302,47.61697839614022],[-3.425580636676165,47.617004769915546],[-3.42534124099411,47.61723471375652],[-3.425602561709696,47.61707580858562],[-3.425729268107102,47.61724040976662],[-3.425847600673201,47.617224853366025],[-3.425746065566201,47.61715820482076],[-3.425882277312068,47.617069414721136],[-3.425901756012614,47.61723089789759],[-3.425646928110659,47.61744363145731],[-3.426018724113852,47.61731475717213],[-3.425962921841661,47.617516515664434],[-3.426155172169666,47.61756009943288],[-3.426186838079581,47.61771187951739],[-3.426347941938218,47.61782942838779],[-3.426350344007969,47.61818150351269],[-3.426575346742285,47.61838583783185],[-3.426622489258861,47.618112308927294],[-3.426684502579973,47.618072764936926],[-3.426786040597771,47.61813941263506],[-3.426587335951151,47.61759948255321],[-3.426720300534197,47.61748377765756],[-3.426743309582115,47.61756378737406],[-3.426941252745523,47.61754383911558],[-3.42706010776814,47.617754026998824],[-3.427073936343182,47.61753652094002],[-3.427174391452579,47.61759419704425],[-3.42722205302097,47.61754641331971],[-3.427257248836495,47.61761671981678],[-3.427373416975212,47.61758321932732],[-3.427347647425623,47.61814456111296],[-3.427437524058061,47.61844665679486],[-3.427502505287346,47.61854241325047],[-3.42755369388951,47.61841315614032],[-3.427720494073056,47.61846717233381],[-3.427796300821402,47.618652641263814],[-3.427404457089983,47.618836812441444],[-3.427752690047364,47.61884469730353],[-3.427325647873011,47.61895856190175],[-3.427345411166118,47.61901165764208],[-3.427621889267178,47.61897834582031],[-3.427258744903579,47.619178995225845],[-3.426947069031563,47.61914199966205],[-3.426961941898097,47.61937598444199],[-3.426876636697648,47.619443905963465],[-3.427146622889642,47.619356767664904],[-3.427331024180341,47.61944593761647],[-3.427293662200414,47.61935768867875],[-3.427654084852484,47.61935587071832],[-3.427706356364606,47.61923558485682],[-3.42781250652529,47.619229729638086],[-3.428041293250638,47.61968672008323],[-3.427858776504411,47.61972388078699],[-3.427758841761011,47.619891950593384],[-3.427856054431933,47.61992271226919],[-3.427758563058204,47.62000033758449],[-3.427159014686042,47.620123716103414],[-3.427385670090774,47.62012024597117],[-3.427342336190691,47.62020391474026],[-3.426792613694702,47.620297450157715],[-3.426773652132064,47.62036171259267],[-3.427090697227817,47.62033821954321],[-3.426819953549173,47.620413344800916],[-3.426872749348005,47.62051880456838],[-3.427031978544623,47.62051002284636],[-3.42686272739027,47.62054645015787],[-3.426849177728693,47.62065556890959],[-3.427224520315747,47.62044521782897],[-3.427449012124379,47.6204238050541],[-3.42743546369226,47.62053292388069],[-3.427344465378136,47.620664376369305],[-3.427041440084259,47.62069915114894],[-3.427120774942335,47.620803147145445],[-3.42702680833433,47.62079929865259],[-3.427043604915231,47.62071709367006],[-3.426915242986321,47.620760296845624],[-3.42692281976132,47.620823095674844],[-3.427009209517637,47.62076414542832],[-3.427039797336851,47.6209069537723],[-3.427129434398477,47.62087491721895],[-3.427068220466247,47.62103181958023],[-3.426935528180748,47.62103913773618],[-3.42684132049542,47.62070115702016],[-3.42674843645292,47.62070627956556],[-3.426784716101464,47.62078555735408],[-3.42671187608047,47.62073538871026],[-3.42661381949559,47.62102978690636],[-3.426677720028952,47.62111657243142],[-3.426709951211911,47.621051578255276],[-3.426767357659815,47.621084536159415],[-3.426837191690342,47.62144192298291],[-3.42712695201413,47.621407880576875],[-3.427198431037652,47.621557464591994],[-3.427300255967192,47.6215157248245],[-3.427360910736724,47.621575596191725],[-3.427368208647241,47.621746781858796],[-3.427515254544641,47.621747702592536],[-3.427533133189152,47.621674468831365],[-3.427900314255802,47.62206060951899],[-3.427900592681568,47.621952222642165],[-3.428005665620212,47.6219373960091],[-3.428085004196763,47.62204139128451],[-3.427916831496114,47.62208679133953],[-3.428008635222735,47.622072696623206],[-3.428044917671286,47.62215197396465],[-3.428220668961126,47.622169372428345],[-3.428224194661531,47.622087899286775],[-3.428450581027012,47.622192813961625],[-3.428428122135257,47.62189603101501],[-3.428543216160047,47.62185355819303],[-3.428566783968473,47.62171679359405],[-3.42864856563204,47.621730344090125],[-3.428523199418148,47.62146633079297],[-3.428632878954651,47.62137900165493],[-3.428732260264374,47.621427705063006],[-3.428798883370087,47.62131565806952],[-3.428847076536895,47.621493618841754],[-3.428918030461135,47.6214174567466],[-3.429004142794437,47.621466891954746],[-3.429030957538092,47.62135704095322],[-3.429183140514347,47.62151120269242],[-3.429137366818958,47.62168531649518],[-3.429247852916763,47.62171534492547],[-3.429235686403311,47.62128252936228],[-3.429313136335515,47.62126019444553],[-3.429375958712152,47.62133800724738],[-3.429378399775403,47.62124756279978],[-3.429451243000995,47.621297729767335],[-3.429585293440279,47.621190993065234],[-3.429689006752851,47.62127558060164],[-3.429703633639255,47.621175432788995],[-3.429733938283209,47.621869146149386],[-3.429852020419546,47.62151945380013],[-3.430107386079468,47.62153245656787],[-3.430139613338052,47.621467461459176],[-3.429991759417947,47.621349185884334],[-3.429950594442471,47.621450798028036],[-3.429853377782111,47.6214200381198],[-3.429886962577918,47.62125562738832],[-3.429977407230544,47.62134094680834],[-3.43004402761465,47.6212288990996],[-3.430557195435116,47.621164458764774],[-3.43111964567294,47.62128694724771],[-3.430852905412666,47.6214010083109],[-3.430605394326726,47.62134241882522],[-3.430547712184641,47.621417849730825],[-3.430473784759328,47.621358712224506],[-3.430432620693975,47.62146032453762],[-3.430604038366549,47.621441834518244],[-3.430585080985431,47.621506097534194],[-3.430737541538326,47.62155187033065],[-3.430628948126604,47.62164817266041],[-3.430769495443287,47.62159526195824],[-3.431054649643841,47.62163371182904],[-3.431103122539829,47.62170328474308],[-3.430958242890376,47.62172031096582],[-3.431110704374978,47.62176608327013],[-3.431280228059633,47.62162126292216],[-3.431246107444953,47.62155992899967],[-3.431379883595286,47.6215615771647],[-3.431321119157398,47.62162803722768],[-3.431478996592602,47.621718665134985],[-3.43151907567933,47.62160808125168],[-3.431616022761599,47.62174722667346],[-3.431832665155087,47.6217713938929],[-3.431880326283244,47.62172360836969],[-3.431769838687675,47.621693582429856],[-3.4318551412572,47.62162565741279],[-3.432165751734147,47.62165366862236],[-3.432157894720466,47.62125673819254],[-3.432435464777219,47.621232386224484],[-3.432421657088963,47.62144989250547],[-3.432503439322017,47.62146344030412],[-3.432500458361792,47.62132813976219],[-3.432674856287308,47.621444947245436],[-3.432614464558702,47.62127669170856],[-3.432695969255771,47.62095610735548],[-3.432911525520476,47.620971301376635],[-3.432837059299971,47.62112893923955],[-3.432909637362194,47.62128749098454],[-3.432807548794352,47.62143762257031],[-3.432722516370177,47.62139716137052],[-3.432721164351153,47.6214965770853],[-3.432843569550197,47.62162528535933],[-3.432913434528659,47.62154014963924],[-3.433064813729755,47.62157694819476],[-3.432993865509617,47.62165311280282],[-3.43315201362092,47.62163535154101],[-3.433207538254886,47.62198449576832],[-3.433292839459971,47.62191656971135],[-3.433221075257319,47.62187537635371],[-3.433325063072207,47.62185157373654],[-3.433550374925033,47.62194750734224],[-3.433345902880963,47.6214711207535],[-3.433448806345742,47.62143834682249],[-3.433411981892416,47.62157584497033],[-3.433502432721055,47.62166116164644],[-3.433893743634537,47.62169374410475],[-3.433814394259403,47.62158975275695],[-3.434029953400883,47.621604944708935],[-3.433924331586882,47.62139403173375],[-3.434028584131383,47.62126184155501],[-3.433969005830324,47.62121094483516],[-3.434077326446958,47.62122302631618],[-3.434039952071618,47.621134779617456],[-3.434122817846823,47.62115729747795],[-3.434147741074306,47.62136363489955],[-3.434228439976621,47.62136821029926],[-3.434224657903898,47.6215580705715],[-3.434356001500964,47.62165015986188],[-3.434337291679175,47.621163517673295],[-3.43441717182198,47.62105073481025],[-3.434625432474048,47.621337259338176],[-3.434545287410377,47.62155842924731],[-3.434653344149149,47.6216788971055],[-3.434480843432545,47.62168842187874],[-3.434623289679123,47.62176183582344],[-3.434552343436757,47.62183800137097],[-3.434379023788216,47.6217301679027],[-3.434387162642714,47.62201871119819],[-3.434231181107605,47.622054416504504],[-3.434817465471692,47.62193173450688],[-3.434743268072788,47.621980986616094],[-3.434805015464974,47.62204982528575],[-3.434862692274434,47.62197439230211],[-3.435041696558173,47.62201869404925],[-3.434939612587951,47.62216882744224],[-3.434994593729818,47.62229222580272],[-3.435054702019964,47.62212634820963],[-3.435198234040489,47.62220873261595],[-3.435183324285598,47.621974749226254],[-3.435312766272834,47.62194050816885],[-3.435349586082069,47.62180300944747],[-3.435529936995037,47.62174789472295],[-3.435685654147727,47.62182057458474],[-3.435658294326188,47.62170468210139],[-3.435987858238769,47.62166841931313],[-3.435942630796176,47.62162576194692],[-3.436141931235838,47.621506382389065],[-3.436016004600615,47.62145915097035],[-3.436197437631967,47.62141300637948],[-3.436214220284657,47.621330800104495],[-3.436427349941844,47.621436432219326],[-3.436540268560251,47.621376009166056],[-3.43643684493046,47.62162555966949],[-3.436234292761913,47.62171802621153],[-3.436292789797071,47.621759950592654],[-3.436458786307553,47.62169659613245],[-3.436403280073691,47.62178997225266],[-3.436653489012144,47.62164971794817],[-3.436571705440667,47.62163617305686],[-3.436655917760242,47.62155927336332],[-3.436730936373318,47.62162737811669],[-3.437032052281778,47.62146624896093],[-3.437047794261805,47.62181759025029],[-3.43691726958738,47.62184286206906],[-3.436872084504538,47.62224272381669],[-3.436674127630751,47.62226268885912],[-3.436796804482203,47.622283006060485],[-3.436585056428723,47.62252047762826],[-3.436442344374635,47.62255545297386],[-3.436516280068749,47.6226145866657],[-3.436415544279791,47.62266530560889],[-3.436522784352483,47.62266841364824],[-3.436154789039116,47.62304997937245],[-3.435964416642557,47.623132741358624],[-3.435999627654547,47.623203045019046],[-3.436113634483094,47.62315159359933],[-3.436246069272878,47.623252651853505],[-3.436356823875911,47.62317428670635],[-3.436416406644668,47.62322518215677],[-3.436006691514733,47.62348261681863],[-3.435837996376073,47.62374480185518],[-3.43601618537698,47.623671744104186],[-3.436102307919481,47.62372117402136],[-3.435950658454482,47.62379276624237],[-3.436055732779447,47.62377793238123],[-3.436069824711744,47.623894557493564],[-3.436278889606075,47.623855918303406],[-3.4363736850765,47.62397711729544],[-3.436805084575329,47.623899104528086],[-3.437017921270183,47.62367060388403],[-3.437079673549884,47.62373944129131],[-3.437084269996303,47.62366693910236],[-3.437243506901823,47.62365814347256],[-3.43715144323584,47.623780632238535],[-3.437315276604897,47.62369933432084],[-3.437344290943604,47.624049942180186],[-3.437161506123362,47.624195504118326],[-3.4371845337131,47.62427551150141],[-3.437343513152759,47.62437510250735],[-3.437586967413163,47.62428940627032],[-3.437785757387487,47.624386797615976],[-3.43776086930652,47.624622979499904],[-3.437674743773386,47.62457355082862],[-3.437500891043883,47.62468249565739],[-3.437541526411168,47.624797654520854],[-3.437650939395644,47.62481870380946],[-3.437626309211134,47.62494649887979],[-3.437752245497629,47.62499372847761],[-3.437725446874261,47.62510358127549],[-3.437842709054138,47.6250790416424],[-3.438051261641228,47.62525717275257],[-3.437761228970989,47.625399628907296],[-3.437970866889491,47.62558673127028],[-3.438000144499517,47.62582895194237],[-3.43788479125526,47.6259798206779],[-3.438048372415596,47.62600690850373],[-3.438122056976634,47.62617442774498],[-3.438089836595711,47.626239424898706],[-3.437898629618468,47.62620483210629],[-3.437754048925166,47.62655599781997],[-3.43799725452499,47.626578687471614],[-3.4380877211591,47.62666400037704],[-3.438100164979837,47.626545909528545],[-3.438284609400831,47.626635061854955],[-3.43829653809821,47.62673374427022],[-3.438398364222727,47.62669199493847],[-3.438334437960564,47.626605216075845],[-3.438477159601883,47.62657023849116],[-3.438402131814466,47.626502135032496],[-3.438499619584129,47.62642450109245],[-3.438461149807692,47.62632728491629],[-3.438541856583446,47.62633185732394],[-3.438561319702828,47.62605081983656],[-3.438762799789352,47.62594937833715],[-3.438783089746715,47.62578569858057],[-3.439012449260697,47.625583374757916],[-3.439184706222234,47.625682230011556],[-3.439483413463065,47.62561153932488],[-3.440329197731657,47.6256460827528],[-3.440727555719707,47.62551569552613],[-3.440737823808574,47.625379662102844],[-3.441242339454714,47.62524340605759],[-3.441512080718871,47.62526462153929],[-3.44167749790562,47.62497551519799],[-3.441814537890047,47.62500406472321],[-3.441922032947244,47.6248987810571],[-3.441881388053201,47.6247836237238],[-3.441976697611881,47.62468804460411],[-3.441838573369842,47.62465052415944],[-3.441762709317944,47.62446506491833],[-3.441834733739801,47.62439786620034],[-3.44173533494802,47.62434917401639],[-3.441839323784784,47.62432536384893],[-3.441902168026472,47.62440316978948],[-3.441968767201973,47.62429111545623],[-3.441885558398858,47.62393447171628],[-3.441723066589623,47.62391636034513],[-3.44180944500657,47.623857399245686],[-3.4417509413407,47.623815477672906],[-3.441568169339337,47.62396104652458],[-3.441455752772415,47.62380470075582],[-3.441491473141295,47.623658229117055],[-3.441623085013779,47.623641923321735],[-3.441625004296215,47.62376825235798],[-3.441706792416045,47.62378179369592],[-3.441710297640534,47.62370032021591],[-3.441845164440262,47.623710927502714],[-3.441656051041167,47.62325176461778],[-3.441774808922178,47.62257689986491],[-3.441953571064739,47.622729577875724],[-3.441959830959944,47.62289179141451],[-3.442181072132482,47.62284343701258],[-3.44217856544858,47.62249136306239],[-3.442063730571497,47.62242546242421],[-3.442026591900031,47.622228831442726],[-3.442254589558342,47.62212591667347],[-3.442226379666702,47.62189266772127],[-3.442045449631172,47.62172204782914],[-3.44211288055879,47.6217273513039],[-3.442089011336535,47.621529986738814],[-3.441972258612096,47.6213377568],[-3.442069981413427,47.62115173272077],[-3.442020323863138,47.62063067420645],[-3.442191984260031,47.62050378018233],[-3.441820370989909,47.620081799618234],[-3.441912417565115,47.61995930693962],[-3.441763206599762,47.61994046207654],[-3.441743929243438,47.61967059473807],[-3.441664066644041,47.61978338269161],[-3.441495078594535,47.61971144418835],[-3.441455774278894,47.619496870487495],[-3.441586291069143,47.61947159356629],[-3.441564343783995,47.619400557985664],[-3.441687850348523,47.61953822825925],[-3.441572771774048,47.61958071408445],[-3.441694359471582,47.61959205503865],[-3.441882875397094,47.61982547355086],[-3.441959233019762,47.61979415910449],[-3.441841399678828,47.61959295773642],[-3.441912332538532,47.61951678767374],[-3.442010387819945,47.61966489574293],[-3.441930275861169,47.619886070908564],[-3.441994199922612,47.61997284810279],[-3.442106024214012,47.61990344849764],[-3.442336768478361,47.62004422086806],[-3.442239796547571,47.61990508422496],[-3.442442082543771,47.619920994210645],[-3.442538308937491,47.62038529171197],[-3.442524203800946,47.620268667170286],[-3.442699116941025,47.62016868573552],[-3.442808026170543,47.62040650425371],[-3.442636864550368,47.62031662519349],[-3.442613084857039,47.62056177972123],[-3.442466539659896,47.62034410400313],[-3.442430824183655,47.62049057618936],[-3.442361224816286,47.62046733065586],[-3.442404037447864,47.620600430314646],[-3.442475807021829,47.620641618056496],[-3.442482565887724,47.620587057775786],[-3.442535392797258,47.62069251045142],[-3.442536726519987,47.62059309458276],[-3.442684357732849,47.62081974129991],[-3.442906674744871,47.62078035658714],[-3.442873874406323,47.62061961016432],[-3.442984955529274,47.62087537068832],[-3.442843585222901,47.62081093802235],[-3.442800274989165,47.62089461249572],[-3.442996891628117,47.62097405291558],[-3.443045627160082,47.62093523392842],[-3.443050557387112,47.621196863406944],[-3.443319193762906,47.62120910364967],[-3.443407242508263,47.62138485740576],[-3.443431018921356,47.62113970281989],[-3.443527996199352,47.621278838385734],[-3.443492283010043,47.6214253108263],[-3.443292999310552,47.62154470293154],[-3.443480937505311,47.621552373664024],[-3.443469345131565,47.62178782341943],[-3.443348837233376,47.62178545543022],[-3.443344249456841,47.62185795793557],[-3.443306859318915,47.62176971423169],[-3.443101063091072,47.621835279362244],[-3.442989731626267,47.621687906006244],[-3.442841600539185,47.62167803364577],[-3.442942328359789,47.62162730913458],[-3.442938235831565,47.62148303776219],[-3.44286187636755,47.6215143528215],[-3.442705313641588,47.62132432445935],[-3.442569367663199,47.62130474703906],[-3.442436089634404,47.62108633778074],[-3.44253331293574,47.62111708722019],[-3.442509193671196,47.62102810964645],[-3.442391942534383,47.62105265401551],[-3.442488916946183,47.62119179045037],[-3.442398203564952,47.6212148676705],[-3.442472731346226,47.62149974263528],[-3.442363074202829,47.6215870847635],[-3.442281538504973,47.621465156933425],[-3.442276949306474,47.62153765940877],[-3.44235256190221,47.621831505517065],[-3.442507452317059,47.6217868182485],[-3.442438189523676,47.622097704629844],[-3.44235748881544,47.62209313490446],[-3.442497279306955,47.62236537079762],[-3.442456137351354,47.62246698729475],[-3.442320437705699,47.62233902270801],[-3.442306919185071,47.62244814315058],[-3.442483850909173,47.622917009852856],[-3.442389630461718,47.62302156058093],[-3.442318106913059,47.622871985978264],[-3.442289984510963,47.623081255687296],[-3.442468500961577,47.62334231970839],[-3.442441802293509,47.623894692052836],[-3.442530937666301,47.62407941732925],[-3.442441304468434,47.6241114656498],[-3.442463005987504,47.62429088767931],[-3.442323797375835,47.62424439669963],[-3.442356349197785,47.6245135297505],[-3.442469267613812,47.62445310106062],[-3.4424170242586,47.62457339320526],[-3.442535368213949,47.62455781995449],[-3.44245416599934,47.62477002382565],[-3.442362361449644,47.62478412987676],[-3.442435221702,47.624834288654405],[-3.442317962171118,47.62485883290119],[-3.442332068069941,47.6249754571928],[-3.442249192905352,47.62495294520116],[-3.442317214664162,47.62518399312555],[-3.442501073911304,47.62504739429043],[-3.44244883004615,47.625167686412546],[-3.442350265235191,47.62523635260122],[-3.442247609226991,47.625160747580374],[-3.442146874078909,47.625211471400306],[-3.442159894647393,47.62531912459237],[-3.442268225453405,47.6253311984511],[-3.442198370433237,47.62541633960069],[-3.442292346260549,47.62542017587782],[-3.441944903354334,47.625529692212226],[-3.441872377392787,47.62581366436374],[-3.441770555660828,47.62585541674285],[-3.441770805943908,47.625747030046064],[-3.441503232034209,47.6257437573736],[-3.441066981566139,47.62600267637201],[-3.441088930903855,47.62607371180518],[-3.440980598857742,47.6260616368573],[-3.441005802721182,47.62615958562237],[-3.440972752897278,47.626107225791166],[-3.440830034129188,47.62614220643352],[-3.440789390644127,47.62602704879391],[-3.4402648342825,47.626218596146074],[-3.439905450416918,47.62622942413399],[-3.439790610304675,47.62616352138755],[-3.439678769889263,47.626232918552454],[-3.439516271832335,47.6262148041326],[-3.439677176166673,47.62644072075984],[-3.440047408672284,47.626519604609115],[-3.439800694152932,47.62657839253108],[-3.43991770456951,47.62666223748094],[-3.439798270504786,47.626668836947864],[-3.439780407014542,47.626742072397604],[-3.439631177842455,47.62672322487634],[-3.439597874318977,47.62677925131194],[-3.439705122841712,47.62678235642273],[-3.439618737367383,47.62684131587716],[-3.439407493960944,47.626862018751275],[-3.439437033816978,47.62699585228214],[-3.439829472151128,47.6270373858801],[-3.439598194871234,47.62711338231182],[-3.439681072271966,47.6271358961594],[-3.439583584921358,47.627213531057066],[-3.439669716481485,47.627262958253624],[-3.439515637577776,47.627424999351646],[-3.439548686788289,47.62747735955963],[-3.439704680612669,47.627441647251324],[-3.439599345390325,47.62756487096383],[-3.439715272966985,47.62763974496182],[-3.43955819391057,47.62766648616828],[-3.439566871202449,47.62773825506545],[-3.439296033594515,47.627708064003954],[-3.439330167388487,47.627769395380426],[-3.439159817015324,47.62779686926233],[-3.439245949124321,47.62784629675651],[-3.439144121460781,47.627888046802326],[-3.438915264726676,47.627873597505655],[-3.439088040379676,47.627755679634355],[-3.438810439437961,47.62778004733115],[-3.438832386503577,47.62785108312327],[-3.438715118689122,47.62787562371492],[-3.438793915092973,47.62775386712813],[-3.438720226243216,47.627586348447004],[-3.438557210758869,47.62778500587652],[-3.438516570926245,47.62766984754354],[-3.438331865268374,47.62768908221788],[-3.438329439081053,47.62777952655244],[-3.438319678993488,47.627698786441194],[-3.438247645692715,47.62776598287738],[-3.438211344275826,47.62768670893503],[-3.437850865735838,47.62768855946844],[-3.437844101236603,47.627743119281774],[-3.437963537946559,47.627736521816686],[-3.437796440072704,47.62779090709059],[-3.43792021444402,47.62782019418221],[-3.437848180476547,47.62788739036785],[-3.43797737709713,47.62796153303215],[-3.438229522224903,47.627947604620886],[-3.437953004289633,47.627980941400736],[-3.436789466293401,47.627638811716984],[-3.43657982445674,47.62745170743132],[-3.436484199235646,47.62721315107746],[-3.436684561790845,47.62666022443593],[-3.437019532185647,47.62622629680451],[-3.437498349964787,47.62620888070143],[-3.437155748317639,47.62613749397026],[-3.437283549432448,47.625868535164294],[-3.437084754856445,47.62577114303813],[-3.437076081221431,47.62569937388391],[-3.437207699474879,47.62568307308114],[-3.43709720068782,47.62565305224219],[-3.437131590343421,47.6256059976316],[-3.436876203486559,47.62559301024937],[-3.437050060456324,47.625484066401455],[-3.436903004103269,47.625483157674005],[-3.436973127678769,47.625289632982685],[-3.43680655717555,47.625127243473315],[-3.436921651500114,47.62508476246564],[-3.437077380281373,47.62515744034722],[-3.436973647719996,47.62507285954089],[-3.437084145236592,47.625102880505665],[-3.437061377281597,47.6249144864039],[-3.437158604458838,47.62494524025694],[-3.437360083038116,47.62484380111946],[-3.437303184706583,47.624594074989226],[-3.437108731576717,47.62453256743131],[-3.436873948615581,47.62469003187059],[-3.436889647107308,47.62459885448556],[-3.436812195501529,47.62462119438817],[-3.43683006235414,47.62454795931248],[-3.436739340823664,47.624571032097506],[-3.436705212051419,47.62450969986298],[-3.436535954818045,47.6245461411176],[-3.436530273461977,47.62460967209765],[-3.436434131330183,47.624587888871865],[-3.436481790853879,47.62454010154011],[-3.43631144931998,47.624567571313634],[-3.436216129833237,47.62466314581614],[-3.436333953163563,47.624864352335344],[-3.436238072165141,47.62473418220968],[-3.436119725982085,47.624749749078426],[-3.436183384799048,47.62494491597131],[-3.436084251968267,47.624787832253965],[-3.436056366000508,47.62488871352309],[-3.435728950175032,47.62494291876567],[-3.435352231609106,47.62481019417775],[-3.435374993487757,47.62499858862275],[-3.435270180048942,47.62490503513273],[-3.435128280852926,47.625057366721556],[-3.435170522621406,47.624964724107016],[-3.4350567749229,47.62490778782938],[-3.434694701960856,47.62511743091062],[-3.434624016151535,47.625085209652234],[-3.43471365567714,47.62505316734698],[-3.434694147466201,47.62489168628958],[-3.434742628063845,47.62496125757655],[-3.434910804014289,47.624915847760285],[-3.434883444288536,47.62479995527977],[-3.434735306065743,47.6247900726538],[-3.434599908277463,47.624996230626984],[-3.43454059022284,47.62483694756466],[-3.434200168737496,47.624783494458526],[-3.434212620719789,47.62466540391005],[-3.434091023056862,47.62465405519629],[-3.433994615774558,47.62474065670493],[-3.434043893223821,47.624485068055534],[-3.434268399285127,47.624463642217165],[-3.434359940098644,47.62455792927839],[-3.434443076477764,47.62447206012054],[-3.434321744607189,47.624352324887454],[-3.434369671114382,47.62419615164495],[-3.434193911148275,47.62417876245238],[-3.434321457097496,47.62401819339908],[-3.434207712321424,47.62396125626684],[-3.434434648729734,47.62384938567559],[-3.434427785167869,47.623792568216835],[-3.434508849010258,47.6238001338097],[-3.434453337178457,47.62389350890227]],[[-3.416288907280114,47.63001545987503],[-3.416225012985054,47.62992866906415],[-3.41617841129358,47.629985419314394],[-3.416288907280114,47.63001545987503]],[[-3.416426901195782,47.63049552729105],[-3.416560221424228,47.630271448347045],[-3.416499568888551,47.630211571639215],[-3.416426901195782,47.63049552729105]],[[-3.416901562647153,47.6299997935296],[-3.416766985995966,47.62988077106845],[-3.416740141731178,47.629990618771046],[-3.416901562647153,47.6299997935296]],[[-3.417316032616879,47.62567829714178],[-3.417415711338215,47.62561862342483],[-3.417259046449515,47.62509443002491],[-3.4169783859117,47.625425963213864],[-3.417047680208074,47.6255576104685],[-3.417180385079803,47.62555030356355],[-3.417316032616879,47.62567829714178]],[[-3.417398062487152,47.626802635606296],[-3.417509933057867,47.62673325979845],[-3.417525964739971,47.626533698518806],[-3.417468258506804,47.62660912276237],[-3.41738106765194,47.62655070785689],[-3.417178463792159,47.62664314111414],[-3.417398062487152,47.626802635606296]],[[-3.417494253416104,47.62560526772282],[-3.417551958527362,47.625529843427465],[-3.417472335669719,47.62553422784188],[-3.417494253416104,47.62560526772282]],[[-3.41796282959279,47.62328562740546],[-3.418018369635226,47.623192260123375],[-3.417911129590506,47.623189135094464],[-3.41796282959279,47.62328562740546]],[[-3.418370578317149,47.62256779478974],[-3.41845373731422,47.62248193692682],[-3.418348660651696,47.6224967549623],[-3.418370578317149,47.62256779478974]],[[-3.418663188411973,47.623111592765994],[-3.418666539242676,47.622695988205535],[-3.418548976070055,47.62282889542711],[-3.418663188411973,47.623111592765994]],[[-3.42078805045982,47.618686802769346],[-3.420713642314507,47.61840191356689],[-3.420684356279362,47.618602207217016],[-3.42078805045982,47.618686802769346]],[[-3.423607944661173,47.619253866104685],[-3.423634769396449,47.61914401621765],[-3.423551911170495,47.61912149089265],[-3.423607944661173,47.619253866104685]],[[-3.423722034490594,47.619214162509074],[-3.423832432910586,47.619232460268435],[-3.423727937901358,47.619030509115206],[-3.423722034490594,47.619214162509074]],[[-3.42427669310927,47.61804297766427],[-3.424266956053741,47.61796223597619],[-3.424172994651597,47.61795838518163],[-3.42427669310927,47.61804297766427]],[[-3.424652824422886,47.61794999296293],[-3.424689668933324,47.617812497322],[-3.424607609187293,47.61790733112638],[-3.424608976223577,47.61780791532306],[-3.424543715860029,47.61782054432593],[-3.424541266763241,47.61791098883126],[-3.424652824422886,47.61794999296293]],[[-3.426326032217957,47.62030511941959],[-3.426357181048338,47.62023115404437],[-3.426669143786643,47.62015976418816],[-3.426626932739909,47.619809884754005],[-3.426553011884363,47.619750744717194],[-3.426450107439558,47.61978351260071],[-3.426375386043022,47.61960701417627],[-3.426277893092921,47.619684638268126],[-3.426222934784319,47.619561235639885],[-3.426176352770614,47.61961799018096],[-3.426120312529412,47.61948561622602],[-3.425982212893623,47.61944807693055],[-3.425984612624322,47.61980015177088],[-3.426094010809052,47.61982121193928],[-3.426100786312628,47.619766652584836],[-3.426147086562912,47.619818285075596],[-3.426020890522854,47.619879429833524],[-3.426131371130346,47.619909461239786],[-3.426043899555074,47.61995943958959],[-3.426121867096503,47.62016285200925],[-3.426046864075802,47.62009474039089],[-3.426016797127266,47.620177676961056],[-3.42611156276863,47.62029888450992],[-3.426177107706374,47.62017786767555],[-3.426326032217957,47.62030511941959]],[[-3.426341703398182,47.62065646235811],[-3.426453029866634,47.62036133258135],[-3.426219597926618,47.62041936024815],[-3.426224727468067,47.620572603550684],[-3.426341703398182,47.62065646235811]],[[-3.426548752191251,47.621819067871826],[-3.426574489807099,47.62170024619367],[-3.426469416937752,47.62171507154099],[-3.426548752191251,47.621819067871826]],[[-3.426532883013004,47.62069107416752],[-3.426539658178464,47.620636514811956],[-3.426448938848271,47.6206595796503],[-3.426532883013004,47.62069107416752]],[[-3.426662608367114,47.62054845572301],[-3.426773371426651,47.620470099555305],[-3.4267105538647,47.62039228531892],[-3.426587604114796,47.620480344465385],[-3.426662608367114,47.62054845572301]],[[-3.426724384547245,47.62017477959563],[-3.426798867485717,47.62001714555342],[-3.426824042475993,47.62011509768129],[-3.426944545868187,47.62011748272279],[-3.426985715536995,47.62001587156916],[-3.427049615461323,47.62010265693588],[-3.427120570101151,47.6200264958784],[-3.427337203476665,47.62005067145785],[-3.427372960068494,47.61990420385697],[-3.427410322561969,47.6199924527446],[-3.4276459163435,47.619952365202145],[-3.427623741842696,47.61954719474965],[-3.427456938382709,47.61949317844787],[-3.427439060364159,47.619566412279354],[-3.427376242895253,47.619488598364946],[-3.427357002806125,47.619661247930296],[-3.427044241656837,47.619615281372305],[-3.427025000448398,47.619787930871766],[-3.426920211872186,47.61969436963883],[-3.426917766715495,47.619784814107106],[-3.426840598487582,47.619698760452636],[-3.426648058942532,47.619763564861906],[-3.426724384547245,47.62017477959563]],[[-3.427152576197227,47.62261661504414],[-3.427199439641528,47.62245147335365],[-3.427041006959429,47.6225776133937],[-3.427152576197227,47.62261661504414]],[[-3.427124674485477,47.62271749429278],[-3.427179115435481,47.62261515137687],[-3.427077288314191,47.622656891015176],[-3.427124674485477,47.62271749429278]],[[-3.427047285068706,47.6188655434392],[-3.427043796000957,47.61850449718141],[-3.426905698253689,47.61846695895907],[-3.426878319622788,47.618793583753565],[-3.427047285068706,47.6188655434392]],[[-3.427203114509912,47.62059992476559],[-3.427285173784097,47.62050508926842],[-3.427168999232088,47.62053858961992],[-3.427203114509912,47.62059992476559]],[[-3.427397962466341,47.61878298484565],[-3.427313497570892,47.61852574552642],[-3.427383367311568,47.61844061297925],[-3.427253126040929,47.618357486965785],[-3.427172346160004,47.618440915409025],[-3.427216810565448,47.61872072877396],[-3.427315103213052,47.61876046218642],[-3.427330816285837,47.61866928580924],[-3.427397962466341,47.61878298484565]],[[-3.42900108272862,47.623101666149815],[-3.429105626782593,47.62286109365277],[-3.429068535537147,47.62266445859752],[-3.428851614273006,47.62274867310273],[-3.428907664712222,47.62288104552532],[-3.428770637082054,47.62285248082596],[-3.428823439146667,47.6229579395795],[-3.42870861975394,47.62289202582708],[-3.428787684489071,47.62310440739481],[-3.428837791590695,47.62296617879046],[-3.42900108272862,47.623101666149815]],[[-3.428776651845426,47.62179552592471],[-3.428835419635281,47.621729067147704],[-3.428703808574527,47.621745358549234],[-3.428776651845426,47.62179552592471]],[[-3.429016539900726,47.62267635801781],[-3.42920475580621,47.622575664873516],[-3.429063397631412,47.622511215584545],[-3.429130849183554,47.62207400786364],[-3.428988409657439,47.62200058723208],[-3.428830259079157,47.62201834285268],[-3.428930171848472,47.62229279105236],[-3.428840810005013,47.62221644210005],[-3.428772020385178,47.622310546591436],[-3.428919321546747,47.62264559735145],[-3.429016539900726,47.62267635801781]],[[-3.4293577691705,47.622404665742486],[-3.429590398499806,47.62222927376769],[-3.429597737745088,47.62151542170715],[-3.42948047960345,47.62153995310752],[-3.429472349254788,47.621693928275356],[-3.429317723747226,47.621630211360326],[-3.429213990105217,47.62198814231836],[-3.429164415976109,47.62235211612117],[-3.4293577691705,47.622404665742486]],[[-3.429332825482757,47.623083364629665],[-3.429352867782025,47.62302807309754],[-3.429261062767382,47.62304216886353],[-3.429332825482757,47.623083364629665]],[[-3.430313197095284,47.62146691432352],[-3.430336760198653,47.62133014934023],[-3.430176172342805,47.62143835125241],[-3.430313197095284,47.62146691432352]],[[-3.430812818125566,47.621954110794],[-3.43061107373773,47.621721406896405],[-3.430624615980589,47.621612287768066],[-3.430484341653489,47.62155681139047],[-3.430441011443766,47.62164048124755],[-3.430489756713429,47.621601667513545],[-3.430673625754546,47.62190760587358],[-3.430812818125566,47.621954110794]],[[-3.430889451301606,47.62225693547611],[-3.431235540779652,47.62224686750377],[-3.431171631484022,47.62216008452294],[-3.430889451301606,47.62225693547611]],[[-3.433130904559766,47.62212419134291],[-3.433107068366496,47.62192682498366],[-3.432938085063898,47.62185487417841],[-3.432949734636036,47.62206194427063],[-3.433130904559766,47.62212419134291]],[[-3.43394820859103,47.62247643547635],[-3.434003985868564,47.62227467368277],[-3.433850436860497,47.62221993397686],[-3.433800343438593,47.62235816478441],[-3.433905415537376,47.62234333284682],[-3.43394820859103,47.62247643547635]],[[-3.434020220555287,47.62196672279577],[-3.434051359694715,47.62189275543186],[-3.433969576411175,47.62187920872012],[-3.434020220555287,47.62196672279577]],[[-3.434120425707657,47.62213277968104],[-3.434203558695357,47.62204691058664],[-3.434087385129975,47.62208041779337],[-3.434120425707657,47.62213277968104]],[[-3.434635648254765,47.624849761175255],[-3.43468899319686,47.624738443699925],[-3.434544371404222,47.62464708760207],[-3.434635648254765,47.624849761175255]],[[-3.434382873174049,47.62286786377021],[-3.434429449298674,47.62281110605089],[-3.434335478629792,47.622807263442354],[-3.434382873174049,47.62286786377021]],[[-3.434509379043634,47.623583360212955],[-3.43445331397691,47.623450990526756],[-3.434427593053871,47.6235698138337],[-3.434509379043634,47.623583360212955]],[[-3.434470341707423,47.62281787924969],[-3.434476025324259,47.62275434831135],[-3.434383138442416,47.622759476923214],[-3.434470341707423,47.62281787924969]],[[-3.434383138442416,47.622759476923214],[-3.434454086150806,47.622683311514514],[-3.434342776788953,47.62253592998103],[-3.434383138442416,47.622759476923214]],[[-3.435582586175445,47.623289293220076],[-3.435658131214628,47.62314062495108],[-3.435808432907343,47.62316844875097],[-3.435864203877306,47.62296668614077],[-3.436003665510045,47.62290479800721],[-3.435928646029681,47.62283669283139],[-3.436207568143201,47.62271291623364],[-3.436178300375524,47.62247069472421],[-3.436296641489157,47.622455127777876],[-3.436190747442589,47.62235260382449],[-3.436422831847394,47.6223939719979],[-3.436440959576402,47.62221235001584],[-3.436551450872676,47.62224237152871],[-3.436585276351027,47.62196957204523],[-3.436791081098249,47.621904018400535],[-3.436719314213211,47.621862827192174],[-3.436857948122394,47.621683579925524],[-3.436590134099228,47.621788682903784],[-3.436593125450117,47.62192398330916],[-3.436520274658973,47.62187382081231],[-3.436443649791396,47.62201351856836],[-3.436409522993861,47.62195218616683],[-3.436305536358323,47.621975991529006],[-3.436198858514047,47.622198628241605],[-3.43616147994877,47.62211038226602],[-3.436082947684998,47.62212375054418],[-3.435941880043037,47.6223934413859],[-3.435833556629629,47.622381361641445],[-3.435639671716684,47.622545596481885],[-3.435504809094392,47.62253498202326],[-3.435330958575479,47.62264392373627],[-3.435348036874788,47.62289584937373],[-3.435430642793511,47.62302675312628],[-3.435509176549017,47.62301338529291],[-3.435423876411462,47.6230813129303],[-3.435582586175445,47.623289293220076]],[[-3.435349910647648,47.622579659987665],[-3.435564653205458,47.62247749105969],[-3.435564916072523,47.62236910418828],[-3.435519425415584,47.6224348335473],[-3.435447658798163,47.62239364156877],[-3.435349910647648,47.622579659987665]],[[-3.435708974682007,47.622234714204936],[-3.435683782390057,47.62213676409947],[-3.435623938789235,47.62219425513413],[-3.435708974682007,47.622234714204936]],[[-3.435966775132036,47.62215725961899],[-3.435997911685554,47.622083291743365],[-3.435918295485487,47.62208768873987],[-3.435966775132036,47.62215725961899]],[[-3.436415140385662,47.62420963452767],[-3.43642325109205,47.624055659076134],[-3.436201999680732,47.62410400254105],[-3.436209587855038,47.6241668006595],[-3.436367742343139,47.62414903506629],[-3.436415140385662,47.62420963452767]],[[-3.436121111339379,47.6218868358639],[-3.436188803483927,47.62178375585325],[-3.436108103785471,47.62177918180904],[-3.436121111339379,47.6218868358639]],[[-3.436227265848226,47.62188097300489],[-3.436407616118454,47.62182585692728],[-3.436348034919848,47.621774961435776],[-3.436227265848226,47.62188097300489]],[[-3.436821909909756,47.62425941656238],[-3.436856298910222,47.62421236199909],[-3.436761241480311,47.62419955019157],[-3.436821909909756,47.62425941656238]],[[-3.437679847808183,47.626605251677596],[-3.437686612331107,47.6265506918418],[-3.437594803459312,47.6265647941327],[-3.437679847808183,47.626605251677596]],[[-3.43757931527439,47.626105067106934],[-3.437626975127461,47.626057279345204],[-3.437545184556283,47.626043735166256],[-3.43757931527439,47.626105067106934]],[[-3.437643399079552,47.6251984238833],[-3.437681299424432,47.62506989579926],[-3.437542918350156,47.62514075700984],[-3.437643399079552,47.6251984238833]],[[-3.43915420751941,47.62642446089656],[-3.439183173004694,47.62633255008967],[-3.439073756313151,47.62631150225278],[-3.43915420751941,47.62642446089656]],[[-3.440449787122646,47.626090971725816],[-3.440642585306404,47.625917758089784],[-3.440594096150838,47.62584818928616],[-3.440691327063867,47.62587894018368],[-3.440680478940727,47.62578922908023],[-3.440473579214025,47.6258458183352],[-3.440476580635278,47.62598111835875],[-3.440400466359099,47.625904045051136],[-3.44029079677765,47.62599138503592],[-3.440199243030563,47.62589710269277],[-3.440167025346236,47.62596210042872],[-3.439925991006909,47.62595735752147],[-3.439982580106689,47.62587295104395],[-3.439908381995416,47.625922206334586],[-3.439701989903325,47.6257620208411],[-3.439544916365628,47.625788762055556],[-3.439637808022502,47.62578362934658],[-3.439604505092177,47.62583965581114],[-3.439362386765815,47.62582594062013],[-3.43941929604369,47.62607566558886],[-3.439731021039163,47.62611262773539],[-3.439940345970884,47.62596559535531],[-3.439975564087784,47.62603589771457],[-3.440449787122646,47.626090971725816]],[[-3.440928602568271,47.62607354155975],[-3.440924515141592,47.62592927044659],[-3.441127908463044,47.62595415376685],[-3.441360514585503,47.625778738670654],[-3.441246507203576,47.625830195142285],[-3.441195847547452,47.62574268437428],[-3.440991118273293,47.62581721675878],[-3.440943713608717,47.62575661920458],[-3.440971086981777,47.62587251020813],[-3.440922345433623,47.625911328231105],[-3.4408484002926,47.625852197428806],[-3.440803998007049,47.625926899836664],[-3.440847895978662,47.626068970800624],[-3.440928602568271,47.62607354155975]],[[-3.441351001413933,47.62558961202488],[-3.441257276680489,47.62547738827997],[-3.441092358983079,47.62554972054484],[-3.441112138409098,47.62560281377499],[-3.441351001413933,47.62558961202488]],[[-3.44147477263119,47.62561889538309],[-3.441613149725435,47.625548029531735],[-3.441576844818944,47.62546875654486],[-3.441365607603515,47.62548946297487],[-3.44147477263119,47.62561889538309]],[[-3.442054569280879,47.625442350653614],[-3.442184015268512,47.62540810204204],[-3.442124424564438,47.62535720959116],[-3.441967353431456,47.6253839540688],[-3.442054569280879,47.625442350653614]],[[-3.442216216876091,47.62390716250285],[-3.442224310804247,47.623753186624945],[-3.442108138560632,47.62378670178025],[-3.442216216876091,47.62390716250285]],[[-3.442403450401343,47.62037468520744],[-3.442387175592418,47.62024011840827],[-3.442256906572512,47.62015700920539],[-3.442291874709351,47.62033569808131],[-3.442403450401343,47.62037468520744]],[[-3.442950078348756,47.62113920106668],[-3.442981204632829,47.621065231290984],[-3.44285093267479,47.6209821227859],[-3.442950078348756,47.62113920106668]],[[-3.443333397692693,47.621768246893105],[-3.443242093091093,47.621565579797306],[-3.443148123980876,47.621561744276725],[-3.443126421268626,47.62138232212294],[-3.442901342561114,47.62117802000991],[-3.443041133429732,47.621450255380026],[-3.442989979414558,47.62157951907466],[-3.443333397692693,47.621768246893105]]],[[[-3.427104626944216,47.620337187330655],[-3.427250255765226,47.62032639591813],[-3.427119450096994,47.62046004377065],[-3.427104626944216,47.620337187330655]]]]},"properties":{}}]}