{"type":"FeatureCollection","features":[{"type":"Feature","geometry":{"type":"MultiPolygon","coordinates":[[[[-3.497904824338109,47.653775486185786],[-3.49794659403174,47.653669707095375],[-3.497788372587881,47.65368755579214],[-3.497787140991147,47.65378697056244],[-3.497884131509669,47.65379772716961],[-3.497811367246428,47.65387593518811],[-3.497593743750118,47.65362614987715],[-3.497656840678617,47.65359553939437],[-3.497677781746049,47.65365759270874],[-3.497680108502587,47.65356714838246],[-3.497464402172423,47.65355207416076],[-3.497514085580647,47.65363058878828],[-3.497418961199444,47.65361782654586],[-3.497381184493768,47.653746372072916],[-3.497245273590262,47.653618473406546],[-3.497169994901566,47.6536587938962],[-3.497262791831666,47.65376200065407],[-3.496948675835762,47.653707251674845],[-3.497134407310968,47.65380528024723],[-3.497198323970371,47.65400041088553],[-3.497104155870998,47.65410500404098],[-3.496813167905408,47.6541302490103],[-3.496783191793512,47.65421320230248],[-3.496718320379971,47.65390071579798],[-3.496539018817187,47.65396489453021],[-3.496450601968368,47.65389756904712],[-3.496527792728727,47.65409196034895],[-3.496374088049769,47.65403730376135],[-3.496385314492797,47.653910237953745],[-3.496314413692312,47.65398643972525],[-3.49603122902236,47.65396609076949],[-3.495978403736971,47.65375227892126],[-3.495893131466713,47.65382024961775],[-3.49572177326356,47.653730449931125],[-3.495547414164716,47.653396968124234],[-3.495492931692543,47.65360772646158],[-3.495390004325959,47.65364055450069],[-3.495156643807605,47.653590333708074],[-3.49516910952592,47.65336385322826],[-3.495001847470229,47.65352670482796],[-3.49484828856973,47.65336366098461],[-3.494727564265407,47.65346973127926],[-3.494551831432319,47.653344047947904],[-3.494482023184052,47.65342921910981],[-3.494832395427631,47.65367161522303],[-3.494800227536019,47.65373662707567],[-3.494565915875526,47.65356904940906],[-3.494551401863769,47.65366920362963],[-3.494403315964704,47.65355101160884],[-3.494143259993497,47.65361065293279],[-3.493937836772071,47.65335115086401],[-3.493958629024173,47.653521590081404],[-3.493734024723631,47.65354313032216],[-3.493661222052474,47.65338461907197],[-3.49360468870624,47.65346905033088],[-3.493562816242757,47.653344942224564],[-3.493372570435006,47.65331941122603],[-3.493133888345793,47.65311594868386],[-3.493086254049591,47.653163758411175],[-3.492927084817176,47.65306424478918],[-3.492823062787439,47.6530881000805],[-3.492851657005356,47.65321294775378],[-3.492652512113186,47.65322403685134],[-3.492377286519531,47.65304970203126],[-3.492318858847139,47.65289942117467],[-3.492013504936571,47.65291642292948],[-3.491978897465805,47.65296308211816],[-3.491878702982757,47.652797488472935],[-3.491941950698938,47.65265849579358],[-3.492160933894342,47.65270049173168],[-3.492140945543511,47.652755793173476],[-3.492398811479445,47.652678215272275],[-3.49297800163911,47.65304334661266],[-3.493115433349939,47.652855065014634],[-3.493178239980496,47.653041227453606],[-3.493349591688868,47.653131030902124],[-3.493505769784023,47.65298686197577],[-3.493569672191718,47.65318199468201],[-3.493680259740464,47.65321196166038],[-3.49368259325417,47.653121517392705],[-3.493789753115014,47.653232958046075],[-3.493837386842591,47.65318514803374],[-3.49422211175333,47.65338047538178],[-3.494375955881585,47.65332674958432],[-3.494332987346734,47.653193671262486],[-3.494567439784036,47.65325286419045],[-3.494649143530053,47.65337475348368],[-3.494654758742614,47.6533112206419],[-3.494925900007478,47.65323289769706],[-3.495224545744541,47.653270450733984],[-3.495238774798854,47.653387066890936],[-3.495401374492478,47.653405103530275],[-3.495581911240288,47.65324151175449],[-3.495736425877864,47.65352191034369],[-3.495854818454291,47.65350628330689],[-3.495906688773951,47.65360273955266],[-3.496084755114849,47.6536379765385],[-3.496069149243684,47.653729160480204],[-3.496232984754657,47.653647781205045],[-3.496607729697253,47.65387075170534],[-3.496792643573184,47.653743039934405],[-3.49677403179526,47.65359054215707],[-3.497015195964467,47.65359516768522],[-3.496906933811572,47.653474759553454],[-3.496978927923656,47.653407527858974],[-3.497082810670729,47.65349205410667],[-3.49722337592105,47.65343906432828],[-3.497509843033397,47.65348632175573],[-3.497622760273494,47.653425840668916],[-3.497964386691269,47.65359646379376],[-3.498145052117066,47.653324482836226],[-3.498414957908537,47.653345566593906],[-3.498410442248781,47.65341807005857],[-3.498589604736635,47.653462273674414],[-3.49890508482924,47.65330921821345],[-3.499130781254216,47.653296638469044],[-3.499161848402178,47.65322265497227],[-3.499254782061406,47.65321747492587],[-3.499336496461712,47.653339360944095],[-3.499510449367466,47.653121940477746],[-3.499724926563326,47.653236425745604],[-3.499840031392125,47.6531938833729],[-3.499965957197804,47.65334943043074],[-3.500108709932694,47.65331437803664],[-3.500535478481959,47.65352540510702],[-3.500666050489113,47.65350006261514],[-3.500861073519095,47.65323630769528],[-3.500966187747701,47.6532214156716],[-3.501094437857881,47.65328651710627],[-3.501131815828123,47.65348312608455],[-3.501175061023087,47.653399431416126],[-3.501294547297613,47.65339276928517],[-3.50147577415628,47.65356329454429],[-3.501233384572588,47.65365809303419],[-3.501014520367402,47.65350772888609],[-3.5009671530967,47.653338771339314],[-3.500836581627302,47.65336411416975],[-3.50066372879732,47.65359050700397],[-3.500442544410711,47.65353058617099],[-3.50040039337788,47.65362325098643],[-3.500092979101354,47.653513947767436],[-3.499908206227725,47.65353327954664],[-3.499793365803392,47.65335905150766],[-3.499505802090945,47.65330282924094],[-3.499338553463927,47.65346568705249],[-3.499158295139357,47.65341251414852],[-3.498922607434245,47.65345274523537],[-3.498892634982788,47.65353569909803],[-3.498479973793783,47.65354966702092],[-3.498807097681791,47.653820442369884],[-3.498474363111234,47.65361320003849],[-3.49845766623861,47.6536954138588],[-3.498286439722572,47.65349723269752],[-3.498283978389451,47.65369606226319],[-3.49846971227913,47.65379408871399],[-3.498546085285097,47.65376273783052],[-3.498544855098519,47.65386215260487],[-3.498371302138401,47.65375441592414],[-3.498177631607447,47.65381036664381],[-3.498024062185542,47.65364732699772],[-3.497904824338109,47.653775486185786]],[[-3.492595324731292,47.652974341393644],[-3.492441774774789,47.652811294341106],[-3.492471462022636,47.652945112627044],[-3.492595324731292,47.652974341393644]],[[-3.49706884395747,47.654034719949415],[-3.497053653976982,47.65380074839055],[-3.496851361808182,47.653676548059224],[-3.496774710582037,47.653924668261276],[-3.496854230739228,47.65402861505829],[-3.49706884395747,47.654034719949415]],[[-3.49740349501094,47.653600625444426],[-3.497309603193866,47.65348844833618],[-3.497148097468944,47.653479384807625],[-3.49740349501094,47.653600625444426]]],[[[-3.491978512510284,47.6529636011302],[-3.491852798468281,47.65313309308869],[-3.491763294957448,47.65305679352364],[-3.491756582374434,47.653111355727745],[-3.491571807875538,47.6531306743304],[-3.491629139760988,47.6532719850347],[-3.491499657934893,47.653306287941284],[-3.491164467110178,47.65329785420598],[-3.491196639167462,47.65323284333926],[-3.49108495912762,47.65319390349796],[-3.491011864045082,47.65325216105535],[-3.490986555585595,47.65315422447729],[-3.490753050434596,47.65321238012123],[-3.490420199361671,47.65311350004129],[-3.490287436020041,47.65312089004883],[-3.490341483335989,47.653235289824664],[-3.490059398602555,47.653223896910184],[-3.489974272124034,47.653183478069714],[-3.490035185569623,47.653134930647596],[-3.489927881166903,47.653131871791565],[-3.490054082578141,47.65307065905369],[-3.489911323890754,47.65310569917001],[-3.489877115750478,47.653044383393734],[-3.489662507339686,47.653038265292565],[-3.489561764652632,47.65308902926204],[-3.489367147467594,47.65302760962746],[-3.489441337600093,47.652978323621454],[-3.489280928291572,47.652978219747666],[-3.489200022817224,47.653082067709924],[-3.4890995881357,47.65291606078425],[-3.48875221728253,47.6529173295191],[-3.488691458010739,47.65285749102453],[-3.48857743843434,47.65290899296148],[-3.488567597712178,47.652828258118504],[-3.488649597456185,47.65273338111834],[-3.488888570117261,47.652720082342626],[-3.489251249027657,47.652844400653656],[-3.489335434659563,47.65276746423759],[-3.490058609564191,47.652998155899134],[-3.490552171541602,47.65288036886124],[-3.491166011168794,47.65298166898717],[-3.491538990344198,47.652861559042584],[-3.491900582416271,47.652976898612486],[-3.491978512510284,47.6529636011302]],[[-3.490243080270564,47.65319561017883],[-3.490231049580109,47.653096934445315],[-3.490122651563756,47.653084905246494],[-3.490118124657374,47.65315740840025],[-3.490243080270564,47.65319561017883]]]]},"properties":{}},{"type":"Feature","geometry":{"type":"Polygon","coordinates":[[[-3.503124444805091,47.65298064301985],[-3.503043003624226,47.65293400660945],[-3.503069429964416,47.6530409109882],[-3.503122413901372,47.653005700490496],[-3.503110228439005,47.65315604530659],[-3.502852628421864,47.65301687630622],[-3.502747388583989,47.65314015528878],[-3.502600254935325,47.65313932928788],[-3.502637638351476,47.65333593779965],[-3.502218405381703,47.65329609649914],[-3.502266999821039,47.65336563870846],[-3.502128631181949,47.65343657537232],[-3.502042399532581,47.65338719491881],[-3.502110004259226,47.65328407842067],[-3.501948498337759,47.653275021525246],[-3.50174129990232,47.6535484889609],[-3.501718162878604,47.65346849554697],[-3.501557752074355,47.653468408524596],[-3.501556785423923,47.653351052869745],[-3.501765918245081,47.6533122970656],[-3.501804522814665,47.6534094909995],[-3.50205605960394,47.65306129883359],[-3.502166651668433,47.653091257783075],[-3.50219307633055,47.65319816235123],[-3.502294902930528,47.65315635790474],[-3.502461887326245,47.65321026635471],[-3.502434493545086,47.65298600617805],[-3.502591615581193,47.652959180778126],[-3.502706590904547,47.653025020842776],[-3.502655804636025,47.65293753799221],[-3.502951166659207,47.65294816007215],[-3.503094042193431,47.65280471875044],[-3.503072251068878,47.65251692540211],[-3.503251414392665,47.652561121891786],[-3.503295751396338,47.65248639680072],[-3.503395133536701,47.652643421160285],[-3.503520222418838,47.65257322346494],[-3.503518155550077,47.65244689737134],[-3.503285888480609,47.65240566318068],[-3.503261653764537,47.652316699621664],[-3.503267258610114,47.6522531663313],[-3.503390029732614,47.65227341326374],[-3.503351423096769,47.65217621979585],[-3.503470906360116,47.65216955543544],[-3.503427916072491,47.65203648037796],[-3.503661402258626,47.651978299373496],[-3.503843852153155,47.65204940616934],[-3.503732289897135,47.65190209306497],[-3.504026550410254,47.6519037420321],[-3.504087325793551,47.651963572582424],[-3.504352966128128,47.65184037572324],[-3.504709220986689,47.65180243841615],[-3.50495464029277,47.65195131446195],[-3.504959146935438,47.651878810689055],[-3.505391767806886,47.65180951614565],[-3.505426235172863,47.65165405674212],[-3.50592072699513,47.6516535604501],[-3.505913172970695,47.65148238242818],[-3.506194155528204,47.65148476670581],[-3.506283677037188,47.651561055280034],[-3.50622497288555,47.651627551967536],[-3.506521424773204,47.65164713540969],[-3.506884997675001,47.65199714010187],[-3.506761129408717,47.6519679264663],[-3.506680259491574,47.65207178658253],[-3.506862831905448,47.652034503340275],[-3.506835065533481,47.652135400041445],[-3.507086092597608,47.65222073812228],[-3.507104733371793,47.6523732343653],[-3.50733469291511,47.65250490553897],[-3.507315699666765,47.652677565236196],[-3.507165160052836,47.65275821917895],[-3.507096704640758,47.652635597696026],[-3.50689317891022,47.65261082960108],[-3.506809373704801,47.65236262277995],[-3.506690986875815,47.65237826092369],[-3.506675755171452,47.65214429041449],[-3.506613761566621,47.652183876162034],[-3.506485507372674,47.65211878074706],[-3.506517660050056,47.65205376562367],[-3.506342881259288,47.65204545563212],[-3.506415957947323,47.65198718844997],[-3.506344096873957,47.65194604068169],[-3.506263345572267,47.651941515184475],[-3.506249950330048,47.652050641318304],[-3.506127178634951,47.652030397388025],[-3.506261152835146,47.65192357443095],[-3.506025716817237,47.651747049206186],[-3.505517827438559,47.651856672003404],[-3.505577508187408,47.65190753139637],[-3.505406993785101,47.65204348686314],[-3.505278741400971,47.65197839011898],[-3.505142572729317,47.65206727117356],[-3.505058532839497,47.65203583368389],[-3.504934543390135,47.65211500343393],[-3.505036243887927,47.6521815818924],[-3.504806169056299,47.6521582914921],[-3.504768656044119,47.65207006887637],[-3.504456611377634,47.652141666129054],[-3.504109369707828,47.65203459519381],[-3.5039953667748,47.65208611219465],[-3.504327017215607,47.65228436857864],[-3.503977458860243,47.65226774178345],[-3.503882459594279,47.65214659948101],[-3.503835931761573,47.65220338401154],[-3.503699884714312,47.65218387806484],[-3.503574672124978,47.65236246127232],[-3.503647627561968,47.65241258113366],[-3.503528143776451,47.65241924567391],[-3.503737022459343,47.65259725691401],[-3.503533498434904,47.65257248296744],[-3.50358647766233,47.652677906250126],[-3.503510109171164,47.65270926044528],[-3.50352789387282,47.65263601626001],[-3.50341279318826,47.65267856227742],[-3.50325360614393,47.65257906269581],[-3.503211335149645,47.65278011385266],[-3.503316322441006,47.652873604987775],[-3.50313155295308,47.652892941869816],[-3.503124444805091,47.65298064301985]],[[-3.50317917800557,47.65284512804162],[-3.503226802972698,47.65279731419281],[-3.503131678710899,47.652784556594824],[-3.50317917800557,47.65284512804162]],[[-3.50377844425291,47.65217046453506],[-3.50373094487854,47.652109893310474],[-3.503684416916589,47.65216667778177],[-3.50377844425291,47.65217046453506]],[[-3.50642508631993,47.65173379545328],[-3.506456142443197,47.65165980995724],[-3.506375391565208,47.651655284536744],[-3.50642508631993,47.65173379545328]],[[-3.507180746676214,47.65266703371009],[-3.507235064596968,47.65256465512035],[-3.50703604294286,47.65246738343479],[-3.507180746676214,47.65266703371009]]]},"properties":{}},{"type":"Feature","geometry":{"type":"MultiPolygon","coordinates":[[[[-3.513951101339864,47.65195054912682],[-3.514298922198677,47.652179243182424],[-3.514159371577903,47.65234960915082],[-3.514188325213488,47.65214929570014],[-3.513951101339864,47.65195054912682]]],[[[-3.513888896492611,47.65190964879186],[-3.513564677651048,47.65185899835359],[-3.513493804113988,47.651935210627514],[-3.513537028662101,47.65185151131788],[-3.513457374470208,47.65185596110038],[-3.5132392650803,47.652039746036074],[-3.51337981045538,47.65198673678553],[-3.513313326711466,47.652098830181885],[-3.513402859429766,47.65217511327763],[-3.513561071161802,47.65215724342696],[-3.513680657432918,47.65204218330046],[-3.513754615380055,47.6522096524906],[-3.513894063034389,47.652147672320886],[-3.513946958525402,47.65236147624489],[-3.513777769903809,47.65228964357329],[-3.513794234537429,47.652424198135485],[-3.513632938085204,47.65219838675264],[-3.513455857763269,47.65228053210714],[-3.513473628668407,47.65220728639244],[-3.513357439272672,47.65224087190614],[-3.513072167897889,47.65209423828321],[-3.513030251231083,47.651970137066584],[-3.512907477149064,47.651949900258735],[-3.512992724752708,47.651881917082605],[-3.512915371323041,47.6517959217823],[-3.512368872840378,47.651808384012476],[-3.512241817146462,47.65164387987384],[-3.511825774101324,47.651739369319],[-3.511692028236507,47.6516294279737],[-3.511505071605399,47.65163083745296],[-3.511662076663172,47.65171238518935],[-3.511545887204877,47.65174596891061],[-3.511508363338518,47.651657748439625],[-3.511304839290407,47.65163298801531],[-3.511262708622466,47.65172565683965],[-3.511435183775953,47.65182440415999],[-3.511225954499495,47.65197156263282],[-3.511116456854602,47.65195058257023],[-3.511161770083596,47.65199321013681],[-3.510892853258197,47.6520895114655],[-3.510888354661149,47.65216201545905],[-3.510622838355136,47.652176841835846],[-3.510687133618293,47.65204680930549],[-3.510470221836556,47.6521311740688],[-3.510432699477883,47.652042953270225],[-3.510224786313452,47.65198230962055],[-3.510199220393517,47.65210114780134],[-3.510152810816626,47.65204954952428],[-3.510085223198773,47.652152670741124],[-3.509902652632457,47.652189959015374],[-3.509840885622672,47.65201277582881],[-3.509598630566107,47.65199920641903],[-3.509380846483115,47.65185782815554],[-3.509375475102496,47.65170459107306],[-3.509247105359388,47.651747884018896],[-3.509128834181412,47.65165513929206],[-3.509078152361762,47.651459273813906],[-3.50898302908665,47.6514465209699],[-3.509008597401746,47.65132768301452],[-3.508749779714929,47.65128794189788],[-3.508636879613625,47.651348433802895],[-3.508692061243706,47.65147179555155],[-3.508575641048679,47.65172214702407],[-3.508388881483909,47.65157825911121],[-3.508488424339327,47.65155541557628],[-3.508400111458252,47.6513797136896],[-3.508526172733171,47.65142686631278],[-3.508610328331981,47.65134991595679],[-3.508420312462395,47.651107638683456],[-3.508692519076294,47.65103825406978],[-3.509018696368287,47.65119164546044],[-3.509154629310827,47.65131953059554],[-3.509130158165476,47.651447338935526],[-3.509260607699998,47.65153037217198],[-3.509331486745908,47.65145416244936],[-3.5094485480118,47.651646321984224],[-3.509658765350407,47.651616522369565],[-3.509705061671178,47.651776506199475],[-3.509820043223555,47.65184233930608],[-3.509895309788651,47.651802010630114],[-3.509975949335495,47.651914918955356],[-3.510059006608201,47.65182899723337],[-3.510136355481953,47.651914994422825],[-3.510279097696052,47.65187992957936],[-3.510326604299403,47.65194049814947],[-3.510450585341955,47.65186132267147],[-3.510440489899547,47.65199736030167],[-3.510542197043475,47.652063933972464],[-3.511091112109645,47.65185265028258],[-3.511127976283197,47.651498359160605],[-3.511462061713625,47.651497765314225],[-3.511584725623999,47.651626389000654],[-3.511724174274548,47.65156441140133],[-3.511678860960395,47.651521784043254],[-3.512041692467194,47.65153764634399],[-3.512103573764886,47.65160644306056],[-3.512374573766816,47.651636464919584],[-3.512397725972813,47.651716456299674],[-3.512723033151974,47.65164409628527],[-3.513049225734769,47.65179747637721],[-3.513051315144883,47.6519238023442],[-3.513096735409354,47.651858043823765],[-3.513507184511286,47.65182608365722],[-3.513513979353804,47.65166313482038],[-3.513888896492611,47.65190964879186]],[[-3.509698255181469,47.651939454805],[-3.509701658431521,47.65185798050404],[-3.509622003910194,47.65186242767226],[-3.509698255181469,47.651939454805]]],[[[-3.508364449879026,47.651559435830954],[-3.508280515284687,47.651494768452075],[-3.508232896009202,47.65154258439285],[-3.508353358808343,47.65165327074889],[-3.50832669216544,47.651763138182524],[-3.508431801407501,47.65174823943247],[-3.50858868744357,47.6519381766275],[-3.508560924385454,47.65203907374381],[-3.508387242052478,47.65203973716447],[-3.508292233180118,47.65191859843256],[-3.508181524609967,47.6519970305926],[-3.508093212008581,47.65182132851455],[-3.508101869754358,47.652001476724344],[-3.508001262435477,47.65194387128797],[-3.507867175532284,47.652159081560306],[-3.507766568169611,47.652101475926614],[-3.507696782643277,47.65218665503642],[-3.507562927411453,47.65218509431108],[-3.507173658649,47.65206231461669],[-3.507714561423275,47.652113410194076],[-3.507804318688996,47.651972926933006],[-3.508012344906695,47.65192518956055],[-3.508016963223317,47.65174430032979],[-3.507879935291412,47.651607443536655],[-3.507985044351507,47.65159254518721],[-3.508037282108504,47.651363840081146],[-3.508186604305676,47.65138259996017],[-3.508364449879026,47.651559435830954]],[[-3.508212693884674,47.65181465930476],[-3.508258120019658,47.65174890266131],[-3.50815531964458,47.65167335663153],[-3.508212693884674,47.65181465930476]]]]},"properties":{}},{"type":"Feature","geometry":{"type":"Polygon","coordinates":[[[-3.513381174605152,47.650577726932625],[-3.513474207018343,47.65046415015494],[-3.513585897679985,47.65050306865416],[-3.51365467839819,47.65030053021235],[-3.513466943200212,47.6499678161999],[-3.513214924303567,47.649765135948265],[-3.513084367398296,47.64979049251007],[-3.513280307844769,47.64964407214966],[-3.513516856128237,47.64982955327059],[-3.513472745136197,47.649687511427544],[-3.513604399161193,47.64967112474895],[-3.513149962066218,47.64945265784503],[-3.513258463069159,47.64935628022784],[-3.513434331649061,47.6493735502095],[-3.513017527992072,47.64913491723262],[-3.51282388958998,47.64919089235833],[-3.512797233383029,47.649300760953224],[-3.513006025088576,47.649587141386675],[-3.51297827160698,47.64968803967618],[-3.513104332930741,47.649735187402335],[-3.513033461557206,47.64981139948165],[-3.513256839667663,47.64988923724162],[-3.51352751769691,47.650244412777376],[-3.513414415493076,47.65052168017616],[-3.513278579513269,47.650285414516375],[-3.513152411339688,47.6503466524209],[-3.513381174605152,47.650577726932625]],[[-3.513261545201324,47.64959996214623],[-3.513227312476854,47.64953865309532],[-3.513364453775214,47.64956711829852],[-3.513261545201324,47.64959996214623]]]},"properties":{}},{"type":"Feature","geometry":{"type":"MultiPolygon","coordinates":[[[[-3.514816301720741,47.648031397650655],[-3.514853689158574,47.64808400642419],[-3.515102514431026,47.64815138683774],[-3.515201923241578,47.64830840151039],[-3.515110097464196,47.64832256456222],[-3.515165290930674,47.64844592344868],[-3.51507027306956,47.64832479000046],[-3.514931832747893,47.64850412754438],[-3.514689694596808,47.64838218312784],[-3.514581300649718,47.648370176586816],[-3.514580100463866,47.64846959180805],[-3.51454257388496,47.648381372160486],[-3.514137743393227,47.64834980208049],[-3.514439359988866,47.64873937364809],[-3.51429114064323,47.648729592049335],[-3.514228265428236,47.64854344054449],[-3.514049106504423,47.648499260791205],[-3.514076857342772,47.648398362184786],[-3.513917663183445,47.64829887690787],[-3.514109101977087,47.64822495930282],[-3.514292650602866,47.64830502024436],[-3.514416617312969,47.64822584040845],[-3.514471809076133,47.64834919962872],[-3.514563635068774,47.64833503707867],[-3.514513931504687,47.64825652948412],[-3.514647777084022,47.648258082250855],[-3.514894305563158,47.64841590801137],[-3.514999406377354,47.64840100332816],[-3.514981943862566,47.648149092791996],[-3.514823744490925,47.6481669646037],[-3.514816301720741,47.648031397650655]]],[[[-3.514734811176687,47.64791672991728],[-3.514463541330751,47.64773550929707],[-3.514466937036461,47.647654034678624],[-3.514677135843566,47.64762422597449],[-3.514702689645426,47.64750538653646],[-3.514718057433261,47.64763097098697],[-3.514501169976161,47.64771534342669],[-3.514684819715483,47.64768701819881],[-3.514872758276701,47.647802959519986],[-3.515069682782224,47.64777389189953],[-3.51528526966321,47.64789731924052],[-3.515307225788039,47.64807672544915],[-3.515167891712054,47.64803032188108],[-3.51506079916948,47.647810514963695],[-3.514902498991876,47.64793677245232],[-3.514643795725592,47.647788658750066],[-3.514734811176687,47.64791672991728]]]]},"properties":{}},{"type":"Feature","geometry":{"type":"Polygon","coordinates":[[[-3.465283691680789,47.64941636818831],[-3.465171151998458,47.64926004731376],[-3.465177891282469,47.64920548652999],[-3.465262992626608,47.64924592351474],[-3.465222278813451,47.64913077576146],[-3.465410317318111,47.649138411096956],[-3.465504134408188,47.64925061407967],[-3.465610542087873,47.64913633916914],[-3.465771827658295,47.649253831730846],[-3.465899338509896,47.649093230293104],[-3.466230828757862,47.649291595079596],[-3.466189023246519,47.64916747690178],[-3.466328317669458,47.64921393883531],[-3.466355069513092,47.64910408085457],[-3.46610065264922,47.649100128293014],[-3.466292160525026,47.64902628907019],[-3.466274038800485,47.64865701516255],[-3.466211417049516,47.64902173589071],[-3.466034274295045,47.6491038095091],[-3.465679503140358,47.64893382885764],[-3.465360405800571,47.648617370075584],[-3.465267476871453,47.64862252318017],[-3.465304719557177,47.648819144076285],[-3.465570917075913,47.64903016230132],[-3.465272113310536,47.64910091884073],[-3.465036825385617,47.64892431080044],[-3.46497698337186,47.64898181607364],[-3.46519463802678,47.64912327727883],[-3.465025322183962,47.64915975935049],[-3.465021850887425,47.64924123245217],[-3.465283691680789,47.64941636818831]]]},"properties":{}},{"type":"Feature","geometry":{"type":"Polygon","coordinates":[[[-3.470836714664838,47.64946956318642],[-3.470642323987877,47.64929972682579],[-3.470691065276242,47.64926089687423],[-3.470787074389744,47.649391037051174],[-3.47075545433203,47.64913088613218],[-3.470628533328354,47.64896633654265],[-3.470352119066105,47.64889136420255],[-3.470368857739738,47.64880915419659],[-3.47044524011675,47.64877782159771],[-3.47051251604683,47.64889149405864],[-3.470518159526862,47.64882796223074],[-3.470728387478538,47.64879823260663],[-3.470796754381537,47.64892087562604],[-3.471162636530808,47.6490721624837],[-3.471015896572579,47.64885452581352],[-3.470916234411171,47.6489142445398],[-3.470618013765824,47.64865985837689],[-3.470281444843978,47.64819988134849],[-3.470134132559026,47.648307399959975],[-3.47026374367151,47.64882401873249],[-3.470124254043634,47.64888594693759],[-3.470175880662673,47.649090800277015],[-3.470036197258968,47.64926111380412],[-3.469725793439818,47.649016432833136],[-3.469647229991791,47.6490298234921],[-3.469574505037871,47.64887129687021],[-3.469470480746397,47.64889513142629],[-3.469386661173699,47.64875528277758],[-3.469147701416516,47.64876854170108],[-3.46909479411944,47.64866310260051],[-3.468923302354379,47.64868164884945],[-3.468585266105862,47.64842946716498],[-3.468294295618035,47.64845464119759],[-3.468158770664159,47.64876922098677],[-3.467850360583054,47.64865086193641],[-3.46767956271636,47.648895148022824],[-3.467711167637394,47.64915529980594],[-3.467543537336247,47.6488755999523],[-3.467352031733038,47.64894944123175],[-3.467413455791074,47.649235032566246],[-3.467448230375152,47.64897119873164],[-3.467801720052432,47.6492405886932],[-3.46771592234058,47.648974411929736],[-3.467805779625619,47.64883395917784],[-3.468003823414256,47.6488139416468],[-3.468132022702068,47.64887907939959],[-3.468390994735327,47.6488105250678],[-3.468586662358043,47.6488809505114],[-3.468625203279835,47.648978155622125],[-3.46864541038787,47.64881447264343],[-3.468947478164456,47.64877061969002],[-3.469268076858561,47.64887926849397],[-3.469518834465418,47.64907307285208],[-3.469536664613661,47.64899983370739],[-3.46970469305363,47.6490627598096],[-3.469998357670519,47.649389650764675],[-3.470127843810388,47.6493553716119],[-3.470113670713943,47.64923875215771],[-3.470195505100406,47.64925227336708],[-3.470232446440749,47.649006380162355],[-3.470399577679451,47.648951949090645],[-3.470627059460763,47.64917413670754],[-3.470499754681625,47.64922635786491],[-3.470629946883812,47.649417819738005],[-3.470836714664838,47.64946956318642]]]},"properties":{}},{"type":"Feature","geometry":{"type":"Polygon","coordinates":[[[-3.464791806230539,47.64921786323972],[-3.464889500532701,47.64903182275935],[-3.464983519580131,47.64903564073287],[-3.464808960762636,47.64891888317081],[-3.464788467052591,47.648640052913265],[-3.46507746449971,47.64848856059308],[-3.464824547117319,47.64827680508274],[-3.464785127946962,47.6480622424125],[-3.464555973649439,47.648156228993386],[-3.464521185295466,47.64842006207931],[-3.464323141662426,47.64844007371211],[-3.464291349041334,47.648288306396594],[-3.464394285208684,47.64825550565798],[-3.464313952254827,47.648034180193335],[-3.464128980441562,47.648161840943914],[-3.464267181213575,47.64819933457047],[-3.464168397047005,47.64837640382434],[-3.464238926797171,47.64851699227992],[-3.464407151877115,47.64847154055113],[-3.464482243743183,47.648539626526755],[-3.464660680208084,47.64835814054771],[-3.464741015087888,47.64857946573659],[-3.464563259264585,47.648986693488546],[-3.464791806230539,47.64921786323972]],[[-3.464820739926187,47.64912594716606],[-3.464707112891385,47.64896065504267],[-3.464834219163182,47.64901682562934],[-3.464820739926187,47.64912594716606]]]},"properties":{}},{"type":"Feature","geometry":{"type":"Polygon","coordinates":[[[-3.488046073054468,47.65315531420582],[-3.488063879133762,47.653082072392415],[-3.488279580906228,47.653097163968944],[-3.488415780295294,47.6530083026132],[-3.488298480016243,47.65303289265767],[-3.488262087049222,47.65295363532584],[-3.488128230465763,47.652952052340446],[-3.487926742305934,47.6530535775505],[-3.487941268585903,47.65295342412076],[-3.487804132154231,47.652924929133036],[-3.487836464910496,47.6527515339204],[-3.487551260960455,47.652604838045235],[-3.487383042571649,47.65265032299262],[-3.487320098744923,47.65257254267551],[-3.486811228887256,47.6525647283029],[-3.486659406293322,47.6527447705407],[-3.486368260995271,47.652878374776485],[-3.485741477523599,47.652561017395705],[-3.485598717367771,47.65259605225313],[-3.485389737413857,47.652526393871476],[-3.485053784603238,47.65229220148055],[-3.484925393717146,47.652335467694066],[-3.484717508416061,47.65227477867583],[-3.483578335500224,47.6513717749555],[-3.483844185169321,47.6511402393376],[-3.483641933839494,47.65101601596986],[-3.483456997939482,47.651143707113015],[-3.482915202647284,47.65097514328284],[-3.48271765810095,47.65067002997338],[-3.482517428244751,47.65067213121155],[-3.482461383364789,47.65043140106992],[-3.482293167489642,47.65047687874226],[-3.482192590915163,47.650419251044084],[-3.482159654005251,47.65025851814071],[-3.482257121498253,47.6501808486483],[-3.482158898433187,47.65003277672757],[-3.482020343072311,47.6502120751048],[-3.481906491577774,47.650155185206835],[-3.482008496921519,47.65000501296561],[-3.481800793099491,47.649835933269586],[-3.481645854188177,47.64988067199317],[-3.481641316034994,47.649953174939554],[-3.481477639354207,47.64992614850465],[-3.481481838269649,47.650070416384715],[-3.481318161309992,47.65004338972808],[-3.481361094846314,47.65017647305254],[-3.481049541683047,47.64992285166111],[-3.480731096796882,47.64983217649224],[-3.480511962673156,47.649898544489716],[-3.480341734921918,47.64981769269692],[-3.479913065042621,47.64948026477949],[-3.479815022885417,47.649223805387585],[-3.479440033014644,47.64921755141445],[-3.479264001736174,47.64930861571867],[-3.479139237573351,47.6491620166743],[-3.478879360950034,47.64911323871557],[-3.478695511926559,47.64924989309581],[-3.478711887150724,47.649384452801115],[-3.478558038619981,47.649438158087534],[-3.478579696261943,47.64972595645608],[-3.478368377396439,47.6497467295425],[-3.47826963716292,47.64992381057126],[-3.477951934762644,47.6500588692906],[-3.477834990421725,47.64986667806099],[-3.477965917993826,47.64962459004813],[-3.477839887993285,47.64957740441765],[-3.477712589311821,47.649629633421625],[-3.47753528448692,47.64982010986376],[-3.47760547026868,47.6495181778186],[-3.477385242081482,47.649575569307515],[-3.477271396887324,47.64951867487487],[-3.477324677535943,47.64940733936647],[-3.477141180607891,47.649327220411955],[-3.476980048653403,47.64910135809861],[-3.476857115737266,47.64918946883879],[-3.476417931303384,47.64920483382449],[-3.475928188802518,47.64902431707248],[-3.475589026130686,47.64876318501918],[-3.47538443870113,47.64872939132228],[-3.475194944140788,47.648929572283855],[-3.474812503018055,47.648752123220795],[-3.47463883098064,47.648752736484845],[-3.474676291840411,47.64884096891882],[-3.474391144978143,47.648694240628664],[-3.474176555843785,47.64868809407531],[-3.474162004888518,47.648788246015734],[-3.474011611046705,47.64876047194343],[-3.474058167613687,47.6487036991892],[-3.473782655369135,47.64874609111843],[-3.473596984414346,47.64864802517879],[-3.473486231641089,47.64872642459666],[-3.473207819650608,47.648525132127816],[-3.47297995590234,47.648519720430386],[-3.4729668674927,47.64841207197622],[-3.471939062684028,47.64787306682777],[-3.472135108968947,47.64772671533161],[-3.47207219317821,47.64764892660322],[-3.471792512260021,47.64754704546726],[-3.471729218117829,47.64768602760796],[-3.471513542905597,47.64767090544123],[-3.471454799708193,47.64773738479075],[-3.471594995632663,47.64790119671743],[-3.471472246644745,47.64788091633763],[-3.471459871706577,47.64799900942518],[-3.471749179253248,47.64829001328407],[-3.471662794373372,47.648348995774924],[-3.471454939691513,47.648288283038454],[-3.471359640787441,47.648383885037106],[-3.471804794790835,47.648747519771206],[-3.471718409231744,47.64880650228912],[-3.471758947340116,47.649030033249566],[-3.471648191073282,47.64910843090972],[-3.471258127510815,47.64886817522642],[-3.47114390890941,47.649028045710885],[-3.471231195332078,47.64908641979029],[-3.471370684199274,47.64902449027032],[-3.471486512943516,47.64920771733803],[-3.471628182808544,47.64916372894491],[-3.471747473778361,47.649265482447504],[-3.471720021561401,47.64914960007044],[-3.471988281712047,47.648827647129444],[-3.471838078205696,47.64869148479555],[-3.471885916763744,47.64853529814564],[-3.472227806598012,47.64848922598604],[-3.472318741777678,47.64835774044052],[-3.47255077941202,47.64850742174552],[-3.472820650709474,47.648528564666826],[-3.472958671500073,47.64867443347991],[-3.473282736441794,47.64870159791813],[-3.473301279374436,47.64885409981951],[-3.473389844815923,47.64881305753105],[-3.473565512872804,47.64893877297746],[-3.473918682704415,47.64876563192754],[-3.474187280395393,47.64888618645858],[-3.474365500827371,47.64881307116194],[-3.474576633801214,47.648900690767334],[-3.474825595234659,47.64885977144913],[-3.474944891622338,47.648961521703704],[-3.475075464608747,47.64893620774486],[-3.475245681567466,47.6490170672462],[-3.4753166058513,47.648940878061595],[-3.475402805576118,47.64899027834734],[-3.475390803278719,47.648891600871],[-3.475545744562186,47.64884687041795],[-3.475707960849653,47.649081705415156],[-3.476140055269921,47.64933767540465],[-3.476225345536877,47.64926971896411],[-3.476317003036229,47.649363971917154],[-3.476724001499861,47.6494136143343],[-3.476789108879728,47.649509341814394],[-3.476845843782809,47.64931653308012],[-3.476980782301746,47.649327099654535],[-3.477006063237922,47.649425039460084],[-3.477170827542968,47.64946104282586],[-3.477044441149205,47.649630627191534],[-3.477145923567884,47.64980561542004],[-3.477314319907859,47.6496517597224],[-3.47745926058193,47.64963467624595],[-3.477333966154901,47.64981323156573],[-3.477373615155878,47.64991940440015],[-3.477433444859915,47.64986189280741],[-3.477584935092537,47.64989863311451],[-3.47768586058938,47.64973949397118],[-3.477804250056596,47.64972388519042],[-3.477647684055132,47.65008480418419],[-3.477669691998045,47.650155831848686],[-3.477840093906813,47.650128302126916],[-3.477816639851042,47.65026507462985],[-3.477923023182429,47.65015078856956],[-3.478274919029074,47.65007704921416],[-3.478566244957409,47.649835079536295],[-3.47875537955202,47.649851664040376],[-3.47871463615964,47.64973652102609],[-3.478786472945387,47.64977768582945],[-3.479130722808808,47.649641149370225],[-3.479645196349375,47.64958546495582],[-3.4795966348388,47.64951591320541],[-3.479775768632485,47.64956014575317],[-3.479805768570866,47.64947719662352],[-3.480165875604722,47.64980037291621],[-3.480604720839853,47.6500017646755],[-3.480673111985857,47.65012440183867],[-3.480764949996533,47.65011026586278],[-3.480788054149361,47.650190263562685],[-3.480944086754164,47.65015449660585],[-3.481250180108437,47.65036326515677],[-3.481410581538912,47.65036338005386],[-3.481354371988372,47.650231034740834],[-3.481479314472809,47.65026924594817],[-3.481487299094751,47.650115269471726],[-3.481734076481439,47.65005639422594],[-3.481928336395896,47.65033459745973],[-3.482033450189229,47.65031972244307],[-3.482069663570715,47.65050736720709],[-3.48237702359448,47.65061671800559],[-3.4823613951809,47.65070790025947],[-3.482547256979039,47.65069756679979],[-3.482757151310376,47.65088458629663],[-3.482729339953479,47.650985477326245],[-3.482818994086752,47.65095339853903],[-3.483000153606278,47.65112395266183],[-3.483062163496419,47.65108437942079],[-3.483110730952019,47.65115392967401],[-3.483491197483028,47.651205024829316],[-3.483464314163499,47.651423271943656],[-3.483949404293976,47.65178464516923],[-3.48400780717139,47.651934930296996],[-3.484184767428231,47.65196121486002],[-3.48417913989041,47.65202474724304],[-3.484315179391129,47.65204427591621],[-3.485146231131968,47.65261218847547],[-3.485213705373889,47.65261746698064],[-3.485177479502686,47.65242982339803],[-3.485336470480427,47.652637732875114],[-3.485525617113972,47.65265430639713],[-3.485664776234354,47.65280913045323],[-3.485899378128008,47.65275995552761],[-3.486282977879308,47.65294633849141],[-3.486716724753095,47.65288608368321],[-3.487036766558821,47.65266055717879],[-3.487210134969734,47.65287669600917],[-3.487338683145891,47.65272504203859],[-3.487380540644467,47.65284915241487],[-3.48746691543285,47.65279015844437],[-3.487618420887901,47.65282688568784],[-3.487596083964303,47.65297263050616],[-3.487759616104017,47.6531080335723],[-3.488046073054468,47.65315531420582]],[[-3.481352017703407,47.650321478897865],[-3.481106671761874,47.65017255316433],[-3.481225061189147,47.650156940921455],[-3.481352017703407,47.650321478897865]],[[-3.47537752778878,47.64889233817276],[-3.475297874841443,47.648896761951555],[-3.475330063576331,47.64883175530462],[-3.47537752778878,47.64889233817276]]]},"properties":{}},{"type":"Feature","geometry":{"type":"MultiPolygon","coordinates":[[[[-3.514154970500563,47.646524445966364],[-3.513912843108302,47.6464024998142],[-3.513993673739215,47.64633803053398],[-3.514154970500563,47.646524445966364]]],[[[-3.513973651737227,47.64631489040709],[-3.513872026489082,47.64628736886225],[-3.513601366239351,47.64593219339144],[-3.513291774385505,47.64580498378164],[-3.512844167589099,47.645423565893225],[-3.512682577297713,47.64552290949671],[-3.512751036421097,47.645645528162476],[-3.51258077340328,47.6455647231605],[-3.512507925634215,47.64540622299552],[-3.512677090721469,47.64547805776358],[-3.512621906076962,47.64535469751105],[-3.512462723710502,47.64525521009422],[-3.512476988299875,47.64537182463742],[-3.512209740958521,47.64493517109771],[-3.511737687395125,47.64468155822864],[-3.511825119184273,47.64463151636564],[-3.511927911188732,47.64470705944457],[-3.512045182271679,47.64468244557664],[-3.51158212574322,47.64428382338174],[-3.511780028021114,47.644372117379945],[-3.511795604309029,47.64428093089677],[-3.511549104098065,47.64412309825895],[-3.511453884476211,47.64421873315137],[-3.511106789862864,47.644003296786224],[-3.510939715667963,47.64405778621259],[-3.511095819681012,47.64391359309969],[-3.511199815654946,47.643889721429964],[-3.511144417144997,47.6439831319576],[-3.511362282781622,47.64401612173604],[-3.511384333095351,47.64408714326919],[-3.511552504023713,47.64404162357198],[-3.512031134134498,47.64434905942318],[-3.512247582927344,47.64469823444697],[-3.512415648163874,47.644761099265885],[-3.512342587923164,47.6448193704193],[-3.512529414017062,47.64492634533008],[-3.512186699323286,47.644746793658804],[-3.512099482731883,47.6445800642996],[-3.51216015142506,47.64474827662434],[-3.51197102455364,47.644731746143954],[-3.512200963173535,47.64486340826655],[-3.512385380741169,47.645169214145774],[-3.512452955068647,47.64506609122294],[-3.512696170372202,47.64519701083297],[-3.512711532772921,47.645322595698396],[-3.512773513882686,47.645283006574445],[-3.513004554226125,47.64542363742401],[-3.513625719720327,47.6459127694278],[-3.513973651737227,47.64631489040709]]]]},"properties":{}},{"type":"Feature","geometry":{"type":"MultiPolygon","coordinates":[[[[-3.510167658825223,47.642990012350154],[-3.510063775797813,47.642905497271904],[-3.509923251046431,47.642958502785326],[-3.509546446344983,47.64260924708258],[-3.509526479791333,47.64266455178768],[-3.509427043151095,47.6425914672754],[-3.509550945959947,47.642536742779576],[-3.509429404550621,47.642417086740565],[-3.509647262733403,47.64245007974368],[-3.509886944847147,47.64277086592641],[-3.510007503044712,47.64277316523569],[-3.509855026024852,47.64261911058476],[-3.509869508308744,47.64251895388816],[-3.509963519084362,47.64252273568392],[-3.509937957114561,47.642641574393636],[-3.510151317723467,47.64274707076575],[-3.510167658825223,47.642990012350154]]],[[[-3.509393546623961,47.64260626173696],[-3.509336264426235,47.64263904663513],[-3.509367085082543,47.64278183172655],[-3.509238850126882,47.64271673901424],[-3.509052907597107,47.6428355008186],[-3.509134969102459,47.642632223098225],[-3.508977994621845,47.64255067158064],[-3.508545453469135,47.64261997973487],[-3.508578809148881,47.64245554825725],[-3.509041299385027,47.64230328303411],[-3.508963966207697,47.642217284688996],[-3.50886885943398,47.642204531690616],[-3.508931822437367,47.6422823008188],[-3.508753899821174,47.64213869731742],[-3.508651002734909,47.64217153723191],[-3.508536043461945,47.64210570264322],[-3.508789333494193,47.642100592428996],[-3.509018156294176,47.64222329059664],[-3.508793834094926,47.642028088135994],[-3.509072573725678,47.64201252470561],[-3.508991951053777,47.641899615174246],[-3.509164503726517,47.64188998045492],[-3.509500496846087,47.642124104791755],[-3.50932113706564,47.64229668940873],[-3.509049089573613,47.64225768992684],[-3.509103166106352,47.6423720816706],[-3.508992478533222,47.64245051498921],[-3.509171612962869,47.64249470263439],[-3.509165032987199,47.642440880271856],[-3.509364134202822,47.642429762973585],[-3.509375101168714,47.64251946689191],[-3.509199143081417,47.64261057660179],[-3.509246640207041,47.64267114590361],[-3.509393546623961,47.64260626173696]],[[-3.509165259944421,47.64222410852199],[-3.509124456763858,47.6421089756615],[-3.508985143646346,47.64206256457712],[-3.509027043123758,47.64218666788543],[-3.509165259944421,47.64222410852199]],[[-3.50921517677485,47.64208584687249],[-3.509248416748517,47.642029801053155],[-3.509095830425579,47.64198413124963],[-3.50921517677485,47.64208584687249]]]]},"properties":{}},{"type":"Feature","geometry":{"type":"Polygon","coordinates":[[[-3.463929232311802,47.64849803754769],[-3.463731805507901,47.64819289175766],[-3.463550305240511,47.64823907847914],[-3.463513539861138,47.648376584200754],[-3.463375339159612,47.648339089686345],[-3.463302220478096,47.64839733005633],[-3.463106768653127,47.64821851027007],[-3.462989467246157,47.648243074971205],[-3.463005335295885,47.64804350970731],[-3.462858216334962,47.648042633668396],[-3.462828190857683,47.64812557850733],[-3.462659965523512,47.648171027971244],[-3.462590945528681,47.64782263835085],[-3.462397676004463,47.64766175893523],[-3.462304331100623,47.64788368069262],[-3.462308015127733,47.64769382210927],[-3.462205078761508,47.647726621019665],[-3.461936513982331,47.64760603887523],[-3.461952637047701,47.64784898654285],[-3.461919972151752,47.64757986221395],[-3.46181942304436,47.647522216895915],[-3.461781564895705,47.64765075131164],[-3.461585032135722,47.647462958096895],[-3.461702542372231,47.647330009271364],[-3.461428116145314,47.64738134291635],[-3.461375436039813,47.64716751471202],[-3.46114561294853,47.64703575275604],[-3.461079903170567,47.6472651730554],[-3.460904270042036,47.64713943873115],[-3.461028735769117,47.64684354440879],[-3.460803057682684,47.64685605060876],[-3.46076063127972,47.64705708698232],[-3.460607859989921,47.64711973952462],[-3.460595009029535,47.64690370406109],[-3.460357356557652,47.64681753029759],[-3.460436582704517,47.64702988779431],[-3.460338425995172,47.64688179729481],[-3.460082056358758,47.6467515044109],[-3.460037214952242,47.64649208579937],[-3.459663549067343,47.64638635361436],[-3.459721430955612,47.64620252372394],[-3.459604132422021,47.646227085052566],[-3.459606523388337,47.64613664114392],[-3.459448311475364,47.646154438000835],[-3.459339060842438,47.646025023770356],[-3.459213929208167,47.646095174403435],[-3.459293364519067,47.6461991471716],[-3.459141897387778,47.64616238308184],[-3.459031559174513,47.6460239977195],[-3.458799138687083,47.646091060573845],[-3.458942771821741,47.64617341477528],[-3.458846581692152,47.64615165024181],[-3.458857464495828,47.64624135870975],[-3.458704909289249,47.6461956232076],[-3.458686408996633,47.64604311878122],[-3.458491420233909,47.646198418690574],[-3.458553226283575,47.64626724393961],[-3.458479016957792,47.64631651050538],[-3.458347571021166,47.64622444952203],[-3.458351269012042,47.646034590899454],[-3.458203067498595,47.64602473814649],[-3.458096650160688,47.646139006496725],[-3.457780660926362,47.64595782472443],[-3.457804816923348,47.64604679799576],[-3.457579141451212,47.64605929797441],[-3.457505149933753,47.646000178335235],[-3.457702098984877,47.6459712073737],[-3.457358474129038,47.64578252416939],[-3.457232252458649,47.64584370182683],[-3.457190901405568,47.64605370787268],[-3.456944115462484,47.64611253140854],[-3.456941071154569,47.645977233221586],[-3.456755220849105,47.64598752597987],[-3.456697989150022,47.64584619764331],[-3.456530853664947,47.645900609205626],[-3.456560447006561,47.64603443708308],[-3.456396574387731,47.64611576105366],[-3.456324759807461,47.646074582409305],[-3.456416817922838,47.645952079947286],[-3.456261869014265,47.64599678510284],[-3.456227704100669,47.645935459254744],[-3.456167855945801,47.64599296010602],[-3.456128252057448,47.645886779862984],[-3.456082766682554,47.645952516429304],[-3.455980051365057,47.64587692428974],[-3.455925641924199,47.645979279391845],[-3.455750890944902,47.64597089370986],[-3.455738925668518,47.645872214062756],[-3.455559824188769,47.645827944584795],[-3.455644047320409,47.645751032164526],[-3.455540022891076,47.64577485435807],[-3.455541333012254,47.64567543963139],[-3.455424676122209,47.645925738853705],[-3.455381810694743,47.645792645712305],[-3.455466034027249,47.64571573341894],[-3.455343296199267,47.64569543607359],[-3.455284535032144,47.64576190736113],[-3.455336992944711,47.64553322516792],[-3.455220781521335,47.64556675298729],[-3.455068454725997,47.645412627100946],[-3.454959856671628,47.64550895086036],[-3.454777494316143,47.64543776751529],[-3.454622736000025,47.645924983821345],[-3.454503485156164,47.645823212662236],[-3.454605335025857,47.64578144961565],[-3.45446039750749,47.64579850477918],[-3.454424059738067,47.64571923661765],[-3.454377484886832,47.64577600163593],[-3.45411809799542,47.645510397305635],[-3.454043885627482,47.64555966107406],[-3.453996448602142,47.64549906943753],[-3.453978372714839,47.64568069195238],[-3.453863247548501,47.645723189313436],[-3.453736612814642,47.64545023547248],[-3.453633901787633,47.64537464125078],[-3.453464589937274,47.645411106642534],[-3.453407367571778,47.645269776651915],[-3.453152969951752,47.645265795892726],[-3.453154917307895,47.645392123324804],[-3.452998020301734,47.6453104967361],[-3.45298343051855,47.64541064621206],[-3.452948410148339,47.64523196285471],[-3.452857660423565,47.645255047911675],[-3.452791513928987,47.64515033598191],[-3.452860518478391,47.644947832817394],[-3.452686858577017,47.64494841345693],[-3.452729085606768,47.64485576544825],[-3.452331470807232,47.6451035488508],[-3.452300743664059,47.64551164797569],[-3.451982144342565,47.64552927987501],[-3.451868334872324,47.64547236057666],[-3.451928187076298,47.645414861912045],[-3.45183200117554,47.64539309159563],[-3.451820273237939,47.64518602589095],[-3.451657713344831,47.64516792854021],[-3.451702116446109,47.64509322275119],[-3.451595060843205,47.644981743047424],[-3.451518672833743,47.64501306338589],[-3.451429471381106,47.64482834697026],[-3.450759905441941,47.64448609163261],[-3.450143833406758,47.644475022629805],[-3.450067678789357,47.64439795636007],[-3.45010462907585,47.64470296818645],[-3.449957285795075,47.64481046155417],[-3.44988920593852,47.64457942042683],[-3.449866769421158,47.644725158644285],[-3.449752729763508,47.64477662291357],[-3.449673080839559,47.64478102923466],[-3.449651346744958,47.644601610447566],[-3.449359301553309,47.64461776644081],[-3.449395396164168,47.644805421872164],[-3.449312252168627,47.64489130076775],[-3.449290284143971,47.64482026757226],[-3.449134245932588,47.644855992360206],[-3.44908719518421,47.6451295265626],[-3.449053274652884,47.64495981295534],[-3.448987751157441,47.64508084107312],[-3.448877205576351,47.64505083168015],[-3.448852592939029,47.64517862777837],[-3.448685073984237,47.644898900300014],[-3.448352115764154,47.644908285628894],[-3.447350828720289,47.64502687963591],[-3.446963443692898,47.64513861213525],[-3.446864001586889,47.645089924838565],[-3.44687051904799,47.645143750618686],[-3.446358226494102,47.64521723279787],[-3.445508141724048,47.64548097727698],[-3.445401941286887,47.6454868484997],[-3.445365617186321,47.64540757750881],[-3.445446384549853,47.645388039912476],[-3.44550271161643,47.645436122404895],[-3.446861829102778,47.645071982911425],[-3.44901826773884,47.64478112837834],[-3.449031162843922,47.644446266154524],[-3.449148462328437,47.644421715417046],[-3.449123850630921,47.64454951161427],[-3.449272046369885,47.64455937589017],[-3.449301474421013,47.64425069209505],[-3.449377627721684,47.64432775887005],[-3.449475132088436,47.64425011648677],[-3.449533429622852,47.64440041941985],[-3.449492988134387,47.64417688021869],[-3.449691021503509,47.644156893676026],[-3.449884473912116,47.644209408721835],[-3.449925150872836,47.644324562112175],[-3.449914517304822,47.644126467040664],[-3.450081653978987,47.644072064892086],[-3.450148880595489,47.64418574935183],[-3.450118217590432,47.64404294878408],[-3.45031081622755,47.64397810649775],[-3.450554106566116,47.64400076979942],[-3.450588263720667,47.64406209736801],[-3.450635927961238,47.64401430474301],[-3.450708590031649,47.644172843548105],[-3.450957315988783,47.64424036066697],[-3.450837611994294,47.644355357039515],[-3.450986894431605,47.64437419007135],[-3.451162957677039,47.644283168135544],[-3.451188188836601,47.64438111377885],[-3.451603591705785,47.64461099688812],[-3.451834697792319,47.64464336303854],[-3.451885392838516,47.64473086833537],[-3.452143049181782,47.6447617646035],[-3.452330212185915,47.64465206443088],[-3.452490139178533,47.64486899033468],[-3.452435551738513,47.64452883032985],[-3.452553078308377,47.644395890503084],[-3.452850329624301,47.64453296675239],[-3.452921279921069,47.64445679098554],[-3.452934326921583,47.64456444190338],[-3.453296006246712,47.64457151574337],[-3.453387388395789,47.644774172567445],[-3.453548860315745,47.644783296612765],[-3.45369116828134,47.64496507207177],[-3.453764702114914,47.64524096543099],[-3.453842402404779,47.64511022889104],[-3.454126836689276,47.64503126542444],[-3.454142511685598,47.644940086682496],[-3.454616468771898,47.64521187391573],[-3.454890250252089,47.64493481403409],[-3.455028659618014,47.64486393299892],[-3.455181207866406,47.644909673332386],[-3.455291979608931,47.64483129110995],[-3.455386855522181,47.64495247335206],[-3.455499802431164,47.644892032704725],[-3.455676725278139,47.644918360531705],[-3.455741567417133,47.645122485603444],[-3.455657345418126,47.645199398119175],[-3.455910211834028,47.645411173809286],[-3.455952433633421,47.64531852465814],[-3.456058411219982,47.64542102947349],[-3.456160259105049,47.6453792650628],[-3.456067777597434,47.64516763959381],[-3.45618181199983,47.64511616917176],[-3.456767859430813,47.645210149742674],[-3.456724551228489,47.6452938283229],[-3.456984388988621,47.64534265564753],[-3.457049455987255,47.645438394325964],[-3.457190039759303,47.64538545248395],[-3.457236392316484,47.64543707196216],[-3.457256414097762,47.645381776284644],[-3.457316041594755,47.64543266048697],[-3.457293193537534,47.6452442723175],[-3.457537580653902,47.6452758919289],[-3.457688826121368,47.64542104374606],[-3.457979567616242,47.645504281708654],[-3.457922986166472,47.645588696045195],[-3.458043548465192,47.64559104896774],[-3.457984790776743,47.64565752161677],[-3.458099695309961,47.64572340580803],[-3.457997848286032,47.645765171901694],[-3.458256384442633,47.64591341113272],[-3.458360407929324,47.645889586522664],[-3.458284456261062,47.64570414005554],[-3.458557572387698,47.645752228510304],[-3.458544081139749,47.64586134950839],[-3.458697723501335,47.64591605607806],[-3.458721224649983,47.64577928710618],[-3.459046353061203,47.645815461915724],[-3.459240250474777,47.64565119020368],[-3.459628059597117,47.64587354472122],[-3.459717058456142,47.645615741503946],[-3.460103971172666,47.64516983900127],[-3.460444548642776,47.64522321604303],[-3.460377536979521,47.645552050957086],[-3.460069185184512,47.64598457008912],[-3.459944054604974,47.646054721505536],[-3.4596633167904,47.64594384041745],[-3.45996277192293,47.64609884014124],[-3.4599997799483,47.646403848565875],[-3.460099449637344,47.64634413907234],[-3.460214145342886,47.64651840673401],[-3.460134494683595,47.64652282018219],[-3.460171716989617,47.6467194429291],[-3.460279006783792,47.646722529117305],[-3.460277042513108,47.64659620189201],[-3.460439397219293,47.646722672800095],[-3.460561262982904,47.646625608391254],[-3.460628515143042,47.646739286669344],[-3.460659843866036,47.64655692759745],[-3.460912070932205,47.64654295035813],[-3.460991510218543,47.64664692194761],[-3.461354293435509,47.646662941661184],[-3.46155689675358,47.646570432752405],[-3.461649612465075,47.646673668160524],[-3.461491399641286,47.64669146777878],[-3.461337330909644,47.64685353602396],[-3.461392398529383,47.64697692037491],[-3.461484236227986,47.64696279952894],[-3.461547804103133,47.64726633587643],[-3.461820052023164,47.64719706031844],[-3.462063152759538,47.64732808514863],[-3.462195905588524,47.64732072718343],[-3.462328032500055,47.64763852562786],[-3.462378075749347,47.64750028440241],[-3.462464261167125,47.64754969426893],[-3.462602667254051,47.647478804358904],[-3.462714779969556,47.64785189886371],[-3.462640572282396,47.64790116803167],[-3.462752012710918,47.64804852065236],[-3.462943728825103,47.647866301380866],[-3.46304101273591,47.647897033321904],[-3.463273697982945,47.64827247484758],[-3.46347718688702,47.648297318961674],[-3.463494142228356,47.648106724431806],[-3.463712201020311,47.64803141749337],[-3.463887638239147,47.6482655330199],[-3.464054773629187,47.64821111100199],[-3.463929232311802,47.64849803754769]],[[-3.450071558839441,47.6446506114327],[-3.450067445270899,47.64450634202777],[-3.450003011393206,47.644636341679295],[-3.450071558839441,47.6446506114327]],[[-3.452262464048753,47.64530605168647],[-3.452319283101492,47.64511325444696],[-3.45202397458543,47.64510250435804],[-3.451979342288539,47.64528559589653],[-3.452262464048753,47.64530605168647]],[[-3.452121476517269,47.64502485979778],[-3.452258802647875,47.64494501113175],[-3.452221381591602,47.64485677133562],[-3.452045318259028,47.64494779483909],[-3.452121476517269,47.64502485979778]],[[-3.45228987203214,47.645421938863294],[-3.452277913279249,47.64532325883365],[-3.452187163109145,47.64534634336878],[-3.45228987203214,47.645421938863294]],[[-3.460730814967014,47.64703164578558],[-3.460642666845293,47.64685590742515],[-3.460634622561015,47.64700988273378],[-3.460730814967014,47.64703164578558]]]},"properties":{}},{"type":"Feature","geometry":{"type":"Polygon","coordinates":[[[-3.446248768250284,47.64519619188806],[-3.446868586578541,47.645017423065944],[-3.44868422376988,47.64478154370925],[-3.448662256626417,47.644710510391626],[-3.448793918230368,47.644694196693706],[-3.448748519279386,47.644209031180665],[-3.448307906110034,47.64388119159296],[-3.447526028097801,47.6438250936621],[-3.448056774745596,47.6439041126025],[-3.448256743350423,47.64401045609551],[-3.448468190636528,47.64443225106636],[-3.448455292002001,47.64476711323048],[-3.446838778029305,47.644991978297774],[-3.446248768250284,47.64519619188806]]]},"properties":{}},{"type":"Feature","geometry":{"type":"MultiPolygon","coordinates":[[[[-3.508684701170302,47.64168194797995],[-3.508429450013272,47.64145234532434],[-3.508194918600509,47.64150156576705],[-3.507877806467579,47.641203162728054],[-3.507528436391769,47.641078160517246],[-3.507515280117503,47.640970515526035],[-3.507647784895315,47.64090255912169],[-3.50761586622424,47.6410281217102],[-3.507871227956041,47.641149340256554],[-3.507749693472847,47.641029682383994],[-3.50799870857273,47.64088030627301],[-3.508327880906531,47.64127738351615],[-3.508063630211719,47.64119278863415],[-3.507992762984255,47.641268997995255],[-3.508639513220241,47.641530933307294],[-3.508684701170302,47.64168194797995]],[[-3.508187474180394,47.64122200105316],[-3.507956580652699,47.64097297442452],[-3.507850279944146,47.641087288364595],[-3.508187474180394,47.64122200105316]]],[[[-3.507650870819479,47.640890419592054],[-3.50760842490362,47.64074855689069],[-3.507723496512066,47.640706006476435],[-3.507394215128576,47.64041731339679],[-3.507167596369288,47.640312552778944],[-3.507079071020648,47.64035362084592],[-3.506966428038175,47.64019733950763],[-3.506774030264702,47.640153889300734],[-3.506702066373169,47.64022112749342],[-3.506625836170025,47.6401440979355],[-3.506732019207326,47.640138171052605],[-3.506723249577369,47.64006640763116],[-3.506944385211171,47.64012631699725],[-3.507086862601042,47.640308027823316],[-3.50711571861432,47.64021610086412],[-3.507353417150341,47.64030217980979],[-3.507691468609077,47.64066263635155],[-3.507658460922351,47.64050190982689],[-3.507826507537187,47.64056478138366],[-3.507907125726679,47.64067769179752],[-3.507688063003981,47.640744111069225],[-3.507650870819479,47.640890419592054]]]]},"properties":{}},{"type":"Feature","geometry":{"type":"Polygon","coordinates":[[[-3.445410773062251,47.644014304414156],[-3.445135992889604,47.64373147183357],[-3.445362147574096,47.64350222446102],[-3.445655516352574,47.64338666371548],[-3.446042649712115,47.64338332117339],[-3.446551790170135,47.64372544121325],[-3.446669089210805,47.6437008929556],[-3.446812697190119,47.64378326216918],[-3.446932408574775,47.643668269885964],[-3.446743305801713,47.64365163382365],[-3.446934820903509,47.6435778261173],[-3.446963782298506,47.64348591419732],[-3.446985746676955,47.64355694787951],[-3.447279959343076,47.64355873974357],[-3.44712911527447,47.643747702414565],[-3.446995283021876,47.64374607230758],[-3.447052726410436,47.64377901985347],[-3.447418983763376,47.64371361005873],[-3.448156690525038,47.6437360275179],[-3.448210263428133,47.64351631924283],[-3.447603238576855,47.642917719153495],[-3.446380184331056,47.64330144059982],[-3.446355566520648,47.64342923628837],[-3.446806179953504,47.64372943634768],[-3.446319001276763,47.64345835122819],[-3.446304881778974,47.64334172853327],[-3.445715615264096,47.64322078244581],[-3.44533065495658,47.643242065877516],[-3.444823319524911,47.64357716775639],[-3.445410773062251,47.644014304414156]],[[-3.447380724246345,47.64350801197821],[-3.447196445656062,47.64331048907108],[-3.447265229853964,47.64321637475218],[-3.447366841414309,47.643283003689504],[-3.447254974972532,47.64335240749356],[-3.447395562965189,47.64329947737868],[-3.447456265038784,47.643359337633925],[-3.447448422067293,47.643404926594556],[-3.447362257248633,47.64335550554711],[-3.447380724246345,47.64350801197821]]]},"properties":{}},{"type":"Feature","geometry":{"type":"Polygon","coordinates":[[[-3.423925640057443,47.64503756483708],[-3.424200662398482,47.64476954803798],[-3.424222372618781,47.64450645798005],[-3.424433406176014,47.644594168363376],[-3.424519837166029,47.64453522068248],[-3.42452957945298,47.644615961241534],[-3.424705688615718,47.64452497918861],[-3.424978768422334,47.644573146154734],[-3.424999107740607,47.64440947037285],[-3.424820321484462,47.644256768127626],[-3.424884816249776,47.64412678234393],[-3.424804083732033,47.64412220054208],[-3.424747223604463,47.64387247078915],[-3.424845275996321,47.64402059140315],[-3.425055226099889,47.64409932951311],[-3.425230534041399,47.64389098983285],[-3.425178002433292,47.64367714494329],[-3.425075849280334,47.64382726803306],[-3.425072885903141,47.64369196886587],[-3.424937971941496,47.64368134232212],[-3.424858607324468,47.64357734607217],[-3.424650539377162,47.64362493560261],[-3.424452784154788,47.64353649405047],[-3.42439182202234,47.643585007515085],[-3.424414327632985,47.643439274110435],[-3.424145869856028,47.643318604854684],[-3.423940762763123,47.6435014923412],[-3.423832399219941,47.643489401598174],[-3.423669279733856,47.64368803661118],[-3.423727790980399,47.643729966808934],[-3.423616975169606,47.643808319146586],[-3.423698502358326,47.64393025859527],[-3.423777069815467,47.64391689879512],[-3.423661350109963,47.64417613769698],[-3.423578453004509,47.64415361268207],[-3.423510708124793,47.644256684190715],[-3.423567850218249,47.644398028886805],[-3.423713876131415,47.64438998321283],[-3.423670516765597,47.644473649570244],[-3.423756948403149,47.644414702449964],[-3.423641514714924,47.64456555566537],[-3.42377397902868,47.64466662694088],[-3.423717852626107,47.64497676709363],[-3.423766337160671,47.64504634221267],[-3.423780981678175,47.64494619637269],[-3.423925640057443,47.64503756483708]],[[-3.424302023230346,47.64450206900731],[-3.424231318019273,47.644469841783014],[-3.424312336844742,47.644366038367544],[-3.424302023230346,47.64450206900731]],[[-3.423928219584989,47.644062094401164],[-3.423832334355401,47.643931915386204],[-3.423950726662944,47.643916361121995],[-3.423928219584989,47.644062094401164]]]},"properties":{}},{"type":"Feature","geometry":{"type":"Polygon","coordinates":[[[-3.506270495972106,47.6394233392147],[-3.506355732020497,47.63935536043684],[-3.506478474643214,47.63937560426065],[-3.506134719868866,47.639187063886695],[-3.506219955712839,47.639119085199546],[-3.505928077769211,47.63902699656937],[-3.505922717594141,47.63887375830447],[-3.506036570617604,47.638930625135295],[-3.50600661738016,47.6390135814498],[-3.506260989081706,47.639017447147964],[-3.506505257775398,47.639157350492034],[-3.506575886862321,47.63929791404819],[-3.506580508955107,47.63911702368464],[-3.506166008218996,47.6388963058659],[-3.505781223669499,47.63880940243953],[-3.505811177142702,47.63872644617402],[-3.505575800833144,47.638549918829696],[-3.505381218241717,47.63848852540015],[-3.505334703911266,47.638545310931285],[-3.505168979994242,47.63839199053466],[-3.505110288939488,47.63845848711811],[-3.504865904899997,47.63842696690023],[-3.504936772818627,47.63835075932335],[-3.504386273409818,47.63811053029467],[-3.504212636354314,47.63811118751566],[-3.504295434704238,47.638242041485164],[-3.504521916133259,47.63845519387797],[-3.504681185990353,47.63844630637781],[-3.504437774973132,47.6385321418062],[-3.504601182850365,47.6387759083939],[-3.504501577101581,47.638835656072125],[-3.504408792127113,47.63873245426005],[-3.504350099750742,47.63879895044987],[-3.504503645771055,47.63896198304391],[-3.504442761665184,47.63901053836518],[-3.504140053614011,47.63872035464366],[-3.503948759173875,47.638685870209564],[-3.503915515717447,47.63874191461836],[-3.50371983866703,47.638671547967185],[-3.503643490297103,47.63870290247823],[-3.503793746826855,47.63883902462603],[-3.503733957890976,47.638896550041835],[-3.503537184871705,47.63881721262868],[-3.503475204420035,47.638856796985955],[-3.503356971841721,47.63876404579524],[-3.503357942186573,47.63888140232703],[-3.50308835922051,47.63864355768636],[-3.503009693448589,47.638765356919166],[-3.502444957568466,47.6384085026818],[-3.502354240874797,47.638431626258125],[-3.502330854786145,47.63856840450723],[-3.502594956584232,47.63876139854229],[-3.502136148114644,47.63861539175376],[-3.502136020368371,47.63872377782759],[-3.501727146296875,47.63843951052241],[-3.501577862585191,47.638420742263186],[-3.501627537958417,47.63849925576073],[-3.501541201954409,47.638558260635726],[-3.501285996471489,47.63832864200271],[-3.501384121788506,47.638585084824605],[-3.50129449959486,47.63861717806067],[-3.501022866747164,47.63825300155478],[-3.500822684203865,47.63825513417154],[-3.500916426382291,47.63847569543373],[-3.500954183763338,47.63834714774142],[-3.501139869139556,47.63844517073224],[-3.501272335468625,47.63865454049891],[-3.501393979273089,47.63866581918621],[-3.501442817625213,47.63851859011747],[-3.501619613183261,47.63865323453916],[-3.501607564736253,47.63855455923035],[-3.501756848832701,47.63857332745031],[-3.501737004273491,47.63852024486118],[-3.502160247035348,47.638812742249854],[-3.502231119329798,47.63873653632947],[-3.502515321018455,47.63876584089675],[-3.503263687380437,47.63909438732373],[-3.50339093591915,47.63904213020162],[-3.503389715097119,47.639141545789364],[-3.503577599023806,47.63925750579127],[-3.503503815932246,47.63898164297734],[-3.503698273587362,47.639151425569445],[-3.503840985892292,47.63911636835699],[-3.5039326747204,47.63921060014142],[-3.504011215103118,47.63919718636452],[-3.50396275532974,47.63901925831405],[-3.504146380735629,47.638990949521045],[-3.504238069887498,47.63908518107195],[-3.504382973236734,47.639068064107995],[-3.504555394752309,47.63916682223278],[-3.504688243966247,47.63905102991036],[-3.504577802369628,47.63891268706831],[-3.504733786050791,47.638876888138036],[-3.504553817300038,47.638606951004334],[-3.504645751810417,47.63848441009257],[-3.504867000756584,47.638435937353144],[-3.505268341399496,47.638549014453766],[-3.505638392826244,47.63895284809225],[-3.506290464687283,47.63936803497294],[-3.506013930195704,47.63940153266288],[-3.506270495972106,47.6394233392147]],[[-3.503961659613168,47.639010287855356],[-3.503888846389934,47.638851781777774],[-3.503987233151561,47.63889145022936],[-3.503961659613168,47.639010287855356]],[[-3.503069231315738,47.63892460400326],[-3.50257949303292,47.63874419799276],[-3.502413776413801,47.638590873703805],[-3.502756545179442,47.63866206854096],[-3.503069231315738,47.63892460400326]],[[-3.504734275930931,47.63844334382949],[-3.50452532642589,47.63837371915588],[-3.504525449318877,47.63826533305981],[-3.504632724665137,47.63826837853593],[-3.504781886652834,47.638395528988305],[-3.504734275930931,47.63844334382949]]]},"properties":{}},{"type":"Feature","geometry":{"type":"Polygon","coordinates":[[[-3.499915810803499,47.63914564105057],[-3.499922645530559,47.638982691930394],[-3.500156078426841,47.63892451753398],[-3.500326695710712,47.63868018273228],[-3.500462707100854,47.63869969274315],[-3.500711731724125,47.638550331982984],[-3.500674235045721,47.638462107427856],[-3.500761536481514,47.638520459765864],[-3.500877703931458,47.638486886536136],[-3.500682162520103,47.63830812869831],[-3.500467480997028,47.638410416482365],[-3.500418640053195,47.63855764515168],[-3.500015119538963,47.63842661039526],[-3.499993218791694,47.63824720041629],[-3.500255251948775,47.63831387268676],[-3.500276453085746,47.63815915384076],[-3.500450221514447,47.63805011636615],[-3.500233745265863,47.637809304409544],[-3.500322271661378,47.63776824147516],[-3.500271503819798,47.637680756893445],[-3.500520393198926,47.63763978259484],[-3.500415440773475,47.63754628820638],[-3.500498491075979,47.63746037263741],[-3.500121655038873,47.63721947170226],[-3.500181050850286,47.637487106526805],[-3.500049422761915,47.637503478185785],[-3.500189811259331,47.637558870535074],[-3.500054765935374,47.6376567168286],[-3.499828040875278,47.637660327956304],[-3.500047931781522,47.63781966606858],[-3.500132645943109,47.63818523621807],[-3.499929178553367,47.63816045580836],[-3.499974339001934,47.638311474113095],[-3.499759258390434,47.63873891882557],[-3.499814406460954,47.63886228557545],[-3.499635291972778,47.63881808350115],[-3.499915810803499,47.63914564105057]],[[-3.500207242255696,47.63868684392476],[-3.500113238929308,47.63868305427149],[-3.500115560905512,47.63859260919114],[-3.500207242255696,47.63868684392476]]]},"properties":{}},{"type":"Feature","geometry":{"type":"Polygon","coordinates":[[[-3.5007683175667,47.63748145113391],[-3.500742998682177,47.637383515865196],[-3.500399277001836,47.63719495842165],[-3.500307860786186,47.636883951433795],[-3.500132169424827,47.636758275408724],[-3.500302516963394,47.63673071274117],[-3.500228491063591,47.636671619877895],[-3.50044851026087,47.6367225711398],[-3.500279652410215,47.636433945959375],[-3.499809920656528,47.6361982247979],[-3.499615353272258,47.6361368216906],[-3.499555562859951,47.63619434504861],[-3.499392052620243,47.63605895729859],[-3.499121139023057,47.636028905090065],[-3.498648131679314,47.63576626765048],[-3.498414846249516,47.635716052896704],[-3.498382693544079,47.63578106634303],[-3.498047747740662,47.635664266038134],[-3.497567086938075,47.635338830454245],[-3.497857426384138,47.63574712834208],[-3.497799002222886,47.63559684887252],[-3.498469852903973,47.63594780670005],[-3.499618505201494,47.636272119437564],[-3.50006046565867,47.63660873726611],[-3.500055821684279,47.63678962760632],[-3.500231512969063,47.63691530374415],[-3.500277505242855,47.63729206484229],[-3.5007683175667,47.63748145113391]]]},"properties":{}},{"type":"Feature","geometry":{"type":"MultiPolygon","coordinates":[[[[-3.498110415430557,47.63595881371605],[-3.4977081515643,47.63572835511208],[-3.497562023540218,47.63584487952348],[-3.497580905362531,47.635780606134375],[-3.497503462956635,47.63580298614643],[-3.497133357026559,47.63550751233329],[-3.496987366547212,47.635515649796986],[-3.496480448415736,47.6349749166981],[-3.49606383301715,47.63473622146916],[-3.495798258680745,47.63485940058137],[-3.495744358994014,47.634636615945766],[-3.495445005612565,47.6343733207117],[-3.495275898919172,47.63430146058344],[-3.4952415549315,47.63434853208931],[-3.494908813185957,47.634249663823496],[-3.494588107126147,47.63424947086352],[-3.494620549526479,47.633967685764105],[-3.494168655694639,47.63365869806515],[-3.493771091181956,47.63324733521026],[-3.493335615453971,47.633072902904175],[-3.493156671727538,47.632920304381976],[-3.492671396807091,47.632775738634706],[-3.492522279376766,47.632648572352004],[-3.492272461273407,47.632572172718355],[-3.492299949585497,47.63268805126091],[-3.491876660864785,47.63250390363717],[-3.49189728988991,47.63278273146409],[-3.49176941270593,47.63272018227166],[-3.491759258439257,47.63263688382074],[-3.491651995147585,47.63263382651517],[-3.491788136703647,47.63254496028362],[-3.491709900846698,47.63234159306867],[-3.491839331678942,47.63230728955526],[-3.492059176682014,47.6324666431442],[-3.492109128697804,47.63232838810699],[-3.492300244996508,47.632471278452975],[-3.493372438987572,47.632827000328234],[-3.493686283538411,47.63299014590036],[-3.494099304747158,47.63341871082005],[-3.494605375989806,47.63373371144431],[-3.494568986816667,47.6336544552812],[-3.494812106244147,47.63378541288895],[-3.494941538583757,47.63375110596399],[-3.494965751001364,47.63384007210687],[-3.495138280147164,47.63383045806205],[-3.49499776446908,47.63388344587302],[-3.495052896516701,47.63400681518049],[-3.494911286195916,47.63405083231737],[-3.494987490788475,47.634127869760974],[-3.495165633439164,47.63405472218268],[-3.49533692753541,47.63414452360414],[-3.495453088872972,47.634110955692194],[-3.49579649199742,47.634516300600374],[-3.495797726857417,47.63441688485419],[-3.496012261094564,47.63442299174787],[-3.495883641212259,47.63468304299594],[-3.495953282412249,47.63470625645832],[-3.495994331939254,47.63460462178106],[-3.496290685517548,47.634624231349804],[-3.496740133580953,47.63513204213976],[-3.496721528443111,47.634979542876984],[-3.496897205917843,47.635105224146805],[-3.496938933532699,47.635337718494426],[-3.497064946789716,47.635384883874245],[-3.496939071825046,47.63522933223636],[-3.49717016474227,47.635261608870216],[-3.497593219669166,47.63566250953718],[-3.497956897580226,47.63579577246653],[-3.498110415430557,47.63595881371605]],[[-3.497510167487513,47.63574842312084],[-3.497279485062845,47.635390988437734],[-3.497334486452184,47.635622742814625],[-3.497510167487513,47.63574842312084]]],[[[-3.491691268878051,47.632698276999925],[-3.491610789761995,47.63284384616138],[-3.491476039401239,47.632724909999034],[-3.491529273654296,47.63261356704457],[-3.491203110233979,47.63256851176652],[-3.491128006755656,47.6325004424015],[-3.491208877280781,47.63239659199323],[-3.491095053995021,47.63233971052141],[-3.490919248777008,47.63232240676663],[-3.490955481186928,47.632510050530286],[-3.490540003059373,47.632280305910285],[-3.490494571666317,47.63234605633],[-3.490339842499784,47.632282420571805],[-3.490273334915257,47.63239450200359],[-3.490054588781114,47.63224411566834],[-3.489796818160876,47.632321689220994],[-3.489809148892503,47.632203593233605],[-3.489447548574701,47.63219663237187],[-3.489424439231983,47.63211663563684],[-3.489296100420864,47.63215990710593],[-3.489375573586559,47.63226386016781],[-3.489298132843108,47.6322862347812],[-3.489055033773771,47.63215526559696],[-3.488906865141446,47.632145451716454],[-3.488843633829207,47.63228444423524],[-3.488639256313012,47.63214228703529],[-3.488522001993905,47.63216687757085],[-3.488553698597192,47.63242702596764],[-3.488274221867562,47.632216797061204],[-3.488215516556091,47.63228328536844],[-3.488091704262652,47.632254051645326],[-3.487986471271785,47.63237731866373],[-3.487744624813385,47.63214693097887],[-3.487697940196959,47.63231209608925],[-3.487631741397765,47.63220740318987],[-3.487771324021689,47.63203706712566],[-3.487899350492925,47.632210570178955],[-3.487868906776273,47.63185100578181],[-3.488158216253348,47.632141971447524],[-3.488339640479499,47.63209574612019],[-3.488497490224075,47.63229468285788],[-3.488423950274495,47.63191042309762],[-3.488524654069915,47.631859659550145],[-3.488628481489292,47.63194419425955],[-3.4886882789164,47.631886676368026],[-3.489015374732402,47.632049095747576],[-3.488828640848263,47.63194208253],[-3.488848934259869,47.63167000816775],[-3.488928560374934,47.63166557511242],[-3.489064241174742,47.63190187135093],[-3.489011311254053,47.63179644034795],[-3.489194765728891,47.63187654139125],[-3.489255655567141,47.63182799383771],[-3.489134184045059,47.63170831602664],[-3.489205065503076,47.63163211772895],[-3.489227081217046,47.63170314389674],[-3.489389612821394,47.63172118910389],[-3.489599303314906,47.632016584588875],[-3.489704378895146,47.63200170253066],[-3.489729674972111,47.63209964046342],[-3.489819293174846,47.6320675559909],[-3.489784158246906,47.63188888245661],[-3.490028503440049,47.6319204343283],[-3.490081435492948,47.632025864863635],[-3.489931080601678,47.63199811103902],[-3.489937639894445,47.632051934774395],[-3.490038190220127,47.632109556356134],[-3.490288154750048,47.632077574359606],[-3.490338900898294,47.63216506353257],[-3.490352323680496,47.63205593809694],[-3.490776546152448,47.632357448317876],[-3.490783257127213,47.632302885581296],[-3.490856173132938,47.63235301395017],[-3.490866314775102,47.63221697662709],[-3.491152662356191,47.632264250159054],[-3.490994953159825,47.631956930572],[-3.491261317948116,47.63205950568128],[-3.491394823143745,47.632277857946754],[-3.491256494724789,47.63234878251493],[-3.491363757420971,47.632351840184086],[-3.491461973484059,47.63249990572673],[-3.491551591317517,47.6324678199319],[-3.491615462014144,47.632662955788575],[-3.491691268878051,47.632698276999925]]]]},"properties":{}},{"type":"Feature","geometry":{"type":"Polygon","coordinates":[[[-3.483264107634111,47.63408511970593],[-3.483386234650007,47.6337712582213],[-3.483647628725339,47.633503838224435],[-3.483741024821329,47.63317351141212],[-3.483990235031247,47.632915799499],[-3.48394277525064,47.63285521962688],[-3.484107657426053,47.63278282714313],[-3.484103452773099,47.63263855806182],[-3.48423944283459,47.63265808701993],[-3.484268334061277,47.63256616534319],[-3.484473957468767,47.632608914440546],[-3.4845039405778,47.632525963374555],[-3.484565764334655,47.63259477534896],[-3.485099893662292,47.63259215209501],[-3.485201856455668,47.63244197569621],[-3.485312396333721,47.63247195091605],[-3.485372197925557,47.63241443473777],[-3.485618566640455,47.63257232354982],[-3.485817635939202,47.632561246319725],[-3.485787976711568,47.632427424925766],[-3.485908671186358,47.63232136270614],[-3.48622248994871,47.63248452837232],[-3.486240291634439,47.63241128604961],[-3.48628666101642,47.63246289434756],[-3.486374096647862,47.632412871214406],[-3.486761922598126,47.632635137189986],[-3.486521172906827,47.63241371765341],[-3.486583158448854,47.63237414215927],[-3.486711340920672,47.63243926008306],[-3.486722585824625,47.63231219377737],[-3.486835311690121,47.63236010886033],[-3.486724155589518,47.63199600516795],[-3.486894336169509,47.63207684841143],[-3.487080132212344,47.63206650764215],[-3.487272326881576,47.63221837688137],[-3.487375375634739,47.63207716920374],[-3.487448288131438,47.63212729970559],[-3.487395361179191,47.632021867982694],[-3.487497158967875,47.63198007597046],[-3.487689354512456,47.632131944530336],[-3.487665469229057,47.63182620393307],[-3.487313864513833,47.6317915858269],[-3.487385841461894,47.63172435928486],[-3.487269838163355,47.63164953276994],[-3.487309177759615,47.63197247610884],[-3.487145395176985,47.63205384379014],[-3.486985365751458,47.63183696389875],[-3.486931030085081,47.63193933417598],[-3.486832827622774,47.631791264781235],[-3.486718851254841,47.631842765468754],[-3.48652103689989,47.631754428454464],[-3.486459985095696,47.631911361021174],[-3.486718374140728,47.63216792475516],[-3.486625475916751,47.632173094888785],[-3.486473096672548,47.63201900888461],[-3.486543504161791,47.63226797148273],[-3.486214229342795,47.63208760388617],[-3.486222970086584,47.632159369141135],[-3.486043889350454,47.6321151460771],[-3.486038266118058,47.63217867920494],[-3.485842475885292,47.632216668793305],[-3.485671203951473,47.632126853361356],[-3.485555971863875,47.63227776865872],[-3.485286339639527,47.632148268555795],[-3.485101635370573,47.632167577138745],[-3.485044948519804,47.63236039159754],[-3.484914583515804,47.63227733050599],[-3.48463479536429,47.63228386571002],[-3.484651506830396,47.63220165295053],[-3.484846042651545,47.63226308110328],[-3.485024517932778,47.63197317607553],[-3.484831075318282,47.63192071888162],[-3.484703825589709,47.631972955980345],[-3.484788751291498,47.63212176552825],[-3.484638398882518,47.63209400489283],[-3.484638235619661,47.632202391310756],[-3.484554239087739,47.63217093875194],[-3.484032891683521,47.63249798044134],[-3.483802415989588,47.632799807620486],[-3.48366314919616,47.63275336612176],[-3.483508261434956,47.632798107711686],[-3.483621481430666,47.632520866724775],[-3.483425688222603,47.63255885225577],[-3.483361447002348,47.63334815998044],[-3.48287846984885,47.633880783644734],[-3.483264107634111,47.63408511970593]]]},"properties":{}},{"type":"Feature","geometry":{"type":"Polygon","coordinates":[[[-3.483752010081217,47.63249554285472],[-3.483633991174883,47.63229438499644],[-3.483383095335129,47.63220899565852],[-3.483641966891939,47.632140406935136],[-3.483895047232521,47.632243737076266],[-3.48422513569112,47.63188217911],[-3.484152390805197,47.631723660152105],[-3.484495745308249,47.63136136301869],[-3.484768974639508,47.631301004100074],[-3.485058589051955,47.631375204614145],[-3.485388179047601,47.63133880261806],[-3.485497785804458,47.631251420545276],[-3.485440493804759,47.63111010521603],[-3.485582104132785,47.631066099493076],[-3.48582065883213,47.631269579790114],[-3.486168981436607,47.63127729041648],[-3.486257667789103,47.63112785152717],[-3.486004748650482,47.63091613995931],[-3.486126371590694,47.630927434588095],[-3.48616775722913,47.63060903016586],[-3.486286714623963,47.63092754279315],[-3.486444712853875,47.6310180959442],[-3.486671410601919,47.631014510776644],[-3.486638472178917,47.63085377751629],[-3.486707011711963,47.63086802587768],[-3.486733712416261,47.63075816218907],[-3.486574940494014,47.63044186573639],[-3.48646221891339,47.6303939503547],[-3.486540750711419,47.63038054826142],[-3.486472371381887,47.63025791327567],[-3.486281118689235,47.630223399763175],[-3.486368550657386,47.63017337657632],[-3.485999637914557,47.62988683729987],[-3.486127973932605,47.62984356940165],[-3.486048510695313,47.62973961400052],[-3.486181216467807,47.62973222871892],[-3.48606084912349,47.62962151825149],[-3.485980133317782,47.629616978686066],[-3.485996520882948,47.629751538740905],[-3.485847267003724,47.62973275029745],[-3.485873647416285,47.62983965985079],[-3.486223665681744,47.630190471275846],[-3.48634262247738,47.630508983915036],[-3.48623083350064,47.63057842548631],[-3.486180095594445,47.63049093445721],[-3.486152301333661,47.630591827369855],[-3.486038487285374,47.630534940918174],[-3.486084694521153,47.63069493585054],[-3.486003977090189,47.63069039630412],[-3.485973836796725,47.63088173432747],[-3.485795692140485,47.63095486800846],[-3.48561880073425,47.630928585598056],[-3.485686086480303,47.63104225037416],[-3.485609738431693,47.63107359322325],[-3.485452995500006,47.63088362312794],[-3.485417390938037,47.63103010764353],[-3.485072347188597,47.631049306792995],[-3.485040018599168,47.631222703196464],[-3.484518408660493,47.63099884420396],[-3.48449590885788,47.63125297655387],[-3.484377562317444,47.6312685922638],[-3.484218474615596,47.631169065648585],[-3.48405796642269,47.631277341073506],[-3.48395742412099,47.63121971431965],[-3.483960371432457,47.6314633992888],[-3.483814225073941,47.6315799067593],[-3.483690416822888,47.631550668360774],[-3.483725531129259,47.63172934375857],[-3.483542846530431,47.63187497767977],[-3.48279856983984,47.631907345793614],[-3.482298465088125,47.63207966362567],[-3.482520297050535,47.63236536297524],[-3.482973871130864,47.63224982103026],[-3.48313405181237,47.63235831996955],[-3.483372934621808,47.6323450323319],[-3.483357313259717,47.63243621558458],[-3.483485657549526,47.63239295064635],[-3.483752010081217,47.63249554285472]],[[-3.483530336497766,47.6321014594474],[-3.483413245665348,47.63201765843489],[-3.483614663,47.63191613989674],[-3.48373393827165,47.63201788207304],[-3.483530336497766,47.6321014594474]],[[-3.486450495059564,47.63084617626844],[-3.486309045897349,47.63078179655545],[-3.486322476570548,47.63067267150505],[-3.486450495059564,47.63084617626844]]]},"properties":{}},{"type":"Feature","geometry":{"type":"Polygon","coordinates":[[[-3.486448493907912,47.629952172133784],[-3.486451931244578,47.62987069758303],[-3.486299399191693,47.62982499772258],[-3.486455368570752,47.629789223028745],[-3.486461150609,47.62961730324345],[-3.486625860147855,47.629653293647486],[-3.486536403480218,47.629576989148646],[-3.486608378421175,47.629509763008805],[-3.486418380533707,47.629375833800445],[-3.486600889464776,47.629338581775414],[-3.486514711112786,47.629289189247],[-3.486560144806369,47.62922344027145],[-3.486759042472591,47.629320747999756],[-3.486797920102363,47.629201174941244],[-3.486598726579917,47.6285529635728],[-3.486453846076278,47.62857005857211],[-3.486535812311818,47.62847518185999],[-3.486330362992736,47.628324049669615],[-3.486030770604375,47.6282775027409],[-3.486179540114362,47.62862145084325],[-3.486306620544661,47.62867759866407],[-3.486234646345749,47.628744824646844],[-3.485913523573243,47.62830209070722],[-3.485765366214285,47.62829227282257],[-3.486074309869263,47.628744716370186],[-3.486184842580657,47.62877469082168],[-3.486086327386692,47.62884339377958],[-3.485557573595812,47.62823158454109],[-3.485339788344081,47.62819854637917],[-3.485345088357596,47.62835178642911],[-3.485479814017479,47.62847072993168],[-3.485626879400279,47.62847157749833],[-3.486237603916717,47.62898850986966],[-3.486325646968188,47.629272617124826],[-3.486219483283254,47.62927852549484],[-3.486272245256099,47.62949234447162],[-3.486135169991609,47.62946384717808],[-3.486284103394621,47.62969940838285],[-3.486181216467807,47.62973222871892],[-3.486192141863604,47.629821935399306],[-3.486448493907912,47.629952172133784]],[[-3.48647631135141,47.629083602457314],[-3.486192490220933,47.62883748552927],[-3.486333161166892,47.628676121560375],[-3.48647694943158,47.628650056041174],[-3.486644615422269,47.62892973166076],[-3.48647631135141,47.629083602457314]]]},"properties":{}},{"type":"Feature","geometry":{"type":"Polygon","coordinates":[[[-3.485748174694497,47.628699645771654],[-3.485549442587371,47.62849394967038],[-3.485585814850002,47.6285732088537],[-3.48535273494939,47.62841458120537],[-3.485256404062569,47.6285012248396],[-3.485287476008993,47.628427244079624],[-3.48519895354085,47.628468295819054],[-3.485080775733295,47.628375525637125],[-3.485194422034296,47.628540799708844],[-3.484802426168385,47.62817425867109],[-3.484919185389569,47.62847483171706],[-3.484598840728197,47.6282578380735],[-3.484634119169251,47.628328126873235],[-3.484512502467326,47.62831683067564],[-3.484557610969852,47.62846785570536],[-3.484443639503105,47.62851935426127],[-3.484202318224852,47.627963798856456],[-3.484086327561513,47.62788896903503],[-3.483982350641857,47.6279128167687],[-3.483695601329061,47.6274230081795],[-3.483689975795984,47.62748654134806],[-3.483561808903221,47.62742141994261],[-3.483500918913256,47.62746996463851],[-3.483774396523826,47.62796051195748],[-3.483602976374077,47.627979079948865],[-3.483573325244624,47.62784525767621],[-3.48351134273023,47.62788483166572],[-3.483432979540685,47.62778984508268],[-3.483407365561755,47.62790867888762],[-3.483221749406038,47.62781062718208],[-3.483112145988541,47.62789800727434],[-3.482996323580144,47.627714789707326],[-3.482974909878098,47.62797789290094],[-3.482865472563237,47.62795688610725],[-3.482839857240753,47.62807571977753],[-3.482740414208961,47.62802706258847],[-3.482798787688643,47.6281773501738],[-3.482661717655531,47.628148848784924],[-3.482693383311761,47.628408999310565],[-3.482615945360196,47.628431369538596],[-3.4824603127239,47.62825036587734],[-3.482422517948226,47.628378908260345],[-3.482245636739517,47.62835262070705],[-3.482270749342914,47.62855894705735],[-3.482081857545495,47.628433981440836],[-3.481958394926298,47.628187967899656],[-3.481809146840573,47.62816917428144],[-3.481763539104213,47.62834330807442],[-3.481538113646885,47.628247467811796],[-3.481912450088323,47.628578874988754],[-3.481808470853607,47.62860272077884],[-3.481517953860378,47.62841115476385],[-3.48144269884272,47.628451465649775],[-3.481333431122101,47.628322070801474],[-3.481363076900895,47.628455893609775],[-3.481136389663269,47.62845946848034],[-3.481226758240049,47.62865313449015],[-3.481124961887152,47.62869492110977],[-3.480934059800299,47.62844362558684],[-3.480982945230912,47.6282964042976],[-3.480873508046999,47.6282753956411],[-3.48093003484744,47.628190969437355],[-3.480670943912222,47.62770864833715],[-3.480532784672373,47.62767117371386],[-3.480450637249272,47.62787443290657],[-3.480473154886831,47.62762030089329],[-3.480308455769964,47.62758430177602],[-3.480255030978176,47.627804026562565],[-3.480029265290873,47.627924956669204],[-3.480103256696857,47.62798406259663],[-3.480293577930169,47.6279012288862],[-3.480486829839124,47.62806208034628],[-3.480532269912902,47.62799633367386],[-3.48058190462767,47.62807485654017],[-3.480673704726208,47.62806072047427],[-3.480643204084866,47.62846883062955],[-3.480888448974687,47.62861775901347],[-3.481026269741142,47.62887200640201],[-3.481222051133106,47.628834024820314],[-3.48117678147756,47.628791385134924],[-3.481327122783464,47.62881915027303],[-3.481294201808032,47.628658415324026],[-3.481373824057663,47.62865398741143],[-3.481623438847625,47.62883879710776],[-3.481942097461382,47.62871269763237],[-3.48206463786816,47.628841353817606],[-3.482515831625533,47.628816258621555],[-3.48252288569503,47.62854492303926],[-3.482673227006928,47.62857268644836],[-3.48277032006531,47.628711788880764],[-3.482778631794509,47.62834103734932],[-3.482871356882743,47.62844425689032],[-3.482989697601904,47.6284286426836],[-3.482928047426109,47.628251443096694],[-3.483045462206307,47.6281184714884],[-3.483009260583681,47.62793082484703],[-3.483245773518114,47.628007982676436],[-3.483252491643808,47.627953420250286],[-3.483468090511351,47.62796852090454],[-3.483612639673076,47.62816820289353],[-3.483842601845717,47.628191535308936],[-3.483854017526658,47.62795608235266],[-3.483631269976779,47.62755302751368],[-3.483817978086974,47.62766004928149],[-3.484042911781698,47.628081045134174],[-3.484083978890969,47.62797941429543],[-3.484184515225999,47.62803704103669],[-3.484131270216834,47.628148380906616],[-3.484348726838386,47.628398194589295],[-3.48426473646334,47.62836674176059],[-3.484159502298601,47.628490005578676],[-3.484237867808872,47.62858499164004],[-3.484506387254695,47.628705523712505],[-3.484677809423089,47.628686954402276],[-3.484627402408666,47.628382689368316],[-3.485077011678468,47.62867377344827],[-3.485277158914227,47.62867166780045],[-3.485290591166049,47.628562542749904],[-3.48545966623407,47.62863441754499],[-3.485390199245314,47.62850281113458],[-3.485560366667973,47.62858365646714],[-3.48551493228747,47.628649405075514],[-3.485748174694497,47.628699645771654]],[[-3.481615796582259,47.62877600210119],[-3.481567251435747,47.628706450418804],[-3.481676689776458,47.62872745842068],[-3.481683409596595,47.628672896105],[-3.481731954863943,47.628742447740315],[-3.481615796582259,47.62877600210119]],[[-3.484330923895544,47.628471436775456],[-3.484295645759024,47.628401147889335],[-3.484392906483468,47.628431862363],[-3.484330923895544,47.628471436775456]],[[-3.480909531572286,47.62857142952668],[-3.480847717188788,47.628502615474446],[-3.480921881100004,47.628453334249556],[-3.480909531572286,47.62857142952668]]]},"properties":{}},{"type":"Feature","geometry":{"type":"Polygon","coordinates":[[[-3.473942580890715,47.62764005778459],[-3.474061476613841,47.6272992926247],[-3.474246168029253,47.62728000144954],[-3.474308340932502,47.62713204568443],[-3.47453047711222,47.62720098758792],[-3.474442316307104,47.62702525783448],[-3.474550657868366,47.62703730174039],[-3.47454866054702,47.62691097346868],[-3.474851506981274,47.626984462240124],[-3.474451776119168,47.626663477367615],[-3.474382877118114,47.626865995192965],[-3.474245814946632,47.62683748390924],[-3.474333974794732,47.627013213827986],[-3.474232176173806,47.62705499447587],[-3.474117291916658,47.62698912551332],[-3.474150190251654,47.62714986262265],[-3.473950233234505,47.62704356252212],[-3.473780808118516,47.62718844437979],[-3.473849154357419,47.627311086987405],[-3.473707544320056,47.627355078571625],[-3.473942580890715,47.62764005778459]]]},"properties":{}},{"type":"Feature","geometry":{"type":"Polygon","coordinates":[[[-3.476753319904164,47.62768258071801],[-3.47661661344422,47.62743729890075],[-3.476764766746487,47.62744712839378],[-3.476839291128946,47.62718107637812],[-3.476731128062562,47.62706064790814],[-3.476854922087171,47.62708989375017],[-3.476848555659879,47.62692768244777],[-3.477267006240389,47.62663348441995],[-3.478209942105674,47.627466151475694],[-3.478353731076938,47.62744009593982],[-3.478243205527073,47.62741011405753],[-3.478304100230122,47.627361572101044],[-3.478602589522255,47.62739916811914],[-3.478754192006492,47.627327520662746],[-3.478741097148366,47.627219871672914],[-3.478825082463981,47.62725132849189],[-3.478787805024782,47.6270547097092],[-3.47862856485439,47.62706356196191],[-3.478625115757552,47.627145036399966],[-3.478493682289347,47.62705299716833],[-3.478203571515848,47.62730394027863],[-3.478109942808572,47.62708335952772],[-3.478198821076409,47.62682553973129],[-3.478056124798285,47.62686056584229],[-3.47771544234486,47.62625633525692],[-3.477641278525886,47.626305614501696],[-3.47773071699562,47.62638192594079],[-3.477762003156066,47.626858851458834],[-3.477607305075761,47.62679519865654],[-3.477410971349713,47.6264990433135],[-3.477134485421307,47.62653247286829],[-3.476994328619591,47.62636866577428],[-3.477051414519845,47.626618372309636],[-3.476931073132882,47.62650765225753],[-3.476823823008537,47.626504581326955],[-3.476885450903258,47.62668178429458],[-3.476699850994162,47.62658372216356],[-3.476844192014999,47.6268917993734],[-3.47664532147476,47.62679447464165],[-3.476641689884636,47.62698433573033],[-3.476469179539601,47.626993922491714],[-3.476582975839146,47.62705081837049],[-3.476462274752595,47.62715687124255],[-3.476572439527198,47.627403628168786],[-3.476391021060372,47.62744983533225],[-3.476323759635703,47.627336164992315],[-3.476307036866876,47.62741837676639],[-3.476184333190413,47.627398101121194],[-3.476070717219979,47.627232818187075],[-3.475998732078709,47.627300037912285],[-3.476101439995491,47.62737561317928],[-3.475848397823194,47.627272265894526],[-3.47581840421472,47.62735521496331],[-3.475720059655895,47.62731552255602],[-3.475781866054297,47.62738433936371],[-3.475682430744483,47.62733567614878],[-3.475582813980919,47.62739539952133],[-3.475467200376388,47.62710378775845],[-3.475130177927717,47.626968979665925],[-3.475072010030706,47.62671030145071],[-3.474884049151584,47.62670268157393],[-3.474886771745544,47.62705475402934],[-3.475050192242886,47.62719017670043],[-3.475058191957858,47.627036198820626],[-3.475149809219381,47.627130453775806],[-3.475253788560439,47.627106613895045],[-3.475657708968337,47.62757186572217],[-3.475741874333801,47.627494938090436],[-3.475840219239395,47.6275346304757],[-3.475942198422393,47.62738446176824],[-3.476218328820702,47.62756780838582],[-3.476305765868563,47.6275177926627],[-3.476461375499067,47.62769880459192],[-3.476753319904164,47.62768258071801]],[[-3.477934335973507,47.626957649488816],[-3.477984319416832,47.62681940010079],[-3.478022861522938,47.62691660322304],[-3.477934335973507,47.626957649488816]]]},"properties":{}},{"type":"Feature","geometry":{"type":"Polygon","coordinates":[[[-3.473767352682943,47.6272975681829],[-3.473219661057153,47.6268583591542],[-3.473279469389134,47.62680084900055],[-3.473132782023354,47.626583212475914],[-3.473013352252378,47.62658984590531],[-3.472975348976431,47.62682677204167],[-3.472476387766303,47.62634872803545],[-3.472370604673384,47.62613785036852],[-3.472182457660331,47.626238612874964],[-3.471930518534669,47.62614422785803],[-3.472015064770364,47.62585052936576],[-3.471854737018703,47.62585040157063],[-3.471803648563134,47.62597967758428],[-3.471889807958838,47.626029081049346],[-3.471740380022668,47.626118661284046],[-3.471549721148195,47.625758963339855],[-3.471253235469421,47.62584767767246],[-3.471114569840392,47.6254760607633],[-3.471028412054749,47.62542665671233],[-3.470887894572397,47.625479615750315],[-3.470942771167132,47.62571138372525],[-3.470759173849443,47.62573964052356],[-3.470887129920033,47.62591316278096],[-3.471089637961908,47.62582063634975],[-3.471380103430549,47.626012228555226],[-3.471516261842362,47.625923385648385],[-3.471671850583793,47.62610440410648],[-3.471626401207827,47.626170147395705],[-3.471749100330218,47.62619042784174],[-3.471780900993448,47.626342194865614],[-3.47189360083798,47.62639012451367],[-3.471939239102022,47.626215994400575],[-3.471973409444158,47.62627731627982],[-3.472280797604582,47.62627830828273],[-3.472317148655813,47.626357571687045],[-3.472362597340635,47.626291828135386],[-3.472684498314435,47.626851957287904],[-3.472813928058478,47.62681767475809],[-3.47310549542581,47.62701823338025],[-3.473197482164159,47.62689571649102],[-3.473313269161588,47.6270789438502],[-3.473661191537396,47.62730346514517],[-3.473767352682943,47.6272975681829]],[[-3.471002389737329,47.62576226146073],[-3.470941872325431,47.62559402613555],[-3.471103098499069,47.625711512772185],[-3.471002389737329,47.62576226146073]]]},"properties":{}},{"type":"Feature","geometry":{"type":"Polygon","coordinates":[[[-3.470407428058603,47.625813358176615],[-3.470504868016127,47.62573569750297],[-3.470628655556562,47.62576494996364],[-3.4706686565748,47.6256543528893],[-3.47077135377885,47.62572993290691],[-3.470676477107175,47.62560876195328],[-3.470723208525508,47.62544360307828],[-3.470555959383499,47.62560642204118],[-3.470362554062113,47.62555394071664],[-3.470129213641309,47.6249527644666],[-3.470013249249673,47.624877920555654],[-3.469952349841018,47.624926458251664],[-3.469848758918206,47.62473351983264],[-3.469785680162323,47.62476411575775],[-3.469736064407081,47.624685588170735],[-3.469661895404653,47.62473486238865],[-3.469541887662289,47.625066652674334],[-3.469567531143109,47.62494782173781],[-3.469477912723962,47.62497989079045],[-3.46953009549458,47.62485958657398],[-3.469389966420294,47.624695770215],[-3.469310154719258,47.62480857677541],[-3.469022776932738,47.62475227867053],[-3.468965535522608,47.62461095479084],[-3.4690573327395,47.6245968278293],[-3.469058617167247,47.62449741186276],[-3.468919189707659,47.62455933940978],[-3.468741433822795,47.62441567367952],[-3.468692322570083,47.624671276952164],[-3.46859725669003,47.624658491058575],[-3.46852129966743,47.62447304920919],[-3.468540910050231,47.6246345246367],[-3.46840950015092,47.624542473939805],[-3.468322953643963,47.6247098414987],[-3.468324239442089,47.62461042554603],[-3.46825224808295,47.62467764058765],[-3.468170648537163,47.62455573103148],[-3.467993589982842,47.62463780866034],[-3.467915259172977,47.62454281150983],[-3.467754935358923,47.62454267808708],[-3.467824748471406,47.62445752161921],[-3.467615704070966,47.62449621726029],[-3.467601740892465,47.624271209170765],[-3.467499050982342,47.62419562630966],[-3.467260200694408,47.62420888154185],[-3.467079874241268,47.62426404518956],[-3.467140576740518,47.62432389580571],[-3.46698134278646,47.62433273219215],[-3.466998278005028,47.62414213478843],[-3.466839044569585,47.62415097098171],[-3.466916682141471,47.62402022432265],[-3.466731109799606,47.62392214621798],[-3.466600594040814,47.62394745118062],[-3.466626443339177,47.62372023396386],[-3.466456320098444,47.623639360848216],[-3.466488993214866,47.62390848724453],[-3.466398285596436,47.62393158307239],[-3.466390261368088,47.62408556060417],[-3.466264301895372,47.624038361865324],[-3.466163390941245,47.62419749326169],[-3.466340938771912,47.624449549754075],[-3.46648363629036,47.62441453791203],[-3.466409664912866,47.62435542324953],[-3.466491460215268,47.624368947227204],[-3.466497305960273,47.62419702795562],[-3.466727043934759,47.62432878094355],[-3.466780520929209,47.62410906195456],[-3.466909350110962,47.62439994641565],[-3.466784279116168,47.624470105940716],[-3.466969853460577,47.62456818393329],[-3.467025309112442,47.62447479342662],[-3.467189989675706,47.62451081133046],[-3.467131664149804,47.62436051566406],[-3.46726891466692,47.62428064850443],[-3.467513211717854,47.624312247594],[-3.467396855895012,47.62445417471546],[-3.46757044896283,47.62445357220712],[-3.467514598272166,47.62476373659381],[-3.467734932268737,47.62459797615942],[-3.467804350647768,47.6247295933309],[-3.46796685377227,47.624747668408816],[-3.468088261995673,47.62486736865598],[-3.468200062610394,47.624797944244456],[-3.468300379391757,47.6249639715475],[-3.468428717917367,47.62492072298607],[-3.46839128417018,47.62483248745603],[-3.468595579772712,47.624974680612105],[-3.468586863903341,47.62490291377415],[-3.46883898657833,47.624888919267114],[-3.46877828153238,47.62482906955106],[-3.468967519545515,47.624737283307255],[-3.469033477550473,47.62495037398298],[-3.469255792312537,47.62491093919953],[-3.46934848529349,47.62501416965609],[-3.469405026867356,47.62492974888875],[-3.469615669750469,47.62523415211582],[-3.469736767086238,47.62491133262712],[-3.469872538983505,47.62503926518298],[-3.469991965675616,47.625032634959716],[-3.469932155783028,47.625090143482296],[-3.47028748703024,47.625485857709094],[-3.470287102267401,47.62570263123385],[-3.470407428058603,47.625813358176615]]]},"properties":{}},{"type":"Feature","geometry":{"type":"Polygon","coordinates":[[[-3.438800895042462,47.62526994528731],[-3.438804404799756,47.62518847195691],[-3.438921666670103,47.62516393124167],[-3.43887318044203,47.62509436169667],[-3.438991526586063,47.625078792040775],[-3.438920009802453,47.62492921551552],[-3.439009390601989,47.62500555664898],[-3.439122569503238,47.62483674446836],[-3.439439964986637,47.62481017631773],[-3.439675825525517,47.624661677855414],[-3.439430458791921,47.62462104942135],[-3.439439135417035,47.62469281844053],[-3.439327552864657,47.62465382856895],[-3.43932729762595,47.624762215321404],[-3.439220053183791,47.62475910986047],[-3.439276642129548,47.62467470367294],[-3.439167228799203,47.62465365590567],[-3.438948146389026,47.62471994681693],[-3.439314793433841,47.62443778825987],[-3.43926413826579,47.62435027659137],[-3.439647304715931,47.624094297123015],[-3.439620189769335,47.623870018906445],[-3.439498592768845,47.62385867581775],[-3.439544334533545,47.623684558150096],[-3.439307648680692,47.62371569848439],[-3.439230454799122,47.62362965319122],[-3.439519134520166,47.62358660894497],[-3.439545928690952,47.6234767556499],[-3.43937450758234,47.623495258773865],[-3.43947224338533,47.623309237074466],[-3.439115047939551,47.623338004912945],[-3.439218206914582,47.62319683909699],[-3.439057887225156,47.6231966662835],[-3.438981778967279,47.62311959194101],[-3.438991539219028,47.623200332187174],[-3.43883230396714,47.623209130202234],[-3.438804424017158,47.62331001220928],[-3.438680659617965,47.62328072598664],[-3.438477848098634,47.623481583163404],[-3.438485438861672,47.623544381154076],[-3.438646844016611,47.62355352589314],[-3.438581323203056,47.62367454951447],[-3.438675039145751,47.62378677551064],[-3.438766842954515,47.62377267235051],[-3.438770668019491,47.6240253304915],[-3.438608176990619,47.62400721478773],[-3.438552101315393,47.62387484709804],[-3.438402109252081,47.62418115834628],[-3.438307308814092,47.624059961013316],[-3.43821550438987,47.62407406381014],[-3.438289701494337,47.62402480954809],[-3.438185711659932,47.6240486165589],[-3.438266672356387,47.623944802372584],[-3.438000192017673,47.623950492813734],[-3.437901623732014,47.62401915529121],[-3.438008092868488,47.62434742230008],[-3.438135112433859,47.62440362264148],[-3.438063909888178,47.62458817697819],[-3.438218039420245,47.624868655710934],[-3.438163359732639,47.62507939038499],[-3.438286043623914,47.62509970599269],[-3.438178798564321,47.62509659957624],[-3.438114359163304,47.62522659397603],[-3.438201570540573,47.62528499344253],[-3.438391947144062,47.62520222790153],[-3.438647332500073,47.62521521197222],[-3.438778120957513,47.62508155153639],[-3.438800895042462,47.62526994528731]],[[-3.4387729549461,47.624928309142135],[-3.438662456841128,47.62489828977234],[-3.438663797881641,47.62479887416284],[-3.438869354815265,47.62484170369794],[-3.4387729549461,47.624928309142135]],[[-3.438781709836678,47.62356413671811],[-3.438669045697186,47.6235161750561],[-3.438839382662948,47.62348870182943],[-3.438781709836678,47.62356413671811]],[[-3.438877022767778,47.62346856006791],[-3.438843976697857,47.6234161995619],[-3.438986689479455,47.62338122129723],[-3.438877022767778,47.62346856006791]]]},"properties":{}},{"type":"Feature","geometry":{"type":"Polygon","coordinates":[[[-3.430700180363051,47.621021103650094],[-3.430763549696489,47.62088214183511],[-3.43088297193147,47.620875551586764],[-3.430829622913261,47.620986867544616],[-3.430971251370334,47.620942927806084],[-3.430986958841276,47.62085175103913],[-3.431263444199282,47.62081843062797],[-3.43074513799581,47.620729630998284],[-3.431134546043221,47.62063589330783],[-3.43128592145407,47.62067269418612],[-3.431449754217125,47.6205914043665],[-3.431486583045147,47.62045390676791],[-3.431275633325765,47.620366208029715],[-3.431472502033308,47.62033728089671],[-3.431517183800812,47.62015419483679],[-3.431394513850625,47.62013387206775],[-3.431717029976524,47.61981804873771],[-3.431576759228604,47.619762573621074],[-3.431639041620669,47.61961464001786],[-3.431330880958665,47.61949618280856],[-3.431437302472047,47.61938193726813],[-3.431415640002981,47.61920251273955],[-3.431178701467446,47.618899504298945],[-3.431053868424075,47.61886123869768],[-3.431159745680792,47.618963767491984],[-3.431035995551145,47.618934473103444],[-3.431018122629181,47.619007707503684],[-3.430883542216849,47.618888700635104],[-3.430591632010003,47.61890480993334],[-3.430495775715471,47.618774634695825],[-3.430403978316672,47.61878873139094],[-3.430473297102896,47.61892037112745],[-3.430268852625011,47.61888649792521],[-3.4302122555736,47.618970899998814],[-3.430238519252404,47.61907782268182],[-3.430372289152133,47.61907947200305],[-3.430274802976847,47.61915709945234],[-3.430275338725169,47.61938284475884],[-3.430206829015209,47.61936856320595],[-3.430438349290928,47.619626717375766],[-3.430279659060628,47.61986124899699],[-3.430367662654879,47.62003701270263],[-3.430176482896315,47.62000240715895],[-3.430145065632229,47.62018476054791],[-3.430044328375623,47.62023547405904],[-3.430090358875566,47.62039549194859],[-3.430200842840046,47.62042551949721],[-3.430231986372239,47.6203515530932],[-3.430319181162815,47.62040995859116],[-3.430240649937657,47.62042332295261],[-3.430317824693343,47.620509374328456],[-3.430175113909882,47.62054434205213],[-3.430434533640493,47.62070161599733],[-3.430248492573857,47.62082025368106],[-3.430135841891741,47.62077228372051],[-3.430021834383418,47.620823729367935],[-3.430355455145572,47.620931754331295],[-3.430484897700211,47.62089751860633],[-3.430700180363051,47.621021103650094]]]},"properties":{}},{"type":"Feature","geometry":{"type":"Polygon","coordinates":[[[-3.46491566457877,47.622199415403],[-3.464868136967551,47.622110873009504],[-3.464696932749197,47.62202102636144],[-3.464798729232802,47.621979253915896],[-3.46502192051415,47.62205718498799],[-3.464931621891236,47.62186350578819],[-3.465100851225205,47.62182702333686],[-3.465011438441356,47.621750702049155],[-3.465113234163409,47.62170892932371],[-3.465074922272733,47.62150333470423],[-3.464458227984701,47.621374983154936],[-3.464507152376721,47.621227768228906],[-3.464324655764328,47.621264985887805],[-3.46432941945818,47.621084095538365],[-3.46397266268359,47.62089616541349],[-3.463902642756695,47.62108970674004],[-3.463570453718287,47.62077397451726],[-3.463451918049521,47.620897956126264],[-3.463313788525477,47.62086046100589],[-3.463272012059929,47.62073633995825],[-3.463395784044615,47.62076560015936],[-3.463493224988459,47.6206879451339],[-3.463319381649156,47.62024602251512],[-3.463154510009761,47.62031838612211],[-3.463108848134623,47.620492513329474],[-3.462592876917954,47.620313409840996],[-3.462527414367844,47.62043444709133],[-3.462302936605995,47.62045592729077],[-3.462188081269298,47.62039004637247],[-3.462121529401303,47.62050211245568],[-3.461966868392069,47.62043843873214],[-3.461997549532888,47.620581237930516],[-3.461368271921545,47.62067935078855],[-3.461074850875522,47.62090333935064],[-3.460917802344527,47.62093010937272],[-3.460909551356046,47.621192473759386],[-3.460657444060756,47.62120645117664],[-3.460602616749469,47.62097467783478],[-3.460475157124538,47.621135275829715],[-3.460347033803179,47.62107012874168],[-3.460200651526261,47.62129499427527],[-3.460443205632978,47.62164279817335],[-3.46034814712207,47.6216300055458],[-3.46030377563571,47.62170471552633],[-3.460218721951684,47.621664274353485],[-3.460232866111655,47.62178089667166],[-3.45984785263881,47.621910615122275],[-3.459466529644188,47.6218504712622],[-3.459048221771399,47.621485313558104],[-3.458901176064551,47.621484432525065],[-3.458721497723026,47.62121442241289],[-3.45857989139448,47.62125839579412],[-3.458618178096115,47.621463992569346],[-3.458400653636484,47.62132251708997],[-3.458184654835533,47.62152414406411],[-3.457984097744696,47.621192071397346],[-3.45787642426665,47.62140575702115],[-3.457448124538227,47.62106824174326],[-3.457472268718939,47.62115721622843],[-3.457154903935622,47.62118383342966],[-3.457051796282293,47.62132501523025],[-3.456976752173116,47.621256923521045],[-3.456943031347497,47.62152972900095],[-3.456825785746966,47.62155428785386],[-3.456870370993077,47.62192209799037],[-3.45663936021545,47.621889741420034],[-3.456436401063914,47.62219901684953],[-3.456462718852772,47.62230593345213],[-3.456380929252533,47.62229240243703],[-3.456330452690448,47.622647416713086],[-3.456420500908149,47.62294948937199],[-3.456325661752991,47.62282830659015],[-3.456266926979569,47.622894779158045],[-3.456194056379418,47.622844628959385],[-3.4562401675098,47.623004636319436],[-3.456105299636379,47.622994045650884],[-3.456074190413051,47.62306801885001],[-3.456014589080163,47.62301713342526],[-3.455983479717684,47.62309110659932],[-3.455742900745183,47.62286962255921],[-3.455776606673759,47.623147723038954],[-3.455703736188952,47.6230975725409],[-3.455653698531755,47.62323581265375],[-3.455481418970965,47.62313698156595],[-3.455523623897643,47.623044331502214],[-3.4553004423566,47.62296638231917],[-3.455384826502503,47.62333198765971],[-3.455259324309158,47.62306800329359],[-3.455177310795966,47.62316285831512],[-3.455080299734801,47.62302373255826],[-3.455003304836,47.62282931077441],[-3.455096189855198,47.62282416576383],[-3.454989171822656,47.62271268788594],[-3.454900635538005,47.622753716781666],[-3.45484452078323,47.62262135683163],[-3.454697472016785,47.62262047050654],[-3.454436884439336,47.62245427961902],[-3.454419042441639,47.62252751746503],[-3.454189342597681,47.62239574014758],[-3.454013356697905,47.6224867676737],[-3.453870881856308,47.622413377407455],[-3.453835196286311,47.622559852924105],[-3.453500657407377,47.62233453720896],[-3.453237220300454,47.62247556234943],[-3.453262444958745,47.622573508649204],[-3.453071468607183,47.62243055372502],[-3.452717318628385,47.622594663109],[-3.452716003814586,47.622694078990925],[-3.452636388082362,47.62269848738231],[-3.452773603144134,47.62316954260743],[-3.45242167731306,47.62280068768482],[-3.452090173562274,47.6227106679],[-3.451860875957748,47.62291301769896],[-3.451799105575168,47.6228441880786],[-3.451698383874636,47.622894920196266],[-3.45163878690608,47.62284403253409],[-3.451609614465191,47.62304433346728],[-3.451343140047415,47.623050054353456],[-3.451313110735792,47.62313299730591],[-3.451200436249049,47.62308504772181],[-3.451180416557401,47.623140342999235],[-3.45113408921626,47.623088720523405],[-3.450912855138078,47.62313709187819],[-3.450845189709591,47.62324018034926],[-3.451073567040174,47.62347138001006],[-3.45088259333816,47.623328421572786],[-3.450833397577771,47.623584017472574],[-3.450598269890905,47.623407378028524],[-3.450640018978774,47.62353150343773],[-3.450248451322258,47.623607363958094],[-3.450097054522,47.62357058771401],[-3.449999588830968,47.62364823144676],[-3.449574814104885,47.62322921393818],[-3.449468658382437,47.62323508892469],[-3.449288228003845,47.623841130356226],[-3.449227781203332,47.62367288362069],[-3.449187737251063,47.62378347346088],[-3.449095085396057,47.62368022694282],[-3.449107974922222,47.623345361055684],[-3.448646423363724,47.62306384308286],[-3.448602979904942,47.622705001075836],[-3.448406111752801,47.622733957049086],[-3.448494179760329,47.62290970683222],[-3.448307322100615,47.62291101522518],[-3.448330128888294,47.623099407326926],[-3.448175714072202,47.6229273285586],[-3.448052793895892,47.62301541018437],[-3.447945790188544,47.62290392586414],[-3.447861592011683,47.6229808336442],[-3.447813096116323,47.622911267732675],[-3.447836749164094,47.62321701784393],[-3.447758218196916,47.623230393964754],[-3.44760669194702,47.622751095959714],[-3.447309097333938,47.62283077858701],[-3.447065537586131,47.622473976562745],[-3.446863606538696,47.622792206327205],[-3.446959509957295,47.62292236785919],[-3.446756125469245,47.62289749465501],[-3.446798951007239,47.623030592536466],[-3.446630791110175,47.623076019513434],[-3.446641648681378,47.62316573018917],[-3.446352976980404,47.62320879204873],[-3.44630677385028,47.62260626224299],[-3.446213647116161,47.622719787145],[-3.445982881064344,47.6225790226277],[-3.445772258306653,47.62282548188902],[-3.445937763262574,47.6229788877288],[-3.445849821227236,47.62324565454037],[-3.445700599686615,47.623226814739525],[-3.445578887434407,47.622772959454245],[-3.445415069493732,47.622854269001635],[-3.445537508409024,47.62298296388038],[-3.445400828469997,47.62328855033414],[-3.445426881845273,47.62350385619815],[-3.445529781810285,47.623471071657505],[-3.445570433575152,47.62358622779879],[-3.445458606073207,47.62365563058977],[-3.445493344503184,47.62394270499717],[-3.445593831565443,47.62400036506631],[-3.445534839507385,47.62417521899513],[-3.445489602312483,47.624132565381146],[-3.445317938085456,47.624259464015495],[-3.445203095529482,47.62419356652392],[-3.445008391055694,47.624240458899415],[-3.444939383487167,47.62444295959554],[-3.444722480037663,47.624527203498545],[-3.444607637640757,47.624461305430536],[-3.444647202718,47.62456749075481],[-3.444545385533347,47.6246092455796],[-3.444399661814449,47.62450893059861],[-3.444401587698795,47.62463525953285],[-3.443990221104293,47.62465800633165],[-3.443470771202705,47.62456029226761],[-3.443528438478982,47.62448485510231],[-3.44340008083438,47.624528076311286],[-3.443312521219777,47.62413554925982],[-3.443418679410042,47.6241296798713],[-3.443427855138944,47.62398467502113],[-3.443347398566654,47.6238717191793],[-3.443240251720284,47.62431113568417],[-3.44311155173167,47.62402022511598],[-3.4430936936732,47.624093461172194],[-3.442968839944703,47.624055208409224],[-3.442915264999829,47.62427491649196],[-3.443108391131764,47.624435830074944],[-3.443060737633366,47.62448362011304],[-3.442945897381583,47.62441772040969],[-3.442933960607021,47.6243190383518],[-3.442831057413334,47.6243518205912],[-3.442934797853938,47.62443639622662],[-3.442836235018325,47.62450506285121],[-3.442879052072507,47.62463816205983],[-3.442790751494488,47.624570794969905],[-3.442875548570218,47.6247196355356],[-3.442828979760812,47.62477639656705],[-3.442643449054686,47.62467828023401],[-3.442735005028267,47.62477256072042],[-3.442580942617479,47.624934606069495],[-3.442628099872203,47.625103589725384],[-3.442515180260002,47.62516401854862],[-3.442491397848495,47.62540917244102],[-3.442650639059769,47.62540036944729],[-3.442400677301587,47.62543224961306],[-3.441998569302307,47.625752502665264],[-3.442213062513741,47.6257587083831],[-3.442093966922414,47.62609944136742],[-3.441878137271492,47.6261926510121],[-3.441685843020095,47.62614909332074],[-3.441683422585496,47.62623953779659],[-3.441567495289108,47.626164665697985],[-3.441582684865521,47.62629026110175],[-3.441446475708458,47.62637906909158],[-3.44121870973325,47.62637359539756],[-3.441261524253049,47.62650669507112],[-3.441163206962543,47.62646697355521],[-3.441130990108028,47.626531971538],[-3.441029418217839,47.62646533660025],[-3.440992609823034,47.62660283678223],[-3.440779198205127,47.62660559993184],[-3.440566365908734,47.626834107084605],[-3.44019587696978,47.62686361153013],[-3.440533063297629,47.6268901337836],[-3.440565860440194,47.6270508803456],[-3.440663093527641,47.6270816312476],[-3.440660671317856,47.627172075658834],[-3.440544490651881,47.627205589199896],[-3.440855718729617,47.62745932153864],[-3.440736610679766,47.62780005284049],[-3.440642630774433,47.62779621531636],[-3.440277052469524,47.62808734865747],[-3.439764660169551,47.628269189135544],[-3.438655329957742,47.62837563348615],[-3.437717691604252,47.628355180360394],[-3.436813621781074,47.62817030756997],[-3.436104546144274,47.627830164079526],[-3.435734835472064,47.62753449462446],[-3.435452045950032,47.626963094433734],[-3.435520534760128,47.6265348551808],[-3.436159947127616,47.62640923558928],[-3.436282072089203,47.62620380882636],[-3.437481826749671,47.626182700291636],[-3.436103052741971,47.6261595090756],[-3.436076475328186,47.625718456909],[-3.436353243997725,47.625576737838195],[-3.436215382970557,47.6254308240584],[-3.436288499742178,47.62537259994803],[-3.43607969075115,47.625302852416155],[-3.436017152065153,47.62555917465575],[-3.435757429790673,47.62551030020652],[-3.435770437546547,47.625617954093975],[-3.435339022644897,47.625695962970816],[-3.435350945687098,47.62579464573455],[-3.435291361066226,47.62574374980783],[-3.435179515681314,47.625813142679554],[-3.434056405216892,47.625694531704895],[-3.433691872135907,47.62555209802395],[-3.433537764412191,47.62527161341759],[-3.433355499764469,47.62520039589582],[-3.433408847726442,47.62508907902523],[-3.433268293827148,47.62514199280851],[-3.433036735946196,47.624883844980104],[-3.433057043055649,47.62472016612889],[-3.433128810956098,47.6247613595271],[-3.433162120010055,47.624705334878],[-3.433036188465209,47.6246581003241],[-3.432985811494917,47.62446219919388],[-3.433292639880681,47.62423754909633],[-3.433208686151378,47.624206059495194],[-3.433290740299645,47.624111219954344],[-3.433198934462174,47.62412531880774],[-3.433148557397427,47.62392941769402],[-3.432992837547587,47.62385673452839],[-3.433068390601972,47.62370806797789],[-3.432815995698282,47.62383037206831],[-3.433016115504691,47.62338583757231],[-3.432830607668274,47.62328770558268],[-3.432904808647969,47.623238454721616],[-3.432756675124627,47.62322856957822],[-3.433000131519114,47.62314288285154],[-3.432805688633428,47.62308136808394],[-3.432725255898785,47.62296840487361],[-3.432514025145113,47.62298909532194],[-3.432480447349529,47.62315350666239],[-3.432629395187074,47.62328075017395],[-3.43261585661884,47.62338986944119],[-3.43233367255613,47.623486723822445],[-3.43214464582602,47.62347006395948],[-3.432148165623634,47.623388590754],[-3.432076130370678,47.62345578353314],[-3.431770925781473,47.6234726281317],[-3.431775799979683,47.623291739330504],[-3.431511759748411,47.623206970563224],[-3.431583253467187,47.62335655175633],[-3.431514738307707,47.62334227099982],[-3.431494426993563,47.6235059496988],[-3.4311935546146,47.623558677613055],[-3.431092000786661,47.62349203393239],[-3.431076292718255,47.62358321058985],[-3.430640555081476,47.62362531735551],[-3.430377598036389,47.623549517252926],[-3.43033534907009,47.6236421582013],[-3.430263584829903,47.62360096306297],[-3.430024453862009,47.62372252894174],[-3.429709500774216,47.62365862717865],[-3.429392896017156,47.62424504520713],[-3.429464385188998,47.62439462761734],[-3.42930486921887,47.62451179938173],[-3.428981780129313,47.62460187060777],[-3.428450170913996,47.624513793004475],[-3.428308808518023,47.62444934286645],[-3.428443423826656,47.6241258341403],[-3.428399005618422,47.624200531897856],[-3.428253035639061,47.62420858351118],[-3.428185880812952,47.62409488528305],[-3.428387650678567,47.62388507480926],[-3.428341344734029,47.623833443314595],[-3.428117921604853,47.62386382900324],[-3.428194293077148,47.6238325236219],[-3.428057541502588,47.62369557131941],[-3.428129582137144,47.62362838102714],[-3.427860937074933,47.62361610586194],[-3.427852801738779,47.62377008075278],[-3.427684623394785,47.62381548043312],[-3.427638318190573,47.62376384865789],[-3.427758829855539,47.62376623285475],[-3.427752334274863,47.62371240541486],[-3.427546511457892,47.62377794307087],[-3.427391882212638,47.62371422367441],[-3.427351269565218,47.62359906121664],[-3.427193113706915,47.62361681460579],[-3.426498230746017,47.62339323821643],[-3.42651747495755,47.623220589123335],[-3.42640698728032,47.62319055813335],[-3.426392916643833,47.62307393181386],[-3.42630435778791,47.62311493902208],[-3.426259226302698,47.622187240714375],[-3.426024986127123,47.62212790981393],[-3.426198053536941,47.62190162378682],[-3.426134953119858,47.62193219617792],[-3.426125212544481,47.621851454805864],[-3.426053171785132,47.621918643923166],[-3.425213948614857,47.62193782468662],[-3.425043893813278,47.621856891188195],[-3.42435941230666,47.62105475063963],[-3.424343182773109,47.6209201813765],[-3.424462605885354,47.62091359769326],[-3.424410896432419,47.62081710814217],[-3.424339936876217,47.62089326752248],[-3.42429147352964,47.62082369177284],[-3.424162027182676,47.620857920634705],[-3.423890437869566,47.62071033552257],[-3.423814641768705,47.620524864253184],[-3.423805413362548,47.62066986781572],[-3.423748296037579,47.62052852150269],[-3.423603417231194,47.62054553861213],[-3.423620506110554,47.620354947155974],[-3.423472669714744,47.62023666326114],[-3.423527115135782,47.62013432191728],[-3.423418511601356,47.62023061761248],[-3.423355192714404,47.619927056313905],[-3.423224954089689,47.619843925871606],[-3.423138273560989,47.620011260326],[-3.423069764954119,47.61999697459107],[-3.422918181006731,47.619626030784524],[-3.422702055085481,47.619827592291706],[-3.422554511451978,47.61960092020766],[-3.422590784121549,47.619680199343826],[-3.422441291264275,47.619769716784155],[-3.422328649814377,47.6197217392676],[-3.42227499427793,47.61994143836421],[-3.422263096713145,47.6198427539703],[-3.422174540045072,47.61988375811512],[-3.422162642678826,47.61978507370806],[-3.422090599720958,47.61985226045233],[-3.422066515099285,47.61976327860215],[-3.42194384964575,47.61974294590271],[-3.421935116783054,47.620113694634426],[-3.421818148964099,47.62002983139022],[-3.421736080709123,47.62012466306907],[-3.421672189396205,47.62003787479629],[-3.421671898335449,47.62014626176445],[-3.421584713436216,47.62008784980295],[-3.421509424919023,47.62012812223706],[-3.421536753217747,47.62024401812681],[-3.421381059928031,47.62017131934311],[-3.421206312266015,47.62060540100573],[-3.421136721993026,47.62058214282605],[-3.42118813325426,47.62078702076967],[-3.421114217070861,47.6207278773202],[-3.421194329825818,47.62094923557762],[-3.421204646808676,47.62081320355644],[-3.42139985791683,47.62099209594095],[-3.421224902196131,47.621092045430565],[-3.421055937551917,47.621020077403585],[-3.42095951568814,47.62110666831351],[-3.421029895611171,47.621247284812135],[-3.4209402542643,47.621279316677885],[-3.421231218080236,47.622030910997026],[-3.421298647327884,47.62203622648789],[-3.421257259546419,47.62180370363498],[-3.421348481090291,47.62200638788508],[-3.421458173472507,47.62191906550936],[-3.421495527598521,47.62200731619768],[-3.421098727249173,47.622372354373766],[-3.420969567599659,47.622298192829035],[-3.420890738597673,47.62241993773037],[-3.420756172160606,47.622300919400814],[-3.420611489279523,47.62265206459209],[-3.420537571152642,47.62259292083431],[-3.420524008042965,47.62270203873721],[-3.420403499103971,47.62269964707418],[-3.420486361555075,47.62272217459152],[-3.420450290625103,47.62297702667913],[-3.42060216018992,47.62323958626322],[-3.420556357025498,47.62341369654734],[-3.420488138225685,47.62329102253867],[-3.42040281853268,47.6233589391948],[-3.420403112187601,47.62325055240861],[-3.420338925516434,47.62327215033676],[-3.420409507088633,47.6237468986744],[-3.420200431139169,47.6237855094603],[-3.420080508393326,47.623566343935195],[-3.419950758121367,47.623708954847125],[-3.42005259282114,47.62366722144474],[-3.41995508326241,47.6237448400964],[-3.420011112686816,47.62387721671981],[-3.420127298995873,47.623843723546],[-3.420039815353228,47.62389369729785],[-3.420077955509095,47.624099306404354],[-3.419995091092721,47.62407677861322],[-3.419855018297907,47.624355421057636],[-3.419297865080553,47.624720253282916],[-3.419215000029504,47.62469772494554],[-3.419223649488431,47.62476949546126],[-3.419139703223009,47.62473799575664],[-3.419032163561376,47.62484325845981],[-3.418973676704703,47.62480132550101],[-3.418983110455047,47.62499045403845],[-3.418759677158158,47.625020821807496],[-3.418752596469155,47.62518376726888],[-3.418646730706973,47.625081227555285],[-3.418600919584551,47.62525533690763],[-3.418514810774791,47.625205894125784],[-3.418481486036596,47.62526191458239],[-3.4184563239272,47.625163960915756],[-3.418253727192518,47.62525639610405],[-3.418243401831154,47.625392427553884],[-3.417987423457065,47.625596172188565],[-3.417971692386792,47.625687346983646],[-3.418124154064117,47.625733136146515],[-3.418064287521537,47.625790618076216],[-3.41818018103504,47.625865513512814],[-3.418199341501418,47.6261353838698],[-3.417703888955278,47.62656905541207],[-3.417958194801933,47.62657311338983],[-3.417890646056187,47.62701031364223],[-3.418043111442593,47.62705610287969],[-3.417946375124458,47.627251077596426],[-3.418049000728443,47.627326703890496],[-3.417950400548311,47.62739534940935],[-3.418154869795783,47.62742924402732],[-3.418181113484272,47.62753616895581],[-3.418630947680448,47.62761073574818],[-3.418715088001915,47.627976366668825],[-3.418592107593909,47.628064417054325],[-3.41866278766955,47.62809664796483],[-3.41843225910962,47.628289960253845],[-3.418430582613162,47.62849776194359],[-3.418243704668545,47.62849902223523],[-3.41818678022756,47.6286918045463],[-3.418042958557028,47.62871778599219],[-3.418144506033814,47.62878444083859],[-3.418057012437328,47.62883441297815],[-3.418085120382166,47.62906766692395],[-3.417714304382947,47.629205486480224],[-3.417804145118297,47.62950758785576],[-3.417623749688934,47.62956267498698],[-3.417652753949403,47.62947076967133],[-3.417568801217391,47.62943926891396],[-3.41751079234171,47.62962307949498],[-3.417334720082349,47.62971405140587],[-3.417242300179207,47.62994491050386],[-3.417414830650627,47.62993541123205],[-3.417448940725646,47.62999674892993],[-3.417264400196434,47.630350080756784],[-3.416826434640238,47.630374193226075],[-3.416800671141968,47.630493012224605],[-3.417096972649054,47.63051282272293],[-3.416937411247705,47.630629977226086],[-3.416921376134806,47.63082953800346],[-3.41621183370109,47.63148269398247],[-3.416108900290208,47.63151545255618],[-3.416034974877981,47.631456306218894],[-3.415693923193657,47.63161957199294],[-3.415747788834091,47.6317340074948],[-3.415954737589854,47.63167746221251],[-3.415925729206498,47.63176936700182],[-3.416032986374113,47.63177249383984],[-3.416027279844965,47.631836023583816],[-3.416144566787114,47.631811505820565],[-3.416152132458535,47.631874304990625],[-3.416356617722011,47.6319082026781],[-3.416357094732548,47.63213394656354],[-3.416290432005773,47.63224598583413],[-3.416205394885355,47.63220551283502],[-3.416215122344276,47.63228625460314],[-3.416110025758931,47.63230107054978],[-3.41615062077292,47.632416236398655],[-3.416315593478943,47.632343939609655],[-3.416440145735335,47.632490606964296],[-3.416613765479719,47.63249008019247],[-3.416533529035743,47.63271123646551],[-3.416644030865177,47.63274127664797],[-3.416619346728231,47.63286906676192],[-3.416820771263924,47.633210179714716],[-3.416730026363096,47.63323323685426],[-3.416744078563468,47.63334986372626],[-3.416659039340304,47.63330939108047],[-3.416547153880066,47.633378765837946],[-3.416576640019513,47.633512604694445],[-3.41671476942997,47.633550154839554],[-3.416686842274673,47.63365103102534],[-3.41641784759535,47.63374711580008],[-3.416578198895821,47.63374731968901],[-3.416484989496466,47.633860820227135],[-3.416628701205827,47.6342773567669],[-3.416550925539231,47.63440806928091],[-3.416626237941295,47.63436780033958],[-3.41673211824184,47.63447034139318],[-3.417006220414945,47.63452749853533],[-3.417209335140092,47.63466080954005],[-3.417210115984508,47.63477816696696],[-3.417474490406994,47.63475458142245],[-3.417681931684551,47.63492377672387],[-3.417969608683685,47.63487181471023],[-3.418210084977715,47.635093375159855],[-3.41840377132324,47.63503755644785],[-3.418585752200369,47.63521718305707],[-3.418715236949756,47.635182960629024],[-3.418668336075105,47.63534809783019],[-3.418776978941612,47.63525180730245],[-3.418958177105865,47.63531407593486],[-3.419296089230994,47.63590053238005],[-3.419876761824336,47.63750313160272],[-3.420377225561233,47.63810772588626],[-3.420959302463682,47.63839174456122],[-3.422968665841978,47.63887708484707],[-3.424157539394403,47.639317301939776],[-3.426522591425188,47.64042417415668],[-3.426610616554623,47.64059993882798],[-3.426699204190742,47.640558931757916],[-3.426909143410885,47.640637666678344],[-3.426982532817718,47.64091357749713],[-3.427161874110942,47.640849505070776],[-3.427126102905859,47.64099597102362],[-3.427321967092903,47.640958080029094],[-3.427438989431382,47.64104193685501],[-3.427311382087056,47.64120249697934],[-3.427541655007566,47.6411175542689],[-3.42770960908656,47.64118054100638],[-3.427687113427486,47.64132627521673],[-3.42783124304888,47.64119189626662],[-3.427791945824683,47.64141983471686],[-3.428384956094846,47.64135101318552],[-3.42926050499916,47.641519471794055],[-3.429262927350718,47.64187154255551],[-3.429334991004431,47.64180435215095],[-3.429508365657595,47.64191219198599],[-3.429369930057599,47.641983042896186],[-3.429565796274199,47.641945148159564],[-3.429655192191496,47.64202149577896],[-3.429800127372122,47.642004471351136],[-3.429845092595139,47.642155516403044],[-3.430067233834711,47.642224542317315],[-3.430338676142362,47.64248049716457],[-3.430364951644903,47.64258741852149],[-3.430178024643162,47.642588697897104],[-3.43013251011494,47.642654424471054],[-3.430278256562633,47.64275475630915],[-3.43026579165295,47.642872845333315],[-3.430028741069147,47.64301235226441],[-3.430152272520274,47.64315003305694],[-3.430464364164066,47.64307863390863],[-3.43048332935415,47.64301437162857],[-3.430645875500185,47.643032498457394],[-3.430772393695563,47.64286296372075],[-3.430924104300802,47.64279137892906],[-3.430944963521221,47.642853444528896],[-3.43103571863778,47.64283037646267],[-3.430989393691651,47.642778746523604],[-3.43111347109848,47.642699654878456],[-3.431777198594936,47.642663039266125],[-3.432483730846551,47.642759521653645],[-3.432935612748822,47.64296036070132],[-3.432832398949103,47.6431015195256],[-3.432934260580466,47.64305977531096],[-3.432946183055271,47.64315845743362],[-3.433088952499828,47.643123486732385],[-3.433245812617177,47.64320514014454],[-3.433104942874587,47.6433664389313],[-3.433172132433471,47.64348013319778],[-3.433285101382755,47.643419713979995],[-3.433488557805511,47.643444610377564],[-3.433677388905935,47.64356965357884],[-3.433949920381502,47.643392057136566],[-3.434589008529302,47.64348321862902],[-3.435296377474057,47.643697040732256],[-3.435518269114883,47.643874441899186],[-3.435459780002511,47.64427503132004],[-3.435600478464384,47.64456562315883],[-3.435498815348613,47.64459798992307],[-3.435608268125596,47.644619040909475],[-3.435602254969911,47.64456929224634],[-3.435655683487797,47.64467964003729],[-3.43579385522613,47.64471716740459],[-3.436131414005557,47.64463531649531],[-3.436281514966906,47.64477152500032],[-3.437134628030275,47.64464314635356],[-3.437132199042897,47.64473358986907],[-3.437288244929736,47.64469788110707],[-3.437347852619566,47.644748775515765],[-3.437601420752662,47.644635434007625],[-3.437711700514931,47.64477383970113],[-3.437854987808593,47.64452209194249],[-3.437631742254474,47.644444109865226],[-3.437650699298344,47.6443798464677],[-3.437746309978715,47.644175886115136],[-3.438046465319846,47.64400578516885],[-3.439107106560337,47.6440465500348],[-3.439275083507629,47.6441095200503],[-3.439289187844981,47.64422614354769],[-3.439394301476413,47.644211306839914],[-3.439391301773873,47.64407600806512],[-3.439509689863613,47.64406043803716],[-3.439527049671892,47.644203974616886],[-3.439688517494115,47.644213117818786],[-3.439654948448373,47.64437752941663],[-3.439756807177944,47.64433577928202],[-3.439721577271713,47.64426547752268],[-3.439833201120524,47.644304466622195],[-3.439859174252799,47.64407725773489],[-3.440005196828734,47.64406919169973],[-3.439999517524404,47.6441327222068],[-3.440134689316133,47.64403494568946],[-3.440320536022932,47.64402467935641],[-3.440249568313828,47.64410084748802],[-3.44032462320276,47.64416894913954],[-3.440424563832884,47.64400087069088],[-3.440529676704885,47.64398603295999],[-3.440482582616938,47.64425956381977],[-3.440659748580835,47.64417752873286],[-3.440650234612866,47.64398840383077],[-3.440767536946127,47.643963861501135],[-3.44078924091106,47.6441432819991],[-3.440930922624868,47.64409933070924],[-3.441055569968543,47.64424597091767],[-3.441088882862518,47.644189944573085],[-3.441213782353084,47.64422819894722],[-3.441303701396095,47.64408776623516],[-3.441427515492652,47.64411704936313],[-3.441415074937806,47.64423513949188],[-3.441603343485677,47.64413442749117],[-3.4416390770579,47.64398795734733],[-3.441855564085693,47.64412049136942],[-3.441889126189563,47.64395607911741],[-3.441955249809638,47.64406079728311],[-3.442196615604378,47.64395715028202],[-3.442696215637936,47.644110162254975],[-3.442865530717629,47.644073712442356],[-3.442786719505723,47.64419547074663],[-3.442921638318137,47.64420607667803],[-3.443122093070534,47.64409565760772],[-3.443270286439207,47.64410552949802],[-3.443169764027739,47.64404786802946],[-3.443355857344411,47.64392921118869],[-3.443437676803703,47.643942751173405],[-3.443408709087413,47.644034662197456],[-3.443600230175916,47.643960859971564],[-3.443455541032708,47.64386951581648],[-3.443667343225324,47.64363203441435],[-3.443790318129616,47.64354395834288],[-3.444147646305952,47.64351517650677],[-3.444158994892673,47.64338811504635],[-3.444305014932686,47.64338004363473],[-3.44625431915383,47.64469014760649],[-3.44644125312761,47.644688842512686],[-3.446249733355703,47.644762649367365],[-3.445708605192009,47.644377141177],[-3.445621111847644,47.64442713355602],[-3.445664436757731,47.64434345905426],[-3.44558153010771,47.64432094965268],[-3.44547617513724,47.64444417758746],[-3.445451197326703,47.64423784504686],[-3.445093266328508,47.644040888525595],[-3.444968120621323,47.64411102397429],[-3.444789033989853,47.64406673794692],[-3.444723501919624,47.64418776372953],[-3.444814985905308,47.643839527930325],[-3.444438952200929,47.64382419063266],[-3.444450896121721,47.64392287154112],[-3.444334926526626,47.643848002874435],[-3.44430596040718,47.64393991412545],[-3.444001728262845,47.64396576149819],[-3.443948383526973,47.644077082118706],[-3.443868735168092,47.644081484484786],[-3.443828071462188,47.64396632897179],[-3.443696410136244,47.64398263708032],[-3.443535287632437,47.644307627430265],[-3.443393607510716,47.64435158187332],[-3.443372238992288,47.644506289858995],[-3.44307777351752,47.64461287380337],[-3.443050385955951,47.64449698441769],[-3.442810104928699,47.644609604156734],[-3.442798163888471,47.64451092311587],[-3.442476310924308,47.64450161609327],[-3.442506365996038,47.64441867632991],[-3.442270924718513,47.644350407687405],[-3.442134670607716,47.64443921564952],[-3.441985391113654,47.64442037130868],[-3.441935297924368,47.644558604017895],[-3.441881363182315,47.64444418135864],[-3.441690923343005,47.64452695176275],[-3.441485288315333,47.64448412762949],[-3.441469340842739,47.64468369033379],[-3.441343354797576,47.644636465225005],[-3.441361222133116,47.64456323021473],[-3.441140723786498,47.644728939175984],[-3.441198164618124,47.64476188958319],[-3.441002296325359,47.64479980376407],[-3.440929410159105,47.6447496446108],[-3.440818617490936,47.644828013219275],[-3.440865205937695,47.644771253578334],[-3.440713755559896,47.644734465574366],[-3.440836737879728,47.644646392662075],[-3.440764937285659,47.64460520442398],[-3.440572324786988,47.64467003095379],[-3.440697225030937,47.64470828587052],[-3.440572071980859,47.64477841658637],[-3.440462616918986,47.64475737025151],[-3.440518139939777,47.644663993310964],[-3.44032903563844,47.64464734687624],[-3.440204967362743,47.64472644822705],[-3.440339887004464,47.64473705713665],[-3.440084407807118,47.64472407689776],[-3.440078728527391,47.64478760738703],[-3.439870669438595,47.64483522398987],[-3.439919683168948,47.64468802115586],[-3.439816993184156,47.64461241475993],[-3.439616529651649,47.64472282813027],[-3.4395192650226,47.644692076637995],[-3.439673139141195,47.64463842262256],[-3.439446380397523,47.64464191655681],[-3.439388685567297,47.64471735091982],[-3.439119102572846,47.644587745113846],[-3.43906466210615,47.64469009243114],[-3.438957377629241,47.644686986761066],[-3.439231556076731,47.64474409145056],[-3.43896254608312,47.64484022758026],[-3.439088530502292,47.64488745525108],[-3.439100464766571,47.644986136651596],[-3.439013220207204,47.64492773845175],[-3.438930059312942,47.64501360995345],[-3.438790799718678,47.644967115261544],[-3.438868023758393,47.64505315989547],[-3.438699787710427,47.64509857493614],[-3.438609288844785,47.64501326331909],[-3.438677005519858,47.64491018309892],[-3.438554275933634,47.644889868110134],[-3.438528296849673,47.64511707661125],[-3.438349212186967,47.64507278073689],[-3.438250605333853,47.64514144275853],[-3.43835680587,47.6451355780345],[-3.438351124489644,47.64519910842617],[-3.438180975635593,47.6451181950301],[-3.438099982647941,47.6452220080197],[-3.437939596789675,47.64522183367323],[-3.438079941076307,47.64527730041772],[-3.438157991490182,47.64548070213831],[-3.437948016620373,47.645401987629626],[-3.437863768535427,47.64547888730673],[-3.437838561314445,47.64538093884354],[-3.43780064692224,47.64550946562732],[-3.437563863246682,47.64554060207638],[-3.437624556840067,47.64560046736911],[-3.437521609345095,47.6456332445697],[-3.437454407807961,47.64551955293196],[-3.43717862325107,47.64567024419941],[-3.437152332577814,47.64556332454668],[-3.437240920352008,47.645522309589886],[-3.437069427623665,47.64554080911979],[-3.436816417744585,47.64587989160464],[-3.436731343331259,47.64583943383496],[-3.436777112967589,47.64566531923158],[-3.43692205577252,47.645648286001574],[-3.436913379125384,47.64557651757388],[-3.436822621879421,47.64559959017248],[-3.436875983002726,47.64548827289391],[-3.436704490257255,47.64550677188853],[-3.436696898465908,47.645443974495684],[-3.436558463248575,47.64551483379267],[-3.436479073258091,47.64541084553621],[-3.436359596804825,47.64541744142302],[-3.436212223864699,47.64552491741646],[-3.436163984431697,47.64534696189532],[-3.436164807119372,47.64546431854115],[-3.435879521890555,47.645425881620504],[-3.435697481516368,47.64568879629155],[-3.435564992082265,47.645587738588354],[-3.435519218557366,47.64576185272393],[-3.435391066580333,47.645696679091834],[-3.435420049008638,47.645604770135506],[-3.435634884092389,47.64550260229525],[-3.435441441022363,47.64545006369339],[-3.435339313350881,47.64560019561646],[-3.435337408164038,47.645473867904364],[-3.435142353535763,47.64562912888963],[-3.435025309032155,47.64554527997974],[-3.43492127580256,47.64556908381905],[-3.434857332580491,47.645482303901844],[-3.435084359151989,47.64537043329409],[-3.435181622461577,47.64540118846718],[-3.4351718639138,47.64532044883002],[-3.43497382079172,47.64534041075241],[-3.434906096417124,47.64544348880321],[-3.43460021265227,47.64523459836036],[-3.434670105739125,47.64514946262871],[-3.435013090224974,47.64511247035234],[-3.434913923373,47.64495538728122],[-3.434557399721552,47.64510149753627],[-3.434583660676052,47.64476590430258],[-3.43430488506196,47.64478128999806],[-3.434334134340275,47.64458099564357],[-3.43418160490635,47.64453522808691],[-3.434000909432657,47.64469872570252],[-3.433744347933081,47.64467676051615],[-3.433977059937877,47.64450136182435],[-3.433954028429059,47.64442135464611],[-3.43379147692881,47.6444032324326],[-3.433866790425403,47.644362952586555],[-3.433735391768602,47.64427086382715],[-3.433829400191357,47.64427470687587],[-3.433831834755741,47.6441842634075],[-3.433770880410505,47.64423278174889],[-3.433680390893325,47.64414746627605],[-3.433575275799249,47.644162297844],[-3.433593153636907,47.644089064003886],[-3.433360709619681,47.64415607632319],[-3.433342831440565,47.644229310125205],[-3.433208182235227,47.644110307485704],[-3.433072997561593,47.64420807598585],[-3.433127449028191,47.644105731434806],[-3.432993616307509,47.644104085290614],[-3.432970586444653,47.64402407790199],[-3.432754668361631,47.64411726982319],[-3.432818606528541,47.64420405095267],[-3.432664726771072,47.644257695953236],[-3.432688562727176,47.64401254645455],[-3.432612165010413,47.64404385444778],[-3.432552831715714,47.64388457194566],[-3.432429023029395,47.643855279410225],[-3.432519779208238,47.64383221020329],[-3.432419268929106,47.643774539478244],[-3.432465865389882,47.64371778315547],[-3.432139414129593,47.6437809489114],[-3.432126409271467,47.64367329563143],[-3.432064370232757,47.643712841988695],[-3.43180483383222,47.64355557353337],[-3.431869581212262,47.64331719815815],[-3.431792370969539,47.64323114882153],[-3.431489220429149,47.64326593473592],[-3.43161085994895,47.64327728604904],[-3.431440997018919,47.64353049093863],[-3.4314344953183,47.6434766642537],[-3.431331548118745,47.64350943603671],[-3.431427181391826,47.643305480763225],[-3.431166021479681,47.64335601113034],[-3.431170083858551,47.64350028128292],[-3.431088268191369,47.6434867327049],[-3.431164394096287,47.64356381137897],[-3.431074721345421,47.64359585065346],[-3.431154370033902,47.64359145700757],[-3.431076888461378,47.643613792887535],[-3.431129715626702,47.64371924946646],[-3.43103787548466,47.64373334647828],[-3.431091786256656,47.64384777418405],[-3.430920296778582,47.64386626470513],[-3.430926798007999,47.64392009140776],[-3.431086096364124,47.643911304264805],[-3.431114541214545,47.64403616760351],[-3.43093871696266,47.644018773691066],[-3.430820864771089,47.644260077438275],[-3.43075720252493,47.644064909573544],[-3.430594107057018,47.64426355419378],[-3.430363825419727,47.64434850278123],[-3.430272257717335,47.644254213553594],[-3.430184750114664,47.64430419437607],[-3.430156307297006,47.64417933082844],[-3.429998091376309,47.644197087826846],[-3.430118923327706,47.64409108392205],[-3.430018415155713,47.644033411139546],[-3.429654300945927,47.644116708633554],[-3.429629109437274,47.644018758330425],[-3.429713367083333,47.643941864532586],[-3.429810624693324,47.643972624199314],[-3.429830948962247,47.64380894752549],[-3.429516685596802,47.643862402694324],[-3.429547843755432,47.64378843736835],[-3.429644017668755,47.643810226045986],[-3.429589026729325,47.64368682653957],[-3.429208389620523,47.643743941368456],[-3.429319197087506,47.6436655837254],[-3.429224106814968,47.64365276591279],[-3.42919350011238,47.643509959819234],[-3.429072391480342,47.64372434846507],[-3.429011709615446,47.64366447867199],[-3.429224658513182,47.6434359945659],[-3.429312992596308,47.64306085736464],[-3.429191078144501,47.643157889356225],[-3.429026365702737,47.64312181822823],[-3.428887926324772,47.643192668522765],[-3.42878958750352,47.643152936935216],[-3.428812080921808,47.64300720265097],[-3.42865603430786,47.64304290012431],[-3.428683414499182,47.642716279001824],[-3.428840543303147,47.642689552627935],[-3.42868721778603,47.642526420984815],[-3.428731121394725,47.64222598120024],[-3.428602986199676,47.642160800003644],[-3.428413894487747,47.64214413426371],[-3.428439082880919,47.64224208492434],[-3.428288731310189,47.64221425191554],[-3.427873416198827,47.642426799777596],[-3.427934899923844,47.64260402707816],[-3.427848197194495,47.6427713630612],[-3.427798626416374,47.64269281840202],[-3.427747940411968,47.6430478165592],[-3.427632800042818,47.64309028813228],[-3.427562060755397,47.64350057678878],[-3.427564819038731,47.64285923380008],[-3.42751035817576,47.64296157582493],[-3.427449678930734,47.64290170519687],[-3.427271657460335,47.64330887738091],[-3.427223449845797,47.643130917964605],[-3.427299849416908,47.64309961347999],[-3.427223729756266,47.64302253226956],[-3.427142718633916,47.64312633777625],[-3.427140832939255,47.643000009768556],[-3.427030303958756,47.642969979675314],[-3.427197460333368,47.642915610230524],[-3.427134615731255,47.64283779712432],[-3.427232429625398,47.64265178752934],[-3.427068802934023,47.642624684789546],[-3.427113238339718,47.642549988249414],[-3.426980772955613,47.642448920648334],[-3.426678706519021,47.64249266525597],[-3.426610449255733,47.64236999603331],[-3.426580089418431,47.6425613175202],[-3.42642079435048,47.64257009852606],[-3.426398056588282,47.6423817040492],[-3.426374192462618,47.6426268524718],[-3.426205953433195,47.64267224958045],[-3.426202423291494,47.642753721794485],[-3.426074289917997,47.642688537842645],[-3.426081868816798,47.64275133601512],[-3.425919325077783,47.64273320283437],[-3.425816941457445,47.642549198340085],[-3.425735928317135,47.642653002896914],[-3.425666307318652,47.64262974768108],[-3.425703399904736,47.64282638178757],[-3.425475848808082,47.64271249173336],[-3.42533740577819,47.642783337836086],[-3.425464790688151,47.6422886516478],[-3.425365089830297,47.64234833171892],[-3.425244820234482,47.642237559340614],[-3.425374601408645,47.64209494391369],[-3.425431746124159,47.64223628785714],[-3.425510310653355,47.642222926879775],[-3.425437726102465,47.64206437225183],[-3.425562093355448,47.64187690071741],[-3.425451619024584,47.64140435484464],[-3.425035041845,47.64083127859996],[-3.424892557888995,47.640757853684576],[-3.425046949214875,47.640929961642435],[-3.424944003005897,47.64096272784077],[-3.424629809755749,47.64057365548547],[-3.424143568731414,47.64041983450419],[-3.423734589016538,47.639909551720265],[-3.422887580043134,47.639423402450895],[-3.422827703273833,47.63948088641525],[-3.420802092383117,47.63886097534749],[-3.419806953629239,47.63836490306442],[-3.419244452277207,47.63779984608995],[-3.418824832155599,47.636757317532016],[-3.418530766772534,47.63631293857813],[-3.417853467057699,47.63568195087022],[-3.417870282451367,47.63559974783811],[-3.417793888085842,47.635631046278576],[-3.417701575610085,47.635419389397185],[-3.417607284549413,47.635523919454016],[-3.417523921460135,47.63527564655529],[-3.417376838465059,47.63527471324871],[-3.417215701706914,47.63515715305943],[-3.417181888863008,47.634987429335084],[-3.416986039389878,47.63502530344781],[-3.417028320537524,47.63493266787346],[-3.416790791749074,47.634846404979875],[-3.416693859525097,47.63470724819411],[-3.416389968522884,47.63462463765333],[-3.416172630752911,47.63404056855421],[-3.416186205640004,47.63393145179455],[-3.416255811161052,47.633954712763995],[-3.416194678439907,47.6336690923314],[-3.41631161970628,47.63297631451941],[-3.416167913974539,47.63255977730936],[-3.416061736027049,47.63256562190397],[-3.416072068336304,47.63242959115023],[-3.415893044887433,47.632385260568334],[-3.415848733283597,47.63201743682078],[-3.415738233400338,47.63198739587481],[-3.415725567696434,47.63177135381508],[-3.415514599148737,47.63168362712182],[-3.415548234569158,47.63151922138513],[-3.415456715049928,47.631424919921386],[-3.416280308065074,47.63072033665154],[-3.416216412940221,47.63063354586754],[-3.416327212261527,47.630555200014165],[-3.416226744481275,47.630497514964354],[-3.416432908861716,47.63032361110232],[-3.416439695573505,47.63026905260355],[-3.416310221285729,47.63030327259635],[-3.416330279785444,47.630247983505214],[-3.41649524554665,47.63017568638154],[-3.416204350061669,47.63020073093959],[-3.416117154723143,47.630142315198825],[-3.416164058916429,47.62997717857768],[-3.416005880440502,47.629994916759784],[-3.415964206840798,47.62987077939578],[-3.415819300196303,47.62988778676721],[-3.415790898666048,47.629762918791975],[-3.415895990342494,47.62974810311303],[-3.415962045362883,47.62985283675399],[-3.415964509544485,47.62976239298434],[-3.416160340431951,47.62972452048119],[-3.416085034229838,47.629764789218754],[-3.416161118897778,47.629841878214435],[-3.41617901583111,47.629768646497176],[-3.416311731291096,47.62976134059502],[-3.416361273156179,47.6298398906529],[-3.416360494250314,47.62972253292086],[-3.41658394859307,47.629692169814874],[-3.416625145369148,47.62959056281477],[-3.416650306204817,47.62968851665248],[-3.416498312081626,47.62986846980801],[-3.416608808006101,47.62989851006787],[-3.416818813404425,47.629534746571835],[-3.417015723759021,47.62950584394484],[-3.416980533594026,47.629435534791476],[-3.417140091330188,47.629318380157216],[-3.417104901124965,47.62924807103453],[-3.417027434495175,47.62927039776345],[-3.417091930129943,47.629140415272715],[-3.416972487703153,47.62914699139133],[-3.417010440623512,47.62901847028053],[-3.417120154512122,47.62893115229424],[-3.417258272449211,47.62896870188554],[-3.417236353635819,47.6288976620834],[-3.417427556862015,47.62893228865064],[-3.417604707378636,47.62885028787357],[-3.417683553371633,47.628728545593056],[-3.41757414025038,47.62870747764307],[-3.417762997094239,47.62839003027219],[-3.417973472503969,47.62825200874921],[-3.417899549545338,47.62819286349231],[-3.418023910953437,47.628005398636795],[-3.417978991100906,47.62785434793107],[-3.417809710482816,47.62789076198537],[-3.417920501772366,47.62781241450992],[-3.417839794527248,47.62780782785739],[-3.4178731215283,47.627751807657305],[-3.417680841257301,47.6277082104834],[-3.417764009371947,47.627622353338616],[-3.417382693046197,47.62756207226368],[-3.417522487635423,47.627391819798184],[-3.417455351661158,47.62727811558778],[-3.4171400923437,47.62732256660592],[-3.417040710636747,47.627273853482045],[-3.417053201160955,47.62715576491708],[-3.416854137826746,47.62716672499212],[-3.416915388816355,47.627009828480524],[-3.417166454052325,47.626986974205124],[-3.417389115360038,47.626839251614975],[-3.417148379376647,47.62672607512154],[-3.417144656459696,47.626473416633],[-3.416975379651688,47.626509829504066],[-3.417032005624724,47.626425434173306],[-3.416898217730413,47.626423769578246],[-3.416999279735893,47.62626468095872],[-3.416870896338793,47.62630787297136],[-3.416874740470055,47.626118013729254],[-3.417055125031478,47.626062927657],[-3.417298800519406,47.62631140497159],[-3.41744291575024,47.62617703779422],[-3.41730294309382,47.62601315909145],[-3.417454324215474,47.62604997779485],[-3.417242894734994,47.625736509364714],[-3.416928725163672,47.62578993117557],[-3.416932268337441,47.625708458527356],[-3.416736753843022,47.625637945759216],[-3.416862974129877,47.62557681121448],[-3.416650646142727,47.62558850161283],[-3.416652630757741,47.62527231297336],[-3.41670138936851,47.62523350506715],[-3.416792900471716,47.6253278058567],[-3.416772365591582,47.62515735049799],[-3.416881470304663,47.6252868059073],[-3.416864177540427,47.62514326456393],[-3.41699039651169,47.62508212986593],[-3.416815720079228,47.62507368586444],[-3.41683853946948,47.62481956583451],[-3.417016156976236,47.62496331049426],[-3.416947944331677,47.62484063451572],[-3.417102564372056,47.62490436770146],[-3.417097760974832,47.62464273764011],[-3.417291410565541,47.62458692047136],[-3.417315189472134,47.62478428978461],[-3.417352357454917,47.62453841023486],[-3.417401896004064,47.624616960062724],[-3.417525951326748,47.62453788210512],[-3.417399552662172,47.62426488591899],[-3.417579930420175,47.62420979898371],[-3.417544144075332,47.62435626326135],[-3.41762700789119,47.6243787927881],[-3.41762976829018,47.624179962000966],[-3.417983738046206,47.62412434589751],[-3.417998871555109,47.62424994449446],[-3.41783392614234,47.624322243962304],[-3.418072789163734,47.62430908980855],[-3.41814838440796,47.62416043294659],[-3.418046845722333,47.62409377794487],[-3.418296815745497,47.62406194987712],[-3.418097764203371,47.62407291208903],[-3.418076927258566,47.62401084359373],[-3.418279221602083,47.62402679539649],[-3.418332599827979,47.62391548534673],[-3.418558190849622,47.62390306102635],[-3.418371924556562,47.62368754801776],[-3.418545515651427,47.62368701837247],[-3.41856340725038,47.6236137860578],[-3.418344601365882,47.62357165159249],[-3.418302927342047,47.623447514652284],[-3.418186740750726,47.6234810060181],[-3.418015909236595,47.62328270424227],[-3.417838777827302,47.62336470587801],[-3.417836914847847,47.62323837643041],[-3.417706676738121,47.623155239975915],[-3.417764976920214,47.622863041884436],[-3.417924996849461,47.622971630726894],[-3.418012779466399,47.622813271730934],[-3.417776383910693,47.62273598163707],[-3.417922351442349,47.622727943110974],[-3.417941324500215,47.62266368219155],[-3.418046103167899,47.62275725133753],[-3.418141451779034,47.62266169157234],[-3.417952432402355,47.62264500873367],[-3.417930515261637,47.62257396883058],[-3.418052104748603,47.62258533438056],[-3.418097915369717,47.62241122500449],[-3.417950867808157,47.62241029241442],[-3.417961193338151,47.6222742607819],[-3.418110700720964,47.62218474919138],[-3.417988329761354,47.622056025515796],[-3.41818737380579,47.62204506347905],[-3.418146185825916,47.622146671424716],[-3.418240452203833,47.62204214021193],[-3.418255585726447,47.62216773891001],[-3.418383958046771,47.62212454528346],[-3.418282422939286,47.622057890416826],[-3.418373148173512,47.62203483193862],[-3.418450008515271,47.62222927792845],[-3.418502303578884,47.62210899636463],[-3.418735157226045,47.62226775786466],[-3.419158408481348,47.62234378457646],[-3.418983252635897,47.622109598791404],[-3.418988954607637,47.622046068584815],[-3.41911378644888,47.6220843470192],[-3.418992494388744,47.621964595717316],[-3.419174728825217,47.62203583576939],[-3.419143568990644,47.62210979916021],[-3.419201267993344,47.6220343739145],[-3.41880701727197,47.621866441384014],[-3.418754236074044,47.621760978043895],[-3.418611514372106,47.62179593161479],[-3.418557950012438,47.62157310997294],[-3.418817934243827,47.62151363588608],[-3.418771045695841,47.62167877429214],[-3.418894307807023,47.621482336548176],[-3.419148589513207,47.6214863919448],[-3.419171588938329,47.621566402988506],[-3.419202748416915,47.6214924395696],[-3.419403850859781,47.621941936929595],[-3.419260446668765,47.62141701427075],[-3.419624422270591,47.621333748190644],[-3.419853147919929,47.62179075418041],[-3.419826117301522,47.6215664711102],[-3.420018377203466,47.62161006489041],[-3.420156677077841,47.621981743121076],[-3.420115588542349,47.62164083298192],[-3.42026263402223,47.62164176284693],[-3.420120796283175,47.6213515576077],[-3.420140648734773,47.62096213556509],[-3.420032626196951,47.62084165423754],[-3.420132881229854,47.62056520419005],[-3.420025646338483,47.620562081098434],[-3.420071154474642,47.62049635771218],[-3.419991539331065,47.620500743855246],[-3.419787685230457,47.62025007843446],[-3.419787193820003,47.62002433318223],[-3.419902290683435,47.619981868834884],[-3.419759869431772,47.619908436870055],[-3.419862778223315,47.619875674883595],[-3.419859042938044,47.6196230155923],[-3.41997738249532,47.61960746515884],[-3.419933839963463,47.619356998882836],[-3.42019892400754,47.619450765320536],[-3.420296719217883,47.61926475928651],[-3.420311856790727,47.61939035789709],[-3.420345175943246,47.61933433674935],[-3.420449952289788,47.61942790389864],[-3.420328957050959,47.619199766809814],[-3.42035578850578,47.61908991767296],[-3.420453783197714,47.61923804386786],[-3.420336913431745,47.61871165965468],[-3.420474219406058,47.61863184726594],[-3.420429794618924,47.618706542203135],[-3.420573294875107,47.618788944725594],[-3.420649168469995,47.618531898774776],[-3.420564149889159,47.6184914286631],[-3.420678161529701,47.61843999218676],[-3.420614273952603,47.6183532032603],[-3.420717472211088,47.61821205342764],[-3.420857727600345,47.61826754163051],[-3.420870118188473,47.61859197168679],[-3.420928892293856,47.6185255167793],[-3.421104629325986,47.618542925983434],[-3.421227789188999,47.618789004992074],[-3.421190729787615,47.61859236702512],[-3.421269260584439,47.618579008736475],[-3.421126344138171,47.61827983293739],[-3.421420416624277,47.61828168994039],[-3.421491959706204,47.61798875807488],[-3.421393672813324,47.617949019745815],[-3.421468958344904,47.61790874734133],[-3.421704755906327,47.618202804311174],[-3.421628388682217,47.61823410553952],[-3.421725594801933,47.61826487234423],[-3.421742689654847,47.618074280940036],[-3.421857780758954,47.618031814623095],[-3.421878619765721,47.61809388263427],[-3.421918716016105,47.61798330184071],[-3.422018084879654,47.61803201104664],[-3.422126607496096,47.618378236170244],[-3.422029901814717,47.618573215137864],[-3.422256049135746,47.61834400952084],[-3.422241988844177,47.61822738241142],[-3.422364650929125,47.6182477148135],[-3.422451331019319,47.618080380782025],[-3.422597285118266,47.61807233639414],[-3.422563679876578,47.61823674529708],[-3.42270530784043,47.618192815520594],[-3.422677400037455,47.618293693935634],[-3.422783548876753,47.61828784328497],[-3.422810878999342,47.61840373898591],[-3.423031613798944,47.618129675289424],[-3.423149949121996,47.61811412162938],[-3.423038392217367,47.618075116065384],[-3.423111513284625,47.618016899984646],[-3.423252852374552,47.618081356625645],[-3.423287755545699,47.61826005137654],[-3.423169419939344,47.618275605175064],[-3.423182400549678,47.61838326086295],[-3.423070554846919,47.61845264240107],[-3.423171295363504,47.61840193485901],[-3.423407104479333,47.618695988317334],[-3.423463999412111,47.618503202472155],[-3.423358137848306,47.618400666677346],[-3.423448854675322,47.61837760421313],[-3.423515992221704,47.61849130549832],[-3.423674134119062,47.618473557041696],[-3.42367983012052,47.618410026487716],[-3.423575844709486,47.61843382055903],[-3.423499765593294,47.61835673594109],[-3.423640311309977,47.61830383372901],[-3.423788429480173,47.61831373045965],[-3.423801411347974,47.618421386076626],[-3.423950611723933,47.61844025390202],[-3.423905110116188,47.61850597886912],[-3.424010177381827,47.61849115580439],[-3.424047247097381,47.61868779288672],[-3.424142291661433,47.6187006150777],[-3.424166155340766,47.618455464083546],[-3.424271222434517,47.618440640783554],[-3.423742419663386,47.618153709916044],[-3.423823399504065,47.618049905429],[-3.424025672977648,47.61806584732768],[-3.424049250686388,47.61792908337482],[-3.424070092200756,47.6179911509982],[-3.424089056175625,47.61792688892414],[-3.424252605660319,47.61795399618241],[-3.424323847099718,47.61776944963966],[-3.424228804149732,47.61775662759031],[-3.42425511657725,47.61742103194215],[-3.424385636433327,47.61739577421724],[-3.42445904048899,47.61722917014167],[-3.424562737983537,47.6173137624019],[-3.424563023160162,47.61720537526928],[-3.424727937472776,47.61713306603475],[-3.424551121975977,47.617106690970154],[-3.424742572530104,47.61703291863096],[-3.424746103198869,47.61695144537988],[-3.42465675627888,47.61687509301725],[-3.424502947088449,47.61692872802528],[-3.424443382703896,47.61687782633351],[-3.424572819220641,47.61684359708998],[-3.424449077619763,47.61681429569009],[-3.424693600037408,47.6167375972994],[-3.424642976141354,47.61665007894555],[-3.424846611118332,47.616566603566866],[-3.424926219996386,47.616562214105286],[-3.424945695620229,47.616723697483124],[-3.425131450176208,47.61671345516494],[-3.425158270500538,47.616603604785055],[-3.425269825879199,47.61664260835344],[-3.425300175673421,47.61645128464911],[-3.425385993145426,47.61660910982422],[-3.425260602096235,47.61678761231944],[-3.425448520950076,47.616795312087454],[-3.425499146304296,47.61688283008559],[-3.42540382118302,47.61697839614022],[-3.425580636676165,47.617004769915546],[-3.42534124099411,47.61723471375652],[-3.425602561709696,47.61707580858562],[-3.425729268107102,47.61724040976662],[-3.425847600673201,47.617224853366025],[-3.425746065566201,47.61715820482076],[-3.425882277312068,47.617069414721136],[-3.425901756012614,47.61723089789759],[-3.425646928110659,47.61744363145731],[-3.426018724113852,47.61731475717213],[-3.425962921841661,47.617516515664434],[-3.426155172169666,47.61756009943288],[-3.426186838079581,47.61771187951739],[-3.426347941938218,47.61782942838779],[-3.426350344007969,47.61818150351269],[-3.426575346742285,47.61838583783185],[-3.426622489258861,47.618112308927294],[-3.426684502579973,47.618072764936926],[-3.426786040597771,47.61813941263506],[-3.426587335951151,47.61759948255321],[-3.426720300534197,47.61748377765756],[-3.426743309582115,47.61756378737406],[-3.426941252745523,47.61754383911558],[-3.42706010776814,47.617754026998824],[-3.427073936343182,47.61753652094002],[-3.427174391452579,47.61759419704425],[-3.42722205302097,47.61754641331971],[-3.427257248836495,47.61761671981678],[-3.427373416975212,47.61758321932732],[-3.427347647425623,47.61814456111296],[-3.427437524058061,47.61844665679486],[-3.427502505287346,47.61854241325047],[-3.42755369388951,47.61841315614032],[-3.427720494073056,47.61846717233381],[-3.427796300821402,47.618652641263814],[-3.427404457089983,47.618836812441444],[-3.427752690047364,47.61884469730353],[-3.427325647873011,47.61895856190175],[-3.427345411166118,47.61901165764208],[-3.427621889267178,47.61897834582031],[-3.427258744903579,47.619178995225845],[-3.426947069031563,47.61914199966205],[-3.426961941898097,47.61937598444199],[-3.426876636697648,47.619443905963465],[-3.427146622889642,47.619356767664904],[-3.427331024180341,47.61944593761647],[-3.427293662200414,47.61935768867875],[-3.427654084852484,47.61935587071832],[-3.427706356364606,47.61923558485682],[-3.42781250652529,47.619229729638086],[-3.428041293250638,47.61968672008323],[-3.427858776504411,47.61972388078699],[-3.427758841761011,47.619891950593384],[-3.427856054431933,47.61992271226919],[-3.427758563058204,47.62000033758449],[-3.427159014686042,47.620123716103414],[-3.427385670090774,47.62012024597117],[-3.427342336190691,47.62020391474026],[-3.426792613694702,47.620297450157715],[-3.426773652132064,47.62036171259267],[-3.427250255765226,47.62032639591813],[-3.427170361565982,47.620439173920786],[-3.42686272739027,47.62054645015787],[-3.426849177728693,47.62065556890959],[-3.427224520315747,47.62044521782897],[-3.427449012124379,47.6204238050541],[-3.42743546369226,47.62053292388069],[-3.427344465378136,47.620664376369305],[-3.427041440084259,47.62069915114894],[-3.427120774942335,47.620803147145445],[-3.42702680833433,47.62079929865259],[-3.427043604915231,47.62071709367006],[-3.426915242986321,47.620760296845624],[-3.42692281976132,47.620823095674844],[-3.427009209517637,47.62076414542832],[-3.427039797336851,47.6209069537723],[-3.427129434398477,47.62087491721895],[-3.427068220466247,47.62103181958023],[-3.426935528180748,47.62103913773618],[-3.42684132049542,47.62070115702016],[-3.42674843645292,47.62070627956556],[-3.426784716101464,47.62078555735408],[-3.42671187608047,47.62073538871026],[-3.42661381949559,47.62102978690636],[-3.426677720028952,47.62111657243142],[-3.426709951211911,47.621051578255276],[-3.426767357659815,47.621084536159415],[-3.426837191690342,47.62144192298291],[-3.42712695201413,47.621407880576875],[-3.427198431037652,47.621557464591994],[-3.427300255967192,47.6215157248245],[-3.427360910736724,47.621575596191725],[-3.427368208647241,47.621746781858796],[-3.427515254544641,47.621747702592536],[-3.427533133189152,47.621674468831365],[-3.427900314255802,47.62206060951899],[-3.427900592681568,47.621952222642165],[-3.428005665620212,47.6219373960091],[-3.428085004196763,47.62204139128451],[-3.427916831496114,47.62208679133953],[-3.428008635222735,47.622072696623206],[-3.428044917671286,47.62215197396465],[-3.428220668961126,47.622169372428345],[-3.428224194661531,47.622087899286775],[-3.428450581027012,47.622192813961625],[-3.428428122135257,47.62189603101501],[-3.428543216160047,47.62185355819303],[-3.428566783968473,47.62171679359405],[-3.42864856563204,47.621730344090125],[-3.428523199418148,47.62146633079297],[-3.428632878954651,47.62137900165493],[-3.428732260264374,47.621427705063006],[-3.428798883370087,47.62131565806952],[-3.428847076536895,47.621493618841754],[-3.428918030461135,47.6214174567466],[-3.429004142794437,47.621466891954746],[-3.429030957538092,47.62135704095322],[-3.429183140514347,47.62151120269242],[-3.429137366818958,47.62168531649518],[-3.429247852916763,47.62171534492547],[-3.429235686403311,47.62128252936228],[-3.429313136335515,47.62126019444553],[-3.429375958712152,47.62133800724738],[-3.429378399775403,47.62124756279978],[-3.429451243000995,47.621297729767335],[-3.429585293440279,47.621190993065234],[-3.429689006752851,47.62127558060164],[-3.429703633639255,47.621175432788995],[-3.429733938283209,47.621869146149386],[-3.429852020419546,47.62151945380013],[-3.430107386079468,47.62153245656787],[-3.430139613338052,47.621467461459176],[-3.429991759417947,47.621349185884334],[-3.429950594442471,47.621450798028036],[-3.429853377782111,47.6214200381198],[-3.429886962577918,47.62125562738832],[-3.429977407230544,47.62134094680834],[-3.43004402761465,47.6212288990996],[-3.430557195435116,47.621164458764774],[-3.43111964567294,47.62128694724771],[-3.430852905412666,47.6214010083109],[-3.430605394326726,47.62134241882522],[-3.430547712184641,47.621417849730825],[-3.430473784759328,47.621358712224506],[-3.430432620693975,47.62146032453762],[-3.430604038366549,47.621441834518244],[-3.430585080985431,47.621506097534194],[-3.430737541538326,47.62155187033065],[-3.430628948126604,47.62164817266041],[-3.430769495443287,47.62159526195824],[-3.431054649643841,47.62163371182904],[-3.431103122539829,47.62170328474308],[-3.430958242890376,47.62172031096582],[-3.431110704374978,47.62176608327013],[-3.431280228059633,47.62162126292216],[-3.431246107444953,47.62155992899967],[-3.431379883595286,47.6215615771647],[-3.431321119157398,47.62162803722768],[-3.431478996592602,47.621718665134985],[-3.43151907567933,47.62160808125168],[-3.431616022761599,47.62174722667346],[-3.431832665155087,47.6217713938929],[-3.431880326283244,47.62172360836969],[-3.431769838687675,47.621693582429856],[-3.4318551412572,47.62162565741279],[-3.432165751734147,47.62165366862236],[-3.432157894720466,47.62125673819254],[-3.432435464777219,47.621232386224484],[-3.432421657088963,47.62144989250547],[-3.432503439322017,47.62146344030412],[-3.432500458361792,47.62132813976219],[-3.432674856287308,47.621444947245436],[-3.432614464558702,47.62127669170856],[-3.432695969255771,47.62095610735548],[-3.432911525520476,47.620971301376635],[-3.432837059299971,47.62112893923955],[-3.432909637362194,47.62128749098454],[-3.432807548794352,47.62143762257031],[-3.432722516370177,47.62139716137052],[-3.432721164351153,47.6214965770853],[-3.432843569550197,47.62162528535933],[-3.432913434528659,47.62154014963924],[-3.433064813729755,47.62157694819476],[-3.432993865509617,47.62165311280282],[-3.43315201362092,47.62163535154101],[-3.433207538254886,47.62198449576832],[-3.433292839459971,47.62191656971135],[-3.433221075257319,47.62187537635371],[-3.433325063072207,47.62185157373654],[-3.433550374925033,47.62194750734224],[-3.433345902880963,47.6214711207535],[-3.433448806345742,47.62143834682249],[-3.433411981892416,47.62157584497033],[-3.433502432721055,47.62166116164644],[-3.433893743634537,47.62169374410475],[-3.433814394259403,47.62158975275695],[-3.434029953400883,47.621604944708935],[-3.433924331586882,47.62139403173375],[-3.434028584131383,47.62126184155501],[-3.433969005830324,47.62121094483516],[-3.434077326446958,47.62122302631618],[-3.434039952071618,47.621134779617456],[-3.434122817846823,47.62115729747795],[-3.434147741074306,47.62136363489955],[-3.434228439976621,47.62136821029926],[-3.434224657903898,47.6215580705715],[-3.434356001500964,47.62165015986188],[-3.434337291679175,47.621163517673295],[-3.43441717182198,47.62105073481025],[-3.434625432474048,47.621337259338176],[-3.434545287410377,47.62155842924731],[-3.434653344149149,47.6216788971055],[-3.434480843432545,47.62168842187874],[-3.434623289679123,47.62176183582344],[-3.434552343436757,47.62183800137097],[-3.434379023788216,47.6217301679027],[-3.434387162642714,47.62201871119819],[-3.434231181107605,47.622054416504504],[-3.434817465471692,47.62193173450688],[-3.434743268072788,47.621980986616094],[-3.434805015464974,47.62204982528575],[-3.434862692274434,47.62197439230211],[-3.435041696558173,47.62201869404925],[-3.434939612587951,47.62216882744224],[-3.434994593729818,47.62229222580272],[-3.435054702019964,47.62212634820963],[-3.435198234040489,47.62220873261595],[-3.435183324285598,47.621974749226254],[-3.435312766272834,47.62194050816885],[-3.435349586082069,47.62180300944747],[-3.435529936995037,47.62174789472295],[-3.435685654147727,47.62182057458474],[-3.435658294326188,47.62170468210139],[-3.435987858238769,47.62166841931313],[-3.435942630796176,47.62162576194692],[-3.436141931235838,47.621506382389065],[-3.436016004600615,47.62145915097035],[-3.436197437631967,47.62141300637948],[-3.436214220284657,47.621330800104495],[-3.436427349941844,47.621436432219326],[-3.436540268560251,47.621376009166056],[-3.43643684493046,47.62162555966949],[-3.436234292761913,47.62171802621153],[-3.436292789797071,47.621759950592654],[-3.436458786307553,47.62169659613245],[-3.436403280073691,47.62178997225266],[-3.436653489012144,47.62164971794817],[-3.436571705440667,47.62163617305686],[-3.436655917760242,47.62155927336332],[-3.436730936373318,47.62162737811669],[-3.437032052281778,47.62146624896093],[-3.437047794261805,47.62181759025029],[-3.43691726958738,47.62184286206906],[-3.436872084504538,47.62224272381669],[-3.436674127630751,47.62226268885912],[-3.436796804482203,47.622283006060485],[-3.436585056428723,47.62252047762826],[-3.436442344374635,47.62255545297386],[-3.436516280068749,47.6226145866657],[-3.436415544279791,47.62266530560889],[-3.436522784352483,47.62266841364824],[-3.436154789039116,47.62304997937245],[-3.435964416642557,47.623132741358624],[-3.435999627654547,47.623203045019046],[-3.436113634483094,47.62315159359933],[-3.436246069272878,47.623252651853505],[-3.436356823875911,47.62317428670635],[-3.436416406644668,47.62322518215677],[-3.436006691514733,47.62348261681863],[-3.435837996376073,47.62374480185518],[-3.43601618537698,47.623671744104186],[-3.436102307919481,47.62372117402136],[-3.435950658454482,47.62379276624237],[-3.436055732779447,47.62377793238123],[-3.436069824711744,47.623894557493564],[-3.436278889606075,47.623855918303406],[-3.4363736850765,47.62397711729544],[-3.436805084575329,47.623899104528086],[-3.437017921270183,47.62367060388403],[-3.437079673549884,47.62373944129131],[-3.437084269996303,47.62366693910236],[-3.437243506901823,47.62365814347256],[-3.43715144323584,47.623780632238535],[-3.437315276604897,47.62369933432084],[-3.437344290943604,47.624049942180186],[-3.437161506123362,47.624195504118326],[-3.4371845337131,47.62427551150141],[-3.437343513152759,47.62437510250735],[-3.437586967413163,47.62428940627032],[-3.437785757387487,47.624386797615976],[-3.43776086930652,47.624622979499904],[-3.437674743773386,47.62457355082862],[-3.437500891043883,47.62468249565739],[-3.437541526411168,47.624797654520854],[-3.437650939395644,47.62481870380946],[-3.437626309211134,47.62494649887979],[-3.437752245497629,47.62499372847761],[-3.437725446874261,47.62510358127549],[-3.437842709054138,47.6250790416424],[-3.438051261641228,47.62525717275257],[-3.437761228970989,47.625399628907296],[-3.437970866889491,47.62558673127028],[-3.438000144499517,47.62582895194237],[-3.43788479125526,47.6259798206779],[-3.438048372415596,47.62600690850373],[-3.438122056976634,47.62617442774498],[-3.438089836595711,47.626239424898706],[-3.437898629618468,47.62620483210629],[-3.437754048925166,47.62655599781997],[-3.43799725452499,47.626578687471614],[-3.4380877211591,47.62666400037704],[-3.438100164979837,47.626545909528545],[-3.438284609400831,47.626635061854955],[-3.43829653809821,47.62673374427022],[-3.438398364222727,47.62669199493847],[-3.438334437960564,47.626605216075845],[-3.438477159601883,47.62657023849116],[-3.438402131814466,47.626502135032496],[-3.438499619584129,47.62642450109245],[-3.438461149807692,47.62632728491629],[-3.438541856583446,47.62633185732394],[-3.438561319702828,47.62605081983656],[-3.438762799789352,47.62594937833715],[-3.438783089746715,47.62578569858057],[-3.439012449260697,47.625583374757916],[-3.439184706222234,47.625682230011556],[-3.439483413463065,47.62561153932488],[-3.440329197731657,47.6256460827528],[-3.440727555719707,47.62551569552613],[-3.440737823808574,47.625379662102844],[-3.441242339454714,47.62524340605759],[-3.441512080718871,47.62526462153929],[-3.44167749790562,47.62497551519799],[-3.441814537890047,47.62500406472321],[-3.441922032947244,47.6248987810571],[-3.441881388053201,47.6247836237238],[-3.441976697611881,47.62468804460411],[-3.441838573369842,47.62465052415944],[-3.441762709317944,47.62446506491833],[-3.441834733739801,47.62439786620034],[-3.44173533494802,47.62434917401639],[-3.441839323784784,47.62432536384893],[-3.441902168026472,47.62440316978948],[-3.441968767201973,47.62429111545623],[-3.441885558398858,47.62393447171628],[-3.441723066589623,47.62391636034513],[-3.44180944500657,47.623857399245686],[-3.4417509413407,47.623815477672906],[-3.441568169339337,47.62396104652458],[-3.441455752772415,47.62380470075582],[-3.441491473141295,47.623658229117055],[-3.441623085013779,47.623641923321735],[-3.441625004296215,47.62376825235798],[-3.441706792416045,47.62378179369592],[-3.441710297640534,47.62370032021591],[-3.441845164440262,47.623710927502714],[-3.441656051041167,47.62325176461778],[-3.441774808922178,47.62257689986491],[-3.441953571064739,47.622729577875724],[-3.441959830959944,47.62289179141451],[-3.442181072132482,47.62284343701258],[-3.44217856544858,47.62249136306239],[-3.442063730571497,47.62242546242421],[-3.442026591900031,47.622228831442726],[-3.442254589558342,47.62212591667347],[-3.442226379666702,47.62189266772127],[-3.442045449631172,47.62172204782914],[-3.44211288055879,47.6217273513039],[-3.442089011336535,47.621529986738814],[-3.441972258612096,47.6213377568],[-3.442069981413427,47.62115173272077],[-3.442020323863138,47.62063067420645],[-3.442191984260031,47.62050378018233],[-3.441820370989909,47.620081799618234],[-3.441912417565115,47.61995930693962],[-3.441763206599762,47.61994046207654],[-3.441743929243438,47.61967059473807],[-3.441664066644041,47.61978338269161],[-3.441495078594535,47.61971144418835],[-3.441455774278894,47.619496870487495],[-3.441586291069143,47.61947159356629],[-3.441564343783995,47.619400557985664],[-3.441687850348523,47.61953822825925],[-3.441572771774048,47.61958071408445],[-3.441694359471582,47.61959205503865],[-3.441882875397094,47.61982547355086],[-3.441959233019762,47.61979415910449],[-3.441841399678828,47.61959295773642],[-3.441912332538532,47.61951678767374],[-3.442010387819945,47.61966489574293],[-3.441930275861169,47.619886070908564],[-3.441994199922612,47.61997284810279],[-3.442106024214012,47.61990344849764],[-3.442336768478361,47.62004422086806],[-3.442239796547571,47.61990508422496],[-3.442442082543771,47.619920994210645],[-3.442538308937491,47.62038529171197],[-3.442524203800946,47.620268667170286],[-3.442699116941025,47.62016868573552],[-3.443081931164565,47.62101450664343],[-3.443005572454992,47.62104582180422],[-3.443050557387112,47.621196863406944],[-3.443319193762906,47.62120910364967],[-3.443407242508263,47.62138485740576],[-3.443431018921356,47.62113970281989],[-3.443489520974219,47.62118162360873],[-3.443492283010043,47.6214253108263],[-3.443292999310552,47.62154470293154],[-3.443480937505311,47.621552373664024],[-3.443469345131565,47.62178782341943],[-3.443336653218108,47.621795160206396],[-3.443240018816009,47.62199015638836],[-3.443422532600155,47.6219529716909],[-3.443423864702317,47.62185355587645],[-3.443512753336717,47.62214666750425],[-3.443610817888686,47.62229477402985],[-3.4436749939668,47.6222731633025],[-3.443702125137247,47.62249744076147],[-3.44357051672138,47.622513748909135],[-3.443546986999286,47.622650516477286],[-3.443666165190614,47.62275230003742],[-3.443575449666601,47.62277537815343],[-3.443540080807692,47.62325598214763],[-3.443694727997007,47.62331968017913],[-3.443645744295598,47.623466886223525],[-3.443802562800481,47.62354852629217],[-3.44390136857322,47.623371471984626],[-3.443871819530657,47.62323763933347],[-3.44373887779382,47.623353363412676],[-3.443816570778868,47.623222632060546],[-3.44396253571207,47.62321456099274],[-3.443969887082896,47.62338574547455],[-3.444053845869096,47.623417227353656],[-3.444311639920643,47.6233397543956],[-3.444409463966085,47.623596246987944],[-3.444567262399321,47.62324433869308],[-3.444584521854293,47.62294535758139],[-3.44448970957532,47.622824165189776],[-3.444576083169327,47.62276520201121],[-3.44449212510061,47.62273372049695],[-3.444595024155213,47.62270093676687],[-3.444640151779508,47.62230107212741],[-3.444745220753292,47.62228623043771],[-3.444968029901634,47.62203006801637],[-3.445030876001208,47.62210787236521],[-3.445045717950856,47.62189933575776],[-3.445165982809958,47.622010088914216],[-3.445060803368525,47.62158241219031],[-3.445228716654406,47.62164537437759],[-3.445166114180557,47.621459183173855],[-3.445302547688808,47.62126198366781],[-3.445498083874473,47.621332448773764],[-3.445615692379429,47.621642033212325],[-3.445547060509807,47.62118524179116],[-3.445624503475075,47.62116289605703],[-3.445660811463728,47.621242167961114],[-3.445739824438263,47.62101201930505],[-3.445663467291351,47.62104333620359],[-3.44564609851557,47.620899798818016],[-3.445743565520345,47.62082215860871],[-3.4458644310856,47.62115865613276],[-3.445926675514104,47.62101071501845],[-3.446038214112959,47.621082751849215],[-3.446068291606138,47.62096675697371],[-3.446179871374756,47.62100574047938],[-3.446376978432742,47.621861825993385],[-3.446410753461392,47.62158902361309],[-3.44647951105746,47.62149490870034],[-3.44655237068891,47.62154506499443],[-3.446649232544101,47.621241679069406],[-3.446765156276979,47.621316546313714],[-3.446823901144597,47.621250078470716],[-3.446864554009725,47.621365234292945],[-3.446922213039042,47.62128979532827],[-3.446865159931261,47.621590979262635],[-3.446936694503447,47.621740551178924],[-3.44684791368676,47.6218899609192],[-3.447071317888025,47.62185953937201],[-3.447041761735549,47.62172570741899],[-3.44716769875306,47.62177292694275],[-3.447197972985109,47.62158159805802],[-3.44736504184488,47.621527199161456],[-3.447650578547621,47.621899740386105],[-3.447505095011845,47.621691042204894],[-3.447482291737289,47.62150264980579],[-3.447571917528637,47.621470597573804],[-3.447911380089306,47.62195755954081],[-3.447818019911297,47.62217947267433],[-3.447986073703635,47.62268494951933],[-3.447978709550909,47.62251376522889],[-3.448107296047377,47.62236215204489],[-3.448041424771267,47.62214904927603],[-3.448144083193222,47.622224649321545],[-3.448229365775521,47.62215671236518],[-3.448240225846077,47.62224642293467],[-3.448420564946278,47.62219128831792],[-3.448735059511984,47.6224719134775],[-3.448753523207313,47.62262442133793],[-3.448847730490203,47.62251986545506],[-3.449075625213586,47.62296784285895],[-3.449143058412949,47.62297314227141],[-3.449107214824085,47.62267709776017],[-3.449210346098689,47.62253592307201],[-3.449344125245887,47.622537550659715],[-3.449366935532864,47.62272594259513],[-3.449376094863605,47.62258093717349],[-3.44948791502125,47.6225115305935],[-3.449731725236503,47.6227599406794],[-3.449589489946121,47.62257815831091],[-3.449658243212125,47.6224840415747],[-3.449541226656024,47.62240020620302],[-3.449600203630248,47.622225350091426],[-3.449901902835559,47.622289932680566],[-3.449862713763897,47.62251788077088],[-3.450034980924386,47.622616720177696],[-3.450032574795187,47.62270716499035],[-3.449923394973617,47.62257774038738],[-3.450078667339031,47.62286717479377],[-3.450152851819854,47.62281791296558],[-3.450073935924034,47.62249715894226],[-3.45016682084021,47.62249201785104],[-3.450266922917431,47.62221554219041],[-3.450448036685564,47.62282866790755],[-3.450557450722067,47.62284970512696],[-3.450462857674452,47.62262013068939],[-3.450514692135722,47.622165703066194],[-3.450723665781207,47.62267794354283],[-3.450674312197171,47.62249102087986],[-3.450766342610228,47.62236852137539],[-3.450926196491616,47.62258545191937],[-3.450987110526716,47.62253692408654],[-3.451020167962163,47.62258928117987],[-3.451070217011853,47.6224510430064],[-3.451168534276973,47.622490756265016],[-3.451201822981493,47.622434726407434],[-3.451241399672896,47.622540909608176],[-3.451451534834863,47.62251121426089],[-3.45149443783598,47.62209340488061],[-3.451662360316348,47.62215635780153],[-3.451828569661787,47.62198459458382],[-3.451937752889092,47.62211401744525],[-3.45198562585164,47.62195783679859],[-3.452068500471746,47.62198034191629],[-3.452116542545669,47.62226667993612],[-3.452170935121948,47.62216432535241],[-3.452266850352562,47.62229448256813],[-3.452209885007786,47.62204476337684],[-3.452351269885052,47.62210918466412],[-3.452234707962452,47.6218085781051],[-3.452415270110658,47.6216450503611],[-3.452625172867445,47.62172373983739],[-3.45263689877271,47.621930807973435],[-3.45272000166025,47.621844925692685],[-3.452803735318215,47.62198478824159],[-3.452776338252037,47.62186889978077],[-3.45285377918273,47.62184654926097],[-3.453064315519796,47.62215098281294],[-3.452969712929923,47.62192141032339],[-3.453127855184967,47.621903622015594],[-3.453232694022566,47.62199715962259],[-3.453211817040227,47.621935097335324],[-3.453292518437917,47.62193965956108],[-3.453420182009847,47.622221588210905],[-3.453402385072109,47.62174392024427],[-3.453507450512705,47.621729070667875],[-3.453773466314634,47.621940118724766],[-3.453698651569869,47.621763637987605],[-3.454088212796301,47.62211234258165],[-3.454326832198229,47.62220750119727],[-3.454374473579007,47.622159706507276],[-3.454382082853541,47.62222250350619],[-3.454630935343255,47.62218162664984],[-3.454882825176324,47.622276049171255],[-3.455197995381968,47.62278240170372],[-3.455351790587031,47.62272872643382],[-3.455614779036564,47.62280447033793],[-3.45580729437284,47.62273961827944],[-3.455678529692479,47.62244872132749],[-3.455858640128769,47.6225019621436],[-3.455865607203008,47.62233901422612],[-3.455967189759083,47.62240563640267],[-3.456051375351123,47.62232872275696],[-3.455853647011272,47.622240333384504],[-3.455902595924083,47.622093122129215],[-3.455966766783186,47.62207150464585],[-3.45595545083209,47.62219856865165],[-3.456050730576227,47.622102977921976],[-3.455988955729009,47.62203415048899],[-3.456197556964632,47.62221224947244],[-3.45625737842757,47.622154747898655],[-3.455953940633957,47.62185546587258],[-3.456127746494652,47.62174649342179],[-3.456270868358605,47.622045625826644],[-3.456205848714539,47.621398979792076],[-3.456340712578307,47.62140957035319],[-3.456355289504009,47.62130941921532],[-3.45627154760092,47.621169559164294],[-3.456420767120325,47.62118838547925],[-3.456552794975616,47.62150619474964],[-3.45664893976359,47.62152796144882],[-3.4566458976057,47.62139266153397],[-3.456790768165745,47.621375603444314],[-3.456600006805956,47.62112426721747],[-3.456695283478641,47.621028675909265],[-3.456621107521377,47.621077941938076],[-3.456601314348281,47.6210248512118],[-3.456775116183368,47.62091587775119],[-3.456720086117073,47.62079248956139],[-3.456912153818171,47.62094440962166],[-3.456883660935099,47.62081955108003],[-3.456998729993142,47.62077705019594],[-3.456840592365209,47.62079484375528],[-3.456755762590452,47.62064601303048],[-3.456812319450337,47.62056159817073],[-3.456988074868023,47.6205789533585],[-3.456908682167994,47.62047497764594],[-3.457052243467547,47.62055733526195],[-3.456998300574037,47.62044291816357],[-3.457219517973158,47.62039453521506],[-3.45719646203299,47.62031453162508],[-3.45737112925791,47.62032291525641],[-3.457549928452808,47.62047556956982],[-3.457649116432912,47.620632635410615],[-3.457581249026454,47.62084411492413],[-3.457677611006448,47.62075749377748],[-3.457863155714124,47.62085558642541],[-3.457763096903295,47.620581162792554],[-3.457894478693819,47.620673225654095],[-3.457939940299747,47.62060748752338],[-3.458078935874929,47.62076234698977],[-3.458184215018842,47.62063910618485],[-3.458123526750539,47.62057925080102],[-3.458208577118768,47.6206196935222],[-3.458255125949685,47.6205629262387],[-3.458253821498389,47.620662342286415],[-3.458395426514495,47.62061836928707],[-3.458268177866306,47.62067057788996],[-3.458292323233881,47.62075955222379],[-3.458450460273387,47.62074175669845],[-3.458314293335366,47.62083058460972],[-3.458265785773151,47.620761022962135],[-3.458175079945506,47.62078411244092],[-3.458233376348661,47.62093441285511],[-3.458516371362488,47.62095485374879],[-3.458572925765651,47.620870438049856],[-3.45853181556174,47.62097206028565],[-3.45863992523525,47.62109250598225],[-3.45873280688205,47.621087358074966],[-3.45904734914862,47.62136795562327],[-3.459215493097865,47.62132251073004],[-3.459307072580982,47.621416778386624],[-3.459321643943788,47.62131662687897],[-3.45950740786785,47.62130632990742],[-3.45948543598309,47.621235297763285],[-3.45961377268536,47.621192058804986],[-3.459545466984026,47.62106940748397],[-3.459758855493503,47.62106661003897],[-3.459916118428232,47.62093145457613],[-3.459788209958272,47.6207579198575],[-3.459953087517826,47.62068556101908],[-3.459960489814403,47.62085674471321],[-3.460064463717245,47.62083291827742],[-3.460087075427093,47.620578789282426],[-3.460228678711539,47.62053481405846],[-3.460288281289718,47.62058569739754],[-3.460278489307803,47.620504958825585],[-3.460359189147202,47.6205095161718],[-3.460259993422772,47.62035245262279],[-3.460431821937877,47.62011714472785],[-3.460531017730609,47.62027420814988],[-3.46066696766795,47.62029376467275],[-3.460664579655583,47.62038420981148],[-3.460718953925103,47.62028185114855],[-3.460912330665721,47.62033434858315],[-3.461025430401505,47.62016551478017],[-3.46117075176007,47.620482583314434],[-3.461294522004743,47.620511845746215],[-3.461384137838773,47.620479782899054],[-3.461198587967934,47.62038169582603],[-3.461299506508013,47.620222568407584],[-3.461732596229969,47.62037917939891],[-3.461688857179593,47.62012872882471],[-3.461971640001034,47.62025754840223],[-3.461949665269223,47.62018651668348],[-3.462053636978966,47.62016268846864],[-3.461937694313942,47.620087836356156],[-3.462005125151409,47.620093128350376],[-3.461978797353855,47.61998621287552],[-3.462061673125254,47.62000871092483],[-3.462020988513791,47.61989356031436],[-3.462093651563495,47.62005209401327],[-3.462364254765898,47.620190619384566],[-3.462424275646733,47.62002472753675],[-3.462513681841305,47.620101050872655],[-3.462496268068825,47.619957515926856],[-3.462749249720085,47.62006089252418],[-3.462676584711605,47.61990235923389],[-3.462838656439809,47.6201372156099],[-3.462902822139124,47.620115594293985],[-3.462798177620349,47.619913678214836],[-3.462994820397298,47.619993085006],[-3.462971341548327,47.62012985666024],[-3.463101642744287,47.620212942756275],[-3.463079666527363,47.62014191124854],[-3.463201260067164,47.6201532298084],[-3.463276723753709,47.62000454344518],[-3.463459892863615,47.62019307244023],[-3.463509759257913,47.6207141219366],[-3.463615908420705,47.620708234180704],[-3.463709671777985,47.62082044025501],[-3.463713143229077,47.62073896599392],[-3.463891284039861,47.62066586560788],[-3.464045742967437,47.62083792379524],[-3.464048125271868,47.620747478608486],[-3.464232797637994,47.62072820320149],[-3.464260628187392,47.62062731499608],[-3.464324589430752,47.62071407993143],[-3.464203878320844,47.620820120480445],[-3.464413795207812,47.62089878880253],[-3.464310027617838,47.62081423209402],[-3.464372016154807,47.620774668150794],[-3.464504498531775,47.62087569447989],[-3.464456458961068,47.62114026734633],[-3.464698358758886,47.62126231754974],[-3.46472401119342,47.621143487444535],[-3.464927397365376,47.62116832938184],[-3.465053145892226,47.621323916626466],[-3.465102068596928,47.621176701447375],[-3.465202571628339,47.62123434472638],[-3.465121870279956,47.621229790728535],[-3.465244352972097,47.621358465051706],[-3.465203255091902,47.621460089610004],[-3.465310291941249,47.621571558199655],[-3.465412087087865,47.6215297852099],[-3.465532191341034,47.62174890438364],[-3.465471291427748,47.6217974398212],[-3.465390791514196,47.62168449904145],[-3.465317509081301,47.62185112844156],[-3.465139366268375,47.621924230958534],[-3.465081326422044,47.622216452785835],[-3.464989532246261,47.622230576639765],[-3.464966463868997,47.62215057465947],[-3.46491566457877,47.622199415403]],[[-3.416288907280114,47.63001545987503],[-3.416225012985054,47.62992866906415],[-3.41617841129358,47.629985419314394],[-3.416288907280114,47.63001545987503]],[[-3.416426901195782,47.63049552729105],[-3.416560221424228,47.630271448347045],[-3.416499568888551,47.630211571639215],[-3.416426901195782,47.63049552729105]],[[-3.417937808469513,47.62554471931257],[-3.418134293599412,47.625262973423816],[-3.417990481141334,47.62528895485096],[-3.417926589737079,47.62520216475947],[-3.417739125169657,47.6254201975821],[-3.41795793815325,47.625462333141634],[-3.417937808469513,47.62554471931257]],[[-3.417916532885137,47.6255752268069],[-3.417813826148294,47.62559670100387],[-3.417872312965305,47.62563863452628],[-3.417916532885137,47.6255752268069]],[[-3.41796282959279,47.62328562740546],[-3.418018369635226,47.623192260123375],[-3.417911129590506,47.623189135094464],[-3.41796282959279,47.62328562740546]],[[-3.419879985474246,47.62411924296271],[-3.419889225139237,47.62397423996743],[-3.419792796047104,47.62406082978273],[-3.419879985474246,47.62411924296271]],[[-3.419977592620813,47.623599106051444],[-3.420043155515647,47.62347809286501],[-3.419929132503375,47.62352952858843],[-3.419977592620813,47.623599106051444]],[[-3.420234834484534,47.62373845978043],[-3.420349938999692,47.6236959950729],[-3.420340206852213,47.62361525329176],[-3.420166910144464,47.62350739883315],[-3.420123562181006,47.623591064777926],[-3.420234834484534,47.62373845978043]],[[-3.421044626678343,47.62070461908712],[-3.420910942047814,47.62026043998653],[-3.420857572852189,47.62037175142351],[-3.421044626678343,47.62070461908712]],[[-3.42078805045982,47.618686802769346],[-3.420713642314507,47.61840191356689],[-3.420684356279362,47.618602207217016],[-3.42078805045982,47.618686802769346]],[[-3.423939187052266,47.62067152450414],[-3.42407757459657,47.620600679249044],[-3.424022620430987,47.620477275643424],[-3.423869882104201,47.620539881008],[-3.423939187052266,47.62067152450414]],[[-3.426739665324557,47.64244415057064],[-3.426853722186638,47.642392708701614],[-3.426719893956029,47.64239105537004],[-3.426739665324557,47.64244415057064]],[[-3.42427669310927,47.61804297766427],[-3.424266956053741,47.61796223597619],[-3.424172994651597,47.61795838518163],[-3.42427669310927,47.61804297766427]],[[-3.427894334088133,47.64160383758844],[-3.427960984141711,47.64149179224045],[-3.427849374851417,47.64145279174255],[-3.427884587260252,47.64152309718354],[-3.427793833004851,47.641546162817825],[-3.427894334088133,47.64160383758844]],[[-3.426326093002008,47.62240932701534],[-3.426408156615453,47.622314492222465],[-3.426317716017894,47.62222917008116],[-3.426326093002008,47.62240932701534]],[[-3.427455018826738,47.62324113220933],[-3.427405466762408,47.62316258659038],[-3.427261664475795,47.62318857946062],[-3.427455018826738,47.62324113220933]],[[-3.427568475759336,47.62340646273969],[-3.427598542115719,47.62332352590754],[-3.427387307970347,47.62334420708019],[-3.427568475759336,47.62340646273969]],[[-3.429825562533983,47.64287906412741],[-3.429863494265147,47.642750539756115],[-3.429761630822007,47.64279228130036],[-3.429825562533983,47.64287906412741]],[[-3.4302988076312,47.644252749193825],[-3.430398506529188,47.64419306497195],[-3.430291223556571,47.644189951344025],[-3.4302988076312,47.644252749193825]],[[-3.429430833981604,47.62367400141306],[-3.429623384252263,47.62360919254623],[-3.429615803904975,47.623546393982096],[-3.429848971349418,47.62359674641636],[-3.429723594815804,47.62333273466089],[-3.4296745725776,47.62347993484262],[-3.429530770541027,47.623505930502354],[-3.429430833981604,47.62367400141306]],[[-3.432359667028244,47.64372364252958],[-3.432477241834817,47.64359072284444],[-3.432347745511787,47.64362496037608],[-3.432359667028244,47.64372364252958]],[[-3.430406850416822,47.62334922168215],[-3.430293384815476,47.62318389390422],[-3.430273343431832,47.6232391855933],[-3.430163936594134,47.62321812937673],[-3.430193451259901,47.623351965495246],[-3.430406850416822,47.62334922168215]],[[-3.430313197095284,47.62146691432352],[-3.430336760198653,47.62133014934023],[-3.430176172342805,47.62143835125241],[-3.430313197095284,47.62146691432352]],[[-3.430531693491143,47.62338748788683],[-3.430530883527421,47.62327012986127],[-3.430410372858651,47.623267748523986],[-3.430531693491143,47.62338748788683]],[[-3.430812818125566,47.621954110794],[-3.43061107373773,47.621721406896405],[-3.430624615980589,47.621612287768066],[-3.430484341653489,47.62155681139047],[-3.430441011443766,47.62164048124755],[-3.430489756713429,47.621601667513545],[-3.430673625754546,47.62190760587358],[-3.430812818125566,47.621954110794]],[[-3.431020780360365,47.623234065636176],[-3.431025384992008,47.62316156366705],[-3.430875085811892,47.62313373371199],[-3.431020780360365,47.623234065636176]],[[-3.431320296407451,47.623280753765656],[-3.431402623809647,47.62307752868391],[-3.431327609956493,47.62300942055895],[-3.431154832523723,47.62312732723878],[-3.431320296407451,47.623280753765656]],[[-3.435232290917687,47.64548870095274],[-3.435265610701537,47.64543267630482],[-3.435172684419103,47.64543780548445],[-3.435232290917687,47.64548870095274]],[[-3.435895455319758,47.644783806265266],[-3.435887864583361,47.64472100879624],[-3.435772727083219,47.64476348835353],[-3.435895455319758,47.644783806265266]],[[-3.43353176571296,47.62411597655859],[-3.433544219018145,47.62399788604083],[-3.433636024545271,47.62398378691511],[-3.43357427642355,47.62391494769583],[-3.433419372356977,47.623959623068224],[-3.43353176571296,47.62411597655859]],[[-3.434020220555287,47.62196672279577],[-3.434051359694715,47.62189275543186],[-3.433969576411175,47.62187920872012],[-3.434020220555287,47.62196672279577]],[[-3.434120425707657,47.62213277968104],[-3.434203558695357,47.62204691058664],[-3.434087385129975,47.62208041779337],[-3.434120425707657,47.62213277968104]],[[-3.435089290511431,47.6251769228126],[-3.4350375577212,47.6250804381787],[-3.435007501933026,47.625163376850516],[-3.435089290511431,47.6251769228126]],[[-3.437537571865394,47.64543368250312],[-3.43764728591138,47.64534634598257],[-3.437545682558965,47.64527970866469],[-3.43745032828474,47.645375283149924],[-3.437537571865394,47.64543368250312]],[[-3.435708974682007,47.622234714204936],[-3.435683782390057,47.62213676409947],[-3.435623938789235,47.62219425513413],[-3.435708974682007,47.622234714204936]],[[-3.436107576891168,47.62520197116295],[-3.43599382768769,47.62514503580481],[-3.436001415765085,47.62520783390316],[-3.436107576891168,47.62520197116295]],[[-3.436201290314705,47.62531419905577],[-3.436261136791337,47.62525670781748],[-3.43615280749549,47.62524462838689],[-3.436201290314705,47.62531419905577]],[[-3.436451255221712,47.62528233215517],[-3.4365056809063,47.62517998502761],[-3.436424976046471,47.62517541121032],[-3.43639544474934,47.62504157679241],[-3.436330739746576,47.625279956928956],[-3.436451255221712,47.62528233215517]],[[-3.436415140385662,47.62420963452767],[-3.43642325109205,47.624055659076134],[-3.436201999680732,47.62410400254105],[-3.436209587855038,47.6241668006595],[-3.436367742343139,47.62414903506629],[-3.436415140385662,47.62420963452767]],[[-3.436121111339379,47.6218868358639],[-3.436188803483927,47.62178375585325],[-3.436108103785471,47.62177918180904],[-3.436121111339379,47.6218868358639]],[[-3.436227265848226,47.62188097300489],[-3.436407616118454,47.62182585692728],[-3.436348034919848,47.621774961435776],[-3.436227265848226,47.62188097300489]],[[-3.436885180399496,47.62599891062122],[-3.436884356428084,47.625881552797715],[-3.436803650475138,47.62587697924373],[-3.436885180399496,47.62599891062122]],[[-3.437088572103123,47.626023800974394],[-3.437047936779615,47.62590864202602],[-3.437004613325402,47.62599231413071],[-3.437088572103123,47.626023800974394]],[[-3.437679847808183,47.626605251677596],[-3.437686612331107,47.6265506918418],[-3.437594803459312,47.6265647941327],[-3.437679847808183,47.626605251677596]],[[-3.437643399079552,47.6251984238833],[-3.437681299424432,47.62506989579926],[-3.437542918350156,47.62514075700984],[-3.437643399079552,47.6251984238833]],[[-3.439899321137719,47.64440918593234],[-3.440032323657222,47.64429346748365],[-3.439902830476781,47.64432771337588],[-3.439899321137719,47.64440918593234]],[[-3.440227176761851,47.64468909750292],[-3.440205220914268,47.64461806259234],[-3.440394578239679,47.6445263235874],[-3.44010795613693,47.6445873115884],[-3.440227176761851,47.64468909750292]],[[-3.440226852165636,47.64435496954538],[-3.440296735123273,47.644269830409314],[-3.440230614498858,47.64416511131646],[-3.440153967335871,47.64430480989678],[-3.440226852165636,47.64435496954538]],[[-3.440058579312896,47.626943446765495],[-3.440184775971424,47.626882287062216],[-3.440021191044464,47.6268552022406],[-3.440058579312896,47.626943446765495]],[[-3.442778474528146,47.62413798145887],[-3.442990201445902,47.62390049886064],[-3.442958390386538,47.62330620541355],[-3.442577573725926,47.623029232761255],[-3.442502296899899,47.62306951866615],[-3.442636913751771,47.62318851188917],[-3.442579495245059,47.623155561821584],[-3.442587181412535,47.62366087798059],[-3.442659294935804,47.62403619706544],[-3.442778474528146,47.62413798145887]],[[-3.443155016142869,47.62338564546883],[-3.443264675685022,47.62329830267775],[-3.443287766359099,47.6223848849299],[-3.443174262917934,47.622219569585766],[-3.443110086701549,47.622241180038564],[-3.443125183706764,47.621924256776865],[-3.442904443125239,47.621755839152875],[-3.442796956334051,47.62186112389316],[-3.442697561387837,47.62181243246462],[-3.442597669452657,47.62198051478522],[-3.442627802617048,47.62234009274969],[-3.442733709000643,47.62244261086711],[-3.442621043677639,47.622394652989676],[-3.442718609524798,47.622759533993836],[-3.442655766028069,47.62268172842687],[-3.442592674115331,47.62271230969669],[-3.442577822357254,47.62292084590522],[-3.443155016142869,47.62338564546883]],[[-3.443333397692693,47.621768246893105],[-3.443242093091093,47.621565579797306],[-3.443148123980876,47.621561744276725],[-3.443126421268626,47.62138232212294],[-3.442901342561114,47.62117802000991],[-3.443041133429732,47.621450255380026],[-3.442989979414558,47.62157951907466],[-3.443333397692693,47.621768246893105]],[[-3.444580853392097,47.624571159831],[-3.444583268842016,47.624480715217494],[-3.444503649773988,47.62448511806102],[-3.444580853392097,47.624571159831]],[[-3.455906924569216,47.62267991163106],[-3.455924986107164,47.62249828665709],[-3.455836450897319,47.622539316266725],[-3.455906924569216,47.62267991163106]],[[-3.456800738449439,47.621066823740925],[-3.456711814520329,47.621054853669655],[-3.456801214273017,47.62113118133808],[-3.456800738449439,47.621066823740925]],[[-3.457296079954351,47.62080572980539],[-3.457178186581991,47.620604544019464],[-3.457000256123946,47.6205692471523],[-3.456954793393494,47.62063498491852],[-3.457296079954351,47.62080572980539]],[[-3.458111999166508,47.62081470212335],[-3.45817181700141,47.62075719952775],[-3.458053486034665,47.62077278865181],[-3.458111999166508,47.62081470212335]],[[-3.459729714490109,47.62126691318209],[-3.459705566497479,47.62117793916861],[-3.459627041504469,47.62119132328358],[-3.459729714490109,47.62126691318209]],[[-3.460785749929299,47.62061230494325],[-3.460810322674826,47.620484504710134],[-3.460711790129543,47.62055318655686],[-3.460785749929299,47.62061230494325]],[[-3.460823591301592,47.62048376905253],[-3.460908854966584,47.62041582277783],[-3.460849251986587,47.62036493975104],[-3.460823591301592,47.62048376905253]],[[-3.462513473697182,47.62020943792458],[-3.462422978972278,47.62012414365835],[-3.462433862479922,47.62021385300017],[-3.462513473697182,47.62020943792458]],[[-3.464930257256798,47.62141201608512],[-3.46486302784255,47.621298338793885],[-3.46472578139348,47.621378203248696],[-3.464930257256798,47.62141201608512]]]},"properties":{}}]}