{"type":"FeatureCollection","features":[{"type":"Feature","geometry":{"type":"Polygon","coordinates":[[[-3.496783191793512,47.65421320230248],[-3.496878455548611,47.654117579866096],[-3.496763623760655,47.65394334890327],[-3.496808109606029,47.6537602411154],[-3.496613203627482,47.65391560399558],[-3.4962815717125,47.653717325890206],[-3.496187542182553,47.653713533108025],[-3.496250500282453,47.65379130860211],[-3.4961697470447,47.6537867761346],[-3.495859197061459,47.65354216517422],[-3.495813754118658,47.6536079169355],[-3.495699880671465,47.65355104057796],[-3.49564377328859,47.653310317124216],[-3.495497733868229,47.65331845265105],[-3.495508679758274,47.65340815736012],[-3.49533047295795,47.65348130472498],[-3.495196614841428,47.653479729836214],[-3.495217836674354,47.653325013130754],[-3.495011030315905,47.65327331292952],[-3.49488373962848,47.653325560536935],[-3.49490153637793,47.6532523176885],[-3.49468350028775,47.65332768261793],[-3.494706626703048,47.653407677430174],[-3.494610408951355,47.65338594242196],[-3.494740840626511,47.65346899178101],[-3.49484828856973,47.65336366098461],[-3.495001847470229,47.65352670482796],[-3.49516910952592,47.65336385322826],[-3.495156643807605,47.653590333708074],[-3.495390004325959,47.65364055450069],[-3.495589432366801,47.65341269028531],[-3.495691936553161,47.65370501774644],[-3.495893131466713,47.65382024961775],[-3.495978403736971,47.65375227892126],[-3.49603122902236,47.65396609076949],[-3.496314413692312,47.65398643972525],[-3.496385314492797,47.653910237953745],[-3.496374088049769,47.65403730376135],[-3.496527792728727,47.65409196034895],[-3.496450601968368,47.65389756904712],[-3.496539018817187,47.65396489453021],[-3.496718320379971,47.65390071579798],[-3.496783191793512,47.65421320230248]]]},"properties":{}},{"type":"Feature","geometry":{"type":"Polygon","coordinates":[[[-3.494813503962527,47.65373588756927],[-3.494565915875526,47.65356904940906],[-3.494551401863769,47.65366920362963],[-3.494403315964704,47.65355101160884],[-3.494143259993497,47.65361065293279],[-3.493972674487626,47.653395160014696],[-3.494066078617583,47.65341626000707],[-3.494002029808532,47.65332951283587],[-3.49397074975046,47.65339272857019],[-3.493937836772071,47.65335115086401],[-3.493958629024173,47.653521590081404],[-3.493734024723631,47.65354313032216],[-3.493661222052474,47.65338461907197],[-3.49360468870624,47.65346905033088],[-3.493562816242757,47.653344942224564],[-3.493372570435006,47.65331941122603],[-3.493133888345793,47.65311594868386],[-3.493086254049591,47.653163758411175],[-3.492927084817176,47.65306424478918],[-3.492823062787439,47.6530881000805],[-3.492851657005356,47.65321294775378],[-3.492652512113186,47.65322403685134],[-3.492377286519531,47.65304970203126],[-3.492389616329944,47.6529316070442],[-3.492210460761386,47.652887393911186],[-3.491990234381066,47.65294481282275],[-3.491904161476742,47.65278703961442],[-3.492379917434479,47.65274248725849],[-3.492327758917412,47.652862799938305],[-3.492477079783144,47.65288157987565],[-3.492490208653576,47.652989225889925],[-3.492748075209882,47.65291164722753],[-3.492994560400266,47.65306951880057],[-3.493098582317096,47.653045663356366],[-3.493135274663039,47.65290814867155],[-3.493160440935733,47.653114470047676],[-3.493332887070214,47.653213244010814],[-3.493349591688868,47.653131030902124],[-3.493468932950951,47.65323276201578],[-3.493472361066824,47.65315128824425],[-3.493610595374289,47.65318874706651],[-3.493580614812029,47.653271699578035],[-3.493718849507477,47.65330915826986],[-3.493743068761984,47.653398123761036],[-3.493809595239559,47.65328604157799],[-3.493720088673781,47.653209743517735],[-3.49404966343209,47.653281702739434],[-3.494311619323461,47.65345677305074],[-3.494479834347468,47.653411278149385],[-3.494360634335506,47.65320116283632],[-3.494539792739433,47.653245372665765],[-3.494610408951355,47.65338594242196],[-3.494551831432319,47.653344047947904],[-3.494482023184052,47.65342921910981],[-3.494832395427631,47.65367161522303],[-3.494813503962527,47.65373588756927]]]},"properties":{}},{"type":"Feature","geometry":{"type":"Polygon","coordinates":[[[-3.491629139760988,47.6532719850347],[-3.491571807875538,47.6531306743304],[-3.491756582374434,47.653111355727745],[-3.491763294957448,47.65305679352364],[-3.491852798468281,47.65313309308869],[-3.49199132837102,47.652953783328485],[-3.491890588059329,47.65300454930774],[-3.491610841231262,47.65290271589446],[-3.491349541723226,47.65306176576444],[-3.491275503081232,47.65300266773105],[-3.490918136850053,47.65303159354534],[-3.490841911133255,47.6529545542049],[-3.490662605681952,47.653018723952826],[-3.490307578238792,47.65295720368467],[-3.49010281318234,47.65303182108307],[-3.489329659374149,47.65293938209756],[-3.489252342555035,47.65285337118551],[-3.488578687171458,47.652809578243264],[-3.48857743843434,47.65290899296148],[-3.488691458010739,47.65285749102453],[-3.48875221728253,47.6529173295191],[-3.4890995881357,47.65291606078425],[-3.489200022817224,47.653082067709924],[-3.489267651976951,47.65297895862582],[-3.489441337600093,47.652978323621454],[-3.489367147467594,47.65302760962746],[-3.489561764652632,47.65308902926204],[-3.489662507339686,47.653038265292565],[-3.490081728902309,47.65307815164026],[-3.489927881166903,47.653131871791565],[-3.490035185569623,47.653134930647596],[-3.489974272124034,47.653183478069714],[-3.490059398602555,47.653223896910184],[-3.490341483335989,47.653235289824664],[-3.490287436020041,47.65312089004883],[-3.490420199361671,47.65311350004129],[-3.490753050434596,47.65321238012123],[-3.490986555585595,47.65315422447729],[-3.491011864045082,47.65325216105535],[-3.49108495912762,47.65319390349796],[-3.491196639167462,47.65323284333926],[-3.491164467110178,47.65329785420598],[-3.491629139760988,47.6532719850347]],[[-3.490243080270564,47.65319561017883],[-3.490118124657374,47.65315740840025],[-3.490122651563756,47.653084905246494],[-3.490231049580109,47.653096934445315],[-3.490243080270564,47.65319561017883]]]},"properties":{}},{"type":"Feature","geometry":{"type":"Polygon","coordinates":[[[-3.507218264096611,47.652755255523964],[-3.50733469291511,47.65250490553897],[-3.507104733371793,47.6523732343653],[-3.507086092597608,47.65222073812228],[-3.506835065533481,47.652135400041445],[-3.506862831905448,47.652034503340275],[-3.506680259491574,47.65207178658253],[-3.506761129408717,47.6519679264663],[-3.506844073727004,47.651990392361675],[-3.506778909400291,47.65189468175795],[-3.506485983140511,47.651685239420715],[-3.50648476779616,47.65178465438616],[-3.506059085968326,47.65158261923031],[-3.505835470745715,47.65172153847522],[-3.505553390712326,47.65171018295103],[-3.505427210303579,47.65177141246897],[-3.505462531729495,47.65184169411781],[-3.50496572383228,47.65193263302354],[-3.5049977562848,47.65197600364091],[-3.50477986208109,47.65194300213231],[-3.504771093136533,47.65187123900568],[-3.504565256395289,47.65193691139509],[-3.50444029347731,47.65189872490579],[-3.504475613687477,47.65196900684825],[-3.504288779081711,47.651862019453745],[-3.504275379820855,47.65197114536575],[-3.504158089133766,47.651995751341886],[-3.503788681135426,47.65192604216881],[-3.504003038717943,47.6521489049745],[-3.503757621158288,47.65200002694565],[-3.503655797911263,47.652041832691914],[-3.503714381148771,47.65208372263094],[-3.503454467839706,47.652034999402055],[-3.503424252907475,47.65233472510839],[-3.503299289874412,47.652296537406926],[-3.503325716412378,47.6524034417634],[-3.503503783649682,47.65243866746688],[-3.503647627561968,47.65241258113366],[-3.503574672124978,47.65236246127232],[-3.503699884714312,47.65218387806484],[-3.503835931761573,47.65220338401154],[-3.503869183689028,47.65214734001829],[-3.503977458860243,47.65226774178345],[-3.504327017215607,47.65228436857864],[-3.504204369289571,47.65215573731887],[-3.503984282863645,47.65210479353952],[-3.504109369707828,47.65203459519381],[-3.504456611377634,47.652141666129054],[-3.504768656044119,47.65207006887637],[-3.504806169056299,47.6521582914921],[-3.505036243887927,47.6521815818924],[-3.504934543390135,47.65211500343393],[-3.505058532839497,47.65203583368389],[-3.505142572729317,47.65206727117356],[-3.505278741400971,47.65197839011898],[-3.505406993785101,47.65204348686314],[-3.505577508187408,47.65190753139637],[-3.505517827438559,47.651856672003404],[-3.506025716817237,47.651747049206186],[-3.506261152835146,47.65192357443095],[-3.506127178634951,47.652030397388025],[-3.506287585122962,47.65203047813839],[-3.506263345572267,47.651941515184475],[-3.506413765157008,47.65196924769974],[-3.506342881259288,47.65204545563212],[-3.506517660050056,47.65205376562367],[-3.506485507372674,47.65211878074706],[-3.506613761566621,47.652183876162034],[-3.506675755171452,47.65214429041449],[-3.506640194689902,47.652290779775186],[-3.506690986875815,47.65237826092369],[-3.506809373704801,47.65236262277995],[-3.50689317891022,47.65261082960108],[-3.507096704640758,47.652635597696026],[-3.507218264096611,47.652755255523964]],[[-3.507181843214479,47.65267600407477],[-3.506951883310931,47.65254433261211],[-3.506967588200682,47.65234476185758],[-3.507261616521324,47.65256317327986],[-3.507181843214479,47.65267600407477]],[[-3.506899015670017,47.65233052554321],[-3.506706692692565,47.65217869018691],[-3.506954430279796,47.65223711743527],[-3.506899015670017,47.65233052554321]],[[-3.50377844425291,47.65217046453506],[-3.503684416916589,47.65216667778177],[-3.50373094487854,47.652109893310474],[-3.50377844425291,47.65217046453506]]]},"properties":{}},{"type":"Feature","geometry":{"type":"Polygon","coordinates":[[[-3.509995583449236,47.65218477042489],[-3.510152810816626,47.65204954952428],[-3.5102113991634,47.652091436206014],[-3.510198234760483,47.651983792134764],[-3.510418326619784,47.65203472421442],[-3.510470221836556,47.6521311740688],[-3.510545488317657,47.65209084498016],[-3.51040077355638,47.651891198811235],[-3.510329895457231,47.651967409164996],[-3.510214913006222,47.65190157656435],[-3.510011276848237,47.651985199223944],[-3.510030149385389,47.651920924363296],[-3.509885212941677,47.651938048216564],[-3.509929540136515,47.65186332058459],[-3.509794588689617,47.65185279207245],[-3.509649539840495,47.651978300967635],[-3.509550027815436,47.651929667208925],[-3.509610050275533,47.651655368522306],[-3.509451838708606,47.6516732330286],[-3.509325889205383,47.651517696056935],[-3.50930591908938,47.65157300046752],[-3.50916767795155,47.651535560179795],[-3.508994338800675,47.65121106841033],[-3.508810673911011,47.6512393846426],[-3.508773154923506,47.651151163270065],[-3.508504352870934,47.65113907377074],[-3.508641266639757,47.65138431523133],[-3.508736504090911,47.651288682988444],[-3.509008597401746,47.65132768301452],[-3.50898302908665,47.6514465209699],[-3.509078152361762,47.651459273813906],[-3.509128834181412,47.65165513929206],[-3.509247105359388,47.651747884018896],[-3.509375475102496,47.65170459107306],[-3.509380846483115,47.65185782815554],[-3.509598630566107,47.65199920641903],[-3.509840885622672,47.65201277582881],[-3.50984625837101,47.65216601286519],[-3.509995583449236,47.65218477042489]]]},"properties":{}},{"type":"Feature","geometry":{"type":"Polygon","coordinates":[[[-3.486322806921699,47.65294412286956],[-3.486449012024839,47.65288291401886],[-3.486235497677666,47.652885760181746],[-3.485912815171611,47.652650831770536],[-3.485745688175783,47.65270528492371],[-3.485719296713918,47.652598376611344],[-3.485492507193432,47.65260195989089],[-3.485043786826239,47.65231985160006],[-3.485070176796773,47.65242676008055],[-3.484849014751822,47.65236680969919],[-3.484506509030331,47.65207879225615],[-3.484039987126909,47.65186992135439],[-3.483900999991531,47.65160670996968],[-3.483679842659526,47.65154675734997],[-3.483538507517635,47.651373989643794],[-3.483739070264351,47.651155115976636],[-3.483594292913003,47.65106382188035],[-3.483380619817634,47.651175048177954],[-3.482876467350391,47.65098632834583],[-3.48265346368851,47.65069166183294],[-3.482463232563385,47.65066611303971],[-3.482411557244983,47.65046126529981],[-3.48216150187055,47.65049323013648],[-3.482075461985247,47.6503354494881],[-3.482171837457394,47.650248809458795],[-3.482127809567046,47.65010675582595],[-3.48198488489722,47.65025017171182],[-3.481825914093962,47.65004225741573],[-3.481887923597876,47.65000268477544],[-3.481755166815746,47.65001006510188],[-3.481744244745899,47.649920358946666],[-3.481510743675365,47.64997849622152],[-3.481470746895125,47.65008909561319],[-3.481346896979693,47.65005985501197],[-3.481446210002093,47.65021689823032],[-3.481499482636527,47.65010556085916],[-3.481734076481439,47.65005639422594],[-3.481928336395896,47.65033459745973],[-3.482033450189229,47.65031972244307],[-3.482069663570715,47.65050736720709],[-3.48237702359448,47.65061671800559],[-3.4823613951809,47.65070790025947],[-3.482547256979039,47.65069756679979],[-3.482757151310376,47.65088458629663],[-3.482729339953479,47.650985477326245],[-3.482818994086752,47.65095339853903],[-3.483000153606278,47.65112395266183],[-3.483062163496419,47.65108437942079],[-3.483110730952019,47.65115392967401],[-3.483491197483028,47.651205024829316],[-3.483464314163499,47.651423271943656],[-3.483631108736435,47.65158559267234],[-3.483949404293976,47.65178464516923],[-3.48400780717139,47.651934930296996],[-3.484184767428231,47.65196121486002],[-3.48476045222708,47.65240786059606],[-3.485173876529295,47.652619682224866],[-3.485177479502686,47.65242982339803],[-3.485336470480427,47.652637732875114],[-3.485525617113972,47.65265430639713],[-3.485664776234354,47.65280913045323],[-3.485899378128008,47.65275995552761],[-3.486322806921699,47.65294412286956]]]},"properties":{}},{"type":"Feature","geometry":{"type":"Polygon","coordinates":[[[-3.481263455883168,47.65036252718841],[-3.480817302974446,47.649881572760826],[-3.480488687314349,47.64992693213723],[-3.480083118498512,47.64966950263914],[-3.479815768529599,47.649449546911136],[-3.47979502304143,47.64927910481751],[-3.479408940853836,47.64929152982093],[-3.479362389467358,47.64934830468947],[-3.47919107345101,47.64925848055612],[-3.478825908717152,47.64933296039519],[-3.47879027365066,47.64947944148737],[-3.478601140364622,47.64946285703654],[-3.478595155258453,47.649743160083055],[-3.478370560665219,47.64976467083868],[-3.478372567890781,47.649890997547686],[-3.478045956553232,47.65006267675225],[-3.477762799683285,47.65004228348793],[-3.477919364781308,47.64968136433191],[-3.477777875981428,47.64961697491861],[-3.477657126222002,47.64972302778429],[-3.477804250056596,47.64972388519042],[-3.477647684055132,47.65008480418419],[-3.477669691998045,47.650155831848686],[-3.477840093906813,47.650128302126916],[-3.47782991564882,47.65026433705154],[-3.477923023182429,47.65015078856956],[-3.478274919029074,47.65007704921416],[-3.478566244957409,47.649835079536295],[-3.47875537955202,47.649851664040376],[-3.47871463615964,47.64973652102609],[-3.478786472945387,47.64977768582945],[-3.479130722808808,47.649641149370225],[-3.479645196349375,47.64958546495582],[-3.4795966348388,47.64951591320541],[-3.479775768632485,47.64956014575317],[-3.479805768570866,47.64947719662352],[-3.480165875604722,47.64980037291621],[-3.480604720839853,47.6500017646755],[-3.480673111985857,47.65012440183867],[-3.480764949996533,47.65011026586278],[-3.480788054149361,47.650190263562685],[-3.480944086754164,47.65015449660585],[-3.480981559024667,47.650242726953664],[-3.481263455883168,47.65036252718841]]]},"properties":{}},{"type":"Feature","geometry":{"type":"Polygon","coordinates":[[[-3.47755947517299,47.64990907886921],[-3.477642581517649,47.64982318010392],[-3.477463448609361,47.64977894429219],[-3.477541275169609,47.649539806882814],[-3.477260125849892,47.64964573913432],[-3.477166283344679,47.64953354561424],[-3.477290307989622,47.64945440522424],[-3.477063709969958,47.6493495867164],[-3.477121356538956,47.64927413394132],[-3.476974412838568,47.64916489022932],[-3.476865846697347,47.649261234156064],[-3.476675623443834,47.64923567592231],[-3.476433209469607,47.64933042318393],[-3.475956741310525,47.64914916914183],[-3.47557684182003,47.64877289302229],[-3.475324608058458,47.648786901899946],[-3.475390803278719,47.648891600871],[-3.475545744562186,47.64884687041795],[-3.475707960849653,47.649081705415156],[-3.476140055269921,47.64933767540465],[-3.476225345536877,47.64926971896411],[-3.476317003036229,47.649363971917154],[-3.476724001499861,47.6494136143343],[-3.476789108879728,47.649509341814394],[-3.476845843782809,47.64931653308012],[-3.476980782301746,47.649327099654535],[-3.477006063237922,47.649425039460084],[-3.477170827542968,47.64946104282586],[-3.477053351157625,47.64959400705657],[-3.477070813761543,47.64973753762811],[-3.477185750644968,47.64980340290864],[-3.477443801983096,47.64961747246774],[-3.477329422148294,47.6498857343471],[-3.47755947517299,47.64990907886921]]]},"properties":{}},{"type":"Feature","geometry":{"type":"MultiPolygon","coordinates":[[[[-3.470097266751691,47.64930163406121],[-3.470117134235425,47.64915727890482],[-3.470246619735071,47.64912299961627],[-3.470097266751691,47.64930163406121]]],[[[-3.470088255182107,47.649312412352934],[-3.470024909046099,47.64938817738227],[-3.46970469305363,47.6490627598096],[-3.469536664613661,47.64899983370739],[-3.469518834465418,47.64907307285208],[-3.469268076858561,47.64887926849397],[-3.469078175386894,47.64881370020656],[-3.469228444759385,47.64877309285227],[-3.469405387246442,47.64879939983828],[-3.469485936565083,47.64891233626569],[-3.469562319608266,47.648881004245624],[-3.469989635926239,47.64931788493937],[-3.470088255182107,47.649312412352934]]],[[[-3.469045833088567,47.648802533162794],[-3.468975119295805,47.64877811728633],[-3.46864541038787,47.64881447264343],[-3.468625203279835,47.648978155622125],[-3.468586662358043,47.6488809505114],[-3.468390994735327,47.6488105250678],[-3.468132022702068,47.64887907939959],[-3.468003823414256,47.6488139416468],[-3.467793593882758,47.648843666369004],[-3.467818162844777,47.648715866528846],[-3.468160950459982,47.6487871624827],[-3.46835720685107,47.6485324319273],[-3.468593985816059,47.64850123312837],[-3.468691078432052,47.64864034582349],[-3.468936577881039,47.648680912280874],[-3.469045833088567,47.648802533162794]]]]},"properties":{}},{"type":"Feature","geometry":{"type":"Polygon","coordinates":[[[-3.470836714664838,47.64946956318642],[-3.470629946883812,47.649417819738005],[-3.470499754681625,47.64922635786491],[-3.470627059460763,47.64917413670754],[-3.470399577679451,47.648951949090645],[-3.470232446440749,47.649006380162355],[-3.470257714837988,47.649104321443886],[-3.470186975783655,47.64907212211102],[-3.470140800303972,47.64891212241946],[-3.470324477682604,47.64888386693244],[-3.470259382664193,47.648788135819565],[-3.470373603402254,47.648628266179664],[-3.470223404577643,47.64849210175613],[-3.470231421415007,47.64833812590752],[-3.470482372045603,47.64842354277563],[-3.470506358319311,47.64862089877812],[-3.470599286739438,47.64861574150731],[-3.470610189804961,47.64870544876439],[-3.470674386709549,47.648683823498445],[-3.470918415140116,47.64893218598294],[-3.470994797370537,47.64890085302685],[-3.47116372693975,47.649081133202245],[-3.470796754381537,47.64892087562604],[-3.470728387478538,47.64879823260663],[-3.470518159526862,47.64882796223074],[-3.47051251604683,47.64889149405864],[-3.47044524011675,47.64877782159771],[-3.470368857739738,47.64880915419659],[-3.470352119066105,47.64889136420255],[-3.470628533328354,47.64896633654265],[-3.47075545433203,47.64913088613218],[-3.47075428900569,47.64922126314723],[-3.470782904444486,47.64924676873696],[-3.47077379871195,47.6493917738297],[-3.470594864789569,47.64923914204727],[-3.470653227265525,47.649389434046824],[-3.470836714664838,47.64946956318642]]]},"properties":{}},{"type":"Feature","geometry":{"type":"Polygon","coordinates":[[[-3.47173528865407,47.64927519004751],[-3.471694560851158,47.649160044551394],[-3.471799675182737,47.64914517873103],[-3.471988281712047,47.648827647129444],[-3.471838078205696,47.64869148479555],[-3.471885916763744,47.64853529814564],[-3.472227806598012,47.64848922598604],[-3.472292190978203,47.6483592143449],[-3.47255077941202,47.64850742174552],[-3.472820650709474,47.648528564666826],[-3.472958671500073,47.64867443347991],[-3.473282736441794,47.64870159791813],[-3.473301279374436,47.64885409981951],[-3.473345655238584,47.64877938595201],[-3.473565512872804,47.64893877297746],[-3.473878856266503,47.64876784332666],[-3.474156365751351,47.64885177802088],[-3.473993972056653,47.648725326313865],[-3.473783746211902,47.648755061814065],[-3.473615713930585,47.64869214156718],[-3.473508233484119,47.64879745309516],[-3.473243096485943,47.64859542362834],[-3.473080518945758,47.648577356114394],[-3.473074878543176,47.64864088807434],[-3.472931216956731,47.648558551351655],[-3.472930313356748,47.648441195166676],[-3.47268372132391,47.64839166638721],[-3.471839592697811,47.647824400858404],[-3.471585892336666,47.64804620197525],[-3.471796828315173,47.64824221213388],[-3.471802091425604,47.64839545120332],[-3.47157659914724,47.64829959271383],[-3.471427108317545,47.64838917151394],[-3.471682423038013,47.648510468677785],[-3.47171769785415,47.64858076063931],[-3.471620407699915,47.64855003593307],[-3.471587124144695,47.648606070850875],[-3.471918632510408,47.64880441955236],[-3.471816790423978,47.6488461976232],[-3.471742779267966,47.64878708708655],[-3.471718931057532,47.6491406293574],[-3.471221572129754,47.648897297875415],[-3.47114390890941,47.649028045710885],[-3.471231195332078,47.64908641979029],[-3.471370684199274,47.64902449027032],[-3.471457780775738,47.649191249622234],[-3.471655824520207,47.64917122590557],[-3.47173528865407,47.64927519004751]]]},"properties":{}},{"type":"Feature","geometry":{"type":"Polygon","coordinates":[[[-3.462673241009548,47.648170292114024],[-3.462590945528681,47.64782263835085],[-3.462397676004463,47.64766175893523],[-3.462304331100623,47.64788368069262],[-3.462308015127733,47.64769382210927],[-3.462205078761508,47.647726621019665],[-3.461936513982331,47.64760603887523],[-3.461952637047701,47.64784898654285],[-3.461919972151752,47.64757986221395],[-3.46181942304436,47.647522216895915],[-3.461781564895705,47.64765075131164],[-3.461585032135722,47.647462958096895],[-3.461619414251646,47.64741589681039],[-3.461746513593182,47.64747207080086],[-3.461734536892204,47.647373391845186],[-3.461647053651415,47.64742339614536],[-3.461702542372231,47.647330009271364],[-3.461428116145314,47.64738134291635],[-3.461375436039813,47.64716751471202],[-3.46114561294853,47.64703575275604],[-3.461052263932466,47.64725767358566],[-3.460895560896748,47.64706767214335],[-3.46095431651187,47.647001198079494],[-3.461033756562745,47.647105169615415],[-3.461135485239202,47.64690335535229],[-3.461015249298815,47.6469526656301],[-3.461028735769117,47.64684354440879],[-3.460840705978811,47.64683590201352],[-3.460726460516883,47.646995762483606],[-3.460680739144098,47.6466189877626],[-3.460854404394468,47.64661839524282],[-3.460908382017657,47.64673280901137],[-3.460941675618233,47.64667677708097],[-3.461229162954695,47.64673309442902],[-3.461422846520073,47.64667720474013],[-3.461270955021695,47.64685721453859],[-3.461343652560961,47.6470157464939],[-3.461452031752938,47.64702780242427],[-3.461526697308894,47.64731266141827],[-3.461645086116098,47.64729706898924],[-3.461649651213563,47.64722456672124],[-3.461866201068255,47.647357063440246],[-3.461980234556202,47.64730558741817],[-3.462304748453568,47.647666909686244],[-3.462393320381962,47.64762587570717],[-3.462378075749347,47.64750028440241],[-3.46244206614398,47.64758704916265],[-3.462595925554893,47.647533365043266],[-3.462614021442972,47.64790263973737],[-3.462758546560443,47.64810234546219],[-3.462852563817594,47.64810616515207],[-3.462673241009548,47.648170292114024]],[[-3.461146475119502,47.64689884825279],[-3.461206545600943,47.646987220207784],[-3.461193481319237,47.64687957035006],[-3.461146475119502,47.64689884825279]]]},"properties":{}},{"type":"Feature","geometry":{"type":"MultiPolygon","coordinates":[[[[-3.510022858420184,47.64289875061292],[-3.50951441581817,47.64256587750032],[-3.509509916151119,47.642638381800786],[-3.509442545373944,47.64258462037924],[-3.509550945959947,47.642536742779576],[-3.509429404550621,47.642417086740565],[-3.509647262733403,47.64245007974368],[-3.509704742337054,47.64255068248604],[-3.509573105902292,47.64249937884635],[-3.509773079527464,47.64271400296125],[-3.509766279564703,47.6426583865613],[-3.509817287062559,47.64274766086768],[-3.509992035941701,47.642755965703174],[-3.510022858420184,47.64289875061292]]],[[[-3.509312992719932,47.64264184002764],[-3.509364891678327,47.64276389094559],[-3.509211206481718,47.64270925091941],[-3.509062891156486,47.642807848509584],[-3.509183676286072,47.64259337696079],[-3.508853050526217,47.64251248962323],[-3.508609627672497,47.642598333562084],[-3.508597565409636,47.64249965917666],[-3.508709235844835,47.642538582498354],[-3.508618629434011,47.64245332502456],[-3.509044589300323,47.642330194221024],[-3.509052578375181,47.6422650700403],[-3.509103166106352,47.6423720816706],[-3.508992478533222,47.64245051498921],[-3.509171612962869,47.64249470263439],[-3.509165032987199,47.642440880271856],[-3.509364134202822,47.642429762973585],[-3.509362924431161,47.642529178448555],[-3.509222513337239,47.642473797265446],[-3.50931531412601,47.64257699505387],[-3.509199143081417,47.64261057660179],[-3.509246640207041,47.64267114590361],[-3.509312992719932,47.64264184002764]]],[[[-3.509053407784665,47.6422583089712],[-3.509057976387693,47.642221067213946],[-3.509220546726989,47.64223908473063],[-3.509151003433417,47.64210749338365],[-3.509237223433437,47.64215686888212],[-3.509239530096981,47.64206642378418],[-3.509365570113046,47.64211357573073],[-3.509157810340125,47.64194454397492],[-3.509011804086168,47.64195269643773],[-3.509027384398068,47.64186151020892],[-3.509500496846087,47.642124104791755],[-3.50932113706564,47.64229668940873],[-3.509053407784665,47.6422583089712]]]]},"properties":{}},{"type":"Feature","geometry":{"type":"Polygon","coordinates":[[[-3.460449857937302,47.64702915218926],[-3.460082056358758,47.6467515044109],[-3.460037214952242,47.64649208579937],[-3.459663549067343,47.64638635361436],[-3.459721430955612,47.64620252372394],[-3.459604132422021,47.646227085052566],[-3.459606523388337,47.64613664114392],[-3.459448311475364,47.646154438000835],[-3.459339060842438,47.646025023770356],[-3.459213929208167,47.646095174403435],[-3.459293364519067,47.6461991471716],[-3.459141897387778,47.64616238308184],[-3.459031559174513,47.6460239977195],[-3.458799138687083,47.646091060573845],[-3.458942771821741,47.64617341477528],[-3.458846581692152,47.64615165024181],[-3.458857464495828,47.64624135870975],[-3.458704909289249,47.6461956232076],[-3.458686408996633,47.64604311878122],[-3.458491420233909,47.646198418690574],[-3.458553226283575,47.64626724393961],[-3.458479016957792,47.64631651050538],[-3.458347571021166,47.64622444952203],[-3.458351269012042,47.646034590899454],[-3.458203067498595,47.64602473814649],[-3.458096650160688,47.646139006496725],[-3.457780660926362,47.64595782472443],[-3.457804816923348,47.64604679799576],[-3.457579141451212,47.64605929797441],[-3.457505149933753,47.646000178335235],[-3.457702098984877,47.6459712073737],[-3.457358474129038,47.64578252416939],[-3.457232252458649,47.64584370182683],[-3.457190901405568,47.64605370787268],[-3.456944115462484,47.64611253140854],[-3.456941071154569,47.645977233221586],[-3.456755220849105,47.64598752597987],[-3.456697989150022,47.64584619764331],[-3.456530853664947,47.645900609205626],[-3.456560447006561,47.64603443708308],[-3.456396574387731,47.64611576105366],[-3.456324759807461,47.646074582409305],[-3.456416817922838,47.645952079947286],[-3.456261869014265,47.64599678510284],[-3.456227704100669,47.645935459254744],[-3.456167855945801,47.64599296010602],[-3.456128252057448,47.645886779862984],[-3.456082766682554,47.645952516429304],[-3.455980051365057,47.64587692428974],[-3.455925641924199,47.645979279391845],[-3.455750890944902,47.64597089370986],[-3.455738925668518,47.645872214062756],[-3.455559824188769,47.645827944584795],[-3.455644047320409,47.645751032164526],[-3.455540022891076,47.64577485435807],[-3.455541333012254,47.64567543963139],[-3.455424676122209,47.645925738853705],[-3.455381810694743,47.645792645712305],[-3.455466034027249,47.64571573341894],[-3.455343296199267,47.64569543607359],[-3.455284535032144,47.64576190736113],[-3.455336992944711,47.64553322516792],[-3.455220781521335,47.64556675298729],[-3.455068454725997,47.645412627100946],[-3.454959856671628,47.64550895086036],[-3.454777494316143,47.64543776751529],[-3.454622736000025,47.645924983821345],[-3.454503485156164,47.645823212662236],[-3.454605335025857,47.64578144961565],[-3.45446039750749,47.64579850477918],[-3.454424059738067,47.64571923661765],[-3.454377484886832,47.64577600163593],[-3.45411809799542,47.645510397305635],[-3.454043885627482,47.64555966107406],[-3.453996448602142,47.64549906943753],[-3.453978372714839,47.64568069195238],[-3.45384888512025,47.64571495327508],[-3.453648264091106,47.645382877317004],[-3.453464589937274,47.645411106642534],[-3.453407367571778,47.645269776651915],[-3.453140782358374,47.64527550157376],[-3.453150162564797,47.645022111908915],[-3.45301718667806,47.64513784524401],[-3.453154917307895,47.645392123324804],[-3.452998020301734,47.6453104967361],[-3.45298343051855,47.64541064621206],[-3.452948410148339,47.64523196285471],[-3.452857660423565,47.645255047911675],[-3.452791513928987,47.64515033598191],[-3.452860518478391,47.644947832817394],[-3.452686858577017,47.64494841345693],[-3.452729085606768,47.64485576544825],[-3.452331470807232,47.6451035488508],[-3.45230989893355,47.64536664403304],[-3.452319283101492,47.64511325444696],[-3.452154548996926,47.64507721596112],[-3.452337364443487,47.644931632135126],[-3.452139558502568,47.6448432375082],[-3.451973278958914,47.64501499913826],[-3.451954338938453,47.64507926483718],[-3.452074899822668,47.645081623918756],[-3.451973049308339,47.6451233847749],[-3.451946040145265,47.64534162531355],[-3.45218607596677,47.645337372455934],[-3.452125136994481,47.64538590034179],[-3.45228420720977,47.64548546992199],[-3.452315334756142,47.64541149859024],[-3.452322944923126,47.645474294968146],[-3.452276368050547,47.64553105915614],[-3.451982144342565,47.64552927987501],[-3.451868334872324,47.64547236057666],[-3.451928187076298,47.645414861912045],[-3.45183200117554,47.64539309159563],[-3.451820273237939,47.64518602589095],[-3.451657713344831,47.64516792854021],[-3.45165468249451,47.645032630149245],[-3.451518672833743,47.64501306338589],[-3.451429471381106,47.64482834697026],[-3.451236015208211,47.64477583449934],[-3.451066079659853,47.644586554190155],[-3.450920057341523,47.64459463404612],[-3.450759905441941,47.64448609163261],[-3.450143833406758,47.644475022629805],[-3.450107502950793,47.64439575307139],[-3.449994550984914,47.644456188521836],[-3.450010618728483,47.644699138233115],[-3.45011705050968,47.64458487716199],[-3.450070238553056,47.64475002615089],[-3.449950765261077,47.64475663593691],[-3.44988920593852,47.64457942042683],[-3.449866769421158,47.644725158644285],[-3.449752729763508,47.64477662291357],[-3.449673080839559,47.64478102923466],[-3.449651346744958,47.644601610447566],[-3.449359301553309,47.64461776644081],[-3.449395396164168,47.644805421872164],[-3.449312252168627,47.64489130076775],[-3.449290284143971,47.64482026757226],[-3.449134245932588,47.644855992360206],[-3.449112893855734,47.64501070135467],[-3.449058943266119,47.644896282035965],[-3.448852592939029,47.64517862777837],[-3.448685073984237,47.644898900300014],[-3.448352115764154,47.644908285628894],[-3.447350828720289,47.64502687963591],[-3.446963443692898,47.64513861213525],[-3.446864001586889,47.645089924838565],[-3.44687051904799,47.645143750618686],[-3.446358226494102,47.64521723279787],[-3.445508141724048,47.64548097727698],[-3.445401941286887,47.6454868484997],[-3.445365617186321,47.64540757750881],[-3.445897946447168,47.64527880595522],[-3.445430906358296,47.645394937051016],[-3.445515986658348,47.645435388495855],[-3.446861829102778,47.645071982911425],[-3.449019354337325,47.64479009932323],[-3.449033951390608,47.64468995031002],[-3.449163439589155,47.64465569430488],[-3.449044437591047,47.64444553184426],[-3.449122999457151,47.644432155005354],[-3.449154746639623,47.64458392674994],[-3.449321885521186,47.644529525701124],[-3.449269256742738,47.6443156917238],[-3.449471637369343,47.64433158933342],[-3.449410462224352,47.644488501496355],[-3.449505558831894,47.644501302874716],[-3.449585676347013,47.64428012532655],[-3.449760420820009,47.64428852023624],[-3.449730995402897,47.64459720414087],[-3.449948206285316,47.6444045661447],[-3.450011786892615,47.64415720988849],[-3.450099042227881,47.64421559989895],[-3.450184357466529,47.644147662287466],[-3.450543859918036,47.64413680277384],[-3.450557988890419,47.64425342490813],[-3.450694228507579,47.64416460711537],[-3.450838930841287,47.64425594229224],[-3.450677460980534,47.64424681449948],[-3.450677228701287,47.64435520017692],[-3.450776904994637,47.64429549857203],[-3.450764485088433,47.64441358968443],[-3.451016704613652,47.64439963378944],[-3.450998850584378,47.64447287028186],[-3.451070890379806,47.64440566656451],[-3.451268692928432,47.64449406302069],[-3.451254100122877,47.64459421232324],[-3.451521769150301,47.64459746262637],[-3.451429702134497,47.644719961318025],[-3.451581390302354,47.644648349775764],[-3.451635346049954,47.64476276794451],[-3.451677574758455,47.644670120306934],[-3.451788121125643,47.64470012705647],[-3.451829659699123,47.64493263632037],[-3.451937175140751,47.644827344523804],[-3.452098646973615,47.64483647057298],[-3.452325634646288,47.64472456643142],[-3.452506675542805,47.64489516836766],[-3.4524707985682,47.644599128245225],[-3.452607035884186,47.64451030823816],[-3.452890153771577,47.64453076251546],[-3.452912126469028,47.64460179504477],[-3.453030511778396,47.64458621132178],[-3.452988285485294,47.64467885945237],[-3.453090134356638,47.644637097701604],[-3.453071195815381,47.644701363594216],[-3.453205030649063,47.64470298674102],[-3.453442208821307,47.6450059464441],[-3.453547320052001,47.64499109701046],[-3.453534906114954,47.645109188374526],[-3.453749026384644,47.64533214410798],[-3.454053712446697,47.645089500107375],[-3.454126836689276,47.64503126542444],[-3.45418863575757,47.64510009302384],[-3.454305934306208,47.645075537117215],[-3.454290259549337,47.645166715874666],[-3.454473932425147,47.64513848524768],[-3.454570982109916,47.645277609916654],[-3.454801229209271,47.64519261366586],[-3.454822117139349,47.64525467492261],[-3.454967500203581,47.64502084802743],[-3.455393381563467,47.64500629866035],[-3.45565974302793,47.64510895424301],[-3.455574210886879,47.645285281452715],[-3.455721322125472,47.64528616666356],[-3.455659076535749,47.64543411114007],[-3.45581293656246,47.64538043589188],[-3.456167873792209,47.64544206119126],[-3.456148293204291,47.64528058542722],[-3.456370702185388,47.64524117558414],[-3.456610516969941,47.64534529926988],[-3.456511933113468,47.645413976690705],[-3.456550449534737,47.64551118595845],[-3.456604857299822,47.64540883054045],[-3.45675632054411,47.645445597933325],[-3.456641198097442,47.64548809803655],[-3.456664264081924,47.64556810069514],[-3.456847937083277,47.64553986634232],[-3.456789617701393,47.64538956714849],[-3.457109083350165,47.64548927863242],[-3.457195041594807,47.64564707805395],[-3.45732170042067,47.64536912918273],[-3.457496449676077,47.64537751251814],[-3.45750602359879,47.645566635907464],[-3.457627892058014,47.64546957449953],[-3.45779458941889,47.645631932600146],[-3.457910799366972,47.64559840222211],[-3.457864228330429,47.64565516863369],[-3.457980220833827,47.6457300238007],[-3.457885990468845,47.64583458579372],[-3.458001112671587,47.64579208447175],[-3.457999807130299,47.64589149921993],[-3.458319278045462,47.64599120736906],[-3.458386086316862,47.6457707593231],[-3.458686625015032,47.64593473318369],[-3.458783030510585,47.6458481122487],[-3.459156905944433,47.64584546167569],[-3.459312066735073,47.64569236706525],[-3.459641334553367,47.645872809207575],[-3.459928795204231,47.64537823084545],[-3.460356642471883,47.64548999070319],[-3.460018262214032,47.64600545400263],[-3.459652218636294,47.64596251761453],[-3.459878768064812,47.64606737006813],[-3.459925998773386,47.646236344887406],[-3.459840692598823,47.64630428953745],[-3.459904890978569,47.64628267016115],[-3.460006310820224,47.646457673575746],[-3.460078341950469,47.64639046437481],[-3.460141238771891,47.64646825961111],[-3.460062463445406,47.64659002941311],[-3.460191523246107,47.64677253234472],[-3.460314265395591,47.646792824586],[-3.46028683928077,47.64667693937477],[-3.460378676755638,47.6466628193955],[-3.460429387731516,47.646750320892856],[-3.460553430727921,47.6466711981534],[-3.460688147372609,47.646790169114844],[-3.460609372818965,47.6469119392651],[-3.460357356557652,47.64681753029759],[-3.460449857937302,47.64702915218926]],[[-3.454053712446697,47.645089500107375],[-3.453924000646732,47.64523214715844],[-3.454060873792596,47.64536906764238],[-3.454139886262332,47.64513891617546],[-3.454053712446697,47.645089500107375]],[[-3.454921647483129,47.64535029041597],[-3.455007741777616,47.64535277086464],[-3.454925053274627,47.645221882473855],[-3.454921647483129,47.64535029041597]],[[-3.455842306021499,47.64562264960335],[-3.455871253183389,47.64553073557391],[-3.455756351816534,47.645464849184684],[-3.455842306021499,47.64562264960335]],[[-3.4560183651036,47.64553162041066],[-3.456077125103005,47.64546514874611],[-3.455982025201557,47.64545235272264],[-3.4560183651036,47.64553162041066]],[[-3.456313235124462,47.64575913162638],[-3.45632890659865,47.64566795262573],[-3.456231630617797,47.64563721506101],[-3.456313235124462,47.64575913162638]],[[-3.456864256075264,47.645674429364334],[-3.456875574840685,47.64554736681323],[-3.456761540185989,47.6455988379008],[-3.456864256075264,47.645674429364334]]]},"properties":{}},{"type":"Feature","geometry":{"type":"Polygon","coordinates":[[[-3.446235493277951,47.64519692588046],[-3.446828761819446,47.64501962525],[-3.448657674098169,47.64478301224619],[-3.448632306600651,47.64424255247042],[-3.448410606717367,47.643956790554945],[-3.44815753956257,47.64385338417635],[-3.447526028097801,47.6438250936621],[-3.448056774745596,47.6439041126025],[-3.448256743350423,47.64401045609551],[-3.448468190636528,47.64443225106636],[-3.448443103668104,47.64477681842402],[-3.448147797795176,47.644766058536874],[-3.44824506753097,47.64479680284519],[-3.446838778029305,47.644991978297774],[-3.446235493277951,47.64519692588046]]]},"properties":{}},{"type":"Feature","geometry":{"type":"Polygon","coordinates":[[[-3.445291544057782,47.64391252375311],[-3.445135992889604,47.64373147183357],[-3.445276827228251,47.64357015857417],[-3.44551384042248,47.64343062075047],[-3.445879011228698,47.64335624478698],[-3.446312243436517,47.64351291108618],[-3.446551790170135,47.64372544121325],[-3.446822713176234,47.64375561520053],[-3.446253955944533,47.643362606476636],[-3.445696668344363,47.643285047190204],[-3.445084711218175,47.64341822115696],[-3.444843109344977,47.64363025985945],[-3.445291544057782,47.64391252375311]]]},"properties":{}},{"type":"Feature","geometry":{"type":"Polygon","coordinates":[[[-3.448074870185475,47.64372249083624],[-3.448201097336079,47.6436613230037],[-3.448152819607678,47.64348337226152],[-3.447614101819898,47.64300742881869],[-3.447348613569237,47.643022111498595],[-3.446385614959022,47.64334629548098],[-3.446382115582158,47.643427768273476],[-3.446848176174703,47.643745176109846],[-3.446932408574775,47.643668269885964],[-3.446743305801713,47.64365163382365],[-3.446990331371483,47.64348444604427],[-3.446985746676955,47.64355694787951],[-3.447279959343076,47.64355873974357],[-3.44712911527447,47.643747702414565],[-3.447365885411522,47.64371654655323],[-3.44738483047423,47.643652281552605],[-3.447446619249433,47.64372111276694],[-3.448074870185475,47.64372249083624]],[[-3.447380724246345,47.64350801197821],[-3.447196445656062,47.64331048907108],[-3.447265229853964,47.64321637475218],[-3.447366841414309,47.643283003689504],[-3.447254974972532,47.64335240749356],[-3.447395562965189,47.64329947737868],[-3.447456265038784,47.643359337633925],[-3.447448422067293,47.643404926594556],[-3.447362257248633,47.64335550554711],[-3.447380724246345,47.64350801197821]]]},"properties":{}},{"type":"Feature","geometry":{"type":"Polygon","coordinates":[[[-3.423925640057443,47.64503756483708],[-3.424200662398482,47.64476954803798],[-3.424222372618781,47.64450645798005],[-3.424433406176014,47.644594168363376],[-3.424519837166029,47.64453522068248],[-3.42452957945298,47.644615961241534],[-3.424705688615718,47.64452497918861],[-3.424978768422334,47.644573146154734],[-3.424999107740607,47.64440947037285],[-3.424820321484462,47.644256768127626],[-3.424884816249776,47.64412678234393],[-3.424804083732033,47.64412220054208],[-3.424747223604463,47.64387247078915],[-3.424845275996321,47.64402059140315],[-3.425055226099889,47.64409932951311],[-3.425230534041399,47.64389098983285],[-3.425178002433292,47.64367714494329],[-3.425075849280334,47.64382726803306],[-3.425072885903141,47.64369196886587],[-3.424937971941496,47.64368134232212],[-3.424858607324468,47.64357734607217],[-3.424650539377162,47.64362493560261],[-3.424452784154788,47.64353649405047],[-3.42439182202234,47.643585007515085],[-3.424414327632985,47.643439274110435],[-3.424145869856028,47.643318604854684],[-3.423940762763123,47.6435014923412],[-3.423832399219941,47.643489401598174],[-3.423669279733856,47.64368803661118],[-3.423727790980399,47.643729966808934],[-3.423616975169606,47.643808319146586],[-3.423698502358326,47.64393025859527],[-3.423777069815467,47.64391689879512],[-3.423661350109963,47.64417613769698],[-3.423578453004509,47.64415361268207],[-3.423510708124793,47.644256684190715],[-3.423567850218249,47.644398028886805],[-3.423713876131415,47.64438998321283],[-3.423670516765597,47.644473649570244],[-3.423756948403149,47.644414702449964],[-3.423641514714924,47.64456555566537],[-3.42377397902868,47.64466662694088],[-3.423717852626107,47.64497676709363],[-3.423766337160671,47.64504634221267],[-3.423780981678175,47.64494619637269],[-3.423925640057443,47.64503756483708]],[[-3.424302023230346,47.64450206900731],[-3.424231318019273,47.644469841783014],[-3.424312336844742,47.644366038367544],[-3.424302023230346,47.64450206900731]],[[-3.423928219584989,47.644062094401164],[-3.423832334355401,47.643931915386204],[-3.423950726662944,47.643916361121995],[-3.423928219584989,47.644062094401164]]]},"properties":{}},{"type":"Feature","geometry":{"type":"Polygon","coordinates":[[[-3.440214218984582,47.64411265218339],[-3.440299158725985,47.64417938680627],[-3.440493940088852,47.64413250276467],[-3.440465799328593,47.64434176973372],[-3.440767284539843,47.64407224717396],[-3.440809026927398,47.644196374769706],[-3.441080782558322,47.64434391874465],[-3.441383098819867,47.644191751284986],[-3.441369572846466,47.64430087038619],[-3.441507998525577,47.64423000534458],[-3.44158522587991,47.644316048215636],[-3.441672973391187,47.644157673192055],[-3.441748030176601,47.64422577392723],[-3.441871009617021,47.644137699903055],[-3.441832520929015,47.64404048572867],[-3.441925444137656,47.644035351248846],[-3.442055770933091,47.64411845979612],[-3.442355663033675,47.64405673345174],[-3.442385219802129,47.64419056504558],[-3.442498179823177,47.644130136942884],[-3.442661818964179,47.64415721805324],[-3.442603043694841,47.644223683015795],[-3.442719260119629,47.64419016772248],[-3.442695718657761,47.64432693358629],[-3.442826295591247,47.64430165560359],[-3.442960966727724,47.644420647146575],[-3.443091791451816,47.64428698320911],[-3.442934913089545,47.64420534306176],[-3.443032178799683,47.64423609171855],[-3.443126435445909,47.64413154161903],[-3.443261354164205,47.644142147158526],[-3.443313614774354,47.64402185585398],[-3.44337431309061,47.64408171820731],[-3.443517078170062,47.64404673478099],[-3.443637882923975,47.643940716889055],[-3.443554977754543,47.643918206044816],[-3.4435961341562,47.64381659028749],[-3.443818546302913,47.64377720430705],[-3.443844256055038,47.643658380174536],[-3.44436981170245,47.64358417517838],[-3.444462978770443,47.643470652971004],[-3.44489922138451,47.64376262317598],[-3.444865912757873,47.6438186506193],[-3.445044998620558,47.643862936534575],[-3.446225597206757,47.6446736736487],[-3.44644125312761,47.644688842512686],[-3.446249733355703,47.644762649367365],[-3.445708605192009,47.644377141177],[-3.445621111847644,47.64442713355602],[-3.445664436757731,47.64434345905426],[-3.44558153010771,47.64432094965268],[-3.44547617513724,47.64444417758746],[-3.445451197326703,47.64423784504686],[-3.445093266328508,47.644040888525595],[-3.444968120621323,47.64411102397429],[-3.444789033989853,47.64406673794692],[-3.444723501919624,47.64418776372953],[-3.444814985905308,47.643839527930325],[-3.444438952200929,47.64382419063266],[-3.444450896121721,47.64392287154112],[-3.444334926526626,47.643848002874435],[-3.44430596040718,47.64393991412545],[-3.444001728262845,47.64396576149819],[-3.443948383526973,47.644077082118706],[-3.443868735168092,47.644081484484786],[-3.443828071462188,47.64396632897179],[-3.443696410136244,47.64398263708032],[-3.443535287632437,47.644307627430265],[-3.443393607510716,47.64435158187332],[-3.443372238992288,47.644506289858995],[-3.44307777351752,47.64461287380337],[-3.443050385955951,47.64449698441769],[-3.442810104928699,47.644609604156734],[-3.442798163888471,47.64451092311587],[-3.442476310924308,47.64450161609327],[-3.442506365996038,47.64441867632991],[-3.442270924718513,47.644350407687405],[-3.442134670607716,47.64443921564952],[-3.441985391113654,47.64442037130868],[-3.441935297924368,47.644558604017895],[-3.441881363182315,47.64444418135864],[-3.441690923343005,47.64452695176275],[-3.441485288315333,47.64448412762949],[-3.441532710231608,47.644544724376516],[-3.441399961464076,47.64455205887692],[-3.441496141592016,47.644573837790126],[-3.441469340842739,47.64468369033379],[-3.441343354797576,47.644636465225005],[-3.441361222133116,47.64456323021473],[-3.441140723786498,47.644728939175984],[-3.441198164618124,47.64476188958319],[-3.441002296325359,47.64479980376407],[-3.440929410159105,47.6447496446108],[-3.440818617490936,47.644828013219275],[-3.440865205937695,47.644771253578334],[-3.440713755559896,47.644734465574366],[-3.440836737879728,47.644646392662075],[-3.440764937285659,47.64460520442398],[-3.440572324786988,47.64467003095379],[-3.440697225030937,47.64470828587052],[-3.440572071980859,47.64477841658637],[-3.440462616918986,47.64475737025151],[-3.440518139939777,47.644663993310964],[-3.44032903563844,47.64464734687624],[-3.440204967362743,47.64472644822705],[-3.440339887004464,47.64473705713665],[-3.440084407807118,47.64472407689776],[-3.440078728527391,47.64478760738703],[-3.439870669438595,47.64483522398987],[-3.439919683168948,47.64468802115586],[-3.439816993184156,47.64461241475993],[-3.439616529651649,47.64472282813027],[-3.4395192650226,47.644692076637995],[-3.439673139141195,47.64463842262256],[-3.439446380397523,47.64464191655681],[-3.439388685567297,47.64471735091982],[-3.439119102572846,47.644587745113846],[-3.43906466210615,47.64469009243114],[-3.438957377629241,47.644686986761066],[-3.439231556076731,47.64474409145056],[-3.43896254608312,47.64484022758026],[-3.439088530502292,47.64488745525108],[-3.439100464766571,47.644986136651596],[-3.439013220207204,47.64492773845175],[-3.438930059312942,47.64501360995345],[-3.438790799718678,47.644967115261544],[-3.438868023758393,47.64505315989547],[-3.438699787710427,47.64509857493614],[-3.438609288844785,47.64501326331909],[-3.438677005519858,47.64491018309892],[-3.438554275933634,47.644889868110134],[-3.438528296849673,47.64511707661125],[-3.438349212186967,47.64507278073689],[-3.438250605333853,47.64514144275853],[-3.43835680587,47.6451355780345],[-3.438351124489644,47.64519910842617],[-3.438180975635593,47.6451181950301],[-3.438099982647941,47.6452220080197],[-3.437939596789675,47.64522183367323],[-3.438079941076307,47.64527730041772],[-3.438157991490182,47.64548070213831],[-3.437948016620373,47.645401987629626],[-3.437863768535427,47.64547888730673],[-3.437838561314445,47.64538093884354],[-3.43780064692224,47.64550946562732],[-3.437563863246682,47.64554060207638],[-3.437624556840067,47.64560046736911],[-3.437521609345095,47.6456332445697],[-3.437454407807961,47.64551955293196],[-3.43717862325107,47.64567024419941],[-3.437152332577814,47.64556332454668],[-3.437240920352008,47.645522309589886],[-3.437069427623665,47.64554080911979],[-3.436816417744585,47.64587989160464],[-3.436731343331259,47.64583943383496],[-3.436777112967589,47.64566531923158],[-3.43692205577252,47.645648286001574],[-3.436913379125384,47.64557651757388],[-3.436822621879421,47.64559959017248],[-3.436875983002726,47.64548827289391],[-3.436704490257255,47.64550677188853],[-3.436696898465908,47.645443974495684],[-3.436558463248575,47.64551483379267],[-3.436479073258091,47.64541084553621],[-3.436359596804825,47.64541744142302],[-3.436212223864699,47.64552491741646],[-3.436163984431697,47.64534696189532],[-3.436164807119372,47.64546431854115],[-3.435879521890555,47.645425881620504],[-3.435697481516368,47.64568879629155],[-3.435564992082265,47.645587738588354],[-3.435519218557366,47.64576185272393],[-3.435391066580333,47.645696679091834],[-3.435420049008638,47.645604770135506],[-3.435634884092389,47.64550260229525],[-3.435441441022363,47.64545006369339],[-3.435339313350881,47.64560019561646],[-3.435337408164038,47.645473867904364],[-3.435142353535763,47.64562912888963],[-3.435025309032155,47.64554527997974],[-3.43492127580256,47.64556908381905],[-3.434857332580491,47.645482303901844],[-3.435084359151989,47.64537043329409],[-3.435181622461577,47.64540118846718],[-3.4351718639138,47.64532044883002],[-3.43497382079172,47.64534041075241],[-3.434906096417124,47.64544348880321],[-3.43460021265227,47.64523459836036],[-3.434670105739125,47.64514946262871],[-3.435013090224974,47.64511247035234],[-3.434913923373,47.64495538728122],[-3.434557399721552,47.64510149753627],[-3.434583660676052,47.64476590430258],[-3.43430488506196,47.64478128999806],[-3.434334134340275,47.64458099564357],[-3.43418160490635,47.64453522808691],[-3.434000909432657,47.64469872570252],[-3.433744347933081,47.64467676051615],[-3.433977059937877,47.64450136182435],[-3.433954028429059,47.64442135464611],[-3.43379147692881,47.6444032324326],[-3.433866790425403,47.644362952586555],[-3.433735391768602,47.64427086382715],[-3.433829400191357,47.64427470687587],[-3.433831834755741,47.6441842634075],[-3.433770880410505,47.64423278174889],[-3.433680390893325,47.64414746627605],[-3.433575275799249,47.644162297844],[-3.433593153636907,47.644089064003886],[-3.433360709619681,47.64415607632319],[-3.433342831440565,47.644229310125205],[-3.433208182235227,47.644110307485704],[-3.433072997561593,47.64420807598585],[-3.433127449028191,47.644105731434806],[-3.432993616307509,47.644104085290614],[-3.432970586444653,47.64402407790199],[-3.432754668361631,47.64411726982319],[-3.432818606528541,47.64420405095267],[-3.432664726771072,47.644257695953236],[-3.432688562727176,47.64401254645455],[-3.432612165010413,47.64404385444778],[-3.432552831715714,47.64388457194566],[-3.432429023029395,47.643855279410225],[-3.432519779208238,47.64383221020329],[-3.432419268929106,47.643774539478244],[-3.432465865389882,47.64371778315547],[-3.432139414129593,47.6437809489114],[-3.432126409271467,47.64367329563143],[-3.432064370232757,47.643712841988695],[-3.43180483383222,47.64355557353337],[-3.431869581212262,47.64331719815815],[-3.431792370969539,47.64323114882153],[-3.431489220429149,47.64326593473592],[-3.43161085994895,47.64327728604904],[-3.431440997018919,47.64353049093863],[-3.4314344953183,47.6434766642537],[-3.431331548118745,47.64350943603671],[-3.431427181391826,47.643305480763225],[-3.431166021479681,47.64335601113034],[-3.431170083858551,47.64350028128292],[-3.431088268191369,47.6434867327049],[-3.431164394096287,47.64356381137897],[-3.431074721345421,47.64359585065346],[-3.431154370033902,47.64359145700757],[-3.431076888461378,47.643613792887535],[-3.431129715626702,47.64371924946646],[-3.43103787548466,47.64373334647828],[-3.431091786256656,47.64384777418405],[-3.430920296778582,47.64386626470513],[-3.430926798007999,47.64392009140776],[-3.431086096364124,47.643911304264805],[-3.431114541214545,47.64403616760351],[-3.43093871696266,47.644018773691066],[-3.430820864771089,47.644260077438275],[-3.43075720252493,47.644064909573544],[-3.430594107057018,47.64426355419378],[-3.430363825419727,47.64434850278123],[-3.430272257717335,47.644254213553594],[-3.430184750114664,47.64430419437607],[-3.430156307297006,47.64417933082844],[-3.429998091376309,47.644197087826846],[-3.430118923327706,47.64409108392205],[-3.430018415155713,47.644033411139546],[-3.429654300945927,47.644116708633554],[-3.429629109437274,47.644018758330425],[-3.429713367083333,47.643941864532586],[-3.429810624693324,47.643972624199314],[-3.429835282376531,47.6438448320356],[-3.429516685596802,47.643862402694324],[-3.429547843755432,47.64378843736835],[-3.429644017668755,47.643810226045986],[-3.429520486000668,47.64367254476336],[-3.429632117924756,47.64326902977912],[-3.429761340369409,47.64334318093999],[-3.42990222015702,47.64318188618261],[-3.430130056710142,47.6431873818957],[-3.430191822689316,47.643256222249704],[-3.430005702450996,47.64337485816436],[-3.430047419260159,47.64349898964856],[-3.43023489704654,47.64328093911335],[-3.430369811050375,47.643291559543165],[-3.430424803388001,47.64341495870745],[-3.430523963536797,47.64312953184116],[-3.431089900549917,47.6428364185085],[-3.431805644397063,47.64278790251764],[-3.432461247559836,47.64290525666333],[-3.432659828657939,47.64311104150388],[-3.432712112155626,47.64299075487765],[-3.432809369760632,47.64302151206346],[-3.432848388149244,47.64334447176239],[-3.43305102827204,47.643252012125764],[-3.433148286548544,47.643282769025305],[-3.433078125457834,47.64347628961868],[-3.433307863901421,47.643608107014174],[-3.433592053577839,47.643637579156454],[-3.433862151208482,47.643550426422635],[-3.434301035758076,47.64364360701707],[-3.434471439219751,47.64361614044655],[-3.434583057874079,47.64365513457472],[-3.434512082467156,47.64373129923597],[-3.434649431615012,47.64365147121407],[-3.434642396973675,47.64381441606485],[-3.434781914507852,47.64375253005725],[-3.434792491825196,47.643950626540835],[-3.434934177966221,47.643906682518185],[-3.435053387201571,47.644008473747505],[-3.435154164575752,47.643957756538825],[-3.435179366197145,47.6440557056536],[-3.434998939528016,47.64411081920122],[-3.435210252926218,47.644090124484784],[-3.435259835911391,47.64416866594208],[-3.435259572317282,47.64427705159121],[-3.435098925387634,47.64438525898849],[-3.435195102642961,47.644407043090176],[-3.435137138212678,47.64459086099428],[-3.435243337995165,47.6445849990984],[-3.435187805826407,47.64467837353606],[-3.435479855635752,47.644662252964125],[-3.435259602213947,47.64471956519959],[-3.435284804388663,47.64481751425282],[-3.43551399588859,47.64472358491719],[-3.435781402064043,47.64483525689633],[-3.436175314927252,47.64477738783925],[-3.436800063901486,47.64486029895637],[-3.437151981639487,47.64478668324257],[-3.437137362259848,47.644886830765245],[-3.437301260451151,47.644805533754905],[-3.437957158605555,47.64481447132204],[-3.438033554289457,47.64478315984665],[-3.437976373467856,47.644641822255636],[-3.438073637116146,47.64467257503306],[-3.438143523925157,47.6445874371989],[-3.437909172210363,47.64452813082074],[-3.438025650223533,47.64438623455844],[-3.437927302399741,47.644346510686496],[-3.438087685627088,47.64434668504995],[-3.437988253095671,47.644297990179766],[-3.438035928831234,47.64425020270117],[-3.43823830586084,47.644266119767906],[-3.438390010439192,47.64419452533476],[-3.438477253117769,47.64425292402224],[-3.438785000608273,47.644145618507196],[-3.439032626441306,47.64420418996764],[-3.43902394719042,47.64413242164272],[-3.439347711953978,47.64426806591092],[-3.439499415049394,47.64419647003747],[-3.439453910631358,47.644262200187086],[-3.439566619277307,47.64431016057737],[-3.439550919560763,47.64440133739229],[-3.439610783834961,47.64434384500564],[-3.439644673943396,47.64451356140727],[-3.439872194809401,47.644184910131045],[-3.439998178486479,47.64423213683718],[-3.439837287004222,47.64444873640137],[-3.439955675790757,47.64443316592457],[-3.44018102420085,47.64408657196853],[-3.440207459863092,47.64410734173318],[-3.440100867996177,47.644307743088845],[-3.440219002871528,47.64440055799693],[-3.440299990489929,47.644296743494166],[-3.440214218984582,47.64411265218339]],[[-3.4302988076312,47.644252749193825],[-3.430398506529188,47.64419306497195],[-3.430291223556571,47.644189951344025],[-3.4302988076312,47.644252749193825]],[[-3.432359667028244,47.64372364252958],[-3.432477241834817,47.64359072284444],[-3.432347745511787,47.64362496037608],[-3.432359667028244,47.64372364252958]],[[-3.434613679083061,47.64379793924537],[-3.434578456307698,47.64372763591577],[-3.434530777942817,47.64377542199659],[-3.434613679083061,47.64379793924537]],[[-3.435059157084065,47.64527248422582],[-3.434991961247794,47.64515879115056],[-3.434844850709347,47.645157879841165],[-3.435059157084065,47.64527248422582]],[[-3.435232290917687,47.64548870095274],[-3.435265610701537,47.64543267630482],[-3.435172684419103,47.64543780548445],[-3.435232290917687,47.64548870095274]],[[-3.435453863572046,47.64488946080843],[-3.435459548368799,47.64482593054742],[-3.435367707466046,47.644840030954406],[-3.435453863572046,47.64488946080843]],[[-3.436289929128698,47.64495167911841],[-3.436331100161981,47.64485006597517],[-3.436209456053086,47.644838719585394],[-3.436289929128698,47.64495167911841]],[[-3.436411573512207,47.644963025423735],[-3.436527795435592,47.64492951630165],[-3.43647929436889,47.64485994647459],[-3.436349797533679,47.64489418841902],[-3.436411573512207,47.644963025423735]],[[-3.437537571865394,47.64543368250312],[-3.43764728591138,47.64534634598257],[-3.437545682558965,47.64527970866469],[-3.43745032828474,47.645375283149924],[-3.437537571865394,47.64543368250312]],[[-3.437558649778814,47.64494484779746],[-3.437441602979368,47.644861001278116],[-3.437421560861118,47.6449162935736],[-3.437558649778814,47.64494484779746]],[[-3.437839594752956,47.64494739643644],[-3.437898376752469,47.64488093389518],[-3.437793261386074,47.64489576925203],[-3.437839594752956,47.64494739643644]],[[-3.437999979786036,47.64494757092021],[-3.438018936565294,47.644883307479795],[-3.437929265712973,47.6449153519928],[-3.437999979786036,47.64494757092021]],[[-3.440227176761851,47.64468909750292],[-3.440205220914268,47.64461806259234],[-3.440394578239679,47.6445263235874],[-3.44010795613693,47.6445873115884],[-3.440227176761851,47.64468909750292]],[[-3.443968664471267,47.64391340299723],[-3.443974339026815,47.64384987229006],[-3.443882502054383,47.64386397939677],[-3.443968664471267,47.64391340299723]]]},"properties":{}},{"type":"Feature","geometry":{"type":"Polygon","coordinates":[[[-3.503983574014598,47.63918969701919],[-3.503867655450557,47.63900650122356],[-3.503882272191196,47.63879795901606],[-3.504069060246054,47.63890494778837],[-3.503974932249111,47.63900954730251],[-3.504181815608433,47.63895284596775],[-3.504270217450379,47.639020166125604],[-3.504202882066646,47.63890651252645],[-3.504372015371233,47.63897835956048],[-3.504140053614011,47.63872035464366],[-3.503948759173875,47.638685870209564],[-3.503915515717447,47.63874191461836],[-3.50371983866703,47.638671547967185],[-3.503643490297103,47.63870290247823],[-3.503793746826855,47.63883902462603],[-3.503733957890976,47.638896550041835],[-3.503537184871705,47.63881721262868],[-3.503475204420035,47.638856796985955],[-3.503356971841721,47.63876404579524],[-3.503357942186573,47.63888140232703],[-3.50308835922051,47.63864355768636],[-3.503009693448589,47.638765356919166],[-3.502871616157225,47.63861952285929],[-3.502444957568466,47.6384085026818],[-3.502354240874797,47.638431626258125],[-3.502330854786145,47.63856840450723],[-3.502399408415124,47.63858264360415],[-3.502348636393864,47.63849515996199],[-3.502482457136433,47.638496726671015],[-3.503208531096642,47.638971022217],[-3.502875745772646,47.63887217688055],[-3.502979609565304,47.63895669852634],[-3.503400921702612,47.63901447832199],[-3.503479336911338,47.639109450954756],[-3.503483969483579,47.6389285606962],[-3.503566892156319,47.638951029070135],[-3.50358357654501,47.63886881388843],[-3.503676235541697,47.639080402404005],[-3.503983574014598,47.63918969701919]]]},"properties":{}},{"type":"Feature","geometry":{"type":"Polygon","coordinates":[[[-3.499994616293276,47.6389154578705],[-3.500310137818516,47.638654011387224],[-3.500420699047199,47.63868397221379],[-3.50046283824543,47.63859130666983],[-3.500657546302263,47.63854432221138],[-3.500640023926291,47.63840079433498],[-3.500877703931458,47.638486886536136],[-3.500682162520103,47.63830812869831],[-3.500467480997028,47.638410416482365],[-3.500418640053195,47.63855764515168],[-3.500015119538963,47.63842661039526],[-3.499993218791694,47.63824720041629],[-3.500255251948775,47.63831387268676],[-3.500276453085746,47.63815915384076],[-3.500450221514447,47.63805011636615],[-3.500233745265863,47.637809304409544],[-3.500322271661378,47.63776824147516],[-3.500271503819798,47.637680756893445],[-3.500520393198926,47.63763978259484],[-3.500415440773475,47.63754628820638],[-3.500498491075979,47.63746037263741],[-3.500138212393574,47.63724564309349],[-3.500282586034916,47.63766207576042],[-3.500136721946423,47.637561831019674],[-3.500116615685191,47.637725520388976],[-3.500242637388419,47.6377726822828],[-3.499854585590019,47.63765884778723],[-3.500310926536411,47.638003694841515],[-3.500235672189294,47.63804401763387],[-3.500113066850771,47.637915381126646],[-3.500227743465929,47.63819799635422],[-3.500129228956458,47.63826671081978],[-3.499944641081342,47.638177656713886],[-3.499986516485536,47.63830176351369],[-3.499880204026376,47.638416070360314],[-3.499963124385526,47.638438541297994],[-3.499953004749172,47.63857457897183],[-3.499828906568728,47.63876212992881],[-3.499869687136365,47.63887726623482],[-3.499994616293276,47.6389154578705]],[[-3.500207242255696,47.63868684392476],[-3.500113238929308,47.63868305427149],[-3.500115560905512,47.63859260919114],[-3.500207242255696,47.63868684392476]]]},"properties":{}},{"type":"Feature","geometry":{"type":"Polygon","coordinates":[[[-3.500251618572662,47.63675161428635],[-3.500228491063591,47.636671619877895],[-3.50044851026087,47.6367225711398],[-3.500265285321314,47.63642571558807],[-3.499809920656528,47.6361982247979],[-3.499615353272258,47.6361368216906],[-3.499555562859951,47.63619434504861],[-3.499392052620243,47.63605895729859],[-3.499121139023057,47.636028905090065],[-3.498648131679314,47.63576626765048],[-3.498414846249516,47.635716052896704],[-3.498382693544079,47.63578106634303],[-3.498047747740662,47.635664266038134],[-3.497554909690315,47.63534854081636],[-3.497771227267755,47.635697744282346],[-3.49782007289752,47.6355505165017],[-3.498547295114765,47.63592542604906],[-3.498671256427351,47.63584626240929],[-3.498951887928127,47.63606543656444],[-3.498956401384129,47.635992932423925],[-3.499506854508701,47.63623318730105],[-3.499819775318938,47.63627895939221],[-3.499908167229586,47.63634628294383],[-3.499837294792391,47.63642248754945],[-3.500165415618571,47.63670223201889],[-3.500102340101191,47.636732844125326],[-3.500251618572662,47.63675161428635]]]},"properties":{}},{"type":"Feature","geometry":{"type":"MultiPolygon","coordinates":[[[[-3.497636182219049,47.63579558787447],[-3.497399613973956,47.63571845949439],[-3.497406318600385,47.63566389647239],[-3.497522344834651,47.63573871276539],[-3.497533564694821,47.635611645637084],[-3.497448460647798,47.635571231870706],[-3.497418495947132,47.63565418612733],[-3.497327498476913,47.63541070434824],[-3.497593219669166,47.63566250953718],[-3.497729222369723,47.635682022760804],[-3.497776700311881,47.63574259694241],[-3.497692690466737,47.63571115388872],[-3.497636182219049,47.63579558787447]]],[[[-3.497320345968232,47.635403926379745],[-3.497336675518841,47.635640683887694],[-3.497298091938383,47.63554348757916],[-3.497205188864583,47.63554866611717],[-3.497293713840455,47.63550760542958],[-3.497242953113593,47.63542011942941],[-3.497130073537841,47.63548060071606],[-3.496945500303109,47.63539154174315],[-3.496515746943962,47.635045201664695],[-3.496625204164201,47.635066195592216],[-3.496514791713827,47.63492784484326],[-3.496097082223247,47.634680179178474],[-3.495809341875734,47.634840719845414],[-3.49573765279759,47.634691178901384],[-3.495830554521166,47.63468600152811],[-3.49580305751467,47.6345701239362],[-3.495505892613858,47.63432476996307],[-3.495128959285836,47.634192238853615],[-3.495094615238853,47.63423931031894],[-3.494780616365443,47.634184554955986],[-3.494701415479079,47.63386383301688],[-3.494379761223927,47.633746282576936],[-3.494379904709131,47.633637896232706],[-3.494034041763808,47.63343137854808],[-3.493712681262646,47.633097053502965],[-3.493552331697471,47.63309695549113],[-3.493285009237038,47.6328770286886],[-3.493217559152807,47.632871754789555],[-3.493242862088578,47.63296969191743],[-3.492936821579197,47.63276095289583],[-3.49270902313802,47.63275557962601],[-3.492485894036678,47.6325693154956],[-3.492196262820744,47.63249513344178],[-3.492164104481028,47.63256014528474],[-3.491853547748324,47.63242390739542],[-3.491815475260378,47.63276922533753],[-3.491759258439257,47.63263688382074],[-3.491653088664382,47.63264279711883],[-3.491788136703647,47.63254496028362],[-3.491709900846698,47.63234159306867],[-3.491866967498888,47.63231478180036],[-3.492059176682014,47.6324666431442],[-3.492109128697804,47.63232838810699],[-3.492300244996508,47.632471278452975],[-3.493470806826554,47.63286667775934],[-3.493996703982097,47.63323476524991],[-3.494099304747158,47.63341871082005],[-3.494576645020221,47.633717249281275],[-3.494608801118475,47.6336522368131],[-3.494812106244147,47.63378541288895],[-3.494941538583757,47.63375110596399],[-3.494965751001364,47.63384007210687],[-3.495138280147164,47.63383045806205],[-3.49499776446908,47.63388344587302],[-3.495052896516701,47.63400681518049],[-3.494911286195916,47.63405083231737],[-3.494987490788475,47.634127869760974],[-3.495165633439164,47.63405472218268],[-3.49533692753541,47.63414452360414],[-3.495453088872972,47.634110955692194],[-3.49579649199742,47.634516300600374],[-3.495797726857417,47.63441688485419],[-3.496012261094564,47.63442299174787],[-3.495883641212259,47.63468304299594],[-3.495953282412249,47.63470625645832],[-3.495994331939254,47.63460462178106],[-3.496290685517548,47.634624231349804],[-3.496740133580953,47.63513204213976],[-3.496721528443111,47.634979542876984],[-3.496897205917843,47.635105224146805],[-3.496938933532699,47.635337718494426],[-3.497064946789716,47.635384883874245],[-3.496939071825046,47.63522933223636],[-3.49717016474227,47.635261608870216],[-3.497320345968232,47.635403926379745]]]]},"properties":{}},{"type":"Feature","geometry":{"type":"Polygon","coordinates":[[[-3.483323152974129,47.63380186131433],[-3.483616716892347,47.633469432014834],[-3.483744466498373,47.63309203707661],[-3.483941518345394,47.63295463532691],[-3.483899684445643,47.63283052243511],[-3.484145615526745,47.632545898115175],[-3.484371227627136,47.63253334673999],[-3.484453203650993,47.63243847168338],[-3.484826820977315,47.632544125354386],[-3.485010434250615,47.63251584654337],[-3.485003879869535,47.63246202254433],[-3.485118789340608,47.63252788061275],[-3.485135662391435,47.632337281389404],[-3.485357834217609,47.63240620251617],[-3.485346909695052,47.63231649587747],[-3.485557834042002,47.632512482793075],[-3.485629814173964,47.63244525735807],[-3.485746909424536,47.632529056130274],[-3.485778143985057,47.63234668898825],[-3.486048099207086,47.63225941512757],[-3.486106486628964,47.632409700731536],[-3.486247007253203,47.632356723575235],[-3.486615004975511,47.63252590465774],[-3.486494630431269,47.632415194796984],[-3.486682772194828,47.632314409559235],[-3.486658574275727,47.632225441629934],[-3.486788941866941,47.63230850077743],[-3.486761465715011,47.632192620915646],[-3.486625475916751,47.632173094888785],[-3.486473096672548,47.63201900888461],[-3.486543504161791,47.63226797148273],[-3.486240771663208,47.63208612680606],[-3.486222970086584,47.632159369141135],[-3.486043889350454,47.6321151460771],[-3.486038266118058,47.63217867920494],[-3.485842475885292,47.632216668793305],[-3.485671203951473,47.632126853361356],[-3.485555971863875,47.63227776865872],[-3.485286339639527,47.632148268555795],[-3.485101635370573,47.632167577138745],[-3.485058219764197,47.632359653191145],[-3.484914583515804,47.63227733050599],[-3.484706613226128,47.632325027246985],[-3.484651506830396,47.63220165295053],[-3.484846042651545,47.63226308110328],[-3.485024517932778,47.63197317607553],[-3.484713819731577,47.6319453055975],[-3.484788751291498,47.63212176552825],[-3.484638398882518,47.63209400489283],[-3.484638235619661,47.632202391310756],[-3.484554239087739,47.63217093875194],[-3.484032891683521,47.63249798044134],[-3.483802415989588,47.632799807620486],[-3.48366314919616,47.63275336612176],[-3.483508261434956,47.632798107711686],[-3.483630218759281,47.63259263215763],[-3.483621481430666,47.632520866724775],[-3.483504223968343,47.6325454522189],[-3.483398648244737,47.63288548784788],[-3.483453586779173,47.63311724905676],[-3.483177497525871,47.6335932088694],[-3.483323152974129,47.63380186131433]]]},"properties":{}},{"type":"Feature","geometry":{"type":"Polygon","coordinates":[[[-3.490964378792747,47.63247342900953],[-3.490952351439619,47.632374752287085],[-3.490882715456827,47.632351535815566],[-3.490890369136599,47.63241433009952],[-3.490783257127213,47.632302885581296],[-3.490789817316783,47.63235670926035],[-3.490720181428229,47.63233349269172],[-3.490352323680496,47.63205593809694],[-3.490338900898294,47.63216506353257],[-3.490288154750048,47.632077574359606],[-3.490038190220127,47.632109556356134],[-3.489937639894445,47.632051934774395],[-3.489931080601678,47.63199811103902],[-3.490081435492948,47.632025864863635],[-3.490028503440049,47.6319204343283],[-3.489784158246906,47.63188888245661],[-3.489819293174846,47.6320675559909],[-3.489729674972111,47.63209964046342],[-3.489704378895146,47.63200170253066],[-3.489599303314906,47.632016584588875],[-3.489389612821394,47.63172118910389],[-3.489227081217046,47.63170314389674],[-3.489205065503076,47.63163211772895],[-3.489134184045059,47.63170831602664],[-3.489255655567141,47.63182799383771],[-3.489194765728891,47.63187654139125],[-3.489011311254053,47.63179644034795],[-3.489064241174742,47.63190187135093],[-3.488928560374934,47.63166557511242],[-3.488848934259869,47.63167000816775],[-3.488828640848263,47.63194208253],[-3.489015374732402,47.632049095747576],[-3.4886882789164,47.631886676368026],[-3.488587575225627,47.631937440055864],[-3.488524654069915,47.631859659550145],[-3.48838850882843,47.631948522009765],[-3.488457832188149,47.63218851282685],[-3.488599598108324,47.63203611704403],[-3.488782897942596,47.63222460514633],[-3.488795230895176,47.63210650926006],[-3.488926849124697,47.63209015023536],[-3.489349031264537,47.632265337960064],[-3.489036451631059,47.63200276487624],[-3.489220999949537,47.632091836500514],[-3.489467685472897,47.632032944371865],[-3.489556057293622,47.63210027590329],[-3.489497353707086,47.6321667648587],[-3.489759496763906,47.63212507445601],[-3.489831165646055,47.632274619266575],[-3.490116571506205,47.63220453829587],[-3.490172783798921,47.63233688063272],[-3.490281139689287,47.632348909914825],[-3.490350927070049,47.63226374032886],[-3.490504562878157,47.63231840545714],[-3.490507994175763,47.632236930886684],[-3.490964378792747,47.63247342900953]]]},"properties":{}},{"type":"Feature","geometry":{"type":"Polygon","coordinates":[[[-3.483752010081217,47.63249554285472],[-3.483633991174883,47.63229438499644],[-3.483383095335129,47.63220899565852],[-3.483641966891939,47.632140406935136],[-3.483895047232521,47.632243737076266],[-3.48422513569112,47.63188217911],[-3.484152390805197,47.631723660152105],[-3.484495745308249,47.63136136301869],[-3.484768974639508,47.631301004100074],[-3.485058589051955,47.631375204614145],[-3.48541362857692,47.631328355057],[-3.485497785804458,47.631251420545276],[-3.485440493804759,47.63111010521603],[-3.485582104132785,47.631066099493076],[-3.485509356329085,47.63090758131341],[-3.485416460181576,47.630912750488946],[-3.485432846723558,47.63104731053285],[-3.485338857902257,47.631043508977086],[-3.485308876923518,47.6311264603209],[-3.485208333555502,47.63106883463922],[-3.485209263857077,47.63118619178603],[-3.485052034762383,47.631321380586094],[-3.484817852109587,47.6311537814231],[-3.484784593257772,47.631209820605164],[-3.48454025441809,47.63117825775326],[-3.484514641278325,47.63129709159328],[-3.484268117703573,47.63124758681991],[-3.484227048430387,47.63134921755203],[-3.484124321362814,47.63127364958517],[-3.484106188471026,47.631563664540415],[-3.483973477858014,47.631571047457655],[-3.483933499974619,47.63168164874951],[-3.483770970335688,47.631663595950705],[-3.483822797590304,47.63176005865418],[-3.483610294398588,47.6318802571676],[-3.48337032161881,47.63188457460923],[-3.483182175115813,47.631985354534365],[-3.482661322951377,47.63198723088652],[-3.482844768551802,47.63206734189406],[-3.482726419722654,47.63208295592462],[-3.482753887057747,47.632198836741885],[-3.483382929522806,47.63231738206824],[-3.483752010081217,47.63249554285472]],[[-3.483861951572527,47.63219138955266],[-3.483760315580635,47.63212479197748],[-3.483884289995773,47.632045643873674],[-3.483943927976435,47.632096514836675],[-3.483861951572527,47.63219138955266]],[[-3.483492707161529,47.63212161550637],[-3.483387795415819,47.63202810555642],[-3.483797182574009,47.63187889230119],[-3.483810288772468,47.63198654046525],[-3.483492707161529,47.63212161550637]]]},"properties":{}},{"type":"Feature","geometry":{"type":"Polygon","coordinates":[[[-3.486118082712406,47.631298185862676],[-3.486257667789103,47.63112785152717],[-3.486004748650482,47.63091613995931],[-3.486126371590694,47.630927434588095],[-3.48615557898675,47.6306187393634],[-3.486389444086833,47.63100310887189],[-3.48665923235864,47.631024220024656],[-3.486638472178917,47.63085377751629],[-3.486739175678842,47.63080301548032],[-3.486574940494014,47.63044186573639],[-3.48646221891339,47.6303939503547],[-3.486540750711419,47.63038054826142],[-3.486472371381887,47.63025791327567],[-3.486281118689235,47.630223399763175],[-3.486368550657386,47.63017337657632],[-3.486012908530739,47.629886098784105],[-3.486388057421223,47.63044323504779],[-3.486349177968606,47.63056280789325],[-3.486497501220054,47.630464238514215],[-3.486652994834488,47.630753623091266],[-3.486560099065693,47.63075879317667],[-3.486470800176597,47.63057410216549],[-3.486465018065784,47.6307460218664],[-3.486606308058795,47.63091878788421],[-3.486507948912777,47.63087910463306],[-3.486422701124912,47.63094706922694],[-3.486248314562093,47.63072195610232],[-3.486364633919123,47.630580010663444],[-3.486224118089081,47.63063298800986],[-3.486196644025874,47.630517107914955],[-3.486153393884324,47.63060079803443],[-3.486056128194696,47.63057008506101],[-3.486078911153637,47.6308668555216],[-3.485795692140485,47.63095486800846],[-3.485828788930253,47.63100721501764],[-3.485677346641305,47.630970485037615],[-3.485823004704645,47.63117913464833],[-3.48559974491716,47.63110124369519],[-3.48582065883213,47.631269579790114],[-3.486118082712406,47.631298185862676]]]},"properties":{}},{"type":"Feature","geometry":{"type":"Polygon","coordinates":[[[-3.486381701163808,47.629180068171564],[-3.486309098859327,47.629246443668556],[-3.486306140947673,47.62900275847996],[-3.486093042713954,47.62878883121359],[-3.486185935099594,47.62878366149436],[-3.486539226249925,47.62916138417777],[-3.486651011857758,47.62909194226061],[-3.486588096878201,47.629014160597585],[-3.486708622996219,47.62901648396344],[-3.486671315285422,47.62881986787656],[-3.486251674192212,47.62844583826593],[-3.486265717078156,47.628670843635945],[-3.486179540114362,47.62862145084325],[-3.486056218548373,47.628267055023336],[-3.486519264347123,47.628449008422734],[-3.486453846076278,47.62857005857211],[-3.486598726579917,47.6285529635728],[-3.486755148837034,47.62895970556972],[-3.486759042472591,47.629320747999756],[-3.486560144806369,47.62922344027145],[-3.486514711112786,47.629289189247],[-3.486600889464776,47.629338581775414],[-3.486418380533707,47.629375833800445],[-3.486608378421175,47.629509763008805],[-3.486536403480218,47.629576989148646],[-3.486625860147855,47.629653293647486],[-3.486461150609,47.62961730324345],[-3.486455368570752,47.629789223028745],[-3.486299399191693,47.62982499772258],[-3.486451931244578,47.62987069758303],[-3.486448493907912,47.629952172133784],[-3.486192141863604,47.629821935399306],[-3.486211035246074,47.62975766364844],[-3.486335933283771,47.629795870069096],[-3.486166081128231,47.62949825279242],[-3.486379342207027,47.6296037932876],[-3.486278027851993,47.62932042466903],[-3.486477084886065,47.62930934629655],[-3.486381701163808,47.629180068171564]],[[-3.486382031173872,47.629179766464645],[-3.486452888672093,47.62922037818662],[-3.486458511099331,47.62915684494184],[-3.486329244268894,47.62908275596039],[-3.486393251513784,47.62916950842903],[-3.486382031173872,47.629179766464645]]]},"properties":{}},{"type":"Feature","geometry":{"type":"Polygon","coordinates":[[[-3.482455106779096,47.628756416135744],[-3.482378003908082,47.62856201298326],[-3.482502896404422,47.62860022352581],[-3.482568323672001,47.628479175591174],[-3.482719589605509,47.62862429626442],[-3.482747723511455,47.628306630818074],[-3.482878075446067,47.62838969449796],[-3.482954421259797,47.62835835339087],[-3.482853127450375,47.62807498162005],[-3.483004559580984,47.62811171531634],[-3.482992714516937,47.62790465090285],[-3.483461538243839,47.62791469669265],[-3.483608271379756,47.62813232009491],[-3.483840417620075,47.62817359391424],[-3.483777837813819,47.62787903740179],[-3.483698051760558,47.62799185360692],[-3.483432979540685,47.62778984508268],[-3.483407365561755,47.62790867888762],[-3.483221749406038,47.62781062718208],[-3.483112145988541,47.62789800727434],[-3.482996323580144,47.627714789707326],[-3.482974909878098,47.62797789290094],[-3.482865472563237,47.62795688610725],[-3.482839857240753,47.62807571977753],[-3.482740414208961,47.62802706258847],[-3.482798787688643,47.6281773501738],[-3.482661717655531,47.628148848784924],[-3.482655756262499,47.62842915513835],[-3.4824603127239,47.62825036587734],[-3.482422517948226,47.628378908260345],[-3.482245636739517,47.62835262070705],[-3.482216576141246,47.62855292870205],[-3.481958394926298,47.628187967899656],[-3.481783698112005,47.628179621074246],[-3.481763539104213,47.62834330807442],[-3.481533746741639,47.62821158493708],[-3.481912450088323,47.628578874988754],[-3.481808470853607,47.62860272077884],[-3.481517953860378,47.62841115476385],[-3.48144269884272,47.628451465649775],[-3.481333431122101,47.628322070801474],[-3.481363076900895,47.628455893609775],[-3.481136389663269,47.62845946848034],[-3.481226758240049,47.62865313449015],[-3.481124961887152,47.62869492110977],[-3.480934059800299,47.62844362558684],[-3.480982945230912,47.6282964042976],[-3.480873508046999,47.6282753956411],[-3.48093003484744,47.628190969437355],[-3.480758955224163,47.62799275997483],[-3.480835301714375,47.6279614202464],[-3.48077584240897,47.627802160935424],[-3.480642220483422,47.627692182696144],[-3.480508427473862,47.62769059096207],[-3.480565874264931,47.62772352230271],[-3.480418467388307,47.627939441670435],[-3.480505729468219,47.627997809460055],[-3.480575526757151,47.627912645523416],[-3.480818414691495,47.628152019278744],[-3.480663366575597,47.628305143833344],[-3.480774986938603,47.628344094137034],[-3.480800093853407,47.62855042080437],[-3.481061714399185,47.62883390966321],[-3.481142598953272,47.62873006602792],[-3.481256403935277,47.62878695730269],[-3.481247840557987,47.62860680494314],[-3.481491996038998,47.62874676133034],[-3.481452354573227,47.62864058872702],[-3.481576154848525,47.62866982954148],[-3.481580691280726,47.62859732579697],[-3.48177067425872,47.62873126292757],[-3.481939913853208,47.62869475620697],[-3.48197409727081,47.62875607508177],[-3.482186423478526,47.62874426595894],[-3.482154591799246,47.62859250195718],[-3.482455106779096,47.628756416135744]],[[-3.482114780754325,47.62859471618643],[-3.481946802117512,47.62853180726188],[-3.481828798777903,47.62833064716836],[-3.482042046615786,47.62843619564549],[-3.482114780754325,47.62859471618643]],[[-3.480909531572286,47.62857142952668],[-3.480847717188788,47.628502615474446],[-3.480921881100004,47.628453334249556],[-3.480909531572286,47.62857142952668]]]},"properties":{}},{"type":"Feature","geometry":{"type":"Polygon","coordinates":[[[-3.476671516924936,47.62766906394995],[-3.476561530792759,47.62731392047751],[-3.476572439527198,47.627403628168786],[-3.476364480772952,47.6274513101779],[-3.476323759635703,47.627336164992315],[-3.476253956317213,47.62742132641351],[-3.476017636841775,47.6272357677271],[-3.476101439995491,47.62737561317928],[-3.475848397823194,47.627272265894526],[-3.47581840421472,47.62735521496331],[-3.475720059655895,47.62731552255602],[-3.475781866054297,47.62738433936371],[-3.475682430744483,47.62733567614878],[-3.475582813980919,47.62739539952133],[-3.475467200376388,47.62710378775845],[-3.475130177927717,47.626968979665925],[-3.475072010030706,47.62671030145071],[-3.474884049151584,47.62670268157393],[-3.474947486171271,47.62711460050186],[-3.475045829785447,47.62715429356374],[-3.474979845056453,47.62694120652557],[-3.475057466746491,47.62681045464368],[-3.475079278990949,47.6269898703485],[-3.47551773573697,47.62729967027132],[-3.475653346071316,47.62753598261521],[-3.475658981174902,47.62747244983565],[-3.475908932601415,47.62744049853185],[-3.475881482574512,47.627324615821074],[-3.476385386830454,47.627513368147866],[-3.476354303078405,47.62758734657419],[-3.476471373110219,47.62767115485346],[-3.476671516924936,47.62766906394995]]]},"properties":{}},{"type":"Feature","geometry":{"type":"Polygon","coordinates":[[[-3.478558414384091,47.62736549813759],[-3.478707834368196,47.627275909238364],[-3.47868037834979,47.627160027175584],[-3.478831805013069,47.6271967662988],[-3.478817618784336,47.62708014656104],[-3.47862856485439,47.62706356196191],[-3.478625115757552,47.627145036399966],[-3.478561123565195,47.627058279584595],[-3.478416244545046,47.627075364627764],[-3.478203571515848,47.62730394027863],[-3.478099031555736,47.62699365196523],[-3.478173195908048,47.62694437244725],[-3.478193012730256,47.6269974593541],[-3.478198821076409,47.62682553973129],[-3.478056124798285,47.62686056584229],[-3.47771544234486,47.62625633525692],[-3.477641278525886,47.626305614501696],[-3.477762534779283,47.62653369132071],[-3.477749824240421,47.62686855979875],[-3.477382249577377,47.62648257686059],[-3.477134485421307,47.62653247286829],[-3.477020868351327,47.6263671907847],[-3.477051414519845,47.626618372309636],[-3.476823823008537,47.626504581326955],[-3.477021423148189,47.62670132171525],[-3.477259369415531,47.6265706890571],[-3.477441697288144,47.62664183800712],[-3.478118318864627,47.627371898937135],[-3.478381714388714,47.62723081803847],[-3.478558414384091,47.62736549813759]],[[-3.477938700356586,47.62699353252124],[-3.477827261963958,47.62684619277875],[-3.477976681721544,47.62675660479085],[-3.478047219272404,47.62689718648542],[-3.477938700356586,47.62699353252124]]]},"properties":{}},{"type":"Feature","geometry":{"type":"Polygon","coordinates":[[[-3.470387619418724,47.625760269916775],[-3.470691926572282,47.62562596684078],[-3.470723208525508,47.62544360307828],[-3.470555959383499,47.62560642204118],[-3.470362554062113,47.62555394071664],[-3.470129213641309,47.6249527644666],[-3.470013249249673,47.624877920555654],[-3.469952349841018,47.624926458251664],[-3.469848758918206,47.62473351983264],[-3.469785680162323,47.62476411575775],[-3.469736064407081,47.624685588170735],[-3.469661895404653,47.62473486238865],[-3.469541887662289,47.625066652674334],[-3.469567531143109,47.62494782173781],[-3.469477912723962,47.62497989079045],[-3.46953009549458,47.62485958657398],[-3.469389966420294,47.624695770215],[-3.469310154719258,47.62480857677541],[-3.469008417808074,47.6247440444063],[-3.469067838599796,47.62490330995633],[-3.469203803452846,47.624922856495274],[-3.469250344343195,47.62486608495551],[-3.469365218025708,47.62493195877683],[-3.469378681863829,47.624822835348105],[-3.469449388296629,47.62485503557487],[-3.469387398784644,47.624894602129935],[-3.469614580088793,47.625225181271965],[-3.469706571749305,47.62510266701896],[-3.469674971344241,47.62484251253333],[-3.469897092012378,47.624911463329525],[-3.470151008562873,47.62513218126296],[-3.470126456040385,47.62525998315528],[-3.470387619418724,47.625760269916775]]]},"properties":{}},{"type":"Feature","geometry":{"type":"Polygon","coordinates":[[[-3.438800895042462,47.62526994528731],[-3.438804404799756,47.62518847195691],[-3.438921666670103,47.62516393124167],[-3.43887318044203,47.62509436169667],[-3.438991526586063,47.625078792040775],[-3.438920009802453,47.62492921551552],[-3.439009390601989,47.62500555664898],[-3.439122569503238,47.62483674446836],[-3.439439964986637,47.62481017631773],[-3.439675825525517,47.624661677855414],[-3.439430458791921,47.62462104942135],[-3.439439135417035,47.62469281844053],[-3.439327552864657,47.62465382856895],[-3.43932729762595,47.624762215321404],[-3.439220053183791,47.62475910986047],[-3.439276642129548,47.62467470367294],[-3.439167228799203,47.62465365590567],[-3.438948146389026,47.62471994681693],[-3.439314793433841,47.62443778825987],[-3.43926413826579,47.62435027659137],[-3.439647304715931,47.624094297123015],[-3.439620189769335,47.623870018906445],[-3.439498592768845,47.62385867581775],[-3.439544334533545,47.623684558150096],[-3.439307648680692,47.62371569848439],[-3.439230454799122,47.62362965319122],[-3.439519134520166,47.62358660894497],[-3.439545928690952,47.6234767556499],[-3.43937450758234,47.623495258773865],[-3.43947224338533,47.623309237074466],[-3.439115047939551,47.623338004912945],[-3.439218206914582,47.62319683909699],[-3.439057887225156,47.6231966662835],[-3.438981778967279,47.62311959194101],[-3.438991539219028,47.623200332187174],[-3.43883230396714,47.623209130202234],[-3.438804424017158,47.62331001220928],[-3.438680659617965,47.62328072598664],[-3.438477848098634,47.623481583163404],[-3.438485438861672,47.623544381154076],[-3.438646844016611,47.62355352589314],[-3.438581323203056,47.62367454951447],[-3.438675039145751,47.62378677551064],[-3.438766842954515,47.62377267235051],[-3.438770668019491,47.6240253304915],[-3.438608176990619,47.62400721478773],[-3.438552101315393,47.62387484709804],[-3.438402109252081,47.62418115834628],[-3.438307308814092,47.624059961013316],[-3.43821550438987,47.62407406381014],[-3.438289701494337,47.62402480954809],[-3.438185711659932,47.6240486165589],[-3.438266672356387,47.623944802372584],[-3.438000192017673,47.623950492813734],[-3.437901623732014,47.62401915529121],[-3.438008092868488,47.62434742230008],[-3.438135112433859,47.62440362264148],[-3.438063909888178,47.62458817697819],[-3.438218039420245,47.624868655710934],[-3.438163359732639,47.62507939038499],[-3.438286043623914,47.62509970599269],[-3.438178798564321,47.62509659957624],[-3.438114359163304,47.62522659397603],[-3.438201570540573,47.62528499344253],[-3.438391947144062,47.62520222790153],[-3.438647332500073,47.62521521197222],[-3.438778120957513,47.62508155153639],[-3.438800895042462,47.62526994528731]],[[-3.4387729549461,47.624928309142135],[-3.438662456841128,47.62489828977234],[-3.438663797881641,47.62479887416284],[-3.438869354815265,47.62484170369794],[-3.4387729549461,47.624928309142135]],[[-3.438781709836678,47.62356413671811],[-3.438669045697186,47.6235161750561],[-3.438839382662948,47.62348870182943],[-3.438781709836678,47.62356413671811]],[[-3.438877022767778,47.62346856006791],[-3.438843976697857,47.6234161995619],[-3.438986689479455,47.62338122129723],[-3.438877022767778,47.62346856006791]]]},"properties":{}},{"type":"Feature","geometry":{"type":"Polygon","coordinates":[[[-3.464938347096604,47.62217760741467],[-3.464922301674957,47.62211689943044],[-3.464776546474229,47.622016609747284],[-3.465063905056001,47.622072918378784],[-3.464990141618457,47.62190541579013],[-3.465126097343083,47.62192496710593],[-3.465050156267419,47.62173952273888],[-3.465120172886463,47.62154598078894],[-3.465042940542527,47.62145995246444],[-3.464813015589713,47.62143658295755],[-3.464991157222287,47.62136348092005],[-3.464813422549374,47.62121980897607],[-3.464718160072203,47.62131540689701],[-3.464489528740974,47.6211926206641],[-3.464336835842856,47.621255278919875],[-3.464399029192384,47.62110732797206],[-3.463933061890039,47.62078998643849],[-3.46386630778581,47.62101044050281],[-3.463784518294191,47.620996914663415],[-3.463695108782482,47.62092059233545],[-3.46375056637395,47.6208272032087],[-3.463664217095494,47.62088618062426],[-3.463579368153015,47.62073735486322],[-3.46342340989633,47.62077309917754],[-3.463503228003001,47.620660296406086],[-3.463696403107321,47.62082117624037],[-3.463891284039861,47.62066586560788],[-3.464032474297061,47.62083865981877],[-3.464048125271868,47.620747478608486],[-3.464232797637994,47.62072820320149],[-3.464260628187392,47.62062731499608],[-3.464324589430752,47.62071407993143],[-3.464203878320844,47.620820120480445],[-3.464413795207812,47.62089878880253],[-3.464310027617838,47.62081423209402],[-3.464372016154807,47.620774668150794],[-3.464504498531775,47.62087569447989],[-3.464456458961068,47.62114026734633],[-3.464698358758886,47.62126231754974],[-3.46472401119342,47.621143487444535],[-3.464927397365376,47.62116832938184],[-3.465053145892226,47.621323916626466],[-3.465102068596928,47.621176701447375],[-3.465202571628339,47.62123434472638],[-3.465121870279956,47.621229790728535],[-3.465244352972097,47.621358465051706],[-3.465203255091902,47.621460089610004],[-3.465310291941249,47.621571558199655],[-3.465412087087865,47.6215297852099],[-3.465532191341034,47.62174890438364],[-3.465471291427748,47.6217974398212],[-3.465390791514196,47.62168449904145],[-3.465317509081301,47.62185112844156],[-3.465139366268375,47.621924230958534],[-3.465081326422044,47.622216452785835],[-3.464989532246261,47.622230576639765],[-3.464966463868997,47.62215057465947],[-3.464938347096604,47.62217760741467]],[[-3.46522612088331,47.621648478548565],[-3.465297023105968,47.62157229436661],[-3.465184339354965,47.621524358235185],[-3.46522612088331,47.621648478548565]],[[-3.465317711538865,47.62174274147603],[-3.465319002861979,47.62164332540494],[-3.465215029726158,47.62166715650863],[-3.465317711538865,47.62174274147603]]]},"properties":{}},{"type":"Feature","geometry":{"type":"Polygon","coordinates":[[[-3.430700180363051,47.621021103650094],[-3.430763549696489,47.62088214183511],[-3.43088297193147,47.620875551586764],[-3.430829622913261,47.620986867544616],[-3.430971251370334,47.620942927806084],[-3.430986958841276,47.62085175103913],[-3.431263444199282,47.62081843062797],[-3.43074513799581,47.620729630998284],[-3.431134546043221,47.62063589330783],[-3.43128592145407,47.62067269418612],[-3.431449754217125,47.6205914043665],[-3.431486583045147,47.62045390676791],[-3.431275633325765,47.620366208029715],[-3.431472502033308,47.62033728089671],[-3.431517183800812,47.62015419483679],[-3.431394513850625,47.62013387206775],[-3.431717029976524,47.61981804873771],[-3.431576759228604,47.619762573621074],[-3.431639041620669,47.61961464001786],[-3.431330880958665,47.61949618280856],[-3.431437302472047,47.61938193726813],[-3.431415640002981,47.61920251273955],[-3.431178701467446,47.618899504298945],[-3.431053868424075,47.61886123869768],[-3.431159745680792,47.618963767491984],[-3.431035995551145,47.618934473103444],[-3.431018122629181,47.619007707503684],[-3.430883542216849,47.618888700635104],[-3.430591632010003,47.61890480993334],[-3.430495775715471,47.618774634695825],[-3.430403978316672,47.61878873139094],[-3.430473297102896,47.61892037112745],[-3.430268852625011,47.61888649792521],[-3.4302122555736,47.618970899998814],[-3.430238519252404,47.61907782268182],[-3.430372289152133,47.61907947200305],[-3.430274802976847,47.61915709945234],[-3.430275338725169,47.61938284475884],[-3.430206829015209,47.61936856320595],[-3.430438349290928,47.619626717375766],[-3.430279659060628,47.61986124899699],[-3.430367662654879,47.62003701270263],[-3.430176482896315,47.62000240715895],[-3.430145065632229,47.62018476054791],[-3.430044328375623,47.62023547405904],[-3.430090358875566,47.62039549194859],[-3.430200842840046,47.62042551949721],[-3.430231986372239,47.6203515530932],[-3.430319181162815,47.62040995859116],[-3.430240649937657,47.62042332295261],[-3.430317824693343,47.620509374328456],[-3.430175113909882,47.62054434205213],[-3.430434533640493,47.62070161599733],[-3.430248492573857,47.62082025368106],[-3.430135841891741,47.62077228372051],[-3.430021834383418,47.620823729367935],[-3.430355455145572,47.620931754331295],[-3.430484897700211,47.62089751860633],[-3.430700180363051,47.621021103650094]]]},"properties":{}},{"type":"Feature","geometry":{"type":"Polygon","coordinates":[[[-3.455338432886264,47.62294625773981],[-3.455328709939375,47.62319962798165],[-3.455252801084944,47.62301417736706],[-3.455186231386968,47.62312623934685],[-3.455094656248162,47.62303196854192],[-3.455041161702327,47.62270077690388],[-3.454899548399732,47.62274474578925],[-3.454957197564269,47.62266930291165],[-3.454862138540382,47.6226565058258],[-3.454803849748205,47.62250620386191],[-3.454557394337925,47.622456636166746],[-3.454464734400961,47.62235339383808],[-3.454224802105354,47.62235765142741],[-3.454136490982918,47.62229029283661],[-3.453993565595867,47.622433676543935],[-3.453876542342153,47.62234984551375],[-3.453677278416947,47.62246925527992],[-3.453405599328757,47.62232173893545],[-3.453150856741793,47.62253453194157],[-3.452894849254438,47.622295834735255],[-3.452843718288816,47.62242510268856],[-3.452732130687789,47.622386125577904],[-3.452806084189851,47.62244524896159],[-3.452678825721196,47.622497451425595],[-3.452707309665285,47.62262231088531],[-3.452479787091414,47.62250847224005],[-3.452721840338383,47.623073065708965],[-3.45226702121516,47.622737001191815],[-3.452226355651846,47.62262184733144],[-3.452119972173045,47.622736111621634],[-3.452144566641482,47.622608313351904],[-3.452030805863088,47.62255139353698],[-3.451900056787443,47.62268506898454],[-3.451953991019543,47.622799488305716],[-3.451842403285569,47.6227605103525],[-3.451812374912523,47.62284345344566],[-3.451602699257993,47.62265637566459],[-3.451601152057068,47.62286417841454],[-3.451495853328031,47.62298741314406],[-3.4512646102045,47.623063432833014],[-3.451052299767526,47.62307518578222],[-3.450937915996135,47.6227925201343],[-3.450917432745373,47.62306458912353],[-3.450853722305635,47.62286943007573],[-3.450717769405028,47.62284986215577],[-3.450734920382114,47.62310178551184],[-3.450923488229821,47.62333518900909],[-3.450796457745198,47.62327900254494],[-3.450789475075268,47.62344195008099],[-3.450656780056871,47.62344929517823],[-3.450449511524362,47.623171770585444],[-3.450548451173134,47.62343722908811],[-3.450431198441796,47.62346178149753],[-3.450307660252663,47.62332412074833],[-3.450325042351129,47.623467657261706],[-3.450207789450207,47.623492209446454],[-3.450119481519612,47.62342484785765],[-3.449876051323357,47.62351057025424],[-3.449734047644748,47.62322040127747],[-3.449788445760763,47.6231180478535],[-3.449630533108095,47.623027444763856],[-3.449673131690692,47.623268928439735],[-3.449451278662303,47.62309155226674],[-3.449323075625342,47.62357729845214],[-3.449167334783832,47.623504636839314],[-3.449138388023021,47.6235965502551],[-3.449120393591239,47.62322726883268],[-3.448941609285762,47.62307460183073],[-3.448814345538048,47.623126800067126],[-3.448619034768659,47.622947953711225],[-3.44870214570324,47.622862074334286],[-3.448667390721202,47.62257500072208],[-3.448610818849315,47.62265941154988],[-3.448449888107055,47.62243350679141],[-3.448341324856549,47.62252982554394],[-3.448282718306617,47.62303881266684],[-3.44811418581447,47.62275011011279],[-3.447998867807214,47.6229009890745],[-3.447924546354797,47.622507730951554],[-3.447916469056593,47.62266170732262],[-3.447805732487053,47.62274008345123],[-3.447870755475054,47.622835828359605],[-3.447760256586021,47.62280581756462],[-3.447716952440323,47.62288949377538],[-3.447730326756138,47.62233785411188],[-3.447647453409974,47.62231534592007],[-3.447634793333416,47.622541824935496],[-3.447525381079731,47.622520784974846],[-3.447457340173655,47.62228973976772],[-3.447503424638321,47.62244975062166],[-3.447412950099345,47.622364444824555],[-3.447395098495689,47.622437681600616],[-3.447263491355427,47.622453993910106],[-3.447199187658013,47.622033087917615],[-3.44709954893052,47.6220927871575],[-3.44714997545595,47.622288682435745],[-3.447025602236836,47.622033660149945],[-3.446794962512536,47.62233541590921],[-3.446842736649918,47.62273014292701],[-3.446527769292255,47.62266628648436],[-3.446544055278058,47.62280085253874],[-3.446386752983901,47.622935989864104],[-3.446460095992755,47.622769372439755],[-3.446373361538692,47.62249420529493],[-3.446315218350663,47.622786417702805],[-3.446352733300706,47.622323754900435],[-3.446228967047647,47.62229447666169],[-3.446127999670924,47.62245359088555],[-3.446106286581008,47.6222741693678],[-3.446261416286694,47.62212109022298],[-3.446279510451015,47.62193946668985],[-3.446165757351588,47.62188254114285],[-3.446088072069621,47.622013274147605],[-3.446141631687031,47.621793564354356],[-3.445979144950514,47.62177545888441],[-3.445777210069252,47.62209368688472],[-3.445770688405273,47.62303328454312],[-3.445421225803865,47.62257396377588],[-3.445394201264731,47.622792205344616],[-3.445274776535542,47.62279881042444],[-3.445441122714497,47.62306957491051],[-3.445330138620976,47.6232563355249],[-3.445404927791878,47.62343282148639],[-3.445318797101527,47.623383398421645],[-3.445232423327633,47.623442362130746],[-3.445301897850989,47.62401651109031],[-3.445223365072576,47.624029885501294],[-3.445249062187207,47.62391105984614],[-3.445155088804132,47.62390722594493],[-3.444963154226147,47.62419780508297],[-3.444961227028657,47.62407147612958],[-3.444913575514235,47.62411926693255],[-3.444784378559558,47.6240451317938],[-3.444777523295122,47.62420468417442],[-3.444682318115129,47.6241952735449],[-3.44466988940313,47.62431336523707],[-3.444553962101067,47.62423849602837],[-3.444432958881885,47.62445290272859],[-3.443714216470696,47.624474583267485],[-3.443572835752533,47.624410151603385],[-3.443571997103352,47.62429279373155],[-3.443466923854043,47.624307634350494],[-3.443562229724055,47.62421205391363],[-3.443266942334846,47.62375876327548],[-3.443172474507538,47.62397170139485],[-3.443058720390964,47.6239147728812],[-3.442836979354369,47.62417990251],[-3.442861100589293,47.624268879871956],[-3.442778226298546,47.624246368247526],[-3.44278207038321,47.62449902619526],[-3.442610647113728,47.624517534059116],[-3.442626923790044,47.62465210053148],[-3.442504239275641,47.62463178947865],[-3.442490720550107,47.62474090981388],[-3.442586865428662,47.624762688052506],[-3.442513507592042,47.6249293028737],[-3.442467435943914,47.624769290255124],[-3.442344502107796,47.62485736578965],[-3.442340499531112,47.62515561272033],[-3.442522188412227,47.6250010716524],[-3.442482965838018,47.625229016947884],[-3.442351350315246,47.62524532369884],[-3.44240092630328,47.625323862891314],[-3.442268225453405,47.6253311984511],[-3.442263635904463,47.62540370078185],[-3.442373051992924,47.6254247456404],[-3.441996898887417,47.62551778705405],[-3.44204972971704,47.62562323968214],[-3.44192136813791,47.62566645924077],[-3.441886732618483,47.625821901958986],[-3.442004829688741,47.62591471594951],[-3.441433958258154,47.626054642526945],[-3.441500560476895,47.62594258855589],[-3.441768135383075,47.62594586123413],[-3.441791671115278,47.625809094256134],[-3.441540621974144,47.62583200147456],[-3.441524931063868,47.62592317942671],[-3.4414444755965,47.625810222386704],[-3.441405498851426,47.62592978053954],[-3.441232985603527,47.625939315264674],[-3.441275799810604,47.626072414962735],[-3.441384131945364,47.626084489636746],[-3.441277718358557,47.626198743846736],[-3.441140675594248,47.62617019370925],[-3.441096021798184,47.62635328288356],[-3.440961148471395,47.62634267474612],[-3.441042107249487,47.62623885875856],[-3.440937281443684,47.62614531041397],[-3.440817596441681,47.62626029759733],[-3.440921337401102,47.626344874938006],[-3.440791888331723,47.62637912213369],[-3.440643744633088,47.62636924700948],[-3.440774278610909,47.626343971084985],[-3.44075124474857,47.626263964494875],[-3.44063615092929,47.62630644925035],[-3.440694076568833,47.62612262687889],[-3.440563543094298,47.626147902716625],[-3.440573306292215,47.62622864270483],[-3.440435179050285,47.62619112063031],[-3.440427079591754,47.626345096191066],[-3.440321169895649,47.62624257618781],[-3.440202568090129,47.626366533846486],[-3.440192298447403,47.62650256715362],[-3.440346951047332,47.62656626951135],[-3.440065166919342,47.62667028271846],[-3.440148979439881,47.62658624039895],[-3.439981887393424,47.626640628831446],[-3.440045933509792,47.6266773821865],[-3.440001666119166,47.626693722219805],[-3.439875215560407,47.62686326836766],[-3.439573247890924,47.62690704666383],[-3.439622821334753,47.62698558696823],[-3.440146880367598,47.627010815838595],[-3.439990634194833,47.6271549153658],[-3.439843573188791,47.62715401034139],[-3.43989748609264,47.62726843496564],[-3.439823285963116,47.62731769016683],[-3.439919434394511,47.62733947057227],[-3.440012582573985,47.62722595095907],[-3.440076512307654,47.6273127288755],[-3.439979856007725,47.62750772180653],[-3.440249608212296,47.62752894017905],[-3.44014561242555,47.62755274889189],[-3.440216304835228,47.62758496676769],[-3.440117732688937,47.62765363098692],[-3.44014727476377,47.627787464283564],[-3.439508685041874,47.62803046329539],[-3.438063250555493,47.62811934795639],[-3.437386696553772,47.6280483459885],[-3.436788945479214,47.627855584871554],[-3.436297626114369,47.627548571186985],[-3.435963654167317,47.627106432612244],[-3.435923282608136,47.626882886716125],[-3.436240430332862,47.626964713910034],[-3.436104734154267,47.626836742397956],[-3.436243944109584,47.62688324072772],[-3.436397770184079,47.626829590530974],[-3.436372574459726,47.626731640805524],[-3.436519895192138,47.626624163563875],[-3.436378517465039,47.6265597232629],[-3.436514474555545,47.62657930783634],[-3.436416160663857,47.626539582326274],[-3.436602207955257,47.626420935167026],[-3.436684520091622,47.626217706690895],[-3.437486163876287,47.626218584845155],[-3.436931236375603,47.626158925340064],[-3.436949363653379,47.62597730363069],[-3.437101842433075,47.62602306801394],[-3.437227215578652,47.62584455365289],[-3.43695396046948,47.62590480153033],[-3.436880019733406,47.62584566821561],[-3.437009729968595,47.62570303865709],[-3.436832880019327,47.62567668230396],[-3.436823122579808,47.62559594198024],[-3.436664963956475,47.625613708176864],[-3.436707766512527,47.625746809571446],[-3.436630313165052,47.62576914934026],[-3.436530093379067,47.625603094918894],[-3.436638684190053,47.62550678729836],[-3.436650609592599,47.625605469938996],[-3.436896238914716,47.62553771749439],[-3.436667392865486,47.62552326377606],[-3.436740509270706,47.625465039385496],[-3.436609975532342,47.62549031081346],[-3.436585864165042,47.6254013322167],[-3.436722902519231,47.6254298877095],[-3.436711237575885,47.62522281835235],[-3.436788429700561,47.62530886523998],[-3.436841770612215,47.625197546807755],[-3.436713666388709,47.62513237393238],[-3.436852048542029,47.625061513703955],[-3.436693891511713,47.625079279944636],[-3.436618346613573,47.62522794873535],[-3.436583655074723,47.6249408718799],[-3.436499698298042,47.62490938465572],[-3.436604774668323,47.62489455030916],[-3.436591765406148,47.62478689647457],[-3.436800009650733,47.62463089846826],[-3.436608809270822,47.62459630353579],[-3.436301170107672,47.62470360440443],[-3.436392453724784,47.62490627659876],[-3.436486428236673,47.62491011754819],[-3.436408976010546,47.62493245717985],[-3.436446356960999,47.62502070294822],[-3.436254594321924,47.62476036281491],[-3.436151686176063,47.62479313916207],[-3.436244875977749,47.62512214050031],[-3.436087242205029,47.624923132463756],[-3.435943439403998,47.62494913599944],[-3.435991921681977,47.6250187067658],[-3.435915815253135,47.624941630497716],[-3.435723267816305,47.625006449693494],[-3.435843520333085,47.625117212271775],[-3.435652056128244,47.6251910025026],[-3.435253131306307,47.625095627845894],[-3.435384222134275,47.62529610252617],[-3.435252340762478,47.62542078798412],[-3.435164048515127,47.62535341515587],[-3.435103936931047,47.62551929253003],[-3.434915985974955,47.62551160833333],[-3.434800863050653,47.62511156935781],[-3.434453141647483,47.62532945013465],[-3.434478333188045,47.62542740034479],[-3.434239469210313,47.625440588041194],[-3.434499719845152,47.62527269245915],[-3.434439318034376,47.6251044381969],[-3.434405744837958,47.62526884991198],[-3.434336408110671,47.62513721293888],[-3.434139523253374,47.62516614482807],[-3.434207489018625,47.62495467941542],[-3.434336938857567,47.62492043949195],[-3.434372148905353,47.62499074357838],[-3.434387851758608,47.62489956654377],[-3.434110529356511,47.62481553637416],[-3.434072620594917,47.6249440633162],[-3.433969976872975,47.62486845100925],[-3.433981897199511,47.62496713395473],[-3.433880337211161,47.624900492746804],[-3.433865717139819,47.625000640890676],[-3.433750070063303,47.624817374254754],[-3.43365934674381,47.624840444644256],[-3.433779043981066,47.62472546471219],[-3.433654462206877,47.624578815260925],[-3.433813702397445,47.6245700243113],[-3.433837808768569,47.624659003518325],[-3.433826972410958,47.62456929172236],[-3.433997315228738,47.624541825572265],[-3.434061763828662,47.62441183339823],[-3.433904140291976,47.624212822342734],[-3.434086402299762,47.624284039044554],[-3.433998379460308,47.62410827852457],[-3.433925261922607,47.62416650123918],[-3.433818285413392,47.62405500404369],[-3.433923360847022,47.62404017210288],[-3.433925510597144,47.62388184355427],[-3.433979957405354,47.62395576845054],[-3.434026800904528,47.62379062413488],[-3.433925778696957,47.623862098004764],[-3.433926060531175,47.62384134090023],[-3.4337860257313,47.62323496333212],[-3.433945547042383,47.623560303822394],[-3.433942562310061,47.62342500346302],[-3.43401649643942,47.62348413871084],[-3.433850739618482,47.62299658435476],[-3.433843705261056,47.623159530897624],[-3.433628406697409,47.62303595178414],[-3.433667148708958,47.623467301358374],[-3.433606217869174,47.6235158201337],[-3.433426126212326,47.623462545031906],[-3.433430193185382,47.623606816589856],[-3.4335650581029,47.62361743343817],[-3.433334870255762,47.623702388788146],[-3.433316731453158,47.623884010148906],[-3.433222478347224,47.62354603507505],[-3.433118487185891,47.62356983758014],[-3.43326038816286,47.62341750831655],[-3.433152063278303,47.62340542609146],[-3.433159903040668,47.622917319122706],[-3.43307243311739,47.62296730265929],[-3.432896945905905,47.62284152466463],[-3.432802706816815,47.622946067662134],[-3.432840617217027,47.62281754100026],[-3.43277860294447,47.62285708816315],[-3.43271685723162,47.62278824845073],[-3.432728774777216,47.622886931629616],[-3.432705754464362,47.62280692331108],[-3.432546519350524,47.62281571275815],[-3.432483690613595,47.622737901720846],[-3.432367245104257,47.62287979404666],[-3.432426285257237,47.623147465199914],[-3.432336647558693,47.6231795057811],[-3.432238343037275,47.623139776685136],[-3.432308210962987,47.623054641393296],[-3.432189323476221,47.62284445942317],[-3.431925014541991,47.6228680784126],[-3.43191337091539,47.62310352685937],[-3.431733823635329,47.622833475468525],[-3.431627395875875,47.622947721076784],[-3.431706743009209,47.62305171383786],[-3.43159408630795,47.623003745338835],[-3.431548049051676,47.62284372825625],[-3.43144622491049,47.62288547169861],[-3.43149794908274,47.62298195803195],[-3.431349816531674,47.622972071102915],[-3.431258283754059,47.622877781605744],[-3.431149688584578,47.622974084354084],[-3.431087944836928,47.62290524378468],[-3.430988286466572,47.62296492925186],[-3.430684712969931,47.62277396855902],[-3.430652485586286,47.62283896377453],[-3.430598596972004,47.62272453462318],[-3.430538747236048,47.622782023034816],[-3.43049596243823,47.62264891917705],[-3.430399826300183,47.622627130962336],[-3.430381951269216,47.62270036512646],[-3.430346747986962,47.62263005975448],[-3.430290147089862,47.6227144617037],[-3.430252777930768,47.622626213860755],[-3.430252504277151,47.62273460070565],[-3.430474292025135,47.62291201337364],[-3.43040117228247,47.62297023391788],[-3.430247898632677,47.622807102660204],[-3.430423106180706,47.62304127146547],[-3.430282554713712,47.623094181711494],[-3.429955692550625,47.622931597170435],[-3.429961381552303,47.62286806645561],[-3.429909111564477,47.622988353102116],[-3.429871742843536,47.62290010514965],[-3.429826244724503,47.62296583227311],[-3.429754481786361,47.62292463680766],[-3.4297631451274,47.62299640660768],[-3.429687050575002,47.62291932620108],[-3.429758538795732,47.623068908533206],[-3.429804037085975,47.62300318143958],[-3.429939708415656,47.62313116052338],[-3.42971953788082,47.623188462953685],[-3.429646691823169,47.62313829620219],[-3.429403486789074,47.623558107575164],[-3.429301659608366,47.62359984913255],[-3.429267540002298,47.623538514694374],[-3.429146752880704,47.62364451884552],[-3.429157050120073,47.62350848631084],[-3.429093949498286,47.623539060275334],[-3.429051146116759,47.62384847432594],[-3.428747550429152,47.62410002701343],[-3.42885018527624,47.62417564393953],[-3.428824451532265,47.62429446596801],[-3.428655466507383,47.62422250905409],[-3.428572321207437,47.6243083741032],[-3.428424489665781,47.62374757840894],[-3.428494641697184,47.623554058636195],[-3.428068119620793,47.623451152090574],[-3.428106041778598,47.623322626999055],[-3.42792892573751,47.623404643934876],[-3.427924873647222,47.62326037217071],[-3.428048632097496,47.62328966979078],[-3.428131776653137,47.623203805069515],[-3.428101749624606,47.62316895962976],[-3.42820165121159,47.62311867223714],[-3.42826122614294,47.62316957184905],[-3.428262864205458,47.622961769449965],[-3.428041609939129,47.62301009748361],[-3.428099987242089,47.62316691443759],[-3.427960909085337,47.62300551781291],[-3.42819110247922,47.62292057302384],[-3.428099575369026,47.622826281048766],[-3.428156709348521,47.62269060671712],[-3.427585585126287,47.62277335245426],[-3.427539280921797,47.622721720612105],[-3.427445031552447,47.6228262592929],[-3.427271723052476,47.622718415332685],[-3.427286878014822,47.62284401281607],[-3.427240574037945,47.62279238085737],[-3.427191545449348,47.622939580037745],[-3.427058848438807,47.622946898326646],[-3.427140631604054,47.62296044987004],[-3.427113812165202,47.623070300347045],[-3.426986005211158,47.62289672990946],[-3.426871148569015,47.62327333286469],[-3.426830817983844,47.62304978338657],[-3.42670814316423,47.62302945572548],[-3.426736566647963,47.62315432147804],[-3.426661839586245,47.622977823542264],[-3.426742821067937,47.622874017287856],[-3.426653461379875,47.62279766668479],[-3.426678397750635,47.622561486948385],[-3.426743382626959,47.62265724362422],[-3.426819753179159,47.62262593912225],[-3.426697120429915,47.622163092777335],[-3.42657661243132,47.62216070748305],[-3.426595814013606,47.62243057697519],[-3.426496714063803,47.62227348491868],[-3.426536283920063,47.62193715777545],[-3.426360533943697,47.62191975677504],[-3.426440432069496,47.621806979412085],[-3.426308820085856,47.62182326811411],[-3.426312630329235,47.62163340812503],[-3.426218662318108,47.621629558983585],[-3.426195088532698,47.62176632311482],[-3.426022868262103,47.62166744850678],[-3.426117118370475,47.621562910911436],[-3.426019903714857,47.62153214781408],[-3.425931064708115,47.621681541665154],[-3.425893703477801,47.62159329238081],[-3.42577860790627,47.62163576259747],[-3.425730142010691,47.621566187471366],[-3.425560603445467,47.6217109997672],[-3.425418169798184,47.62163757476784],[-3.425293050764296,47.621707689953254],[-3.425180970553026,47.621442941443654],[-3.424998445811687,47.62148009764382],[-3.425132789652907,47.62126497915422],[-3.425091101645461,47.62114084448947],[-3.425346464334335,47.621153857669356],[-3.42537653287403,47.6210709213133],[-3.425562302473301,47.62106067833264],[-3.42552118012805,47.620719769934816],[-3.425308873355492,47.6207314761016],[-3.424957895534736,47.62092241527276],[-3.424923782630358,47.620861079481436],[-3.425044287621453,47.620863466482696],[-3.424972017859632,47.62059652287103],[-3.424841775084136,47.620513394260314],[-3.424871844047143,47.620430458006936],[-3.424732375975012,47.62049233292641],[-3.424819849651183,47.620442355572564],[-3.424769222035142,47.62035483743958],[-3.424867515869698,47.62039457287873],[-3.42485344933318,47.62027794620637],[-3.424774916934163,47.62029130689348],[-3.42482935991455,47.62018896494543],[-3.424767627538009,47.62012012093657],[-3.424608399131894,47.620128899573174],[-3.424662842265872,47.62002655769424],[-3.42468584932623,47.620106567711815],[-3.424747866398283,47.62006702479021],[-3.424642284297656,47.61985610325581],[-3.424545870353054,47.61994269717821],[-3.424520699623948,47.619844744550655],[-3.424395298082057,47.620023245820825],[-3.424412609436697,47.62016678642609],[-3.424538807997964,47.62010564341499],[-3.424561814906516,47.62018565345374],[-3.424394727016512,47.62024001976617],[-3.424526050413788,47.62033212017271],[-3.424447232425248,47.62045386759719],[-3.424245521453801,47.62022115252557],[-3.424122854118387,47.62020082211956],[-3.42418999539304,47.620314522910995],[-3.423982303885882,47.62025372486093],[-3.423858046081344,47.619998677648766],[-3.42377598149776,47.62009351076251],[-3.423670690186427,47.61977420136461],[-3.423625981828426,47.6199572844574],[-3.423506628287903,47.61952134802214],[-3.423166251747912,47.6194678626115],[-3.423277305494934,47.619281122702155],[-3.423123776096336,47.619226368810395],[-3.423225599765378,47.61918463254548],[-3.423234829489591,47.619039628918316],[-3.423095651318762,47.61899311489729],[-3.423098608314117,47.61912841584037],[-3.422987049327584,47.61908941024761],[-3.423056061969645,47.61932944138255],[-3.422964261652899,47.61934353222579],[-3.422942843943432,47.619498238468765],[-3.422832654681712,47.619359817031196],[-3.42274705537915,47.619536122541724],[-3.422597349079773,47.619291507864254],[-3.422460044582932,47.619371322722124],[-3.422462999988412,47.61950662365507],[-3.422374733662626,47.61943924095535],[-3.422301320063919,47.61960584353211],[-3.422379639328758,47.61925835217306],[-3.422303058726074,47.61895552144321],[-3.422213421991065,47.6189875543238],[-3.422184141261332,47.61918784828983],[-3.422102945495374,47.61895751919708],[-3.422088014748344,47.61916605319494],[-3.421945883166092,47.61898423683746],[-3.421731337285546,47.6194205132684],[-3.421818730489327,47.61981305743422],[-3.421649769092453,47.619741090219115],[-3.421469119161218,47.61990457054706],[-3.421249536678088,47.61974508314353],[-3.421160979393572,47.61978608652185],[-3.421050882048238,47.6192051440872],[-3.420917112122535,47.61920348408925],[-3.420907876074983,47.619348487521],[-3.420781179539564,47.61918388128701],[-3.420877216221892,47.61964819679346],[-3.42066932903903,47.61925326049699],[-3.420635423955226,47.61952605574564],[-3.42100844385268,47.620182820397986],[-3.420934528704882,47.620123676816455],[-3.420900128305576,47.62017072678978],[-3.420727427604463,47.61984609902433],[-3.420748468542471,47.62024229940157],[-3.420600143975138,47.61989826660112],[-3.42045772198664,47.61982483548414],[-3.420535575884761,47.62047077079577],[-3.420441903897073,47.6203585300568],[-3.420449179455204,47.62052971626248],[-3.420381752194916,47.62052440027707],[-3.420515232002052,47.62063444782523],[-3.420432079198171,47.62072030723737],[-3.420505701182933,47.62088783804278],[-3.420681445853351,47.62090524786264],[-3.420680657580889,47.620787889620075],[-3.420768631099169,47.620963660473926],[-3.420998534699416,47.62098711669112],[-3.420790551355406,47.621034699903134],[-3.420789177125812,47.621134115497156],[-3.420686559544369,47.62105849136982],[-3.420664841434641,47.62132158395921],[-3.420616382488901,47.62125200669994],[-3.420557604992831,47.621318461357234],[-3.4206528553463,47.62166541834913],[-3.42073896042551,47.621714859644705],[-3.420759011111588,47.62165956954874],[-3.420820447300176,47.621836802493945],[-3.421089578721139,47.622074838899344],[-3.420961208709523,47.6221180355008],[-3.420996399293589,47.62218834371967],[-3.420899186450073,47.62215757636994],[-3.42078841126779,47.62223592689854],[-3.420617280861103,47.62214601565554],[-3.420514074732975,47.622287165114805],[-3.420419318271153,47.62216595314807],[-3.420290947498102,47.62220914901079],[-3.420455403851026,47.623130270033414],[-3.420273163969523,47.623059032019626],[-3.420256849649263,47.62336698081827],[-3.420010422366239,47.6233173402505],[-3.420017204531064,47.62326278134706],[-3.419798104055298,47.623329036384014],[-3.419695778749084,47.62314502468085],[-3.419625890591982,47.62323015242286],[-3.41954981034408,47.62315306542158],[-3.419448863006427,47.62286963799972],[-3.419401975219148,47.62303477654407],[-3.419279303263334,47.62301444108017],[-3.41934162352608,47.62286651428375],[-3.419118199322633,47.62289688277176],[-3.419179142622535,47.62284837153992],[-3.419067578726212,47.622809362277685],[-3.41911033515755,47.62294247030953],[-3.419007419992369,47.62297523158141],[-3.418972719499871,47.623130667713475],[-3.419235169181945,47.62298074859655],[-3.419381626883676,47.62319845316054],[-3.419268684991915,47.623258859566356],[-3.419180416494117,47.6231914745823],[-3.418996503973899,47.62332803683217],[-3.419095880119776,47.6233767483909],[-3.419128121897992,47.62331175638285],[-3.419230741603081,47.62338738179195],[-3.419219930051058,47.62329766858367],[-3.419309279944091,47.62337402485414],[-3.419394601052436,47.62330610899736],[-3.419418682818847,47.62339509123668],[-3.419522679746631,47.62337130092745],[-3.419424874316375,47.623557305921196],[-3.419533196400641,47.62356940087658],[-3.419433523872687,47.62362907646348],[-3.419433228247081,47.62373746322614],[-3.41951392947533,47.6237420487873],[-3.419438634242314,47.623782319810886],[-3.419471070404499,47.62405145929248],[-3.41968447290684,47.62404873507116],[-3.419282535002622,47.624260523406974],[-3.419281157881584,47.62435993881848],[-3.419142754226745,47.62443077825328],[-3.419228862367803,47.62448022059188],[-3.418535162533237,47.625042217829275],[-3.418414648400482,47.62503982411707],[-3.418448756496133,47.62510116167771],[-3.418233970630512,47.625203298995814],[-3.417907914490922,47.62515803891907],[-3.417797128691925,47.62523638648968],[-3.417776590640334,47.625065931299524],[-3.417696968493099,47.62507031586811],[-3.417722129164968,47.62516826970305],[-3.417630616693745,47.62507396963379],[-3.417591587152637,47.62519351987986],[-3.41755531816132,47.625114239415694],[-3.417492208997349,47.62514480708672],[-3.417459364836098,47.6254265719149],[-3.417630018104062,47.625290742982806],[-3.417644070179932,47.62540737022433],[-3.417817367958369,47.62551522832072],[-3.417746392750276,47.62559138351084],[-3.417664907166559,47.62546943875226],[-3.417694391739605,47.62560327787267],[-3.417538388568547,47.6256389608188],[-3.417687606903373,47.625657836575506],[-3.417677280021715,47.625793867947195],[-3.417834364522995,47.62576715614092],[-3.417922635580632,47.625834542052985],[-3.417995958186157,47.626110460626556],[-3.417868656950545,47.62616262505849],[-3.417949063057569,47.62627559831233],[-3.417808490712278,47.6263284934586],[-3.417842598934823,47.626389831155564],[-3.417662995801258,47.62656227635628],[-3.417870704655529,47.62662308544679],[-3.417683534065834,47.6267327314351],[-3.417825970668722,47.626806165674374],[-3.417882780236746,47.627055901000865],[-3.417880319430297,47.62714634493714],[-3.417716445887099,47.627227615446664],[-3.417950699205031,47.627286962854484],[-3.417912749779628,47.627415484385494],[-3.418017836245566,47.627400666779685],[-3.417813068258555,47.627475158471405],[-3.41784933923683,47.62755443875916],[-3.418092839286441,47.627468783298134],[-3.418068161056105,47.62759657406592],[-3.41837771793841,47.62761565054626],[-3.4184512335306,47.62822569943551],[-3.418388904543434,47.628373625348836],[-3.418124562128776,47.62839721304046],[-3.418165158520254,47.62851237842129],[-3.418005306890466,47.62873792098443],[-3.418050227561031,47.628888971611254],[-3.417838369906982,47.62912640837766],[-3.417683437549325,47.62917106275956],[-3.417648429892226,47.62943488444263],[-3.417563396220568,47.62939441237332],[-3.417215876725529,47.629503854918624],[-3.417217738453838,47.629630183968565],[-3.417346129561108,47.629586991648665],[-3.417318986683582,47.629805225919576],[-3.417270224345692,47.629844033992185],[-3.417245062299088,47.62974608029588],[-3.417105561046117,47.62980794581086],[-3.417182427963119,47.63000239185679],[-3.416988157359022,47.63027498147814],[-3.416807758493995,47.63033006732739],[-3.416669034800206,47.6305092899909],[-3.416803913821129,47.630519926155046],[-3.416802531922087,47.63061934121669],[-3.416089446004113,47.631353968933766],[-3.415658733376245,47.6315492625181],[-3.415669237300723,47.63174736198019],[-3.416032986374113,47.63177249383984],[-3.416180838233845,47.63189078644903],[-3.416183778415344,47.63202608666865],[-3.416038563423772,47.63215148057756],[-3.416178072038565,47.63208961641168],[-3.416251998486512,47.63214876263907],[-3.416026847693375,47.63238692630959],[-3.416266828092161,47.632382747212525],[-3.416333967955256,47.632496451806574],[-3.416507587719701,47.63249592519254],[-3.416509146262656,47.6327306403114],[-3.416699459065075,47.63309042671804],[-3.416678017680613,47.633245130716695],[-3.416598383241522,47.6332495145179],[-3.416657958414746,47.63330041978196],[-3.416494064115369,47.63338168831843],[-3.41663621546566,47.63356350996266],[-3.416396706979687,47.63379343350766],[-3.416518975523406,47.63436467405047],[-3.417120750003091,47.63470180953973],[-3.41710177167786,47.63476606992699],[-3.417284047300103,47.634837312459],[-3.417475571499252,47.63476355270667],[-3.417561395277481,47.63492138214349],[-3.417870994462485,47.634940459894636],[-3.417958982055476,47.63511623158276],[-3.418308401072326,47.63513311581737],[-3.418563234141582,47.635362915960414],[-3.418725752934218,47.63538105944394],[-3.419245057044338,47.63636391415401],[-3.419736948260045,47.63767338599611],[-3.420288343167172,47.638257114167196],[-3.420982019326523,47.63858014048635],[-3.423256577315015,47.63915923887849],[-3.424999659594935,47.639984329004285],[-3.425836670475038,47.64049810803669],[-3.425808756926766,47.64059898603928],[-3.425922810742595,47.64054754502968],[-3.426196671988289,47.6407130662559],[-3.426240543234516,47.64085514162111],[-3.426289309110067,47.64081633002536],[-3.426283613823568,47.64087985997222],[-3.426464839855416,47.64094211677962],[-3.426364059918583,47.64099282657297],[-3.426637123147371,47.64104098975174],[-3.42675631015448,47.641142789597204],[-3.426719454861075,47.64128028423535],[-3.426858974957344,47.641218407607006],[-3.426837038332485,47.641147370057276],[-3.427035871483538,47.6412447788494],[-3.427109019936702,47.6411865609617],[-3.427119848375191,47.64127627261003],[-3.427164282586664,47.641201575998146],[-3.427276973722238,47.64124954831884],[-3.427340619881772,47.641444718365285],[-3.427431374160542,47.641421653081835],[-3.427448700622976,47.641565191651324],[-3.427555174457282,47.64145095094987],[-3.427564886862533,47.64197420562531],[-3.427650227202212,47.64190628439105],[-3.4275984916444,47.64180979729736],[-3.4277954414523,47.641780876682915],[-3.42783390293869,47.64187809559386],[-3.427963676319358,47.641735477264525],[-3.427806828604451,47.641653816698906],[-3.428134355002801,47.64159963413186],[-3.428656385890495,47.64160697205721],[-3.42897469314209,47.64169778950366],[-3.429024264726907,47.6417763337045],[-3.429071946236469,47.64172854982112],[-3.428997163407199,47.64199456930926],[-3.4291402083375,47.641851217646604],[-3.429075726687772,47.64198120593278],[-3.429288117173624,47.64196949304697],[-3.429274291291782,47.642186996625995],[-3.429400260872013,47.64223423480765],[-3.429461749445944,47.642411461322475],[-3.42955711273119,47.64231589320956],[-3.429797945356593,47.64242904321428],[-3.429868925759672,47.64235288136515],[-3.430073185766467,47.64249514059474],[-3.430023063527856,47.64263336833383],[-3.429875960036502,47.64263245076736],[-3.429812028538019,47.642545667956746],[-3.429715307141646,47.64274065085512],[-3.429601527373701,47.64268370978844],[-3.429531629430168,47.64276884259731],[-3.429606668766966,47.64283695118011],[-3.429708532416585,47.64279520977194],[-3.429694982924903,47.64290432759976],[-3.429841003826418,47.6428962742622],[-3.429884886570139,47.64303834809764],[-3.429792772578995,47.64316082983545],[-3.429642417713671,47.64313299858192],[-3.429512645421009,47.64327561867219],[-3.42962425973932,47.6433146175443],[-3.429545419437084,47.64343636696369],[-3.429388288787145,47.64346309427514],[-3.429541343932997,47.64373461058533],[-3.429208389620523,47.643743941368456],[-3.429319197087506,47.6436655837254],[-3.429224106814968,47.64365276591279],[-3.42919350011238,47.643509959819234],[-3.429032566952867,47.64372654458503],[-3.429344958222384,47.64310424889971],[-3.429286443248394,47.64306232150131],[-3.429191078144501,47.643157889356225],[-3.429026365702737,47.64312181822823],[-3.428887926324772,47.643192668522765],[-3.42878958750352,47.643152936935216],[-3.428812080921808,47.64300720265097],[-3.42865603430786,47.64304290012431],[-3.428683414499182,47.642716279001824],[-3.428840543303147,47.642689552627935],[-3.42868721778603,47.642526420984815],[-3.428731121394725,47.64222598120024],[-3.428602986199676,47.642160800003644],[-3.428413894487747,47.64214413426371],[-3.428439082880919,47.64224208492434],[-3.428288731310189,47.64221425191554],[-3.427873416198827,47.642426799777596],[-3.427934899923844,47.64260402707816],[-3.427848197194495,47.6427713630612],[-3.427798626416374,47.64269281840202],[-3.427747940411968,47.6430478165592],[-3.427632800042818,47.64309028813228],[-3.427562060755397,47.64350057678878],[-3.427564819038731,47.64285923380008],[-3.42751035817576,47.64296157582493],[-3.427449678930734,47.64290170519687],[-3.427271657460335,47.64330887738091],[-3.427223449845797,47.643130917964605],[-3.427299849416908,47.64309961347999],[-3.427223729756266,47.64302253226956],[-3.427142718633916,47.64312633777625],[-3.427140832939255,47.643000009768556],[-3.427030303958756,47.642969979675314],[-3.427197460333368,47.642915610230524],[-3.427134615731255,47.64283779712432],[-3.427232429625398,47.64265178752934],[-3.427068802934023,47.642624684789546],[-3.427113238339718,47.642549988249414],[-3.426980772955613,47.642448920648334],[-3.426678706519021,47.64249266525597],[-3.426610449255733,47.64236999603331],[-3.426580089418431,47.6425613175202],[-3.42642079435048,47.64257009852606],[-3.426398056588282,47.6423817040492],[-3.426374192462618,47.6426268524718],[-3.426205953433195,47.64267224958045],[-3.426202423291494,47.642753721794485],[-3.426074289917997,47.642688537842645],[-3.426081868816798,47.64275133601512],[-3.425919325077783,47.64273320283437],[-3.425816941457445,47.642549198340085],[-3.425735928317135,47.642653002896914],[-3.425666307318652,47.64262974768108],[-3.425703399904736,47.64282638178757],[-3.425475848808082,47.64271249173336],[-3.42533740577819,47.642783337836086],[-3.425464790688151,47.6422886516478],[-3.425365089830297,47.64234833171892],[-3.425244820234482,47.642237559340614],[-3.425374601408645,47.64209494391369],[-3.425431746124159,47.64223628785714],[-3.425510310653355,47.642222926879775],[-3.425437726102465,47.64206437225183],[-3.425562093355448,47.64187690071741],[-3.425451619024584,47.64140435484464],[-3.425035041845,47.64083127859996],[-3.424892557888995,47.640757853684576],[-3.425046949214875,47.640929961642435],[-3.424944003005897,47.64096272784077],[-3.424629809755749,47.64057365548547],[-3.424143568731414,47.64041983450419],[-3.423734589016538,47.639909551720265],[-3.422887580043134,47.639423402450895],[-3.422827703273833,47.63948088641525],[-3.420802092383117,47.63886097534749],[-3.419806953629239,47.63836490306442],[-3.419244452277207,47.63779984608995],[-3.418607945623822,47.636398996985946],[-3.417853467057699,47.63568195087022],[-3.417870282451367,47.63559974783811],[-3.417793888085842,47.635631046278576],[-3.417701575610085,47.635419389397185],[-3.417607284549413,47.635523919454016],[-3.417523921460135,47.63527564655529],[-3.417376838465059,47.63527471324871],[-3.417215701706914,47.63515715305943],[-3.417181888863008,47.634987429335084],[-3.416986039389878,47.63502530344781],[-3.417028320537524,47.63493266787346],[-3.416790791749074,47.634846404979875],[-3.416693859525097,47.63470724819411],[-3.416389968522884,47.63462463765333],[-3.416417896748727,47.63452376158933],[-3.41622295505125,47.634236475963874],[-3.416194678439907,47.6336690923314],[-3.41631161970628,47.63297631451941],[-3.416167913974539,47.63255977730936],[-3.416061736027049,47.63256562190397],[-3.416072068336304,47.63242959115023],[-3.415893044887433,47.632385260568334],[-3.415848733283597,47.63201743682078],[-3.415738233400338,47.63198739587481],[-3.415725567696434,47.63177135381508],[-3.415514599148737,47.63168362712182],[-3.415548234569158,47.63151922138513],[-3.415456715049928,47.631424919921386],[-3.416280308065074,47.63072033665154],[-3.416216412940221,47.63063354586754],[-3.416327212261527,47.630555200014165],[-3.416226744481275,47.630497514964354],[-3.416442938057048,47.63029596654714],[-3.416338926264958,47.63031975402927],[-3.416319169733603,47.630266656735714],[-3.416498488052532,47.630202600324864],[-3.416204350061669,47.63020073093959],[-3.416117154723143,47.630142315198825],[-3.416164058916429,47.62997717857768],[-3.416005880440502,47.629994916759784],[-3.415964206840798,47.62987077939578],[-3.415819300196303,47.62988778676721],[-3.415790898666048,47.629762918791975],[-3.415895990342494,47.62974810311303],[-3.415962045362883,47.62985283675399],[-3.415964509544485,47.62976239298434],[-3.416160340431951,47.62972452048119],[-3.416085034229838,47.629764789218754],[-3.416161118897778,47.629841878214435],[-3.41617901583111,47.629768646497176],[-3.416311731291096,47.62976134059502],[-3.416361273156179,47.6298398906529],[-3.416360494250314,47.62972253292086],[-3.41658394859307,47.629692169814874],[-3.416625145369148,47.62959056281477],[-3.416650306204817,47.62968851665248],[-3.416498312081626,47.62986846980801],[-3.416608808006101,47.62989851006787],[-3.416818813404425,47.629534746571835],[-3.417015723759021,47.62950584394484],[-3.416980533594026,47.629435534791476],[-3.417140091330188,47.629318380157216],[-3.417104901124965,47.62924807103453],[-3.417027434495175,47.62927039776345],[-3.417091930129943,47.629140415272715],[-3.416972487703153,47.62914699139133],[-3.417010440623512,47.62901847028053],[-3.417120154512122,47.62893115229424],[-3.417258272449211,47.62896870188554],[-3.417236353635819,47.6288976620834],[-3.417427556862015,47.62893228865064],[-3.417604707378636,47.62885028787357],[-3.417683553371633,47.628728545593056],[-3.41757414025038,47.62870747764307],[-3.417762997094239,47.62839003027219],[-3.417973472503969,47.62825200874921],[-3.417899549545338,47.62819286349231],[-3.418023910953437,47.628005398636795],[-3.417978991100906,47.62785434793107],[-3.417809710482816,47.62789076198537],[-3.417920501772366,47.62781241450992],[-3.417839794527248,47.62780782785739],[-3.4178731215283,47.627751807657305],[-3.417680841257301,47.6277082104834],[-3.417764009371947,47.627622353338616],[-3.417382693046197,47.62756207226368],[-3.417522487635423,47.627391819798184],[-3.417455351661158,47.62727811558778],[-3.4171400923437,47.62732256660592],[-3.417040710636747,47.627273853482045],[-3.417053201160955,47.62715576491708],[-3.416854137826746,47.62716672499212],[-3.416915388816355,47.627009828480524],[-3.417166454052325,47.626986974205124],[-3.417389115360038,47.626839251614975],[-3.417148379376647,47.62672607512154],[-3.417144656459696,47.626473416633],[-3.416975379651688,47.626509829504066],[-3.417032005624724,47.626425434173306],[-3.416898217730413,47.626423769578246],[-3.416999279735893,47.62626468095872],[-3.416870896338793,47.62630787297136],[-3.416874740470055,47.626118013729254],[-3.417055125031478,47.626062927657],[-3.417298800519406,47.62631140497159],[-3.41744291575024,47.62617703779422],[-3.41730294309382,47.62601315909145],[-3.417454324215474,47.62604997779485],[-3.417242894734994,47.625736509364714],[-3.416928725163672,47.62578993117557],[-3.416932268337441,47.625708458527356],[-3.416736753843022,47.625637945759216],[-3.416862974129877,47.62557681121448],[-3.416650646142727,47.62558850161283],[-3.416652630757741,47.62527231297336],[-3.41670138936851,47.62523350506715],[-3.416792900471716,47.6253278058567],[-3.416772365591582,47.62515735049799],[-3.416881470304663,47.6252868059073],[-3.416864177540427,47.62514326456393],[-3.41699039651169,47.62508212986593],[-3.416815720079228,47.62507368586444],[-3.41683853946948,47.62481956583451],[-3.417016156976236,47.62496331049426],[-3.416947944331677,47.62484063451572],[-3.417102564372056,47.62490436770146],[-3.417097760974832,47.62464273764011],[-3.417291410565541,47.62458692047136],[-3.417315189472134,47.62478428978461],[-3.417352357454917,47.62453841023486],[-3.417401896004064,47.624616960062724],[-3.417525951326748,47.62453788210512],[-3.417399552662172,47.62426488591899],[-3.417579930420175,47.62420979898371],[-3.417544144075332,47.62435626326135],[-3.41762700789119,47.6243787927881],[-3.41762976829018,47.624179962000966],[-3.417983738046206,47.62412434589751],[-3.417998871555109,47.62424994449446],[-3.41783392614234,47.624322243962304],[-3.418072789163734,47.62430908980855],[-3.41814838440796,47.62416043294659],[-3.418046845722333,47.62409377794487],[-3.418296815745497,47.62406194987712],[-3.418097764203371,47.62407291208903],[-3.418076927258566,47.62401084359373],[-3.418279221602083,47.62402679539649],[-3.418332599827979,47.62391548534673],[-3.418558190849622,47.62390306102635],[-3.418371924556562,47.62368754801776],[-3.418545515651427,47.62368701837247],[-3.41856340725038,47.6236137860578],[-3.418344601365882,47.62357165159249],[-3.418302927342047,47.623447514652284],[-3.418186740750726,47.6234810060181],[-3.418015909236595,47.62328270424227],[-3.417838777827302,47.62336470587801],[-3.417836914847847,47.62323837643041],[-3.417706676738121,47.623155239975915],[-3.417764976920214,47.622863041884436],[-3.417924996849461,47.622971630726894],[-3.418012779466399,47.622813271730934],[-3.417776383910693,47.62273598163707],[-3.417922351442349,47.622727943110974],[-3.417941324500215,47.62266368219155],[-3.418046103167899,47.62275725133753],[-3.418141451779034,47.62266169157234],[-3.417952432402355,47.62264500873367],[-3.417930515261637,47.62257396883058],[-3.418052104748603,47.62258533438056],[-3.418097915369717,47.62241122500449],[-3.417950867808157,47.62241029241442],[-3.417961193338151,47.6222742607819],[-3.418110700720964,47.62218474919138],[-3.417988329761354,47.622056025515796],[-3.41818737380579,47.62204506347905],[-3.418146185825916,47.622146671424716],[-3.418240452203833,47.62204214021193],[-3.418255585726447,47.62216773891001],[-3.418383958046771,47.62212454528346],[-3.418282422939286,47.622057890416826],[-3.418373148173512,47.62203483193862],[-3.418450008515271,47.62222927792845],[-3.418502303578884,47.62210899636463],[-3.418735157226045,47.62226775786466],[-3.419158408481348,47.62234378457646],[-3.418983252635897,47.622109598791404],[-3.418988954607637,47.622046068584815],[-3.41911378644888,47.6220843470192],[-3.418992494388744,47.621964595717316],[-3.419174728825217,47.62203583576939],[-3.419143568990644,47.62210979916021],[-3.419201267993344,47.6220343739145],[-3.41880701727197,47.621866441384014],[-3.418754236074044,47.621760978043895],[-3.418611514372106,47.62179593161479],[-3.418557950012438,47.62157310997294],[-3.418817934243827,47.62151363588608],[-3.418771045695841,47.62167877429214],[-3.418894307807023,47.621482336548176],[-3.419148589513207,47.6214863919448],[-3.419171588938329,47.621566402988506],[-3.419202748416915,47.6214924395696],[-3.419403850859781,47.621941936929595],[-3.419260446668765,47.62141701427075],[-3.419624422270591,47.621333748190644],[-3.419853147919929,47.62179075418041],[-3.419826117301522,47.6215664711102],[-3.420018377203466,47.62161006489041],[-3.420156677077841,47.621981743121076],[-3.420115588542349,47.62164083298192],[-3.42026263402223,47.62164176284693],[-3.420120796283175,47.6213515576077],[-3.420140648734773,47.62096213556509],[-3.420032626196951,47.62084165423754],[-3.420132881229854,47.62056520419005],[-3.420025646338483,47.620562081098434],[-3.420071154474642,47.62049635771218],[-3.419991539331065,47.620500743855246],[-3.419787685230457,47.62025007843446],[-3.419787193820003,47.62002433318223],[-3.419902290683435,47.619981868834884],[-3.419759869431772,47.619908436870055],[-3.419862778223315,47.619875674883595],[-3.419859042938044,47.6196230155923],[-3.41997738249532,47.61960746515884],[-3.419933839963463,47.619356998882836],[-3.42019892400754,47.619450765320536],[-3.420296719217883,47.61926475928651],[-3.420311856790727,47.61939035789709],[-3.420345175943246,47.61933433674935],[-3.420449952289788,47.61942790389864],[-3.420328957050959,47.619199766809814],[-3.42035578850578,47.61908991767296],[-3.420453783197714,47.61923804386786],[-3.420336913431745,47.61871165965468],[-3.420474219406058,47.61863184726594],[-3.420429794618924,47.618706542203135],[-3.420573294875107,47.618788944725594],[-3.420649168469995,47.618531898774776],[-3.420564149889159,47.6184914286631],[-3.420678161529701,47.61843999218676],[-3.420614273952603,47.6183532032603],[-3.420729659519752,47.61820235099369],[-3.420857727600345,47.61826754163051],[-3.420870118188473,47.61859197168679],[-3.420928892293856,47.6185255167793],[-3.421104629325986,47.618542925983434],[-3.421227789188999,47.618789004992074],[-3.421190729787615,47.61859236702512],[-3.421269260584439,47.618579008736475],[-3.421126344138171,47.61827983293739],[-3.421420416624277,47.61828168994039],[-3.421491959706204,47.61798875807488],[-3.421393672813324,47.617949019745815],[-3.421468958344904,47.61790874734133],[-3.421704755906327,47.618202804311174],[-3.421628388682217,47.61823410553952],[-3.421725594801933,47.61826487234423],[-3.421742689654847,47.618074280940036],[-3.421857780758954,47.618031814623095],[-3.421878619765721,47.61809388263427],[-3.421918716016105,47.61798330184071],[-3.422018084879654,47.61803201104664],[-3.422126607496096,47.618378236170244],[-3.422029901814717,47.618573215137864],[-3.422256049135746,47.61834400952084],[-3.422241988844177,47.61822738241142],[-3.422364650929125,47.6182477148135],[-3.422451331019319,47.618080380782025],[-3.422597285118266,47.61807233639414],[-3.422563679876578,47.61823674529708],[-3.42270530784043,47.618192815520594],[-3.422677400037455,47.618293693935634],[-3.422783548876753,47.61828784328497],[-3.422810878999342,47.61840373898591],[-3.423031613798944,47.618129675289424],[-3.423149949121996,47.61811412162938],[-3.423038392217367,47.618075116065384],[-3.423111513284625,47.618016899984646],[-3.423252852374552,47.618081356625645],[-3.423287755545699,47.61826005137654],[-3.423169419939344,47.618275605175064],[-3.423182400549678,47.61838326086295],[-3.423070554846919,47.61845264240107],[-3.423171295363504,47.61840193485901],[-3.423407104479333,47.618695988317334],[-3.423463999412111,47.618503202472155],[-3.423358137848306,47.618400666677346],[-3.423448854675322,47.61837760421313],[-3.423515992221704,47.61849130549832],[-3.423674134119062,47.618473557041696],[-3.42367983012052,47.618410026487716],[-3.423575844709486,47.61843382055903],[-3.423499765593294,47.61835673594109],[-3.423640311309977,47.61830383372901],[-3.423788429480173,47.61831373045965],[-3.423801411347974,47.618421386076626],[-3.423950611723933,47.61844025390202],[-3.423905110116188,47.61850597886912],[-3.424010177381827,47.61849115580439],[-3.424047247097381,47.61868779288672],[-3.424142291661433,47.6187006150777],[-3.424166155340766,47.618455464083546],[-3.424271222434517,47.618440640783554],[-3.423742419663386,47.618153709916044],[-3.423823399504065,47.618049905429],[-3.424025672977648,47.61806584732768],[-3.424049250686388,47.61792908337482],[-3.424070092200756,47.6179911509982],[-3.424089056175625,47.61792688892414],[-3.424252605660319,47.61795399618241],[-3.424323847099718,47.61776944963966],[-3.424228804149732,47.61775662759031],[-3.42425511657725,47.61742103194215],[-3.424385636433327,47.61739577421724],[-3.42445904048899,47.61722917014167],[-3.424562737983537,47.6173137624019],[-3.424563023160162,47.61720537526928],[-3.424727937472776,47.61713306603475],[-3.424551121975977,47.617106690970154],[-3.424742572530104,47.61703291863096],[-3.424746103198869,47.61695144537988],[-3.42465675627888,47.61687509301725],[-3.424502947088449,47.61692872802528],[-3.424443382703896,47.61687782633351],[-3.424572819220641,47.61684359708998],[-3.424449077619763,47.61681429569009],[-3.424693600037408,47.6167375972994],[-3.424642976141354,47.61665007894555],[-3.424846611118332,47.616566603566866],[-3.424926219996386,47.616562214105286],[-3.424945695620229,47.616723697483124],[-3.425131450176208,47.61671345516494],[-3.425158270500538,47.616603604785055],[-3.425269825879199,47.61664260835344],[-3.425300175673421,47.61645128464911],[-3.425385993145426,47.61660910982422],[-3.425260602096235,47.61678761231944],[-3.425448520950076,47.616795312087454],[-3.425499146304296,47.61688283008559],[-3.42540382118302,47.61697839614022],[-3.425580636676165,47.617004769915546],[-3.42534124099411,47.61723471375652],[-3.425602561709696,47.61707580858562],[-3.425729268107102,47.61724040976662],[-3.425847600673201,47.617224853366025],[-3.425746065566201,47.61715820482076],[-3.425882277312068,47.617069414721136],[-3.425901756012614,47.61723089789759],[-3.425646928110659,47.61744363145731],[-3.426018724113852,47.61731475717213],[-3.425962921841661,47.617516515664434],[-3.426155172169666,47.61756009943288],[-3.426186838079581,47.61771187951739],[-3.426347941938218,47.61782942838779],[-3.426350344007969,47.61818150351269],[-3.426575346742285,47.61838583783185],[-3.426622489258861,47.618112308927294],[-3.426684502579973,47.618072764936926],[-3.426786040597771,47.61813941263506],[-3.426587335951151,47.61759948255321],[-3.426720300534197,47.61748377765756],[-3.426743309582115,47.61756378737406],[-3.426941252745523,47.61754383911558],[-3.42706010776814,47.617754026998824],[-3.427073936343182,47.61753652094002],[-3.427174391452579,47.61759419704425],[-3.42722205302097,47.61754641331971],[-3.427257248836495,47.61761671981678],[-3.427373416975212,47.61758321932732],[-3.427347647425623,47.61814456111296],[-3.427437524058061,47.61844665679486],[-3.427502505287346,47.61854241325047],[-3.42755369388951,47.61841315614032],[-3.427720494073056,47.61846717233381],[-3.427796300821402,47.618652641263814],[-3.427404457089983,47.618836812441444],[-3.427752690047364,47.61884469730353],[-3.427325647873011,47.61895856190175],[-3.427345411166118,47.61901165764208],[-3.427621889267178,47.61897834582031],[-3.427258744903579,47.619178995225845],[-3.426947069031563,47.61914199966205],[-3.426961941898097,47.61937598444199],[-3.426876636697648,47.619443905963465],[-3.427146622889642,47.619356767664904],[-3.427331024180341,47.61944593761647],[-3.427293662200414,47.61935768867875],[-3.427654084852484,47.61935587071832],[-3.427706356364606,47.61923558485682],[-3.42781250652529,47.619229729638086],[-3.428041293250638,47.61968672008323],[-3.427858776504411,47.61972388078699],[-3.427758841761011,47.619891950593384],[-3.427856054431933,47.61992271226919],[-3.427758563058204,47.62000033758449],[-3.427159014686042,47.620123716103414],[-3.427385670090774,47.62012024597117],[-3.427342336190691,47.62020391474026],[-3.426792613694702,47.620297450157715],[-3.426773652132064,47.62036171259267],[-3.427250255765226,47.62032639591813],[-3.427170361565982,47.620439173920786],[-3.42686272739027,47.62054645015787],[-3.426849177728693,47.62065556890959],[-3.427224520315747,47.62044521782897],[-3.427449012124379,47.6204238050541],[-3.42743546369226,47.62053292388069],[-3.427344465378136,47.620664376369305],[-3.427041440084259,47.62069915114894],[-3.427120774942335,47.620803147145445],[-3.42702680833433,47.62079929865259],[-3.427043604915231,47.62071709367006],[-3.426915242986321,47.620760296845624],[-3.42692281976132,47.620823095674844],[-3.427009209517637,47.62076414542832],[-3.427039797336851,47.6209069537723],[-3.427129434398477,47.62087491721895],[-3.427068220466247,47.62103181958023],[-3.426935528180748,47.62103913773618],[-3.42684132049542,47.62070115702016],[-3.42674843645292,47.62070627956556],[-3.426784716101464,47.62078555735408],[-3.42671187608047,47.62073538871026],[-3.42661381949559,47.62102978690636],[-3.426677720028952,47.62111657243142],[-3.426709951211911,47.621051578255276],[-3.426767357659815,47.621084536159415],[-3.426837191690342,47.62144192298291],[-3.42712695201413,47.621407880576875],[-3.427198431037652,47.621557464591994],[-3.427300255967192,47.6215157248245],[-3.427360910736724,47.621575596191725],[-3.427368208647241,47.621746781858796],[-3.427515254544641,47.621747702592536],[-3.427533133189152,47.621674468831365],[-3.427900314255802,47.62206060951899],[-3.427900592681568,47.621952222642165],[-3.428005665620212,47.6219373960091],[-3.428085004196763,47.62204139128451],[-3.427916831496114,47.62208679133953],[-3.428008635222735,47.622072696623206],[-3.428044917671286,47.62215197396465],[-3.428220668961126,47.622169372428345],[-3.428224194661531,47.622087899286775],[-3.428450581027012,47.622192813961625],[-3.428428122135257,47.62189603101501],[-3.428543216160047,47.62185355819303],[-3.428566783968473,47.62171679359405],[-3.42864856563204,47.621730344090125],[-3.428523199418148,47.62146633079297],[-3.428632878954651,47.62137900165493],[-3.428732260264374,47.621427705063006],[-3.428798883370087,47.62131565806952],[-3.428847076536895,47.621493618841754],[-3.428918030461135,47.6214174567466],[-3.429004142794437,47.621466891954746],[-3.429030957538092,47.62135704095322],[-3.429183140514347,47.62151120269242],[-3.429137366818958,47.62168531649518],[-3.429247852916763,47.62171534492547],[-3.429235686403311,47.62128252936228],[-3.429313136335515,47.62126019444553],[-3.429375958712152,47.62133800724738],[-3.429378399775403,47.62124756279978],[-3.429451243000995,47.621297729767335],[-3.429585293440279,47.621190993065234],[-3.429689006752851,47.62127558060164],[-3.429703633639255,47.621175432788995],[-3.429733938283209,47.621869146149386],[-3.429852020419546,47.62151945380013],[-3.430107386079468,47.62153245656787],[-3.430139613338052,47.621467461459176],[-3.429991759417947,47.621349185884334],[-3.429950594442471,47.621450798028036],[-3.429853377782111,47.6214200381198],[-3.429886962577918,47.62125562738832],[-3.429977407230544,47.62134094680834],[-3.43004402761465,47.6212288990996],[-3.430557195435116,47.621164458764774],[-3.43111964567294,47.62128694724771],[-3.430852905412666,47.6214010083109],[-3.430605394326726,47.62134241882522],[-3.430547712184641,47.621417849730825],[-3.430473784759328,47.621358712224506],[-3.430432620693975,47.62146032453762],[-3.430604038366549,47.621441834518244],[-3.430585080985431,47.621506097534194],[-3.430737541538326,47.62155187033065],[-3.430628948126604,47.62164817266041],[-3.430769495443287,47.62159526195824],[-3.431054649643841,47.62163371182904],[-3.431103122539829,47.62170328474308],[-3.430958242890376,47.62172031096582],[-3.431110704374978,47.62176608327013],[-3.431280228059633,47.62162126292216],[-3.431246107444953,47.62155992899967],[-3.431379883595286,47.6215615771647],[-3.431321119157398,47.62162803722768],[-3.431478996592602,47.621718665134985],[-3.43151907567933,47.62160808125168],[-3.431616022761599,47.62174722667346],[-3.431832665155087,47.6217713938929],[-3.431880326283244,47.62172360836969],[-3.431769838687675,47.621693582429856],[-3.4318551412572,47.62162565741279],[-3.432165751734147,47.62165366862236],[-3.432157894720466,47.62125673819254],[-3.432435464777219,47.621232386224484],[-3.432421657088963,47.62144989250547],[-3.432503439322017,47.62146344030412],[-3.432500458361792,47.62132813976219],[-3.432674856287308,47.621444947245436],[-3.432614464558702,47.62127669170856],[-3.432695969255771,47.62095610735548],[-3.432911525520476,47.620971301376635],[-3.432837059299971,47.62112893923955],[-3.432909637362194,47.62128749098454],[-3.432807548794352,47.62143762257031],[-3.432722516370177,47.62139716137052],[-3.432721164351153,47.6214965770853],[-3.432843569550197,47.62162528535933],[-3.432913434528659,47.62154014963924],[-3.433064813729755,47.62157694819476],[-3.432993865509617,47.62165311280282],[-3.43315201362092,47.62163535154101],[-3.433207538254886,47.62198449576832],[-3.433292839459971,47.62191656971135],[-3.433221075257319,47.62187537635371],[-3.433325063072207,47.62185157373654],[-3.433550374925033,47.62194750734224],[-3.433345902880963,47.6214711207535],[-3.433448806345742,47.62143834682249],[-3.433411981892416,47.62157584497033],[-3.433502432721055,47.62166116164644],[-3.433893743634537,47.62169374410475],[-3.433814394259403,47.62158975275695],[-3.434029953400883,47.621604944708935],[-3.433924331586882,47.62139403173375],[-3.434028584131383,47.62126184155501],[-3.433969005830324,47.62121094483516],[-3.434077326446958,47.62122302631618],[-3.434039952071618,47.621134779617456],[-3.434122817846823,47.62115729747795],[-3.434147741074306,47.62136363489955],[-3.434228439976621,47.62136821029926],[-3.434224657903898,47.6215580705715],[-3.434356001500964,47.62165015986188],[-3.434337291679175,47.621163517673295],[-3.43441717182198,47.62105073481025],[-3.434625432474048,47.621337259338176],[-3.434545287410377,47.62155842924731],[-3.434653344149149,47.6216788971055],[-3.434480843432545,47.62168842187874],[-3.434623289679123,47.62176183582344],[-3.434552343436757,47.62183800137097],[-3.434379023788216,47.6217301679027],[-3.434387162642714,47.62201871119819],[-3.434231181107605,47.622054416504504],[-3.434817465471692,47.62193173450688],[-3.434743268072788,47.621980986616094],[-3.434805015464974,47.62204982528575],[-3.434862692274434,47.62197439230211],[-3.435041696558173,47.62201869404925],[-3.434939612587951,47.62216882744224],[-3.434994593729818,47.62229222580272],[-3.435054702019964,47.62212634820963],[-3.435198234040489,47.62220873261595],[-3.435183324285598,47.621974749226254],[-3.435312766272834,47.62194050816885],[-3.435349586082069,47.62180300944747],[-3.435529936995037,47.62174789472295],[-3.435685654147727,47.62182057458474],[-3.435658294326188,47.62170468210139],[-3.435987858238769,47.62166841931313],[-3.435942630796176,47.62162576194692],[-3.436141931235838,47.621506382389065],[-3.436016004600615,47.62145915097035],[-3.436197437631967,47.62141300637948],[-3.436214220284657,47.621330800104495],[-3.436427349941844,47.621436432219326],[-3.436540268560251,47.621376009166056],[-3.43643684493046,47.62162555966949],[-3.436234292761913,47.62171802621153],[-3.436292789797071,47.621759950592654],[-3.436458786307553,47.62169659613245],[-3.436403280073691,47.62178997225266],[-3.436653489012144,47.62164971794817],[-3.436571705440667,47.62163617305686],[-3.436655917760242,47.62155927336332],[-3.436730936373318,47.62162737811669],[-3.437032052281778,47.62146624896093],[-3.437047794261805,47.62181759025029],[-3.43691726958738,47.62184286206906],[-3.436872084504538,47.62224272381669],[-3.436674127630751,47.62226268885912],[-3.436796804482203,47.622283006060485],[-3.436585056428723,47.62252047762826],[-3.436442344374635,47.62255545297386],[-3.436516280068749,47.6226145866657],[-3.436415544279791,47.62266530560889],[-3.436522784352483,47.62266841364824],[-3.436154789039116,47.62304997937245],[-3.435964416642557,47.623132741358624],[-3.435999627654547,47.623203045019046],[-3.436113634483094,47.62315159359933],[-3.436246069272878,47.623252651853505],[-3.436356823875911,47.62317428670635],[-3.436416406644668,47.62322518215677],[-3.436006691514733,47.62348261681863],[-3.435837996376073,47.62374480185518],[-3.43601618537698,47.623671744104186],[-3.436102307919481,47.62372117402136],[-3.435950658454482,47.62379276624237],[-3.436055732779447,47.62377793238123],[-3.436069824711744,47.623894557493564],[-3.436278889606075,47.623855918303406],[-3.4363736850765,47.62397711729544],[-3.436805084575329,47.623899104528086],[-3.437017921270183,47.62367060388403],[-3.437079673549884,47.62373944129131],[-3.437084269996303,47.62366693910236],[-3.437243506901823,47.62365814347256],[-3.43715144323584,47.623780632238535],[-3.437315276604897,47.62369933432084],[-3.437344290943604,47.624049942180186],[-3.437161506123362,47.624195504118326],[-3.4371845337131,47.62427551150141],[-3.437343513152759,47.62437510250735],[-3.437586967413163,47.62428940627032],[-3.437785757387487,47.624386797615976],[-3.43776086930652,47.624622979499904],[-3.437674743773386,47.62457355082862],[-3.437500891043883,47.62468249565739],[-3.437541526411168,47.624797654520854],[-3.437650939395644,47.62481870380946],[-3.437626309211134,47.62494649887979],[-3.437752245497629,47.62499372847761],[-3.437725446874261,47.62510358127549],[-3.437842709054138,47.6250790416424],[-3.438051261641228,47.62525717275257],[-3.437761228970989,47.625399628907296],[-3.437970866889491,47.62558673127028],[-3.438000144499517,47.62582895194237],[-3.43788479125526,47.6259798206779],[-3.438048372415596,47.62600690850373],[-3.438122056976634,47.62617442774498],[-3.438089836595711,47.626239424898706],[-3.437898629618468,47.62620483210629],[-3.437754048925166,47.62655599781997],[-3.43799725452499,47.626578687471614],[-3.4380877211591,47.62666400037704],[-3.438100164979837,47.626545909528545],[-3.438284609400831,47.626635061854955],[-3.43829653809821,47.62673374427022],[-3.438398364222727,47.62669199493847],[-3.438334437960564,47.626605216075845],[-3.438477159601883,47.62657023849116],[-3.438402131814466,47.626502135032496],[-3.438499619584129,47.62642450109245],[-3.438461149807692,47.62632728491629],[-3.438541856583446,47.62633185732394],[-3.438561319702828,47.62605081983656],[-3.438762799789352,47.62594937833715],[-3.438783089746715,47.62578569858057],[-3.439012449260697,47.625583374757916],[-3.439184706222234,47.625682230011556],[-3.439483413463065,47.62561153932488],[-3.440329197731657,47.6256460827528],[-3.440727555719707,47.62551569552613],[-3.440737823808574,47.625379662102844],[-3.441242339454714,47.62524340605759],[-3.441512080718871,47.62526462153929],[-3.44167749790562,47.62497551519799],[-3.441814537890047,47.62500406472321],[-3.441922032947244,47.6248987810571],[-3.441881388053201,47.6247836237238],[-3.441976697611881,47.62468804460411],[-3.441838573369842,47.62465052415944],[-3.441762709317944,47.62446506491833],[-3.441834733739801,47.62439786620034],[-3.44173533494802,47.62434917401639],[-3.441839323784784,47.62432536384893],[-3.441902168026472,47.62440316978948],[-3.441968767201973,47.62429111545623],[-3.441885558398858,47.62393447171628],[-3.441723066589623,47.62391636034513],[-3.44180944500657,47.623857399245686],[-3.4417509413407,47.623815477672906],[-3.441568169339337,47.62396104652458],[-3.441455752772415,47.62380470075582],[-3.441491473141295,47.623658229117055],[-3.441623085013779,47.623641923321735],[-3.441625004296215,47.62376825235798],[-3.441706792416045,47.62378179369592],[-3.441710297640534,47.62370032021591],[-3.441845164440262,47.623710927502714],[-3.441656051041167,47.62325176461778],[-3.441774808922178,47.62257689986491],[-3.441953571064739,47.622729577875724],[-3.441959830959944,47.62289179141451],[-3.442181072132482,47.62284343701258],[-3.44217856544858,47.62249136306239],[-3.442063730571497,47.62242546242421],[-3.442026591900031,47.622228831442726],[-3.442254589558342,47.62212591667347],[-3.442226379666702,47.62189266772127],[-3.442045449631172,47.62172204782914],[-3.44211288055879,47.6217273513039],[-3.442089011336535,47.621529986738814],[-3.441972258612096,47.6213377568],[-3.442069981413427,47.62115173272077],[-3.442020323863138,47.62063067420645],[-3.442191984260031,47.62050378018233],[-3.441820370989909,47.620081799618234],[-3.441912417565115,47.61995930693962],[-3.441763206599762,47.61994046207654],[-3.441743929243438,47.61967059473807],[-3.441664066644041,47.61978338269161],[-3.441495078594535,47.61971144418835],[-3.441455774278894,47.619496870487495],[-3.441586291069143,47.61947159356629],[-3.441564343783995,47.619400557985664],[-3.441687850348523,47.61953822825925],[-3.441572771774048,47.61958071408445],[-3.441694359471582,47.61959205503865],[-3.441882875397094,47.61982547355086],[-3.441959233019762,47.61979415910449],[-3.441841399678828,47.61959295773642],[-3.441912332538532,47.61951678767374],[-3.442010387819945,47.61966489574293],[-3.441930275861169,47.619886070908564],[-3.441994199922612,47.61997284810279],[-3.442106024214012,47.61990344849764],[-3.442336768478361,47.62004422086806],[-3.442239796547571,47.61990508422496],[-3.442442082543771,47.619920994210645],[-3.442538308937491,47.62038529171197],[-3.442524203800946,47.620268667170286],[-3.442699116941025,47.62016868573552],[-3.443081931164565,47.62101450664343],[-3.443005572454992,47.62104582180422],[-3.443050557387112,47.621196863406944],[-3.443319193762906,47.62120910364967],[-3.443407242508263,47.62138485740576],[-3.443431018921356,47.62113970281989],[-3.443489520974219,47.62118162360873],[-3.443492283010043,47.6214253108263],[-3.443292999310552,47.62154470293154],[-3.443480937505311,47.621552373664024],[-3.443469345131565,47.62178782341943],[-3.443348837233376,47.62178545543022],[-3.443322051736916,47.62189530969304],[-3.4432957604681,47.621788390108335],[-3.443235925455473,47.62184588505328],[-3.4432411039796,47.621999127492685],[-3.443422532600155,47.6219529716909],[-3.443423864702317,47.62185355587645],[-3.443512753336717,47.62214666750425],[-3.443610817888686,47.62229477402985],[-3.4436749939668,47.6222731633025],[-3.443702125137247,47.62249744076147],[-3.44357051672138,47.622513748909135],[-3.443546986999286,47.622650516477286],[-3.443666165190614,47.62275230003742],[-3.443575449666601,47.62277537815343],[-3.443540080807692,47.62325598214763],[-3.443694727997007,47.62331968017913],[-3.443645744295598,47.623466886223525],[-3.443802562800481,47.62354852629217],[-3.44390136857322,47.623371471984626],[-3.443871819530657,47.62323763933347],[-3.44373887779382,47.623353363412676],[-3.443816570778868,47.623222632060546],[-3.44396253571207,47.62321456099274],[-3.443969887082896,47.62338574547455],[-3.444053845869096,47.623417227353656],[-3.444311639920643,47.6233397543956],[-3.444409463966085,47.623596246987944],[-3.444567262399321,47.62324433869308],[-3.444584521854293,47.62294535758139],[-3.44448970957532,47.622824165189776],[-3.444576083169327,47.62276520201121],[-3.44449212510061,47.62273372049695],[-3.444595024155213,47.62270093676687],[-3.444640151779508,47.62230107212741],[-3.444745220753292,47.62228623043771],[-3.444968029901634,47.62203006801637],[-3.445030876001208,47.62210787236521],[-3.445045717950856,47.62189933575776],[-3.445165982809958,47.622010088914216],[-3.445060803368525,47.62158241219031],[-3.445228716654406,47.62164537437759],[-3.445166114180557,47.621459183173855],[-3.445302547688808,47.62126198366781],[-3.445498083874473,47.621332448773764],[-3.445615692379429,47.621642033212325],[-3.445547060509807,47.62118524179116],[-3.445624503475075,47.62116289605703],[-3.445660811463728,47.621242167961114],[-3.445739824438263,47.62101201930505],[-3.445663467291351,47.62104333620359],[-3.44564609851557,47.620899798818016],[-3.445743565520345,47.62082215860871],[-3.4458644310856,47.62115865613276],[-3.445926675514104,47.62101071501845],[-3.446038214112959,47.621082751849215],[-3.446068291606138,47.62096675697371],[-3.446179871374756,47.62100574047938],[-3.446376978432742,47.621861825993385],[-3.446410753461392,47.62158902361309],[-3.44647951105746,47.62149490870034],[-3.44655237068891,47.62154506499443],[-3.446649232544101,47.621241679069406],[-3.446765156276979,47.621316546313714],[-3.446823901144597,47.621250078470716],[-3.446864554009725,47.621365234292945],[-3.446922213039042,47.62128979532827],[-3.446865159931261,47.621590979262635],[-3.446936694503447,47.621740551178924],[-3.44684791368676,47.6218899609192],[-3.447071317888025,47.62185953937201],[-3.447041761735549,47.62172570741899],[-3.44716769875306,47.62177292694275],[-3.447197972985109,47.62158159805802],[-3.44736504184488,47.621527199161456],[-3.447650578547621,47.621899740386105],[-3.447505095011845,47.621691042204894],[-3.447482291737289,47.62150264980579],[-3.447571917528637,47.621470597573804],[-3.447911380089306,47.62195755954081],[-3.447818019911297,47.62217947267433],[-3.447986073703635,47.62268494951933],[-3.447978709550909,47.62251376522889],[-3.448107296047377,47.62236215204489],[-3.448041424771267,47.62214904927603],[-3.448144083193222,47.622224649321545],[-3.448229365775521,47.62215671236518],[-3.448240225846077,47.62224642293467],[-3.448420564946278,47.62219128831792],[-3.448735059511984,47.6224719134775],[-3.448753523207313,47.62262442133793],[-3.448847730490203,47.62251986545506],[-3.449075625213586,47.62296784285895],[-3.449143058412949,47.62297314227141],[-3.449107214824085,47.62267709776017],[-3.449210346098689,47.62253592307201],[-3.449344125245887,47.622537550659715],[-3.449366935532864,47.62272594259513],[-3.449376094863605,47.62258093717349],[-3.44948791502125,47.6225115305935],[-3.449731725236503,47.6227599406794],[-3.449589489946121,47.62257815831091],[-3.449658243212125,47.6224840415747],[-3.449541226656024,47.62240020620302],[-3.449600203630248,47.622225350091426],[-3.449901902835559,47.622289932680566],[-3.449862713763897,47.62251788077088],[-3.450034980924386,47.622616720177696],[-3.450032574795187,47.62270716499035],[-3.449923394973617,47.62257774038738],[-3.450078667339031,47.62286717479377],[-3.450152851819854,47.62281791296558],[-3.450073935924034,47.62249715894226],[-3.45016682084021,47.62249201785104],[-3.450266922917431,47.62221554219041],[-3.450448036685564,47.62282866790755],[-3.450557450722067,47.62284970512696],[-3.450462857674452,47.62262013068939],[-3.450514692135722,47.622165703066194],[-3.450723665781207,47.62267794354283],[-3.450674312197171,47.62249102087986],[-3.450766342610228,47.62236852137539],[-3.450926196491616,47.62258545191937],[-3.450987110526716,47.62253692408654],[-3.451020167962163,47.62258928117987],[-3.451070217011853,47.6224510430064],[-3.451168534276973,47.622490756265016],[-3.451201822981493,47.622434726407434],[-3.451241399672896,47.622540909608176],[-3.451451534834863,47.62251121426089],[-3.45149443783598,47.62209340488061],[-3.451662360316348,47.62215635780153],[-3.451828569661787,47.62198459458382],[-3.451937752889092,47.62211401744525],[-3.45198562585164,47.62195783679859],[-3.452068500471746,47.62198034191629],[-3.452116542545669,47.62226667993612],[-3.452170935121948,47.62216432535241],[-3.452266850352562,47.62229448256813],[-3.452209885007786,47.62204476337684],[-3.452351269885052,47.62210918466412],[-3.452234707962452,47.6218085781051],[-3.452415270110658,47.6216450503611],[-3.452625172867445,47.62172373983739],[-3.45263689877271,47.621930807973435],[-3.45272000166025,47.621844925692685],[-3.452803735318215,47.62198478824159],[-3.452776338252037,47.62186889978077],[-3.45285377918273,47.62184654926097],[-3.453064315519796,47.62215098281294],[-3.452969712929923,47.62192141032339],[-3.453127855184967,47.621903622015594],[-3.453232694022566,47.62199715962259],[-3.453211817040227,47.621935097335324],[-3.453292518437917,47.62193965956108],[-3.453420182009847,47.622221588210905],[-3.453402385072109,47.62174392024427],[-3.453507450512705,47.621729070667875],[-3.453773466314634,47.621940118724766],[-3.453698651569869,47.621763637987605],[-3.454088212796301,47.62211234258165],[-3.454326832198229,47.62220750119727],[-3.454374473579007,47.622159706507276],[-3.454382082853541,47.62222250350619],[-3.454630935343255,47.62218162664984],[-3.454882825176324,47.622276049171255],[-3.455197995381968,47.62278240170372],[-3.455351790587031,47.62272872643382],[-3.455614779036564,47.62280447033793],[-3.45580729437284,47.62273961827944],[-3.455678529692479,47.62244872132749],[-3.455858640128769,47.6225019621436],[-3.455865607203008,47.62233901422612],[-3.455967189759083,47.62240563640267],[-3.456051375351123,47.62232872275696],[-3.455853647011272,47.622240333384504],[-3.455902595924083,47.622093122129215],[-3.455966766783186,47.62207150464585],[-3.45595545083209,47.62219856865165],[-3.456050730576227,47.622102977921976],[-3.455988955729009,47.62203415048899],[-3.456197556964632,47.62221224947244],[-3.45625737842757,47.622154747898655],[-3.455953940633957,47.62185546587258],[-3.456127746494652,47.62174649342179],[-3.456270868358605,47.622045625826644],[-3.456205848714539,47.621398979792076],[-3.456340712578307,47.62140957035319],[-3.456355289504009,47.62130941921532],[-3.45627154760092,47.621169559164294],[-3.456420767120325,47.62118838547925],[-3.456552794975616,47.62150619474964],[-3.45664893976359,47.62152796144882],[-3.4566458976057,47.62139266153397],[-3.456790768165745,47.621375603444314],[-3.456600006805956,47.62112426721747],[-3.456695283478641,47.621028675909265],[-3.456621107521377,47.621077941938076],[-3.456601314348281,47.6210248512118],[-3.456775116183368,47.62091587775119],[-3.456720086117073,47.62079248956139],[-3.456912153818171,47.62094440962166],[-3.456883660935099,47.62081955108003],[-3.456998729993142,47.62077705019594],[-3.456840592365209,47.62079484375528],[-3.456755762590452,47.62064601303048],[-3.456812319450337,47.62056159817073],[-3.456988074868023,47.6205789533585],[-3.456908682167994,47.62047497764594],[-3.457052243467547,47.62055733526195],[-3.456998300574037,47.62044291816357],[-3.457219517973158,47.62039453521506],[-3.45719646203299,47.62031453162508],[-3.45737112925791,47.62032291525641],[-3.457549928452808,47.62047556956982],[-3.457649116432912,47.620632635410615],[-3.457581249026454,47.62084411492413],[-3.457677611006448,47.62075749377748],[-3.457863155714124,47.62085558642541],[-3.457763096903295,47.620581162792554],[-3.457894478693819,47.620673225654095],[-3.457939940299747,47.62060748752338],[-3.458078935874929,47.62076234698977],[-3.458184215018842,47.62063910618485],[-3.458123526750539,47.62057925080102],[-3.458208577118768,47.6206196935222],[-3.458255125949685,47.6205629262387],[-3.458253821498389,47.620662342286415],[-3.458395426514495,47.62061836928707],[-3.458268177866306,47.62067057788996],[-3.458292323233881,47.62075955222379],[-3.458450460273387,47.62074175669845],[-3.458314293335366,47.62083058460972],[-3.458265785773151,47.620761022962135],[-3.458175079945506,47.62078411244092],[-3.458233376348661,47.62093441285511],[-3.458516371362488,47.62095485374879],[-3.458572925765651,47.620870438049856],[-3.45853181556174,47.62097206028565],[-3.45863992523525,47.62109250598225],[-3.45873280688205,47.621087358074966],[-3.45904734914862,47.62136795562327],[-3.459215493097865,47.62132251073004],[-3.459307072580982,47.621416778386624],[-3.459321643943788,47.62131662687897],[-3.45950740786785,47.62130632990742],[-3.45948543598309,47.621235297763285],[-3.45961377268536,47.621192058804986],[-3.459545466984026,47.62106940748397],[-3.459758855493503,47.62106661003897],[-3.459916118428232,47.62093145457613],[-3.459788209958272,47.6207579198575],[-3.459953087517826,47.62068556101908],[-3.459960489814403,47.62085674471321],[-3.460064463717245,47.62083291827742],[-3.460087075427093,47.620578789282426],[-3.460228678711539,47.62053481405846],[-3.460288281289718,47.62058569739754],[-3.460278489307803,47.620504958825585],[-3.460359189147202,47.6205095161718],[-3.460259993422772,47.62035245262279],[-3.460431821937877,47.62011714472785],[-3.460531017730609,47.62027420814988],[-3.46066696766795,47.62029376467275],[-3.460664579655583,47.62038420981148],[-3.460718953925103,47.62028185114855],[-3.460912330665721,47.62033434858315],[-3.461025430401505,47.62016551478017],[-3.46117075176007,47.620482583314434],[-3.461294522004743,47.620511845746215],[-3.461384137838773,47.620479782899054],[-3.461198587967934,47.62038169582603],[-3.461299506508013,47.620222568407584],[-3.461732596229969,47.62037917939891],[-3.461688857179593,47.62012872882471],[-3.461971640001034,47.62025754840223],[-3.461949665269223,47.62018651668348],[-3.462053636978966,47.62016268846864],[-3.461937694313942,47.620087836356156],[-3.462005125151409,47.620093128350376],[-3.461978797353855,47.61998621287552],[-3.462061673125254,47.62000871092483],[-3.462020988513791,47.61989356031436],[-3.462093651563495,47.62005209401327],[-3.462364254765898,47.620190619384566],[-3.462424275646733,47.62002472753675],[-3.462513681841305,47.620101050872655],[-3.462496268068825,47.619957515926856],[-3.462749249720085,47.62006089252418],[-3.462676584711605,47.61990235923389],[-3.462838656439809,47.6201372156099],[-3.462902822139124,47.620115594293985],[-3.462798177620349,47.619913678214836],[-3.462994820397298,47.619993085006],[-3.462971341548327,47.62012985666024],[-3.463101642744287,47.620212942756275],[-3.463079666527363,47.62014191124854],[-3.463201260067164,47.6201532298084],[-3.463276723753709,47.62000454344518],[-3.463459892863615,47.62019307244023],[-3.463431854747036,47.62040234752015],[-3.463367895328039,47.62031558208201],[-3.463444241046679,47.620284253597625],[-3.463309585145538,47.6201652841833],[-3.463217587312929,47.62028779370842],[-3.463123619019687,47.62028397425728],[-3.463127766004495,47.62042824500642],[-3.462979634693392,47.62041839818132],[-3.463039239763523,47.620469280119494],[-3.462611795345496,47.62024914159561],[-3.462510880666676,47.62040827014584],[-3.462388198343719,47.620387979935124],[-3.46235492265597,47.620444013039354],[-3.462303145178513,47.62034754025292],[-3.462269869426703,47.62040357333408],[-3.462168282815192,47.62033695657105],[-3.462165897344344,47.62042740173846],[-3.461947070139997,47.62038534889454],[-3.461821792479516,47.62056389028142],[-3.461578604165803,47.620541250167356],[-3.461488778119055,47.620681700186545],[-3.461361742829985,47.620625525137356],[-3.461153796897293,47.620673180230945],[-3.461045049020071,47.62087789788992],[-3.460850582081087,47.62081642974384],[-3.460889753875794,47.621139383763094],[-3.460630030345606,47.621090564512386],[-3.460589560051192,47.620867026461234],[-3.460452308318154,47.62094688591174],[-3.460459712251725,47.62111806955128],[-3.460293083330195,47.62095571319528],[-3.460238707557806,47.62105807162454],[-3.460168011709823,47.621025865759414],[-3.460250675590185,47.62115675207686],[-3.460093412838771,47.62129190797456],[-3.460392518484241,47.621555295545555],[-3.459885697189561,47.62178207962109],[-3.459440206064054,47.62174355531154],[-3.459255957984026,47.62154604920504],[-3.458927713867377,47.62148296164289],[-3.458759128721918,47.621194274221104],[-3.458615347014182,47.621220305718786],[-3.458686258101802,47.62114412553359],[-3.458596855632359,47.621067799308605],[-3.458438717675868,47.62108559502917],[-3.458481354551404,47.62132707573181],[-3.458192048527818,47.621144421960096],[-3.458186176371515,47.62131634108467],[-3.458355191988971,47.62138825537591],[-3.458119614948164,47.62142840483402],[-3.457932327440219,47.621095596710354],[-3.457804207317173,47.621030446831476],[-3.457830091956076,47.621354137155485],[-3.45727389243369,47.62084308423414],[-3.457347630192812,47.6210105917867],[-3.457203848291546,47.62103662154917],[-3.457274323580885,47.62117721619689],[-3.4571085725153,47.621132213271856],[-3.457047446401842,47.62128913131406],[-3.456943689720987,47.62120456807797],[-3.456914757595873,47.62129648352917],[-3.456884089639728,47.62115368304825],[-3.456781201115207,47.621186477630886],[-3.456921062782826,47.62145869638256],[-3.45677727946671,47.621484725613904],[-3.456852971799549,47.62177856233764],[-3.456671555385977,47.62182473900583],[-3.456624136468696,47.62176414769242],[-3.456525155558453,47.62204959984539],[-3.456426835121217,47.622009891087025],[-3.456367014003125,47.62206739275188],[-3.45644944971304,47.62230666861362],[-3.456360048494791,47.622230340721984],[-3.456275846778352,47.622858160101515],[-3.456178612391927,47.62282742212994],[-3.45616403472027,47.622927573167665],[-3.45597369378684,47.62301036777043],[-3.455714187610189,47.62285315074807],[-3.455739195082303,47.623059483374696],[-3.455621945568224,47.62308404099982],[-3.455566915932275,47.622960652404046],[-3.455338432886264,47.62294625773981]],[[-3.423277305494934,47.619281122702155],[-3.423343937370242,47.61916907869729],[-3.423252137405215,47.61918316976797],[-3.423277305494934,47.619281122702155]],[[-3.428166197041643,47.62266807650905],[-3.42819301864251,47.62260438375793],[-3.428101214050246,47.62261847861531],[-3.428166197041643,47.62266807650905]],[[-3.416288907280114,47.63001545987503],[-3.416225012985054,47.62992866906415],[-3.41617841129358,47.629985419314394],[-3.416288907280114,47.63001545987503]],[[-3.416426901195782,47.63049552729105],[-3.416560221424228,47.630271448347045],[-3.416499568888551,47.630211571639215],[-3.416426901195782,47.63049552729105]],[[-3.41728000624278,47.626709796783324],[-3.417470420359654,47.62662706540628],[-3.417305766848168,47.62659097744732],[-3.41728000624278,47.626709796783324]],[[-3.417410252360463,47.62679293356157],[-3.41750452838451,47.62668840319253],[-3.417281087139425,47.62671876810659],[-3.417410252360463,47.62679293356157]],[[-3.417285768073643,47.62542709994543],[-3.417371095037882,47.62535918563858],[-3.417293934141877,47.6252731259232],[-3.417170957617483,47.62536117493503],[-3.417285768073643,47.62542709994543]],[[-3.41732714136505,47.625659623772314],[-3.417328822067814,47.62545182179466],[-3.417234547883606,47.625556352088424],[-3.41732714136505,47.625659623772314]],[[-3.417584386239086,47.625798983191025],[-3.41762773997516,47.625715318283696],[-3.417544874084306,47.62569278877294],[-3.417584386239086,47.625798983191025]],[[-3.417842071058797,47.627383253009846],[-3.41790302064049,47.62733474255587],[-3.417755959519297,47.62733380972276],[-3.417842071058797,47.627383253009846]],[[-3.41796282959279,47.62328562740546],[-3.418018369635226,47.623192260123375],[-3.417911129590506,47.623189135094464],[-3.41796282959279,47.62328562740546]],[[-3.41894293647003,47.62310521554225],[-3.418975178270451,47.62304022356736],[-3.418893397056235,47.62302666630696],[-3.41894293647003,47.62310521554225]],[[-3.418998771114858,47.622903460983466],[-3.418959258289634,47.62279726688575],[-3.418914827916453,47.622871961087],[-3.418998771114858,47.622903460983466]],[[-3.419213739206396,47.62313545386665],[-3.419216197568857,47.62304500971568],[-3.419128714382218,47.623094982805604],[-3.419213739206396,47.62313545386665]],[[-3.419286382056929,47.622851495405115],[-3.419242544114044,47.622709416107945],[-3.419156142633785,47.62276836055035],[-3.419286382056929,47.622851495405115]],[[-3.420182731916238,47.62297370516055],[-3.420063105408615,47.62264615270685],[-3.419964516463318,47.62271480009116],[-3.42009151314545,47.622771020100664],[-3.420182731916238,47.62297370516055]],[[-3.420196200811994,47.623307105817],[-3.420111469216159,47.623158248684135],[-3.420070284039642,47.623259857250204],[-3.420196200811994,47.623307105817]],[[-3.420410187582269,47.62308760668522],[-3.420298916151203,47.622940211800454],[-3.420297540957,47.6230396272914],[-3.420410187582269,47.62308760668522]],[[-3.420630603728916,47.619264425107204],[-3.42064092182256,47.61912839301829],[-3.420557771566525,47.61921425258623],[-3.420630603728916,47.619264425107204]],[[-3.42078805045982,47.618686802769346],[-3.420713642314507,47.61840191356689],[-3.420684356279362,47.618602207217016],[-3.42078805045982,47.618686802769346]],[[-3.421329442345796,47.61963230915136],[-3.421163229170732,47.61936150985937],[-3.421170506905902,47.61953269610763],[-3.421234688744794,47.619511097681],[-3.421329442345796,47.61963230915136]],[[-3.42142232503953,47.61962719091286],[-3.421474902315484,47.61939852085445],[-3.421425362615943,47.6193199725437],[-3.421428315396378,47.61945527350637],[-3.421342505049128,47.61929744565323],[-3.42142232503953,47.61962719091286]],[[-3.421708334948651,47.61934050264072],[-3.421679925255664,47.61921563542033],[-3.421753839972039,47.61927477855765],[-3.42174872338838,47.619121534956975],[-3.42182725482396,47.619108176296756],[-3.421765818433028,47.61893094363309],[-3.421656132693454,47.61901826643163],[-3.421659876441171,47.61927092574372],[-3.421602475096504,47.6192379652985],[-3.421708334948651,47.61934050264072]],[[-3.423482828836343,47.61932397943656],[-3.423515062826503,47.6192589860824],[-3.423391316207841,47.61922968359798],[-3.423482828836343,47.61932397943656]],[[-3.426499768733535,47.64112080846306],[-3.426572917601618,47.641062590907254],[-3.426476749893988,47.64104079967069],[-3.426499768733535,47.64112080846306]],[[-3.426739665324557,47.64244415057064],[-3.426853722186638,47.642392708701614],[-3.426719893956029,47.64239105537004],[-3.426739665324557,47.64244415057064]],[[-3.42450447005169,47.619710175226395],[-3.424482545397433,47.61963913644605],[-3.424369616807238,47.61969954789468],[-3.42450447005169,47.619710175226395]],[[-3.42427669310927,47.61804297766427],[-3.424266956053741,47.61796223597619],[-3.424172994651597,47.61795838518163],[-3.42427669310927,47.61804297766427]],[[-3.424922243241122,47.620183843924885],[-3.425071733097978,47.62009432332792],[-3.424945819588467,47.62004707993952],[-3.425052255863303,47.61993284025],[-3.425238021564653,47.61992259777915],[-3.425231014567395,47.61964302481994],[-3.42527674638859,47.61991143164495],[-3.425547819702586,47.61983326834431],[-3.42555897487916,47.61937207483482],[-3.425446331466584,47.619324100315474],[-3.425527309769526,47.61922029470921],[-3.425418995151776,47.61920820528601],[-3.42542468915527,47.619144674670856],[-3.425628049401176,47.61916958506791],[-3.425787557478959,47.619052418003804],[-3.425889096240225,47.619119066448334],[-3.42604723920809,47.61910131478397],[-3.426039945894795,47.61893012880206],[-3.426211356964549,47.61891164520588],[-3.426371144505304,47.61868609027482],[-3.42634488876452,47.61857916670076],[-3.426192440466985,47.618533388100445],[-3.426219259522528,47.61842353757929],[-3.425914364293115,47.61833197984328],[-3.425817438272716,47.618192829445356],[-3.425702349971212,47.618235299660945],[-3.425676095791532,47.61812837591186],[-3.425523366123549,47.618190983514204],[-3.425631628781,47.618645592413245],[-3.425512494142354,47.618543790238895],[-3.425316710901752,47.618581678638215],[-3.425308337924314,47.618401521277896],[-3.425199741127526,47.61849781871499],[-3.425238411746315,47.618929172087185],[-3.425137726212974,47.618537361908324],[-3.425122807437234,47.61874589633892],[-3.425062956265262,47.61880338206182],[-3.424992568941603,47.61866276781748],[-3.424857946497234,47.61898627347339],[-3.424784313477623,47.618818745248376],[-3.424683573706585,47.61886945417101],[-3.424808060768068,47.61945863300139],[-3.424884143343489,47.61953571672352],[-3.425037959661644,47.61948208128507],[-3.424941262613507,47.61967706255301],[-3.424879530684582,47.61960821858526],[-3.424841603397702,47.61973674287414],[-3.424720018953419,47.61972538437579],[-3.424922243241122,47.620183843924885]],[[-3.425064901881598,47.62059140173811],[-3.42516348034706,47.62052274997381],[-3.425111770005956,47.62042626071367],[-3.424963361348962,47.62052475262733],[-3.425064901881598,47.62059140173811]],[[-3.425078739320352,47.62037389623198],[-3.424997244952192,47.62025195626236],[-3.424983691552453,47.6203610748141],[-3.425078739320352,47.62037389623198]],[[-3.425212796181731,47.620267164498046],[-3.425303799067487,47.6201357136436],[-3.425224468740653,47.62003171637728],[-3.425047074981834,47.62022211605413],[-3.425212796181731,47.620267164498046]],[[-3.425274760169883,47.62067014040676],[-3.4252793723838,47.6205976385689],[-3.425406369626245,47.62065385286034],[-3.42541206379895,47.620590322292905],[-3.425556942150317,47.62057330294025],[-3.425481939273718,47.62050519097345],[-3.425324874082396,47.62053191313687],[-3.425553978844648,47.62043800215974],[-3.425497140434381,47.62018826971589],[-3.425171338986823,47.62047716197196],[-3.425274760169883,47.62067014040676]],[[-3.425377719072232,47.62019485445941],[-3.425405622766586,47.6200939754975],[-3.425427548835914,47.62016501408798],[-3.425554828383831,47.62011284125723],[-3.425494460601886,47.619944581924386],[-3.425325210191076,47.6199810070183],[-3.425377719072232,47.62019485445941]],[[-3.425649026886465,47.62045082311298],[-3.425679094560167,47.62036788664911],[-3.42558945747954,47.62039992209765],[-3.425649026886465,47.62045082311298]],[[-3.425608420481177,47.62033565985622],[-3.425748169915011,47.620165396914565],[-3.425576754659445,47.62018387981902],[-3.425608420481177,47.62033565985622]],[[-3.426299775771287,47.62019819592418],[-3.426314408720293,47.62009804848072],[-3.426417032427362,47.620173667700314],[-3.42652995970361,47.62011325428662],[-3.426493962161188,47.61992558940541],[-3.426447380117696,47.619982344043976],[-3.426323911828747,47.619844657687175],[-3.426137582619888,47.62007167585817],[-3.426299775771287,47.62019819592418]],[[-3.426366077082771,47.62063705633941],[-3.426426210318645,47.62047118304706],[-3.426296766195137,47.62050541428114],[-3.426366077082771,47.62063705633941]],[[-3.429350925691198,47.642932333171906],[-3.429381000278628,47.64284939671811],[-3.429192989109496,47.64284170338136],[-3.429250420531682,47.64287465969401],[-3.429160747789759,47.64290669751106],[-3.429350925691198,47.642932333171906]],[[-3.426798385578806,47.62233812718344],[-3.426892635352637,47.62223358899826],[-3.426844969304723,47.62228137247351],[-3.426771044785425,47.62222223264971],[-3.426798385578806,47.62233812718344]],[[-3.427264643645283,47.61989211614977],[-3.427301482769475,47.61975461982177],[-3.427195331509108,47.619760474574456],[-3.427264643645283,47.61989211614977]],[[-3.427740490632354,47.622728684791845],[-3.428018348547118,47.62259595649936],[-3.427995335419367,47.62251594724057],[-3.427718560432263,47.62265764672911],[-3.427740490632354,47.622728684791845]],[[-3.427490215585789,47.61987967455193],[-3.427478587665306,47.61967260368376],[-3.427383540569644,47.619659784214356],[-3.427380816730504,47.61985861569202],[-3.427490215585789,47.61987967455193]],[[-3.427788434934815,47.62257251412007],[-3.427835017812705,47.62251575902208],[-3.427710178710031,47.62247748991783],[-3.427788434934815,47.62257251412007]],[[-3.427549786224444,47.61993057461135],[-3.427628596365134,47.61980882506048],[-3.427537075583194,47.619714532493994],[-3.427549786224444,47.61993057461135]],[[-3.429005988231874,47.622478258833105],[-3.428912294913357,47.62236602500412],[-3.428870044340879,47.62245866547878],[-3.429005988231874,47.622478258833105]],[[-3.429078026029986,47.6224110679138],[-3.429133821645378,47.622209308439636],[-3.429011424051368,47.62208059631636],[-3.428892805232656,47.62220454275516],[-3.429078026029986,47.6224110679138]],[[-3.429236944715772,47.62339570712692],[-3.429411892984601,47.62329574575395],[-3.429443314583973,47.623113392853476],[-3.429236944715772,47.62339570712692]],[[-3.429369955865897,47.6223949624278],[-3.429579294755126,47.62224794833618],[-3.429522710719824,47.621889831199475],[-3.429477745435781,47.62218130320708],[-3.429328000878705,47.62193669749026],[-3.42934071929667,47.62215273916629],[-3.429206941727963,47.62215108866609],[-3.429258661141437,47.622247576027476],[-3.429176602694653,47.62234241282639],[-3.429369955865897,47.6223949624278]],[[-3.429400037540751,47.62186950635365],[-3.429429292668312,47.621669210854876],[-3.429329634750977,47.621728894944646],[-3.429400037540751,47.62186950635365]],[[-3.429535172373892,47.62177174097423],[-3.429626975131446,47.621757644983596],[-3.429602877088809,47.62166866477498],[-3.429509991628007,47.62167378951411],[-3.429535172373892,47.62177174097423]],[[-3.430313197095284,47.62146691432352],[-3.430336760198653,47.62133014934023],[-3.430176172342805,47.62143835125241],[-3.430313197095284,47.62146691432352]],[[-3.430812818125566,47.621954110794],[-3.43061107373773,47.621721406896405],[-3.430624615980589,47.621612287768066],[-3.430484341653489,47.62155681139047],[-3.430441011443766,47.62164048124755],[-3.430489756713429,47.621601667513545],[-3.430673625754546,47.62190760587358],[-3.430812818125566,47.621954110794]],[[-3.431323548711207,47.62286514888353],[-3.431303780034906,47.62281205392146],[-3.431542632976521,47.62279887221086],[-3.431494158512954,47.62272929951839],[-3.431603564873494,47.622750354494194],[-3.431621709119326,47.622568733293704],[-3.431908222697045,47.622507765415946],[-3.431905785862212,47.622598209857856],[-3.432148970945094,47.62262091173271],[-3.432258646922373,47.62253357924159],[-3.432188235727516,47.622392969603794],[-3.432010315840464,47.622357634698766],[-3.431907139427576,47.62249879420876],[-3.431906326453634,47.62238143613916],[-3.431694014473567,47.62239315390301],[-3.43170647144208,47.62227506347667],[-3.431585962967139,47.62227268335115],[-3.431621167645718,47.622342988362504],[-3.431418875698922,47.62232705965432],[-3.431360922240307,47.62251087778349],[-3.431475472917619,47.622685175791865],[-3.431182730743688,47.62258392847578],[-3.431338172966776,47.62276500094797],[-3.431196539977757,47.62280894109034],[-3.431323548711207,47.62286514888353]],[[-3.431400461627768,47.62217454903392],[-3.431802877983607,47.62218846374695],[-3.431842956752137,47.622077879779184],[-3.431598420146558,47.62215459292903],[-3.431523407340468,47.62208648489751],[-3.431400461627768,47.62217454903392]],[[-3.432695457773371,47.62250043761561],[-3.43258983945998,47.622289523530604],[-3.432662955883346,47.62223130159583],[-3.432474202636528,47.622106255376046],[-3.432558421599854,47.62202935865562],[-3.432394855413456,47.62200226308586],[-3.432467433349649,47.622160815034555],[-3.432249975364609,47.62201929090834],[-3.432303597319879,47.62224210621627],[-3.432471497632684,47.62230508672238],[-3.432442522777425,47.62239699605491],[-3.432695457773371,47.62250043761561]],[[-3.432458773176261,47.622531564089805],[-3.432485581345995,47.6224217123553],[-3.432403797649457,47.62240816455081],[-3.432374822621697,47.622500073861694],[-3.432458773176261,47.622531564089805]],[[-3.432834375258951,47.6222128083103],[-3.432824624499966,47.6221320675089],[-3.432661057863768,47.62210497231336],[-3.432834375258951,47.6222128083103]],[[-3.433090012852322,47.62211741767275],[-3.433094882457238,47.6219365286906],[-3.432933483142586,47.621927376271586],[-3.432948651200591,47.62205297307105],[-3.433090012852322,47.62211741767275]],[[-3.433612986164001,47.62346126044717],[-3.433556923448197,47.62332889032239],[-3.433475954527009,47.62343270127676],[-3.433612986164001,47.62346126044717]],[[-3.433998340600031,47.62322324177045],[-3.434102596533496,47.62309105164983],[-3.434047616630775,47.62296765292008],[-3.433913836874649,47.6229660078119],[-3.434025677939732,47.62289661605056],[-3.434027293555359,47.62268881354205],[-3.433899198788003,47.62262363749583],[-3.433935490358546,47.6227029129847],[-3.433856690329263,47.622824666610256],[-3.433768404137007,47.622757292637075],[-3.433777072847193,47.62282906214546],[-3.433998340600031,47.62322324177045]],[[-3.43404847401168,47.6239700477564],[-3.434213396372547,47.62389772537861],[-3.434087465802679,47.62385049193858],[-3.43404847401168,47.6239700477564]],[[-3.434222331466519,47.62386110802662],[-3.434179536619408,47.62372800559223],[-3.434023815953389,47.6236553237936],[-3.43405659150793,47.623816072450325],[-3.434222331466519,47.62386110802662]],[[-3.434179557551595,47.624170523904766],[-3.434132162081612,47.62410992353496],[-3.434098854417219,47.624165948477845],[-3.434179557551595,47.624170523904766]],[[-3.434020220555287,47.62196672279577],[-3.434051359694715,47.62189275543186],[-3.433969576411175,47.62187920872012],[-3.434020220555287,47.62196672279577]],[[-3.434120425707657,47.62213277968104],[-3.434203558695357,47.62204691058664],[-3.434087385129975,47.62208041779337],[-3.434120425707657,47.62213277968104]],[[-3.435080911923137,47.625439284787944],[-3.435124501719238,47.62524722666295],[-3.434948738046581,47.62522983861566],[-3.435106896103741,47.62521207473944],[-3.435121513904453,47.625111926451076],[-3.435056511011605,47.62501617455819],[-3.434937080028952,47.62502276906005],[-3.434856111222492,47.625126580880774],[-3.434984213164211,47.62519175579363],[-3.434889154439622,47.62517894246898],[-3.43488997401381,47.62529630034895],[-3.435080911923137,47.625439284787944]],[[-3.435714986641702,47.62294783357961],[-3.435788362973726,47.62278122285919],[-3.435697643995435,47.62280429485605],[-3.435714986641702,47.62294783357961]],[[-3.435708974682007,47.622234714204936],[-3.435683782390057,47.62213676409947],[-3.435623938789235,47.62219425513413],[-3.435708974682007,47.622234714204936]],[[-3.435840619511382,47.62266093356909],[-3.435893959753658,47.62254961541818],[-3.435793223496058,47.62260033382632],[-3.435840619511382,47.62266093356909]],[[-3.436086236313271,47.622593182725296],[-3.436200503332884,47.62243334433567],[-3.436139837675512,47.622373477585896],[-3.435961653177221,47.62244653557426],[-3.436095431694629,47.622448178337294],[-3.436086236313271,47.622593182725296]],[[-3.436415140385662,47.62420963452767],[-3.43642325109205,47.624055659076134],[-3.436201999680732,47.62410400254105],[-3.436209587855038,47.6241668006595],[-3.436367742343139,47.62414903506629],[-3.436415140385662,47.62420963452767]],[[-3.436157704698217,47.62230024252845],[-3.436133595525534,47.62221126369241],[-3.436049381425081,47.622288162983594],[-3.436157704698217,47.62230024252845]],[[-3.436121111339379,47.6218868358639],[-3.436188803483927,47.62178375585325],[-3.436108103785471,47.62177918180904],[-3.436121111339379,47.6218868358639]],[[-3.436272532014954,47.62236614897759],[-3.436428774207976,47.62222205406921],[-3.436390572419989,47.62201645010807],[-3.436264382917175,47.622077605865044],[-3.43639031123098,47.62212483700095],[-3.436206446413825,47.62226142642175],[-3.436272532014954,47.62236614897759]],[[-3.436227265848226,47.62188097300489],[-3.436407616118454,47.62182585692728],[-3.436348034919848,47.621774961435776],[-3.436227265848226,47.62188097300489]],[[-3.436822516237191,47.62492767938619],[-3.436816011375952,47.62487385248286],[-3.436712019230384,47.624897658171186],[-3.436822516237191,47.62492767938619]],[[-3.437117710079397,47.62493846800676],[-3.437347897236102,47.6248535052556],[-3.437291823796901,47.62472113701846],[-3.437245249049166,47.62477789582347],[-3.437069486231077,47.6247605109633],[-3.437117710079397,47.62493846800676]],[[-3.437679847808183,47.626605251677596],[-3.437686612331107,47.6265506918418],[-3.437594803459312,47.6265647941327],[-3.437679847808183,47.626605251677596]],[[-3.437643399079552,47.6251984238833],[-3.437681299424432,47.62506989579926],[-3.437542918350156,47.62514075700984],[-3.437643399079552,47.6251984238833]],[[-3.438192136276872,47.6278593595562],[-3.438279609422326,47.627809372311376],[-3.438038566909404,47.62780462551375],[-3.438192136276872,47.6278593595562]],[[-3.439763560928176,47.62638176125001],[-3.439873232174292,47.626294421777814],[-3.439813642683882,47.62624352817124],[-3.439651974608412,47.62634277172225],[-3.439763560928176,47.62638176125001]],[[-3.440112676001666,47.62650696699935],[-3.440130792573134,47.626325344828935],[-3.439968294081457,47.62630723103881],[-3.439961277961864,47.62647017767215],[-3.440112676001666,47.62650696699935]],[[-3.440793477713096,47.62617131990453],[-3.440810254783888,47.626089113170345],[-3.440711686163819,47.626157777943696],[-3.440793477713096,47.62617131990453]],[[-3.441499143079763,47.62559948625605],[-3.441583354553216,47.625522583166465],[-3.441415182367978,47.62556800257588],[-3.441499143079763,47.62559948625605]],[[-3.442291510410609,47.62530281805779],[-3.442271729922751,47.62524972501918],[-3.442195364679734,47.62528103958209],[-3.442291510410609,47.62530281805779]],[[-3.442580015571526,47.62437473006081],[-3.442639854125086,47.6243172355266],[-3.442480028731708,47.62410029383567],[-3.442475190731219,47.62428118300672],[-3.442580015571526,47.62437473006081]],[[-3.442721891688316,47.62422238936624],[-3.442905746588036,47.62408578982656],[-3.4429836904909,47.62384667227253],[-3.443053294535193,47.623869917394764],[-3.443148600364329,47.62377433727389],[-3.443060300874995,47.62370697035783],[-3.443130152283667,47.62362182861789],[-3.443064299321633,47.62340872318034],[-3.443178052365825,47.623465651703356],[-3.44327878323973,47.62341492694856],[-3.443368070637584,47.623048746343414],[-3.443295211945706,47.62299858810165],[-3.443288453605039,47.6230531483618],[-3.443246721984832,47.62292902029481],[-3.443319580536205,47.622979178568634],[-3.443315486884817,47.622834907309624],[-3.443425983335195,47.622864922309276],[-3.443446010955478,47.62280962835342],[-3.443380995935268,47.62271388098053],[-3.443324415557537,47.622798289241565],[-3.443283769237606,47.622683132271945],[-3.443361709399311,47.622444014293286],[-3.443248700134961,47.62206192522151],[-3.443237353915175,47.62218898799404],[-3.443137957956853,47.622140296948494],[-3.443216983136876,47.62191015010543],[-3.443124098564173,47.62191528567112],[-3.442977547567981,47.62169761074543],[-3.442501778361029,47.62185034960891],[-3.442609017150651,47.621853452061245],[-3.442488260334811,47.62195947009983],[-3.442546355450216,47.62266068380347],[-3.442439115042669,47.622657581294874],[-3.442440697901325,47.62244977864566],[-3.442376272073306,47.62257977557344],[-3.442631736846632,47.6230352695166],[-3.442473836585785,47.62294465674738],[-3.442451388917183,47.62309039517094],[-3.442386375338951,47.62299464725821],[-3.442326537994894,47.62305214170165],[-3.442363927410559,47.62314038566121],[-3.442471168783618,47.623143488238064],[-3.442559896065347,47.623987505574156],[-3.442721891688316,47.62422238936624]],[[-3.44258706752544,47.621782416759636],[-3.442887081535829,47.62161230140956],[-3.442692044556589,47.62132505805821],[-3.442679612110223,47.62144314971269],[-3.442645478513195,47.6213818191155],[-3.442519297676148,47.62144298165029],[-3.442515545083755,47.621632842182684],[-3.442398292621682,47.62165738655048],[-3.442410227810932,47.62175606879808],[-3.44258706752544,47.621782416759636]],[[-3.442814877175481,47.620794463022854],[-3.442836485913185,47.620531366253765],[-3.442718399305627,47.62043855284736],[-3.442814877175481,47.620794463022854]],[[-3.443333397692693,47.621768246893105],[-3.443242093091093,47.621565579797306],[-3.443148123980876,47.621561744276725],[-3.443126421268626,47.62138232212294],[-3.442901342561114,47.62117802000991],[-3.443041133429732,47.621450255380026],[-3.442989979414558,47.62157951907466],[-3.443333397692693,47.621768246893105]],[[-3.444944834474378,47.62349439158277],[-3.445026024848016,47.62328218584098],[-3.444912758007221,47.623008485406295],[-3.444858948112457,47.6233365813426],[-3.444944834474378,47.62349439158277]],[[-3.445693727398185,47.622838856624455],[-3.44565199035283,47.62271472940325],[-3.445699397660619,47.622775325141276],[-3.445751631859912,47.62265503141738],[-3.44567225795808,47.62255104817834],[-3.445648733604083,47.62268781616724],[-3.445577201371167,47.622538243534855],[-3.445651031137714,47.62215485278057],[-3.445471174806741,47.621993209300456],[-3.445413270097145,47.622177034430976],[-3.445693727398185,47.622838856624455]],[[-3.445797477054795,47.62193000558586],[-3.445813159494187,47.62183882687272],[-3.445726788765331,47.6218977909942],[-3.445797477054795,47.62193000558586]],[[-3.449284823206509,47.62337169885442],[-3.449314004549087,47.62317139853569],[-3.449218710835398,47.6232669837168],[-3.449284823206509,47.62337169885442]],[[-3.455906924569216,47.62267991163106],[-3.455924986107164,47.62249828665709],[-3.455836450897319,47.622539316266725],[-3.455906924569216,47.62267991163106]],[[-3.456800738449439,47.621066823740925],[-3.456711814520329,47.621054853669655],[-3.456801214273017,47.62113118133808],[-3.456800738449439,47.621066823740925]],[[-3.457296079954351,47.62080572980539],[-3.457178186581991,47.620604544019464],[-3.457000256123946,47.6205692471523],[-3.456954793393494,47.62063498491852],[-3.457296079954351,47.62080572980539]],[[-3.457447473872377,47.62084249676994],[-3.457571679270822,47.620654989123885],[-3.457301304878363,47.620408065656086],[-3.457307611134899,47.62057027856255],[-3.457201461551038,47.62057616058536],[-3.457447473872377,47.62084249676994]],[[-3.457731119960799,47.621088684538265],[-3.457774624718107,47.62089661753882],[-3.45764433014432,47.62081352552884],[-3.45757211228028,47.62098912111779],[-3.457731119960799,47.621088684538265]],[[-3.458111999166508,47.62081470212335],[-3.45817181700141,47.62075719952775],[-3.458053486034665,47.62077278865181],[-3.458111999166508,47.62081470212335]],[[-3.459729714490109,47.62126691318209],[-3.459705566497479,47.62117793916861],[-3.459627041504469,47.62119132328358],[-3.459729714490109,47.62126691318209]],[[-3.460785749929299,47.62061230494325],[-3.460810322674826,47.620484504710134],[-3.460711790129543,47.62055318655686],[-3.460785749929299,47.62061230494325]],[[-3.460823591301592,47.62048376905253],[-3.460908854966584,47.62041582277783],[-3.460849251986587,47.62036493975104],[-3.460823591301592,47.62048376905253]],[[-3.462513473697182,47.62020943792458],[-3.462422978972278,47.62012414365835],[-3.462433862479922,47.62021385300017],[-3.462513473697182,47.62020943792458]]]},"properties":{}}]}