{"type":"FeatureCollection","features":[{"type":"Feature","geometry":{"type":"Polygon","coordinates":[[[-3.498807097681791,47.653820442369884],[-3.498474363111234,47.65361320003849],[-3.498441104603303,47.6536692424536],[-3.498238945402156,47.65343665928286],[-3.498213216337128,47.653663879975504],[-3.498416606715717,47.65379704839189],[-3.498177631607447,47.65381036664381],[-3.498010785825581,47.65364806686889],[-3.497903396311468,47.653779102564584],[-3.49794659403174,47.653669707095375],[-3.497788372587881,47.65368755579214],[-3.497787140991147,47.65378697056244],[-3.497887799219119,47.653798133930486],[-3.497824643665858,47.653875195339694],[-3.497593743750118,47.65362614987715],[-3.497656840678617,47.65359553939437],[-3.497677781746049,47.65365759270874],[-3.497680108502587,47.65356714838246],[-3.497464402172423,47.65355207416076],[-3.497514085580647,47.65363058878828],[-3.497418961199444,47.65361782654586],[-3.497381184493768,47.653746372072916],[-3.497206539379093,47.65362966320387],[-3.497222962633403,47.653764220003474],[-3.497011773230273,47.65367664154166],[-3.496937589120471,47.65372593233547],[-3.49686135372,47.65364889694948],[-3.496814817104613,47.65370567863975],[-3.496801679332436,47.653598033151845],[-3.497120174001719,47.653688664346646],[-3.496958944301936,47.65346283010428],[-3.497327121565634,47.65363197558384],[-3.49743114264172,47.653608116290236],[-3.497322879523832,47.65348770854461],[-3.497460022484876,47.65351619235374],[-3.497584026281349,47.65343703059248],[-3.497964386691269,47.65359646379376],[-3.49813944105937,47.653388015845195],[-3.498364042927943,47.65336646713591],[-3.49865708138269,47.65346754441522],[-3.498919456254746,47.6533174486797],[-3.499096428440196,47.65334371064295],[-3.499178410252403,47.65324882628141],[-3.499395077732571,47.653381253019894],[-3.499529201880415,47.653166052607205],[-3.499703850558223,47.65328275803349],[-3.49983223173718,47.65323947560583],[-3.499899443574511,47.65346151611428],[-3.50000797666445,47.65336515100349],[-3.500094206395213,47.653414532958706],[-3.500110900658116,47.65333231889249],[-3.500151692971068,47.6534474542261],[-3.500284455757952,47.653440053013576],[-3.500306495219911,47.65351107628737],[-3.50068261316331,47.653526233707325],[-3.50066372879732,47.65359050700397],[-3.50057749825501,47.653541125473545],[-3.500530965688659,47.653597908646766],[-3.500442544410711,47.65353058617099],[-3.50040039337788,47.65362325098643],[-3.500092979101354,47.653513947767436],[-3.49996350213056,47.65354826004712],[-3.499793365803392,47.65335905150766],[-3.499505802090945,47.65330282924094],[-3.499338553463927,47.65346568705249],[-3.499158295139357,47.65341251414852],[-3.498922607434245,47.65345274523537],[-3.498892634982788,47.65353569909803],[-3.498479973793783,47.65354966702092],[-3.498807097681791,47.653820442369884]]]},"properties":{}},{"type":"Feature","geometry":{"type":"Polygon","coordinates":[[[-3.496783191793512,47.65421320230248],[-3.496813167905408,47.6541302490103],[-3.497001228536481,47.654137833490594],[-3.49717615058501,47.65403777224717],[-3.497134407310968,47.65380528024723],[-3.497037092997699,47.653774576787825],[-3.497133036546507,47.65401308020919],[-3.49683534158339,47.65409288771934],[-3.496808109606029,47.6537602411154],[-3.496584461170223,47.65389914249921],[-3.4962815717125,47.653717325890206],[-3.496145523567286,47.6536978111645],[-3.496235034420378,47.65377410734759],[-3.49607133862775,47.65374710140788],[-3.495859197061459,47.65354216517422],[-3.495825935850819,47.65359820684716],[-3.495714251667647,47.653559271437295],[-3.495703446250459,47.65336118152077],[-3.495573013340482,47.65327813323141],[-3.495507585167613,47.65339918688945],[-3.495328283833921,47.65346336378093],[-3.495269705666185,47.65342146966841],[-3.495249720267574,47.65347677162104],[-3.495118335294296,47.65327636711797],[-3.49496339756133,47.653321123418],[-3.494900441892549,47.653243347211415],[-3.494669129512966,47.65331945163083],[-3.494692255903149,47.65339944644626],[-3.494554163474312,47.65325360366909],[-3.494347358035781,47.65320190229147],[-3.494466557997111,47.65341201761802],[-3.494338172050377,47.65345529414722],[-3.493716805817285,47.653182832052515],[-3.493810689542409,47.65329501206511],[-3.493743068761984,47.653398123761036],[-3.493733220132883,47.653317389373875],[-3.493594985406022,47.65327993069921],[-3.493637147987245,47.65318726832205],[-3.493486731611683,47.65315951937926],[-3.493469223726218,47.65301599152062],[-3.493433626403579,47.653162476793796],[-3.493172623038116,47.65310476023341],[-3.493117621704902,47.65287300600582],[-3.493007836685798,47.65306877949905],[-3.492576725218555,47.65282184288674],[-3.492661706064507,47.6529706450975],[-3.492503484926114,47.65298848664566],[-3.492379917434479,47.65274248725849],[-3.491901973533352,47.65276909859968],[-3.491990234381066,47.65294481282275],[-3.492210460761386,47.652887393911186],[-3.492389616329944,47.6529316070442],[-3.492377286519531,47.65304970203126],[-3.492652512113186,47.65322403685134],[-3.492851657005356,47.65321294775378],[-3.492823062787439,47.6530881000805],[-3.492927084817176,47.65306424478918],[-3.493086254049591,47.653163758411175],[-3.493133888345793,47.65311594868386],[-3.493372570435006,47.65331941122603],[-3.493562816242757,47.653344942224564],[-3.49360468870624,47.65346905033088],[-3.493661222052474,47.65338461907197],[-3.493734024723631,47.65354313032216],[-3.493958629024173,47.653521590081404],[-3.493937836772071,47.65335115086401],[-3.494143259993497,47.65361065293279],[-3.494403315964704,47.65355101160884],[-3.494551401863769,47.65366920362963],[-3.494565915875526,47.65356904940906],[-3.494800227536019,47.65373662707567],[-3.494832395427631,47.65367161522303],[-3.494482023184052,47.65342921910981],[-3.494551831432319,47.653344047947904],[-3.494727564265407,47.65346973127926],[-3.49484828856973,47.65336366098461],[-3.495001847470229,47.65352670482796],[-3.49516910952592,47.65336385322826],[-3.495156643807605,47.653590333708074],[-3.495390004325959,47.65364055450069],[-3.495492931692543,47.65360772646158],[-3.495547414164716,47.653396968124234],[-3.49572177326356,47.653730449931125],[-3.495893131466713,47.65382024961775],[-3.495978403736971,47.65375227892126],[-3.49603122902236,47.65396609076949],[-3.496314413692312,47.65398643972525],[-3.496385314492797,47.653910237953745],[-3.496374088049769,47.65403730376135],[-3.496527792728727,47.65409196034895],[-3.496450601968368,47.65389756904712],[-3.496539018817187,47.65396489453021],[-3.496718320379971,47.65390071579798],[-3.496783191793512,47.65421320230248]]]},"properties":{}},{"type":"Feature","geometry":{"type":"Polygon","coordinates":[[[-3.491629139760988,47.6532719850347],[-3.491571807875538,47.6531306743304],[-3.491756582374434,47.653111355727745],[-3.491763294957448,47.65305679352364],[-3.491852798468281,47.65313309308869],[-3.49199132837102,47.652953783328485],[-3.491890588059329,47.65300454930774],[-3.491797802838866,47.65290133824342],[-3.491754543337941,47.652985029463046],[-3.491661758414601,47.65288181828965],[-3.491466990114027,47.65292878740485],[-3.491438100263336,47.65302070988831],[-3.490931413154914,47.65303085447968],[-3.490841911133255,47.6529545542049],[-3.490493446332629,47.65294685759892],[-3.49010281318234,47.65303182108307],[-3.489960207146506,47.65295847601017],[-3.489328565832008,47.652930411566835],[-3.489292171404688,47.65285115455155],[-3.489079750834969,47.65286297644245],[-3.488842025827181,47.652776860885375],[-3.488822034007674,47.65283216175726],[-3.488721445941709,47.65277453974942],[-3.488578687171458,47.652809578243264],[-3.48857743843434,47.65290899296148],[-3.488691458010739,47.65285749102453],[-3.48875221728253,47.6529173295191],[-3.4890995881357,47.65291606078425],[-3.489200022817224,47.653082067709924],[-3.489267651976951,47.65297895862582],[-3.489441337600093,47.652978323621454],[-3.489367147467594,47.65302760962746],[-3.489561764652632,47.65308902926204],[-3.489662507339686,47.653038265292565],[-3.490081728902309,47.65307815164026],[-3.489927881166903,47.653131871791565],[-3.490035185569623,47.653134930647596],[-3.489974272124034,47.653183478069714],[-3.490059398602555,47.653223896910184],[-3.490341483335989,47.653235289824664],[-3.490287436020041,47.65312089004883],[-3.490420199361671,47.65311350004129],[-3.490753050434596,47.65321238012123],[-3.490986555585595,47.65315422447729],[-3.491011864045082,47.65325216105535],[-3.49108495912762,47.65319390349796],[-3.491196639167462,47.65323284333926],[-3.491164467110178,47.65329785420598],[-3.491629139760988,47.6532719850347]],[[-3.490243080270564,47.65319561017883],[-3.490118124657374,47.65315740840025],[-3.490122651563756,47.653084905246494],[-3.490231049580109,47.653096934445315],[-3.490243080270564,47.65319561017883]]]},"properties":{}},{"type":"Feature","geometry":{"type":"Polygon","coordinates":[[[-3.507218264096611,47.652755255523964],[-3.50733469291511,47.65250490553897],[-3.507104733371793,47.6523732343653],[-3.507086092597608,47.65222073812228],[-3.506835065533481,47.652135400041445],[-3.506862831905448,47.652034503340275],[-3.506680259491574,47.65207178658253],[-3.506761129408717,47.6519679264663],[-3.506844073727004,47.651990392361675],[-3.506792185202281,47.651893940890005],[-3.506483790339061,47.65166729866896],[-3.50649694716989,47.65177494317633],[-3.506285750419475,47.65168738138316],[-3.506318999452025,47.65163133667774],[-3.506199517749794,47.65163800395199],[-3.506119982949444,47.651534063384624],[-3.50582219497334,47.651722279234534],[-3.505523550445547,47.651684753249725],[-3.50546143549744,47.651832723733094],[-3.504955736442055,47.651960284850865],[-3.504792041801282,47.651933291100974],[-3.504755625084112,47.651854038861586],[-3.504413741805279,47.65190020610579],[-3.504461241768123,47.651960777059486],[-3.504352966128128,47.65184037572324],[-3.50415699311786,47.65198678094565],[-3.504027646402523,47.65191271242995],[-3.503900367791574,47.65196496989524],[-3.503787585183062,47.65191707176879],[-3.503988666823024,47.6521406751284],[-3.503757621158288,47.65200002694565],[-3.503654701978861,47.65203286229117],[-3.503701105256833,47.65208446314915],[-3.503466647822129,47.65202528850931],[-3.50348527818295,47.6521777853451],[-3.503299289874412,47.652296537406926],[-3.503325716412378,47.6524034417634],[-3.503532527454906,47.65245512727399],[-3.503647627561968,47.65241258113366],[-3.503574672124978,47.65236246127232],[-3.503699884714312,47.65218387806484],[-3.503835931761573,47.65220338401154],[-3.503869183689028,47.65214734001829],[-3.503977458860243,47.65226774178345],[-3.504327017215607,47.65228436857864],[-3.5039953667748,47.65208611219465],[-3.504109369707828,47.65203459519381],[-3.504456611377634,47.652141666129054],[-3.504768656044119,47.65207006887637],[-3.504806169056299,47.6521582914921],[-3.505036243887927,47.6521815818924],[-3.504934543390135,47.65211500343393],[-3.505058532839497,47.65203583368389],[-3.505142572729317,47.65206727117356],[-3.505278741400971,47.65197839011898],[-3.505406993785101,47.65204348686314],[-3.505577508187408,47.65190753139637],[-3.505517827438559,47.651856672003404],[-3.506025716817237,47.651747049206186],[-3.506261152835146,47.65192357443095],[-3.506127178634951,47.652030397388025],[-3.506287585122962,47.65203047813839],[-3.506263345572267,47.651941515184475],[-3.506413765157008,47.65196924769974],[-3.506342881259288,47.65204545563212],[-3.506517660050056,47.65205376562367],[-3.506485507372674,47.65211878074706],[-3.506613761566621,47.652183876162034],[-3.506675755171452,47.65214429041449],[-3.506640194689902,47.652290779775186],[-3.506690986875815,47.65237826092369],[-3.506809373704801,47.65236262277995],[-3.50689317891022,47.65261082960108],[-3.507096704640758,47.652635597696026],[-3.507218264096611,47.652755255523964]],[[-3.507181843214479,47.65267600407477],[-3.506948593821349,47.65251742150961],[-3.506968684696486,47.65235373222577],[-3.507247244012189,47.652554943836286],[-3.507181843214479,47.65267600407477]],[[-3.506899015670017,47.65233052554321],[-3.506706692692565,47.65217869018691],[-3.506940057905877,47.65222888795253],[-3.506899015670017,47.65233052554321]],[[-3.50377844425291,47.65217046453506],[-3.503684416916589,47.65216667778177],[-3.50373094487854,47.652109893310474],[-3.50377844425291,47.65217046453506]]]},"properties":{}},{"type":"Feature","geometry":{"type":"Polygon","coordinates":[[[-3.510744514965184,47.652188110708046],[-3.511435183775953,47.65182440415999],[-3.511262708622466,47.65172565683965],[-3.511304839290407,47.65163298801531],[-3.511508363338518,47.651657748439625],[-3.511545887204877,47.65174596891061],[-3.51164660643539,47.651695185956015],[-3.511157819116806,47.651523787433206],[-3.51116089178009,47.65176746913102],[-3.511040093829901,47.651981941697905],[-3.510887367511201,47.65204465980201],[-3.510653999390177,47.65199446991411],[-3.510490190954617,47.65207586947536],[-3.510425130922491,47.65187177557508],[-3.510329895457231,47.651967409164996],[-3.510254740273057,47.651899352784994],[-3.510024552627855,47.65198445798883],[-3.510103221875997,47.65186265487167],[-3.509912861462993,47.6519455361159],[-3.509929540136515,47.65186332058459],[-3.50976364936661,47.65181839311169],[-3.50964844290168,47.65196933062285],[-3.509561109741409,47.65191098533449],[-3.509678510206184,47.651777988595775],[-3.509623325978654,47.651654627332654],[-3.509451838708606,47.6516732330286],[-3.50933697112427,47.651499014199715],[-3.509304822216669,47.65156403011761],[-3.509151111733385,47.65150939026306],[-3.5090076144018,47.651210327290464],[-3.508807383564352,47.65121247357408],[-3.508768767827849,47.651115281842166],[-3.508491077280549,47.651139814833485],[-3.508624700726751,47.65135814523792],[-3.50861240721478,47.651476242032544],[-3.508416677267797,47.651405883714574],[-3.508522538108567,47.651725111297466],[-3.508683172637657,47.651508418060054],[-3.508636879613625,47.651348433802895],[-3.508736504090911,47.651288682988444],[-3.508980949327508,47.651320194898815],[-3.509128834181412,47.65165513929206],[-3.509247105359388,47.651747884018896],[-3.509375475102496,47.65170459107306],[-3.509380846483115,47.65185782815554],[-3.509598630566107,47.65199920641903],[-3.509840885622672,47.65201277582881],[-3.509860631176245,47.65217424199077],[-3.510085223198773,47.652152670741124],[-3.510152810816626,47.65204954952428],[-3.510199220393517,47.65210114780134],[-3.510224786313452,47.65198230962055],[-3.510432699477883,47.652042953270225],[-3.510470221836556,47.6521311740688],[-3.510687133618293,47.65204680930549],[-3.510578622499177,47.65214318439969],[-3.510744514965184,47.652188110708046]]]},"properties":{}},{"type":"Feature","geometry":{"type":"Polygon","coordinates":[[[-3.488046073054468,47.65315531420582],[-3.488063879133762,47.653082072392415],[-3.488279580906228,47.653097163968944],[-3.48837813805952,47.65302846002676],[-3.488183522458022,47.65296703841913],[-3.487902376210752,47.65307299608453],[-3.487917995847407,47.65298181320257],[-3.487749933588292,47.65291891342012],[-3.487772270069133,47.652773168568295],[-3.487600928898129,47.652683356925465],[-3.487485815413074,47.65272588725419],[-3.487120955093911,47.65258362235062],[-3.486826691360415,47.652581930815316],[-3.486616138859253,47.65282845986491],[-3.486505556073548,47.652798486195955],[-3.486487747949689,47.652871727782774],[-3.486330618077606,47.652898531531875],[-3.486045417482177,47.65275183199303],[-3.486049949888615,47.65267932898175],[-3.485755685661251,47.65267763474973],[-3.485701648743059,47.652563232819894],[-3.485491414303361,47.65259298932269],[-3.485042694017392,47.652310881026345],[-3.485017071851785,47.65242971367158],[-3.484748431854153,47.65230918425771],[-3.484520877903035,47.65208702449822],[-3.484053263237934,47.65186918306968],[-3.483914276038986,47.65160597170067],[-3.483764961758079,47.6515871808099],[-3.483555061130229,47.65140016319187],[-3.483777805502951,47.651143930628706],[-3.483594292913003,47.65106382188035],[-3.483485734861814,47.6511601718615],[-3.483297686650126,47.65115256562044],[-3.482861006613268,47.650969125296434],[-3.482680015362204,47.65069018557613],[-3.482475416053361,47.650656404328195],[-3.482437016478052,47.650450818491],[-3.482158225011119,47.65046631830864],[-3.482075461985247,47.6503354494881],[-3.482199649484491,47.650147918523054],[-3.482100165899573,47.65009926134613],[-3.482034711058712,47.65022030766059],[-3.481940688705837,47.65021650340855],[-3.481912290479784,47.64998326746431],[-3.481751890190935,47.64998315325586],[-3.481742060336336,47.649902417714976],[-3.481496375834927,47.64997026360028],[-3.481470746895125,47.65008909561319],[-3.481345804838678,47.65005088439311],[-3.481446210002093,47.65021689823032],[-3.481499482636527,47.65010556085916],[-3.481734076481439,47.65005639422594],[-3.481928336395896,47.65033459745973],[-3.482033450189229,47.65031972244307],[-3.482069663570715,47.65050736720709],[-3.48237702359448,47.65061671800559],[-3.4823613951809,47.65070790025947],[-3.482547256979039,47.65069756679979],[-3.482757151310376,47.65088458629663],[-3.482729339953479,47.650985477326245],[-3.482818994086752,47.65095339853903],[-3.483000153606278,47.65112395266183],[-3.483062163496419,47.65108437942079],[-3.483110730952019,47.65115392967401],[-3.483491197483028,47.651205024829316],[-3.483464314163499,47.651423271943656],[-3.483949404293976,47.65178464516923],[-3.48400780717139,47.651934930296996],[-3.484184767428231,47.65196121486002],[-3.48417913989041,47.65202474724304],[-3.484315179391129,47.65204427591621],[-3.485146231131968,47.65261218847547],[-3.485213705373889,47.65261746698064],[-3.485177479502686,47.65242982339803],[-3.485336470480427,47.652637732875114],[-3.485525617113972,47.65265430639713],[-3.485664776234354,47.65280913045323],[-3.485899378128008,47.65275995552761],[-3.486282977879308,47.65294633849141],[-3.486716724753095,47.65288608368321],[-3.487036766558821,47.65266055717879],[-3.487210134969734,47.65287669600917],[-3.487338683145891,47.65272504203859],[-3.487380540644467,47.65284915241487],[-3.48746691543285,47.65279015844437],[-3.487618420887901,47.65282688568784],[-3.487596083964303,47.65297263050616],[-3.487759616104017,47.6531080335723],[-3.488046073054468,47.65315531420582]]]},"properties":{}},{"type":"Feature","geometry":{"type":"Polygon","coordinates":[[[-3.481410581538912,47.65036338005386],[-3.481401844285711,47.65029161511757],[-3.481340926231245,47.650340158111575],[-3.481129776454021,47.65025255079408],[-3.481110118557999,47.65009107962614],[-3.480817302974446,47.649881572760826],[-3.480487595320342,47.649917961509715],[-3.480126221135986,47.64969420102265],[-3.479812492917393,47.64942263500286],[-3.479791747450151,47.64925219290626],[-3.479239634198632,47.64932803248441],[-3.479203257214951,47.64924877217861],[-3.479068318454024,47.649238208170146],[-3.479089236192593,47.64930026495501],[-3.478988665296448,47.64924263446393],[-3.478744072020392,47.64931944523036],[-3.47878590685565,47.64944355890515],[-3.478601140364622,47.64946285703654],[-3.47859406358656,47.649734189437],[-3.478369469030646,47.64975570019061],[-3.478359292193397,47.64989173518779],[-3.478071416450831,47.6500522308924],[-3.477840271033925,47.65001991672809],[-3.477916090111375,47.64965445237376],[-3.477777875981428,47.64961697491861],[-3.477642759044961,47.64971479468814],[-3.477804250056596,47.64972388519042],[-3.477647684055132,47.65008480418419],[-3.477669691998045,47.650155831848686],[-3.477840093906813,47.650128302126916],[-3.47782991564882,47.65026433705154],[-3.477923023182429,47.65015078856956],[-3.478274919029074,47.65007704921416],[-3.478566244957409,47.649835079536295],[-3.47875537955202,47.649851664040376],[-3.47871463615964,47.64973652102609],[-3.478786472945387,47.64977768582945],[-3.479130722808808,47.649641149370225],[-3.479645196349375,47.64958546495582],[-3.4795966348388,47.64951591320541],[-3.479775768632485,47.64956014575317],[-3.479805768570866,47.64947719662352],[-3.480788054149361,47.650190263562685],[-3.480944086754164,47.65015449660585],[-3.481081041856975,47.65029138507924],[-3.481410581538912,47.65036338005386]]]},"properties":{}},{"type":"Feature","geometry":{"type":"MultiPolygon","coordinates":[[[[-3.470836714664838,47.64946956318642],[-3.470629946883812,47.649417819738005],[-3.470499754681625,47.64922635786491],[-3.470627059460763,47.64917413670754],[-3.470399577679451,47.648951949090645],[-3.470232446440749,47.649006380162355],[-3.470221590245445,47.649078642659646],[-3.470139710070463,47.64890315169056],[-3.470324477682604,47.64888386693244],[-3.470265026434694,47.64872460400047],[-3.470369050038788,47.648700768734955],[-3.470169405201246,47.648377692396316],[-3.470250340578451,47.64827385735688],[-3.470480191484064,47.648405601319595],[-3.470591462769042,47.6486613318946],[-3.47116372693975,47.649081133202245],[-3.470796754381537,47.64892087562604],[-3.470728387478538,47.64879823260663],[-3.470518159526862,47.64882796223074],[-3.47051251604683,47.64889149405864],[-3.47044524011675,47.64877782159771],[-3.470368857739738,47.64880915419659],[-3.470352119066105,47.64889136420255],[-3.470628533328354,47.64896633654265],[-3.47075545433203,47.64913088613218],[-3.470799259713004,47.64938132955063],[-3.470662333325331,47.6492444289633],[-3.4706301386547,47.649309434310354],[-3.470836714664838,47.64946956318642]]],[[[-3.47021829482324,47.64910057806182],[-3.470195505100406,47.64925227336708],[-3.470113670713943,47.64923875215771],[-3.470127843810388,47.6493553716119],[-3.469998357670519,47.649389650764675],[-3.46970469305363,47.6490627598096],[-3.469536664613661,47.64899983370739],[-3.469518834465418,47.64907307285208],[-3.469268076858561,47.64887926849397],[-3.469083338950349,47.64881666218536],[-3.469404297138875,47.648790429102],[-3.470044919056595,47.64933287962808],[-3.470127139154773,47.64912963001712],[-3.47021829482324,47.64910057806182]]],[[[-3.469058990605624,47.648808410678825],[-3.468947478164456,47.64877061969002],[-3.46864541038787,47.64881447264343],[-3.468625203279835,47.648978155622125],[-3.468586662358043,47.6488809505114],[-3.468390994735327,47.6488105250678],[-3.468132022702068,47.64887907939959],[-3.468003823414256,47.6488139416468],[-3.467805779625619,47.64883395917784],[-3.46771592234058,47.648974411929736],[-3.467801720052432,47.6492405886932],[-3.467526596215205,47.649066194993026],[-3.467515698260271,47.64897648746517],[-3.467422768913889,47.648981642282784],[-3.467403647770146,47.64915429578903],[-3.467353121498813,47.64895841198642],[-3.46753026174192,47.64887633636255],[-3.467532243268999,47.64900266331516],[-3.46771334729848,47.64917324130661],[-3.46767282602964,47.6489497089597],[-3.467818162844777,47.648715866528846],[-3.468159860561887,47.64877819173476],[-3.468291919273998,47.64854508517414],[-3.468482332179374,47.64846227159241],[-3.468789457065683,47.64868004370975],[-3.469048232306926,47.64871987337833],[-3.469058990605624,47.648808410678825]]]]},"properties":{}},{"type":"Feature","geometry":{"type":"Polygon","coordinates":[[[-3.47755947517299,47.64990907886921],[-3.477655857207882,47.649822442545215],[-3.477478907261312,47.64979614806636],[-3.477604201163188,47.64961759258958],[-3.477553459297971,47.64953009867876],[-3.477257942959364,47.64962779781627],[-3.477205018783813,47.64952236243555],[-3.477303583592972,47.649453667705416],[-3.476945679000184,47.64914842386254],[-3.476864755326053,47.649252263491576],[-3.476448847610385,47.64923924165755],[-3.476431026870029,47.649312481847495],[-3.476395745360936,47.64924219133575],[-3.47597001685636,47.64914843177437],[-3.47594364674083,47.649041521056496],[-3.475661768806358,47.64892170790641],[-3.47557684182003,47.64877289302229],[-3.475335701313881,47.648768223242186],[-3.475198217393765,47.64895648432842],[-3.474842327005907,47.64877756080113],[-3.474681930357369,47.64877743688824],[-3.47466410734593,47.64885067682636],[-3.474297125859782,47.648690430223674],[-3.474190922209523,47.64869632760202],[-3.474241657768028,47.64878382301095],[-3.474124360245692,47.6488083988822],[-3.474005065765081,47.64870664778183],[-3.473783746211902,47.648755061814065],[-3.473601347654734,47.64868390796975],[-3.473476228537971,47.64875407377775],[-3.473242005737335,47.64858645292691],[-3.473045055474329,47.64861545004108],[-3.472942498073166,47.64843148743785],[-3.472737913591692,47.648397689101614],[-3.471913602625774,47.64788351136341],[-3.471941432816149,47.647782622745424],[-3.471627188278151,47.6478361910568],[-3.471613723231522,47.64794531344389],[-3.471531890490137,47.64793179321846],[-3.471773359597819,47.648378983558125],[-3.47157659914724,47.64829959271383],[-3.471414923335089,47.64839887908498],[-3.471653691185228,47.64849400100416],[-3.471704422390806,47.64858149752389],[-3.471618226750546,47.64853209449948],[-3.471587124144695,47.648606070850875],[-3.471918632510408,47.64880441955236],[-3.471816790423978,47.6488461976232],[-3.471740598267761,47.64876914565745],[-3.47169019885415,47.649124161698175],[-3.471484712080601,47.64897300501808],[-3.471195021031489,47.64889877153009],[-3.471146089719561,47.6490459871487],[-3.471257746522719,47.64908494612755],[-3.471370684199274,47.64902449027032],[-3.471486512943516,47.64920771733803],[-3.471628182808544,47.64916372894491],[-3.471747473778361,47.649265482447504],[-3.471695651351327,47.649169015264576],[-3.471799675182737,47.64914517873103],[-3.471988281712047,47.648827647129444],[-3.471838078205696,47.64869148479555],[-3.471885916763744,47.64853529814564],[-3.472227806598012,47.64848922598604],[-3.472318741777678,47.64835774044052],[-3.47255077941202,47.64850742174552],[-3.472820650709474,47.648528564666826],[-3.472958671500073,47.64867443347991],[-3.473282736441794,47.64870159791813],[-3.473301279374436,47.64885409981951],[-3.473389844815923,47.64881305753105],[-3.473565512872804,47.64893877297746],[-3.473918682704415,47.64876563192754],[-3.474187280395393,47.64888618645858],[-3.474365500827371,47.64881307116194],[-3.474576633801214,47.648900690767334],[-3.474825595234659,47.64885977144913],[-3.474944891622338,47.648961521703704],[-3.475075464608747,47.64893620774486],[-3.475245681567466,47.6490170672462],[-3.4753166058513,47.648940878061595],[-3.475402805576118,47.64899027834734],[-3.475390803278719,47.648891600871],[-3.475545744562186,47.64884687041795],[-3.475707960849653,47.649081705415156],[-3.476140055269921,47.64933767540465],[-3.476225345536877,47.64926971896411],[-3.476317003036229,47.649363971917154],[-3.476724001499861,47.6494136143343],[-3.476789108879728,47.649509341814394],[-3.476845843782809,47.64931653308012],[-3.476980782301746,47.649327099654535],[-3.477006063237922,47.649425039460084],[-3.477170827542968,47.64946104282586],[-3.477053351157625,47.64959400705657],[-3.477070813761543,47.64973753762811],[-3.477185750644968,47.64980340290864],[-3.477443801983096,47.64961747246774],[-3.477329422148294,47.6498857343471],[-3.47755947517299,47.64990907886921]],[[-3.475379710016935,47.64891027953281],[-3.475284599348935,47.648897499242736],[-3.475340065733378,47.64880410596594],[-3.475379710016935,47.64891027953281]]]},"properties":{}},{"type":"Feature","geometry":{"type":"Polygon","coordinates":[[[-3.463929232311802,47.64849803754769],[-3.463731805507901,47.64819289175766],[-3.463550305240511,47.64823907847914],[-3.463513539861138,47.648376584200754],[-3.463375339159612,47.648339089686345],[-3.463302220478096,47.64839733005633],[-3.463106768653127,47.64821851027007],[-3.462989467246157,47.648243074971205],[-3.463005335295885,47.64804350970731],[-3.462858216334962,47.648042633668396],[-3.462828190857683,47.64812557850733],[-3.462659965523512,47.648171027971244],[-3.462590945528681,47.64782263835085],[-3.462397676004463,47.64766175893523],[-3.462304331100623,47.64788368069262],[-3.462308015127733,47.64769382210927],[-3.462205078761508,47.647726621019665],[-3.461936513982331,47.64760603887523],[-3.461952637047701,47.64784898654285],[-3.461919972151752,47.64757986221395],[-3.46181942304436,47.647522216895915],[-3.461781564895705,47.64765075131164],[-3.461585032135722,47.647462958096895],[-3.461702542372231,47.647330009271364],[-3.461428116145314,47.64738134291635],[-3.461375436039813,47.64716751471202],[-3.46114561294853,47.64703575275604],[-3.461079903170567,47.6472651730554],[-3.460904270042036,47.64713943873115],[-3.460952842197327,47.64702396779729],[-3.461055952371352,47.64706781497982],[-3.461094900526889,47.64694825158254],[-3.460957375587763,47.64701319050875],[-3.461028735769117,47.64684354440879],[-3.460840705978811,47.64683590201352],[-3.460826130498394,47.64693605238865],[-3.460696644254735,47.646970321277344],[-3.460679650547854,47.6466100169348],[-3.460947330259331,47.6466132456424],[-3.461024592406543,47.646699275555775],[-3.461242438102713,47.646732358733814],[-3.461443953153112,47.646630879201716],[-3.461479213239034,47.646701174322274],[-3.461283141497469,47.6468475080176],[-3.461355839059717,47.64700603996612],[-3.461448765551272,47.64700088996796],[-3.461525608556274,47.647303690601575],[-3.461662926478056,47.647223830978454],[-3.461902760499905,47.64732794369467],[-3.461976968071126,47.64727867498055],[-3.462134973455143,47.647369260239174],[-3.46217547032433,47.64759279469017],[-3.462303659562913,47.64765793887846],[-3.462378075749347,47.64750028440241],[-3.462440977231867,47.64757807835578],[-3.462567197032718,47.647516895127204],[-3.46268714019776,47.64784439978297],[-3.462611843548413,47.64788469812973],[-3.462756368609136,47.64808440385911],[-3.462836021382571,47.648079988627316],[-3.462832962022643,47.647944690732984],[-3.463018817972054,47.6479343883184],[-3.463177502302911,47.64825071390319],[-3.463345520883849,47.64831364917381],[-3.463505916110266,47.64831378864732],[-3.463511774097805,47.64814187165736],[-3.463746375877856,47.64809274108578],[-3.463918545921388,47.648299944184515],[-3.464031490251391,47.64823949539595],[-3.463929232311802,47.64849803754769]]]},"properties":{}},{"type":"Feature","geometry":{"type":"MultiPolygon","coordinates":[[[[-3.510037228756629,47.64290697975655],[-3.509873559317066,47.64287999299727],[-3.509874768145378,47.64278057753513],[-3.50981991486485,47.64274778575435],[-3.509992035941701,47.642755965703174],[-3.510037228756629,47.64290697975655]]],[[[-3.509816032263515,47.642745464698095],[-3.509543156159402,47.64258233591371],[-3.509324051464992,47.642636955711275],[-3.509550945959947,47.642536742779576],[-3.509429404550621,47.642417086740565],[-3.509647262733403,47.64245007974368],[-3.509703402632394,47.642548337694436],[-3.509586379328129,47.64249863765734],[-3.509773079527464,47.64271400296125],[-3.509766279564703,47.6426583865613],[-3.509816032263515,47.642745464698095]]],[[[-3.509310899073793,47.64264276472818],[-3.509379261876991,47.64277212017074],[-3.509251026929814,47.64270702747148],[-3.509050714296311,47.64281756003225],[-3.509171499496816,47.64260308849713],[-3.508867420578253,47.6425207189124],[-3.508595257639316,47.64259010424154],[-3.508596468842496,47.64249068877766],[-3.508695962396878,47.642539323587705],[-3.508605356006004,47.642454066103625],[-3.508891888259391,47.64239291003276],[-3.509044589300323,47.642330194221024],[-3.509052578375181,47.6422650700403],[-3.509103166106352,47.6423720816706],[-3.508992478533222,47.64245051498921],[-3.509171612962869,47.64249470263439],[-3.509165032987199,47.642440880271856],[-3.509364134202822,47.642429762973585],[-3.509362924431161,47.642529178448555],[-3.509236883435829,47.64248202650934],[-3.50931531412601,47.64257699505387],[-3.509199143081417,47.64261057660179],[-3.509246640207041,47.64267114590361],[-3.509310899073793,47.64264276472818]]],[[[-3.509053407784665,47.6422583089712],[-3.509057976387693,47.642221067213946],[-3.509203983368865,47.64221291469456],[-3.509063686956344,47.642049147423606],[-3.508957500375653,47.6420550764197],[-3.508960676340021,47.64219037349823],[-3.508793834094926,47.642028088135994],[-3.509099120348699,47.64201104243947],[-3.509237223433437,47.64215686888212],[-3.509239530096981,47.64206642378418],[-3.509335733395908,47.642088146875736],[-3.509172180286218,47.64195277322904],[-3.509043833836463,47.64199606617159],[-3.509027384398068,47.64186151020892],[-3.509500496846087,47.642124104791755],[-3.50932113706564,47.64229668940873],[-3.509053407784665,47.6422583089712]]]]},"properties":{}},{"type":"Feature","geometry":{"type":"MultiPolygon","coordinates":[[[[-3.460677502068219,47.64714297386347],[-3.460636255456401,47.6470233389733],[-3.46076063127972,47.64705708698232],[-3.460677502068219,47.64714297386347]]],[[[-3.460627622468031,47.64699829910976],[-3.460595009029535,47.64690370406109],[-3.460357356557652,47.64681753029759],[-3.460436582704517,47.64702988779431],[-3.460338425995172,47.64688179729481],[-3.460082056358758,47.6467515044109],[-3.460037214952242,47.64649208579937],[-3.459663549067343,47.64638635361436],[-3.459721430955612,47.64620252372394],[-3.459604132422021,47.646227085052566],[-3.459606523388337,47.64613664114392],[-3.459448311475364,47.646154438000835],[-3.459339060842438,47.646025023770356],[-3.459213929208167,47.646095174403435],[-3.459293364519067,47.6461991471716],[-3.459141897387778,47.64616238308184],[-3.459031559174513,47.6460239977195],[-3.458799138687083,47.646091060573845],[-3.458942771821741,47.64617341477528],[-3.458846581692152,47.64615165024181],[-3.458857464495828,47.64624135870975],[-3.458704909289249,47.6461956232076],[-3.458686408996633,47.64604311878122],[-3.458491420233909,47.646198418690574],[-3.458553226283575,47.64626724393961],[-3.458479016957792,47.64631651050538],[-3.458347571021166,47.64622444952203],[-3.458351269012042,47.646034590899454],[-3.458203067498595,47.64602473814649],[-3.458096650160688,47.646139006496725],[-3.457780660926362,47.64595782472443],[-3.457804816923348,47.64604679799576],[-3.457579141451212,47.64605929797441],[-3.457505149933753,47.646000178335235],[-3.457702098984877,47.6459712073737],[-3.457358474129038,47.64578252416939],[-3.457232252458649,47.64584370182683],[-3.457190901405568,47.64605370787268],[-3.456944115462484,47.64611253140854],[-3.456941071154569,47.645977233221586],[-3.456755220849105,47.64598752597987],[-3.456697989150022,47.64584619764331],[-3.456530853664947,47.645900609205626],[-3.456560447006561,47.64603443708308],[-3.456396574387731,47.64611576105366],[-3.456324759807461,47.646074582409305],[-3.456416817922838,47.645952079947286],[-3.456261869014265,47.64599678510284],[-3.456227704100669,47.645935459254744],[-3.456167855945801,47.64599296010602],[-3.456128252057448,47.645886779862984],[-3.456082766682554,47.645952516429304],[-3.455980051365057,47.64587692428974],[-3.455925641924199,47.645979279391845],[-3.455750890944902,47.64597089370986],[-3.455738925668518,47.645872214062756],[-3.455559824188769,47.645827944584795],[-3.455644047320409,47.645751032164526],[-3.455540022891076,47.64577485435807],[-3.455541333012254,47.64567543963139],[-3.455424676122209,47.645925738853705],[-3.455381810694743,47.645792645712305],[-3.455466034027249,47.64571573341894],[-3.455343296199267,47.64569543607359],[-3.455284535032144,47.64576190736113],[-3.455336992944711,47.64553322516792],[-3.455220781521335,47.64556675298729],[-3.455068454725997,47.645412627100946],[-3.454959856671628,47.64550895086036],[-3.454777494316143,47.64543776751529],[-3.454622736000025,47.645924983821345],[-3.454503485156164,47.645823212662236],[-3.454605335025857,47.64578144961565],[-3.45446039750749,47.64579850477918],[-3.454424059738067,47.64571923661765],[-3.454377484886832,47.64577600163593],[-3.45411809799542,47.645510397305635],[-3.454043885627482,47.64555966107406],[-3.453996448602142,47.64549906943753],[-3.453978372714839,47.64568069195238],[-3.45384888512025,47.64571495327508],[-3.453648264091106,47.645382877317004],[-3.453464589937274,47.645411106642534],[-3.453407367571778,47.645269776651915],[-3.45312642016213,47.64526726544469],[-3.453150162564797,47.645022111908915],[-3.453018273956092,47.64514681615003],[-3.453154917307895,47.645392123324804],[-3.452998020301734,47.6453104967361],[-3.45298343051855,47.64541064621206],[-3.452948410148339,47.64523196285471],[-3.452857660423565,47.645255047911675],[-3.452791513928987,47.64515033598191],[-3.452860518478391,47.644947832817394],[-3.452686858577017,47.64494841345693],[-3.452729085606768,47.64485576544825],[-3.452331470807232,47.6451035488508],[-3.452300743664059,47.64551164797569],[-3.451982144342565,47.64552927987501],[-3.451868334872324,47.64547236057666],[-3.451928187076298,47.645414861912045],[-3.45183200117554,47.64539309159563],[-3.451820273237939,47.64518602589095],[-3.451657713344831,47.64516792854021],[-3.45165468249451,47.645032630149245],[-3.451518672833743,47.64501306338589],[-3.451429471381106,47.64482834697026],[-3.451236015208211,47.64477583449934],[-3.451066079659853,47.644586554190155],[-3.450920057341523,47.64459463404612],[-3.450759905441941,47.64448609163261],[-3.450143833406758,47.644475022629805],[-3.450107502950793,47.64439575307139],[-3.44999563774091,47.644465159459195],[-3.450022806759542,47.64468943287568],[-3.450107269513234,47.6445041387393],[-3.450070238553056,47.64475002615089],[-3.449944010969728,47.64481119596802],[-3.44988920593852,47.64457942042683],[-3.449866769421158,47.644725158644285],[-3.449752729763508,47.64477662291357],[-3.449673080839559,47.64478102923466],[-3.449651346744958,47.644601610447566],[-3.449359301553309,47.64461776644081],[-3.449395396164168,47.644805421872164],[-3.449312252168627,47.64489130076775],[-3.449290284143971,47.64482026757226],[-3.449134245932588,47.644855992360206],[-3.449112893855734,47.64501070135467],[-3.449046755012509,47.64490598729182],[-3.448852592939029,47.64517862777837],[-3.448685073984237,47.644898900300014],[-3.448352115764154,47.644908285628894],[-3.447350828720289,47.64502687963591],[-3.446963443692898,47.64513861213525],[-3.446864001586889,47.645089924838565],[-3.44687051904799,47.645143750618686],[-3.446358226494102,47.64521723279787],[-3.445508141724048,47.64548097727698],[-3.445401941286887,47.6454868484997],[-3.445365617186321,47.64540757750881],[-3.445897946447168,47.64527880595522],[-3.445430906358296,47.645394937051016],[-3.445515986658348,47.645435388495855],[-3.446861829102778,47.645071982911425],[-3.449006079504136,47.64479083363054],[-3.449134716762541,47.644639221061915],[-3.449031162843922,47.644446266154524],[-3.449122999457151,47.644432155005354],[-3.449195657601606,47.64459069471682],[-3.449321885521186,47.644529525701124],[-3.449279271556041,47.64428804455227],[-3.449483825414481,47.64432188403035],[-3.449417217020383,47.64443394148693],[-3.449489024061961,47.644475124411656],[-3.449554780236287,47.64424571029938],[-3.449796984755043,47.644259404232024],[-3.449736897361181,47.64442528751113],[-3.449833080662676,47.64444705956316],[-3.450035075946179,47.644128828228084],[-3.450099042227881,47.64421559989895],[-3.450193284991806,47.64411104409799],[-3.45059478481283,47.64411592296914],[-3.450556902044196,47.64424445397503],[-3.450693141640263,47.64415563618312],[-3.450865480190721,47.644254473259274],[-3.45077015160634,47.644350058663974],[-3.4508473940685,47.64443609540732],[-3.451163813334809,47.64440052473865],[-3.451321791839125,47.644491124753785],[-3.451278475680303,47.64457480134657],[-3.451338327513136,47.64451730295724],[-3.451362472116275,47.64460627762685],[-3.451518508105634,47.644570549858635],[-3.451441889912211,47.64471025581267],[-3.451580303276039,47.64463937885404],[-3.451632084937903,47.64473585518228],[-3.451676487715526,47.644661149386195],[-3.451801395897975,47.644699392433054],[-3.451842934528726,47.644931901692345],[-3.451910625535796,47.64482881379985],[-3.452110834656271,47.64482676499843],[-3.452363284639322,47.64470442054531],[-3.452493400731479,47.6448959030711],[-3.4524707985682,47.644599128245225],[-3.45253934662652,47.64461339655118],[-3.452602687102666,47.64447442458652],[-3.452724333864172,47.64448575391174],[-3.452853591338367,47.64455987948347],[-3.452902341240446,47.6445210568568],[-3.452925401201424,47.644601060293645],[-3.453012887987531,47.64455106244992],[-3.453420461962126,47.6448265283793],[-3.453418060569602,47.6449169722228],[-3.453579532926914,47.64492609622507],[-3.453762301287204,47.64533140926204],[-3.453813451976346,47.64520214243797],[-3.454150123935589,47.64500288295678],[-3.454201910596349,47.64509935812787],[-3.45431594665254,47.64504788952497],[-3.454331171609395,47.64517348204136],[-3.454457395020382,47.64511230749645],[-3.454569894568182,47.64526863902569],[-3.454929627325087,47.64514938039028],[-3.45496314979313,47.64498496447321],[-3.455321569250486,47.64496511937565],[-3.455623403946456,47.64502968642601],[-3.455685848449652,47.645324255386406],[-3.455886925345721,47.645439556621675],[-3.45595896028997,47.64537234992457],[-3.456138060571685,47.64541661880124],[-3.456116304480817,47.64523720127666],[-3.456313251469905,47.64520823264452],[-3.456616176626582,47.645281767996906],[-3.45656263656176,47.64550147992299],[-3.456600505756675,47.64537294705443],[-3.45675632054411,47.645445597933325],[-3.456787441867751,47.645371625408835],[-3.456863607579411,47.645448687259524],[-3.456897992561436,47.645401627312935],[-3.457135633140535,47.64548780817569],[-3.457219415471995,47.645627665848615],[-3.457146732076747,47.645469131213],[-3.457317129601504,47.645441631351616],[-3.45733062325239,47.64533251047134],[-3.457534098177548,47.64535736497276],[-3.45750602359879,47.645566635907464],[-3.457679903520659,47.64545766248314],[-3.457893172027196,47.645563254104935],[-3.45794170164994,47.64563281501534],[-3.457863140227349,47.64564619777514],[-3.458072057289313,47.64571590562734],[-3.457901659277777,47.64574340658572],[-3.458111447732934,47.64593047082382],[-3.458412419637837,47.645877674182785],[-3.458329721970203,47.645746788237275],[-3.458698811750225,47.645925026927564],[-3.458716655697246,47.6458517893143],[-3.459140366023214,47.64581928459692],[-3.459312066735073,47.64569236706525],[-3.459641334553367,47.645872809207575],[-3.459717058456142,47.645615741503946],[-3.459963177437597,47.64533116999515],[-3.460362297683758,47.64542645925365],[-3.460376448456016,47.64554308012146],[-3.460032625672656,47.646013689281396],[-3.459929691148974,47.64604648621608],[-3.459715328260923,47.645931927497955],[-3.459667670439757,47.6459797237787],[-3.459908583432466,47.646092811495066],[-3.459964735431288,47.64622516740456],[-3.459891615923987,47.646283405704565],[-3.460018497434794,47.64644796718464],[-3.460090528536588,47.64638075797584],[-3.460075738573917,47.6465892938504],[-3.460190434728978,47.64676356151309],[-3.460314265395591,47.646792824586],[-3.460310123968668,47.646648555703855],[-3.460428299174849,47.646741350063316],[-3.460566705869858,47.64667046253494],[-3.46068488157076,47.64676325663386],[-3.460627622468031,47.64699829910976]],[[-3.448919439301541,47.6449581850533],[-3.448867662328349,47.64486170753415],[-3.448823255451532,47.644936412254985],[-3.448919439301541,47.6449581850533]],[[-3.450717052805644,47.64435299668042],[-3.450799106814392,47.64425814583037],[-3.450688561918975,47.64422813813825],[-3.450717052805644,47.64435299668042]],[[-3.452296395006905,47.64547576433136],[-3.452319283101492,47.64511325444696],[-3.45210253667179,47.6450891255204],[-3.452280774675473,47.64501604376447],[-3.452289929914198,47.64487103978597],[-3.452177208649583,47.64482309168327],[-3.451963265404975,47.64504264653021],[-3.452089261806649,47.645089860177876],[-3.451973049308339,47.6451233847749],[-3.451944953043524,47.64533265439843],[-3.45218607596677,47.645337372455934],[-3.452296395006905,47.64547576433136]],[[-3.454070886320979,47.64534142007536],[-3.454137711329834,47.64512097438415],[-3.454027162769596,47.64509096986414],[-3.453984712242214,47.6452920039616],[-3.454070886320979,47.64534142007536]],[[-3.454983367221418,47.6453721826114],[-3.454912866013598,47.64523158833994],[-3.454872817665253,47.645342178895405],[-3.454983367221418,47.6453721826114]],[[-3.455867768146203,47.645612208557274],[-3.455823814108794,47.64547014467833],[-3.455744164651221,47.64547455513624],[-3.455867768146203,47.645612208557274]],[[-3.456769375523224,47.6455532483674],[-3.456782870322468,47.645444127556715],[-3.456645549677344,47.6455239815189],[-3.456769375523224,47.6455532483674]]]]},"properties":{}},{"type":"Feature","geometry":{"type":"Polygon","coordinates":[[[-3.446235493277951,47.64519692588046],[-3.446842036739509,47.645018891190155],[-3.44868422376988,47.64478154370925],[-3.448658856004163,47.644241083938844],[-3.448423881351268,47.64395605631497],[-3.44815753956257,47.64385338417635],[-3.447526028097801,47.6438250936621],[-3.448056774745596,47.6439041126025],[-3.448256743350423,47.64401045609551],[-3.448468190636528,47.64443225106636],[-3.448443103668104,47.64477681842402],[-3.448147797795176,47.644766058536874],[-3.44824506753097,47.64479680284519],[-3.446838778029305,47.644991978297774],[-3.446235493277951,47.64519692588046]]]},"properties":{}},{"type":"Feature","geometry":{"type":"Polygon","coordinates":[[[-3.445410773062251,47.644014304414156],[-3.445135992889604,47.64373147183357],[-3.445362147574096,47.64350222446102],[-3.445655516352574,47.64338666371548],[-3.446042649712115,47.64338332117339],[-3.446551790170135,47.64372544121325],[-3.446838160203738,47.64377282308081],[-3.446291366085329,47.643450848252265],[-3.446252869840011,47.64335363549936],[-3.445706684815168,47.64325740031007],[-3.445323896133217,47.64329662568446],[-3.444823319524911,47.64357716775639],[-3.445410773062251,47.644014304414156]]]},"properties":{}},{"type":"Feature","geometry":{"type":"Polygon","coordinates":[[[-3.448202183774386,47.643670293961435],[-3.448166094127358,47.64348263805068],[-3.447639564306547,47.642996989551456],[-3.447334252873469,47.64301387464795],[-3.446373426573235,47.64335600046579],[-3.446398648503388,47.64345394719042],[-3.446848176174703,47.643745176109846],[-3.446932408574775,47.643668269885964],[-3.446743305801713,47.64365163382365],[-3.446990331371483,47.64348444604427],[-3.446985746676955,47.64355694787951],[-3.447279959343076,47.64355873974357],[-3.44712911527447,47.643747702414565],[-3.448202183774386,47.643670293961435]],[[-3.447380724246345,47.64350801197821],[-3.447196445656062,47.64331048907108],[-3.447265229853964,47.64321637475218],[-3.447366841414309,47.643283003689504],[-3.447254974972532,47.64335240749356],[-3.447395562965189,47.64329947737868],[-3.447456265038784,47.643359337633925],[-3.447448422067293,47.643404926594556],[-3.447362257248633,47.64335550554711],[-3.447380724246345,47.64350801197821]]]},"properties":{}},{"type":"Feature","geometry":{"type":"Polygon","coordinates":[[[-3.423925640057443,47.64503756483708],[-3.424200662398482,47.64476954803798],[-3.424222372618781,47.64450645798005],[-3.424433406176014,47.644594168363376],[-3.424519837166029,47.64453522068248],[-3.42452957945298,47.644615961241534],[-3.424705688615718,47.64452497918861],[-3.424978768422334,47.644573146154734],[-3.424999107740607,47.64440947037285],[-3.424820321484462,47.644256768127626],[-3.424884816249776,47.64412678234393],[-3.424804083732033,47.64412220054208],[-3.424747223604463,47.64387247078915],[-3.424845275996321,47.64402059140315],[-3.425055226099889,47.64409932951311],[-3.425230534041399,47.64389098983285],[-3.425178002433292,47.64367714494329],[-3.425075849280334,47.64382726803306],[-3.425072885903141,47.64369196886587],[-3.424937971941496,47.64368134232212],[-3.424858607324468,47.64357734607217],[-3.424650539377162,47.64362493560261],[-3.424452784154788,47.64353649405047],[-3.42439182202234,47.643585007515085],[-3.424414327632985,47.643439274110435],[-3.424145869856028,47.643318604854684],[-3.423940762763123,47.6435014923412],[-3.423832399219941,47.643489401598174],[-3.423669279733856,47.64368803661118],[-3.423727790980399,47.643729966808934],[-3.423616975169606,47.643808319146586],[-3.423698502358326,47.64393025859527],[-3.423777069815467,47.64391689879512],[-3.423661350109963,47.64417613769698],[-3.423578453004509,47.64415361268207],[-3.423510708124793,47.644256684190715],[-3.423567850218249,47.644398028886805],[-3.423713876131415,47.64438998321283],[-3.423670516765597,47.644473649570244],[-3.423756948403149,47.644414702449964],[-3.423641514714924,47.64456555566537],[-3.42377397902868,47.64466662694088],[-3.423717852626107,47.64497676709363],[-3.423766337160671,47.64504634221267],[-3.423780981678175,47.64494619637269],[-3.423925640057443,47.64503756483708]],[[-3.424302023230346,47.64450206900731],[-3.424231318019273,47.644469841783014],[-3.424312336844742,47.644366038367544],[-3.424302023230346,47.64450206900731]],[[-3.423928219584989,47.644062094401164],[-3.423832334355401,47.643931915386204],[-3.423950726662944,47.643916361121995],[-3.423928219584989,47.644062094401164]]]},"properties":{}},{"type":"Feature","geometry":{"type":"Polygon","coordinates":[[[-3.503944851688904,47.639200889133974],[-3.504004640738418,47.63914336361931],[-3.503882023789771,47.63901473114084],[-3.503883367890065,47.63880692947648],[-3.504069060246054,47.63890494778837],[-3.503974932249111,47.63900954730251],[-3.504168542989462,47.638953586544126],[-3.504246959474767,47.639048558664705],[-3.504243795647537,47.638913261237555],[-3.504481360764374,47.63910773213899],[-3.504638440911723,47.63908090379316],[-3.504561242320595,47.638886516328945],[-3.504713938417693,47.638823806062945],[-3.504512903914769,47.63860020240073],[-3.50461811100202,47.6384769208946],[-3.504437774973132,47.6385321418062],[-3.504601182850365,47.6387759083939],[-3.504501577101581,47.638835656072125],[-3.504408792127113,47.63873245426005],[-3.504350099750742,47.63879895044987],[-3.504503645771055,47.63896198304391],[-3.504442761665184,47.63901053836518],[-3.504140053614011,47.63872035464366],[-3.503948759173875,47.638685870209564],[-3.503915515717447,47.63874191461836],[-3.50371983866703,47.638671547967185],[-3.503643490297103,47.63870290247823],[-3.503793746826855,47.63883902462603],[-3.503733957890976,47.638896550041835],[-3.503537184871705,47.63881721262868],[-3.503475204420035,47.638856796985955],[-3.503356971841721,47.63876404579524],[-3.503357942186573,47.63888140232703],[-3.50308835922051,47.63864355768636],[-3.503009693448589,47.638765356919166],[-3.502871616157225,47.63861952285929],[-3.502444957568466,47.6384085026818],[-3.502354240874797,47.638431626258125],[-3.502382722291649,47.63866485862892],[-3.502388453983393,47.638492938848046],[-3.502780899289721,47.63864264676439],[-3.503190876115494,47.638935880818096],[-3.503156536126757,47.63898295453758],[-3.502834832396256,47.63886542769021],[-3.503022714145176,47.63898138860106],[-3.503388744677666,47.63902418927368],[-3.503479336911338,47.639109450954756],[-3.503570303938637,47.63886955439689],[-3.503661867216536,47.63907217246168],[-3.503749172916932,47.63913052254868],[-3.503729326168854,47.63907744031333],[-3.503824426141382,47.63909019751594],[-3.503944851688904,47.639200889133974]]]},"properties":{}},{"type":"Feature","geometry":{"type":"Polygon","coordinates":[[[-3.499972451133125,47.63895282005637],[-3.500311232913999,47.6386629818818],[-3.500435066768009,47.63869220255635],[-3.500682996277995,47.63853387136288],[-3.500641119072029,47.63840976482766],[-3.500786986425501,47.638510008894585],[-3.500877703931458,47.638486886536136],[-3.500682162520103,47.63830812869831],[-3.500467480997028,47.638410416482365],[-3.500418640053195,47.63855764515168],[-3.500015119538963,47.63842661039526],[-3.499993218791694,47.63824720041629],[-3.500255251948775,47.63831387268676],[-3.500276453085746,47.63815915384076],[-3.500450221514447,47.63805011636615],[-3.500233745265863,47.637809304409544],[-3.500322271661378,47.63776824147516],[-3.500271503819798,47.637680756893445],[-3.500520393198926,47.63763978259484],[-3.500415440773475,47.63754628820638],[-3.500498491075979,47.63746037263741],[-3.500138212393574,47.63724564309349],[-3.500243995627997,47.637564880526675],[-3.500135626902868,47.63755286051833],[-3.500059146065966,47.63769259883475],[-3.500242637388419,47.6377726822828],[-3.499854585590019,47.63765884778723],[-3.500283286585331,47.63799620461612],[-3.50011087675747,47.63789744012675],[-3.500214470979835,47.6381987364817],[-3.500100493842701,47.63825025005398],[-3.499944641081342,47.638177656713886],[-3.499986516485536,47.63830176351369],[-3.499880204026376,47.638416070360314],[-3.499964219418259,47.63844751179684],[-3.499801266292499,47.638754639592314],[-3.499819881546789,47.63890713806621],[-3.499972451133125,47.63895282005637]],[[-3.500207242255696,47.63868684392476],[-3.500113238929308,47.63868305427149],[-3.500115560905512,47.63859260919114],[-3.500207242255696,47.63868684392476]]]},"properties":{}},{"type":"Feature","geometry":{"type":"Polygon","coordinates":[[[-3.500251618572662,47.63675161428635],[-3.500228491063591,47.636671619877895],[-3.50044851026087,47.6367225711398],[-3.500265285321314,47.63642571558807],[-3.499809920656528,47.6361982247979],[-3.499615353272258,47.6361368216906],[-3.499555562859951,47.63619434504861],[-3.499392052620243,47.63605895729859],[-3.499121139023057,47.636028905090065],[-3.498648131679314,47.63576626765048],[-3.498414846249516,47.635716052896704],[-3.498382693544079,47.63578106634303],[-3.498047747740662,47.635664266038134],[-3.497554909690315,47.63534854081636],[-3.497857426384138,47.63574712834208],[-3.497769174660139,47.635571416978124],[-3.498741860499559,47.63598683094188],[-3.49862692677249,47.63592098639278],[-3.498687812644805,47.63587243402466],[-3.498968444351186,47.63609160813709],[-3.498988419386309,47.63603630504809],[-3.499495772318758,47.636251868374295],[-3.499722491418007,47.63624825788879],[-3.499879433217988,47.63632982210729],[-3.499854946733934,47.6364576295009],[-3.500052800588116,47.636545943719646],[-3.500117802271362,47.636750045020655],[-3.500251618572662,47.63675161428635]]]},"properties":{}},{"type":"Feature","geometry":{"type":"Polygon","coordinates":[[[-3.497638371394213,47.63581352894029],[-3.497399613973956,47.63571845949439],[-3.497338390466203,47.63562553571328],[-3.497510167487513,47.63574842312084],[-3.497279485062845,47.635390988437734],[-3.497333324446063,47.63561784659596],[-3.4972848200718,47.635544227374815],[-3.497206283374477,47.63555763665528],[-3.497277158419799,47.63548143361167],[-3.497049347930474,47.63547606881316],[-3.496531207469289,47.63506240304973],[-3.496546807092866,47.63497121816047],[-3.496112542507902,47.634697380622164],[-3.495809341875734,47.634840719845414],[-3.495789785869411,47.63457086356239],[-3.49550917521252,47.63435168164203],[-3.494713164481042,47.63417928192404],[-3.494789654279983,47.63403954685343],[-3.49462725677401,47.633913122852185],[-3.494675966559007,47.633874282587634],[-3.494366489763802,47.63374702204175],[-3.494235156674389,47.63354661448903],[-3.493343563299162,47.63291892424359],[-3.493233017985607,47.63288895663039],[-3.493290332526343,47.63303026800721],[-3.493166661667741,47.63289265328966],[-3.492710116834967,47.63276455021921],[-3.492488081348304,47.63258725668782],[-3.492212814823692,47.63252130602009],[-3.492234834906886,47.63259233158834],[-3.492140842880776,47.63258853550849],[-3.491855734841436,47.632441848600834],[-3.491869653823413,47.632775239227946],[-3.491802204007677,47.632769964511404],[-3.491759258439257,47.63263688382074],[-3.491653088664382,47.63264279711883],[-3.491788136703647,47.63254496028362],[-3.491709900846698,47.63234159306867],[-3.491866967498888,47.63231478180036],[-3.492059176682014,47.6324666431442],[-3.492109128697804,47.63232838810699],[-3.492300244996508,47.632471278452975],[-3.493470806826554,47.63286667775934],[-3.493996703982097,47.63323476524991],[-3.494099304747158,47.63341871082005],[-3.494576645020221,47.633717249281275],[-3.494608801118475,47.6336522368131],[-3.494812106244147,47.63378541288895],[-3.494941538583757,47.63375110596399],[-3.494965751001364,47.63384007210687],[-3.495138280147164,47.63383045806205],[-3.49499776446908,47.63388344587302],[-3.495052896516701,47.63400681518049],[-3.494911286195916,47.63405083231737],[-3.494987490788475,47.634127869760974],[-3.495165633439164,47.63405472218268],[-3.49533692753541,47.63414452360414],[-3.495453088872972,47.634110955692194],[-3.49579649199742,47.634516300600374],[-3.495797726857417,47.63441688485419],[-3.496012261094564,47.63442299174787],[-3.495883641212259,47.63468304299594],[-3.495953282412249,47.63470625645832],[-3.495994331939254,47.63460462178106],[-3.496290685517548,47.634624231349804],[-3.496740133580953,47.63513204213976],[-3.496721528443111,47.634979542876984],[-3.496897205917843,47.635105224146805],[-3.496938933532699,47.635337718494426],[-3.497064946789716,47.635384883874245],[-3.496939071825046,47.63522933223636],[-3.49717016474227,47.635261608870216],[-3.497593219669166,47.63566250953718],[-3.497729222369723,47.635682022760804],[-3.497776700311881,47.63574259694241],[-3.497681607750195,47.63572983479493],[-3.497638371394213,47.63581352894029]]]},"properties":{}},{"type":"Feature","geometry":{"type":"Polygon","coordinates":[[[-3.483289890902829,47.63385789999413],[-3.483631080617876,47.63347766444597],[-3.483581436392871,47.633399143094394],[-3.483744466498373,47.63309203707661],[-3.483919344423771,47.632991994581744],[-3.48391186360304,47.63282081348385],[-3.484145615526745,47.632545898115175],[-3.484219617896897,47.632605001294095],[-3.484495202085323,47.63245419800457],[-3.484788099457027,47.63255531115814],[-3.485020428335301,47.63248819614205],[-3.485118789340608,47.63252788061275],[-3.485138939639109,47.6323641933872],[-3.485345655417846,47.632415911620264],[-3.485362365830359,47.632333698764704],[-3.485573290302044,47.63252968565065],[-3.485660726711478,47.632479663053175],[-3.485786723253292,47.632526840667595],[-3.485779236508757,47.632355659648184],[-3.486050284342022,47.63227735644315],[-3.486165034543477,47.63245159989461],[-3.486144115181226,47.63238954383361],[-3.486261371084975,47.63236495568769],[-3.486689010052345,47.63258500627291],[-3.486495723076791,47.63242416544989],[-3.486687142897347,47.632350292165405],[-3.486687302,47.632241905752934],[-3.486790034559742,47.632317471428074],[-3.486761465715011,47.632192620915646],[-3.486625475916751,47.632173094888785],[-3.486473096672548,47.63201900888461],[-3.486543504161791,47.63226797148273],[-3.486240771663208,47.63208612680606],[-3.486222970086584,47.632159369141135],[-3.486043889350454,47.6321151460771],[-3.486038266118058,47.63217867920494],[-3.485842475885292,47.632216668793305],[-3.485671203951473,47.632126853361356],[-3.485555971863875,47.63227776865872],[-3.485286339639527,47.632148268555795],[-3.485101635370573,47.632167577138745],[-3.485058219764197,47.632359653191145],[-3.484914583515804,47.63227733050599],[-3.484706613226128,47.632325027246985],[-3.484651506830396,47.63220165295053],[-3.484846042651545,47.63226308110328],[-3.485024517932778,47.63197317607553],[-3.484713819731577,47.6319453055975],[-3.484788751291498,47.63212176552825],[-3.484638398882518,47.63209400489283],[-3.484638235619661,47.632202391310756],[-3.484554239087739,47.63217093875194],[-3.484032891683521,47.63249798044134],[-3.483802415989588,47.632799807620486],[-3.48366314919616,47.63275336612176],[-3.483508261434956,47.632798107711686],[-3.483630218759281,47.63259263215763],[-3.483621481430666,47.632520866724775],[-3.483490952656256,47.632546190448636],[-3.483382100451087,47.63285931402578],[-3.483453586779173,47.63311724905676],[-3.48315204647892,47.633603655931054],[-3.483224957094092,47.633653789029296],[-3.483110973267632,47.63370528614704],[-3.483289890902829,47.63385789999413]]]},"properties":{}},{"type":"Feature","geometry":{"type":"Polygon","coordinates":[[[-3.491660594287772,47.632813977735914],[-3.491551591317517,47.6324678199319],[-3.491461973484059,47.63249990572673],[-3.491363757420971,47.632351840184086],[-3.491256494724789,47.63234878251493],[-3.491394823143745,47.632277857946754],[-3.491276775915196,47.6320767077882],[-3.491008224221549,47.63195619148952],[-3.491152662356191,47.632264250159054],[-3.490866314775102,47.63221697662709],[-3.490856173132938,47.63235301395017],[-3.490783257127213,47.632302885581296],[-3.490776546152448,47.632357448317876],[-3.490352323680496,47.63205593809694],[-3.490338900898294,47.63216506353257],[-3.490288154750048,47.632077574359606],[-3.490038190220127,47.632109556356134],[-3.489937639894445,47.632051934774395],[-3.489931080601678,47.63199811103902],[-3.490081435492948,47.632025864863635],[-3.490028503440049,47.6319204343283],[-3.489784158246906,47.63188888245661],[-3.489819293174846,47.6320675559909],[-3.489729674972111,47.63209964046342],[-3.489704378895146,47.63200170253066],[-3.489599303314906,47.632016584588875],[-3.489389612821394,47.63172118910389],[-3.489227081217046,47.63170314389674],[-3.489205065503076,47.63163211772895],[-3.489134184045059,47.63170831602664],[-3.489255655567141,47.63182799383771],[-3.489194765728891,47.63187654139125],[-3.489011311254053,47.63179644034795],[-3.489064241174742,47.63190187135093],[-3.488928560374934,47.63166557511242],[-3.488848934259869,47.63167000816775],[-3.488828640848263,47.63194208253],[-3.489015374732402,47.632049095747576],[-3.4886882789164,47.631886676368026],[-3.488587575225627,47.631937440055864],[-3.488524654069915,47.631859659550145],[-3.48838850882843,47.631948522009765],[-3.488473289289047,47.632205715303584],[-3.488616148205271,47.63206229013812],[-3.488782897942596,47.63222460514633],[-3.48886361793001,47.63222914276895],[-3.488832858218272,47.6320863514929],[-3.489336853222949,47.63227504748095],[-3.489088288731048,47.632099225226504],[-3.489104993279644,47.63201701182219],[-3.489282829284782,47.632160645993814],[-3.489417880448783,47.63206281187445],[-3.48951187135539,47.63206661014623],[-3.489485175714972,47.63217647439555],[-3.48977714064883,47.632160218008],[-3.489832258849469,47.63228358988893],[-3.490038037922431,47.63221794278047],[-3.490202605934417,47.63236231450907],[-3.490338749211086,47.632273449954205],[-3.490504562878157,47.63231840545714],[-3.490509087492157,47.63224590150288],[-3.490938929804015,47.63248387777368],[-3.490981080568686,47.63239121535287],[-3.490879435313866,47.632324623978796],[-3.49100886663869,47.63229032138521],[-3.491218868132032,47.63236894106],[-3.491166726907339,47.632489254495965],[-3.491551442092039,47.63257620633812],[-3.491532404878053,47.63274886525563],[-3.491660594287772,47.632813977735914]]]},"properties":{}},{"type":"Feature","geometry":{"type":"Polygon","coordinates":[[[-3.483752010081217,47.63249554285472],[-3.483633991174883,47.63229438499644],[-3.483383095335129,47.63220899565852],[-3.483641966891939,47.632140406935136],[-3.483895047232521,47.632243737076266],[-3.48422513569112,47.63188217911],[-3.484152390805197,47.631723660152105],[-3.484495745308249,47.63136136301869],[-3.484768974639508,47.631301004100074],[-3.485058589051955,47.631375204614145],[-3.48541362857692,47.631328355057],[-3.485497785804458,47.631251420545276],[-3.485440493804759,47.63111010521603],[-3.485582104132785,47.631066099493076],[-3.485508263880383,47.630898610644245],[-3.485416460181576,47.630912750488946],[-3.485432846723558,47.63104731053285],[-3.485312316075353,47.63104498585307],[-3.485321055435757,47.63111675121419],[-3.485207241154092,47.63105986396799],[-3.485203801840908,47.63114133843211],[-3.485118714258106,47.631100915590864],[-3.485024400413488,47.63131388672491],[-3.484565867443804,47.63105942390031],[-3.484514641278325,47.63129709159328],[-3.484267025456524,47.63123861614071],[-3.484199414182909,47.631341723495815],[-3.484121044693669,47.631246737543755],[-3.484034701069999,47.63130572970175],[-3.484039833169108,47.63156735601787],[-3.483946935731007,47.63157252402301],[-3.483919136685768,47.631673416347915],[-3.48374333598948,47.631656101787826],[-3.483795163186875,47.63175256450394],[-3.483610294398588,47.6318802571676],[-3.483303965867051,47.6318882656681],[-3.483194354210874,47.631975645653675],[-3.482620417409946,47.63198047459346],[-3.48262898596127,47.63216062653866],[-3.482759347123348,47.632243690185845],[-3.48292750513719,47.632198211411705],[-3.483752010081217,47.63249554285472]],[[-3.483834316940281,47.63218389541333],[-3.483772494602349,47.632115083037206],[-3.483885382195011,47.632054614552715],[-3.483834316940281,47.63218389541333]],[[-3.483424166876839,47.63210736526826],[-3.483412153546217,47.632008687751274],[-3.483587028544989,47.63190864569785],[-3.48374065640303,47.631963319731724],[-3.483785003610679,47.63188860124523],[-3.483797017603583,47.63198727872999],[-3.483424166876839,47.63210736526826]]]},"properties":{}},{"type":"Feature","geometry":{"type":"Polygon","coordinates":[[[-3.486118082712406,47.631298185862676],[-3.486257667789103,47.63112785152717],[-3.486004748650482,47.63091613995931],[-3.486126371590694,47.630927434588095],[-3.48615557898675,47.6306187393634],[-3.486389444086833,47.63100310887189],[-3.48665923235864,47.631024220024656],[-3.486638472178917,47.63085377751629],[-3.486739175678842,47.63080301548032],[-3.486574940494014,47.63044186573639],[-3.48646221891339,47.6303939503547],[-3.486540750711419,47.63038054826142],[-3.486472371381887,47.63025791327567],[-3.486281118689235,47.630223399763175],[-3.486368550657386,47.63017337657632],[-3.485999637914557,47.62988683729987],[-3.486127973932605,47.62984356940165],[-3.486048510695313,47.62973961400052],[-3.486181216467807,47.62973222871892],[-3.486061941638922,47.62963048892141],[-3.486025247071545,47.62976800304776],[-3.485924705488986,47.629710377942274],[-3.485863815036891,47.62975892381261],[-3.486235843814027,47.630180762069074],[-3.486349177968606,47.63056280789325],[-3.48645315899292,47.63053895808535],[-3.486468455428352,47.63066454734854],[-3.48630827305204,47.6305560528866],[-3.486223025525874,47.6306240173461],[-3.486196644025874,47.630517107914955],[-3.486153393884324,47.63060079803443],[-3.486055035661008,47.63056111439539],[-3.486078911153637,47.6308668555216],[-3.486009279257984,47.630843636126954],[-3.485801154634957,47.63099972133903],[-3.48568843257086,47.63095180522446],[-3.48575555750362,47.63117385643617],[-3.485718090728966,47.63108562674571],[-3.485598652449303,47.63109227302776],[-3.48582065883213,47.631269579790114],[-3.486118082712406,47.631298185862676]],[[-3.486461421135937,47.630935882872066],[-3.486267048244524,47.63076607087281],[-3.486330284467483,47.63062707963976],[-3.48652574967137,47.630805862206095],[-3.486461421135937,47.630935882872066]]]},"properties":{}},{"type":"Feature","geometry":{"type":"Polygon","coordinates":[[[-3.486448493907912,47.629952172133784],[-3.486192141863604,47.629821935399306],[-3.486211035246074,47.62975766364844],[-3.486333748154408,47.62977792873588],[-3.486166081128231,47.62949825279242],[-3.486366071666103,47.6296045318451],[-3.486232753745155,47.629277786953864],[-3.48646162926724,47.629292143529966],[-3.486369988321836,47.62919789755327],[-3.486309098859327,47.629246443668556],[-3.486291778013753,47.628994526358724],[-3.486099344316382,47.62883558786088],[-3.486185935099594,47.62878366149436],[-3.486508315067866,47.62912697865621],[-3.486624471037568,47.62909341943622],[-3.486682241318134,47.628909574553305],[-3.486499119759444,47.628612696217154],[-3.486307713082078,47.62868656933606],[-3.486179540114362,47.62862145084325],[-3.486056218548373,47.628267055023336],[-3.486519264347123,47.628449008422734],[-3.486453846076278,47.62857005857211],[-3.486598726579917,47.6285529635728],[-3.486755148837034,47.62895970556972],[-3.486759042472591,47.629320747999756],[-3.486560144806369,47.62922344027145],[-3.486514711112786,47.629289189247],[-3.486600889464776,47.629338581775414],[-3.486418380533707,47.629375833800445],[-3.486608378421175,47.629509763008805],[-3.486536403480218,47.629576989148646],[-3.486625860147855,47.629653293647486],[-3.486461150609,47.62961730324345],[-3.486455368570752,47.629789223028745],[-3.486299399191693,47.62982499772258],[-3.486451931244578,47.62987069758303],[-3.486448493907912,47.629952172133784]],[[-3.486305528007612,47.628668627992056],[-3.486392957406222,47.628618604746826],[-3.486365484013289,47.628502724571234],[-3.486241681502174,47.62847348883028],[-3.486305528007612,47.628668627992056]]]},"properties":{}},{"type":"Feature","geometry":{"type":"MultiPolygon","coordinates":[[[[-3.484608180980602,47.628663734146315],[-3.48443020553067,47.62862847921685],[-3.484445823945647,47.628537295641486],[-3.484256763106615,47.62852072016428],[-3.484233663134655,47.628440722250794],[-3.484392906483468,47.628431862363],[-3.484204174300257,47.62819851353488],[-3.484181238725187,47.62801012895202],[-3.484034339113297,47.627900892913466],[-3.484086327561513,47.62788896903503],[-3.484202318224852,47.627963798856456],[-3.484443639503105,47.62851935426127],[-3.484557610969852,47.62846785570536],[-3.484512502467326,47.62831683067564],[-3.484634119169251,47.628328126873235],[-3.484638651418804,47.62825562299724],[-3.485035178493535,47.62854966068885],[-3.484961018246157,47.6285989445228],[-3.484924646893724,47.62851968514598],[-3.484891389795273,47.628575724434604],[-3.484805377169326,47.62841794400178],[-3.48472903235717,47.62844928631769],[-3.48459867739675,47.62836622470594],[-3.484608180980602,47.628663734146315]]],[[[-3.484034339113297,47.627900892913466],[-3.484052905537239,47.62805339475234],[-3.483939868930121,47.62784025258547],[-3.483982350641857,47.6279128167687],[-3.484034339113297,47.627900892913466]]],[[[-3.483846725311005,47.62768115064721],[-3.483654533908414,47.62752463891083],[-3.483595828003164,47.627591125057315],[-3.483838563145022,47.62793887922703],[-3.483841509732712,47.628182564611606],[-3.483609363452535,47.62814129079465],[-3.483462630287507,47.627923667394775],[-3.483321026548867,47.627967670619675],[-3.483217215269713,47.627883131019715],[-3.483173962591069,47.62796682014967],[-3.48301925484653,47.627903174551506],[-3.483016737824528,47.62810200643477],[-3.482866397659629,47.62807424346105],[-3.482957697163456,47.628385265505116],[-3.482747723511455,47.628306630818074],[-3.482707411188756,47.62863400511241],[-3.482568323672001,47.628479175591174],[-3.482505080197957,47.62861816494158],[-3.482392366122015,47.62857024558757],[-3.482457290562958,47.62877435755097],[-3.482155683637136,47.62860147266836],[-3.482186423478526,47.62874426595894],[-3.48201500025946,47.6287628316124],[-3.481939913853208,47.62869475620697],[-3.481743041711451,47.628723768280146],[-3.48159614512531,47.628614529215504],[-3.481506358165988,47.6287549940428],[-3.481287651647883,47.62860459100937],[-3.481311668966342,47.6288019468207],[-3.481142598953272,47.62873006602792],[-3.481180056511546,47.628818297293],[-3.481035173552685,47.62883538556906],[-3.480652279437216,47.62832382319507],[-3.480804052832844,47.62814378647914],[-3.480563348112793,47.627922354151416],[-3.48049464233851,47.62801648880978],[-3.4803799201813,47.62784223938992],[-3.480334480051051,47.627907986008275],[-3.48027266717717,47.62783917162819],[-3.480115435438976,47.6279743540169],[-3.480030356757934,47.627933927403326],[-3.480255030978176,47.627804026562565],[-3.480271919902611,47.62761342757749],[-3.48040025509728,47.627570165921455],[-3.480436275522032,47.62786620006058],[-3.480532784672373,47.62767117371386],[-3.48077584240897,47.627802160935424],[-3.480835301714375,47.6279614202464],[-3.480758955224163,47.62799275997483],[-3.48093003484744,47.628190969437355],[-3.480873508046999,47.6282753956411],[-3.480982945230912,47.6282964042976],[-3.480934059800299,47.62844362558684],[-3.481124961887152,47.62869492110977],[-3.481226758240049,47.62865313449015],[-3.481136389663269,47.62845946848034],[-3.481363076900895,47.628455893609775],[-3.481333431122101,47.628322070801474],[-3.48144269884272,47.628451465649775],[-3.481517953860378,47.62841115476385],[-3.481808470853607,47.62860272077884],[-3.481912450088323,47.628578874988754],[-3.481538113646885,47.628247467811796],[-3.481763539104213,47.62834330807442],[-3.481809146840573,47.62816917428144],[-3.481958394926298,47.628187967899656],[-3.482081857545495,47.628433981440836],[-3.482270749342914,47.62855894705735],[-3.482245636739517,47.62835262070705],[-3.482422517948226,47.628378908260345],[-3.4824603127239,47.62825036587734],[-3.482615945360196,47.628431369538596],[-3.482693383311761,47.628408999310565],[-3.482661717655531,47.628148848784924],[-3.482798787688643,47.6281773501738],[-3.482740414208961,47.62802706258847],[-3.482839857240753,47.62807571977753],[-3.482865472563237,47.62795688610725],[-3.482974909878098,47.62797789290094],[-3.482996323580144,47.627714789707326],[-3.483112145988541,47.62789800727434],[-3.483221749406038,47.62781062718208],[-3.483407365561755,47.62790867888762],[-3.483432979540685,47.62778984508268],[-3.48351134273023,47.62788483166572],[-3.483573325244624,47.62784525767621],[-3.483602976374077,47.627979079948865],[-3.483774396523826,47.62796051195748],[-3.483500918913256,47.62746996463851],[-3.483561808903221,47.62742141994261],[-3.483689975795984,47.62748654134806],[-3.483695601329061,47.6274230081795],[-3.483846725311005,47.62768115064721]],[[-3.480909531572286,47.62857142952668],[-3.480921881100004,47.628453334249556],[-3.480847717188788,47.628502615474446],[-3.480909531572286,47.62857142952668]],[[-3.482113688923447,47.62858574547482],[-3.482043138431565,47.62844516635845],[-3.481829890555685,47.62833961788381],[-3.481961164256813,47.628540039919315],[-3.482113688923447,47.62858574547482]]]]},"properties":{}},{"type":"Feature","geometry":{"type":"Polygon","coordinates":[[[-3.476683696219337,47.62765935572645],[-3.476633335742184,47.62735508708318],[-3.476530627111838,47.62727951228307],[-3.476742769370347,47.62737609972222],[-3.47671894891339,47.62707035613957],[-3.47680075098713,47.627083872878586],[-3.476815291075029,47.62698371948268],[-3.476899274884197,47.62701517769017],[-3.476848555659879,47.62692768244777],[-3.477025608192997,47.62684559149281],[-3.477022514084751,47.62671029248315],[-3.47726046038941,47.62657965982336],[-3.477790548097093,47.626983704514906],[-3.478078508562668,47.627374111792136],[-3.478253202161196,47.627382464162444],[-3.478344086541943,47.62725097248955],[-3.478559505592526,47.62737446888806],[-3.478711108064444,47.62730282148665],[-3.478694739616218,47.62716826024047],[-3.478820717463981,47.627215445497335],[-3.478817618784336,47.62708014656104],[-3.47862856485439,47.62706356196191],[-3.478625115757552,47.627145036399966],[-3.478561123565195,47.627058279584595],[-3.478416244545046,47.627075364627764],[-3.478203571515848,47.62730394027863],[-3.478109942808572,47.62708335952772],[-3.478198821076409,47.62682553973129],[-3.478056124798285,47.62686056584229],[-3.47771544234486,47.62625633525692],[-3.477641278525886,47.626305614501696],[-3.47773071699562,47.62638192594079],[-3.477762003156066,47.626858851458834],[-3.477607305075761,47.62679519865654],[-3.477410971349713,47.6264990433135],[-3.477134485421307,47.62653247286829],[-3.476994328619591,47.62636866577428],[-3.477051414519845,47.626618372309636],[-3.476931073132882,47.62650765225753],[-3.476823823008537,47.626504581326955],[-3.476885450903258,47.62668178429458],[-3.476699850994162,47.62658372216356],[-3.476844192014999,47.6268917993734],[-3.47664532147476,47.62679447464165],[-3.476641689884636,47.62698433573033],[-3.476469179539601,47.626993922491714],[-3.476582975839146,47.62705081837049],[-3.476462274752595,47.62715687124255],[-3.476572439527198,47.627403628168786],[-3.476391021060372,47.62744983533225],[-3.476323759635703,47.627336164992315],[-3.476307036866876,47.62741837676639],[-3.476184333190413,47.627398101121194],[-3.476070717219979,47.627232818187075],[-3.475998732078709,47.627300037912285],[-3.476101439995491,47.62737561317928],[-3.475848397823194,47.627272265894526],[-3.47581840421472,47.62735521496331],[-3.475720059655895,47.62731552255602],[-3.475781866054297,47.62738433936371],[-3.475682430744483,47.62733567614878],[-3.475582813980919,47.62739539952133],[-3.475467200376388,47.62710378775845],[-3.475130177927717,47.626968979665925],[-3.475072010030706,47.62671030145071],[-3.474896228550576,47.626692973531995],[-3.474901132398528,47.62706298756107],[-3.475034740920367,47.62717297240329],[-3.474982026253554,47.62695914809723],[-3.475074008583089,47.62683662972653],[-3.475034015806315,47.62694722824209],[-3.47551991712951,47.6273176118296],[-3.47564225733953,47.62755466150877],[-3.475672251333795,47.62747171249374],[-3.475835856222728,47.627498747374865],[-3.475922202748913,47.62743976116153],[-3.475882573332238,47.62733358659674],[-3.476030545485353,47.627451803692225],[-3.476162156147982,47.62743545901054],[-3.476213965547149,47.627531925299756],[-3.476372116671054,47.62751410557077],[-3.476429380803315,47.6276554256088],[-3.476683696219337,47.62765935572645]],[[-3.477938700356586,47.62699353252124],[-3.477845987326688,47.62689030898764],[-3.477976681721544,47.62675660479085],[-3.478047219272404,47.62689718648542],[-3.477938700356586,47.62699353252124]]]},"properties":{}},{"type":"Feature","geometry":{"type":"MultiPolygon","coordinates":[[[[-3.473565215143771,47.627173325839166],[-3.473276916139987,47.626999680785346],[-3.473072787047822,47.626749109266385],[-3.473150943702191,47.62695248954421],[-3.47276193813617,47.626829593625885],[-3.472360417051208,47.62627388650867],[-3.472194784555342,47.62623201120295],[-3.472370604673384,47.62613785036852],[-3.472476387766303,47.62634872803545],[-3.472975348976431,47.62682677204167],[-3.473013352252378,47.62658984590531],[-3.473132782023354,47.626583212475914],[-3.473279469389134,47.62680084900055],[-3.473219661057153,47.6268583591542],[-3.473565215143771,47.627173325839166]]],[[[-3.472122787786895,47.62621625857839],[-3.47199994926916,47.62627584243101],[-3.472003408421732,47.6261943681524],[-3.471845259749684,47.62621218197842],[-3.471909240012582,47.626298942510566],[-3.471810900306621,47.62625924679041],[-3.471515361736284,47.62580602807589],[-3.471386833433274,47.625957666756044],[-3.471225605891711,47.62584018052594],[-3.471150346726878,47.62588048483396],[-3.471084188358818,47.62577578221228],[-3.47102546872127,47.625842262100065],[-3.470965850039728,47.62579138437848],[-3.470899309865764,47.62590345515185],[-3.470899501005254,47.62579506840269],[-3.47078789317893,47.62575610861129],[-3.470931681166084,47.62573006218914],[-3.470921872142663,47.62564932472373],[-3.470978029943358,47.62578167674054],[-3.471142907850108,47.62570930229269],[-3.47107347996557,47.62557768717189],[-3.470884433763572,47.625561090025826],[-3.470887894572397,47.625479615750315],[-3.471028412054749,47.62542665671233],[-3.471114569840392,47.6254760607633],[-3.471253235469421,47.62584767767246],[-3.471549721148195,47.625758963339855],[-3.471740380022668,47.626118661284046],[-3.47187352416963,47.62603884300749],[-3.471855448672909,47.62607614587888],[-3.47193872348438,47.62611572547734],[-3.471930518534669,47.62614422785803],[-3.472122787786895,47.62621625857839]]],[[[-3.47188076653328,47.62602389673816],[-3.471803648563134,47.62597967758428],[-3.471854737018703,47.62585040157063],[-3.472015064770364,47.62585052936576],[-3.471940530637459,47.626109447778916],[-3.47194089625303,47.62589980500129],[-3.47188076653328,47.62602389673816]]]]},"properties":{}},{"type":"Feature","geometry":{"type":"MultiPolygon","coordinates":[[[[-3.470401979029489,47.625768504007134],[-3.470303641421566,47.62572880700715],[-3.470318385648526,47.62552026758696],[-3.470030684838951,47.62502145401723],[-3.469676061008254,47.624851483378386],[-3.469707661423939,47.625111637862524],[-3.469615669750469,47.62523415211582],[-3.469486585478907,47.624976787336784],[-3.469567531143109,47.62494782173781],[-3.469541887662289,47.625066652674334],[-3.469661895404653,47.62473486238865],[-3.469736064407081,47.624685588170735],[-3.469785680162323,47.62476411575775],[-3.469848758918206,47.62473351983264],[-3.469952349841018,47.624926458251664],[-3.470013249249673,47.624877920555654],[-3.470129213641309,47.6249527644666],[-3.470362554062113,47.62555394071664],[-3.470555959383499,47.62560642204118],[-3.470723208525508,47.62544360307828],[-3.470693016423188,47.62563493767273],[-3.470401979029489,47.625768504007134]]],[[[-3.469482656621919,47.62496895404478],[-3.469421759486036,47.62484753799783],[-3.469365218025708,47.62493195877683],[-3.469305601943191,47.62488108018397],[-3.469044568053722,47.624931695691835],[-3.469008417808074,47.6247440444063],[-3.469310154719258,47.62480857677541],[-3.469389966420294,47.624695770215],[-3.46953009549458,47.62485958657398],[-3.469482656621919,47.62496895404478]]]]},"properties":{}},{"type":"Feature","geometry":{"type":"Polygon","coordinates":[[[-3.468558145711883,47.62488644513798],[-3.468613598915695,47.624793053892525],[-3.468715202050054,47.624859664896576],[-3.468702128041726,47.624752014645416],[-3.468803731208443,47.62481862557385],[-3.468800853452461,47.62457493939228],[-3.469020597828697,47.624734336967265],[-3.468965535522608,47.62461095479084],[-3.4690573327395,47.6245968278293],[-3.469058617167247,47.62449741186276],[-3.468919189707659,47.62455933940978],[-3.468741433822795,47.62441567367952],[-3.468692322570083,47.624671276952164],[-3.46859725669003,47.624658491058575],[-3.46852129966743,47.62447304920919],[-3.468540910050231,47.6246345246367],[-3.46840950015092,47.624542473939805],[-3.468322953643963,47.6247098414987],[-3.468324239442089,47.62461042554603],[-3.46825224808295,47.62467764058765],[-3.468170648537163,47.62455573103148],[-3.467993589982842,47.62463780866034],[-3.467915259172977,47.62454281150983],[-3.467754935358923,47.62454267808708],[-3.467824748471406,47.62445752161921],[-3.467548267115666,47.62449092851742],[-3.46750806248372,47.62470991139932],[-3.46761114902016,47.624568720614434],[-3.467769096745514,47.62465929931959],[-3.467836731289045,47.62455620112136],[-3.468113711824994,47.62485692482931],[-3.468113908616582,47.624748538026424],[-3.468261856399341,47.62486676512015],[-3.468331669127011,47.62478160836346],[-3.468558145711883,47.62488644513798]]]},"properties":{}},{"type":"Feature","geometry":{"type":"Polygon","coordinates":[[[-3.467176720135767,47.62451154770984],[-3.467117305422225,47.62435228116569],[-3.467463599725476,47.624233719023415],[-3.467543018573117,47.624337687359244],[-3.467421216385662,47.62443476016928],[-3.467625705663928,47.62446856823352],[-3.467585203514756,47.62424503299526],[-3.467430525144983,47.62418136662958],[-3.467162758803569,47.624286539569624],[-3.467092054503066,47.62425433794925],[-3.467115126974933,47.62433433942319],[-3.4669393559022,47.62431699950891],[-3.467015904266281,47.62417728192141],[-3.466833598708441,47.62410611660745],[-3.466916682141471,47.62402022432265],[-3.466731109799606,47.62392214621798],[-3.466600594040814,47.62394745118062],[-3.466626443339177,47.62372023396386],[-3.466456320098444,47.623639360848216],[-3.466510086449112,47.62386216024513],[-3.466398285596436,47.62393158307239],[-3.466378081017184,47.62409526777216],[-3.466264301895372,47.624038361865324],[-3.466177548759335,47.624314114707836],[-3.466414021336429,47.624391306760245],[-3.466459875912964,47.624108791773764],[-3.466708328659582,47.62428466289441],[-3.466680010781781,47.624051420118555],[-3.466783987907373,47.624027587739896],[-3.466893702952483,47.62449112783822],[-3.467002037667077,47.62450317876142],[-3.467082943007938,47.62439934463186],[-3.467176720135767,47.62451154770984]]]},"properties":{}},{"type":"Feature","geometry":{"type":"Polygon","coordinates":[[[-3.438800895042462,47.62526994528731],[-3.438804404799756,47.62518847195691],[-3.438921666670103,47.62516393124167],[-3.43887318044203,47.62509436169667],[-3.438991526586063,47.625078792040775],[-3.438920009802453,47.62492921551552],[-3.439009390601989,47.62500555664898],[-3.439122569503238,47.62483674446836],[-3.439439964986637,47.62481017631773],[-3.439675825525517,47.624661677855414],[-3.439430458791921,47.62462104942135],[-3.439439135417035,47.62469281844053],[-3.439327552864657,47.62465382856895],[-3.43932729762595,47.624762215321404],[-3.439220053183791,47.62475910986047],[-3.439276642129548,47.62467470367294],[-3.439167228799203,47.62465365590567],[-3.438948146389026,47.62471994681693],[-3.439314793433841,47.62443778825987],[-3.43926413826579,47.62435027659137],[-3.439647304715931,47.624094297123015],[-3.439620189769335,47.623870018906445],[-3.439498592768845,47.62385867581775],[-3.439544334533545,47.623684558150096],[-3.439307648680692,47.62371569848439],[-3.439230454799122,47.62362965319122],[-3.439519134520166,47.62358660894497],[-3.439545928690952,47.6234767556499],[-3.43937450758234,47.623495258773865],[-3.43947224338533,47.623309237074466],[-3.439115047939551,47.623338004912945],[-3.439218206914582,47.62319683909699],[-3.439057887225156,47.6231966662835],[-3.438981778967279,47.62311959194101],[-3.438991539219028,47.623200332187174],[-3.43883230396714,47.623209130202234],[-3.438804424017158,47.62331001220928],[-3.438680659617965,47.62328072598664],[-3.438477848098634,47.623481583163404],[-3.438485438861672,47.623544381154076],[-3.438646844016611,47.62355352589314],[-3.438581323203056,47.62367454951447],[-3.438675039145751,47.62378677551064],[-3.438766842954515,47.62377267235051],[-3.438770668019491,47.6240253304915],[-3.438608176990619,47.62400721478773],[-3.438552101315393,47.62387484709804],[-3.438402109252081,47.62418115834628],[-3.438307308814092,47.624059961013316],[-3.43821550438987,47.62407406381014],[-3.438289701494337,47.62402480954809],[-3.438185711659932,47.6240486165589],[-3.438266672356387,47.623944802372584],[-3.438000192017673,47.623950492813734],[-3.437901623732014,47.62401915529121],[-3.438008092868488,47.62434742230008],[-3.438135112433859,47.62440362264148],[-3.438063909888178,47.62458817697819],[-3.438218039420245,47.624868655710934],[-3.438163359732639,47.62507939038499],[-3.438286043623914,47.62509970599269],[-3.438178798564321,47.62509659957624],[-3.438114359163304,47.62522659397603],[-3.438201570540573,47.62528499344253],[-3.438391947144062,47.62520222790153],[-3.438647332500073,47.62521521197222],[-3.438778120957513,47.62508155153639],[-3.438800895042462,47.62526994528731]],[[-3.4387729549461,47.624928309142135],[-3.438662456841128,47.62489828977234],[-3.438663797881641,47.62479887416284],[-3.438869354815265,47.62484170369794],[-3.4387729549461,47.624928309142135]],[[-3.438781709836678,47.62356413671811],[-3.438669045697186,47.6235161750561],[-3.438839382662948,47.62348870182943],[-3.438781709836678,47.62356413671811]],[[-3.438877022767778,47.62346856006791],[-3.438843976697857,47.6234161995619],[-3.438986689479455,47.62338122129723],[-3.438877022767778,47.62346856006791]]]},"properties":{}},{"type":"Feature","geometry":{"type":"Polygon","coordinates":[[[-3.430700180363051,47.621021103650094],[-3.430763549696489,47.62088214183511],[-3.43088297193147,47.620875551586764],[-3.430829622913261,47.620986867544616],[-3.430971251370334,47.620942927806084],[-3.430986958841276,47.62085175103913],[-3.431263444199282,47.62081843062797],[-3.43074513799581,47.620729630998284],[-3.431134546043221,47.62063589330783],[-3.43128592145407,47.62067269418612],[-3.431449754217125,47.6205914043665],[-3.431486583045147,47.62045390676791],[-3.431275633325765,47.620366208029715],[-3.431472502033308,47.62033728089671],[-3.431517183800812,47.62015419483679],[-3.431394513850625,47.62013387206775],[-3.431717029976524,47.61981804873771],[-3.431576759228604,47.619762573621074],[-3.431639041620669,47.61961464001786],[-3.431330880958665,47.61949618280856],[-3.431437302472047,47.61938193726813],[-3.431415640002981,47.61920251273955],[-3.431178701467446,47.618899504298945],[-3.431053868424075,47.61886123869768],[-3.431159745680792,47.618963767491984],[-3.431035995551145,47.618934473103444],[-3.431018122629181,47.619007707503684],[-3.430883542216849,47.618888700635104],[-3.430591632010003,47.61890480993334],[-3.430495775715471,47.618774634695825],[-3.430403978316672,47.61878873139094],[-3.430473297102896,47.61892037112745],[-3.430268852625011,47.61888649792521],[-3.4302122555736,47.618970899998814],[-3.430238519252404,47.61907782268182],[-3.430372289152133,47.61907947200305],[-3.430274802976847,47.61915709945234],[-3.430275338725169,47.61938284475884],[-3.430206829015209,47.61936856320595],[-3.430438349290928,47.619626717375766],[-3.430279659060628,47.61986124899699],[-3.430367662654879,47.62003701270263],[-3.430176482896315,47.62000240715895],[-3.430145065632229,47.62018476054791],[-3.430044328375623,47.62023547405904],[-3.430090358875566,47.62039549194859],[-3.430200842840046,47.62042551949721],[-3.430231986372239,47.6203515530932],[-3.430319181162815,47.62040995859116],[-3.430240649937657,47.62042332295261],[-3.430317824693343,47.620509374328456],[-3.430175113909882,47.62054434205213],[-3.430434533640493,47.62070161599733],[-3.430248492573857,47.62082025368106],[-3.430135841891741,47.62077228372051],[-3.430021834383418,47.620823729367935],[-3.430355455145572,47.620931754331295],[-3.430484897700211,47.62089751860633],[-3.430700180363051,47.621021103650094]]]},"properties":{}},{"type":"Feature","geometry":{"type":"Polygon","coordinates":[[[-3.464926291592526,47.622189198118896],[-3.4648946749173,47.622109400771976],[-3.464753274904749,47.6220449946699],[-3.464826355909629,47.62198675259754],[-3.465049547262657,47.62206468361654],[-3.464949246039522,47.6218986532742],[-3.465009057724197,47.62184114720897],[-3.464990141618457,47.62190541579013],[-3.465126097343083,47.62192496710593],[-3.465036887386805,47.6217402588762],[-3.465124325364856,47.6216902513737],[-3.465088191093936,47.6215025985625],[-3.464813015589713,47.62143658295755],[-3.464991157222287,47.62136348092005],[-3.464786885039595,47.6212212811958],[-3.464733606374581,47.62133261261053],[-3.464607654861908,47.62128541201836],[-3.464741227716484,47.621395408960666],[-3.464667058675101,47.62144468009001],[-3.464483676859261,47.621364540100494],[-3.464575673641961,47.62124202964577],[-3.464323567072761,47.621256014976325],[-3.464338333424087,47.62104747583222],[-3.464204557556098,47.6210458654179],[-3.463935239123291,47.620807928273],[-3.463857393502306,47.62104706017362],[-3.463566099501205,47.62073809083383],[-3.463397961096307,47.620783542004105],[-3.463505405086508,47.62067823824978],[-3.463391842672173,47.62051294241412],[-3.463429883984208,47.620276018628694],[-3.463270868096691,47.62017646292561],[-3.463014879488825,47.62048869379124],[-3.462778636720134,47.6203031076611],[-3.462600703564414,47.620267819320816],[-3.462498700449394,47.62041797692757],[-3.46235492265597,47.620444013039354],[-3.462198084903948,47.62036239775221],[-3.462159158614894,47.62048196316104],[-3.461948158414471,47.620394319832194],[-3.462008641590105,47.620562560265604],[-3.461867249156351,47.62049815061838],[-3.461825057251797,47.62059080309523],[-3.461503345188415,47.62058154836897],[-3.4615031349912,47.620689935392356],[-3.461297575893661,47.62064714560091],[-3.460993062255274,47.62088981155563],[-3.460851670180095,47.62082540068972],[-3.460853211825978,47.62116850358623],[-3.460668748610338,47.621079386650806],[-3.460747061443396,47.62117438882975],[-3.460639822966584,47.62117130303058],[-3.460603916834465,47.62087526177681],[-3.460465577064773,47.62094615029497],[-3.460475157124538,47.621135275829715],[-3.460362691140393,47.6209789480362],[-3.460271985849424,47.62100203914095],[-3.460263944391746,47.6211560164831],[-3.460107769659769,47.62130014334932],[-3.460409051501928,47.621581472775524],[-3.459888961060309,47.62180899247219],[-3.459456738673081,47.62176973267377],[-3.459272490441544,47.621572226596015],[-3.458928801656852,47.62149193260362],[-3.458759128721918,47.621194274221104],[-3.458615347014182,47.621220305718786],[-3.45865754498672,47.62112765443146],[-3.458451986484704,47.621084859641236],[-3.45853682168554,47.62123368910046],[-3.458469173391848,47.621336782088726],[-3.458193136186773,47.62115339292923],[-3.458215977109279,47.62134178326915],[-3.458356279680309,47.62139722634239],[-3.458120702600733,47.62143737580253],[-3.457902526975057,47.62107015445028],[-3.457772014004765,47.62109544958441],[-3.457844448444661,47.621362372808186],[-3.457366555181787,47.62094632441412],[-3.457341973979729,47.621074123892264],[-3.457232560909154,47.62105309300946],[-3.457303036295855,47.62119368763865],[-3.457122928832899,47.62114044901422],[-3.457047446401842,47.62128913131406],[-3.456958046032606,47.62121280384029],[-3.45691584504329,47.62130545450951],[-3.4569038831418,47.621206773723095],[-3.456811001110905,47.62121192017554],[-3.456933244251668,47.621448990187744],[-3.456927587498994,47.621512522258925],[-3.456780541752257,47.621511638555965],[-3.456881684707942,47.6217950338779],[-3.456631748333118,47.62182694455747],[-3.456539512032748,47.62205783565557],[-3.456382457831466,47.622084599563145],[-3.456462718852772,47.62230593345213],[-3.456362223241605,47.62224828268431],[-3.456366556951451,47.62283507212234],[-3.456191881664829,47.62282668699942],[-3.456218199273403,47.622933603622656],[-3.455961511787252,47.62302007385742],[-3.455715274887567,47.622862121732396],[-3.455756813573114,47.62309463222599],[-3.455666102695266,47.623117719728505],[-3.455516878049117,47.62309889246802],[-3.45553929005228,47.622953151535974],[-3.455438571700653,47.62300388687615],[-3.455308275619767,47.62292079234998],[-3.455371779749633,47.62322433583341],[-3.455253888288066,47.62302314835494],[-3.455189492970717,47.62315315231066],[-3.455094656248162,47.62303196854192],[-3.455041161702327,47.62270077690388],[-3.454899548399732,47.62274474578925],[-3.454942841169642,47.622661066909544],[-3.454865399932046,47.62268341880515],[-3.454835823784283,47.6225495888818],[-3.454707703950768,47.62248443565479],[-3.454591542306717,47.622517963248015],[-3.454465821458196,47.622362364836356],[-3.454328556720432,47.62244221702878],[-3.454151934156802,47.622307499940824],[-3.453982470345706,47.62245235342959],[-3.453877629300473,47.622358816517504],[-3.453736876910239,47.62252014191169],[-3.453446493769072,47.62232850549184],[-3.453303793278275,47.62236350144308],[-3.453166299668637,47.62255173917394],[-3.452967716006114,47.62234598700642],[-3.452694268485166,47.62251465872071],[-3.452707309665285,47.62262231088531],[-3.452526115230287,47.6225600941975],[-3.45273945684699,47.62310821501516],[-3.452406234554214,47.622783480356176],[-3.45226810791089,47.62274597220877],[-3.452257240970023,47.62265626203694],[-3.452135414825919,47.622753318988536],[-3.452148913333804,47.62264419742632],[-3.452052768370482,47.62262242703521],[-3.451856529437152,47.622877133618786],[-3.451716459803643,47.62271329589344],[-3.45162357465171,47.62271843821647],[-3.451584392616956,47.62294638683426],[-3.45122697505961,47.6230835785906],[-3.451053386266012,47.62308415680892],[-3.450932251966139,47.62285605187108],[-3.450885229820754,47.623129589909986],[-3.450846971706379,47.62292399077663],[-3.450764096136303,47.62290148480306],[-3.450767977920008,47.62315414266136],[-3.450996354548122,47.62338534248336],[-3.450809727204429,47.623278268026056],[-3.450832542980041,47.62346665960351],[-3.450629154613974,47.62344179315066],[-3.450529982068906,47.623284721575175],[-3.450572817326589,47.62341781804624],[-3.450462083088632,47.623496196662884],[-3.450324188872822,47.62335029938191],[-3.450316118368515,47.62350427585219],[-3.45013275102441,47.623424113415744],[-3.450167980887034,47.623494412793136],[-3.449909108272032,47.62356292763584],[-3.449750575951501,47.62324657999362],[-3.449650937812347,47.62330628137287],[-3.449478903758429,47.62309905457427],[-3.449333556354816,47.62333287729131],[-3.44933960384106,47.623603477221636],[-3.449213660584028,47.62355626008423],[-3.44914273277507,47.623632434423136],[-3.44912256594546,47.62324521092055],[-3.449032938105765,47.62327726431325],[-3.448971406598994,47.6231000463509],[-3.448815431661501,47.6231357711144],[-3.448637734625246,47.62299207468803],[-3.448689112541171,47.622754421735884],[-3.448603216301346,47.622596614189234],[-3.448350013121313,47.622601593977855],[-3.448272706963565,47.62306646005677],[-3.448101765030603,47.622868202257756],[-3.44811418581447,47.62275011011279],[-3.44807824676116,47.623004970713644],[-3.447898618044298,47.62273494416448],[-3.447884024864375,47.622835094172956],[-3.447743491249508,47.62288802543556],[-3.447735413371545,47.62304200176403],[-3.447668933404021,47.622603154037876],[-3.447626715194321,47.62269580128384],[-3.447621524013563,47.62254255909395],[-3.447510787258154,47.622620934947705],[-3.447390516158396,47.62251018424053],[-3.447270614104827,47.622733565133196],[-3.447344193028962,47.62245856024476],[-3.447257822988508,47.6225175254797],[-3.447196298250167,47.62234030651304],[-3.447126455003384,47.6224254507407],[-3.447044300456236,47.62207778140258],[-3.44703272368435,47.622313231447876],[-3.446941164338693,47.62221895421129],[-3.446948525123743,47.622390138593076],[-3.446834770350633,47.62233321371085],[-3.446837547716259,47.62257690070499],[-3.446757931673583,47.6225813050895],[-3.446887973737561,47.622772796047656],[-3.446746353529483,47.62281675504552],[-3.446734410087692,47.62271807329494],[-3.44661064271112,47.622688795466594],[-3.446542969543117,47.62279188146881],[-3.446639112564473,47.62281365639357],[-3.446444414384949,47.622860551196176],[-3.44635997316163,47.623045844758636],[-3.446407500129688,47.62255553476752],[-3.446346099953293,47.622820833968454],[-3.446324023356836,47.62230728077632],[-3.446099048247151,47.622545503597635],[-3.446081919325524,47.62229357948926],[-3.446175045596274,47.622180054667425],[-3.446133307946852,47.62205592757622],[-3.446054778260875,47.6220693025597],[-3.446054175760688,47.62184355764126],[-3.446021726017249,47.6220169440471],[-3.445953450488893,47.621894284830574],[-3.445819431012502,47.622001040278676],[-3.44580278021866,47.62252576658466],[-3.44587238376819,47.622549010042654],[-3.445748132871814,47.622736505062335],[-3.44578263013612,47.623131966376256],[-3.445451021159721,47.62259940920067],[-3.445395286806631,47.62280117642522],[-3.445313499253642,47.62278763766336],[-3.445337380959332,47.622985001441805],[-3.445454392195327,47.623068841],[-3.445347750323094,47.623291485942524],[-3.445406013348609,47.623441792563945],[-3.445319882642778,47.62339236950023],[-3.445244364154982,47.623541043998166],[-3.445328923387265,47.62379826968025],[-3.445435080685078,47.623792398458],[-3.445298641199322,47.62398959786255],[-3.445337121742811,47.62408681190332],[-3.445096095411917,47.6240820796605],[-3.444980765997225,47.624232955538915],[-3.444870265841006,47.62420294203131],[-3.444828529643883,47.6240788146029],[-3.444822614127802,47.62425073279394],[-3.444937456337079,47.624316630657695],[-3.444710784261603,47.62432013484521],[-3.444577841647701,47.62443585981494],[-3.44443971623001,47.62439834244145],[-3.444468181917326,47.62452320378787],[-3.444367695086735,47.624465542765755],[-3.444321128085582,47.62452230439954],[-3.443759452536854,47.624517237561555],[-3.443453654037964,47.62430836803476],[-3.443548959933046,47.624212787608734],[-3.443280212016874,47.623758029612226],[-3.443205525166869,47.62402406066115],[-3.443059805563212,47.62392374397833],[-3.443070657305756,47.624013454946855],[-3.442986698161662,47.623981972370636],[-3.44285024914699,47.62417916889575],[-3.442825135434154,47.62452373865689],[-3.442700280891748,47.6244854856153],[-3.442613902442426,47.62454444735451],[-3.442776148229938,47.62467094424546],[-3.442636938354456,47.62462445364808],[-3.44248529508764,47.62469605432011],[-3.442619916003332,47.62481504746321],[-3.442496235896294,47.62522828337425],[-3.442395500857015,47.625279007406846],[-3.442435062139981,47.625385193435726],[-3.442281495540033,47.62533046490191],[-3.442393917738525,47.62548680975319],[-3.44221489572429,47.625442519353555],[-3.44199906894056,47.62553572925321],[-3.442116080524542,47.625619572045785],[-3.441902422881014,47.62573072395349],[-3.441930883343955,47.625855585832596],[-3.442075770715578,47.62583854603494],[-3.442000239731885,47.62598721824812],[-3.441318865433549,47.626097127959724],[-3.441378205114003,47.626256407475786],[-3.441234401298968,47.626282417507696],[-3.441158285499006,47.62620534470585],[-3.441176728838892,47.62635785347055],[-3.441074905524804,47.626399605231526],[-3.441052956071749,47.626328569807654],[-3.440801904170534,47.62635147543222],[-3.440755331732582,47.626408235589224],[-3.440940032085171,47.62638899706998],[-3.440870173562309,47.626474137378864],[-3.44053082009723,47.62642967387488],[-3.4404495341557,47.62619935840057],[-3.440501024948856,47.62640422724509],[-3.440267581857988,47.62646228280872],[-3.440401117504652,47.626572307290125],[-3.440531904895767,47.6264386449839],[-3.440357545611453,47.62676436725292],[-3.440344528325279,47.62665671394003],[-3.440134370667626,47.62668638924028],[-3.44020046945272,47.626791109335144],[-3.440010343849159,47.62676549112002],[-3.439775559626427,47.62692296121082],[-3.439757696019983,47.62699619664752],[-3.440279585684415,47.62700348269528],[-3.440065664926403,47.6272230177812],[-3.440478969658007,47.627326613658305],[-3.440234421419968,47.62740334468205],[-3.440172660833434,47.62733450907256],[-3.440076258576989,47.62742111548127],[-3.440369875803696,47.627639697953214],[-3.440319794178513,47.627777931171074],[-3.440086091169731,47.62794437290797],[-3.439518446988559,47.62811120329348],[-3.438061908313069,47.62821876338902],[-3.437330101043007,47.62813275111373],[-3.436677097616247,47.62792497910181],[-3.436212319732942,47.627616499241675],[-3.435836368118347,47.627158616598635],[-3.435807361994164,47.626808008925586],[-3.436028624970488,47.626759666275504],[-3.436220916804679,47.62680323326656],[-3.436141555300771,47.626699243773096],[-3.436210337584122,47.62660513515402],[-3.436356312915918,47.626597073606035],[-3.436210599160481,47.626496748511244],[-3.436469503581634,47.62642826413458],[-3.436488716637186,47.62625561366946],[-3.437486163876287,47.626218584845155],[-3.43679853269851,47.62616625468244],[-3.436720776242577,47.625854463339955],[-3.436632481424623,47.62578709163676],[-3.436603511843589,47.625879001836886],[-3.436593754714012,47.625798261502425],[-3.436455631383156,47.62576073471357],[-3.436569643234653,47.625709282916425],[-3.436350814554018,47.62566718222998],[-3.436508973440335,47.625649416459225],[-3.436480525769486,47.625524553246045],[-3.436527925161383,47.625585152618804],[-3.436603210043388,47.625544870616686],[-3.436595899958624,47.62534265519245],[-3.436653299197706,47.62540663883352],[-3.43671691878184,47.62515928738354],[-3.436594347046196,47.62529969750888],[-3.436591806335347,47.625229414545494],[-3.436473459157528,47.62524498176872],[-3.436614270900629,47.6250836774088],[-3.436557114938272,47.62494233768238],[-3.436436600225997,47.624939962564966],[-3.43645069329714,47.62505658756165],[-3.436288722736699,47.62482169517321],[-3.436157106326439,47.62483799494766],[-3.436287938504925,47.62514685536423],[-3.436227008130142,47.62519537546484],[-3.43614574263691,47.62496505684946],[-3.435927739193121,47.625040313240866],[-3.435799636462865,47.62497513935773],[-3.435713249599635,47.625034095978556],[-3.435857874441115,47.625125450610895],[-3.435827819902114,47.625208389491874],[-3.435708388584706,47.62521498478176],[-3.435755524331358,47.6253839711874],[-3.435590862297118,47.62534790898191],[-3.435539128434621,47.62525142457865],[-3.435575161366748,47.625439086157236],[-3.435527763186139,47.6253784863933],[-3.435453561651802,47.6254277388665],[-3.435414014224946,47.62532155047567],[-3.435269683061409,47.625564326580665],[-3.435193840532823,47.62537886316077],[-3.435090402853396,47.62562841195845],[-3.434930075874853,47.62562823347918],[-3.434924920857116,47.625474990958],[-3.434698507848551,47.62537008900988],[-3.434617802856179,47.62536551394438],[-3.434589913815335,47.625466394833374],[-3.434662502981053,47.62562494513563],[-3.434523562681437,47.6254700581947],[-3.434167433820709,47.62550778203921],[-3.434160665833086,47.62556234170044],[-3.434076709508223,47.62553085274468],[-3.434149828749514,47.62547262997614],[-3.433996004326093,47.62552627724992],[-3.433828092083123,47.62546329903968],[-3.433974330763467,47.62534685376228],[-3.433846229682551,47.62528167774704],[-3.434042297413185,47.6251353884654],[-3.433959425496688,47.625112870593796],[-3.434003836683226,47.62503817075686],[-3.433823473078475,47.625093283031596],[-3.433768758285068,47.62486149756901],[-3.433628205341742,47.62491441179158],[-3.433483584887776,47.62482305438856],[-3.433750336626194,47.62470898751782],[-3.433480601255718,47.6246877541052],[-3.433557237715864,47.6245480584852],[-3.433440241923813,47.62446420707271],[-3.433556421083089,47.62443070055074],[-3.433558855204964,47.62434025615958],[-3.433755204229983,47.62452809874908],[-3.434048493857512,47.62441256601389],[-3.434029805561697,47.62436844273422],[-3.433823987922753,47.62443399143015],[-3.433870566008033,47.62437723397938],[-3.433733531881968,47.62434867512462],[-3.433903874043844,47.62432120910768],[-3.433854577836867,47.6241342794994],[-3.433809083569828,47.62420000813262],[-3.433582411261353,47.6242034907235],[-3.433695338952849,47.624143070506726],[-3.433676917751644,47.62399056038761],[-3.433835072560392,47.623972798222205],[-3.433895737450549,47.6240326661199],[-3.433887600945214,47.62374412308873],[-3.433840206185228,47.62368352258716],[-3.433711842624405,47.623726733166684],[-3.433783876184122,47.6236595393881],[-3.433696938960483,47.62349274976976],[-3.433611635751013,47.62356067606685],[-3.433442646596482,47.62348872605202],[-3.433638992080587,47.62367656891911],[-3.433478670968923,47.623676388447414],[-3.433595398222549,47.62386862664485],[-3.433441028680825,47.62369652846703],[-3.433367911099213,47.623754750845045],[-3.43336575820567,47.62417932677986],[-3.433479502548373,47.62423626472566],[-3.43334788672383,47.624252561339446],[-3.43323114645154,47.62361780459483],[-3.433155861742794,47.62365808446337],[-3.433133923954658,47.62358704745155],[-3.43302884919359,47.623601878685626],[-3.43311523670376,47.62354292400682],[-3.433015847457692,47.62349422438129],[-3.433185371461817,47.62334940139666],[-3.433195658353061,47.62321336848547],[-3.433093019200928,47.623137755340565],[-3.433172637199707,47.62313336027237],[-3.433164236996806,47.62295320389694],[-3.433076767018789,47.623003187435835],[-3.43298198076292,47.62288198570741],[-3.432911030690192,47.6229581502141],[-3.432749628318337,47.62294899754581],[-3.432627220310636,47.62282028926084],[-3.432525397058015,47.62286203364452],[-3.432531082994165,47.622798502802304],[-3.432439279213574,47.6228126010681],[-3.432488031010871,47.62321630505325],[-3.432236990072452,47.62323919230535],[-3.432282485456296,47.62317346425201],[-3.432159808276856,47.623153142318316],[-3.432117562717068,47.6232457839302],[-3.432099416239148,47.622984886662735],[-3.432015465183678,47.622953396183654],[-3.432009778617409,47.623016926995724],[-3.43195588691413,47.6229024984811],[-3.431967262730475,47.623217955381804],[-3.431813983583796,47.623054826200104],[-3.431609251520577,47.62312934224278],[-3.431486845848797,47.62300063277458],[-3.431219286337486,47.62299733653876],[-3.43126586593854,47.622940580084844],[-3.431147250443332,47.62306452875851],[-3.431187870872932,47.62317968992786],[-3.431107169492919,47.6231751124315],[-3.43091841655331,47.62305006375802],[-3.430687416636888,47.62301765587694],[-3.4307163948507,47.62292574700916],[-3.430522228494747,47.622755841594454],[-3.430411466195295,47.62283420122549],[-3.430540367186818,47.62301673913764],[-3.430487288493929,47.62301966799305],[-3.430483766185855,47.623101141163914],[-3.430663853687023,47.62315442081244],[-3.430357567352666,47.62316229050467],[-3.429983314823336,47.6229391040895],[-3.429965439116525,47.62301233817814],[-3.429942422891094,47.62293232932016],[-3.429914526286288,47.62303320921886],[-3.429860639057745,47.62291877973844],[-3.429850343725001,47.623054812376374],[-3.430149310011569,47.62331827714195],[-3.429990072951627,47.623327063101335],[-3.429983300971099,47.623381622581626],[-3.429875251324532,47.623261150508306],[-3.429932387795653,47.62340249362616],[-3.429854935014456,47.62342482892898],[-3.429679728699871,47.62319065931756],[-3.429702744642967,47.62327066821669],[-3.429540258989429,47.62325253989065],[-3.429372340238264,47.623632073636465],[-3.429499349009349,47.62368828338959],[-3.429396438782949,47.623721053802896],[-3.42944491141317,47.623790627330514],[-3.429192507817815,47.62391292358544],[-3.429085817730281,47.62369303525815],[-3.429061974302126,47.623938186598075],[-3.428899486834426,47.623920057386826],[-3.428937937463031,47.62401727683185],[-3.428783029219727,47.624061946052834],[-3.428929528824525,47.62427963852166],[-3.428827423341153,47.62442976639741],[-3.428720180178648,47.62442665129512],[-3.428636505793078,47.62428677166192],[-3.428582065932365,47.6243891151692],[-3.428500557432166,47.62426717789574],[-3.428439119601743,47.62364743088185],[-3.428294233826414,47.623664453782936],[-3.428348673499939,47.62356211037168],[-3.428248205891686,47.62350443545413],[-3.42776860546222,47.623404455625284],[-3.427562014337693,47.62291011678104],[-3.427435812609423,47.622971262970815],[-3.427420657260552,47.62284566551494],[-3.427249233977818,47.6228641508487],[-3.427232157250496,47.623054742590085],[-3.427155786326688,47.623086047354846],[-3.427091882658694,47.62299926217912],[-3.427137906691776,47.62315928100515],[-3.427030666180168,47.623156164349545],[-3.427061815697801,47.62308219889466],[-3.426902578834032,47.623090980645735],[-3.426895242782752,47.62336231356355],[-3.426857878782244,47.62327406466383],[-3.426784754599684,47.62333228293314],[-3.426854912029461,47.62313876410397],[-3.426772046244531,47.623116241109805],[-3.426743061136526,47.62320814898985],[-3.426669135446752,47.62314900912973],[-3.426650214204098,47.622770752920935],[-3.426560854821333,47.622694402242956],[-3.42668813929223,47.622642228244864],[-3.426669738627289,47.62248971690358],[-3.426537042663431,47.622497034601324],[-3.426538406224164,47.62239761900951],[-3.426464200539992,47.62244686584711],[-3.426492947213941,47.62202082615136],[-3.426175561875364,47.62204735915724],[-3.426397095318825,47.621890647758015],[-3.426282281217411,47.62182473158422],[-3.426261717386049,47.62165427758818],[-3.426161774001142,47.62182234586148],[-3.426121165446541,47.62170718286406],[-3.426039102256831,47.621802017484846],[-3.425854412407559,47.62182123248648],[-3.425843590041785,47.62173151981949],[-3.425726329700546,47.62175604744801],[-3.425665676559174,47.62169617523746],[-3.425676498618805,47.62178588792257],[-3.425614763303223,47.62171704441793],[-3.425474210557333,47.62176994891354],[-3.42542249844655,47.62167345985275],[-3.425288438473053,47.62178019175035],[-3.425125160799681,47.621644699108586],[-3.425157394191646,47.62157970537854],[-3.425083188370432,47.62162895135939],[-3.425072367339651,47.62153923861208],[-3.424927486212441,47.621556257355195],[-3.424983296620388,47.62135449977556],[-3.424840580083954,47.621389460965545],[-3.424828677453956,47.621290776906356],[-3.425114393905937,47.62111246746006],[-3.425346464334335,47.621153857669356],[-3.425374368588996,47.621052978764546],[-3.424865808399541,47.621044894525475],[-3.424856639105537,47.62074737914372],[-3.424906185178083,47.620825925941396],[-3.424994741310879,47.62078491974512],[-3.424834998199122,47.62056795352081],[-3.424834713556709,47.62067634046729],[-3.424715291021087,47.620682924531806],[-3.424752422066124,47.62043704211025],[-3.424650597202026,47.62047877967954],[-3.424581290749952,47.620347136592514],[-3.424639265202672,47.62016332162391],[-3.424756237745588,47.620247182036906],[-3.424727820441388,47.620122315616086],[-3.424556404970914,47.62014079702337],[-3.424590516992971,47.62020213294468],[-3.424462154317131,47.620245333435534],[-3.424540401488653,47.620340359922864],[-3.424462380099829,47.620579465593025],[-3.424420694186516,47.62045533064533],[-3.424331056203962,47.62048736512659],[-3.424362493504931,47.62030501333041],[-3.424242500054967,47.62052837082587],[-3.424152065944385,47.620443046929395],[-3.424231680659985,47.620438657950025],[-3.424233048461132,47.62033924228012],[-3.424152351971479,47.62033465997161],[-3.424148820172851,47.62041613306348],[-3.424090620299492,47.620265815610075],[-3.423783267710554,47.62026469678363],[-3.423790332392719,47.620101750605826],[-3.423715045519757,47.6201420244615],[-3.423778653493621,47.62033719857477],[-3.423673869528649,47.62024363445552],[-3.423554007622808,47.61958195284589],[-3.423376102819468,47.61954660473714],[-3.423377978777345,47.61967293433546],[-3.423272402868189,47.619462011520035],[-3.423097743830858,47.619453576889],[-3.422980487231441,47.619478101789355],[-3.422984525673177,47.61962237400489],[-3.422913061047296,47.619472787262495],[-3.422754627077442,47.619598921680726],[-3.422603838925113,47.61934533571288],[-3.422616818655054,47.619452991404614],[-3.422581627740015,47.61938268357532],[-3.422464081610175,47.61951559496357],[-3.422389084165443,47.61944748097362],[-3.422281271746434,47.619661133951084],[-3.422282408729642,47.61923592339131],[-3.422355264824599,47.619277757373496],[-3.422289500148886,47.619064639754775],[-3.422240461332824,47.6192118371381],[-3.422280136036893,47.61923461840893],[-3.422243416172984,47.61934713808765],[-3.42220065480957,47.61921403095727],[-3.422186014386112,47.61931417793055],[-3.42198972524442,47.619126315391505],[-3.421992679444407,47.61926161635333],[-3.421932033324107,47.61920174212725],[-3.421755421193944,47.61950949520337],[-3.421862363401031,47.61962100370625],[-3.421841733195273,47.61989306802079],[-3.421670608524579,47.61980315821304],[-3.421670317461892,47.619911545194235],[-3.421609670964826,47.61985167082072],[-3.421464501832714,47.619977072260134],[-3.421407391446677,47.6198357247521],[-3.421304483680036,47.61986848810027],[-3.42123726276593,47.62019730483583],[-3.421091302652653,47.620205347515224],[-3.421057194648794,47.620144010572034],[-3.42096971793921,47.62019398511531],[-3.420998915455127,47.62043621071449],[-3.420772641381347,47.6198887623207],[-3.420766063064626,47.62027745357855],[-3.420568199351497,47.61985487215384],[-3.420474234885221,47.61985101838712],[-3.420652340717008,47.620220503136785],[-3.420644478256188,47.62026609084048],[-3.420481216999857,47.62013059160141],[-3.42072125370005,47.620903054563186],[-3.420823871031862,47.62097867866608],[-3.421091419782005,47.62098199871934],[-3.420818171357704,47.621042208997025],[-3.420773452155339,47.62122529087861],[-3.420681941053298,47.62113099300904],[-3.42079528251352,47.62173884915878],[-3.421111792070143,47.62203749137228],[-3.421233381012415,47.622048853613514],[-3.420835789926034,47.62229653274057],[-3.420717737668267,47.6222036971771],[-3.420743983921093,47.62231062181713],[-3.420559583738371,47.62222144159646],[-3.42054356469149,47.622421003734885],[-3.420441238556228,47.622236992598985],[-3.420316111581071,47.62230710243096],[-3.420328793617071,47.62252314504584],[-3.420496680684577,47.62258614275672],[-3.420337444221059,47.622594915559304],[-3.420497376095444,47.62314601943353],[-3.420387679620494,47.623233340851854],[-3.420308354267716,47.62312934041181],[-3.420331849879792,47.623435096040375],[-3.420201313340143,47.62346034915642],[-3.420111962026732,47.62338399357176],[-3.419822972928669,47.6235353766289],[-3.41975072565877,47.62326843015319],[-3.419692239963036,47.62322649752025],[-3.41968408112529,47.62338047187212],[-3.419622646932895,47.62320323846972],[-3.419548433749352,47.62325248089283],[-3.419593944766508,47.62318675778334],[-3.419496730913176,47.623155989282075],[-3.419541160708557,47.623081294870374],[-3.419415245048585,47.62303404559192],[-3.419414358066716,47.62335920596111],[-3.419506461701192,47.62323673115256],[-3.419563570692434,47.62337807934331],[-3.419471762491763,47.62339216741203],[-3.419438144275388,47.623556574966656],[-3.419608491262009,47.623529129787606],[-3.419458982625551,47.623618643233605],[-3.41945976825408,47.62373600131377],[-3.419562684608304,47.62370323965612],[-3.419452985459424,47.623790560171564],[-3.419548038004869,47.623803386067856],[-3.419492204494671,47.62400514079592],[-3.419592663584682,47.62406282323005],[-3.419808523527739,47.62396965466613],[-3.419557178237782,47.6241009013987],[-3.4196440722721,47.624267701487035],[-3.419231320766568,47.6243897765031],[-3.419322834892512,47.6244840753514],[-3.419254321566584,47.624469787411186],[-3.418995892668574,47.6247639784287],[-3.418568189688462,47.62509458403586],[-3.418442270140817,47.62504733375738],[-3.418465270041498,47.62512734479375],[-3.41822610537053,47.62524888641996],[-3.417882454700751,47.62516847180261],[-3.41778926305401,47.625281973883645],[-3.41783615780406,47.62511683617756],[-3.417600533865037,47.62515690382465],[-3.417616747689205,47.625291473731274],[-3.417718587232559,47.62524974239788],[-3.4177394242443,47.62531181091753],[-3.417669530130633,47.62539693739405],[-3.417830638426103,47.62551449754954],[-3.417676199077215,47.625784896623315],[-3.417785606248459,47.625805964509425],[-3.417844392136491,47.62573951140048],[-3.417972474775979,47.62580470494891],[-3.418049040637036,47.626107537452555],[-3.417896279195059,47.62617013482357],[-3.418014335317727,47.626262973049485],[-3.417847221737268,47.62631732982466],[-3.417676266531406,47.626561545603025],[-3.417882894401935,47.62661338335184],[-3.417713318519119,47.626758183879986],[-3.417844945292145,47.62674190490541],[-3.417811319955658,47.62690631170842],[-3.417944810421889,47.62701636183319],[-3.417912266232353,47.62718973995695],[-3.417788504304355,47.62716043165542],[-3.417773853423765,47.627260577666476],[-3.418011350045369,47.62734683889913],[-3.417910587746163,47.62739754175704],[-3.418022160386298,47.62743655203235],[-3.4178263392136,47.62747442770146],[-3.417832825242734,47.62752825558874],[-3.418089596142753,47.62744186936113],[-3.418106892946882,47.627585410353184],[-3.418416449778288,47.627604486730995],[-3.418524373505327,47.628167486530586],[-3.418403256832894,47.628381865818994],[-3.41813891438377,47.628405453543],[-3.418119641203213,47.62857810079389],[-3.418199268548128,47.6285737159451],[-3.418005306890466,47.62873792098443],[-3.418081094468073,47.62892339524],[-3.41796459718113,47.62906527275234],[-3.417696708927786,47.62917033200496],[-3.4176660254028,47.62947003892036],[-3.417564477219207,47.629403383681556],[-3.417218038610782,47.629521797540434],[-3.417229929005658,47.62962048195679],[-3.417411406013195,47.62957436674427],[-3.417310638939127,47.629625069026424],[-3.417295686485673,47.62983360126726],[-3.41725941478099,47.62975432090075],[-3.417120994455757,47.62982515774299],[-3.417227647509545,47.63004505630265],[-3.416995723805166,47.6303377806434],[-3.416835382745882,47.63033757732722],[-3.416683387398398,47.6305175306633],[-3.416869191542393,47.630507301559746],[-3.416894353258063,47.630605255298555],[-3.416752687577172,47.63064917774748],[-3.416765658254612,47.630756833463145],[-3.416107041120533,47.63138912361151],[-3.415660894820897,47.6315672051498],[-3.415668156573166,47.63173839066529],[-3.415866156440522,47.631718461324084],[-3.41624827943447,47.63189610482864],[-3.416266351461174,47.63215700335572],[-3.416114651426779,47.6322285695085],[-3.416176386646612,47.632297417661505],[-3.416068047609906,47.63228531964732],[-3.416056634511835,47.632412379102675],[-3.416264666410791,47.63236480459958],[-3.416400329070531,47.63249279879146],[-3.416534132161886,47.63249446395158],[-3.416508065374014,47.632721669008816],[-3.416726003797671,47.63308896543391],[-3.416707805288548,47.633270583332454],[-3.416522770806981,47.63339816967997],[-3.416662760435272,47.63356204869327],[-3.416405655953381,47.63375681770641],[-3.416588883215827,47.634279548656316],[-3.416536571915272,47.63439982860881],[-3.416766230430513,47.634531679146704],[-3.416828270131268,47.63449214072458],[-3.417284047300103,47.634837312459],[-3.417461217636926,47.634755312149686],[-3.417574668087477,47.63492065140495],[-3.417866669815432,47.63490457477542],[-3.417940303313523,47.63507210597329],[-3.418328459317257,47.63507782652115],[-3.418623110883968,47.635305434058985],[-3.418563234141582,47.635362915960414],[-3.418776681918323,47.635360193413625],[-3.419148708211479,47.636007987380715],[-3.419771360966526,47.63762633679005],[-3.420029162498923,47.63799143315001],[-3.420397776937939,47.638278179470795],[-3.421073853255992,47.63856605134097],[-3.423293152193617,47.63913013109215],[-3.425074973490758,47.63994405473288],[-3.425660343159971,47.640254963280235],[-3.425686608193469,47.64036188581266],[-3.425761922103699,47.64032161110633],[-3.425904406091089,47.64039503497814],[-3.425950441565948,47.6405550528342],[-3.426011398820255,47.64050653848002],[-3.426250050389974,47.64060175354804],[-3.426425580337005,47.6407275403753],[-3.426333744101087,47.640741633711485],[-3.426345653852495,47.640840316626196],[-3.426471899087113,47.64077917217877],[-3.426387641764031,47.64085606376547],[-3.426461591670724,47.64091520326277],[-3.426756871850945,47.64092601797925],[-3.426778808278102,47.640997055552184],[-3.426892862009616,47.64094561360628],[-3.427071643103046,47.64109831294309],[-3.427300553341552,47.64111278534533],[-3.427299190722433,47.64121219998496],[-3.42739319329324,47.641216048218105],[-3.427331956803815,47.64137294906969],[-3.427463616689284,47.641356659379156],[-3.427473362849848,47.641437399826174],[-3.427487999420312,47.64133725333374],[-3.427568727955289,47.64134183328779],[-3.427650260405568,47.641463770135374],[-3.427529150217436,47.64167815740962],[-3.427620708652817,47.641772448913215],[-3.427730152526286,47.641793507310176],[-3.427753731224551,47.64165674428386],[-3.428112416523497,47.64152859683567],[-3.42866207842986,47.6415434420187],[-3.429090912623506,47.64166428772199],[-3.429125574726683,47.641951364319254],[-3.429185447483739,47.6418938772012],[-3.429295975448142,47.64192390527253],[-3.429388620669118,47.64202716651957],[-3.429291366847996,47.64199640647047],[-3.429297866206574,47.64205023331605],[-3.429461492268585,47.64207733294231],[-3.429390236145465,47.642261880304005],[-3.429473940691332,47.642401758097265],[-3.429538697083369,47.642163383870766],[-3.429608044097993,47.64229502253263],[-3.429715323221201,47.6422981367909],[-3.429683082866044,47.64236313108313],[-3.429806886583106,47.642392426550906],[-3.429783862236719,47.64231241846302],[-3.429915523691518,47.64229612601751],[-3.430154999655651,47.64250868989052],[-3.430104603559554,47.64275530338681],[-3.429877577674676,47.64286716447119],[-3.429871337377331,47.64314746593212],[-3.429670050399021,47.64314050549669],[-3.429557886072529,47.64331827805099],[-3.429684133488698,47.643257130211445],[-3.429748065631555,47.64334391305991],[-3.429863204864371,47.643301439407985],[-3.429872420723717,47.64315643706243],[-3.430007334340645,47.64316705791146],[-3.429946652060536,47.643107188586605],[-3.430183155482656,47.64318445323313],[-3.430185048385993,47.64331078117954],[-3.430256029409415,47.64323461913015],[-3.430392026736075,47.643254210660835],[-3.43038119239523,47.64316449940811],[-3.430690033369133,47.64306618627968],[-3.43090188918018,47.642828727921525],[-3.431018921246281,47.64291258108022],[-3.431073375330408,47.64281023741749],[-3.431335616243785,47.64276867836166],[-3.432291114950766,47.64282433459421],[-3.432639236253018,47.64294059050615],[-3.432622441296993,47.643022795349495],[-3.432748684502427,47.642961644189356],[-3.432848109762436,47.64301034355208],[-3.432876289825825,47.643243592222284],[-3.433041005245629,47.64327965792068],[-3.433045608862215,47.64320715662329],[-3.433185942763123,47.64326262930401],[-3.433056179625883,47.643405253320196],[-3.433260452157535,47.64354750689986],[-3.433330345172151,47.643462371894856],[-3.433342268469368,47.64356105395644],[-3.433415413217244,47.643502832190784],[-3.433452802225847,47.6435910780694],[-3.433603160368965,47.64361890441296],[-3.433857815110201,47.64351454205643],[-3.434073462828411,47.64352973375606],[-3.434660538038992,47.643632796370206],[-3.434713372305148,47.64373825132771],[-3.434776493592256,47.64370767464675],[-3.434907892658907,47.64379976226235],[-3.434892185132529,47.64389093847536],[-3.435080464776115,47.64379023696716],[-3.43526686871405,47.64400572108417],[-3.435214589980735,47.644126008790046],[-3.435338400824204,47.6441552983697],[-3.435247381695534,47.64428675541062],[-3.435303470623038,47.64441912328918],[-3.43521379892013,47.644451165725975],[-3.435367413296637,47.64450590301025],[-3.435281815071663,47.64468221541538],[-3.435420249824207,47.64461135760022],[-3.435710689479388,47.64480303662438],[-3.4360314586648,47.644803391216165],[-3.436169892736264,47.64473253251732],[-3.436314571747404,47.64482388565292],[-3.436957455101373,47.64472517607552],[-3.437423989366367,47.64482585006068],[-3.437810048965808,47.64481356374569],[-3.437938718088075,47.6446619635063],[-3.437888045978514,47.644574452156725],[-3.438056023149002,47.644637423907454],[-3.438131333756953,47.64459714131765],[-3.43781082421176,47.64448840685369],[-3.437990164516059,47.644424317925896],[-3.437878541763189,47.644385327068136],[-3.437888820745727,47.64424929522374],[-3.438131280046189,47.64415462768208],[-3.438455299779117,47.64418188876673],[-3.438594813851955,47.644119998218216],[-3.439279423297171,47.644145404204274],[-3.439316822453281,47.64423364817669],[-3.439412171344489,47.644138072111495],[-3.439521624721772,47.64415911943715],[-3.439480460297056,47.64426073374104],[-3.439582318940204,47.644218983756005],[-3.439509179939405,47.644277209360354],[-3.439584234131495,47.64434531148123],[-3.439654118101777,47.64426017272908],[-3.43963924886293,47.644468706240225],[-3.439753552082861,47.64430886618258],[-3.439847561005704,47.64431270438921],[-3.439868939665325,47.64415799703272],[-3.439989497932455,47.64416036858502],[-3.439837287004222,47.64444873640137],[-3.439942400921725,47.64443389920227],[-3.440166664325045,47.64407833424152],[-3.440312433526802,47.64417865348794],[-3.440502874261252,47.64409588531557],[-3.440461458725288,47.6443058856275],[-3.440650814502415,47.64421414619239],[-3.440750754189762,47.64404606746867],[-3.440952627194251,47.644278751164215],[-3.441179384296011,47.64427525430618],[-3.441234905560917,47.64418187700162],[-3.44134653034054,47.644220864657115],[-3.441393117695699,47.64416410478774],[-3.441410482603843,47.64430764107984],[-3.441504742553739,47.644203092292436],[-3.441556505575687,47.644299573106956],[-3.441632898410361,47.64426825926988],[-3.441614447576524,47.644115751991066],[-3.441858820229425,47.64414740441292],[-3.441868003639015,47.64400240118671],[-3.442028135999269,47.64411095581445],[-3.442177664185258,47.644021414431094],[-3.442740382005554,47.64414384550383],[-3.44272335379731,47.64433443740923],[-3.442824124496823,47.64428371359405],[-3.442954453298469,47.64436682112818],[-3.443091791451816,47.64428698320911],[-3.442921638318137,47.64420607667803],[-3.443044367994148,47.64422638708673],[-3.443125349851518,47.644122570616275],[-3.443285732422429,47.644122737844796],[-3.443285979713682,47.64401435216943],[-3.443478339649176,47.64405790682368],[-3.443636797247484,47.64393174589017],[-3.443545206808827,47.64383746704508],[-3.44380418594884,47.64376896702577],[-3.443840998939812,47.643631467179524],[-3.444220533811058,47.64356533368475],[-3.444418811872691,47.64343697036151],[-3.446225597206757,47.6446736736487],[-3.44644125312761,47.644688842512686],[-3.446249733355703,47.644762649367365],[-3.445708605192009,47.644377141177],[-3.445621111847644,47.64442713355602],[-3.445664436757731,47.64434345905426],[-3.44558153010771,47.64432094965268],[-3.44547617513724,47.64444417758746],[-3.445451197326703,47.64423784504686],[-3.445093266328508,47.644040888525595],[-3.444968120621323,47.64411102397429],[-3.444789033989853,47.64406673794692],[-3.444723501919624,47.64418776372953],[-3.444814985905308,47.643839527930325],[-3.444438952200929,47.64382419063266],[-3.444450896121721,47.64392287154112],[-3.444334926526626,47.643848002874435],[-3.44430596040718,47.64393991412545],[-3.444001728262845,47.64396576149819],[-3.443948383526973,47.644077082118706],[-3.443868735168092,47.644081484484786],[-3.443828071462188,47.64396632897179],[-3.443696410136244,47.64398263708032],[-3.443535287632437,47.644307627430265],[-3.443393607510716,47.64435158187332],[-3.443372238992288,47.644506289858995],[-3.44307777351752,47.64461287380337],[-3.443050385955951,47.64449698441769],[-3.442810104928699,47.644609604156734],[-3.442798163888471,47.64451092311587],[-3.442476310924308,47.64450161609327],[-3.442506365996038,47.64441867632991],[-3.442270924718513,47.644350407687405],[-3.442134670607716,47.64443921564952],[-3.441985391113654,47.64442037130868],[-3.441935297924368,47.644558604017895],[-3.441881363182315,47.64444418135864],[-3.441690923343005,47.64452695176275],[-3.441485288315333,47.64448412762949],[-3.441469340842739,47.64468369033379],[-3.441343354797576,47.644636465225005],[-3.441361222133116,47.64456323021473],[-3.441140723786498,47.644728939175984],[-3.441198164618124,47.64476188958319],[-3.441002296325359,47.64479980376407],[-3.440929410159105,47.6447496446108],[-3.440818617490936,47.644828013219275],[-3.440865205937695,47.644771253578334],[-3.440713755559896,47.644734465574366],[-3.440836737879728,47.644646392662075],[-3.440764937285659,47.64460520442398],[-3.440572324786988,47.64467003095379],[-3.440697225030937,47.64470828587052],[-3.440572071980859,47.64477841658637],[-3.440462616918986,47.64475737025151],[-3.440518139939777,47.644663993310964],[-3.44032903563844,47.64464734687624],[-3.440204967362743,47.64472644822705],[-3.440339887004464,47.64473705713665],[-3.440084407807118,47.64472407689776],[-3.440078728527391,47.64478760738703],[-3.439870669438595,47.64483522398987],[-3.439919683168948,47.64468802115586],[-3.439816993184156,47.64461241475993],[-3.439616529651649,47.64472282813027],[-3.4395192650226,47.644692076637995],[-3.439673139141195,47.64463842262256],[-3.439446380397523,47.64464191655681],[-3.439388685567297,47.64471735091982],[-3.439119102572846,47.644587745113846],[-3.43906466210615,47.64469009243114],[-3.438957377629241,47.644686986761066],[-3.439231556076731,47.64474409145056],[-3.43896254608312,47.64484022758026],[-3.439088530502292,47.64488745525108],[-3.439100464766571,47.644986136651596],[-3.439013220207204,47.64492773845175],[-3.438930059312942,47.64501360995345],[-3.438790799718678,47.644967115261544],[-3.438868023758393,47.64505315989547],[-3.438699787710427,47.64509857493614],[-3.438609288844785,47.64501326331909],[-3.438677005519858,47.64491018309892],[-3.438554275933634,47.644889868110134],[-3.438528296849673,47.64511707661125],[-3.438349212186967,47.64507278073689],[-3.438250605333853,47.64514144275853],[-3.43835680587,47.6451355780345],[-3.438351124489644,47.64519910842617],[-3.438180975635593,47.6451181950301],[-3.438099982647941,47.6452220080197],[-3.437939596789675,47.64522183367323],[-3.438079941076307,47.64527730041772],[-3.438157991490182,47.64548070213831],[-3.437948016620373,47.645401987629626],[-3.437863768535427,47.64547888730673],[-3.437838561314445,47.64538093884354],[-3.43780064692224,47.64550946562732],[-3.437563863246682,47.64554060207638],[-3.437624556840067,47.64560046736911],[-3.437521609345095,47.6456332445697],[-3.437454407807961,47.64551955293196],[-3.43717862325107,47.64567024419941],[-3.437152332577814,47.64556332454668],[-3.437240920352008,47.645522309589886],[-3.437069427623665,47.64554080911979],[-3.436816417744585,47.64587989160464],[-3.436731343331259,47.64583943383496],[-3.436777112967589,47.64566531923158],[-3.43692205577252,47.645648286001574],[-3.436913379125384,47.64557651757388],[-3.436822621879421,47.64559959017248],[-3.436875983002726,47.64548827289391],[-3.436704490257255,47.64550677188853],[-3.436696898465908,47.645443974495684],[-3.436558463248575,47.64551483379267],[-3.436479073258091,47.64541084553621],[-3.436359596804825,47.64541744142302],[-3.436212223864699,47.64552491741646],[-3.436163984431697,47.64534696189532],[-3.436164807119372,47.64546431854115],[-3.435879521890555,47.645425881620504],[-3.435697481516368,47.64568879629155],[-3.435564992082265,47.645587738588354],[-3.435519218557366,47.64576185272393],[-3.435391066580333,47.645696679091834],[-3.435420049008638,47.645604770135506],[-3.435634884092389,47.64550260229525],[-3.435441441022363,47.64545006369339],[-3.435339313350881,47.64560019561646],[-3.435337408164038,47.645473867904364],[-3.435142353535763,47.64562912888963],[-3.435025309032155,47.64554527997974],[-3.43492127580256,47.64556908381905],[-3.434857332580491,47.645482303901844],[-3.435084359151989,47.64537043329409],[-3.435181622461577,47.64540118846718],[-3.4351718639138,47.64532044883002],[-3.43497382079172,47.64534041075241],[-3.434906096417124,47.64544348880321],[-3.43460021265227,47.64523459836036],[-3.434670105739125,47.64514946262871],[-3.435013090224974,47.64511247035234],[-3.434913923373,47.64495538728122],[-3.434557399721552,47.64510149753627],[-3.434583660676052,47.64476590430258],[-3.43430488506196,47.64478128999806],[-3.434334134340275,47.64458099564357],[-3.43418160490635,47.64453522808691],[-3.434000909432657,47.64469872570252],[-3.433744347933081,47.64467676051615],[-3.433977059937877,47.64450136182435],[-3.433954028429059,47.64442135464611],[-3.43379147692881,47.6444032324326],[-3.433866790425403,47.644362952586555],[-3.433735391768602,47.64427086382715],[-3.433829400191357,47.64427470687587],[-3.433831834755741,47.6441842634075],[-3.433770880410505,47.64423278174889],[-3.433680390893325,47.64414746627605],[-3.433575275799249,47.644162297844],[-3.433593153636907,47.644089064003886],[-3.433360709619681,47.64415607632319],[-3.433342831440565,47.644229310125205],[-3.433208182235227,47.644110307485704],[-3.433072997561593,47.64420807598585],[-3.433127449028191,47.644105731434806],[-3.432993616307509,47.644104085290614],[-3.432970586444653,47.64402407790199],[-3.432754668361631,47.64411726982319],[-3.432818606528541,47.64420405095267],[-3.432664726771072,47.644257695953236],[-3.432688562727176,47.64401254645455],[-3.432612165010413,47.64404385444778],[-3.432552831715714,47.64388457194566],[-3.432429023029395,47.643855279410225],[-3.432519779208238,47.64383221020329],[-3.432419268929106,47.643774539478244],[-3.432465865389882,47.64371778315547],[-3.432139414129593,47.6437809489114],[-3.432126409271467,47.64367329563143],[-3.432064370232757,47.643712841988695],[-3.43180483383222,47.64355557353337],[-3.431869581212262,47.64331719815815],[-3.431792370969539,47.64323114882153],[-3.431489220429149,47.64326593473592],[-3.43161085994895,47.64327728604904],[-3.431440997018919,47.64353049093863],[-3.4314344953183,47.6434766642537],[-3.431331548118745,47.64350943603671],[-3.431427181391826,47.643305480763225],[-3.431166021479681,47.64335601113034],[-3.431170083858551,47.64350028128292],[-3.431088268191369,47.6434867327049],[-3.431164394096287,47.64356381137897],[-3.431074721345421,47.64359585065346],[-3.431154370033902,47.64359145700757],[-3.431076888461378,47.643613792887535],[-3.431129715626702,47.64371924946646],[-3.43103787548466,47.64373334647828],[-3.431091786256656,47.64384777418405],[-3.430920296778582,47.64386626470513],[-3.430926798007999,47.64392009140776],[-3.431086096364124,47.643911304264805],[-3.431114541214545,47.64403616760351],[-3.43093871696266,47.644018773691066],[-3.430820864771089,47.644260077438275],[-3.43075720252493,47.644064909573544],[-3.430594107057018,47.64426355419378],[-3.430363825419727,47.64434850278123],[-3.430272257717335,47.644254213553594],[-3.430184750114664,47.64430419437607],[-3.430156307297006,47.64417933082844],[-3.429998091376309,47.644197087826846],[-3.430118923327706,47.64409108392205],[-3.430018415155713,47.644033411139546],[-3.429654300945927,47.644116708633554],[-3.429629109437274,47.644018758330425],[-3.429713367083333,47.643941864532586],[-3.429810624693324,47.643972624199314],[-3.429830948962247,47.64380894752549],[-3.429516685596802,47.643862402694324],[-3.429547843755432,47.64378843736835],[-3.429644017668755,47.643810226045986],[-3.429589026729325,47.64368682653957],[-3.429497293260624,47.64370059132689],[-3.429604210102007,47.64336990854312],[-3.42939045533068,47.643481036541736],[-3.42949704373764,47.64370062876821],[-3.429208389620523,47.643743941368456],[-3.429319197087506,47.6436655837254],[-3.429224106814968,47.64365276591279],[-3.42919350011238,47.643509959819234],[-3.429072391480342,47.64372434846507],[-3.429011709615446,47.64366447867199],[-3.429224658513182,47.6434359945659],[-3.429312992596308,47.64306085736464],[-3.429191078144501,47.643157889356225],[-3.429026365702737,47.64312181822823],[-3.428887926324772,47.643192668522765],[-3.42878958750352,47.643152936935216],[-3.428812080921808,47.64300720265097],[-3.42865603430786,47.64304290012431],[-3.428683414499182,47.642716279001824],[-3.428840543303147,47.642689552627935],[-3.42868721778603,47.642526420984815],[-3.428731121394725,47.64222598120024],[-3.428602986199676,47.642160800003644],[-3.428413894487747,47.64214413426371],[-3.428439082880919,47.64224208492434],[-3.428288731310189,47.64221425191554],[-3.427873416198827,47.642426799777596],[-3.427934899923844,47.64260402707816],[-3.427848197194495,47.6427713630612],[-3.427798626416374,47.64269281840202],[-3.427747940411968,47.6430478165592],[-3.427632800042818,47.64309028813228],[-3.427562060755397,47.64350057678878],[-3.427564819038731,47.64285923380008],[-3.42751035817576,47.64296157582493],[-3.427449678930734,47.64290170519687],[-3.427271657460335,47.64330887738091],[-3.427223449845797,47.643130917964605],[-3.427299849416908,47.64309961347999],[-3.427223729756266,47.64302253226956],[-3.427142718633916,47.64312633777625],[-3.427140832939255,47.643000009768556],[-3.427030303958756,47.642969979675314],[-3.427197460333368,47.642915610230524],[-3.427134615731255,47.64283779712432],[-3.427232429625398,47.64265178752934],[-3.427068802934023,47.642624684789546],[-3.427113238339718,47.642549988249414],[-3.426980772955613,47.642448920648334],[-3.426678706519021,47.64249266525597],[-3.426610449255733,47.64236999603331],[-3.426580089418431,47.6425613175202],[-3.42642079435048,47.64257009852606],[-3.426398056588282,47.6423817040492],[-3.426374192462618,47.6426268524718],[-3.426205953433195,47.64267224958045],[-3.426202423291494,47.642753721794485],[-3.426074289917997,47.642688537842645],[-3.426081868816798,47.64275133601512],[-3.425919325077783,47.64273320283437],[-3.425816941457445,47.642549198340085],[-3.425735928317135,47.642653002896914],[-3.425666307318652,47.64262974768108],[-3.425703399904736,47.64282638178757],[-3.425475848808082,47.64271249173336],[-3.42533740577819,47.642783337836086],[-3.425464790688151,47.6422886516478],[-3.425365089830297,47.64234833171892],[-3.425244820234482,47.642237559340614],[-3.425374601408645,47.64209494391369],[-3.425431746124159,47.64223628785714],[-3.425510310653355,47.642222926879775],[-3.425437726102465,47.64206437225183],[-3.425562093355448,47.64187690071741],[-3.425451619024584,47.64140435484464],[-3.425035041845,47.64083127859996],[-3.424892557888995,47.640757853684576],[-3.425046949214875,47.640929961642435],[-3.424944003005897,47.64096272784077],[-3.424629809755749,47.64057365548547],[-3.424143568731414,47.64041983450419],[-3.423734589016538,47.639909551720265],[-3.422887580043134,47.639423402450895],[-3.422827703273833,47.63948088641525],[-3.420802092383117,47.63886097534749],[-3.419806953629239,47.63836490306442],[-3.419244452277207,47.63779984608995],[-3.418824832155599,47.636757317532016],[-3.418530766772534,47.63631293857813],[-3.417853467057699,47.63568195087022],[-3.417870282451367,47.63559974783811],[-3.417793888085842,47.635631046278576],[-3.417701575610085,47.635419389397185],[-3.417607284549413,47.635523919454016],[-3.417523921460135,47.63527564655529],[-3.417376838465059,47.63527471324871],[-3.417215701706914,47.63515715305943],[-3.417181888863008,47.634987429335084],[-3.416986039389878,47.63502530344781],[-3.417028320537524,47.63493266787346],[-3.416790791749074,47.634846404979875],[-3.416693859525097,47.63470724819411],[-3.416389968522884,47.63462463765333],[-3.416172630752911,47.63404056855421],[-3.416186205640004,47.63393145179455],[-3.416255811161052,47.633954712763995],[-3.416194678439907,47.6336690923314],[-3.41631161970628,47.63297631451941],[-3.416167913974539,47.63255977730936],[-3.416061736027049,47.63256562190397],[-3.416072068336304,47.63242959115023],[-3.415893044887433,47.632385260568334],[-3.415848733283597,47.63201743682078],[-3.415738233400338,47.63198739587481],[-3.415725567696434,47.63177135381508],[-3.415514599148737,47.63168362712182],[-3.415548234569158,47.63151922138513],[-3.415456715049928,47.631424919921386],[-3.416280308065074,47.63072033665154],[-3.416216412940221,47.63063354586754],[-3.416327212261527,47.630555200014165],[-3.416226744481275,47.630497514964354],[-3.416432908861716,47.63032361110232],[-3.416439695573505,47.63026905260355],[-3.416310221285729,47.63030327259635],[-3.416330279785444,47.630247983505214],[-3.41649524554665,47.63017568638154],[-3.416204350061669,47.63020073093959],[-3.416117154723143,47.630142315198825],[-3.416164058916429,47.62997717857768],[-3.416005880440502,47.629994916759784],[-3.415964206840798,47.62987077939578],[-3.415819300196303,47.62988778676721],[-3.415790898666048,47.629762918791975],[-3.415895990342494,47.62974810311303],[-3.415962045362883,47.62985283675399],[-3.415964509544485,47.62976239298434],[-3.416160340431951,47.62972452048119],[-3.416085034229838,47.629764789218754],[-3.416161118897778,47.629841878214435],[-3.41617901583111,47.629768646497176],[-3.416311731291096,47.62976134059502],[-3.416361273156179,47.6298398906529],[-3.416360494250314,47.62972253292086],[-3.41658394859307,47.629692169814874],[-3.416625145369148,47.62959056281477],[-3.416650306204817,47.62968851665248],[-3.416498312081626,47.62986846980801],[-3.416608808006101,47.62989851006787],[-3.416818813404425,47.629534746571835],[-3.417015723759021,47.62950584394484],[-3.416980533594026,47.629435534791476],[-3.417140091330188,47.629318380157216],[-3.417104901124965,47.62924807103453],[-3.417027434495175,47.62927039776345],[-3.417091930129943,47.629140415272715],[-3.416972487703153,47.62914699139133],[-3.417010440623512,47.62901847028053],[-3.417120154512122,47.62893115229424],[-3.417258272449211,47.62896870188554],[-3.417236353635819,47.6288976620834],[-3.417427556862015,47.62893228865064],[-3.417604707378636,47.62885028787357],[-3.417683553371633,47.628728545593056],[-3.41757414025038,47.62870747764307],[-3.417762997094239,47.62839003027219],[-3.417973472503969,47.62825200874921],[-3.417899549545338,47.62819286349231],[-3.418023910953437,47.628005398636795],[-3.417978991100906,47.62785434793107],[-3.417809710482816,47.62789076198537],[-3.417920501772366,47.62781241450992],[-3.417839794527248,47.62780782785739],[-3.4178731215283,47.627751807657305],[-3.417680841257301,47.6277082104834],[-3.417764009371947,47.627622353338616],[-3.417382693046197,47.62756207226368],[-3.417522487635423,47.627391819798184],[-3.417455351661158,47.62727811558778],[-3.4171400923437,47.62732256660592],[-3.417040710636747,47.627273853482045],[-3.417053201160955,47.62715576491708],[-3.416854137826746,47.62716672499212],[-3.416915388816355,47.627009828480524],[-3.417166454052325,47.626986974205124],[-3.417389115360038,47.626839251614975],[-3.417148379376647,47.62672607512154],[-3.417144656459696,47.626473416633],[-3.416975379651688,47.626509829504066],[-3.417032005624724,47.626425434173306],[-3.416898217730413,47.626423769578246],[-3.416999279735893,47.62626468095872],[-3.416870896338793,47.62630787297136],[-3.416874740470055,47.626118013729254],[-3.417055125031478,47.626062927657],[-3.417298800519406,47.62631140497159],[-3.41744291575024,47.62617703779422],[-3.41730294309382,47.62601315909145],[-3.417454324215474,47.62604997779485],[-3.417242894734994,47.625736509364714],[-3.416928725163672,47.62578993117557],[-3.416932268337441,47.625708458527356],[-3.416736753843022,47.625637945759216],[-3.416862974129877,47.62557681121448],[-3.416650646142727,47.62558850161283],[-3.416652630757741,47.62527231297336],[-3.41670138936851,47.62523350506715],[-3.416792900471716,47.6253278058567],[-3.416772365591582,47.62515735049799],[-3.416881470304663,47.6252868059073],[-3.416864177540427,47.62514326456393],[-3.41699039651169,47.62508212986593],[-3.416815720079228,47.62507368586444],[-3.41683853946948,47.62481956583451],[-3.417016156976236,47.62496331049426],[-3.416947944331677,47.62484063451572],[-3.417102564372056,47.62490436770146],[-3.417097760974832,47.62464273764011],[-3.417291410565541,47.62458692047136],[-3.417315189472134,47.62478428978461],[-3.417352357454917,47.62453841023486],[-3.417401896004064,47.624616960062724],[-3.417525951326748,47.62453788210512],[-3.417399552662172,47.62426488591899],[-3.417579930420175,47.62420979898371],[-3.417544144075332,47.62435626326135],[-3.41762700789119,47.6243787927881],[-3.41762976829018,47.624179962000966],[-3.417983738046206,47.62412434589751],[-3.417998871555109,47.62424994449446],[-3.41783392614234,47.624322243962304],[-3.418072789163734,47.62430908980855],[-3.41814838440796,47.62416043294659],[-3.418046845722333,47.62409377794487],[-3.418296815745497,47.62406194987712],[-3.418097764203371,47.62407291208903],[-3.418076927258566,47.62401084359373],[-3.418279221602083,47.62402679539649],[-3.418332599827979,47.62391548534673],[-3.418558190849622,47.62390306102635],[-3.418371924556562,47.62368754801776],[-3.418545515651427,47.62368701837247],[-3.41856340725038,47.6236137860578],[-3.418344601365882,47.62357165159249],[-3.418302927342047,47.623447514652284],[-3.418186740750726,47.6234810060181],[-3.418015909236595,47.62328270424227],[-3.417838777827302,47.62336470587801],[-3.417836914847847,47.62323837643041],[-3.417706676738121,47.623155239975915],[-3.417764976920214,47.622863041884436],[-3.417924996849461,47.622971630726894],[-3.418012779466399,47.622813271730934],[-3.417776383910693,47.62273598163707],[-3.417922351442349,47.622727943110974],[-3.417941324500215,47.62266368219155],[-3.418046103167899,47.62275725133753],[-3.418141451779034,47.62266169157234],[-3.417952432402355,47.62264500873367],[-3.417930515261637,47.62257396883058],[-3.418052104748603,47.62258533438056],[-3.418097915369717,47.62241122500449],[-3.417950867808157,47.62241029241442],[-3.417961193338151,47.6222742607819],[-3.418110700720964,47.62218474919138],[-3.417988329761354,47.622056025515796],[-3.41818737380579,47.62204506347905],[-3.418146185825916,47.622146671424716],[-3.418240452203833,47.62204214021193],[-3.418255585726447,47.62216773891001],[-3.418383958046771,47.62212454528346],[-3.418282422939286,47.622057890416826],[-3.418373148173512,47.62203483193862],[-3.418450008515271,47.62222927792845],[-3.418502303578884,47.62210899636463],[-3.418735157226045,47.62226775786466],[-3.419158408481348,47.62234378457646],[-3.418983252635897,47.622109598791404],[-3.418988954607637,47.622046068584815],[-3.41911378644888,47.6220843470192],[-3.418992494388744,47.621964595717316],[-3.419174728825217,47.62203583576939],[-3.419143568990644,47.62210979916021],[-3.419201267993344,47.6220343739145],[-3.41880701727197,47.621866441384014],[-3.418754236074044,47.621760978043895],[-3.418611514372106,47.62179593161479],[-3.418557950012438,47.62157310997294],[-3.418817934243827,47.62151363588608],[-3.418771045695841,47.62167877429214],[-3.418894307807023,47.621482336548176],[-3.419148589513207,47.6214863919448],[-3.419171588938329,47.621566402988506],[-3.419202748416915,47.6214924395696],[-3.419403850859781,47.621941936929595],[-3.419260446668765,47.62141701427075],[-3.419624422270591,47.621333748190644],[-3.419853147919929,47.62179075418041],[-3.419826117301522,47.6215664711102],[-3.420018377203466,47.62161006489041],[-3.420156677077841,47.621981743121076],[-3.420115588542349,47.62164083298192],[-3.42026263402223,47.62164176284693],[-3.420120796283175,47.6213515576077],[-3.420140648734773,47.62096213556509],[-3.420032626196951,47.62084165423754],[-3.420132881229854,47.62056520419005],[-3.420025646338483,47.620562081098434],[-3.420071154474642,47.62049635771218],[-3.419991539331065,47.620500743855246],[-3.419787685230457,47.62025007843446],[-3.419787193820003,47.62002433318223],[-3.419902290683435,47.619981868834884],[-3.419759869431772,47.619908436870055],[-3.419862778223315,47.619875674883595],[-3.419859042938044,47.6196230155923],[-3.41997738249532,47.61960746515884],[-3.419933839963463,47.619356998882836],[-3.42019892400754,47.619450765320536],[-3.420296719217883,47.61926475928651],[-3.420311856790727,47.61939035789709],[-3.420345175943246,47.61933433674935],[-3.420449952289788,47.61942790389864],[-3.420328957050959,47.619199766809814],[-3.42035578850578,47.61908991767296],[-3.420453783197714,47.61923804386786],[-3.420336913431745,47.61871165965468],[-3.420474219406058,47.61863184726594],[-3.420429794618924,47.618706542203135],[-3.420573294875107,47.618788944725594],[-3.420649168469995,47.618531898774776],[-3.420564149889159,47.6184914286631],[-3.420678161529701,47.61843999218676],[-3.420614273952603,47.6183532032603],[-3.420717472211088,47.61821205342764],[-3.420857727600345,47.61826754163051],[-3.420870118188473,47.61859197168679],[-3.420928892293856,47.6185255167793],[-3.421104629325986,47.618542925983434],[-3.421227789188999,47.618789004992074],[-3.421190729787615,47.61859236702512],[-3.421269260584439,47.618579008736475],[-3.421126344138171,47.61827983293739],[-3.421420416624277,47.61828168994039],[-3.421491959706204,47.61798875807488],[-3.421393672813324,47.617949019745815],[-3.421468958344904,47.61790874734133],[-3.421704755906327,47.618202804311174],[-3.421628388682217,47.61823410553952],[-3.421725594801933,47.61826487234423],[-3.421742689654847,47.618074280940036],[-3.421857780758954,47.618031814623095],[-3.421878619765721,47.61809388263427],[-3.421918716016105,47.61798330184071],[-3.422018084879654,47.61803201104664],[-3.422126607496096,47.618378236170244],[-3.422029901814717,47.618573215137864],[-3.422256049135746,47.61834400952084],[-3.422241988844177,47.61822738241142],[-3.422364650929125,47.6182477148135],[-3.422451331019319,47.618080380782025],[-3.422597285118266,47.61807233639414],[-3.422563679876578,47.61823674529708],[-3.42270530784043,47.618192815520594],[-3.422677400037455,47.618293693935634],[-3.422783548876753,47.61828784328497],[-3.422810878999342,47.61840373898591],[-3.423031613798944,47.618129675289424],[-3.423149949121996,47.61811412162938],[-3.423038392217367,47.618075116065384],[-3.423111513284625,47.618016899984646],[-3.423252852374552,47.618081356625645],[-3.423287755545699,47.61826005137654],[-3.423169419939344,47.618275605175064],[-3.423182400549678,47.61838326086295],[-3.423070554846919,47.61845264240107],[-3.423171295363504,47.61840193485901],[-3.423407104479333,47.618695988317334],[-3.423463999412111,47.618503202472155],[-3.423358137848306,47.618400666677346],[-3.423448854675322,47.61837760421313],[-3.423515992221704,47.61849130549832],[-3.423674134119062,47.618473557041696],[-3.42367983012052,47.618410026487716],[-3.423575844709486,47.61843382055903],[-3.423499765593294,47.61835673594109],[-3.423640311309977,47.61830383372901],[-3.423788429480173,47.61831373045965],[-3.423801411347974,47.618421386076626],[-3.423950611723933,47.61844025390202],[-3.423905110116188,47.61850597886912],[-3.424010177381827,47.61849115580439],[-3.424047247097381,47.61868779288672],[-3.424142291661433,47.6187006150777],[-3.424166155340766,47.618455464083546],[-3.424271222434517,47.618440640783554],[-3.423742419663386,47.618153709916044],[-3.423823399504065,47.618049905429],[-3.424025672977648,47.61806584732768],[-3.424049250686388,47.61792908337482],[-3.424070092200756,47.6179911509982],[-3.424089056175625,47.61792688892414],[-3.424252605660319,47.61795399618241],[-3.424323847099718,47.61776944963966],[-3.424228804149732,47.61775662759031],[-3.42425511657725,47.61742103194215],[-3.424385636433327,47.61739577421724],[-3.42445904048899,47.61722917014167],[-3.424562737983537,47.6173137624019],[-3.424563023160162,47.61720537526928],[-3.424727937472776,47.61713306603475],[-3.424551121975977,47.617106690970154],[-3.424742572530104,47.61703291863096],[-3.424746103198869,47.61695144537988],[-3.42465675627888,47.61687509301725],[-3.424502947088449,47.61692872802528],[-3.424443382703896,47.61687782633351],[-3.424572819220641,47.61684359708998],[-3.424449077619763,47.61681429569009],[-3.424693600037408,47.6167375972994],[-3.424642976141354,47.61665007894555],[-3.424846611118332,47.616566603566866],[-3.424926219996386,47.616562214105286],[-3.424945695620229,47.616723697483124],[-3.425131450176208,47.61671345516494],[-3.425158270500538,47.616603604785055],[-3.425269825879199,47.61664260835344],[-3.425300175673421,47.61645128464911],[-3.425385993145426,47.61660910982422],[-3.425260602096235,47.61678761231944],[-3.425448520950076,47.616795312087454],[-3.425499146304296,47.61688283008559],[-3.42540382118302,47.61697839614022],[-3.425580636676165,47.617004769915546],[-3.42534124099411,47.61723471375652],[-3.425602561709696,47.61707580858562],[-3.425729268107102,47.61724040976662],[-3.425847600673201,47.617224853366025],[-3.425746065566201,47.61715820482076],[-3.425882277312068,47.617069414721136],[-3.425901756012614,47.61723089789759],[-3.425646928110659,47.61744363145731],[-3.426018724113852,47.61731475717213],[-3.425962921841661,47.617516515664434],[-3.426155172169666,47.61756009943288],[-3.426186838079581,47.61771187951739],[-3.426347941938218,47.61782942838779],[-3.426350344007969,47.61818150351269],[-3.426575346742285,47.61838583783185],[-3.426622489258861,47.618112308927294],[-3.426684502579973,47.618072764936926],[-3.426786040597771,47.61813941263506],[-3.426587335951151,47.61759948255321],[-3.426720300534197,47.61748377765756],[-3.426743309582115,47.61756378737406],[-3.426941252745523,47.61754383911558],[-3.42706010776814,47.617754026998824],[-3.427073936343182,47.61753652094002],[-3.427174391452579,47.61759419704425],[-3.42722205302097,47.61754641331971],[-3.427257248836495,47.61761671981678],[-3.427373416975212,47.61758321932732],[-3.427347647425623,47.61814456111296],[-3.427437524058061,47.61844665679486],[-3.427502505287346,47.61854241325047],[-3.42755369388951,47.61841315614032],[-3.427720494073056,47.61846717233381],[-3.427796300821402,47.618652641263814],[-3.427404457089983,47.618836812441444],[-3.427752690047364,47.61884469730353],[-3.427325647873011,47.61895856190175],[-3.427345411166118,47.61901165764208],[-3.427621889267178,47.61897834582031],[-3.427258744903579,47.619178995225845],[-3.426947069031563,47.61914199966205],[-3.426961941898097,47.61937598444199],[-3.426876636697648,47.619443905963465],[-3.427146622889642,47.619356767664904],[-3.427331024180341,47.61944593761647],[-3.427293662200414,47.61935768867875],[-3.427654084852484,47.61935587071832],[-3.427706356364606,47.61923558485682],[-3.42781250652529,47.619229729638086],[-3.428041293250638,47.61968672008323],[-3.427858776504411,47.61972388078699],[-3.427758841761011,47.619891950593384],[-3.427856054431933,47.61992271226919],[-3.427758563058204,47.62000033758449],[-3.427159014686042,47.620123716103414],[-3.427385670090774,47.62012024597117],[-3.427342336190691,47.62020391474026],[-3.426792613694702,47.620297450157715],[-3.426773652132064,47.62036171259267],[-3.427250255765226,47.62032639591813],[-3.427170361565982,47.620439173920786],[-3.42686272739027,47.62054645015787],[-3.426849177728693,47.62065556890959],[-3.427224520315747,47.62044521782897],[-3.427449012124379,47.6204238050541],[-3.42743546369226,47.62053292388069],[-3.427344465378136,47.620664376369305],[-3.427041440084259,47.62069915114894],[-3.427120774942335,47.620803147145445],[-3.42702680833433,47.62079929865259],[-3.427043604915231,47.62071709367006],[-3.426915242986321,47.620760296845624],[-3.42692281976132,47.620823095674844],[-3.427009209517637,47.62076414542832],[-3.427039797336851,47.6209069537723],[-3.427129434398477,47.62087491721895],[-3.427068220466247,47.62103181958023],[-3.426935528180748,47.62103913773618],[-3.42684132049542,47.62070115702016],[-3.42674843645292,47.62070627956556],[-3.426784716101464,47.62078555735408],[-3.42671187608047,47.62073538871026],[-3.42661381949559,47.62102978690636],[-3.426677720028952,47.62111657243142],[-3.426709951211911,47.621051578255276],[-3.426767357659815,47.621084536159415],[-3.426837191690342,47.62144192298291],[-3.42712695201413,47.621407880576875],[-3.427198431037652,47.621557464591994],[-3.427300255967192,47.6215157248245],[-3.427360910736724,47.621575596191725],[-3.427368208647241,47.621746781858796],[-3.427515254544641,47.621747702592536],[-3.427533133189152,47.621674468831365],[-3.427900314255802,47.62206060951899],[-3.427900592681568,47.621952222642165],[-3.428005665620212,47.6219373960091],[-3.428085004196763,47.62204139128451],[-3.427916831496114,47.62208679133953],[-3.428008635222735,47.622072696623206],[-3.428044917671286,47.62215197396465],[-3.428220668961126,47.622169372428345],[-3.428224194661531,47.622087899286775],[-3.428450581027012,47.622192813961625],[-3.428428122135257,47.62189603101501],[-3.428543216160047,47.62185355819303],[-3.428566783968473,47.62171679359405],[-3.42864856563204,47.621730344090125],[-3.428523199418148,47.62146633079297],[-3.428632878954651,47.62137900165493],[-3.428732260264374,47.621427705063006],[-3.428798883370087,47.62131565806952],[-3.428847076536895,47.621493618841754],[-3.428918030461135,47.6214174567466],[-3.429004142794437,47.621466891954746],[-3.429030957538092,47.62135704095322],[-3.429183140514347,47.62151120269242],[-3.429137366818958,47.62168531649518],[-3.429247852916763,47.62171534492547],[-3.429235686403311,47.62128252936228],[-3.429313136335515,47.62126019444553],[-3.429375958712152,47.62133800724738],[-3.429378399775403,47.62124756279978],[-3.429451243000995,47.621297729767335],[-3.429585293440279,47.621190993065234],[-3.429689006752851,47.62127558060164],[-3.429703633639255,47.621175432788995],[-3.429733938283209,47.621869146149386],[-3.429852020419546,47.62151945380013],[-3.430107386079468,47.62153245656787],[-3.430139613338052,47.621467461459176],[-3.429991759417947,47.621349185884334],[-3.429950594442471,47.621450798028036],[-3.429853377782111,47.6214200381198],[-3.429886962577918,47.62125562738832],[-3.429977407230544,47.62134094680834],[-3.43004402761465,47.6212288990996],[-3.430557195435116,47.621164458764774],[-3.43111964567294,47.62128694724771],[-3.430852905412666,47.6214010083109],[-3.430605394326726,47.62134241882522],[-3.430547712184641,47.621417849730825],[-3.430473784759328,47.621358712224506],[-3.430432620693975,47.62146032453762],[-3.430604038366549,47.621441834518244],[-3.430585080985431,47.621506097534194],[-3.430737541538326,47.62155187033065],[-3.430628948126604,47.62164817266041],[-3.430769495443287,47.62159526195824],[-3.431054649643841,47.62163371182904],[-3.431103122539829,47.62170328474308],[-3.430958242890376,47.62172031096582],[-3.431110704374978,47.62176608327013],[-3.431280228059633,47.62162126292216],[-3.431246107444953,47.62155992899967],[-3.431379883595286,47.6215615771647],[-3.431321119157398,47.62162803722768],[-3.431478996592602,47.621718665134985],[-3.43151907567933,47.62160808125168],[-3.431616022761599,47.62174722667346],[-3.431832665155087,47.6217713938929],[-3.431880326283244,47.62172360836969],[-3.431769838687675,47.621693582429856],[-3.4318551412572,47.62162565741279],[-3.432165751734147,47.62165366862236],[-3.432157894720466,47.62125673819254],[-3.432435464777219,47.621232386224484],[-3.432421657088963,47.62144989250547],[-3.432503439322017,47.62146344030412],[-3.432500458361792,47.62132813976219],[-3.432674856287308,47.621444947245436],[-3.432614464558702,47.62127669170856],[-3.432695969255771,47.62095610735548],[-3.432911525520476,47.620971301376635],[-3.432837059299971,47.62112893923955],[-3.432909637362194,47.62128749098454],[-3.432807548794352,47.62143762257031],[-3.432722516370177,47.62139716137052],[-3.432721164351153,47.6214965770853],[-3.432843569550197,47.62162528535933],[-3.432913434528659,47.62154014963924],[-3.433064813729755,47.62157694819476],[-3.432993865509617,47.62165311280282],[-3.43315201362092,47.62163535154101],[-3.433207538254886,47.62198449576832],[-3.433292839459971,47.62191656971135],[-3.433221075257319,47.62187537635371],[-3.433325063072207,47.62185157373654],[-3.433550374925033,47.62194750734224],[-3.433345902880963,47.6214711207535],[-3.433448806345742,47.62143834682249],[-3.433411981892416,47.62157584497033],[-3.433502432721055,47.62166116164644],[-3.433893743634537,47.62169374410475],[-3.433814394259403,47.62158975275695],[-3.434029953400883,47.621604944708935],[-3.433924331586882,47.62139403173375],[-3.434028584131383,47.62126184155501],[-3.433969005830324,47.62121094483516],[-3.434077326446958,47.62122302631618],[-3.434039952071618,47.621134779617456],[-3.434122817846823,47.62115729747795],[-3.434147741074306,47.62136363489955],[-3.434228439976621,47.62136821029926],[-3.434224657903898,47.6215580705715],[-3.434356001500964,47.62165015986188],[-3.434337291679175,47.621163517673295],[-3.43441717182198,47.62105073481025],[-3.434625432474048,47.621337259338176],[-3.434545287410377,47.62155842924731],[-3.434653344149149,47.6216788971055],[-3.434480843432545,47.62168842187874],[-3.434623289679123,47.62176183582344],[-3.434552343436757,47.62183800137097],[-3.434379023788216,47.6217301679027],[-3.434387162642714,47.62201871119819],[-3.434231181107605,47.622054416504504],[-3.434817465471692,47.62193173450688],[-3.434743268072788,47.621980986616094],[-3.434805015464974,47.62204982528575],[-3.434862692274434,47.62197439230211],[-3.435041696558173,47.62201869404925],[-3.434939612587951,47.62216882744224],[-3.434994593729818,47.62229222580272],[-3.435054702019964,47.62212634820963],[-3.435198234040489,47.62220873261595],[-3.435183324285598,47.621974749226254],[-3.435312766272834,47.62194050816885],[-3.435349586082069,47.62180300944747],[-3.435529936995037,47.62174789472295],[-3.435685654147727,47.62182057458474],[-3.435658294326188,47.62170468210139],[-3.435987858238769,47.62166841931313],[-3.435942630796176,47.62162576194692],[-3.436141931235838,47.621506382389065],[-3.436016004600615,47.62145915097035],[-3.436197437631967,47.62141300637948],[-3.436214220284657,47.621330800104495],[-3.436427349941844,47.621436432219326],[-3.436540268560251,47.621376009166056],[-3.43643684493046,47.62162555966949],[-3.436234292761913,47.62171802621153],[-3.436292789797071,47.621759950592654],[-3.436458786307553,47.62169659613245],[-3.436403280073691,47.62178997225266],[-3.436653489012144,47.62164971794817],[-3.436571705440667,47.62163617305686],[-3.436655917760242,47.62155927336332],[-3.436730936373318,47.62162737811669],[-3.437032052281778,47.62146624896093],[-3.437047794261805,47.62181759025029],[-3.43691726958738,47.62184286206906],[-3.436872084504538,47.62224272381669],[-3.436674127630751,47.62226268885912],[-3.436796804482203,47.622283006060485],[-3.436585056428723,47.62252047762826],[-3.436442344374635,47.62255545297386],[-3.436516280068749,47.6226145866657],[-3.436415544279791,47.62266530560889],[-3.436522784352483,47.62266841364824],[-3.436154789039116,47.62304997937245],[-3.435964416642557,47.623132741358624],[-3.435999627654547,47.623203045019046],[-3.436113634483094,47.62315159359933],[-3.436246069272878,47.623252651853505],[-3.436356823875911,47.62317428670635],[-3.436416406644668,47.62322518215677],[-3.436006691514733,47.62348261681863],[-3.435837996376073,47.62374480185518],[-3.43601618537698,47.623671744104186],[-3.436102307919481,47.62372117402136],[-3.435950658454482,47.62379276624237],[-3.436055732779447,47.62377793238123],[-3.436069824711744,47.623894557493564],[-3.436278889606075,47.623855918303406],[-3.4363736850765,47.62397711729544],[-3.436805084575329,47.623899104528086],[-3.437017921270183,47.62367060388403],[-3.437079673549884,47.62373944129131],[-3.437084269996303,47.62366693910236],[-3.437243506901823,47.62365814347256],[-3.43715144323584,47.623780632238535],[-3.437315276604897,47.62369933432084],[-3.437344290943604,47.624049942180186],[-3.437161506123362,47.624195504118326],[-3.4371845337131,47.62427551150141],[-3.437343513152759,47.62437510250735],[-3.437586967413163,47.62428940627032],[-3.437785757387487,47.624386797615976],[-3.43776086930652,47.624622979499904],[-3.437674743773386,47.62457355082862],[-3.437500891043883,47.62468249565739],[-3.437541526411168,47.624797654520854],[-3.437650939395644,47.62481870380946],[-3.437626309211134,47.62494649887979],[-3.437752245497629,47.62499372847761],[-3.437725446874261,47.62510358127549],[-3.437842709054138,47.6250790416424],[-3.438051261641228,47.62525717275257],[-3.437761228970989,47.625399628907296],[-3.437970866889491,47.62558673127028],[-3.438000144499517,47.62582895194237],[-3.43788479125526,47.6259798206779],[-3.438048372415596,47.62600690850373],[-3.438122056976634,47.62617442774498],[-3.438089836595711,47.626239424898706],[-3.437898629618468,47.62620483210629],[-3.437754048925166,47.62655599781997],[-3.43799725452499,47.626578687471614],[-3.4380877211591,47.62666400037704],[-3.438100164979837,47.626545909528545],[-3.438284609400831,47.626635061854955],[-3.43829653809821,47.62673374427022],[-3.438398364222727,47.62669199493847],[-3.438334437960564,47.626605216075845],[-3.438477159601883,47.62657023849116],[-3.438402131814466,47.626502135032496],[-3.438499619584129,47.62642450109245],[-3.438461149807692,47.62632728491629],[-3.438541856583446,47.62633185732394],[-3.438561319702828,47.62605081983656],[-3.438762799789352,47.62594937833715],[-3.438783089746715,47.62578569858057],[-3.439012449260697,47.625583374757916],[-3.439184706222234,47.625682230011556],[-3.439483413463065,47.62561153932488],[-3.440329197731657,47.6256460827528],[-3.440727555719707,47.62551569552613],[-3.440737823808574,47.625379662102844],[-3.441242339454714,47.62524340605759],[-3.441512080718871,47.62526462153929],[-3.44167749790562,47.62497551519799],[-3.441814537890047,47.62500406472321],[-3.441922032947244,47.6248987810571],[-3.441881388053201,47.6247836237238],[-3.441976697611881,47.62468804460411],[-3.441838573369842,47.62465052415944],[-3.441762709317944,47.62446506491833],[-3.441834733739801,47.62439786620034],[-3.44173533494802,47.62434917401639],[-3.441839323784784,47.62432536384893],[-3.441902168026472,47.62440316978948],[-3.441968767201973,47.62429111545623],[-3.441885558398858,47.62393447171628],[-3.441723066589623,47.62391636034513],[-3.44180944500657,47.623857399245686],[-3.4417509413407,47.623815477672906],[-3.441568169339337,47.62396104652458],[-3.441455752772415,47.62380470075582],[-3.441491473141295,47.623658229117055],[-3.441623085013779,47.623641923321735],[-3.441625004296215,47.62376825235798],[-3.441706792416045,47.62378179369592],[-3.441710297640534,47.62370032021591],[-3.441845164440262,47.623710927502714],[-3.441656051041167,47.62325176461778],[-3.441774808922178,47.62257689986491],[-3.441953571064739,47.622729577875724],[-3.441959830959944,47.62289179141451],[-3.442181072132482,47.62284343701258],[-3.44217856544858,47.62249136306239],[-3.442063730571497,47.62242546242421],[-3.442026591900031,47.622228831442726],[-3.442254589558342,47.62212591667347],[-3.442226379666702,47.62189266772127],[-3.442045449631172,47.62172204782914],[-3.44211288055879,47.6217273513039],[-3.442089011336535,47.621529986738814],[-3.441972258612096,47.6213377568],[-3.442069981413427,47.62115173272077],[-3.442020323863138,47.62063067420645],[-3.442191984260031,47.62050378018233],[-3.441820370989909,47.620081799618234],[-3.441912417565115,47.61995930693962],[-3.441763206599762,47.61994046207654],[-3.441743929243438,47.61967059473807],[-3.441664066644041,47.61978338269161],[-3.441495078594535,47.61971144418835],[-3.441455774278894,47.619496870487495],[-3.441586291069143,47.61947159356629],[-3.441564343783995,47.619400557985664],[-3.441687850348523,47.61953822825925],[-3.441572771774048,47.61958071408445],[-3.441694359471582,47.61959205503865],[-3.441882875397094,47.61982547355086],[-3.441959233019762,47.61979415910449],[-3.441841399678828,47.61959295773642],[-3.441912332538532,47.61951678767374],[-3.442010387819945,47.61966489574293],[-3.441930275861169,47.619886070908564],[-3.441994199922612,47.61997284810279],[-3.442106024214012,47.61990344849764],[-3.442336768478361,47.62004422086806],[-3.442239796547571,47.61990508422496],[-3.442442082543771,47.619920994210645],[-3.442538308937491,47.62038529171197],[-3.442524203800946,47.620268667170286],[-3.442699116941025,47.62016868573552],[-3.443081931164565,47.62101450664343],[-3.443005572454992,47.62104582180422],[-3.443050557387112,47.621196863406944],[-3.443319193762906,47.62120910364967],[-3.443407242508263,47.62138485740576],[-3.443431018921356,47.62113970281989],[-3.443489520974219,47.62118162360873],[-3.443492283010043,47.6214253108263],[-3.443292999310552,47.62154470293154],[-3.443480937505311,47.621552373664024],[-3.443469345131565,47.62178782341943],[-3.443336653218108,47.621795160206396],[-3.443240018816009,47.62199015638836],[-3.443422532600155,47.6219529716909],[-3.443423864702317,47.62185355587645],[-3.443512753336717,47.62214666750425],[-3.443610817888686,47.62229477402985],[-3.4436749939668,47.6222731633025],[-3.443702125137247,47.62249744076147],[-3.44357051672138,47.622513748909135],[-3.443546986999286,47.622650516477286],[-3.443666165190614,47.62275230003742],[-3.443575449666601,47.62277537815343],[-3.443540080807692,47.62325598214763],[-3.443694727997007,47.62331968017913],[-3.443645744295598,47.623466886223525],[-3.443802562800481,47.62354852629217],[-3.44390136857322,47.623371471984626],[-3.443871819530657,47.62323763933347],[-3.44373887779382,47.623353363412676],[-3.443816570778868,47.623222632060546],[-3.44396253571207,47.62321456099274],[-3.443969887082896,47.62338574547455],[-3.444053845869096,47.623417227353656],[-3.444311639920643,47.6233397543956],[-3.444409463966085,47.623596246987944],[-3.444567262399321,47.62324433869308],[-3.444584521854293,47.62294535758139],[-3.44448970957532,47.622824165189776],[-3.444576083169327,47.62276520201121],[-3.44449212510061,47.62273372049695],[-3.444595024155213,47.62270093676687],[-3.444640151779508,47.62230107212741],[-3.444745220753292,47.62228623043771],[-3.444968029901634,47.62203006801637],[-3.445030876001208,47.62210787236521],[-3.445045717950856,47.62189933575776],[-3.445165982809958,47.622010088914216],[-3.445060803368525,47.62158241219031],[-3.445228716654406,47.62164537437759],[-3.445166114180557,47.621459183173855],[-3.445302547688808,47.62126198366781],[-3.445498083874473,47.621332448773764],[-3.445615692379429,47.621642033212325],[-3.445547060509807,47.62118524179116],[-3.445624503475075,47.62116289605703],[-3.445660811463728,47.621242167961114],[-3.445739824438263,47.62101201930505],[-3.445663467291351,47.62104333620359],[-3.44564609851557,47.620899798818016],[-3.445743565520345,47.62082215860871],[-3.4458644310856,47.62115865613276],[-3.445926675514104,47.62101071501845],[-3.446038214112959,47.621082751849215],[-3.446068291606138,47.62096675697371],[-3.446179871374756,47.62100574047938],[-3.446376978432742,47.621861825993385],[-3.446410753461392,47.62158902361309],[-3.44647951105746,47.62149490870034],[-3.44655237068891,47.62154506499443],[-3.446649232544101,47.621241679069406],[-3.446765156276979,47.621316546313714],[-3.446823901144597,47.621250078470716],[-3.446864554009725,47.621365234292945],[-3.446922213039042,47.62128979532827],[-3.446865159931261,47.621590979262635],[-3.446936694503447,47.621740551178924],[-3.44684791368676,47.6218899609192],[-3.447071317888025,47.62185953937201],[-3.447041761735549,47.62172570741899],[-3.44716769875306,47.62177292694275],[-3.447197972985109,47.62158159805802],[-3.44736504184488,47.621527199161456],[-3.447650578547621,47.621899740386105],[-3.447505095011845,47.621691042204894],[-3.447482291737289,47.62150264980579],[-3.447571917528637,47.621470597573804],[-3.447911380089306,47.62195755954081],[-3.447818019911297,47.62217947267433],[-3.447986073703635,47.62268494951933],[-3.447978709550909,47.62251376522889],[-3.448107296047377,47.62236215204489],[-3.448041424771267,47.62214904927603],[-3.448144083193222,47.622224649321545],[-3.448229365775521,47.62215671236518],[-3.448240225846077,47.62224642293467],[-3.448420564946278,47.62219128831792],[-3.448735059511984,47.6224719134775],[-3.448753523207313,47.62262442133793],[-3.448847730490203,47.62251986545506],[-3.449075625213586,47.62296784285895],[-3.449143058412949,47.62297314227141],[-3.449107214824085,47.62267709776017],[-3.449210346098689,47.62253592307201],[-3.449344125245887,47.622537550659715],[-3.449366935532864,47.62272594259513],[-3.449376094863605,47.62258093717349],[-3.44948791502125,47.6225115305935],[-3.449731725236503,47.6227599406794],[-3.449589489946121,47.62257815831091],[-3.449658243212125,47.6224840415747],[-3.449541226656024,47.62240020620302],[-3.449600203630248,47.622225350091426],[-3.449901902835559,47.622289932680566],[-3.449862713763897,47.62251788077088],[-3.450034980924386,47.622616720177696],[-3.450032574795187,47.62270716499035],[-3.449923394973617,47.62257774038738],[-3.450078667339031,47.62286717479377],[-3.450152851819854,47.62281791296558],[-3.450073935924034,47.62249715894226],[-3.45016682084021,47.62249201785104],[-3.450266922917431,47.62221554219041],[-3.450448036685564,47.62282866790755],[-3.450557450722067,47.62284970512696],[-3.450462857674452,47.62262013068939],[-3.450514692135722,47.622165703066194],[-3.450723665781207,47.62267794354283],[-3.450674312197171,47.62249102087986],[-3.450766342610228,47.62236852137539],[-3.450926196491616,47.62258545191937],[-3.450987110526716,47.62253692408654],[-3.451020167962163,47.62258928117987],[-3.451070217011853,47.6224510430064],[-3.451168534276973,47.622490756265016],[-3.451201822981493,47.622434726407434],[-3.451241399672896,47.622540909608176],[-3.451451534834863,47.62251121426089],[-3.45149443783598,47.62209340488061],[-3.451662360316348,47.62215635780153],[-3.451828569661787,47.62198459458382],[-3.451937752889092,47.62211401744525],[-3.45198562585164,47.62195783679859],[-3.452068500471746,47.62198034191629],[-3.452116542545669,47.62226667993612],[-3.452170935121948,47.62216432535241],[-3.452266850352562,47.62229448256813],[-3.452209885007786,47.62204476337684],[-3.452351269885052,47.62210918466412],[-3.452234707962452,47.6218085781051],[-3.452415270110658,47.6216450503611],[-3.452625172867445,47.62172373983739],[-3.45263689877271,47.621930807973435],[-3.45272000166025,47.621844925692685],[-3.452803735318215,47.62198478824159],[-3.452776338252037,47.62186889978077],[-3.45285377918273,47.62184654926097],[-3.453064315519796,47.62215098281294],[-3.452969712929923,47.62192141032339],[-3.453127855184967,47.621903622015594],[-3.453232694022566,47.62199715962259],[-3.453211817040227,47.621935097335324],[-3.453292518437917,47.62193965956108],[-3.453420182009847,47.622221588210905],[-3.453402385072109,47.62174392024427],[-3.453507450512705,47.621729070667875],[-3.453773466314634,47.621940118724766],[-3.453698651569869,47.621763637987605],[-3.454088212796301,47.62211234258165],[-3.454326832198229,47.62220750119727],[-3.454374473579007,47.622159706507276],[-3.454382082853541,47.62222250350619],[-3.454630935343255,47.62218162664984],[-3.454882825176324,47.622276049171255],[-3.455197995381968,47.62278240170372],[-3.455351790587031,47.62272872643382],[-3.455614779036564,47.62280447033793],[-3.45580729437284,47.62273961827944],[-3.455678529692479,47.62244872132749],[-3.455858640128769,47.6225019621436],[-3.455865607203008,47.62233901422612],[-3.455967189759083,47.62240563640267],[-3.456051375351123,47.62232872275696],[-3.455853647011272,47.622240333384504],[-3.455902595924083,47.622093122129215],[-3.455966766783186,47.62207150464585],[-3.45595545083209,47.62219856865165],[-3.456050730576227,47.622102977921976],[-3.455988955729009,47.62203415048899],[-3.456197556964632,47.62221224947244],[-3.45625737842757,47.622154747898655],[-3.455953940633957,47.62185546587258],[-3.456127746494652,47.62174649342179],[-3.456270868358605,47.622045625826644],[-3.456205848714539,47.621398979792076],[-3.456340712578307,47.62140957035319],[-3.456355289504009,47.62130941921532],[-3.45627154760092,47.621169559164294],[-3.456420767120325,47.62118838547925],[-3.456552794975616,47.62150619474964],[-3.45664893976359,47.62152796144882],[-3.4566458976057,47.62139266153397],[-3.456790768165745,47.621375603444314],[-3.456600006805956,47.62112426721747],[-3.456695283478641,47.621028675909265],[-3.456621107521377,47.621077941938076],[-3.456601314348281,47.6210248512118],[-3.456775116183368,47.62091587775119],[-3.456720086117073,47.62079248956139],[-3.456912153818171,47.62094440962166],[-3.456883660935099,47.62081955108003],[-3.456998729993142,47.62077705019594],[-3.456840592365209,47.62079484375528],[-3.456755762590452,47.62064601303048],[-3.456812319450337,47.62056159817073],[-3.456988074868023,47.6205789533585],[-3.456908682167994,47.62047497764594],[-3.457052243467547,47.62055733526195],[-3.456998300574037,47.62044291816357],[-3.457219517973158,47.62039453521506],[-3.45719646203299,47.62031453162508],[-3.45737112925791,47.62032291525641],[-3.457549928452808,47.62047556956982],[-3.457649116432912,47.620632635410615],[-3.457581249026454,47.62084411492413],[-3.457677611006448,47.62075749377748],[-3.457863155714124,47.62085558642541],[-3.457763096903295,47.620581162792554],[-3.457894478693819,47.620673225654095],[-3.457939940299747,47.62060748752338],[-3.458078935874929,47.62076234698977],[-3.458184215018842,47.62063910618485],[-3.458123526750539,47.62057925080102],[-3.458208577118768,47.6206196935222],[-3.458255125949685,47.6205629262387],[-3.458253821498389,47.620662342286415],[-3.458395426514495,47.62061836928707],[-3.458268177866306,47.62067057788996],[-3.458292323233881,47.62075955222379],[-3.458450460273387,47.62074175669845],[-3.458314293335366,47.62083058460972],[-3.458265785773151,47.620761022962135],[-3.458175079945506,47.62078411244092],[-3.458233376348661,47.62093441285511],[-3.458516371362488,47.62095485374879],[-3.458572925765651,47.620870438049856],[-3.45853181556174,47.62097206028565],[-3.45863992523525,47.62109250598225],[-3.45873280688205,47.621087358074966],[-3.45904734914862,47.62136795562327],[-3.459215493097865,47.62132251073004],[-3.459307072580982,47.621416778386624],[-3.459321643943788,47.62131662687897],[-3.45950740786785,47.62130632990742],[-3.45948543598309,47.621235297763285],[-3.45961377268536,47.621192058804986],[-3.459545466984026,47.62106940748397],[-3.459758855493503,47.62106661003897],[-3.459916118428232,47.62093145457613],[-3.459788209958272,47.6207579198575],[-3.459953087517826,47.62068556101908],[-3.459960489814403,47.62085674471321],[-3.460064463717245,47.62083291827742],[-3.460087075427093,47.620578789282426],[-3.460228678711539,47.62053481405846],[-3.460288281289718,47.62058569739754],[-3.460278489307803,47.620504958825585],[-3.460359189147202,47.6205095161718],[-3.460259993422772,47.62035245262279],[-3.460431821937877,47.62011714472785],[-3.460531017730609,47.62027420814988],[-3.46066696766795,47.62029376467275],[-3.460664579655583,47.62038420981148],[-3.460718953925103,47.62028185114855],[-3.460912330665721,47.62033434858315],[-3.461025430401505,47.62016551478017],[-3.46117075176007,47.620482583314434],[-3.461294522004743,47.620511845746215],[-3.461384137838773,47.620479782899054],[-3.461198587967934,47.62038169582603],[-3.461299506508013,47.620222568407584],[-3.461732596229969,47.62037917939891],[-3.461688857179593,47.62012872882471],[-3.461971640001034,47.62025754840223],[-3.461949665269223,47.62018651668348],[-3.462053636978966,47.62016268846864],[-3.461937694313942,47.620087836356156],[-3.462005125151409,47.620093128350376],[-3.461978797353855,47.61998621287552],[-3.462061673125254,47.62000871092483],[-3.462020988513791,47.61989356031436],[-3.462093651563495,47.62005209401327],[-3.462364254765898,47.620190619384566],[-3.462424275646733,47.62002472753675],[-3.462513681841305,47.620101050872655],[-3.462496268068825,47.619957515926856],[-3.462749249720085,47.62006089252418],[-3.462676584711605,47.61990235923389],[-3.462838656439809,47.6201372156099],[-3.462902822139124,47.620115594293985],[-3.462798177620349,47.619913678214836],[-3.462994820397298,47.619993085006],[-3.462971341548327,47.62012985666024],[-3.463101642744287,47.620212942756275],[-3.463079666527363,47.62014191124854],[-3.463201260067164,47.6201532298084],[-3.463276723753709,47.62000454344518],[-3.463459892863615,47.62019307244023],[-3.463509759257913,47.6207141219366],[-3.463615908420705,47.620708234180704],[-3.463709671777985,47.62082044025501],[-3.463713143229077,47.62073896599392],[-3.463891284039861,47.62066586560788],[-3.464045742967437,47.62083792379524],[-3.464048125271868,47.620747478608486],[-3.464232797637994,47.62072820320149],[-3.464260628187392,47.62062731499608],[-3.464324589430752,47.62071407993143],[-3.464203878320844,47.620820120480445],[-3.464413795207812,47.62089878880253],[-3.464310027617838,47.62081423209402],[-3.464372016154807,47.620774668150794],[-3.464504498531775,47.62087569447989],[-3.464456458961068,47.62114026734633],[-3.464698358758886,47.62126231754974],[-3.46472401119342,47.621143487444535],[-3.464927397365376,47.62116832938184],[-3.465053145892226,47.621323916626466],[-3.465102068596928,47.621176701447375],[-3.465202571628339,47.62123434472638],[-3.465121870279956,47.621229790728535],[-3.465244352972097,47.621358465051706],[-3.465203255091902,47.621460089610004],[-3.465310291941249,47.621571558199655],[-3.465412087087865,47.6215297852099],[-3.465532191341034,47.62174890438364],[-3.465471291427748,47.6217974398212],[-3.465390791514196,47.62168449904145],[-3.465317509081301,47.62185112844156],[-3.465139366268375,47.621924230958534],[-3.465081326422044,47.622216452785835],[-3.464989532246261,47.622230576639765],[-3.464966463868997,47.62215057465947],[-3.464926291592526,47.622189198118896]],[[-3.416288907280114,47.63001545987503],[-3.416225012985054,47.62992866906415],[-3.41617841129358,47.629985419314394],[-3.416288907280114,47.63001545987503]],[[-3.416426901195782,47.63049552729105],[-3.416560221424228,47.630271448347045],[-3.416499568888551,47.630211571639215],[-3.416426901195782,47.63049552729105]],[[-3.417324498553943,47.625415936479655],[-3.417356743720439,47.62535094502878],[-3.417238390667371,47.62536649276092],[-3.417324498553943,47.625415936479655]],[[-3.417511365727002,47.625414677656615],[-3.417538206103655,47.62530482951781],[-3.417459664478804,47.62531818525142],[-3.417511365727002,47.625414677656615]],[[-3.417602396352044,47.625283233151364],[-3.417563965456333,47.62518601003893],[-3.417479719914828,47.62526289582089],[-3.417602396352044,47.625283233151364]],[[-3.417733122262274,47.62559211427239],[-3.417680339502222,47.62548665064897],[-3.41765133745398,47.62557855616011],[-3.417733122262274,47.62559211427239]],[[-3.41796282959279,47.62328562740546],[-3.418018369635226,47.623192260123375],[-3.417911129590506,47.623189135094464],[-3.41796282959279,47.62328562740546]],[[-3.419194278582188,47.62297397006433],[-3.41919998039512,47.62291043987565],[-3.419107091775863,47.622915556338086],[-3.419194278582188,47.62297397006433]],[[-3.419487295667361,47.62296686060773],[-3.41941013481773,47.62288080218454],[-3.419407676791401,47.62297124634723],[-3.419487295667361,47.62296686060773]],[[-3.419884997586016,47.62349583635927],[-3.420016910092552,47.62337116813161],[-3.41985983373375,47.62339788290605],[-3.419884997586016,47.62349583635927]],[[-3.42085982506695,47.61994717489438],[-3.420765657772244,47.619609189089175],[-3.42085579234236,47.619802902629466],[-3.420862865898473,47.619639956590284],[-3.4206858418646,47.619279443377714],[-3.42063434264054,47.619517084420266],[-3.42085982506695,47.61994717489438]],[[-3.42078805045982,47.618686802769346],[-3.420713642314507,47.61840191356689],[-3.420684356279362,47.618602207217016],[-3.42078805045982,47.618686802769346]],[[-3.42118772267481,47.62011875645644],[-3.421075373887041,47.61996239076856],[-3.421051583227011,47.61976502173228],[-3.42114417404765,47.619868290697404],[-3.421177492625069,47.619812269325905],[-3.421012156852818,47.61921630882422],[-3.4209208523858,47.619456143401024],[-3.420921144967555,47.61934775639639],[-3.420810668453519,47.619317720052756],[-3.420853133714644,47.61955921468372],[-3.421020923941462,47.62006473097844],[-3.42118772267481,47.62011875645644]],[[-3.423164376298242,47.61934153299647],[-3.423223148372995,47.61927507695994],[-3.423085051319026,47.619237534234614],[-3.423053898535072,47.61931149877477],[-3.423164376298242,47.61934153299647]],[[-3.426739665324557,47.64244415057064],[-3.426853722186638,47.642392708701614],[-3.426719893956029,47.64239105537004],[-3.426739665324557,47.64244415057064]],[[-3.424465685626285,47.62016386032704],[-3.42451825039531,47.619935188961655],[-3.424398543953961,47.62005015968531],[-3.424465685626285,47.62016386032704]],[[-3.42427669310927,47.61804297766427],[-3.424266956053741,47.61796223597619],[-3.424172994651597,47.61795838518163],[-3.42427669310927,47.61804297766427]],[[-3.424893825582369,47.62005897754041],[-3.425022187460833,47.62001577657098],[-3.424971559917628,47.619928258506576],[-3.425064442776982,47.619923137372254],[-3.425066891079755,47.61983269294924],[-3.425108578009424,47.619956827705956],[-3.425221506307643,47.61989641555075],[-3.425225604124517,47.61959816840807],[-3.425068825635427,47.6195165032337],[-3.425011137643703,47.61959193147535],[-3.424953733884948,47.61955897268273],[-3.42496859813131,47.619792957666434],[-3.424909314593725,47.61963366928827],[-3.424873551424131,47.619780136155114],[-3.424811819463336,47.619711292155195],[-3.42476415380503,47.619759074843046],[-3.424764951038816,47.619876433119856],[-3.424904132966769,47.61992294513045],[-3.424784712124987,47.619929529268504],[-3.424781181318191,47.62001100239643],[-3.424893825582369,47.62005897754041]],[[-3.424934430235728,47.62017414106197],[-3.425038702657015,47.62004195882599],[-3.424882720646257,47.62007765168317],[-3.424934430235728,47.62017414106197]],[[-3.42497161531021,47.61948573923148],[-3.425199634125258,47.61938285761326],[-3.425071558067616,47.61931767177516],[-3.425190977505388,47.61931108734175],[-3.425246500771902,47.619217716432374],[-3.425157149343592,47.61914136454122],[-3.425245702489405,47.619100358119226],[-3.425170986030699,47.61892385886242],[-3.425068880221375,47.61907398386512],[-3.425151455022085,47.61920489514344],[-3.425036079782527,47.61935575170108],[-3.424913414134467,47.61933542211638],[-3.42497161531021,47.61948573923148]],[[-3.425026625585009,47.61916662310579],[-3.425012843297138,47.618941609341846],[-3.424947297238084,47.61906262559952],[-3.424899916782437,47.619002021324874],[-3.424900714303356,47.619119379646285],[-3.424991431685227,47.61909631599234],[-3.425026625585009,47.61916662310579]],[[-3.425185175962327,47.620259656440474],[-3.425287283712292,47.62010953142735],[-3.42514390203573,47.62017720547197],[-3.425185175962327,47.620259656440474]],[[-3.425271797573991,47.62053483962581],[-3.425306478039289,47.62037940141558],[-3.425211146329795,47.62047496714168],[-3.425271797573991,47.62053483962581]],[[-3.425364629324345,47.620972237292605],[-3.42539469773353,47.62088930092414],[-3.425494075177424,47.620938007099845],[-3.425388204886566,47.62083547327325],[-3.425429378071258,47.62073386270569],[-3.425288827730124,47.620786767004915],[-3.425364629324345,47.620972237292605]],[[-3.42787941963584,47.64181236988883],[-3.427930629645911,47.64168311416555],[-3.427825517808242,47.64169794057987],[-3.42787941963584,47.64181236988883]],[[-3.425417294437241,47.61985852733655],[-3.425552431473382,47.61976076646455],[-3.425509661528594,47.61962766057408],[-3.425430048127475,47.61963205042647],[-3.425547587129711,47.619499136061044],[-3.425494794956913,47.6193936756394],[-3.42538727859093,47.619498944482395],[-3.425365352848738,47.61942790586008],[-3.425264612480133,47.61947861526807],[-3.425260514890355,47.61977686243039],[-3.425417294437241,47.61985852733655]],[[-3.425399876796148,47.62060002520361],[-3.425483021423026,47.62051416224937],[-3.425364681459881,47.6205297182543],[-3.425399876796148,47.62060002520361]],[[-3.425439967635107,47.62048944334326],[-3.425534216805189,47.62038490615509],[-3.425490364260392,47.62024282902351],[-3.425354143766048,47.6203316185216],[-3.425439967635107,47.62048944334326]],[[-3.425424302438276,47.620138100253655],[-3.425550499773053,47.620076956148495],[-3.42544434767978,47.62008280930871],[-3.425424302438276,47.620138100253655]],[[-3.42558391449173,47.61913589491693],[-3.425521100233295,47.619058079987546],[-3.425550085191782,47.61896617221498],[-3.425603959191639,47.61908060391616],[-3.425673832384468,47.618995472415975],[-3.425677644684177,47.618805612172174],[-3.425560390693066,47.6188301396709],[-3.425622405634646,47.61879059625905],[-3.425456972041904,47.618637161306964],[-3.425440173672354,47.618719366148966],[-3.425404979522805,47.61864905914401],[-3.425331860090619,47.61870727664186],[-3.425434479732647,47.61878289677872],[-3.425342397381157,47.618905376541576],[-3.425498092373025,47.6189780700915],[-3.425494562717812,47.619059543280734],[-3.425329643492694,47.61913185352646],[-3.42558391449173,47.61913589491693]],[[-3.425633876456678,47.620325225262775],[-3.425643099836998,47.62018022153016],[-3.425566732093474,47.62021152530206],[-3.425633876456678,47.620325225262775]],[[-3.426241422897849,47.61882870853178],[-3.426252008366173,47.61858428885695],[-3.426150470168942,47.618517640709676],[-3.426078433939914,47.61858482995747],[-3.426060036415072,47.61843231820265],[-3.42594170123461,47.618447874808865],[-3.425917610827972,47.61835889368889],[-3.425700702087533,47.61844310252796],[-3.425730768550247,47.61836016596541],[-3.425605940672966,47.61832189453041],[-3.425717733600332,47.61869503011472],[-3.425900248319475,47.61865787273737],[-3.426241422897849,47.61882870853178]],[[-3.425746669056157,47.61904564175195],[-3.425813295455174,47.61893359632473],[-3.425706063509008,47.618930478446146],[-3.425746669056157,47.61904564175195]],[[-3.425940289301463,47.61898981008358],[-3.425959251379953,47.618925547738726],[-3.425841997254807,47.61895007551869],[-3.425940289301463,47.61898981008358]],[[-3.426373521875241,47.62202741190693],[-3.426517321466469,47.62200142011469],[-3.42642688122482,47.6219160980442],[-3.426323972528698,47.62194886578018],[-3.426373521875241,47.62202741190693]],[[-3.426389368445745,47.620608679048416],[-3.426428374933603,47.620489125581685],[-3.42630217762997,47.620550270622516],[-3.426389368445745,47.620608679048416]],[[-3.426427054545913,47.62014602214376],[-3.426273801148012,47.61998288543448],[-3.426259168154395,47.62008303287874],[-3.426427054545913,47.62014602214376]],[[-3.429337651049915,47.64293306524534],[-3.429367725658389,47.642850128795004],[-3.429280219511,47.64290010897656],[-3.429337651049915,47.64293306524534]],[[-3.429370462207275,47.64220878554692],[-3.42940161960307,47.64213482019633],[-3.429279983157405,47.64212346657652],[-3.429290815435639,47.64221317797993],[-3.429337413860341,47.64215642285873],[-3.429370462207275,47.64220878554692]],[[-3.429668708608693,47.64279740610981],[-3.42960477724963,47.64271062319324],[-3.429535962558713,47.642804727137936],[-3.429668708608693,47.64279740610981]],[[-3.429773547370091,47.64289096376038],[-3.42988760226246,47.64283951894174],[-3.429773013508461,47.64266522119154],[-3.429773547370091,47.64289096376038]],[[-3.430011681443569,47.64276042846911],[-3.430069387412847,47.64268499865994],[-3.429957774086125,47.64264600020028],[-3.430011681443569,47.64276042846911]],[[-3.4302988076312,47.644252749193825],[-3.430398506529188,47.64419306497195],[-3.430291223556571,47.644189951344025],[-3.4302988076312,47.644252749193825]],[[-3.427949804609184,47.62302419221904],[-3.427912439102045,47.622935943641366],[-3.428052714380238,47.62299142306862],[-3.428098214704658,47.62292569663691],[-3.428012100857126,47.62287626079785],[-3.428120701487583,47.62277996096202],[-3.428029174742818,47.62268566892497],[-3.427757008000988,47.62275486662597],[-3.427949804609184,47.62302419221904]],[[-3.42789019893435,47.62341581092843],[-3.427883981730131,47.62325359668179],[-3.428087636828365,47.623170115934485],[-3.428021566288501,47.623065388791225],[-3.427842285772394,47.623129463125906],[-3.42789019893435,47.62341581092843]],[[-3.427938730925653,47.622600348055194],[-3.427995335419367,47.62251594724057],[-3.427840430743831,47.622560615245874],[-3.427938730925653,47.622600348055194]],[[-3.428125280764851,47.6231499776348],[-3.428153180811806,47.62304909816954],[-3.428042692569369,47.623019068724275],[-3.428125280764851,47.6231499776348]],[[-3.429102399520966,47.622391661341545],[-3.429034438514281,47.62216060539279],[-3.428959959186426,47.62231824068727],[-3.429102399520966,47.622391661341545]],[[-3.429369955865897,47.6223949624278],[-3.429563859519507,47.62223073798315],[-3.429527849884224,47.62204307424115],[-3.429485325426833,47.622244101824215],[-3.429422777160355,47.622057902242815],[-3.429318787203796,47.62208170138302],[-3.429412205520445,47.622302321769276],[-3.429238894747503,47.62219448069906],[-3.429221825337798,47.62238507279686],[-3.429369955865897,47.6223949624278]],[[-3.432359667028244,47.64372364252958],[-3.432477241834817,47.64359072284444],[-3.432347745511787,47.64362496037608],[-3.432359667028244,47.64372364252958]],[[-3.430313197095284,47.62146691432352],[-3.430336760198653,47.62133014934023],[-3.430176172342805,47.62143835125241],[-3.430313197095284,47.62146691432352]],[[-3.430812818125566,47.621954110794],[-3.43061107373773,47.621721406896405],[-3.430624615980589,47.621612287768066],[-3.430484341653489,47.62155681139047],[-3.430441011443766,47.62164048124755],[-3.430489756713429,47.621601667513545],[-3.430673625754546,47.62190760587358],[-3.430812818125566,47.621954110794]],[[-3.431099587461811,47.62311231394966],[-3.431137502080472,47.62298378785159],[-3.431041365077546,47.62296200016868],[-3.430953893097506,47.623011982117504],[-3.431099587461811,47.62311231394966]],[[-3.431386918610943,47.62272618686195],[-3.43133736123957,47.622647642890456],[-3.431274262884021,47.6226782180464],[-3.431386918610943,47.62272618686195]],[[-3.43168697361265,47.62255610036644],[-3.431597607385796,47.62247975353376],[-3.431656372417022,47.62241329336073],[-3.431396669440361,47.622364409135855],[-3.431374191775623,47.62251014547245],[-3.43168697361265,47.62255610036644]],[[-3.431457872178882,47.622207504613506],[-3.43173436426452,47.62217418311072],[-3.431473579190798,47.62211632784031],[-3.431457872178882,47.622207504613506]],[[-3.431713512696453,47.622554635668784],[-3.431840791798018,47.62250245605167],[-3.431728136135401,47.62245448766842],[-3.431713512696453,47.622554635668784]],[[-3.432121348532499,47.62261340532458],[-3.432204485484138,47.622527537674344],[-3.431931511930143,47.622479387047],[-3.431890349775301,47.62258099981539],[-3.432088309618141,47.62256104288434],[-3.432121348532499,47.62261340532458]],[[-3.432287088369163,47.623100962230886],[-3.432181470481074,47.62289004784164],[-3.432060960596707,47.62288766820698],[-3.432287088369163,47.623100962230886]],[[-3.435045881938972,47.6452732169469],[-3.434964326768666,47.64515128550231],[-3.43486029428,47.645175089292195],[-3.435045881938972,47.6452732169469]],[[-3.432473933495712,47.62221464225504],[-3.43257358880444,47.62215495549722],[-3.432360194532872,47.62215770327085],[-3.432473933495712,47.62221464225504]],[[-3.435232290917687,47.64548870095274],[-3.435265610701537,47.64543267630482],[-3.435172684419103,47.64543780548445],[-3.435232290917687,47.64548870095274]],[[-3.435335735902821,47.644796641106375],[-3.435451958139396,47.64476313305147],[-3.435453305660375,47.644663718500844],[-3.435288320799998,47.644736041852404],[-3.435335735902821,47.644796641106375]],[[-3.433029351042157,47.622057549297665],[-3.433001996865681,47.62194165620621],[-3.432939983730134,47.62198120347258],[-3.433029351042157,47.622057549297665]],[[-3.433769789307901,47.62354291398592],[-3.433783858532081,47.623217020959245],[-3.4336812185398,47.62314140833139],[-3.433611085852507,47.62333493125998],[-3.433769789307901,47.62354291398592]],[[-3.436244681710666,47.64490902238264],[-3.436303465654377,47.644842560642424],[-3.436209456053086,47.644838719585394],[-3.436244681710666,47.64490902238264]],[[-3.433935299810004,47.62458137331427],[-3.433913360605228,47.624510336482565],[-3.433824805143808,47.62455134936256],[-3.433935299810004,47.62458137331427]],[[-3.436515604895415,47.64493922025009],[-3.43647929436889,47.64485994647459],[-3.436349797533679,47.64489418841902],[-3.436515604895415,47.64493922025009]],[[-3.434323690891231,47.62536369017968],[-3.434343994237174,47.62520001114515],[-3.433998969875438,47.62521905948851],[-3.434139257478409,47.6252745315404],[-3.434091595201998,47.625322317898195],[-3.434323690891231,47.62536369017968]],[[-3.434099978634229,47.62505995597805],[-3.434234029225718,47.62495321414683],[-3.434170111815479,47.62486643292754],[-3.434062601535098,47.62497170946055],[-3.434099978634229,47.62505995597805]],[[-3.434001857552308,47.62314176849879],[-3.433981268565352,47.62297131597804],[-3.433887297646717,47.622967473009226],[-3.434001857552308,47.62314176849879]],[[-3.433956079095819,47.622873365537004],[-3.433925471648324,47.62273055914914],[-3.43386887630278,47.62281496282825],[-3.433956079095819,47.622873365537004]],[[-3.433965831701469,47.62295410621319],[-3.433929539915102,47.62287483074398],[-3.433886214035337,47.62295850182251],[-3.433965831701469,47.62295410621319]],[[-3.434020220555287,47.62196672279577],[-3.434051359694715,47.62189275543186],[-3.433969576411175,47.62187920872012],[-3.434020220555287,47.62196672279577]],[[-3.434120425707657,47.62213277968104],[-3.434203558695357,47.62204691058664],[-3.434087385129975,47.62208041779337],[-3.434120425707657,47.62213277968104]],[[-3.434886458275065,47.6253777735571],[-3.434791928144223,47.62514818673051],[-3.434623486568766,47.62530198308208],[-3.434886458275065,47.6253777735571]],[[-3.435068169491073,47.62522324410258],[-3.435088470500887,47.625059564926815],[-3.434946834511057,47.62510350956511],[-3.435068169491073,47.62522324410258]],[[-3.437537571865394,47.64543368250312],[-3.43764728591138,47.64534634598257],[-3.437545682558965,47.64527970866469],[-3.43745032828474,47.645375283149924],[-3.437537571865394,47.64543368250312]],[[-3.437544290076879,47.64493660975186],[-3.437441602979368,47.644861001278116],[-3.437421560861118,47.6449162935736],[-3.437544290076879,47.64493660975186]],[[-3.435708974682007,47.622234714204936],[-3.435683782390057,47.62213676409947],[-3.435623938789235,47.62219425513413],[-3.435708974682007,47.622234714204936]],[[-3.436415140385662,47.62420963452767],[-3.43642325109205,47.624055659076134],[-3.436201999680732,47.62410400254105],[-3.436209587855038,47.6241668006595],[-3.436367742343139,47.62414903506629],[-3.436415140385662,47.62420963452767]],[[-3.436579318658602,47.62490498726927],[-3.436576327175662,47.6247696870708],[-3.436405984957809,47.62479715697896],[-3.436500220258052,47.62469261117366],[-3.436345316383675,47.62473729040865],[-3.436404639712532,47.62489657256257],[-3.436579318658602,47.62490498726927]],[[-3.436121111339379,47.6218868358639],[-3.436188803483927,47.62178375585325],[-3.436108103785471,47.62177918180904],[-3.436121111339379,47.6218868358639]],[[-3.436523247071117,47.62477261866666],[-3.436619650308928,47.624686015072335],[-3.436524592092385,47.62467320307533],[-3.436523247071117,47.62477261866666]],[[-3.436332375109982,47.62230865761566],[-3.436382461929163,47.622170425718686],[-3.436270625448933,47.622239819762676],[-3.436332375109982,47.62230865761566]],[[-3.436227265848226,47.62188097300489],[-3.436407616118454,47.62182585692728],[-3.436348034919848,47.621774961435776],[-3.436227265848226,47.62188097300489]],[[-3.43704984531622,47.62603497098993],[-3.437229384041916,47.6258624959376],[-3.437093428514784,47.62584291218906],[-3.43701246265787,47.62594672546075],[-3.436890861481033,47.625935379669315],[-3.436959641459142,47.62584127057201],[-3.436764923735132,47.62588814916564],[-3.436820997093657,47.62602051757623],[-3.437013546855303,47.62595569660466],[-3.43704984531622,47.62603497098993]],[[-3.437679847808183,47.626605251677596],[-3.437686612331107,47.6265506918418],[-3.437594803459312,47.6265647941327],[-3.437679847808183,47.626605251677596]],[[-3.437643399079552,47.6251984238833],[-3.437681299424432,47.62506989579926],[-3.437542918350156,47.62514075700984],[-3.437643399079552,47.6251984238833]],[[-3.440227176761851,47.64468909750292],[-3.440205220914268,47.64461806259234],[-3.440394578239679,47.6445263235874],[-3.44010795613693,47.6445873115884],[-3.440227176761851,47.64468909750292]],[[-3.44023119261517,47.64439085365942],[-3.440298905367346,47.64428777246594],[-3.440210829069601,47.64411201844706],[-3.440124162386554,47.6442793634063],[-3.44023119261517,47.64439085365942]],[[-3.439743340807046,47.62698795879559],[-3.439695936519275,47.62692736077151],[-3.439662632936407,47.62698338721966],[-3.439743340807046,47.62698795879559]],[[-3.44035396600227,47.6264033228629],[-3.440363150447043,47.62625831842325],[-3.440229108834542,47.62636506721673],[-3.44035396600227,47.6264033228629]],[[-3.440946793248486,47.62633443703935],[-3.441042107249487,47.62623885875856],[-3.440870677789607,47.62625736405213],[-3.440946793248486,47.62633443703935]],[[-3.441355421512291,47.62606801432317],[-3.44152359532362,47.62602259501148],[-3.441499475525649,47.625933617453576],[-3.441768135383075,47.62594586123413],[-3.441770555660828,47.62585541674285],[-3.441568247376549,47.625839505642546],[-3.441524931063868,47.62592317942671],[-3.441459915697315,47.62582743113777],[-3.4414065837868,47.625938751642735],[-3.44128281186532,47.625909468217095],[-3.441240579957218,47.626002112996844],[-3.441355421512291,47.62606801432317]],[[-3.443968664471267,47.64391340299723],[-3.443975424758385,47.64385884328619],[-3.443883587770801,47.64387295039368],[-3.443968664471267,47.64391340299723]],[[-3.442395998878979,47.62506223394023],[-3.442505663107129,47.624974891937086],[-3.442467435943914,47.624769290255124],[-3.442372127118828,47.62486486977126],[-3.442395998878979,47.62506223394023]],[[-3.442604385050256,47.62435532069077],[-3.442577008909381,47.624239429979546],[-3.442504985635676,47.62430662916073],[-3.442604385050256,47.62435532069077]],[[-3.442746261045918,47.62420297996505],[-3.442993456928327,47.62392741215399],[-3.442976094393327,47.62378387458406],[-3.443114217192479,47.62382139370027],[-3.443063214159099,47.623399752080864],[-3.443231130805191,47.62346271708126],[-3.44327878323973,47.62341492694856],[-3.443223438570841,47.62295740091318],[-3.44324346643561,47.622902106994715],[-3.44331415455634,47.622934323072734],[-3.443276172952601,47.62262033456547],[-3.443360624206407,47.62243504319214],[-3.443311296628217,47.6222481173953],[-3.443137957956853,47.622140296948494],[-3.443190444689355,47.62191161741745],[-3.442978632681521,47.62170658185354],[-3.442667767783627,47.621786986327116],[-3.442523727900683,47.621921384924065],[-3.442562880058898,47.62268686354418],[-3.442405817002449,47.6227136086482],[-3.442643921273082,47.62302556482015],[-3.442490361246806,47.622970836494545],[-3.442439204440935,47.62310009984698],[-3.442571153785806,47.623417924605775],[-3.442490451070397,47.623413354975355],[-3.442574499548641,47.623887356290446],[-3.442746261045918,47.62420297996505]],[[-3.442573798324956,47.62178315034488],[-3.44287815276149,47.6216489194665],[-3.442844266888471,47.621479201996955],[-3.442729433366832,47.62141330197905],[-3.442701561719084,47.62151418500929],[-3.442662002774636,47.62140799885939],[-3.442537991964343,47.62148710363769],[-3.442462219564863,47.62174416340967],[-3.442573798324956,47.62178315034488]],[[-3.443333397692693,47.621768246893105],[-3.443242093091093,47.621565579797306],[-3.443148123980876,47.621561744276725],[-3.443126421268626,47.62138232212294],[-3.442901342561114,47.62117802000991],[-3.443041133429732,47.621450255380026],[-3.442989979414558,47.62157951907466],[-3.443333397692693,47.621768246893105]],[[-3.44494374899408,47.623485420501154],[-3.444950993327415,47.62321408647397],[-3.444865704883901,47.62328202099951],[-3.44494374899408,47.623485420501154]],[[-3.445613152050313,47.6222833836426],[-3.445621235934643,47.622129407401],[-3.445594454941709,47.62223926216551],[-3.445459833891324,47.62212027229334],[-3.445462847740432,47.62225557244764],[-3.445613152050313,47.6222833836426]],[[-3.449721864462797,47.62323010671257],[-3.449778435182666,47.62314569537137],[-3.449692300906693,47.6230962755246],[-3.449721864462797,47.62323010671257]],[[-3.455906924569216,47.62267991163106],[-3.455924986107164,47.62249828665709],[-3.455836450897319,47.622539316266725],[-3.455906924569216,47.62267991163106]],[[-3.456800738449439,47.621066823740925],[-3.456711814520329,47.621054853669655],[-3.456801214273017,47.62113118133808],[-3.456800738449439,47.621066823740925]],[[-3.457296079954351,47.62080572980539],[-3.457178186581991,47.620604544019464],[-3.457000256123946,47.6205692471523],[-3.456954793393494,47.62063498491852],[-3.457296079954351,47.62080572980539]],[[-3.457418761301724,47.620826025360714],[-3.457557323014543,47.62064675343464],[-3.457346920147109,47.62055722597113],[-3.457372648520638,47.620666018287],[-3.457290861202173,47.62065248789772],[-3.457418761301724,47.620826025360714]],[[-3.457727857221895,47.62106177161691],[-3.457760268365544,47.62088838187556],[-3.457649767948856,47.620858380407114],[-3.457568849627619,47.62096220819062],[-3.457727857221895,47.62106177161691]],[[-3.458111999166508,47.62081470212335],[-3.45817181700141,47.62075719952775],[-3.458053486034665,47.62077278865181],[-3.458111999166508,47.62081470212335]],[[-3.459729714490109,47.62126691318209],[-3.459705566497479,47.62117793916861],[-3.459627041504469,47.62119132328358],[-3.459729714490109,47.62126691318209]],[[-3.460785749929299,47.62061230494325],[-3.460810322674826,47.620484504710134],[-3.460711790129543,47.62055318655686],[-3.460785749929299,47.62061230494325]],[[-3.460823591301592,47.62048376905253],[-3.460908854966584,47.62041582277783],[-3.460849251986587,47.62036493975104],[-3.460823591301592,47.62048376905253]],[[-3.462513473697182,47.62020943792458],[-3.462422978972278,47.62012414365835],[-3.462433862479922,47.62021385300017],[-3.462513473697182,47.62020943792458]],[[-3.465290084919296,47.62173524290967],[-3.465322269463291,47.62167023810606],[-3.465240478591954,47.62165671329086],[-3.465290084919296,47.62173524290967]]]},"properties":{}}]}