{"type":"FeatureCollection","features":[{"type":"Feature","geometry":{"type":"Polygon","coordinates":[[[-3.497904824338109,47.653775486185786],[-3.49794659403174,47.653669707095375],[-3.497788372587881,47.65368755579214],[-3.497787140991147,47.65378697056244],[-3.497884131509669,47.65379772716961],[-3.497811367246428,47.65387593518811],[-3.497593743750118,47.65362614987715],[-3.497656840678617,47.65359553939437],[-3.497677781746049,47.65365759270874],[-3.497680108502587,47.65356714838246],[-3.497464402172423,47.65355207416076],[-3.497514085580647,47.65363058878828],[-3.497418961199444,47.65361782654586],[-3.497381184493768,47.653746372072916],[-3.497245273590262,47.653618473406546],[-3.497169994901566,47.6536587938962],[-3.497262791831666,47.65376200065407],[-3.496948675835762,47.653707251674845],[-3.497134407310968,47.65380528024723],[-3.497198323970371,47.65400041088553],[-3.497104155870998,47.65410500404098],[-3.496813167905408,47.6541302490103],[-3.496783191793512,47.65421320230248],[-3.496718320379971,47.65390071579798],[-3.496539018817187,47.65396489453021],[-3.496450601968368,47.65389756904712],[-3.496527792728727,47.65409196034895],[-3.496374088049769,47.65403730376135],[-3.496385314492797,47.653910237953745],[-3.496314413692312,47.65398643972525],[-3.49603122902236,47.65396609076949],[-3.495978403736971,47.65375227892126],[-3.495893131466713,47.65382024961775],[-3.49572177326356,47.653730449931125],[-3.495547414164716,47.653396968124234],[-3.495492931692543,47.65360772646158],[-3.495390004325959,47.65364055450069],[-3.495156643807605,47.653590333708074],[-3.49516910952592,47.65336385322826],[-3.495001847470229,47.65352670482796],[-3.49484828856973,47.65336366098461],[-3.494727564265407,47.65346973127926],[-3.494551831432319,47.653344047947904],[-3.494482023184052,47.65342921910981],[-3.494832395427631,47.65367161522303],[-3.494800227536019,47.65373662707567],[-3.494565915875526,47.65356904940906],[-3.494551401863769,47.65366920362963],[-3.494403315964704,47.65355101160884],[-3.494143259993497,47.65361065293279],[-3.493937836772071,47.65335115086401],[-3.493958629024173,47.653521590081404],[-3.493734024723631,47.65354313032216],[-3.493661222052474,47.65338461907197],[-3.49360468870624,47.65346905033088],[-3.493562816242757,47.653344942224564],[-3.493372570435006,47.65331941122603],[-3.493133888345793,47.65311594868386],[-3.493086254049591,47.653163758411175],[-3.492927084817176,47.65306424478918],[-3.492823062787439,47.6530881000805],[-3.492851657005356,47.65321294775378],[-3.492652512113186,47.65322403685134],[-3.492377286519531,47.65304970203126],[-3.492318858847139,47.65289942117467],[-3.492013504936571,47.65291642292948],[-3.491852798468281,47.65313309308869],[-3.491763294957448,47.65305679352364],[-3.491756582374434,47.653111355727745],[-3.491571807875538,47.6531306743304],[-3.491629139760988,47.6532719850347],[-3.491499657934893,47.653306287941284],[-3.491164467110178,47.65329785420598],[-3.491196639167462,47.65323284333926],[-3.49108495912762,47.65319390349796],[-3.491011864045082,47.65325216105535],[-3.490986555585595,47.65315422447729],[-3.490753050434596,47.65321238012123],[-3.490420199361671,47.65311350004129],[-3.490287436020041,47.65312089004883],[-3.490341483335989,47.653235289824664],[-3.490059398602555,47.653223896910184],[-3.489974272124034,47.653183478069714],[-3.490035185569623,47.653134930647596],[-3.489927881166903,47.653131871791565],[-3.490054082578141,47.65307065905369],[-3.489911323890754,47.65310569917001],[-3.489877115750478,47.653044383393734],[-3.489662507339686,47.653038265292565],[-3.489561764652632,47.65308902926204],[-3.489367147467594,47.65302760962746],[-3.489441337600093,47.652978323621454],[-3.489280928291572,47.652978219747666],[-3.489200022817224,47.653082067709924],[-3.4890995881357,47.65291606078425],[-3.48875221728253,47.6529173295191],[-3.488691458010739,47.65285749102453],[-3.488501060793421,47.65294033734407],[-3.488647410609397,47.65271544004218],[-3.488720352505207,47.65276556921226],[-3.488899659441683,47.65270140243586],[-3.48934871092062,47.65276672535163],[-3.489893825641312,47.65296217077183],[-3.490202461556652,47.65297208612331],[-3.490603089118273,47.652859471717456],[-3.49117819360382,47.65297195938012],[-3.491348747228602,47.65283602474298],[-3.491533520787829,47.65281670649003],[-3.491774532175163,47.652929728093966],[-3.491951944964437,47.65263084508893],[-3.492217320781793,47.652724446408996],[-3.492353512660851,47.6526355804468],[-3.492989089598924,47.65302466632102],[-3.493127615401285,47.65284535520372],[-3.493174957407678,47.65301431597081],[-3.493362867984785,47.653130291560295],[-3.493474840306062,47.652952458723625],[-3.493555301628011,47.65317376355732],[-3.493678216145366,47.65308563543593],[-3.494193370322115,47.65336401329275],[-3.49432722811869,47.65336558933075],[-3.494320805435227,47.65320338119727],[-3.49443919771944,47.653187755592],[-3.494641482419579,47.653311960130445],[-3.494898252922889,47.65322540625708],[-3.495206891290374,47.653235308390556],[-3.495247672946249,47.653350445441546],[-3.49542792716347,47.653403624379116],[-3.495591903728547,47.653213860747016],[-3.49590231012987,47.653566857688226],[-3.496258442801576,47.65363733140261],[-3.496412006799122,47.65380037336965],[-3.496569134261159,47.6537735560784],[-3.496659740640551,47.653858822391804],[-3.496780461983893,47.65375275012277],[-3.496747479068563,47.65359202161393],[-3.496859302576119,47.653522570809635],[-3.496975366880452,47.653597386950445],[-3.496893657479063,47.653475499297784],[-3.496977833085808,47.65339855740207],[-3.497039697116414,47.65346736202722],[-3.497389261168128,47.65348400956411],[-3.497634941634846,47.653416130391065],[-3.497976568029403,47.653586753481186],[-3.498167224527493,47.65328712127681],[-3.498613967119605,47.65344285291623],[-3.499212762932999,47.65320175408109],[-3.499323220196588,47.65334010096447],[-3.49957573513628,47.653109269820035],[-3.499721640676336,47.65320951444954],[-3.499908603148594,47.65320812382285],[-3.499977042774515,47.653330749479146],[-3.500093242964983,47.65329717728844],[-3.500518915880191,47.653499233993955],[-3.500650583287888,47.65348286194238],[-3.500937444321392,47.65320495523989],[-3.501106618555564,47.65327680646585],[-3.501162880309865,47.65340914206305],[-3.501391863364407,47.653423469205464],[-3.50147577415628,47.65356329454429],[-3.501233384572588,47.65365809303419],[-3.501014520367402,47.65350772888609],[-3.5009671530967,47.653338771339314],[-3.500836581627302,47.65336411416975],[-3.50066372879732,47.65359050700397],[-3.500442544410711,47.65353058617099],[-3.50040039337788,47.65362325098643],[-3.500092979101354,47.653513947767436],[-3.499908206227725,47.65353327954664],[-3.499793365803392,47.65335905150766],[-3.499505802090945,47.65330282924094],[-3.499338553463927,47.65346568705249],[-3.499158295139357,47.65341251414852],[-3.498922607434245,47.65345274523537],[-3.498892634982788,47.65353569909803],[-3.498479973793783,47.65354966702092],[-3.498807097681791,47.653820442369884],[-3.498474363111234,47.65361320003849],[-3.49845766623861,47.6536954138588],[-3.498317372618936,47.653531634666344],[-3.498293969562439,47.65366841103126],[-3.498546085285097,47.65376273783052],[-3.498544855098519,47.65386215260487],[-3.498371302138401,47.65375441592414],[-3.498177631607447,47.65381036664381],[-3.498024062185542,47.65364732699772],[-3.497904824338109,47.653775486185786]],[[-3.490243080270564,47.65319561017883],[-3.490231049580109,47.653096934445315],[-3.490122651563756,47.653084905246494],[-3.490118124657374,47.65315740840025],[-3.490243080270564,47.65319561017883]],[[-3.491939317266268,47.65296571056999],[-3.491880890919486,47.652815429487845],[-3.491815454937036,47.65293648110796],[-3.491939317266268,47.65296571056999]],[[-3.497093207155408,47.65401529951408],[-3.497055843695048,47.6538186892991],[-3.49685245663047,47.65368551851599],[-3.496865317546606,47.654009934408535],[-3.497093207155408,47.65401529951408]]]},"properties":{}},{"type":"Feature","geometry":{"type":"MultiPolygon","coordinates":[[[[-3.513467462193739,47.65171992319959],[-3.513484030594376,47.651746092501526],[-3.513513979353804,47.65166313482038],[-3.514298922198677,47.652179243182424],[-3.514147193467724,47.652359321156275],[-3.514250003648342,47.652434861887805],[-3.514102871768123,47.65243405036859],[-3.514206779746115,47.65251856143562],[-3.514142595881647,47.65254021057059],[-3.513981297604324,47.65231439968227],[-3.514096389074605,47.652271843248],[-3.514144998062427,47.65234138055468],[-3.514175049450722,47.65215003740821],[-3.513893173168082,47.65192193135398],[-3.513648722273828,47.65189042972885],[-3.513620968809527,47.65199132804959],[-3.513579050947071,47.65186722702316],[-3.513325504913976,47.65208911826199],[-3.513522341434152,47.65216843864038],[-3.513703916052351,47.652013789075724],[-3.513791149809191,47.65218051659071],[-3.51394606843173,47.65213573530363],[-3.513946958525402,47.65236147624489],[-3.513777769903809,47.65228964357329],[-3.513857320748516,47.65239357888726],[-3.513780958700781,47.652424939798664],[-3.513632938085204,47.65219838675264],[-3.513455857763269,47.65228053210714],[-3.513473628668407,47.65220728639244],[-3.513357439272672,47.65224087190614],[-3.513072167897889,47.65209423828321],[-3.513030251231083,47.651970137066584],[-3.512907477149064,47.651949900258735],[-3.512992724752708,47.651881917082605],[-3.512915371323041,47.6517959217823],[-3.512368872840378,47.651808384012476],[-3.512241817146462,47.65164387987384],[-3.511825774101324,47.651739369319],[-3.511692028236507,47.6516294279737],[-3.511531622946408,47.65162935464156],[-3.51166317393525,47.65172135551644],[-3.511545887204877,47.65174596891061],[-3.511508363338518,47.651657748439625],[-3.511304839290407,47.65163298801531],[-3.511262708622466,47.65172565683965],[-3.511435183775953,47.65182440415999],[-3.511225954499495,47.65197156263282],[-3.511116456854602,47.65195058257023],[-3.511161770083596,47.65199321013681],[-3.510892853258197,47.6520895114655],[-3.510888354661149,47.65216201545905],[-3.510622838355136,47.652176841835846],[-3.510687133618293,47.65204680930549],[-3.510470221836556,47.6521311740688],[-3.510432699477883,47.652042953270225],[-3.510224786313452,47.65198230962055],[-3.510199220393517,47.65210114780134],[-3.510152810816626,47.65204954952428],[-3.510085223198773,47.652152670741124],[-3.509902652632457,47.652189959015374],[-3.509840885622672,47.65201277582881],[-3.509598630566107,47.65199920641903],[-3.509380846483115,47.65185782815554],[-3.509375475102496,47.65170459107306],[-3.509247105359388,47.651747884018896],[-3.509128834181412,47.65165513929206],[-3.509078152361762,47.651459273813906],[-3.50898302908665,47.6514465209699],[-3.509008597401746,47.65132768301452],[-3.508736504090911,47.651288682988444],[-3.508636879613625,47.651348433802895],[-3.508692061243706,47.65147179555155],[-3.508575641048679,47.65172214702407],[-3.508388770731324,47.65157817378214],[-3.508475148645126,47.65155615663705],[-3.508397918025727,47.65136177297092],[-3.508589260788115,47.65139624989256],[-3.508435666500628,47.65123322372365],[-3.508435896458504,47.65101645296851],[-3.508536502497889,47.65107405805864],[-3.508691422317705,47.6510292837116],[-3.509047441202962,47.65120810392175],[-3.509196649885911,47.651335247881015],[-3.509129061324898,47.65143836858338],[-3.509258413971935,47.65151243147086],[-3.509247445353748,47.651422727962064],[-3.509343665526053,47.651444450941156],[-3.50947509941766,47.65164483964009],[-3.509657668417478,47.651607552023165],[-3.50980347659016,47.65181616948602],[-3.509922958240888,47.65180949852759],[-3.510042328144908,47.65191121278465],[-3.510057909603614,47.651820026891734],[-3.510149631242364,47.65191425317348],[-3.510350961715021,47.651921074929284],[-3.510449488270867,47.651852352333634],[-3.510541099952819,47.652054963636445],[-3.510598702096564,47.65197949445993],[-3.510941677685861,47.65194227945623],[-3.511148713256985,47.65177718082696],[-3.511029451254962,47.65156708234098],[-3.511139057567075,47.651479677132315],[-3.511488612989609,47.6514962825125],[-3.511636731029883,47.65161445300783],[-3.511663390782466,47.65150458481043],[-3.511835974035662,47.651494946194035],[-3.512477380044804,47.651712007239134],[-3.512595763699154,47.651696363228105],[-3.512600259936733,47.6516238591512],[-3.512789411433594,47.65164038855366],[-3.513094540377905,47.65184010319774],[-3.513478437968008,47.65180962629823],[-3.513467462193739,47.65171992319959]]],[[[-3.513451279120433,47.65169436248346],[-3.51327940774848,47.65171236520726],[-3.51332153490322,47.65161969565525],[-3.513530652389985,47.65158091876306],[-3.513417757089342,47.65164141527756],[-3.513451279120433,47.65169436248346]]],[[[-3.508369646961702,47.651563439914284],[-3.508280515284687,47.651494768452075],[-3.508232896009202,47.65154258439285],[-3.508353358808343,47.65165327074889],[-3.50832669216544,47.651763138182524],[-3.508431801407501,47.65174823943247],[-3.50858868744357,47.6519381766275],[-3.508560924385454,47.65203907374381],[-3.508387242052478,47.65203973716447],[-3.508292233180118,47.65191859843256],[-3.508181524609967,47.6519970305926],[-3.508093212008581,47.65182132851455],[-3.508101869754358,47.652001476724344],[-3.508001262435477,47.65194387128797],[-3.507867175532284,47.652159081560306],[-3.507766568169611,47.652101475926614],[-3.507696782643277,47.65218665503642],[-3.507358290368563,47.652106199739016],[-3.507737823248748,47.652085017157894],[-3.507814304605257,47.65194527486241],[-3.507923800940688,47.65196625801911],[-3.507912834473057,47.65187655440636],[-3.508011248244229,47.65191621920013],[-3.508016963223317,47.65174430032979],[-3.507840108143515,47.65160966650699],[-3.508022793984425,47.65146399608883],[-3.50802181315027,47.65134664036483],[-3.508184410944825,47.6513646592375],[-3.508369646961702,47.651563439914284]]],[[[-3.507158186121895,47.652067359402096],[-3.507006555201427,47.65211679818998],[-3.507009962573131,47.652035323975],[-3.507001839896082,47.652032974383815],[-3.507158186121895,47.652067359402096]]],[[[-3.506907546262701,47.652005698653376],[-3.506774405229177,47.65196718560042],[-3.506661501450965,47.652027675575496],[-3.506709004079066,47.65208824561149],[-3.506862831905448,47.652034503340275],[-3.506835065533481,47.652135400041445],[-3.507086092597608,47.65222073812228],[-3.507104733371793,47.6523732343653],[-3.50733469291511,47.65250490553897],[-3.507218264096611,47.652755255523964],[-3.507096704640758,47.652635597696026],[-3.50689317891022,47.65261082960108],[-3.506809373704801,47.65236262277995],[-3.506690986875815,47.65237826092369],[-3.506640194689902,47.652290779775186],[-3.506675755171452,47.65214429041449],[-3.506613761566621,47.652183876162034],[-3.506485507372674,47.65211878074706],[-3.506517660050056,47.65205376562367],[-3.506342881259288,47.65204545563212],[-3.506413765157008,47.65196924769974],[-3.506263345572267,47.651941515184475],[-3.506287585122962,47.65203047813839],[-3.506127178634951,47.652030397388025],[-3.506261152835146,47.65192357443095],[-3.506012441041156,47.651747789987105],[-3.505517827438559,47.651856672003404],[-3.505577508187408,47.65190753139637],[-3.505406993785101,47.65204348686314],[-3.505278741400971,47.65197839011898],[-3.505142572729317,47.65206727117356],[-3.505058532839497,47.65203583368389],[-3.504934543390135,47.65211500343393],[-3.505036243887927,47.6521815818924],[-3.504806169056299,47.6521582914921],[-3.504768656044119,47.65207006887637],[-3.504456611377634,47.652141666129054],[-3.504122645581695,47.65203385462918],[-3.5039953667748,47.65208611219465],[-3.504327017215607,47.65228436857864],[-3.503977458860243,47.65226774178345],[-3.503882459594279,47.65214659948101],[-3.503835931761573,47.65220338401154],[-3.503699884714312,47.65218387806484],[-3.503574672124978,47.65236246127232],[-3.503647627561968,47.65241258113366],[-3.503528143776451,47.65241924567391],[-3.503737022459343,47.65259725691401],[-3.503533498434904,47.65257248296744],[-3.50358647766233,47.652677906250126],[-3.503510109171164,47.65270926044528],[-3.50352789387282,47.65263601626001],[-3.50341279318826,47.65267856227742],[-3.50325360614393,47.65257906269581],[-3.503211335149645,47.65278011385266],[-3.503316322441006,47.652873604987775],[-3.50313155295308,47.652892941869816],[-3.503125701130622,47.6529651423518],[-3.503030823357244,47.65294371745341],[-3.503056153825348,47.65304165143279],[-3.503125546068984,47.65296705551802],[-3.503110228439005,47.65315604530659],[-3.502852628421864,47.65301687630622],[-3.502747388583989,47.65314015528878],[-3.502600254935325,47.65313932928788],[-3.502637638351476,47.65333593779965],[-3.502218405381703,47.65329609649914],[-3.502266999821039,47.65336563870846],[-3.502128631181949,47.65343657537232],[-3.502042399532581,47.65338719491881],[-3.502110004259226,47.65328407842067],[-3.501948498337759,47.653275021525246],[-3.50174129990232,47.6535484889609],[-3.501718162878604,47.65346849554697],[-3.501549953847144,47.65351400086561],[-3.501556785423923,47.653351052869745],[-3.50189977613497,47.65331386442997],[-3.502068240075182,47.65305158809182],[-3.502191012579905,47.65307183627547],[-3.502188693491868,47.65316228071484],[-3.502474067757631,47.653200555571395],[-3.502384676220986,47.65301587888325],[-3.502471034687307,47.65295687382928],[-3.502975527219764,47.65292873839954],[-3.503117306779166,47.65277632664429],[-3.5030578792184,47.65250869544312],[-3.503290271995025,47.65244154479013],[-3.50322962251873,47.65227332853615],[-3.503359094295007,47.65223901261502],[-3.503395759640524,47.652101494651795],[-3.503490882747646,47.65211425203939],[-3.503440096060086,47.652026769487996],[-3.503768705127042,47.65198134562123],[-3.503716822170654,47.65188489278368],[-3.504255527772824,47.65191806357477],[-3.504284394943397,47.651826137870906],[-3.504613002055842,47.65178071162527],[-3.504798740905442,47.65187872811523],[-3.505053173854904,47.65188259641724],[-3.505413934513127,47.65177215318189],[-3.505432933593407,47.65159949371206],[-3.505627564059421,47.65166088663638],[-3.50589088658494,47.65162813084187],[-3.505896608365351,47.651456212049375],[-3.506148846699959,47.651442137201805],[-3.506303530970154,47.65161413673639],[-3.506518135556053,47.65162022428246],[-3.506561133215765,47.65175329823198],[-3.50677123422679,47.65183188915201],[-3.506907546262701,47.652005698653376]],[[-3.503420589701506,47.652632969792194],[-3.503536911139256,47.652491008873234],[-3.503343375938785,47.65243858289544],[-3.503420589701506,47.652632969792194]],[[-3.50377844425291,47.65217046453506],[-3.50373094487854,47.652109893310474],[-3.503684416916589,47.65216667778177],[-3.50377844425291,47.65217046453506]],[[-3.50717855360079,47.65264909298059],[-3.507225078264576,47.65259230713248],[-3.507112291345309,47.65254441223045],[-3.50717855360079,47.65264909298059]]]]},"properties":{}},{"type":"Feature","geometry":{"type":"Polygon","coordinates":[[[-3.513381174605152,47.650577726932625],[-3.513474207018343,47.65046415015494],[-3.513585897679985,47.65050306865416],[-3.51365467839819,47.65030053021235],[-3.513466943200212,47.6499678161999],[-3.513214924303567,47.649765135948265],[-3.513084367398296,47.64979049251007],[-3.513280307844769,47.64964407214966],[-3.513516856128237,47.64982955327059],[-3.513472745136197,47.649687511427544],[-3.513604399161193,47.64967112474895],[-3.513149962066218,47.64945265784503],[-3.513258463069159,47.64935628022784],[-3.513448704255454,47.649381778905806],[-3.512881485412963,47.649115421943705],[-3.512768594592896,47.64917591790897],[-3.512761797790762,47.64933886691416],[-3.512966093889292,47.64969775157207],[-3.513104332930741,47.649735187402335],[-3.513006911162591,47.64981288263568],[-3.513230289240525,47.64989072044635],[-3.513515339952213,47.650254124727674],[-3.513406732708017,47.65045888796121],[-3.513354938794244,47.65025405389818],[-3.513119486674788,47.65007754281174],[-3.513102813474829,47.650159758874985],[-3.513260914156166,47.65025027484642],[-3.513171174155484,47.65039076242465],[-3.513381174605152,47.650577726932625]],[[-3.513261545201324,47.64959996214623],[-3.513227312476854,47.64953865309532],[-3.513364453775214,47.64956711829852],[-3.513261545201324,47.64959996214623]]]},"properties":{}},{"type":"Feature","geometry":{"type":"MultiPolygon","coordinates":[[[[-3.514801871501298,47.64801109250642],[-3.514853689158574,47.64808400642419],[-3.515178768310467,47.648228410543574],[-3.515165290930674,47.64844592344868],[-3.515083547868141,47.648324048189224],[-3.514931832747893,47.64850412754438],[-3.514689694596808,47.64838218312784],[-3.514581300649718,47.648370176586816],[-3.514580100463866,47.64846959180805],[-3.51454257388496,47.648381372160486],[-3.514175372594976,47.64832963632147],[-3.514144329113527,47.64840362399724],[-3.514446048826725,47.648684810018715],[-3.514439359988866,47.64873937364809],[-3.514226961370743,47.64875124127348],[-3.514349728593169,47.648771476728896],[-3.514274469669825,47.648811808337605],[-3.513981427205244,47.64871076997504],[-3.514101004845613,47.64859570921126],[-3.51429114064323,47.648729592049335],[-3.514279066487572,47.64863091856581],[-3.514199520431077,47.64852698333466],[-3.514068967023245,47.64855234101286],[-3.513873448462725,47.6482652206502],[-3.514106906754706,47.648207018661786],[-3.514304827761242,47.64829530820316],[-3.514469716442955,47.6482228734513],[-3.514470711401225,47.648340229312204],[-3.51456253737872,47.64832606676297],[-3.514510638465545,47.648229618534316],[-3.514959581919559,47.6484032287286],[-3.514985237134436,47.64817600372963],[-3.514810469727813,47.64816770638547],[-3.514801871501298,47.64801109250642]]],[[[-3.514747524672365,47.647934619486385],[-3.514464638992013,47.64774447961648],[-3.514466937036461,47.647654034678624],[-3.51466386121344,47.647624967739844],[-3.514702689645426,47.64750538653646],[-3.514718057433261,47.64763097098697],[-3.514501169976161,47.64771534342669],[-3.514684819715483,47.64768701819881],[-3.514872758276701,47.647802959519986],[-3.515069682782224,47.64777389189953],[-3.51528526966321,47.64789731924052],[-3.515307225788039,47.64807672544915],[-3.515167891712054,47.64803032188108],[-3.51506079916948,47.647810514963695],[-3.514902498991876,47.64793677245232],[-3.514643795725592,47.647788658750066],[-3.514747524672365,47.647934619486385]]]]},"properties":{}},{"type":"Feature","geometry":{"type":"Polygon","coordinates":[[[-3.465283691680789,47.64941636818831],[-3.465168973188647,47.649242105766504],[-3.465262992626608,47.64924592351474],[-3.465262105880795,47.649128567313106],[-3.465504134408188,47.64925061407967],[-3.465610542087873,47.64913633916914],[-3.465771827658295,47.649253831730846],[-3.465899338509896,47.649093230293104],[-3.466230828757862,47.649291595079596],[-3.466189023246519,47.64916747690178],[-3.466328317669458,47.64921393883531],[-3.466355069513092,47.64910408085457],[-3.46610065264922,47.649100128293014],[-3.466292160525026,47.64902628907019],[-3.466274038800485,47.64865701516255],[-3.466216578293313,47.6486240771511],[-3.466184865751011,47.64902320840691],[-3.466059736086367,47.64909336626116],[-3.465677324172935,47.6489158873168],[-3.465311863792042,47.64854781235489],[-3.465305808976087,47.64882811485065],[-3.46555655195052,47.649021927716326],[-3.46525774821221,47.64909268421931],[-3.465036825385617,47.64892431080044],[-3.464910605087351,47.648985496651676],[-3.464806099950857,47.648675199933706],[-3.465120559236597,47.648513264526215],[-3.464853276745394,47.648293274437314],[-3.464822775590435,47.648042092546966],[-3.46455052725747,47.64811137507032],[-3.464527925138003,47.6483655013091],[-3.464347514222077,47.64842066004821],[-3.464305713773963,47.648296541140276],[-3.464416683531017,47.64810976492155],[-3.464325049208045,47.64801550257369],[-3.464128980441562,47.648161840943914],[-3.464267181213575,47.64819933457047],[-3.464167307828544,47.64836743303724],[-3.464238926797171,47.64851699227992],[-3.464407151877115,47.64847154055113],[-3.464534256667996,47.648527711478415],[-3.464660680208084,47.64835814054771],[-3.46474557608835,47.648506963396215],[-3.464640053178592,47.648738593794064],[-3.464702959418789,47.648816386479545],[-3.464618948486702,47.64878491985886],[-3.464562169967281,47.64897772270801],[-3.464602882239102,47.649092870700464],[-3.464791806230539,47.64921786323972],[-3.464889500532701,47.64903182275935],[-3.465032264745234,47.6489968131364],[-3.465195727433391,47.64913224805282],[-3.465025322183962,47.64915975935049],[-3.465021850887425,47.64924123245217],[-3.465283691680789,47.64941636818831]]]},"properties":{}},{"type":"Feature","geometry":{"type":"Polygon","coordinates":[[[-3.488046073054468,47.65315531420582],[-3.488063879133762,47.653082072392415],[-3.488279580906228,47.653097163968944],[-3.488415780295294,47.6530083026132],[-3.488297386645562,47.65302392211774],[-3.488151503079411,47.65292366321633],[-3.488071688822084,47.653036480941665],[-3.487977661076194,47.65303268155251],[-3.48778570328545,47.65266404459667],[-3.487466137369766,47.652564417364715],[-3.486810135776226,47.65255575774689],[-3.486671589494375,47.65273506140225],[-3.486299693277646,47.6528641263793],[-3.486189270771256,47.65272576715387],[-3.485845340818332,47.652645553669124],[-3.485753660849734,47.65255130835204],[-3.485515781056809,47.65257357128649],[-3.485080337007015,47.6522907246796],[-3.484871196074617,47.6523294506442],[-3.484715322910295,47.652256837521826],[-3.483590518948426,47.6513620661313],[-3.483882920375083,47.65112905395474],[-3.483653024646587,47.65099733654435],[-3.483470273877874,47.65114296889426],[-3.483166185983022,47.65106053279297],[-3.483102157723929,47.65097377954196],[-3.482957215219281,47.650990870005465],[-3.482729841545526,47.65066032123535],[-3.482510874148172,47.65061830758039],[-3.48247138212618,47.65040375114406],[-3.482250063216835,47.65045218116814],[-3.482160746287346,47.65026748875102],[-3.482268212616551,47.65016216934608],[-3.482167804998535,47.649996156210385],[-3.482032526539199,47.650202366437156],[-3.481934135247019,47.65016267973224],[-3.482020680343282,47.64999530429815],[-3.48184952675668,47.649797098675],[-3.481619302888707,47.64988214801563],[-3.481639131658699,47.649935233706266],[-3.481488730692447,47.64990746927393],[-3.481467470408917,47.650062183760305],[-3.481303793481792,47.650035157083444],[-3.481316899109595,47.650142804512036],[-3.481189943128771,47.649978266482094],[-3.480755464021906,47.649812759420605],[-3.480563973341996,47.64988662231507],[-3.480412481092265,47.64984988586971],[-3.479925248725837,47.64947055632785],[-3.479785196277505,47.649198369082356],[-3.479424573898009,47.649200347894535],[-3.479274001944055,47.64928096605021],[-3.479078493358954,47.6491021730648],[-3.478864993748598,47.64910500576707],[-3.47855585530152,47.6494202167918],[-3.478558778949112,47.64966389959381],[-3.477951934762644,47.6500588692906],[-3.477859358716416,47.64984726159363],[-3.477991377698054,47.64961414420331],[-3.477813336739473,47.64957887957557],[-3.477638393002398,47.64967891206744],[-3.477630929992699,47.649507732051745],[-3.47739087745052,47.64951203717062],[-3.476977865879322,47.64908341677025],[-3.476790738014668,47.64919315616477],[-3.476468850907389,47.64918394279923],[-3.476096224856767,47.64908723398317],[-3.475715052217501,47.64881037309726],[-3.475395531923651,47.64871071265827],[-3.475191670891113,47.6489026602388],[-3.474836871903576,47.648732707372424],[-3.474609007103676,47.64872729885222],[-3.474563542076845,47.648793042513404],[-3.474202015842977,47.64867764905102],[-3.473782655369135,47.64874609111843],[-3.473567161092599,47.6486225872789],[-3.473486231641089,47.64872642459666],[-3.473206728909367,47.64851616142574],[-3.473034148333613,47.648525743007006],[-3.472659727099847,47.64819431080812],[-3.472457324922455,47.648178453394095],[-3.472083811434702,47.64796437551483],[-3.47197234541243,47.6478170317883],[-3.472154927502122,47.64777980269089],[-3.47219494186047,47.647669206355246],[-3.471891080388249,47.6474783552318],[-3.471728127642326,47.64767705688816],[-3.471494815485878,47.64762678869241],[-3.471384061743672,47.64770518615961],[-3.47157953942683,47.64788399214794],[-3.471455700051029,47.6478547410302],[-3.471421136169318,47.64801019070833],[-3.47156152258174,47.6480656171526],[-3.471708262595885,47.64828325322719],[-3.471674979299341,47.648339288177795],[-3.471427298465476,47.648280786026824],[-3.471320904949776,47.648395066284785],[-3.471546397172255,47.64849092526293],[-3.471652221323134,47.64870180123319],[-3.471804794790835,47.648747519771206],[-3.471725141763557,47.64875194111501],[-3.471701293451968,47.64910548338873],[-3.471255946670259,47.648850233789034],[-3.471119538545222,47.64904746078611],[-3.471029172113359,47.64885378900726],[-3.470855499701761,47.64885439664838],[-3.470251623353381,47.64817444259647],[-3.470133042338994,47.648298429228184],[-3.470249377877404,47.64881578472351],[-3.470120983354157,47.64885903474995],[-3.470160424569827,47.649073595530496],[-3.470048382689167,47.64925140638125],[-3.469646139838859,47.649020852759165],[-3.46966069933381,47.64892070139339],[-3.469586690463042,47.64886158949349],[-3.46948375631862,47.64889439479563],[-3.469325928360862,47.64869543408619],[-3.469160976961698,47.64876780510704],[-3.469132440559314,47.64864295135281],[-3.468949853407332,47.64868017571079],[-3.468500163546212,47.64838903258253],[-3.468291025877972,47.64842772895267],[-3.468155500973175,47.64874230874248],[-3.467848180897236,47.64863292043342],[-3.46767956271636,47.648895148022824],[-3.467707898148512,47.64912838755455],[-3.467542447540149,47.64886662919902],[-3.467385319950001,47.64889340753035],[-3.46736798146584,47.64930077341012],[-3.467110692231909,47.649053139921776],[-3.466799013817695,47.64890786584289],[-3.466541929191481,47.648551845587384],[-3.466206284892706,47.64820921305147],[-3.466127721750044,47.64822260134985],[-3.466215488725448,47.648615106384256],[-3.466182601058569,47.6484543688296],[-3.466247688355416,47.64855010223001],[-3.466335169131872,47.64850009451496],[-3.466346065004748,47.648589802175195],[-3.466505371453104,47.648580966765785],[-3.466479709794851,47.64869979557493],[-3.466850627691382,47.64911272064889],[-3.466953563875842,47.649079917669944],[-3.46736342396089,47.64937327582279],[-3.467434954755724,47.648971935131016],[-3.467801720052432,47.6492405886932],[-3.46771592234058,47.648974411929736],[-3.467805779625619,47.64883395917784],[-3.468003823414256,47.6488139416468],[-3.468132022702068,47.64887907939959],[-3.468390994735327,47.6488105250678],[-3.468651754488564,47.64897668255141],[-3.468596668018638,47.64885330175076],[-3.468853459300484,47.648766804905314],[-3.469268076858561,47.64887926849397],[-3.469518834465418,47.64907307285208],[-3.469536664613661,47.64899983370739],[-3.46970469305363,47.6490627598096],[-3.469998357670519,47.649389650764675],[-3.470127843810388,47.6493553716119],[-3.470113670713943,47.64923875215771],[-3.470195505100406,47.64925227336708],[-3.470232446440749,47.649006380162355],[-3.470399577679451,47.648951949090645],[-3.470627059460763,47.64917413670754],[-3.470499754681625,47.64922635786491],[-3.470629946883812,47.649417819738005],[-3.470836714664838,47.64946956318642],[-3.47075545433203,47.64913088613218],[-3.470628533328354,47.64896633654265],[-3.470352119066105,47.64889136420255],[-3.470405413525822,47.648780031813],[-3.47051251604683,47.64889149405864],[-3.470518159526862,47.64882796223074],[-3.470728387478538,47.64879823260663],[-3.470796754381537,47.64892087562604],[-3.471153722566641,47.64910878217941],[-3.471370684199274,47.64902449027032],[-3.471457780775738,47.649191249622234],[-3.471655824520207,47.64917122590557],[-3.47173528865407,47.64927519004751],[-3.471720021561401,47.64914960007044],[-3.471988281712047,47.648827647129444],[-3.471838078205696,47.64869148479555],[-3.471885916763744,47.64853529814564],[-3.472227806598012,47.64848922598604],[-3.472318741777678,47.64835774044052],[-3.47255077941202,47.64850742174552],[-3.472820650709474,47.648528564666826],[-3.472958671500073,47.64867443347991],[-3.473282736441794,47.64870159791813],[-3.473301279374436,47.64885409981951],[-3.473389844815923,47.64881305753105],[-3.473565512872804,47.64893877297746],[-3.473918682704415,47.64876563192754],[-3.474187280395393,47.64888618645858],[-3.474365500827371,47.64881307116194],[-3.474576633801214,47.648900690767334],[-3.474825595234659,47.64885977144913],[-3.474944891622338,47.648961521703704],[-3.475075464608747,47.64893620774486],[-3.475245681567466,47.6490170672462],[-3.4753166058513,47.648940878061595],[-3.475402805576118,47.64899027834734],[-3.475390803278719,47.648891600871],[-3.475545744562186,47.64884687041795],[-3.475707960849653,47.649081705415156],[-3.476140055269921,47.64933767540465],[-3.476225345536877,47.64926971896411],[-3.476317003036229,47.649363971917154],[-3.476724001499861,47.6494136143343],[-3.476789108879728,47.649509341814394],[-3.476845843782809,47.64931653308012],[-3.476980782301746,47.649327099654535],[-3.477006063237922,47.649425039460084],[-3.477170827542968,47.64946104282586],[-3.477044441149205,47.649630627191534],[-3.477145923567884,47.64980561542004],[-3.477314319907859,47.6496517597224],[-3.47745926058193,47.64963467624595],[-3.477333966154901,47.64981323156573],[-3.477373615155878,47.64991940440015],[-3.477433444859915,47.64986189280741],[-3.477584935092537,47.64989863311451],[-3.47768586058938,47.64973949397118],[-3.477804250056596,47.64972388519042],[-3.477647684055132,47.65008480418419],[-3.477669691998045,47.650155831848686],[-3.477840093906813,47.650128302126916],[-3.477816639851042,47.65026507462985],[-3.477923023182429,47.65015078856956],[-3.478274919029074,47.65007704921416],[-3.478566244957409,47.649835079536295],[-3.47875537955202,47.649851664040376],[-3.47871463615964,47.64973652102609],[-3.478786472945387,47.64977768582945],[-3.479130722808808,47.649641149370225],[-3.479645196349375,47.64958546495582],[-3.4795966348388,47.64951591320541],[-3.479775768632485,47.64956014575317],[-3.479805768570866,47.64947719662352],[-3.480165875604722,47.64980037291621],[-3.480604720839853,47.6500017646755],[-3.480673111985857,47.65012440183867],[-3.480764949996533,47.65011026586278],[-3.480788054149361,47.650190263562685],[-3.480944086754164,47.65015449660585],[-3.481250180108437,47.65036326515677],[-3.481410581538912,47.65036338005386],[-3.481354371988372,47.650231034740834],[-3.481479314472809,47.65026924594817],[-3.481487299094751,47.650115269471726],[-3.481734076481439,47.65005639422594],[-3.481928336395896,47.65033459745973],[-3.482033450189229,47.65031972244307],[-3.482069663570715,47.65050736720709],[-3.48237702359448,47.65061671800559],[-3.4823613951809,47.65070790025947],[-3.482547256979039,47.65069756679979],[-3.482757151310376,47.65088458629663],[-3.482729339953479,47.650985477326245],[-3.482818994086752,47.65095339853903],[-3.483000153606278,47.65112395266183],[-3.483062163496419,47.65108437942079],[-3.483110730952019,47.65115392967401],[-3.483491197483028,47.651205024829316],[-3.483464314163499,47.651423271943656],[-3.483949404293976,47.65178464516923],[-3.48400780717139,47.651934930296996],[-3.484184767428231,47.65196121486002],[-3.48417913989041,47.65202474724304],[-3.484315179391129,47.65204427591621],[-3.485146231131968,47.65261218847547],[-3.485213705373889,47.65261746698064],[-3.485177479502686,47.65242982339803],[-3.485336470480427,47.652637732875114],[-3.485525617113972,47.65265430639713],[-3.485664776234354,47.65280913045323],[-3.485899378128008,47.65275995552761],[-3.486282977879308,47.65294633849141],[-3.486716724753095,47.65288608368321],[-3.487036766558821,47.65266055717879],[-3.487210134969734,47.65287669600917],[-3.487338683145891,47.65272504203859],[-3.487380540644467,47.65284915241487],[-3.48746691543285,47.65279015844437],[-3.487618420887901,47.65282688568784],[-3.487596083964303,47.65297263050616],[-3.487759616104017,47.6531080335723],[-3.488046073054468,47.65315531420582]]]},"properties":{}},{"type":"Feature","geometry":{"type":"Polygon","coordinates":[[[-3.514154970500563,47.646524445966364],[-3.513625719720327,47.6459127694278],[-3.513004554226125,47.64542363742401],[-3.512773513882686,47.645283006574445],[-3.512711532772921,47.645322595698396],[-3.512696170372202,47.64519701083297],[-3.512452955068647,47.64506609122294],[-3.512385380741169,47.645169214145774],[-3.512200963173535,47.64486340826655],[-3.51197102455364,47.644731746143954],[-3.51216015142506,47.64474827662434],[-3.512099482731883,47.6445800642996],[-3.512186699323286,47.644746793658804],[-3.512529414017062,47.64492634533008],[-3.512342587923164,47.6448193704193],[-3.512415648163874,47.644761099265885],[-3.512247582927344,47.64469823444697],[-3.512031134134498,47.64434905942318],[-3.511552504023713,47.64404162357198],[-3.511384333095351,47.64408714326919],[-3.511362282781622,47.64401612173604],[-3.511144417144997,47.6439831319576],[-3.511198718621797,47.64388075106188],[-3.511107996419097,47.643903881369425],[-3.510939715667963,47.64405778621259],[-3.511108983903661,47.644021237522914],[-3.511511368153176,47.644251648988494],[-3.51156676629954,47.64415823829994],[-3.511709378509872,47.64423155734077],[-3.511718155529826,47.64430332023246],[-3.511569949004726,47.644293535159484],[-3.512029713958482,47.64466524633096],[-3.511710042381462,47.64467407073266],[-3.511964333680521,47.64478630974404],[-3.512419609695185,47.64523052358301],[-3.512507818938619,47.6455146086972],[-3.512752133751482,47.64565449850774],[-3.512742364010818,47.64546537969995],[-3.51287620253752,47.645466934498145],[-3.513324907357541,47.64585732259415],[-3.513588092015202,47.645932935035226],[-3.513863246246097,47.646215606206525],[-3.513798861673952,47.64645402652979],[-3.514007854918884,47.64652363432498],[-3.513879709221068,47.646350161183264],[-3.514154970500563,47.646524445966364]],[[-3.513988098906893,47.64636216838774],[-3.513908452946939,47.64636661849044],[-3.513910751874781,47.64627617349858],[-3.513988098906893,47.64636216838774]],[[-3.512677090721469,47.64547805776358],[-3.512507925634215,47.64540622299552],[-3.512462723710502,47.64525521009422],[-3.512677090721469,47.64547805776358]]]},"properties":{}},{"type":"Feature","geometry":{"type":"Polygon","coordinates":[[[-3.463929232311802,47.64849803754769],[-3.464092421653501,47.648190961373324],[-3.463914189224013,47.6482640610251],[-3.463627102788454,47.647990979353615],[-3.463491964029529,47.64808878284249],[-3.463438449460615,47.648308497596844],[-3.463230604295611,47.64824777023024],[-3.462995741437117,47.64785438701315],[-3.462789661112466,47.6480283714417],[-3.462702385656143,47.64796999102488],[-3.462599400444436,47.64745189194111],[-3.462463172252044,47.64754072346211],[-3.462378075749347,47.64750028440241],[-3.462324765819179,47.64761161320464],[-3.462213327483,47.64746426014293],[-3.462324094198443,47.64738587135856],[-3.462204825401567,47.64728410813715],[-3.462075339198743,47.6473183785474],[-3.461831149675236,47.6471783829275],[-3.461561079379423,47.64726560014522],[-3.461508609145733,47.646943386442224],[-3.461404585010404,47.64696721384186],[-3.461351694800133,47.64686177113693],[-3.461520127387001,47.64670793796642],[-3.461690526613552,47.64668043174512],[-3.461653088743522,47.64659219504996],[-3.461486166309249,47.64653822811008],[-3.46137975497801,47.64665249941968],[-3.461103365698679,47.64657750511209],[-3.461003696697121,47.6466372154547],[-3.46093644386634,47.646523537386514],[-3.460644391575498,47.64653972156965],[-3.460663986231383,47.64670119647409],[-3.460585636082421,47.64660619549366],[-3.46043830866151,47.646713701970526],[-3.460111636209041,47.64633443267094],[-3.460014143511311,47.6464120838452],[-3.459977135398127,47.64610707542642],[-3.4596633167904,47.64594384041745],[-3.459944054604974,47.646054721505536],[-3.460105744656467,47.645955450884955],[-3.460407564818019,47.6454691066366],[-3.460454557836245,47.64519556792699],[-3.460299827245822,47.6451318928086],[-3.460138353117267,47.645122778094304],[-3.45993553935819,47.64532367025371],[-3.459702695153339,47.64560750618469],[-3.459653521100755,47.64586310285157],[-3.459240250474777,47.64565119020368],[-3.45904308814705,47.64578854937519],[-3.458719048150976,47.64576134540614],[-3.458670085296848,47.64590855603957],[-3.458557356107906,47.64586061411791],[-3.458597397209071,47.64575002232957],[-3.45835518366742,47.64573634664987],[-3.458319928334529,47.64566605055135],[-3.458226569962966,47.64588796928184],[-3.458076409850002,47.64575178905214],[-3.458138431978046,47.64571222892764],[-3.458005029266263,47.64549384019621],[-3.457713199715678,47.64540163143543],[-3.457516689557341,47.645213831158294],[-3.457278830708804,47.645236036698705],[-3.457299502704557,47.645406483142025],[-3.457226600391909,47.64535633417156],[-3.457061642906887,47.64542868823807],[-3.456793321177585,47.645199708492676],[-3.456191823381855,47.64508852141937],[-3.456076701255954,47.64513102097434],[-3.456080609810937,47.645383675750274],[-3.45597680781258,47.64529911270867],[-3.455920223412124,47.645383526084395],[-3.455669532536388,47.645189692175286],[-3.455754842240093,47.64512175053107],[-3.455664316070489,47.64503645212641],[-3.455696748480984,47.644863065106506],[-3.45549653936219,47.64486512005219],[-3.455425592198823,47.64494129736655],[-3.455259991850997,47.64478790671481],[-3.454889162663668,47.64492584314449],[-3.454615381223857,47.645202903024874],[-3.454167973817195,47.644929646003106],[-3.454114649326597,47.64504097120824],[-3.453816940123313,47.64512066949851],[-3.453861340162341,47.64504596288713],[-3.453618269962921,47.64491492083856],[-3.453573235124788,47.644763885159314],[-3.453366502322433,47.644712111038714],[-3.453290569685362,47.644526661212176],[-3.452945427136206,47.644545765330825],[-3.452934554617266,47.64445605623332],[-3.452862517100918,47.64452326109791],[-3.452536542076063,47.64436971246988],[-3.452417928358493,47.64449368136719],[-3.452477092999652,47.64476133938432],[-3.452297139797406,47.64459970830566],[-3.452043603052382,47.644713081705476],[-3.451355094107071,47.64443509548987],[-3.451145335216395,47.64424801897645],[-3.450943809581259,47.64434948087293],[-3.45102260240793,47.64422771707712],[-3.450764949292037,47.644196818329696],[-3.450700127314795,47.643992690398285],[-3.450503414396604,47.64391326389174],[-3.450377189289166,47.64397443420347],[-3.450343032433308,47.64391310657039],[-3.450237689263794,47.64403633882439],[-3.450139332995205,47.643996625224545],[-3.449946734082874,47.64406146722759],[-3.449789377733858,47.64419660764993],[-3.449501916138982,47.64414026208259],[-3.449414191892468,47.64429864298623],[-3.449312575841842,47.64423201586459],[-3.449258771597568,47.64456011022625],[-3.449132778951171,47.644512893513486],[-3.449161737067844,47.64442098109345],[-3.449026816472241,47.64441038236865],[-3.449030455969112,47.64477142312481],[-3.446848554169777,47.6450727169735],[-3.445449611445107,47.64543905802592],[-3.445456370411298,47.64538449827255],[-3.446816573132048,47.6450293302726],[-3.448632210958465,47.64479345172558],[-3.448675531444356,47.64470977612336],[-3.448861378857139,47.644699496209256],[-3.448811633080215,47.64417844692555],[-3.448689987850116,47.64416711352505],[-3.448417362468382,47.64390223058822],[-3.447645499604445,47.643818486352146],[-3.447513839810062,47.64383479876346],[-3.448056774745596,47.6439041126025],[-3.44831853366502,47.64407928683593],[-3.448468190636528,47.64443225106636],[-3.448443103668104,47.64477681842402],[-3.448147797795176,47.644766058536874],[-3.44824506753097,47.64479680284519],[-3.446838778029305,47.644991978297774],[-3.445365617186321,47.64540757750881],[-3.445401941286887,47.6454868484997],[-3.445508141724048,47.64548097727698],[-3.446358226494102,47.64521723279787],[-3.44687051904799,47.645143750618686],[-3.446864001586889,47.645089924838565],[-3.446963443692898,47.64513861213525],[-3.447350828720289,47.64502687963591],[-3.448352115764154,47.644908285628894],[-3.44871379681182,47.64491537365129],[-3.448785131707401,47.64517332825906],[-3.44887696963699,47.6451592173086],[-3.448877205576351,47.64505083168015],[-3.448987751157441,47.64508084107312],[-3.44907198258224,47.645003933360314],[-3.449051716877282,47.645167613274346],[-3.449122057701878,47.64486569762411],[-3.449290284143971,47.64482026757226],[-3.449312252168627,47.64489130076775],[-3.449395396164168,47.644805421872164],[-3.449359301553309,47.64461776644081],[-3.449651346744958,47.644601610447566],[-3.449673080839559,47.64478102923466],[-3.449752729763508,47.64477662291357],[-3.449866769421158,47.644725158644285],[-3.44988920593852,47.64457942042683],[-3.449957285795075,47.64481046155417],[-3.45010462907585,47.64470296818645],[-3.450067678789357,47.64439795636007],[-3.450143833406758,47.644475022629805],[-3.450759905441941,47.64448609163261],[-3.451429471381106,47.64482834697026],[-3.451518672833743,47.64501306338589],[-3.451595060843205,47.644981743047424],[-3.451702116446109,47.64509322275119],[-3.451657713344831,47.64516792854021],[-3.451820273237939,47.64518602589095],[-3.45183200117554,47.64539309159563],[-3.451928187076298,47.645414861912045],[-3.451868334872324,47.64547236057666],[-3.451982144342565,47.64552927987501],[-3.452300743664059,47.64551164797569],[-3.452331470807232,47.6451035488508],[-3.452729085606768,47.64485576544825],[-3.452686858577017,47.64494841345693],[-3.452860518478391,47.644947832817394],[-3.452791513928987,47.64515033598191],[-3.452857660423565,47.645255047911675],[-3.452948410148339,47.64523196285471],[-3.45298343051855,47.64541064621206],[-3.452998020301734,47.6453104967361],[-3.453154917307895,47.645392123324804],[-3.453152969951752,47.645265795892726],[-3.453407367571778,47.645269776651915],[-3.453464589937274,47.645411106642534],[-3.453633901787633,47.64537464125078],[-3.453736612814642,47.64545023547248],[-3.453863247548501,47.645723189313436],[-3.453978372714839,47.64568069195238],[-3.453996448602142,47.64549906943753],[-3.454043885627482,47.64555966107406],[-3.45411809799542,47.645510397305635],[-3.454377484886832,47.64577600163593],[-3.454424059738067,47.64571923661765],[-3.45446039750749,47.64579850477918],[-3.454605335025857,47.64578144961565],[-3.454503485156164,47.645823212662236],[-3.454622736000025,47.645924983821345],[-3.454777494316143,47.64543776751529],[-3.454959856671628,47.64550895086036],[-3.455068454725997,47.645412627100946],[-3.455220781521335,47.64556675298729],[-3.455336992944711,47.64553322516792],[-3.455284535032144,47.64576190736113],[-3.455343296199267,47.64569543607359],[-3.455466034027249,47.64571573341894],[-3.455381810694743,47.645792645712305],[-3.455424676122209,47.645925738853705],[-3.455541333012254,47.64567543963139],[-3.455540022891076,47.64577485435807],[-3.455644047320409,47.645751032164526],[-3.455559824188769,47.645827944584795],[-3.455738925668518,47.645872214062756],[-3.455750890944902,47.64597089370986],[-3.455925641924199,47.645979279391845],[-3.455980051365057,47.64587692428974],[-3.456082766682554,47.645952516429304],[-3.456128252057448,47.645886779862984],[-3.456167855945801,47.64599296010602],[-3.456227704100669,47.645935459254744],[-3.456261869014265,47.64599678510284],[-3.456416817922838,47.645952079947286],[-3.456324759807461,47.646074582409305],[-3.456396574387731,47.64611576105366],[-3.456560447006561,47.64603443708308],[-3.456530853664947,47.645900609205626],[-3.456697989150022,47.64584619764331],[-3.456755220849105,47.64598752597987],[-3.456941071154569,47.645977233221586],[-3.456944115462484,47.64611253140854],[-3.457190901405568,47.64605370787268],[-3.457232252458649,47.64584370182683],[-3.457358474129038,47.64578252416939],[-3.457702098984877,47.6459712073737],[-3.457505149933753,47.646000178335235],[-3.457579141451212,47.64605929797441],[-3.457804816923348,47.64604679799576],[-3.457780660926362,47.64595782472443],[-3.458096650160688,47.646139006496725],[-3.458203067498595,47.64602473814649],[-3.458351269012042,47.646034590899454],[-3.458347571021166,47.64622444952203],[-3.458479016957792,47.64631651050538],[-3.458553226283575,47.64626724393961],[-3.458491420233909,47.646198418690574],[-3.458686408996633,47.64604311878122],[-3.458704909289249,47.6461956232076],[-3.458857464495828,47.64624135870975],[-3.458846581692152,47.64615165024181],[-3.458942771821741,47.64617341477528],[-3.458799138687083,47.646091060573845],[-3.459031559174513,47.6460239977195],[-3.459141897387778,47.64616238308184],[-3.459293364519067,47.6461991471716],[-3.459213929208167,47.646095174403435],[-3.459339060842438,47.646025023770356],[-3.459448311475364,47.646154438000835],[-3.459606523388337,47.64613664114392],[-3.459604132422021,47.646227085052566],[-3.459721430955612,47.64620252372394],[-3.459663549067343,47.64638635361436],[-3.460037214952242,47.64649208579937],[-3.460082056358758,47.6467515044109],[-3.460338425995172,47.64688179729481],[-3.460436582704517,47.64702988779431],[-3.460357356557652,47.64681753029759],[-3.460595009029535,47.64690370406109],[-3.460607859989921,47.64711973952462],[-3.46076063127972,47.64705708698232],[-3.460803057682684,47.64685605060876],[-3.461028735769117,47.64684354440879],[-3.460904270042036,47.64713943873115],[-3.461079903170567,47.6472651730554],[-3.46114561294853,47.64703575275604],[-3.461375436039813,47.64716751471202],[-3.461428116145314,47.64738134291635],[-3.461702542372231,47.647330009271364],[-3.461585032135722,47.647462958096895],[-3.461781564895705,47.64765075131164],[-3.46181942304436,47.647522216895915],[-3.461919972151752,47.64757986221395],[-3.461952637047701,47.64784898654285],[-3.461936513982331,47.64760603887523],[-3.462205078761508,47.647726621019665],[-3.462308015127733,47.64769382210927],[-3.462304331100623,47.64788368069262],[-3.462397676004463,47.64766175893523],[-3.462590945528681,47.64782263835085],[-3.462659965523512,47.648171027971244],[-3.462828190857683,47.64812557850733],[-3.462858216334962,47.648042633668396],[-3.463005335295885,47.64804350970731],[-3.462989467246157,47.648243074971205],[-3.463106768653127,47.64821851027007],[-3.463302220478096,47.64839733005633],[-3.463375339159612,47.648339089686345],[-3.463513539861138,47.648376584200754],[-3.463550305240511,47.64823907847914],[-3.463731805507901,47.64819289175766],[-3.463929232311802,47.64849803754769]],[[-3.460730814967014,47.64703164578558],[-3.460632445368449,47.64699194108089],[-3.460642666845293,47.64685590742515],[-3.460730814967014,47.64703164578558]],[[-3.460265731624938,47.64672326470307],[-3.460150822264236,47.64665738267617],[-3.460179762565871,47.646565467629046],[-3.460265731624938,47.64672326470307]],[[-3.452261376894541,47.64529708077414],[-3.452056817536516,47.64526324617578],[-3.452049437209031,47.645092064141195],[-3.452292733364806,47.6451147238096],[-3.452261376894541,47.64529708077414]],[[-3.45209383969877,47.64501735820036],[-3.452058593089432,47.644947060186574],[-3.452250105488178,47.64487324381795],[-3.45209383969877,47.64501735820036]]]},"properties":{}},{"type":"Feature","geometry":{"type":"Polygon","coordinates":[[[-3.445410773062251,47.644014304414156],[-3.445135992889604,47.64373147183357],[-3.445362147574096,47.64350222446102],[-3.445655516352574,47.64338666371548],[-3.446042649712115,47.64338332117339],[-3.446551790170135,47.64372544121325],[-3.446669089210805,47.6437008929556],[-3.446812697190119,47.64378326216918],[-3.446932408574775,47.643668269885964],[-3.446743305801713,47.64365163382365],[-3.446934820903509,47.6435778261173],[-3.446963782298506,47.64348591419732],[-3.446985746676955,47.64355694787951],[-3.447279959343076,47.64355873974357],[-3.44712911527447,47.643747702414565],[-3.446995283021876,47.64374607230758],[-3.447067087268658,47.64378725673545],[-3.447405709175961,47.64371434418461],[-3.448169965107515,47.6437352933067],[-3.448221365078091,47.643497643108915],[-3.447603238576855,47.642917719153495],[-3.44634144695065,47.64331261359607],[-3.446356652643972,47.64343820726431],[-3.446777458353155,47.64371296251733],[-3.446317915159358,47.64344938025198],[-3.446287262829166,47.643306578624355],[-3.445779815655802,47.643199170795675],[-3.445340671608946,47.64321441902814],[-3.444811130802265,47.643586872577075],[-3.445410773062251,47.644014304414156]],[[-3.447380724246345,47.64350801197821],[-3.447196445656062,47.64331048907108],[-3.447265229853964,47.64321637475218],[-3.447366841414309,47.643283003689504],[-3.447254974972532,47.64335240749356],[-3.447395562965189,47.64329947737868],[-3.447456265038784,47.643359337633925],[-3.447448422067293,47.643404926594556],[-3.447362257248633,47.64335550554711],[-3.447380724246345,47.64350801197821]]]},"properties":{}},{"type":"Feature","geometry":{"type":"MultiPolygon","coordinates":[[[[-3.511278361097419,47.64387630280042],[-3.511288562036162,47.643631878721024],[-3.511060824977966,47.64351815546084],[-3.511156044054151,47.64342252085392],[-3.511339462665879,47.64361097244223],[-3.511426893074381,47.64356093084933],[-3.51050070486933,47.642872065025045],[-3.51039122618099,47.64285108418336],[-3.510332536729554,47.64291758323613],[-3.510452873549008,47.643136653759385],[-3.510263864166999,47.643011734667056],[-3.510201661083691,47.643268094165144],[-3.510081213379598,47.64315740923053],[-3.510120160370406,47.64292944343277],[-3.509925444646367,47.64297644355397],[-3.509548639803883,47.642627187861564],[-3.509386781204714,47.6426092498277],[-3.509550945959947,47.642536742779576],[-3.509429404550621,47.642417086740565],[-3.509647262733403,47.64245007974368],[-3.509886944847147,47.64277086592641],[-3.510007503044712,47.64277316523569],[-3.509855026024852,47.64261911058476],[-3.509869508308744,47.64251895388816],[-3.509963519084362,47.64252273568392],[-3.509937957114561,47.642641574393636],[-3.510151317723467,47.64274707076575],[-3.510153176973084,47.64309016905914],[-3.510273847131844,47.6429840822571],[-3.510265183516748,47.642803933361314],[-3.510448818601782,47.64277561471855],[-3.51122822523176,47.64313850837906],[-3.511574988951964,47.643679101911886],[-3.51147757601344,47.64375679611545],[-3.511357124559798,47.64364611252427],[-3.511423384092903,47.64375079135324],[-3.511324982844581,47.64371112926411],[-3.511377968666966,47.643816549501324],[-3.511278361097419,47.64387630280042]]],[[[-3.50938599536825,47.642609596908976],[-3.509354908283664,47.64279154328104],[-3.50922776999744,47.642735420947695],[-3.50905510089938,47.64285344160474],[-3.509109518827557,47.64264267576555],[-3.508952544355087,47.642561124214225],[-3.508494552690095,47.642640884807264],[-3.508513538551991,47.64246822401485],[-3.508915145221205,47.64236451661835],[-3.5089583691985,47.64228081858483],[-3.508527156308885,47.6421423253186],[-3.50856039704032,47.64208627969666],[-3.508816976764868,47.64210808062602],[-3.509018156294176,47.64222329059664],[-3.508793834094926,47.642028088135994],[-3.509072573725678,47.64201252470561],[-3.508991951053777,47.641899615174246],[-3.509164503726517,47.64188998045492],[-3.509500496846087,47.642124104791755],[-3.50932113706564,47.64229668940873],[-3.509049089573613,47.64225768992684],[-3.509103166106352,47.6423720816706],[-3.508992478533222,47.64245051498921],[-3.509171612962869,47.64249470263439],[-3.509165032987199,47.642440880271856],[-3.509364134202822,47.642429762973585],[-3.509375101168714,47.64251946689191],[-3.509199143081417,47.64261057660179],[-3.509246640207041,47.64267114590361],[-3.50938599536825,47.642609596908976]],[[-3.509149793272009,47.64220690887306],[-3.509056993446905,47.64210371093331],[-3.509070153110438,47.6422113556875],[-3.509149793272009,47.64220690887306]]],[[[-3.508527156308885,47.6421423253186],[-3.508534602636917,47.64242188987715],[-3.508262555081458,47.64238288856644],[-3.508251705347572,47.642184798658015],[-3.50832136171665,47.6422080046569],[-3.508206749046079,47.64181701206349],[-3.50839257486378,47.641806637449754],[-3.508193591221404,47.64170936718999],[-3.50827115300762,47.64157859424688],[-3.507879999307706,47.64122110355147],[-3.507484231683282,47.641044501715626],[-3.507647136261398,47.640905110742565],[-3.50761586622424,47.6410281217102],[-3.507871227956041,47.641149340256554],[-3.507749693472847,47.641029682383994],[-3.50799870857273,47.64088030627301],[-3.508327880906531,47.64127738351615],[-3.508063630211719,47.64119278863415],[-3.507992762984255,47.641268997995255],[-3.508222676868516,47.64140066818358],[-3.508383051408437,47.64140074605809],[-3.508716844880092,47.64161693189783],[-3.508684701170302,47.64168194797995],[-3.508454670014278,47.64165866463529],[-3.508513130818616,47.64180893830209],[-3.508304047979363,47.641847706413024],[-3.508333423402866,47.642306679085806],[-3.508449594330675,47.64227309839336],[-3.508527156308885,47.6421423253186]],[[-3.508187474180394,47.64122200105316],[-3.507974239445973,47.64100811506605],[-3.507849183531643,47.641078317951994],[-3.508187474180394,47.64122200105316]],[[-3.508571936000162,47.64163405421425],[-3.508417273347121,47.641462056787844],[-3.50821927202734,47.6414821428855],[-3.508571936000162,47.64163405421425]]],[[[-3.507650545996007,47.640891697395645],[-3.507595151885603,47.64074929785566],[-3.50771022350623,47.64070674745449],[-3.507382038510201,47.640427024757614],[-3.507155419733577,47.64032226411667],[-3.507080167288811,47.64036259126911],[-3.506883501997676,47.64017487356108],[-3.506703162575241,47.64023009792076],[-3.506393858449709,47.63988609764962],[-3.505795846073958,47.63958530489753],[-3.505906532402407,47.63950687449056],[-3.505814839580021,47.63941264426972],[-3.506011738057671,47.63938359178749],[-3.505909940648378,47.63942539977253],[-3.506041451862414,47.63951740756036],[-3.505927477533872,47.639568926781934],[-3.506487864340904,47.6398898822471],[-3.506653478123669,47.640151586652],[-3.506749795297556,47.6400649258973],[-3.506944385211171,47.64012631699725],[-3.507086862601042,47.640308027823316],[-3.50707589993593,47.640218323587206],[-3.507310309500108,47.64027749134982],[-3.507691468609077,47.64066263635155],[-3.507658460922351,47.64050190982689],[-3.507856342683468,47.64059021064419],[-3.507907125726679,47.64067769179752],[-3.507688063003981,47.640744111069225],[-3.507650545996007,47.640891697395645]]]]},"properties":{}},{"type":"Feature","geometry":{"type":"Polygon","coordinates":[[[-3.423925640057443,47.64503756483708],[-3.424200662398482,47.64476954803798],[-3.424222372618781,47.64450645798005],[-3.424433406176014,47.644594168363376],[-3.424519837166029,47.64453522068248],[-3.42452957945298,47.644615961241534],[-3.424705688615718,47.64452497918861],[-3.424978768422334,47.644573146154734],[-3.424999107740607,47.64440947037285],[-3.424820321484462,47.644256768127626],[-3.424884816249776,47.64412678234393],[-3.424804083732033,47.64412220054208],[-3.424747223604463,47.64387247078915],[-3.424845275996321,47.64402059140315],[-3.425055226099889,47.64409932951311],[-3.425230534041399,47.64389098983285],[-3.425178002433292,47.64367714494329],[-3.425075849280334,47.64382726803306],[-3.425072885903141,47.64369196886587],[-3.424937971941496,47.64368134232212],[-3.424858607324468,47.64357734607217],[-3.424650539377162,47.64362493560261],[-3.424452784154788,47.64353649405047],[-3.42439182202234,47.643585007515085],[-3.424414327632985,47.643439274110435],[-3.424145869856028,47.643318604854684],[-3.423940762763123,47.6435014923412],[-3.423832399219941,47.643489401598174],[-3.423669279733856,47.64368803661118],[-3.423727790980399,47.643729966808934],[-3.423616975169606,47.643808319146586],[-3.423698502358326,47.64393025859527],[-3.423777069815467,47.64391689879512],[-3.423661350109963,47.64417613769698],[-3.423578453004509,47.64415361268207],[-3.423510708124793,47.644256684190715],[-3.423567850218249,47.644398028886805],[-3.423713876131415,47.64438998321283],[-3.423670516765597,47.644473649570244],[-3.423756948403149,47.644414702449964],[-3.423641514714924,47.64456555566537],[-3.42377397902868,47.64466662694088],[-3.423717852626107,47.64497676709363],[-3.423766337160671,47.64504634221267],[-3.423780981678175,47.64494619637269],[-3.423925640057443,47.64503756483708]],[[-3.424302023230346,47.64450206900731],[-3.424231318019273,47.644469841783014],[-3.424312336844742,47.644366038367544],[-3.424302023230346,47.64450206900731]],[[-3.423928219584989,47.644062094401164],[-3.423832334355401,47.643931915386204],[-3.423950726662944,47.643916361121995],[-3.423928219584989,47.644062094401164]]]},"properties":{}},{"type":"Feature","geometry":{"type":"Polygon","coordinates":[[[-3.506270495972106,47.6394233392147],[-3.506355732020497,47.63935536043684],[-3.506478474643214,47.63937560426065],[-3.506134719868866,47.639187063886695],[-3.506219955712839,47.639119085199546],[-3.505928077769211,47.63902699656937],[-3.505922717594141,47.63887375830447],[-3.506036570617604,47.638930625135295],[-3.50600661738016,47.6390135814498],[-3.506260989081706,47.639017447147964],[-3.506505257775398,47.639157350492034],[-3.506575886862321,47.63929791404819],[-3.506580508955107,47.63911702368464],[-3.506166008218996,47.6388963058659],[-3.505781223669499,47.63880940243953],[-3.505811177142702,47.63872644617402],[-3.505575800833144,47.638549918829696],[-3.505381218241717,47.63848852540015],[-3.505334703911266,47.638545310931285],[-3.505168979994242,47.63839199053466],[-3.505110288939488,47.63845848711811],[-3.504865904899997,47.63842696690023],[-3.504936772818627,47.63835075932335],[-3.504386273409818,47.63811053029467],[-3.504212636354314,47.63811118751566],[-3.504295434704238,47.638242041485164],[-3.504521916133259,47.63845519387797],[-3.504681185990353,47.63844630637781],[-3.504437774973132,47.6385321418062],[-3.504601182850365,47.6387759083939],[-3.504501577101581,47.638835656072125],[-3.504408792127113,47.63873245426005],[-3.504350099750742,47.63879895044987],[-3.504503645771055,47.63896198304391],[-3.504442761665184,47.63901053836518],[-3.504140053614011,47.63872035464366],[-3.503948759173875,47.638685870209564],[-3.503915515717447,47.63874191461836],[-3.50371983866703,47.638671547967185],[-3.503643490297103,47.63870290247823],[-3.503793746826855,47.63883902462603],[-3.503733957890976,47.638896550041835],[-3.503537184871705,47.63881721262868],[-3.503475204420035,47.638856796985955],[-3.503356971841721,47.63876404579524],[-3.503357942186573,47.63888140232703],[-3.50308835922051,47.63864355768636],[-3.503009693448589,47.638765356919166],[-3.502444957568466,47.6384085026818],[-3.502354240874797,47.638431626258125],[-3.502330854786145,47.63856840450723],[-3.502594956584232,47.63876139854229],[-3.502136148114644,47.63861539175376],[-3.502136020368371,47.63872377782759],[-3.501727146296875,47.63843951052241],[-3.501577862585191,47.638420742263186],[-3.501627537958417,47.63849925576073],[-3.501541201954409,47.638558260635726],[-3.501285996471489,47.63832864200271],[-3.501384121788506,47.638585084824605],[-3.50129449959486,47.63861717806067],[-3.501022866747164,47.63825300155478],[-3.500822684203865,47.63825513417154],[-3.500916426382291,47.63847569543373],[-3.501072411242079,47.638439901383734],[-3.501315439014586,47.63867923120739],[-3.501420653643759,47.638555952585754],[-3.501607435916614,47.638662945307026],[-3.501685009413784,47.63853217652967],[-3.502120429197716,47.63881496328566],[-3.502287495982978,47.63876048632191],[-3.502587161392144,47.63880699130185],[-3.503715804434728,47.63929495293119],[-3.503806522005957,47.63927182830798],[-3.503829904620793,47.63913504981342],[-3.504025583515811,47.639205416263316],[-3.503989300605689,47.63901777720657],[-3.504115328782639,47.63906493489135],[-3.504175117496082,47.6390074092854],[-3.504254629839697,47.639111351854424],[-3.504555394752309,47.63916682223278],[-3.50470151660224,47.63905028927498],[-3.504593266613816,47.63892988735184],[-3.504703830818424,47.63895984412084],[-3.504748154488676,47.63888511794935],[-3.504569281447904,47.638624151293776],[-3.504697745961608,47.63847247710614],[-3.504853728275676,47.638436678007565],[-3.505358935829408,47.63863427469841],[-3.505640584821074,47.63897078897864],[-3.505951214842241,47.63910698975164],[-3.506263919300989,47.63936951660298],[-3.506013930195704,47.63940153266288],[-3.506270495972106,47.6394233392147]],[[-3.503667220919771,47.63922541081449],[-3.503526824429141,47.63917002269176],[-3.50351818420866,47.638989872939476],[-3.503667220919771,47.63922541081449]],[[-3.503052672002791,47.63889843305022],[-3.502849200538217,47.638873657735125],[-3.502430335318012,47.63861704475156],[-3.502731095548639,47.63867251984044],[-3.503052672002791,47.63889843305022]],[[-3.504609344487586,47.63840515725265],[-3.504539817559987,47.63827356289936],[-3.504651476192702,47.63831249018465],[-3.504609344487586,47.63840515725265]]]},"properties":{}},{"type":"Feature","geometry":{"type":"Polygon","coordinates":[[[-3.49994564138686,47.63917107234978],[-3.499939203334706,47.63900886332589],[-3.500200276757303,47.638958179145085],[-3.50031780349463,47.63871680484818],[-3.500877703931458,47.638486886536136],[-3.500682162520103,47.63830812869831],[-3.500467480997028,47.638410416482365],[-3.500418640053195,47.63855764515168],[-3.499997466840694,47.63839146850387],[-3.500005396257197,47.6382374898146],[-3.500255251948775,47.63831387268676],[-3.500276453085746,47.63815915384076],[-3.500450221514447,47.63805011636615],[-3.500232650200922,47.63780033391028],[-3.500358934890341,47.637630723428806],[-3.500509311071677,47.63765846375062],[-3.500411060415343,47.637510406210886],[-3.500498491075979,47.63746037263741],[-3.500193491485337,47.63726062361221],[-3.500550485156747,47.63744844149035],[-3.500790481558604,47.63744408876855],[-3.500399277001836,47.63719495842165],[-3.500307860786186,47.636883951433795],[-3.500132169424827,47.636758275408724],[-3.500302516963394,47.63673071274117],[-3.500228491063591,47.636671619877895],[-3.50044851026087,47.6367225711398],[-3.500329192613758,47.636620846279705],[-3.500382412282745,47.63650949951601],[-3.499809920656528,47.6361982247979],[-3.499615353272258,47.6361368216906],[-3.499555562859951,47.63619434504861],[-3.499392052620243,47.63605895729859],[-3.499121139023057,47.636028905090065],[-3.498648131679314,47.63576626765048],[-3.498414846249516,47.635716052896704],[-3.498382693544079,47.63578106634303],[-3.498047747740662,47.635664266038134],[-3.497567086938075,47.635338830454245],[-3.497871792919045,47.635755359012386],[-3.497801191444631,47.63561478993712],[-3.498049801011223,47.635790593331386],[-3.498949564089837,47.6361558817401],[-3.499063537865156,47.63610436923472],[-3.499681447726484,47.636349893789486],[-3.500051573605038,47.636645359401086],[-3.500044739570948,47.63680830872626],[-3.500218240802014,47.63691604387255],[-3.500253282404627,47.63720309995949],[-3.500069661085307,47.63723140265991],[-3.500165720191151,47.63736151950431],[-3.500033960395499,47.637486277288126],[-3.500100190070814,47.63759096287206],[-3.499828040875278,47.637660327956304],[-3.500034659387024,47.63782040617577],[-3.500117183352345,47.6381680353375],[-3.499926988511828,47.63814251480732],[-3.499973243970291,47.63830250361372],[-3.499764998541342,47.63856699918008],[-3.499742568150866,47.63882113346658],[-3.499622019324255,47.63881882356108],[-3.499720137546765,47.63907526771529],[-3.49994564138686,47.63917107234978]],[[-3.500207242255696,47.63868684392476],[-3.500113238929308,47.63868305427149],[-3.500115560905512,47.63859260919114],[-3.500207242255696,47.63868684392476]]]},"properties":{}},{"type":"Feature","geometry":{"type":"Polygon","coordinates":[[[-3.498126971407904,47.63598498540941],[-3.497956897580226,47.63579577246653],[-3.497593219669166,47.63566250953718],[-3.49717016474227,47.635261608870216],[-3.496939071825046,47.63522933223636],[-3.497064946789716,47.635384883874245],[-3.496938933532699,47.635337718494426],[-3.496897205917843,47.635105224146805],[-3.496721528443111,47.634979542876984],[-3.496740133580953,47.63513204213976],[-3.496290685517548,47.634624231349804],[-3.495994331939254,47.63460462178106],[-3.495953282412249,47.63470625645832],[-3.495883641212259,47.63468304299594],[-3.496012261094564,47.63442299174787],[-3.495797726857417,47.63441688485419],[-3.49579649199742,47.634516300600374],[-3.495453088872972,47.634110955692194],[-3.49533692753541,47.63414452360414],[-3.495165633439164,47.63405472218268],[-3.494987490788475,47.634127869760974],[-3.494911286195916,47.63405083231737],[-3.495052896516701,47.63400681518049],[-3.49499776446908,47.63388344587302],[-3.495138280147164,47.63383045806205],[-3.494965751001364,47.63384007210687],[-3.494941538583757,47.63375110596399],[-3.494812106244147,47.63378541288895],[-3.494568986816667,47.6336544552812],[-3.494605375989806,47.63373371144431],[-3.494099304747158,47.63341871082005],[-3.493686283538411,47.63299014590036],[-3.493372438987572,47.632827000328234],[-3.492300244996508,47.632471278452975],[-3.492109128697804,47.63232838810699],[-3.492059176682014,47.6324666431442],[-3.491839331678942,47.63230728955526],[-3.491709900846698,47.63234159306867],[-3.491788136703647,47.63254496028362],[-3.491651995147585,47.63263382651517],[-3.491759258439257,47.63263688382074],[-3.491771287343242,47.63273556044675],[-3.491615462014144,47.632662955788575],[-3.491551591317517,47.6324678199319],[-3.491461973484059,47.63249990572673],[-3.491363757420971,47.632351840184086],[-3.491256494724789,47.63234878251493],[-3.491394823143745,47.632277857946754],[-3.491261317948116,47.63205950568128],[-3.490994953159825,47.631956930572],[-3.491152662356191,47.632264250159054],[-3.490866314775102,47.63221697662709],[-3.490856173132938,47.63235301395017],[-3.490783257127213,47.632302885581296],[-3.490776546152448,47.632357448317876],[-3.490352323680496,47.63205593809694],[-3.490338900898294,47.63216506353257],[-3.490288154750048,47.632077574359606],[-3.490038190220127,47.632109556356134],[-3.489937639894445,47.632051934774395],[-3.489931080601678,47.63199811103902],[-3.490081435492948,47.632025864863635],[-3.490028503440049,47.6319204343283],[-3.489784158246906,47.63188888245661],[-3.489819293174846,47.6320675559909],[-3.489729674972111,47.63209964046342],[-3.489704378895146,47.63200170253066],[-3.489599303314906,47.632016584588875],[-3.489389612821394,47.63172118910389],[-3.489227081217046,47.63170314389674],[-3.489205065503076,47.63163211772895],[-3.489134184045059,47.63170831602664],[-3.489255655567141,47.63182799383771],[-3.489194765728891,47.63187654139125],[-3.489011311254053,47.63179644034795],[-3.489064241174742,47.63190187135093],[-3.488928560374934,47.63166557511242],[-3.488848934259869,47.63167000816775],[-3.488828640848263,47.63194208253],[-3.489015374732402,47.632049095747576],[-3.4886882789164,47.631886676368026],[-3.488628481489292,47.63194419425955],[-3.488524654069915,47.631859659550145],[-3.488423950274495,47.63191042309762],[-3.488497490224075,47.63229468285788],[-3.488339640479499,47.63209574612019],[-3.488158216253348,47.632141971447524],[-3.487868906776273,47.63185100578181],[-3.487899350492925,47.632210570178955],[-3.487771324021689,47.63203706712566],[-3.487631741397765,47.63220740318987],[-3.487699033042609,47.632321066731386],[-3.487746810513983,47.632164872263736],[-3.487849387682957,47.63234882342426],[-3.488014106587126,47.63238481182005],[-3.488093890084304,47.63227199292272],[-3.488230973606337,47.632300487876414],[-3.488290771860977,47.632242970198945],[-3.488554791589024,47.63243599660124],[-3.48853964507784,47.63220202130899],[-3.488628171168917,47.632160967117],[-3.488873455302041,47.63230987845161],[-3.488903431405655,47.63222692624371],[-3.489098126418974,47.63217996089564],[-3.489325768295429,47.63229372762757],[-3.489362456095758,47.63215621264384],[-3.489411014537442,47.63222576096241],[-3.489688615442756,47.63220127307072],[-3.48978464018789,47.63233139878827],[-3.490025707693925,47.63233603879117],[-3.490045690589298,47.632280737124134],[-3.490248979104999,47.63241392123546],[-3.49034093578885,47.63229139118937],[-3.490600740979271,47.63234014408392],[-3.490956574584127,47.63251902114101],[-3.491041819109287,47.63245105329372],[-3.490933613320132,47.63233063830472],[-3.491110511989666,47.63235691264784],[-3.491189988982461,47.63246086446475],[-3.491116922408198,47.6325191227159],[-3.491232932989865,47.632593945376804],[-3.491418729991864,47.632583597709804],[-3.491332392271719,47.63264259522088],[-3.491599705512193,47.632862526518274],[-3.491700557007115,47.632703373864835],[-3.491820942999293,47.63281407834442],[-3.491910561144467,47.632781992279405],[-3.49193411984987,47.632536829304705],[-3.492329772930836,47.632713484589594],[-3.492304471791965,47.63261554725097],[-3.492385192669922,47.632620082439274],[-3.493864939954536,47.633359516342374],[-3.49412993532385,47.63366988695892],[-3.494549815839322,47.6339355009279],[-3.494508477626467,47.63425390777067],[-3.494625590784487,47.63433769756422],[-3.494992819090574,47.634281108902854],[-3.495276851413979,47.634418817453025],[-3.495421744967285,47.63440171156211],[-3.495716721427571,47.634629124626926],[-3.495655834270852,47.634677675477796],[-3.495786081220556,47.63486911076152],[-3.496082576221476,47.63478033457364],[-3.496241557101928,47.63498823112131],[-3.496324470603399,47.63501070468141],[-3.496316810157869,47.634947910837944],[-3.496607415844379,47.63513943939629],[-3.496890224058946,47.63537655967312],[-3.496872297571135,47.63555818975139],[-3.49710900229181,47.6355269329641],[-3.497548751602348,47.63584561934902],[-3.497722518071133,47.63573658580081],[-3.498126971407904,47.63598498540941]],[[-3.497510167487513,47.63574842312084],[-3.497334486452184,47.635622742814625],[-3.497279485062845,47.635390988437734],[-3.497510167487513,47.63574842312084]]]},"properties":{}},{"type":"Feature","geometry":{"type":"MultiPolygon","coordinates":[[[[-3.48363414511769,47.632509509820316],[-3.483652557983234,47.6324468865532],[-3.483460207135222,47.63240339778162],[-3.483334047029224,47.6324646040563],[-3.482938425569239,47.6322879182821],[-3.48238758422484,47.63237274408774],[-3.482201954418251,47.632274690987565],[-3.48218120798568,47.632104247797386],[-3.482836199287143,47.631887189956004],[-3.483517396374303,47.631885424830294],[-3.483559559550428,47.631792765059124],[-3.483692270771964,47.631785382612954],[-3.483595169719809,47.63164628116753],[-3.48367277714715,47.63151552387847],[-3.483785498592222,47.63156344192412],[-3.483997072485209,47.63132588593148],[-3.483941968761075,47.63120251123662],[-3.484053597575539,47.63124145834909],[-3.484241739810975,47.631140676981715],[-3.48425047774762,47.63121244241937],[-3.484413006174957,47.63123049455522],[-3.484489682274277,47.63098237953701],[-3.485037833846993,47.63120476185223],[-3.485014894037831,47.6310163777252],[-3.485415206066899,47.631012166304565],[-3.485396634721525,47.630859664914986],[-3.485661890799229,47.63095328217995],[-3.485969466693987,47.63084585166738],[-3.486037394755371,47.630525970252236],[-3.486162294466578,47.6305641768434],[-3.486191181248457,47.63047225459173],[-3.486292817126623,47.63053885010873],[-3.486320611094216,47.63043795715988],[-3.485835088902975,47.629742459465994],[-3.485952339134113,47.62971787159665],[-3.486004489404825,47.62959756031621],[-3.486260839913677,47.62972779747759],[-3.4861218994821,47.62946458570791],[-3.486301131268576,47.629400422141906],[-3.48621839074855,47.62926955482477],[-3.486319091659143,47.62921879310946],[-3.486289433031554,47.62908497161191],[-3.485852152357896,47.62867579647582],[-3.485077011678468,47.62867377344827],[-3.484840493147022,47.62859661935325],[-3.484658311947348,47.628417095400806],[-3.4846954488258,47.628722098784095],[-3.484287508522127,47.628663512907835],[-3.484150600688156,47.62852662665628],[-3.484291276987503,47.62836526512057],[-3.484119092165428,47.628158089904154],[-3.484186699561711,47.6280549824262],[-3.484113795690731,47.628004849783295],[-3.484030733729582,47.628090754122844],[-3.483718534937969,47.62761139291472],[-3.483898031740498,47.628098136967594],[-3.483843693959089,47.6282005060062],[-3.483598277379118,47.62815997043757],[-3.483441550161682,47.627969997357795],[-3.483246865527429,47.62801695338013],[-3.483052347021358,47.627955522429716],[-3.483054198039878,47.628190237127406],[-3.482941317678197,47.62825070492926],[-3.483018422151111,47.6284451077411],[-3.482858086581569,47.62844499504972],[-3.482795177891548,47.62836721131793],[-3.48277141200912,47.62872075958564],[-3.482542707437351,47.62859800916428],[-3.482556734728872,47.6288230149623],[-3.482093362354115,47.62885781909908],[-3.481916648499703,47.62872314445122],[-3.481638892775897,47.628856000518496],[-3.481380374310765,47.6287078117199],[-3.481365842318706,47.62880796559491],[-3.481150070319758,47.62890124766457],[-3.481012999308115,47.62887274435164],[-3.480878453474277,47.62864540911649],[-3.480571394544833,47.62842766651257],[-3.480641363658207,47.62823411592746],[-3.480495390560626,47.62824223281218],[-3.48041174636752,47.62799400393394],[-3.480241588622845,47.62791315107647],[-3.480113252474973,47.627956412550525],[-3.480109805586581,47.62803788699491],[-3.480022543874082,47.62797951891073],[-3.480041789199366,47.627698474788666],[-3.479891451718398,47.62767070798022],[-3.479807292056079,47.62774763859488],[-3.479661493516895,47.62764736777988],[-3.479666205807552,47.62746647740198],[-3.479787992643398,47.62736939197517],[-3.479706934254194,47.627581621414485],[-3.479831995552827,47.627511448164974],[-3.479961249559668,47.62758554439629],[-3.479893980361353,47.62747187612029],[-3.479974865123271,47.62736803322071],[-3.480097570170263,47.62738830488429],[-3.48005540446359,47.62748096361637],[-3.480158290817323,47.62744814863788],[-3.480044317283648,47.62749964292831],[-3.480212118193986,47.6276709412872],[-3.480083437608592,47.62793097604087],[-3.480373714860838,47.62757164167796],[-3.480473154886831,47.62762030089329],[-3.480450637249272,47.62787443290657],[-3.480532784672373,47.62767117371386],[-3.48077584240897,47.627802160935424],[-3.480835301714375,47.6279614202464],[-3.480758955224163,47.62799275997483],[-3.48093003484744,47.628190969437355],[-3.480873508046999,47.6282753956411],[-3.480982945230912,47.6282964042976],[-3.480934059800299,47.62844362558684],[-3.481124961887152,47.62869492110977],[-3.481226758240049,47.62865313449015],[-3.481136389663269,47.62845946848034],[-3.481363076900895,47.628455893609775],[-3.481333431122101,47.628322070801474],[-3.48144269884272,47.628451465649775],[-3.481517953860378,47.62841115476385],[-3.481808470853607,47.62860272077884],[-3.481912450088323,47.628578874988754],[-3.481533746741639,47.62821158493708],[-3.481763539104213,47.62834330807442],[-3.481783698112005,47.628179621074246],[-3.481958394926298,47.628187967899656],[-3.482216576141246,47.62855292870205],[-3.482245636739517,47.62835262070705],[-3.482422517948226,47.628378908260345],[-3.4824603127239,47.62825036587734],[-3.482655756262499,47.62842915513835],[-3.482661717655531,47.628148848784924],[-3.482798787688643,47.6281773501738],[-3.482740414208961,47.62802706258847],[-3.482839857240753,47.62807571977753],[-3.482865472563237,47.62795688610725],[-3.482974909878098,47.62797789290094],[-3.482996323580144,47.627714789707326],[-3.483112145988541,47.62789800727434],[-3.483221749406038,47.62781062718208],[-3.483407365561755,47.62790867888762],[-3.483432979540685,47.62778984508268],[-3.48351134273023,47.62788483166572],[-3.483573325244624,47.62784525767621],[-3.483602976374077,47.627979079948865],[-3.483762218450369,47.62797022091875],[-3.483500918913256,47.62746996463851],[-3.483561808903221,47.62742141994261],[-3.483785050326012,47.62749931493855],[-3.483982350641857,47.6279128167687],[-3.484086327561513,47.62788896903503],[-3.484202318224852,47.627963798856456],[-3.484443639503105,47.62851935426127],[-3.484557610969852,47.62846785570536],[-3.484512502467326,47.62831683067564],[-3.484634119169251,47.628328126873235],[-3.484598840728197,47.6282578380735],[-3.484919185389569,47.62847483171706],[-3.484802426168385,47.62817425867109],[-3.485194422034296,47.628540799708844],[-3.485080775733295,47.628375525637125],[-3.48519895354085,47.628468295819054],[-3.485287476008993,47.628427244079624],[-3.485256404062569,47.6285012248396],[-3.48535273494939,47.62841458120537],[-3.485585814850002,47.6285732088537],[-3.485345088357596,47.62835178642911],[-3.485327610501047,47.62820825550244],[-3.485470305609898,47.62817322053263],[-3.486086327386692,47.62884339377958],[-3.486184842580657,47.62877469082168],[-3.486074309869263,47.628744716370186],[-3.485765366214285,47.62829227282257],[-3.485913523573243,47.62830209070722],[-3.486234646345749,47.628744824646844],[-3.486306620544661,47.62867759866407],[-3.486179540114362,47.62862145084325],[-3.486056218548373,47.628267055023336],[-3.486402176834341,47.628365210248255],[-3.486535812311818,47.62847518185999],[-3.486453846076278,47.62857005857211],[-3.486567815711838,47.628518558056186],[-3.486650555924444,47.62864942517647],[-3.486781212881582,47.6292833881351],[-3.486560144806369,47.62922344027145],[-3.486514711112786,47.629289189247],[-3.486600889464776,47.629338581775414],[-3.486418380533707,47.629375833800445],[-3.486608378421175,47.629509763008805],[-3.486536403480218,47.629576989148646],[-3.486625860147855,47.629653293647486],[-3.486461150609,47.62961730324345],[-3.486455368570752,47.629789223028745],[-3.486299399191693,47.62982499772258],[-3.486451931244578,47.62987069758303],[-3.486448493907912,47.629952172133784],[-3.486192141863604,47.629821935399306],[-3.486181216467807,47.62973222871892],[-3.486072866813439,47.62972019561765],[-3.486127973932605,47.62984356940165],[-3.485996360385035,47.62985992529179],[-3.486368550657386,47.63017337657632],[-3.486281118689235,47.630223399763175],[-3.486472371381887,47.63025791327567],[-3.486539658100165,47.63037157759947],[-3.48646221891339,47.6303939503547],[-3.486574940494014,47.63044186573639],[-3.486733712416261,47.63075816218907],[-3.486707011711963,47.63086802587768],[-3.486638472178917,47.63085377751629],[-3.486671410601919,47.631014510776644],[-3.486444712853875,47.6310180959442],[-3.486286714623963,47.63092754279315],[-3.48616775722913,47.63060903016586],[-3.486126371590694,47.630927434588095],[-3.486004748650482,47.63091613995931],[-3.486257667789103,47.63112785152717],[-3.486168981436607,47.63127729041648],[-3.48582065883213,47.631269579790114],[-3.485582104132785,47.631066099493076],[-3.485440493804759,47.63111010521603],[-3.485497785804458,47.631251420545276],[-3.485388179047601,47.63133880261806],[-3.485058589051955,47.631375204614145],[-3.484768974639508,47.631301004100074],[-3.484495745308249,47.63136136301869],[-3.484152390805197,47.631723660152105],[-3.48422513569112,47.63188217911],[-3.483895047232521,47.632243737076266],[-3.483641966891939,47.632140406935136],[-3.483383095335129,47.63220899565852],[-3.483770907348398,47.632431271587286],[-3.48363414511769,47.632509509820316]],[[-3.480909531572286,47.62857142952668],[-3.480921881100004,47.628453334249556],[-3.480847717188788,47.628502615474446],[-3.480909531572286,47.62857142952668]],[[-3.48347725169024,47.63210441236989],[-3.483720667093914,47.632018620329106],[-3.483656660776263,47.63193186652362],[-3.483413245665348,47.63201765843489],[-3.48347725169024,47.63210441236989]],[[-3.484330923895544,47.628471436775456],[-3.484392906483468,47.628431862363],[-3.484295645759024,47.628401147889335],[-3.484330923895544,47.628471436775456]],[[-3.486445400254948,47.62904919691772],[-3.486589348761439,47.6289147446669],[-3.486574052543004,47.628789155306166],[-3.486387334957654,47.62868213800611],[-3.486206853097284,47.62884571766338],[-3.486445400254948,47.62904919691772]]],[[[-3.483629878071784,47.632511950883654],[-3.483596030981955,47.632531313888954],[-3.483508261434956,47.632798107711686],[-3.48366314919616,47.63275336612176],[-3.483802415989588,47.632799807620486],[-3.484032891683521,47.63249798044134],[-3.484554239087739,47.63217093875194],[-3.484638235619661,47.632202391310756],[-3.484638398882518,47.63209400489283],[-3.484788751291498,47.63212176552825],[-3.484703825589709,47.631972955980345],[-3.484831075318282,47.63192071888162],[-3.485024517932778,47.63197317607553],[-3.484846042651545,47.63226308110328],[-3.484651506830396,47.63220165295053],[-3.484706613226128,47.632325027246985],[-3.484914583515804,47.63227733050599],[-3.485058219764197,47.632359653191145],[-3.485101635370573,47.632167577138745],[-3.485286339639527,47.632148268555795],[-3.485555971863875,47.63227776865872],[-3.485671203951473,47.632126853361356],[-3.485842475885292,47.632216668793305],[-3.486038266118058,47.63217867920494],[-3.486043889350454,47.6321151460771],[-3.486222970086584,47.632159369141135],[-3.486240771663208,47.63208612680606],[-3.486543504161791,47.63226797148273],[-3.486473096672548,47.63201900888461],[-3.486625475916751,47.632173094888785],[-3.48671728146303,47.632158954103154],[-3.486477626737467,47.63194650507536],[-3.486471230486817,47.63178429470502],[-3.486547579046131,47.63175295130438],[-3.486718851254841,47.631842765468754],[-3.486832827622774,47.631791264781235],[-3.486931030085081,47.63193933417598],[-3.486985365751458,47.63183696389875],[-3.487055933743292,47.63197753978376],[-3.487225022006136,47.632049411896894],[-3.487309177759615,47.63197247610884],[-3.487283109200216,47.63164879411053],[-3.487385841461894,47.63172435928486],[-3.487313864513833,47.6317915858269],[-3.487470931755492,47.6317647804617],[-3.487680925969657,47.63184340651789],[-3.487689354512456,47.632131944530336],[-3.487567885810644,47.63201226510938],[-3.487419717848756,47.632002449341876],[-3.487451566532265,47.63215421164142],[-3.487393017934042,47.632112313116686],[-3.487276697972576,47.63225425946725],[-3.487066861068816,47.63206724627833],[-3.486768339710944,47.63202967198069],[-3.486846238723169,47.63244981535782],[-3.486795498029262,47.63236232468057],[-3.486705877513999,47.6323944068284],[-3.486757710782418,47.63249086819329],[-3.486536629448758,47.632430920384394],[-3.48690337721821,47.63269951629298],[-3.486388460514345,47.632421103310996],[-3.486265581549156,47.63250922471168],[-3.485923034956431,47.632329594860344],[-3.485825605396611,47.63240726813062],[-3.48582419115308,47.63261507027036],[-3.48524494754951,47.632466672412605],[-3.485168435016899,47.63260640134635],[-3.484898639337433,47.63258528676777],[-3.484759209131362,47.63264723296393],[-3.48463102854177,47.63258211290514],[-3.484465055387136,47.63264553546426],[-3.484336875160511,47.632580415082636],[-3.484253806437823,47.63266631937793],[-3.484116724099681,47.63263781976253],[-3.484159650613079,47.632770903262106],[-3.48394277525064,47.63285521962688],[-3.484004598665397,47.63292403188657],[-3.48386046798962,47.63316686703656],[-3.483676686648601,47.63330353038543],[-3.483708525465486,47.633455293603234],[-3.483300812283543,47.6339476067537],[-3.48329703788928,47.63424585364922],[-3.483078303825162,47.634095454395045],[-3.482874859949463,47.63407064423222],[-3.482850834479992,47.63387328927929],[-3.48312768752599,47.63362307366596],[-3.483196562068394,47.63342055138977],[-3.483361447002348,47.63334815998044],[-3.483440315324208,47.633117987280535],[-3.483336493838832,47.63303344801131],[-3.483326830637468,47.632844325518725],[-3.4834486230856,47.632747236544716],[-3.483399145589223,47.63256032869589],[-3.483629878071784,47.632511950883654]]]]},"properties":{}},{"type":"Feature","geometry":{"type":"Polygon","coordinates":[[[-3.476653703691376,47.62774230499318],[-3.476792039573273,47.62767139754947],[-3.476644065124981,47.627553181432035],[-3.476725867919671,47.62756669822012],[-3.476675148455555,47.62747920292729],[-3.476802395327825,47.627426974453506],[-3.476875828573298,47.6271519516439],[-3.47678748094024,47.62708461034886],[-3.476885825867351,47.62712430186215],[-3.476890547517809,47.626943411547614],[-3.477244830273324,47.62667084252957],[-3.47745697140516,47.626767428701875],[-3.477559502741765,47.626951389408525],[-3.47804433050508,47.62731279173372],[-3.478029792633528,47.62741294526561],[-3.478199945433471,47.627493801365894],[-3.478644582267927,47.62741489658459],[-3.478728743081322,47.62733796679448],[-3.478886717864351,47.627428530335386],[-3.479067217364546,47.627264961869656],[-3.478856162596123,47.627177349395275],[-3.478816177400445,47.627287949186275],[-3.478787805024782,47.6270547097092],[-3.47862856485439,47.62706356196191],[-3.478625115757552,47.627145036399966],[-3.478506952304801,47.627052259504204],[-3.478203571515848,47.62730394027863],[-3.478109942808572,47.62708335952772],[-3.478198821076409,47.62682553973129],[-3.478056124798285,47.62686056584229],[-3.47771544234486,47.62625633525692],[-3.477641278525886,47.626305614501696],[-3.477762534779283,47.62653369132071],[-3.477749824240421,47.62686855979875],[-3.477410971349713,47.6264990433135],[-3.477134485421307,47.62653247286829],[-3.477020868351327,47.6263671907847],[-3.477051414519845,47.626618372309636],[-3.476931073132882,47.62650765225753],[-3.476823823008537,47.626504581326955],[-3.476885450903258,47.62668178429458],[-3.476699850994162,47.62658372216356],[-3.476844192014999,47.6268917993734],[-3.47664532147476,47.62679447464165],[-3.476641689884636,47.62698433573033],[-3.476469179539601,47.626993922491714],[-3.476582975839146,47.62705081837049],[-3.476462274752595,47.62715687124255],[-3.476572439527198,47.627403628168786],[-3.476364480772952,47.6274513101779],[-3.476323759635703,47.627336164992315],[-3.476307036866876,47.62741837676639],[-3.476184333190413,47.627398101121194],[-3.476070717219979,47.627232818187075],[-3.475998732078709,47.627300037912285],[-3.476101439995491,47.62737561317928],[-3.475848397823194,47.627272265894526],[-3.47581840421472,47.62735521496331],[-3.475720059655895,47.62731552255602],[-3.475781866054297,47.62738433936371],[-3.475682430744483,47.62733567614878],[-3.475582813980919,47.62739539952133],[-3.475467200376388,47.62710378775845],[-3.475130177927717,47.626968979665925],[-3.475118363662405,47.62676191433305],[-3.474947127275886,47.62667208292598],[-3.474851506981274,47.626984462240124],[-3.474399786712752,47.626675396965354],[-3.474382877118114,47.626865995192965],[-3.474245814946632,47.62683748390924],[-3.474333974794732,47.627013213827986],[-3.474232176173806,47.62705499447587],[-3.474117291916658,47.62698912551332],[-3.474150190251654,47.62714986262265],[-3.474018764487577,47.62705781835605],[-3.473873884015077,47.62707489776512],[-3.473896967870046,47.62715489778296],[-3.473761900679035,47.62725271420448],[-3.473849154357419,47.627311086987405],[-3.473705363535146,47.62733713697983],[-3.47395803199643,47.627657262222066],[-3.47392513392735,47.62749652510066],[-3.474078018113534,47.62732546784201],[-3.474213990970472,47.62734500852434],[-3.474349241706237,47.627138804905],[-3.474545928280323,47.62721819195153],[-3.474483217015982,47.6270320170085],[-3.474566108995594,47.62705450610277],[-3.474578472206201,47.62693641140438],[-3.474739893783889,47.62694550624886],[-3.475082185538977,47.62723355607173],[-3.475082368189993,47.62712516939012],[-3.475115452098886,47.627177519537604],[-3.475258151153776,47.62714249702486],[-3.475631168599984,47.62757334040109],[-3.475729694905624,47.62750464621653],[-3.475841309994478,47.627543601250764],[-3.475973101784773,47.627418870116486],[-3.476207240280009,47.627586487332714],[-3.476293586537727,47.627527500847506],[-3.476406112972239,47.62768381277062],[-3.476653703691376,47.62774230499318]]]},"properties":{}},{"type":"Feature","geometry":{"type":"Polygon","coordinates":[[[-3.473767352682943,47.6272975681829],[-3.473219661057153,47.6268583591542],[-3.473279469389134,47.62680084900055],[-3.473132782023354,47.626583212475914],[-3.473013352252378,47.62658984590531],[-3.472975348976431,47.62682677204167],[-3.472476387766303,47.62634872803545],[-3.472370604673384,47.62613785036852],[-3.472182457660331,47.626238612874964],[-3.471930518534669,47.62614422785803],[-3.472052505221288,47.6259387636881],[-3.471986345011497,47.62583406158056],[-3.471854737018703,47.62585040157063],[-3.471803648563134,47.62597967758428],[-3.471889807958838,47.626029081049346],[-3.471740380022668,47.626118661284046],[-3.471535361362958,47.625750729390546],[-3.471253235469421,47.62584767767246],[-3.471197267451181,47.62560693903233],[-3.471028412054749,47.62542665671233],[-3.470875714721296,47.625489323380364],[-3.470942771167132,47.62571138372525],[-3.470829882329317,47.6257718398994],[-3.470676477107175,47.62560876195328],[-3.470708848952591,47.62543536902604],[-3.470555959383499,47.62560642204118],[-3.470362554062113,47.62555394071664],[-3.470129213641309,47.6249527644666],[-3.470013249249673,47.624877920555654],[-3.469952349841018,47.624926458251664],[-3.469848758918206,47.62473351983264],[-3.469785680162323,47.62476411575775],[-3.469736064407081,47.624685588170735],[-3.469661895404653,47.62473486238865],[-3.469541887662289,47.625066652674334],[-3.469567531143109,47.62494782173781],[-3.469477912723962,47.62497989079045],[-3.46953009549458,47.62485958657398],[-3.469389966420294,47.624695770215],[-3.469310154719258,47.62480857677541],[-3.469022776932738,47.62475227867053],[-3.468965535522608,47.62461095479084],[-3.4690573327395,47.6245968278293],[-3.469058617167247,47.62449741186276],[-3.468919189707659,47.62455933940978],[-3.468741433822795,47.62441567367952],[-3.468692322570083,47.624671276952164],[-3.46859725669003,47.624658491058575],[-3.46852129966743,47.62447304920919],[-3.468540910050231,47.6246345246367],[-3.46840950015092,47.624542473939805],[-3.468322953643963,47.6247098414987],[-3.468324239442089,47.62461042554603],[-3.46825224808295,47.62467764058765],[-3.468170648537163,47.62455573103148],[-3.467993589982842,47.62463780866034],[-3.467915259172977,47.62454281150983],[-3.467754935358923,47.62454267808708],[-3.467824748471406,47.62445752161921],[-3.467615704070966,47.62449621726029],[-3.467601740892465,47.624271209170765],[-3.467499050982342,47.62419562630966],[-3.467260200694408,47.62420888154185],[-3.467079874241268,47.62426404518956],[-3.467140576740518,47.62432389580571],[-3.46698134278646,47.62433273219215],[-3.466998278005028,47.62414213478843],[-3.466839044569585,47.62415097098171],[-3.466916682141471,47.62402022432265],[-3.466731109799606,47.62392214621798],[-3.466600594040814,47.62394745118062],[-3.466626443339177,47.62372023396386],[-3.466456320098444,47.623639360848216],[-3.466488993214866,47.62390848724453],[-3.466398285596436,47.62393158307239],[-3.466390261368088,47.62408556060417],[-3.466264301895372,47.624038361865324],[-3.466151210523548,47.62420720040546],[-3.466328758328987,47.624459256915095],[-3.466512353587947,47.62443100706223],[-3.466529290512165,47.62424040973613],[-3.466692681191535,47.62437584429545],[-3.466777943602517,47.62430789387204],[-3.466889545474359,47.62434685752403],[-3.466731200972304,47.62447305126485],[-3.46701184055139,47.624583916603534],[-3.467215439510777,47.62450036769763],[-3.467168204959693,47.62433139392437],[-3.467456865930215,47.624288280644876],[-3.467396855895012,47.62445417471546],[-3.467559358043128,47.62447225036289],[-3.467517866171332,47.62479064919037],[-3.467734932268737,47.62459797615942],[-3.467837425934547,47.62478194560412],[-3.467900505828116,47.62475135073145],[-3.46804954253727,47.62487854895542],[-3.468203330857229,47.624824856821355],[-3.468301468827249,47.62497294240482],[-3.468465258403132,47.624891600849],[-3.4686121178719,47.625000856634735],[-3.468663213119618,47.62487158195202],[-3.468841165627642,47.62490686097233],[-3.468968609088494,47.6247462541594],[-3.469041104467045,47.62501316993566],[-3.469203803452846,47.624922856495274],[-3.469615669750469,47.62523415211582],[-3.469757664444044,47.62497339186426],[-3.470274217290663,47.62548659444001],[-3.470369798200428,47.62583351007348],[-3.470646284743943,47.62580009651937],[-3.470683016200423,47.62566258694556],[-3.470916939277088,47.62593860166422],[-3.471076368150183,47.625821373171654],[-3.471342473799382,47.626032380763384],[-3.471576971202496,47.62598323390767],[-3.471661850780077,47.62613205345642],[-3.471586591533127,47.62617235803946],[-3.471839431007772,47.626384101339006],[-3.471998670276546,47.626375258338825],[-3.472038668913644,47.62626466083004],[-3.472253167659663,47.62627081138093],[-3.472320419073817,47.6263844841271],[-3.472364777631528,47.62630976976191],[-3.472641417564816,47.62682725586704],[-3.472778478853074,47.62685576903357],[-3.472718669919808,47.62691327892903],[-3.472863550323258,47.626896200951435],[-3.473056776203723,47.6270570647867],[-3.473250375990362,47.62700115492375],[-3.473506497058809,47.62723980692636],[-3.473767352682943,47.6272975681829]]]},"properties":{}},{"type":"Feature","geometry":{"type":"Polygon","coordinates":[[[-3.438800895042462,47.62526994528731],[-3.438804404799756,47.62518847195691],[-3.438921666670103,47.62516393124167],[-3.43887318044203,47.62509436169667],[-3.438991526586063,47.625078792040775],[-3.438920009802453,47.62492921551552],[-3.439009390601989,47.62500555664898],[-3.439122569503238,47.62483674446836],[-3.439439964986637,47.62481017631773],[-3.439675825525517,47.624661677855414],[-3.439430458791921,47.62462104942135],[-3.439439135417035,47.62469281844053],[-3.439327552864657,47.62465382856895],[-3.43932729762595,47.624762215321404],[-3.439220053183791,47.62475910986047],[-3.439276642129548,47.62467470367294],[-3.439167228799203,47.62465365590567],[-3.438948146389026,47.62471994681693],[-3.439314793433841,47.62443778825987],[-3.43926413826579,47.62435027659137],[-3.439647304715931,47.624094297123015],[-3.439620189769335,47.623870018906445],[-3.439498592768845,47.62385867581775],[-3.439544334533545,47.623684558150096],[-3.439307648680692,47.62371569848439],[-3.439230454799122,47.62362965319122],[-3.439519134520166,47.62358660894497],[-3.439545928690952,47.6234767556499],[-3.43937450758234,47.623495258773865],[-3.43947224338533,47.623309237074466],[-3.439115047939551,47.623338004912945],[-3.439218206914582,47.62319683909699],[-3.439057887225156,47.6231966662835],[-3.438981778967279,47.62311959194101],[-3.438991539219028,47.623200332187174],[-3.43883230396714,47.623209130202234],[-3.438804424017158,47.62331001220928],[-3.438680659617965,47.62328072598664],[-3.438477848098634,47.623481583163404],[-3.438485438861672,47.623544381154076],[-3.438646844016611,47.62355352589314],[-3.438581323203056,47.62367454951447],[-3.438675039145751,47.62378677551064],[-3.438766842954515,47.62377267235051],[-3.438770668019491,47.6240253304915],[-3.438608176990619,47.62400721478773],[-3.438552101315393,47.62387484709804],[-3.438402109252081,47.62418115834628],[-3.438307308814092,47.624059961013316],[-3.43821550438987,47.62407406381014],[-3.438289701494337,47.62402480954809],[-3.438185711659932,47.6240486165589],[-3.438266672356387,47.623944802372584],[-3.438000192017673,47.623950492813734],[-3.437901623732014,47.62401915529121],[-3.438008092868488,47.62434742230008],[-3.438135112433859,47.62440362264148],[-3.438063909888178,47.62458817697819],[-3.438218039420245,47.624868655710934],[-3.438163359732639,47.62507939038499],[-3.438286043623914,47.62509970599269],[-3.438178798564321,47.62509659957624],[-3.438114359163304,47.62522659397603],[-3.438201570540573,47.62528499344253],[-3.438391947144062,47.62520222790153],[-3.438647332500073,47.62521521197222],[-3.438778120957513,47.62508155153639],[-3.438800895042462,47.62526994528731]],[[-3.4387729549461,47.624928309142135],[-3.438662456841128,47.62489828977234],[-3.438663797881641,47.62479887416284],[-3.438869354815265,47.62484170369794],[-3.4387729549461,47.624928309142135]],[[-3.438781709836678,47.62356413671811],[-3.438669045697186,47.6235161750561],[-3.438839382662948,47.62348870182943],[-3.438781709836678,47.62356413671811]],[[-3.438877022767778,47.62346856006791],[-3.438843976697857,47.6234161995619],[-3.438986689479455,47.62338122129723],[-3.438877022767778,47.62346856006791]]]},"properties":{}},{"type":"Feature","geometry":{"type":"Polygon","coordinates":[[[-3.430700180363051,47.621021103650094],[-3.430763549696489,47.62088214183511],[-3.43088297193147,47.620875551586764],[-3.430829622913261,47.620986867544616],[-3.430971251370334,47.620942927806084],[-3.430986958841276,47.62085175103913],[-3.431263444199282,47.62081843062797],[-3.43074513799581,47.620729630998284],[-3.431134546043221,47.62063589330783],[-3.43128592145407,47.62067269418612],[-3.431449754217125,47.6205914043665],[-3.431486583045147,47.62045390676791],[-3.431275633325765,47.620366208029715],[-3.431472502033308,47.62033728089671],[-3.431517183800812,47.62015419483679],[-3.431394513850625,47.62013387206775],[-3.431717029976524,47.61981804873771],[-3.431576759228604,47.619762573621074],[-3.431639041620669,47.61961464001786],[-3.431330880958665,47.61949618280856],[-3.431437302472047,47.61938193726813],[-3.431415640002981,47.61920251273955],[-3.431178701467446,47.618899504298945],[-3.431053868424075,47.61886123869768],[-3.431159745680792,47.618963767491984],[-3.431035995551145,47.618934473103444],[-3.431018122629181,47.619007707503684],[-3.430883542216849,47.618888700635104],[-3.430591632010003,47.61890480993334],[-3.430495775715471,47.618774634695825],[-3.430403978316672,47.61878873139094],[-3.430473297102896,47.61892037112745],[-3.430268852625011,47.61888649792521],[-3.4302122555736,47.618970899998814],[-3.430238519252404,47.61907782268182],[-3.430372289152133,47.61907947200305],[-3.430274802976847,47.61915709945234],[-3.430275338725169,47.61938284475884],[-3.430206829015209,47.61936856320595],[-3.430438349290928,47.619626717375766],[-3.430279659060628,47.61986124899699],[-3.430367662654879,47.62003701270263],[-3.430176482896315,47.62000240715895],[-3.430145065632229,47.62018476054791],[-3.430044328375623,47.62023547405904],[-3.430090358875566,47.62039549194859],[-3.430200842840046,47.62042551949721],[-3.430231986372239,47.6203515530932],[-3.430319181162815,47.62040995859116],[-3.430240649937657,47.62042332295261],[-3.430317824693343,47.620509374328456],[-3.430175113909882,47.62054434205213],[-3.430434533640493,47.62070161599733],[-3.430248492573857,47.62082025368106],[-3.430135841891741,47.62077228372051],[-3.430021834383418,47.620823729367935],[-3.430355455145572,47.620931754331295],[-3.430484897700211,47.62089751860633],[-3.430700180363051,47.621021103650094]]]},"properties":{}},{"type":"Feature","geometry":{"type":"Polygon","coordinates":[[[-3.464849220596586,47.62217514155894],[-3.464840510220621,47.62210337433822],[-3.464764434842817,47.622122743981556],[-3.464784167964291,47.622079406072565],[-3.464682575026415,47.62201279155387],[-3.464782193939486,47.621953077312696],[-3.464949042833278,47.622007040230415],[-3.464993408070019,47.621932328496825],[-3.46481764559514,47.62191498536817],[-3.465100851225205,47.62182702333686],[-3.465000347187855,47.62176937998787],[-3.465112145330276,47.62169995842161],[-3.46499095410317,47.62147186790613],[-3.464431690387992,47.621376455293834],[-3.464434072062591,47.62128601012422],[-3.464312475681373,47.62127469285445],[-3.464320505480045,47.62112071524314],[-3.463990285881188,47.62093131306163],[-3.463917000110915,47.6210979416474],[-3.46358589949412,47.62079118038734],[-3.463496078307724,47.62093163193234],[-3.463221996213635,47.620874583480465],[-3.463202196551668,47.62082149386752],[-3.463309434473858,47.62082457731448],[-3.463270923556027,47.6207273690345],[-3.463466687706658,47.62068941705405],[-3.463391842672173,47.62051294241412],[-3.463166483265902,47.62041706631302],[-3.463046858989167,47.620532076607994],[-3.462866955458764,47.62037045978569],[-3.462623767582954,47.62034782184568],[-3.462530887598092,47.62035297284927],[-3.462555039926222,47.620441946316184],[-3.462318381881305,47.62047313333129],[-3.462191346215599,47.620416959178456],[-3.462190049097858,47.620516375277475],[-3.462011027333407,47.62047211510767],[-3.462048447477963,47.62056035287991],[-3.46176850828724,47.620675220381],[-3.461395897443821,47.62068685028664],[-3.461267352722956,47.62083847822913],[-3.460909974163815,47.62097569976461],[-3.460940652786375,47.621118499201266],[-3.460823198348261,47.62125144906336],[-3.460598928501134,47.621164538988864],[-3.460569338821927,47.621030710413386],[-3.460241546041179,47.62130175845599],[-3.460444293680374,47.621651769119204],[-3.460350323184759,47.62164794743938],[-3.460308127738815,47.62174059931357],[-3.460234166904845,47.621681480658964],[-3.460293558110942,47.62184075092246],[-3.46006015650662,47.621898846177714],[-3.459483062299233,47.621876648619285],[-3.459034952871247,47.62148604901363],[-3.458887907162591,47.621485167963904],[-3.458711492128203,47.621242070723234],[-3.458576412075559,47.62133986988074],[-3.458675604681499,47.621496934780076],[-3.458390647855237,47.62135016537132],[-3.458200099092563,47.62154135063981],[-3.457955167417645,47.62128398710687],[-3.45792493190735,47.621475318807434],[-3.457664557866071,47.62120074804136],[-3.457171435250728,47.62121001112291],[-3.456933463729927,47.62134060321497],[-3.456902346358723,47.62196548245754],[-3.456785099782463,47.62199004126411],[-3.456692436347211,47.62188680067812],[-3.456475987992138,47.62230519828914],[-3.456395285769876,47.62230063826393],[-3.456433770208059,47.622948754214036],[-3.456314567236719,47.622846983693556],[-3.456296727683772,47.62292022181159],[-3.456211675098804,47.62287977774595],[-3.456245604357708,47.62304949121261],[-3.456107474328687,47.62301198761094],[-3.45597021037619,47.62309184170606],[-3.455757257319324,47.62287785846208],[-3.455776606673759,47.623147723038954],[-3.455682633879174,47.623143897606504],[-3.455673491582197,47.62328890348032],[-3.4555101321868,47.623153453431925],[-3.455449221559888,47.623201983608254],[-3.455407461547721,47.6230778598973],[-3.455374818782685,47.62335963565414],[-3.454832338667113,47.62263106280276],[-3.45471400257173,47.62264664852831],[-3.454205872833868,47.62242191824427],[-3.454086224760966,47.622536919242116],[-3.453915037323907,47.622447056809776],[-3.453914811712776,47.62255544371521],[-3.453795388568147,47.6225620575082],[-3.453516100389117,47.62235174439685],[-3.453278114837259,47.62248232896424],[-3.45323808016864,47.622592920260594],[-3.453089085133969,47.62246570299008],[-3.452746030699646,47.62261113565905],[-3.452655091171791,47.62274260772151],[-3.452762507314219,47.62318821937013],[-3.452437120081863,47.622817895011266],[-3.452202848057991,47.62275861663498],[-3.451839770386239,47.62295934207461],[-3.451789096089741,47.62287183577269],[-3.451729269010436,47.62292933503657],[-3.451670758572245,47.6228874184129],[-3.451612874240821,47.62307124653207],[-3.451386207892294,47.62307476367679],[-3.451278735173985,47.62318005615103],[-3.45091937400142,47.62319091804365],[-3.450904786363908,47.62329106840602],[-3.451148606732508,47.623539475434676],[-3.450942190126645,47.62337930960813],[-3.450816636729359,47.62366622575171],[-3.450514928639251,47.623601645571135],[-3.449987405599655,47.623657936907414],[-3.449540436948788,47.623276272269344],[-3.449406421176225,47.62338303175757],[-3.449293659095606,47.62388598555356],[-3.449156617982144,47.62385744478717],[-3.449049845776004,47.62363757469693],[-3.449110147277072,47.623363303142696],[-3.448842820779278,47.62325166042878],[-3.448817603909501,47.62315371320877],[-3.448726889930544,47.623176795321115],[-3.448581398706833,47.62296809861753],[-3.448621679663155,47.622749122060725],[-3.44841154199074,47.62277881231295],[-3.448508535226887,47.62291794362589],[-3.448336032981199,47.62292748885667],[-3.448343398336812,47.62309867308818],[-3.448212875878744,47.62312395751361],[-3.448199843639386,47.623016304875094],[-3.448068235318559,47.62303261808653],[-3.447976672910359,47.62293834169656],[-3.447859182183855,47.623071278395145],[-3.447821783733025,47.62298303619181],[-3.447851104611853,47.62322525471712],[-3.447762561991425,47.623266278190904],[-3.447729983674942,47.62299714647479],[-3.447644699114509,47.62306508303717],[-3.447587754568865,47.62281536169076],[-3.44735542075242,47.62288240258682],[-3.447360611202359,47.62303564476177],[-3.447259884922754,47.62308637304671],[-3.446952755371314,47.62297692833346],[-3.446652506289074,47.623255440859765],[-3.446483500526769,47.623183509702876],[-3.446376017919805,47.62328879765971],[-3.446300863257891,47.622778180639],[-3.446215818472792,47.62273772929159],[-3.446195552463277,47.62290141059514],[-3.446172753293056,47.62271301805748],[-3.446060928403333,47.6227824214563],[-3.446022447482009,47.622685207588816],[-3.445825335966879,47.62282254608704],[-3.445935591989587,47.622960945579244],[-3.445998682281117,47.62293036250756],[-3.44584849360816,47.62334507031136],[-3.445755848972354,47.623241821121205],[-3.445679488645464,47.62327313799437],[-3.445724124145249,47.62309004677805],[-3.445596014135998,47.62302488357439],[-3.445429538656699,47.623305024676895],[-3.445553306814189,47.62333430374758],[-3.445441236998325,47.62351209336631],[-3.445549807478886,47.62341577735815],[-3.445594801606648,47.62356681779696],[-3.445533153593527,47.623940503244256],[-3.445759581827585,47.62404538426621],[-3.445652939277391,47.624268029375635],[-3.445339892363059,47.62433049871343],[-3.445142174346217,47.62424209129868],[-3.444770973373437,47.624596770635506],[-3.44449230602624,47.62461218079722],[-3.44443054317856,47.62454334734025],[-3.444346092303119,47.62472863928638],[-3.444043055020657,47.62476345810476],[-3.443375464547212,47.62465587261274],[-3.443212132175013,47.62452040546039],[-3.443165468475392,47.62413464841632],[-3.443025174489434,47.62407918717346],[-3.442927449657679,47.62426521177214],[-3.44311949059856,47.62441715424152],[-3.443104887992775,47.62451730356608],[-3.442973522249639,47.62442522425075],[-3.442871704027238,47.62446697761958],[-3.442884229843048,47.624791404295145],[-3.442745019559303,47.62474491382946],[-3.442662981234151,47.62483975998058],[-3.442714727573343,47.6249362412486],[-3.442598553063021,47.62496975687131],[-3.442658980438143,47.625138006924885],[-3.442526867704161,47.62537108733182],[-3.442663909158338,47.62539963585468],[-3.442417202696781,47.62545842933709],[-3.442319473221395,47.6256444532951],[-3.442168076106994,47.625607666811945],[-3.442079275511967,47.62575707263007],[-3.442265058210089,47.625746803106956],[-3.442165743650436,47.626140629183396],[-3.441899002741836,47.626254715188765],[-3.44177305981167,47.62620749009273],[-3.441518503110892,47.62631187063477],[-3.44145190046907,47.626423924594754],[-3.441233065008652,47.62638183307074],[-3.441296744466939,47.626576997012435],[-3.441165376774054,47.62648491576108],[-3.441139669330078,47.626603740360245],[-3.44107356893451,47.626499020786774],[-3.441095518485083,47.626570056200535],[-3.44082117917709,47.6266213419997],[-3.440726948934719,47.62672589118725],[-3.440630801279023,47.62670411143963],[-3.440649243284199,47.62685662024846],[-3.440317480963508,47.62687495387536],[-3.440573959605498,47.62689690483119],[-3.440565860440194,47.6270508803456],[-3.440748141025376,47.62712208654771],[-3.440573201446511,47.62722206470316],[-3.440908801267773,47.627456387977944],[-3.440719000526589,47.627764901809186],[-3.440845778907624,47.62792948568258],[-3.440713903787325,47.6280541771378],[-3.440101855161994,47.62829571261461],[-3.439677187661295,47.628319177480655],[-3.439330805157406,47.62843765698322],[-3.439299669515771,47.62851162550547],[-3.439107369014527,47.628468063621206],[-3.439113876624369,47.628521890297286],[-3.438621767689687,47.628540046135875],[-3.437609096945422,47.62845148884279],[-3.437428725529757,47.62850660658778],[-3.437364798670782,47.62841982727559],[-3.436312842303948,47.62811668459945],[-3.435828027490382,47.627863495830944],[-3.435667135158175,47.62763757406711],[-3.435487027538523,47.627584302256075],[-3.435512748037633,47.62746547896132],[-3.435189065630783,47.626887305293955],[-3.435268132109141,47.62665716439223],[-3.435414107725499,47.626649104021965],[-3.435480723322356,47.6265370535181],[-3.436159947127616,47.62640923558928],[-3.436084922522844,47.626341130636575],[-3.436201365700647,47.62619923485699],[-3.437482911030779,47.626191671430085],[-3.436023430470994,47.62616390613457],[-3.435999843780503,47.62585815409776],[-3.436087577521795,47.62569978175619],[-3.43631560145414,47.625596878764526],[-3.436318030954311,47.62550643437018],[-3.436119239488338,47.62540904058262],[-3.436035842420497,47.62560329759041],[-3.4358600772786,47.62558591091767],[-3.43562311808211,47.62572543044604],[-3.435367731020916,47.62571243976635],[-3.435382905881779,47.62583803600521],[-3.435188186784945,47.6258849119704],[-3.435115331908452,47.62583474869937],[-3.434855344794804,47.625894258931176],[-3.434735092577971,47.625783495379814],[-3.434636516707976,47.625852155037016],[-3.434514097493627,47.62572344892176],[-3.434300423606281,47.62583458691728],[-3.433636357053164,47.62564547264409],[-3.433529912211565,47.625317201869805],[-3.433453541744399,47.62534851071602],[-3.433253672541426,47.62524214086333],[-3.433186773473071,47.62502005885275],[-3.432985822531858,47.62490471733951],[-3.433065711128199,47.62479193561762],[-3.432971458008474,47.624453960499],[-3.433207602628898,47.6241970883079],[-3.433056483867767,47.624051903215005],[-3.433109831305525,47.62394058641524],[-3.43297388218455,47.623920997852316],[-3.432949777586682,47.623832018433234],[-3.43278485371691,47.62390433902919],[-3.43293107981922,47.62334537656484],[-3.432802716335617,47.62338858615273],[-3.432848211150236,47.62332285788409],[-3.432612337534925,47.6234713426607],[-3.432498595746946,47.62341440384805],[-3.432475037262081,47.623551169121015],[-3.431780675191635,47.62355336896547],[-3.43154886037022,47.62340360478769],[-3.431539652474572,47.623548608746304],[-3.431275339766578,47.62357222625699],[-3.431204386341554,47.623648389699895],[-3.430488898564423,47.6236969024884],[-3.430369743390353,47.62359510553305],[-3.430359449224485,47.62373113816857],[-3.430006577949301,47.62379576300718],[-3.429753642026426,47.623692315692274],[-3.429715723572754,47.62382084129429],[-3.42954646375289,47.62385727243304],[-3.429477398028464,47.62405976402995],[-3.429519631118066,47.62440964167003],[-3.429386930772505,47.62441696259842],[-3.429276970583845,47.62461267904623],[-3.429097962386449,47.62456836852298],[-3.428953880836655,47.62470275019042],[-3.428656524414459,47.62467399848138],[-3.428237849694741,47.624525504472814],[-3.428408750061529,47.6242812729828],[-3.428150401574507,47.624132966061616],[-3.428209450526359,47.62395812091366],[-3.428338901795502,47.623923887620386],[-3.427808104377259,47.62395316507063],[-3.42712323688808,47.62370194681299],[-3.427115659468717,47.62363914808962],[-3.42679177021821,47.623611855269544],[-3.42672353683658,47.62348918491573],[-3.426689139370807,47.623536236512756],[-3.426427270743428,47.623469398764186],[-3.426513946577584,47.62330206216596],[-3.426317345896947,47.62322259409411],[-3.426272406602723,47.6230715462068],[-3.426197207887094,47.62222678439547],[-3.426024986127123,47.62212790981393],[-3.425785852105985,47.62224946710645],[-3.426037173365102,47.62211820684563],[-3.426110578759941,47.621951602135475],[-3.425360995001267,47.621938748132536],[-3.425479054747459,47.62203157901523],[-3.425388332588359,47.62205464301321],[-3.425015988513935,47.621957769972425],[-3.424271937196036,47.62110472763292],[-3.424263567348583,47.620924570430795],[-3.4242058766976,47.62099999822021],[-3.424122219511026,47.62086011510698],[-3.424048013735141,47.62090936044831],[-3.423806208502356,47.620787226044214],[-3.423723921450992,47.62054792697614],[-3.423600966416396,47.62063598297137],[-3.423606155173745,47.62034670729286],[-3.423402791387459,47.620321793390175],[-3.423380073751152,47.62013339616161],[-3.423279617963167,47.62007571686872],[-3.423128249764711,47.620038905602215],[-3.42311361085509,47.620139052649414],[-3.423016977183707,47.61989151307634],[-3.422905416662235,47.61985250742089],[-3.422901882992585,47.61993398049518],[-3.422868854779118,47.619881615375284],[-3.42285854221674,47.62001764760847],[-3.422755131031593,47.61982466696955],[-3.422753760491508,47.61992408264835],[-3.422581552537324,47.61982520287247],[-3.422477274455746,47.61995738292927],[-3.422381436057197,47.61982720110263],[-3.422241386867199,47.6201058470169],[-3.422264970047734,47.61996908356733],[-3.422152328335649,47.6199211058856],[-3.422056701519098,47.62012505602976],[-3.421978168645118,47.62013841483732],[-3.422033698391026,47.620045045495075],[-3.421941896573951,47.62005913552953],[-3.421970307328528,47.620184002632165],[-3.42185304860693,47.620208526391366],[-3.42176261885704,47.62012320063071],[-3.421802135279385,47.62022939392573],[-3.421692737951459,47.62020832974151],[-3.421687039393494,47.62027186013999],[-3.421570071617703,47.620187996654124],[-3.421622856823018,47.6202934588068],[-3.421525355709396,47.62037107890386],[-3.421438170603353,47.620312666839695],[-3.421382639537552,47.62040603588598],[-3.421261054305049,47.62039467379053],[-3.421336257859294,47.62079692059777],[-3.42121928948415,47.62071305678319],[-3.421203565372264,47.62080423224227],[-3.421271782638317,47.62092690598972],[-3.421390124674357,47.62091135413516],[-3.421467285869194,47.62099741133729],[-3.421389541396815,47.62112812796688],[-3.421471818878711,47.621367428608345],[-3.421330181477894,47.62141135681741],[-3.421172906343132,47.621103941368546],[-3.42122265283653,47.621516621717305],[-3.421581634009593,47.6220567568633],[-3.421401267655813,47.62211185003946],[-3.421480593625811,47.62221584979158],[-3.421398521410655,47.62231068112682],[-3.42122277187966,47.62229327239854],[-3.4211450249214,47.62242398877841],[-3.421000432578365,47.62233261580309],[-3.420892901431179,47.62243788034961],[-3.420801388039548,47.62234358263232],[-3.420819771889132,47.62249609490918],[-3.420746642187594,47.62255430942123],[-3.420687075107911,47.6225034059605],[-3.420738486493748,47.62270828389995],[-3.42065454257573,47.62267678525069],[-3.420660737745262,47.62283899992955],[-3.420490686976205,47.62275805983915],[-3.420538266992444,47.623152797508936],[-3.420688560836204,47.62318064076537],[-3.420582402038496,47.62318648949716],[-3.420586140996681,47.62343914830309],[-3.420450491308912,47.62331115837534],[-3.420443616650286,47.62380823569327],[-3.420339913067564,47.62372364005747],[-3.420086113320643,47.62394533208187],[-3.420171140225017,47.623985802428244],[-3.420149418384158,47.624248894526126],[-3.420021042383822,47.62429209004597],[-3.419987425292382,47.62445649768264],[-3.419802724081575,47.62447570308828],[-3.419389379890587,47.62481455206304],[-3.419354189691839,47.624744243454884],[-3.419215785137532,47.62481508296223],[-3.41915729816749,47.624773150094775],[-3.419008273449291,47.62508840760035],[-3.41890427294705,47.62511219743054],[-3.418876947871407,47.62499630121469],[-3.418822191702184,47.625207026814124],[-3.418715384958568,47.62522768706609],[-3.418625595457172,47.625127545873255],[-3.418607703436178,47.62520077814043],[-3.418710298921098,47.625228670885186],[-3.418626379275737,47.62524490386795],[-3.418596297897724,47.62532783830798],[-3.418520216146989,47.625250750719196],[-3.41838397128051,47.62533953185872],[-3.418359890361681,47.625250549495064],[-3.418261294416154,47.62531919534973],[-3.418323024413954,47.62538804261353],[-3.418039424395522,47.62558427769622],[-3.418071071989656,47.625736059355205],[-3.418254399113503,47.62581627202529],[-3.418372940558189,47.62613485448164],[-3.418003226684388,47.62628164647849],[-3.417940898725667,47.62642957230091],[-3.417741539205735,47.62654892049447],[-3.41802562946123,47.62657843075789],[-3.417888484046565,47.62699237100963],[-3.418069653137654,47.6270546412857],[-3.418056568004718,47.627389503082505],[-3.418261820347982,47.627540755373154],[-3.418668598315943,47.62759060054257],[-3.418801011088691,47.62769167834415],[-3.418845636288411,47.62795111527252],[-3.418643029649415,47.62804355100343],[-3.418691492188519,47.62811312883839],[-3.418470991427374,47.62827879642437],[-3.418529184212133,47.628429116058385],[-3.418424879287677,47.62856129191202],[-3.418362064374355,47.628483473509505],[-3.418262381361179,47.62854314794602],[-3.41807568909298,47.62887853871116],[-3.418088363622378,47.62909458083855],[-3.417892536414036,47.62913245658627],[-3.41782804273848,47.629262439519586],[-3.417731899861287,47.62924064095218],[-3.417816335535532,47.62949788578217],[-3.417628073739871,47.62959856021423],[-3.417637320470758,47.62945355780631],[-3.417546582309144,47.62947661562489],[-3.41761804528937,47.62962620488112],[-3.41733766306881,47.62984935174848],[-3.417348472784271,47.62993906482829],[-3.417495541076182,47.629939998173164],[-3.417503108071788,47.63000279731641],[-3.417386007255173,47.63036144695468],[-3.416929365409897,47.63034143400079],[-3.416859463418272,47.63042655977191],[-3.41688138235789,47.63049759958875],[-3.416965637023325,47.63042071444577],[-3.417150059527278,47.6305098999641],[-3.417037099639434,47.630570303984534],[-3.416842224372352,47.63105966598473],[-3.416459677713245,47.63143292734515],[-3.41626846615711,47.6313982992383],[-3.416148716237903,47.631513260827255],[-3.416049327632931,47.63146454696517],[-3.415728032367319,47.63168091014002],[-3.415966928838833,47.63166776034281],[-3.416026199055432,47.63182705227263],[-3.416379919324787,47.63187982754813],[-3.416429161484594,47.63206676378094],[-3.416315593478943,47.632343939609655],[-3.416493234616654,47.63248768450697],[-3.41664030991609,47.63248861892737],[-3.416571184060404,47.632691101988975],[-3.416701443669869,47.632774239301064],[-3.416707326784526,47.63304483958105],[-3.416855183663357,47.633163131258954],[-3.416836985568516,47.63334474917066],[-3.416675554547285,47.63333557433871],[-3.416553639336631,47.63343259363221],[-3.416735608514851,47.63361222327256],[-3.416513696442978,47.63387730158682],[-3.416596449759891,47.63434234771748],[-3.416689057249089,47.634445619439056],[-3.417088018772212,47.634541057036714],[-3.417331733120983,47.63478953319537],[-3.417474490406994,47.63475458142245],[-3.417667577747271,47.63491553619292],[-3.418009427058835,47.6348696223509],[-3.418107444211408,47.635017749310556],[-3.418454700105444,47.63501669055419],[-3.418581724469128,47.63507291184874],[-3.418597943779626,47.63520748093055],[-3.418765084431671,47.63515312333074],[-3.418665092162418,47.63532118401866],[-3.418853372187789,47.63522050821297],[-3.419008024574422,47.635284238534936],[-3.419068389257547,47.635452499890036],[-3.419294028872635,47.63544007422244],[-3.419942636695735,47.6372737333407],[-3.420180380428434,47.63769411893373],[-3.420557647032068,47.63805263474622],[-3.421235884949256,47.63835844819038],[-3.422572114784694,47.63869122405606],[-3.422785575668347,47.63868849418941],[-3.423387726168387,47.63891721072495],[-3.423615543843221,47.63892271915321],[-3.424718001449246,47.63942187770278],[-3.424824989748538,47.639533382347416],[-3.424972084610337,47.63953430627462],[-3.425107786378183,47.639662289878416],[-3.425269237985934,47.63967145302792],[-3.425362954024911,47.63978368877639],[-3.425563145226223,47.639781685458004],[-3.425603766330085,47.63989684757488],[-3.42580395794684,47.639894843844],[-3.425938580004793,47.640013855276244],[-3.426086758856592,47.64002374898121],[-3.426474388914395,47.64024621416459],[-3.426507151918218,47.64040696356127],[-3.426610096095323,47.64037419597614],[-3.426620642408914,47.64057229354627],[-3.42673361261968,47.640511880571715],[-3.426936774419657,47.64064517424926],[-3.426995806988959,47.64091284569048],[-3.427100114825917,47.640780663028984],[-3.427212805014975,47.64082863542207],[-3.427191390999111,47.64098334072868],[-3.427528660073488,47.64100990032832],[-3.427433295489463,47.641105466850476],[-3.427683339596892,47.6410736189742],[-3.427709330172581,47.64128892680634],[-3.427852376670817,47.64114557666786],[-3.427805220110749,47.641419102818446],[-3.427934713995174,47.641384870282096],[-3.427961540948426,47.641275020656025],[-3.428239217040556,47.64125067891259],[-3.429317127469846,47.64143507116379],[-3.429274311028179,47.64174448243449],[-3.42955848855204,47.64177396441587],[-3.429624310242675,47.64198707544242],[-3.42985214166601,47.64199257170083],[-3.429885999245239,47.64216229113916],[-3.430171262709172,47.642200742758384],[-3.430433764593723,47.64249331407793],[-3.430422383517192,47.64262037426246],[-3.430147951441366,47.64267163456728],[-3.430348963152908,47.64278697990296],[-3.43028773355144,47.6429438821755],[-3.430165011681875,47.64292355835432],[-3.430068565022628,47.643010155804085],[-3.430208895310663,47.64306563206605],[-3.430177738490332,47.643139597596104],[-3.430451089501667,47.64307936610851],[-3.430477912126776,47.642969516001465],[-3.430642625079586,47.643005585086065],[-3.430769143221482,47.642836050350574],[-3.431067957627786,47.642765381813],[-3.431040597096214,47.64264948950226],[-3.431167924783996,47.64259731116032],[-3.432571233762945,47.64270953906926],[-3.432727823141867,47.64289957891505],[-3.432951323344247,47.64286918470725],[-3.43283131510622,47.64309254842248],[-3.43312552473202,47.64309437592816],[-3.433244728702689,47.64319616904574],[-3.433143683064936,47.643355270323895],[-3.43319543014734,47.64345175488445],[-3.433468779351377,47.6433915163468],[-3.43368849565306,47.643550978826575],[-3.433754051967693,47.64342995919405],[-3.433928791162653,47.64343837778401],[-3.433919034869381,47.64335763795975],[-3.434005187240112,47.64340706892007],[-3.434146872586252,47.64336312583969],[-3.434843396259482,47.643487239809204],[-3.434920611792547,47.64357328711816],[-3.435346223636917,47.64366719649149],[-3.435569199637612,47.64385356864072],[-3.435552704232466,47.64426990190898],[-3.435717720988936,47.64464009179313],[-3.436127076293108,47.64459943223359],[-3.436295051464092,47.644662406515074],[-3.436266071054701,47.644754315733536],[-3.436364679745969,47.64468565537284],[-3.436516126986728,47.64472244901479],[-3.436509620021557,47.64466862264577],[-3.437117014691401,47.64460799508588],[-3.437192066295753,47.644676098731594],[-3.437500644424659,47.64468615330914],[-3.437663456760342,47.64459588472947],[-3.437736339646582,47.64464604592398],[-3.437856072525078,47.64453106299233],[-3.437619552025942,47.644453813931264],[-3.43765447079903,47.64418998832429],[-3.437979006644744,47.64400047940744],[-3.438423583267121,47.64403011408471],[-3.438788768056686,47.64395576030407],[-3.438758707467559,47.64403869913108],[-3.439116041669994,47.64400993269011],[-3.439299463200828,47.644090111567955],[-3.439289187844981,47.64422614354769],[-3.439404321386291,47.64418366051347],[-3.439375857060073,47.644058799203144],[-3.439505349926137,47.64402455389016],[-3.439792291565718,47.6442976953763],[-3.43990359296361,47.64400255638788],[-3.440047191311153,47.64408493390348],[-3.440344915297126,47.64400527065507],[-3.440435415228043,47.64409058097258],[-3.44048225642412,47.643925435788255],[-3.440777556098088,47.64393621505338],[-3.440883501787776,47.64403873370392],[-3.440797089680157,47.644097693503134],[-3.440925496505326,47.644054475592256],[-3.440992703592724,47.6441681653203],[-3.441178550598404,47.644157897623245],[-3.441171787413773,47.64421245716394],[-3.441274981301651,47.644071291055305],[-3.441524780173238,47.64414779927614],[-3.441609271577372,47.64396251123148],[-3.441839033186757,47.64409431181874],[-3.441834941918323,47.64395004208299],[-3.441980713905884,47.64405035925482],[-3.44220554857904,47.64392053269939],[-3.442574820598288,47.643990436812174],[-3.442692959074141,47.644083249234285],[-3.443073584164765,47.64402609048793],[-3.442846580062686,47.64413797669603],[-3.442814354589988,47.64420297454855],[-3.442907277987102,47.64419783928835],[-3.443106647147922,47.6440784492391],[-3.443253754850849,47.644079350147315],[-3.443077926501859,47.644061974502335],[-3.44341788826606,47.643889658840955],[-3.443382653831168,47.64381935816922],[-3.443499954536074,47.643794813094296],[-3.443685207035118,47.643558799010464],[-3.443939841769907,47.64345441467803],[-3.4440127289967,47.64350457198722],[-3.444004043161853,47.64343280400627],[-3.444169012179476,47.64336046829954],[-3.444445360991323,47.643435502786694],[-3.44625431915383,47.64469014760649],[-3.44644125312761,47.644688842512686],[-3.446249733355703,47.644762649367365],[-3.445708605192009,47.644377141177],[-3.445621111847644,47.64442713355602],[-3.445664436757731,47.64434345905426],[-3.44558153010771,47.64432094965268],[-3.44547617513724,47.64444417758746],[-3.445451197326703,47.64423784504686],[-3.445093266328508,47.644040888525595],[-3.444968120621323,47.64411102397429],[-3.444789033989853,47.64406673794692],[-3.444723501919624,47.64418776372953],[-3.444814985905308,47.643839527930325],[-3.444438952200929,47.64382419063266],[-3.444450896121721,47.64392287154112],[-3.444334926526626,47.643848002874435],[-3.44430596040718,47.64393991412545],[-3.444001728262845,47.64396576149819],[-3.443948383526973,47.644077082118706],[-3.443868735168092,47.644081484484786],[-3.443828071462188,47.64396632897179],[-3.443696410136244,47.64398263708032],[-3.443535287632437,47.644307627430265],[-3.443393607510716,47.64435158187332],[-3.443372238992288,47.644506289858995],[-3.44307777351752,47.64461287380337],[-3.443050385955951,47.64449698441769],[-3.442810104928699,47.644609604156734],[-3.442798163888471,47.64451092311587],[-3.442476310924308,47.64450161609327],[-3.442506365996038,47.64441867632991],[-3.442270924718513,47.644350407687405],[-3.442134670607716,47.64443921564952],[-3.441985391113654,47.64442037130868],[-3.441935297924368,47.644558604017895],[-3.441881363182315,47.64444418135864],[-3.441690923343005,47.64452695176275],[-3.441485288315333,47.64448412762949],[-3.441469340842739,47.64468369033379],[-3.441343354797576,47.644636465225005],[-3.441361222133116,47.64456323021473],[-3.441140723786498,47.644728939175984],[-3.441198164618124,47.64476188958319],[-3.441002296325359,47.64479980376407],[-3.440929410159105,47.6447496446108],[-3.440818617490936,47.644828013219275],[-3.440865205937695,47.644771253578334],[-3.440713755559896,47.644734465574366],[-3.440836737879728,47.644646392662075],[-3.440764937285659,47.64460520442398],[-3.440572324786988,47.64467003095379],[-3.440697225030937,47.64470828587052],[-3.440572071980859,47.64477841658637],[-3.440462616918986,47.64475737025151],[-3.440518139939777,47.644663993310964],[-3.44032903563844,47.64464734687624],[-3.440204967362743,47.64472644822705],[-3.440339887004464,47.64473705713665],[-3.440084407807118,47.64472407689776],[-3.440078728527391,47.64478760738703],[-3.439870669438595,47.64483522398987],[-3.439919683168948,47.64468802115586],[-3.439816993184156,47.64461241475993],[-3.439616529651649,47.64472282813027],[-3.4395192650226,47.644692076637995],[-3.439673139141195,47.64463842262256],[-3.439446380397523,47.64464191655681],[-3.439388685567297,47.64471735091982],[-3.439119102572846,47.644587745113846],[-3.43906466210615,47.64469009243114],[-3.438957377629241,47.644686986761066],[-3.439231556076731,47.64474409145056],[-3.43896254608312,47.64484022758026],[-3.439088530502292,47.64488745525108],[-3.439100464766571,47.644986136651596],[-3.439013220207204,47.64492773845175],[-3.438930059312942,47.64501360995345],[-3.438790799718678,47.644967115261544],[-3.438868023758393,47.64505315989547],[-3.438699787710427,47.64509857493614],[-3.438609288844785,47.64501326331909],[-3.438677005519858,47.64491018309892],[-3.438554275933634,47.644889868110134],[-3.438528296849673,47.64511707661125],[-3.438349212186967,47.64507278073689],[-3.438250605333853,47.64514144275853],[-3.43835680587,47.6451355780345],[-3.438351124489644,47.64519910842617],[-3.438180975635593,47.6451181950301],[-3.438099982647941,47.6452220080197],[-3.437939596789675,47.64522183367323],[-3.438079941076307,47.64527730041772],[-3.438157991490182,47.64548070213831],[-3.437948016620373,47.645401987629626],[-3.437863768535427,47.64547888730673],[-3.437838561314445,47.64538093884354],[-3.43780064692224,47.64550946562732],[-3.437563863246682,47.64554060207638],[-3.437624556840067,47.64560046736911],[-3.437521609345095,47.6456332445697],[-3.437454407807961,47.64551955293196],[-3.43717862325107,47.64567024419941],[-3.437152332577814,47.64556332454668],[-3.437240920352008,47.645522309589886],[-3.437069427623665,47.64554080911979],[-3.436816417744585,47.64587989160464],[-3.436731343331259,47.64583943383496],[-3.436777112967589,47.64566531923158],[-3.43692205577252,47.645648286001574],[-3.436913379125384,47.64557651757388],[-3.436822621879421,47.64559959017248],[-3.436875983002726,47.64548827289391],[-3.436704490257255,47.64550677188853],[-3.436696898465908,47.645443974495684],[-3.436558463248575,47.64551483379267],[-3.436479073258091,47.64541084553621],[-3.436359596804825,47.64541744142302],[-3.436212223864699,47.64552491741646],[-3.436163984431697,47.64534696189532],[-3.436164807119372,47.64546431854115],[-3.435879521890555,47.645425881620504],[-3.435697481516368,47.64568879629155],[-3.435564992082265,47.645587738588354],[-3.435519218557366,47.64576185272393],[-3.435391066580333,47.645696679091834],[-3.435420049008638,47.645604770135506],[-3.435634884092389,47.64550260229525],[-3.435441441022363,47.64545006369339],[-3.435339313350881,47.64560019561646],[-3.435337408164038,47.645473867904364],[-3.435142353535763,47.64562912888963],[-3.435025309032155,47.64554527997974],[-3.43492127580256,47.64556908381905],[-3.434857332580491,47.645482303901844],[-3.435084359151989,47.64537043329409],[-3.435181622461577,47.64540118846718],[-3.4351718639138,47.64532044883002],[-3.43497382079172,47.64534041075241],[-3.434906096417124,47.64544348880321],[-3.43460021265227,47.64523459836036],[-3.434670105739125,47.64514946262871],[-3.435013090224974,47.64511247035234],[-3.434913923373,47.64495538728122],[-3.434557399721552,47.64510149753627],[-3.434583660676052,47.64476590430258],[-3.43430488506196,47.64478128999806],[-3.434334134340275,47.64458099564357],[-3.43418160490635,47.64453522808691],[-3.434000909432657,47.64469872570252],[-3.433744347933081,47.64467676051615],[-3.433977059937877,47.64450136182435],[-3.433954028429059,47.64442135464611],[-3.43379147692881,47.6444032324326],[-3.433866790425403,47.644362952586555],[-3.433735391768602,47.64427086382715],[-3.433829400191357,47.64427470687587],[-3.433831834755741,47.6441842634075],[-3.433770880410505,47.64423278174889],[-3.433680390893325,47.64414746627605],[-3.433575275799249,47.644162297844],[-3.433593153636907,47.644089064003886],[-3.433360709619681,47.64415607632319],[-3.433342831440565,47.644229310125205],[-3.433208182235227,47.644110307485704],[-3.433072997561593,47.64420807598585],[-3.433127449028191,47.644105731434806],[-3.432993616307509,47.644104085290614],[-3.432970586444653,47.64402407790199],[-3.432754668361631,47.64411726982319],[-3.432818606528541,47.64420405095267],[-3.432664726771072,47.644257695953236],[-3.432688562727176,47.64401254645455],[-3.432612165010413,47.64404385444778],[-3.432552831715714,47.64388457194566],[-3.432429023029395,47.643855279410225],[-3.432519779208238,47.64383221020329],[-3.432419268929106,47.643774539478244],[-3.432465865389882,47.64371778315547],[-3.432139414129593,47.6437809489114],[-3.432126409271467,47.64367329563143],[-3.432064370232757,47.643712841988695],[-3.43180483383222,47.64355557353337],[-3.431869581212262,47.64331719815815],[-3.431792370969539,47.64323114882153],[-3.431489220429149,47.64326593473592],[-3.43161085994895,47.64327728604904],[-3.431440997018919,47.64353049093863],[-3.4314344953183,47.6434766642537],[-3.431331548118745,47.64350943603671],[-3.431427181391826,47.643305480763225],[-3.431166021479681,47.64335601113034],[-3.431170083858551,47.64350028128292],[-3.431088268191369,47.6434867327049],[-3.431164394096287,47.64356381137897],[-3.431074721345421,47.64359585065346],[-3.431154370033902,47.64359145700757],[-3.431076888461378,47.643613792887535],[-3.431129715626702,47.64371924946646],[-3.43103787548466,47.64373334647828],[-3.431091786256656,47.64384777418405],[-3.430920296778582,47.64386626470513],[-3.430926798007999,47.64392009140776],[-3.431086096364124,47.643911304264805],[-3.431114541214545,47.64403616760351],[-3.43093871696266,47.644018773691066],[-3.430820864771089,47.644260077438275],[-3.43075720252493,47.644064909573544],[-3.430594107057018,47.64426355419378],[-3.430363825419727,47.64434850278123],[-3.430272257717335,47.644254213553594],[-3.430184750114664,47.64430419437607],[-3.430156307297006,47.64417933082844],[-3.429998091376309,47.644197087826846],[-3.430118923327706,47.64409108392205],[-3.430018415155713,47.644033411139546],[-3.429654300945927,47.644116708633554],[-3.429629109437274,47.644018758330425],[-3.429713367083333,47.643941864532586],[-3.429810624693324,47.643972624199314],[-3.429830948962247,47.64380894752549],[-3.429516685596802,47.643862402694324],[-3.429547843755432,47.64378843736835],[-3.429644017668755,47.643810226045986],[-3.429589026729325,47.64368682653957],[-3.429208389620523,47.643743941368456],[-3.429319197087506,47.6436655837254],[-3.429224106814968,47.64365276591279],[-3.42919350011238,47.643509959819234],[-3.429072391480342,47.64372434846507],[-3.429011709615446,47.64366447867199],[-3.429224658513182,47.6434359945659],[-3.429312992596308,47.64306085736464],[-3.429191078144501,47.643157889356225],[-3.429026365702737,47.64312181822823],[-3.428887926324772,47.643192668522765],[-3.42878958750352,47.643152936935216],[-3.428812080921808,47.64300720265097],[-3.42865603430786,47.64304290012431],[-3.428683414499182,47.642716279001824],[-3.428840543303147,47.642689552627935],[-3.42868721778603,47.642526420984815],[-3.428731121394725,47.64222598120024],[-3.428602986199676,47.642160800003644],[-3.428413894487747,47.64214413426371],[-3.428439082880919,47.64224208492434],[-3.428288731310189,47.64221425191554],[-3.427873416198827,47.642426799777596],[-3.427934899923844,47.64260402707816],[-3.427848197194495,47.6427713630612],[-3.427798626416374,47.64269281840202],[-3.427747940411968,47.6430478165592],[-3.427632800042818,47.64309028813228],[-3.427562060755397,47.64350057678878],[-3.427564819038731,47.64285923380008],[-3.42751035817576,47.64296157582493],[-3.427449678930734,47.64290170519687],[-3.427271657460335,47.64330887738091],[-3.427223449845797,47.643130917964605],[-3.427299849416908,47.64309961347999],[-3.427223729756266,47.64302253226956],[-3.427142718633916,47.64312633777625],[-3.427140832939255,47.643000009768556],[-3.427030303958756,47.642969979675314],[-3.427197460333368,47.642915610230524],[-3.427134615731255,47.64283779712432],[-3.427232429625398,47.64265178752934],[-3.427068802934023,47.642624684789546],[-3.427113238339718,47.642549988249414],[-3.426980772955613,47.642448920648334],[-3.426678706519021,47.64249266525597],[-3.426610449255733,47.64236999603331],[-3.426580089418431,47.6425613175202],[-3.42642079435048,47.64257009852606],[-3.426398056588282,47.6423817040492],[-3.426374192462618,47.6426268524718],[-3.426205953433195,47.64267224958045],[-3.426202423291494,47.642753721794485],[-3.426074289917997,47.642688537842645],[-3.426081868816798,47.64275133601512],[-3.425919325077783,47.64273320283437],[-3.425816941457445,47.642549198340085],[-3.425735928317135,47.642653002896914],[-3.425666307318652,47.64262974768108],[-3.425703399904736,47.64282638178757],[-3.425475848808082,47.64271249173336],[-3.42533740577819,47.642783337836086],[-3.425464790688151,47.6422886516478],[-3.425365089830297,47.64234833171892],[-3.425244820234482,47.642237559340614],[-3.425374601408645,47.64209494391369],[-3.425431746124159,47.64223628785714],[-3.425510310653355,47.642222926879775],[-3.425437726102465,47.64206437225183],[-3.425562093355448,47.64187690071741],[-3.425451619024584,47.64140435484464],[-3.425035041845,47.64083127859996],[-3.424892557888995,47.640757853684576],[-3.425046949214875,47.640929961642435],[-3.424944003005897,47.64096272784077],[-3.424629809755749,47.64057365548547],[-3.424143568731414,47.64041983450419],[-3.423734589016538,47.639909551720265],[-3.422887580043134,47.639423402450895],[-3.422827703273833,47.63948088641525],[-3.420802092383117,47.63886097534749],[-3.419806953629239,47.63836490306442],[-3.419244452277207,47.63779984608995],[-3.418824832155599,47.636757317532016],[-3.418530766772534,47.63631293857813],[-3.417853467057699,47.63568195087022],[-3.417870282451367,47.63559974783811],[-3.417793888085842,47.635631046278576],[-3.417701575610085,47.635419389397185],[-3.417607284549413,47.635523919454016],[-3.417523921460135,47.63527564655529],[-3.417376838465059,47.63527471324871],[-3.417215701706914,47.63515715305943],[-3.417181888863008,47.634987429335084],[-3.416986039389878,47.63502530344781],[-3.417028320537524,47.63493266787346],[-3.416790791749074,47.634846404979875],[-3.416693859525097,47.63470724819411],[-3.416389968522884,47.63462463765333],[-3.416172630752911,47.63404056855421],[-3.416186205640004,47.63393145179455],[-3.416255811161052,47.633954712763995],[-3.416194678439907,47.6336690923314],[-3.41631161970628,47.63297631451941],[-3.416167913974539,47.63255977730936],[-3.416061736027049,47.63256562190397],[-3.416072068336304,47.63242959115023],[-3.415893044887433,47.632385260568334],[-3.415848733283597,47.63201743682078],[-3.415738233400338,47.63198739587481],[-3.415725567696434,47.63177135381508],[-3.415514599148737,47.63168362712182],[-3.415548234569158,47.63151922138513],[-3.415456715049928,47.631424919921386],[-3.416280308065074,47.63072033665154],[-3.416216412940221,47.63063354586754],[-3.416327212261527,47.630555200014165],[-3.416226744481275,47.630497514964354],[-3.416432908861716,47.63032361110232],[-3.416439695573505,47.63026905260355],[-3.416310221285729,47.63030327259635],[-3.416330279785444,47.630247983505214],[-3.41649524554665,47.63017568638154],[-3.416204350061669,47.63020073093959],[-3.416117154723143,47.630142315198825],[-3.416164058916429,47.62997717857768],[-3.416005880440502,47.629994916759784],[-3.415964206840798,47.62987077939578],[-3.415819300196303,47.62988778676721],[-3.415790898666048,47.629762918791975],[-3.415895990342494,47.62974810311303],[-3.415962045362883,47.62985283675399],[-3.415964509544485,47.62976239298434],[-3.416160340431951,47.62972452048119],[-3.416085034229838,47.629764789218754],[-3.416161118897778,47.629841878214435],[-3.41617901583111,47.629768646497176],[-3.416311731291096,47.62976134059502],[-3.416361273156179,47.6298398906529],[-3.416360494250314,47.62972253292086],[-3.41658394859307,47.629692169814874],[-3.416625145369148,47.62959056281477],[-3.416650306204817,47.62968851665248],[-3.416498312081626,47.62986846980801],[-3.416608808006101,47.62989851006787],[-3.416818813404425,47.629534746571835],[-3.417015723759021,47.62950584394484],[-3.416980533594026,47.629435534791476],[-3.417140091330188,47.629318380157216],[-3.417104901124965,47.62924807103453],[-3.417027434495175,47.62927039776345],[-3.417091930129943,47.629140415272715],[-3.416972487703153,47.62914699139133],[-3.417010440623512,47.62901847028053],[-3.417120154512122,47.62893115229424],[-3.417258272449211,47.62896870188554],[-3.417236353635819,47.6288976620834],[-3.417427556862015,47.62893228865064],[-3.417604707378636,47.62885028787357],[-3.417683553371633,47.628728545593056],[-3.41757414025038,47.62870747764307],[-3.417762997094239,47.62839003027219],[-3.417973472503969,47.62825200874921],[-3.417899549545338,47.62819286349231],[-3.418023910953437,47.628005398636795],[-3.417978991100906,47.62785434793107],[-3.417809710482816,47.62789076198537],[-3.417920501772366,47.62781241450992],[-3.417839794527248,47.62780782785739],[-3.4178731215283,47.627751807657305],[-3.417680841257301,47.6277082104834],[-3.417764009371947,47.627622353338616],[-3.417382693046197,47.62756207226368],[-3.417522487635423,47.627391819798184],[-3.417455351661158,47.62727811558778],[-3.4171400923437,47.62732256660592],[-3.417040710636747,47.627273853482045],[-3.417053201160955,47.62715576491708],[-3.416854137826746,47.62716672499212],[-3.416915388816355,47.627009828480524],[-3.417166454052325,47.626986974205124],[-3.417389115360038,47.626839251614975],[-3.417148379376647,47.62672607512154],[-3.417144656459696,47.626473416633],[-3.416975379651688,47.626509829504066],[-3.417032005624724,47.626425434173306],[-3.416898217730413,47.626423769578246],[-3.416999279735893,47.62626468095872],[-3.416870896338793,47.62630787297136],[-3.416874740470055,47.626118013729254],[-3.417055125031478,47.626062927657],[-3.417298800519406,47.62631140497159],[-3.41744291575024,47.62617703779422],[-3.41730294309382,47.62601315909145],[-3.417454324215474,47.62604997779485],[-3.417242894734994,47.625736509364714],[-3.416928725163672,47.62578993117557],[-3.416932268337441,47.625708458527356],[-3.416736753843022,47.625637945759216],[-3.416862974129877,47.62557681121448],[-3.416650646142727,47.62558850161283],[-3.416652630757741,47.62527231297336],[-3.41670138936851,47.62523350506715],[-3.416792900471716,47.6253278058567],[-3.416772365591582,47.62515735049799],[-3.416881470304663,47.6252868059073],[-3.416864177540427,47.62514326456393],[-3.41699039651169,47.62508212986593],[-3.416815720079228,47.62507368586444],[-3.41683853946948,47.62481956583451],[-3.417016156976236,47.62496331049426],[-3.416947944331677,47.62484063451572],[-3.417102564372056,47.62490436770146],[-3.417097760974832,47.62464273764011],[-3.417291410565541,47.62458692047136],[-3.417315189472134,47.62478428978461],[-3.417352357454917,47.62453841023486],[-3.417401896004064,47.624616960062724],[-3.417525951326748,47.62453788210512],[-3.417399552662172,47.62426488591899],[-3.417579930420175,47.62420979898371],[-3.417544144075332,47.62435626326135],[-3.41762700789119,47.6243787927881],[-3.41762976829018,47.624179962000966],[-3.417983738046206,47.62412434589751],[-3.417998871555109,47.62424994449446],[-3.41783392614234,47.624322243962304],[-3.418072789163734,47.62430908980855],[-3.41814838440796,47.62416043294659],[-3.418046845722333,47.62409377794487],[-3.418296815745497,47.62406194987712],[-3.418097764203371,47.62407291208903],[-3.418076927258566,47.62401084359373],[-3.418279221602083,47.62402679539649],[-3.418332599827979,47.62391548534673],[-3.418558190849622,47.62390306102635],[-3.418371924556562,47.62368754801776],[-3.418545515651427,47.62368701837247],[-3.41856340725038,47.6236137860578],[-3.418344601365882,47.62357165159249],[-3.418302927342047,47.623447514652284],[-3.418186740750726,47.6234810060181],[-3.418015909236595,47.62328270424227],[-3.417838777827302,47.62336470587801],[-3.417836914847847,47.62323837643041],[-3.417706676738121,47.623155239975915],[-3.417764976920214,47.622863041884436],[-3.417924996849461,47.622971630726894],[-3.418012779466399,47.622813271730934],[-3.417776383910693,47.62273598163707],[-3.417922351442349,47.622727943110974],[-3.417941324500215,47.62266368219155],[-3.418046103167899,47.62275725133753],[-3.418141451779034,47.62266169157234],[-3.417952432402355,47.62264500873367],[-3.417930515261637,47.62257396883058],[-3.418052104748603,47.62258533438056],[-3.418097915369717,47.62241122500449],[-3.417950867808157,47.62241029241442],[-3.417961193338151,47.6222742607819],[-3.418110700720964,47.62218474919138],[-3.417988329761354,47.622056025515796],[-3.41818737380579,47.62204506347905],[-3.418146185825916,47.622146671424716],[-3.418240452203833,47.62204214021193],[-3.418255585726447,47.62216773891001],[-3.418383958046771,47.62212454528346],[-3.418282422939286,47.622057890416826],[-3.418373148173512,47.62203483193862],[-3.418450008515271,47.62222927792845],[-3.418502303578884,47.62210899636463],[-3.418735157226045,47.62226775786466],[-3.419158408481348,47.62234378457646],[-3.418983252635897,47.622109598791404],[-3.418988954607637,47.622046068584815],[-3.41911378644888,47.6220843470192],[-3.418992494388744,47.621964595717316],[-3.419174728825217,47.62203583576939],[-3.419143568990644,47.62210979916021],[-3.419201267993344,47.6220343739145],[-3.41880701727197,47.621866441384014],[-3.418754236074044,47.621760978043895],[-3.418611514372106,47.62179593161479],[-3.418557950012438,47.62157310997294],[-3.418817934243827,47.62151363588608],[-3.418771045695841,47.62167877429214],[-3.418894307807023,47.621482336548176],[-3.419148589513207,47.6214863919448],[-3.419171588938329,47.621566402988506],[-3.419202748416915,47.6214924395696],[-3.419403850859781,47.621941936929595],[-3.419260446668765,47.62141701427075],[-3.419624422270591,47.621333748190644],[-3.419853147919929,47.62179075418041],[-3.419826117301522,47.6215664711102],[-3.420018377203466,47.62161006489041],[-3.420156677077841,47.621981743121076],[-3.420115588542349,47.62164083298192],[-3.42026263402223,47.62164176284693],[-3.420120796283175,47.6213515576077],[-3.420140648734773,47.62096213556509],[-3.420032626196951,47.62084165423754],[-3.420132881229854,47.62056520419005],[-3.420025646338483,47.620562081098434],[-3.420071154474642,47.62049635771218],[-3.419991539331065,47.620500743855246],[-3.419787685230457,47.62025007843446],[-3.419787193820003,47.62002433318223],[-3.419902290683435,47.619981868834884],[-3.419759869431772,47.619908436870055],[-3.419862778223315,47.619875674883595],[-3.419859042938044,47.6196230155923],[-3.41997738249532,47.61960746515884],[-3.419933839963463,47.619356998882836],[-3.42019892400754,47.619450765320536],[-3.420296719217883,47.61926475928651],[-3.420311856790727,47.61939035789709],[-3.420345175943246,47.61933433674935],[-3.420449952289788,47.61942790389864],[-3.420328957050959,47.619199766809814],[-3.42035578850578,47.61908991767296],[-3.420453783197714,47.61923804386786],[-3.420336913431745,47.61871165965468],[-3.420474219406058,47.61863184726594],[-3.420429794618924,47.618706542203135],[-3.420573294875107,47.618788944725594],[-3.420649168469995,47.618531898774776],[-3.420564149889159,47.6184914286631],[-3.420678161529701,47.61843999218676],[-3.420614273952603,47.6183532032603],[-3.420717472211088,47.61821205342764],[-3.420857727600345,47.61826754163051],[-3.420870118188473,47.61859197168679],[-3.420928892293856,47.6185255167793],[-3.421104629325986,47.618542925983434],[-3.421227789188999,47.618789004992074],[-3.421190729787615,47.61859236702512],[-3.421269260584439,47.618579008736475],[-3.421126344138171,47.61827983293739],[-3.421420416624277,47.61828168994039],[-3.421491959706204,47.61798875807488],[-3.421393672813324,47.617949019745815],[-3.421468958344904,47.61790874734133],[-3.421704755906327,47.618202804311174],[-3.421628388682217,47.61823410553952],[-3.421725594801933,47.61826487234423],[-3.421742689654847,47.618074280940036],[-3.421857780758954,47.618031814623095],[-3.421878619765721,47.61809388263427],[-3.421918716016105,47.61798330184071],[-3.422018084879654,47.61803201104664],[-3.422126607496096,47.618378236170244],[-3.422029901814717,47.618573215137864],[-3.422256049135746,47.61834400952084],[-3.422241988844177,47.61822738241142],[-3.422364650929125,47.6182477148135],[-3.422451331019319,47.618080380782025],[-3.422597285118266,47.61807233639414],[-3.422563679876578,47.61823674529708],[-3.42270530784043,47.618192815520594],[-3.422677400037455,47.618293693935634],[-3.422783548876753,47.61828784328497],[-3.422810878999342,47.61840373898591],[-3.423031613798944,47.618129675289424],[-3.423149949121996,47.61811412162938],[-3.423038392217367,47.618075116065384],[-3.423111513284625,47.618016899984646],[-3.423252852374552,47.618081356625645],[-3.423287755545699,47.61826005137654],[-3.423169419939344,47.618275605175064],[-3.423182400549678,47.61838326086295],[-3.423070554846919,47.61845264240107],[-3.423171295363504,47.61840193485901],[-3.423407104479333,47.618695988317334],[-3.423463999412111,47.618503202472155],[-3.423358137848306,47.618400666677346],[-3.423448854675322,47.61837760421313],[-3.423515992221704,47.61849130549832],[-3.423674134119062,47.618473557041696],[-3.42367983012052,47.618410026487716],[-3.423575844709486,47.61843382055903],[-3.423499765593294,47.61835673594109],[-3.423640311309977,47.61830383372901],[-3.423788429480173,47.61831373045965],[-3.423801411347974,47.618421386076626],[-3.423950611723933,47.61844025390202],[-3.423905110116188,47.61850597886912],[-3.424010177381827,47.61849115580439],[-3.424047247097381,47.61868779288672],[-3.424142291661433,47.6187006150777],[-3.424166155340766,47.618455464083546],[-3.424271222434517,47.618440640783554],[-3.423742419663386,47.618153709916044],[-3.423823399504065,47.618049905429],[-3.424025672977648,47.61806584732768],[-3.424049250686388,47.61792908337482],[-3.424070092200756,47.6179911509982],[-3.424089056175625,47.61792688892414],[-3.424252605660319,47.61795399618241],[-3.424323847099718,47.61776944963966],[-3.424228804149732,47.61775662759031],[-3.42425511657725,47.61742103194215],[-3.424385636433327,47.61739577421724],[-3.42445904048899,47.61722917014167],[-3.424562737983537,47.6173137624019],[-3.424563023160162,47.61720537526928],[-3.424727937472776,47.61713306603475],[-3.424551121975977,47.617106690970154],[-3.424742572530104,47.61703291863096],[-3.424746103198869,47.61695144537988],[-3.42465675627888,47.61687509301725],[-3.424502947088449,47.61692872802528],[-3.424443382703896,47.61687782633351],[-3.424572819220641,47.61684359708998],[-3.424449077619763,47.61681429569009],[-3.424693600037408,47.6167375972994],[-3.424642976141354,47.61665007894555],[-3.424846611118332,47.616566603566866],[-3.424926219996386,47.616562214105286],[-3.424945695620229,47.616723697483124],[-3.425131450176208,47.61671345516494],[-3.425158270500538,47.616603604785055],[-3.425269825879199,47.61664260835344],[-3.425300175673421,47.61645128464911],[-3.425385993145426,47.61660910982422],[-3.425260602096235,47.61678761231944],[-3.425448520950076,47.616795312087454],[-3.425499146304296,47.61688283008559],[-3.42540382118302,47.61697839614022],[-3.425580636676165,47.617004769915546],[-3.42534124099411,47.61723471375652],[-3.425602561709696,47.61707580858562],[-3.425729268107102,47.61724040976662],[-3.425847600673201,47.617224853366025],[-3.425746065566201,47.61715820482076],[-3.425882277312068,47.617069414721136],[-3.425901756012614,47.61723089789759],[-3.425646928110659,47.61744363145731],[-3.426018724113852,47.61731475717213],[-3.425962921841661,47.617516515664434],[-3.426155172169666,47.61756009943288],[-3.426186838079581,47.61771187951739],[-3.426347941938218,47.61782942838779],[-3.426350344007969,47.61818150351269],[-3.426575346742285,47.61838583783185],[-3.426622489258861,47.618112308927294],[-3.426684502579973,47.618072764936926],[-3.426786040597771,47.61813941263506],[-3.426587335951151,47.61759948255321],[-3.426720300534197,47.61748377765756],[-3.426743309582115,47.61756378737406],[-3.426941252745523,47.61754383911558],[-3.42706010776814,47.617754026998824],[-3.427073936343182,47.61753652094002],[-3.427174391452579,47.61759419704425],[-3.42722205302097,47.61754641331971],[-3.427257248836495,47.61761671981678],[-3.427373416975212,47.61758321932732],[-3.427347647425623,47.61814456111296],[-3.427437524058061,47.61844665679486],[-3.427502505287346,47.61854241325047],[-3.42755369388951,47.61841315614032],[-3.427720494073056,47.61846717233381],[-3.427796300821402,47.618652641263814],[-3.427404457089983,47.618836812441444],[-3.427752690047364,47.61884469730353],[-3.427325647873011,47.61895856190175],[-3.427345411166118,47.61901165764208],[-3.427621889267178,47.61897834582031],[-3.427258744903579,47.619178995225845],[-3.426947069031563,47.61914199966205],[-3.426961941898097,47.61937598444199],[-3.426876636697648,47.619443905963465],[-3.427146622889642,47.619356767664904],[-3.427331024180341,47.61944593761647],[-3.427293662200414,47.61935768867875],[-3.427654084852484,47.61935587071832],[-3.427706356364606,47.61923558485682],[-3.42781250652529,47.619229729638086],[-3.428041293250638,47.61968672008323],[-3.427858776504411,47.61972388078699],[-3.427758841761011,47.619891950593384],[-3.427856054431933,47.61992271226919],[-3.427758563058204,47.62000033758449],[-3.427159014686042,47.620123716103414],[-3.427385670090774,47.62012024597117],[-3.427342336190691,47.62020391474026],[-3.426792613694702,47.620297450157715],[-3.426773652132064,47.62036171259267],[-3.427250255765226,47.62032639591813],[-3.427170361565982,47.620439173920786],[-3.42686272739027,47.62054645015787],[-3.426849177728693,47.62065556890959],[-3.427224520315747,47.62044521782897],[-3.427449012124379,47.6204238050541],[-3.42743546369226,47.62053292388069],[-3.427344465378136,47.620664376369305],[-3.427041440084259,47.62069915114894],[-3.427120774942335,47.620803147145445],[-3.42702680833433,47.62079929865259],[-3.427043604915231,47.62071709367006],[-3.426915242986321,47.620760296845624],[-3.42692281976132,47.620823095674844],[-3.427009209517637,47.62076414542832],[-3.427039797336851,47.6209069537723],[-3.427129434398477,47.62087491721895],[-3.427068220466247,47.62103181958023],[-3.426935528180748,47.62103913773618],[-3.42684132049542,47.62070115702016],[-3.42674843645292,47.62070627956556],[-3.426784716101464,47.62078555735408],[-3.42671187608047,47.62073538871026],[-3.42661381949559,47.62102978690636],[-3.426677720028952,47.62111657243142],[-3.426709951211911,47.621051578255276],[-3.426767357659815,47.621084536159415],[-3.426837191690342,47.62144192298291],[-3.42712695201413,47.621407880576875],[-3.427198431037652,47.621557464591994],[-3.427300255967192,47.6215157248245],[-3.427360910736724,47.621575596191725],[-3.427368208647241,47.621746781858796],[-3.427515254544641,47.621747702592536],[-3.427533133189152,47.621674468831365],[-3.427900314255802,47.62206060951899],[-3.427900592681568,47.621952222642165],[-3.428005665620212,47.6219373960091],[-3.428085004196763,47.62204139128451],[-3.427916831496114,47.62208679133953],[-3.428008635222735,47.622072696623206],[-3.428044917671286,47.62215197396465],[-3.428220668961126,47.622169372428345],[-3.428224194661531,47.622087899286775],[-3.428450581027012,47.622192813961625],[-3.428428122135257,47.62189603101501],[-3.428543216160047,47.62185355819303],[-3.428566783968473,47.62171679359405],[-3.42864856563204,47.621730344090125],[-3.428523199418148,47.62146633079297],[-3.428632878954651,47.62137900165493],[-3.428732260264374,47.621427705063006],[-3.428798883370087,47.62131565806952],[-3.428847076536895,47.621493618841754],[-3.428918030461135,47.6214174567466],[-3.429004142794437,47.621466891954746],[-3.429030957538092,47.62135704095322],[-3.429183140514347,47.62151120269242],[-3.429137366818958,47.62168531649518],[-3.429247852916763,47.62171534492547],[-3.429235686403311,47.62128252936228],[-3.429313136335515,47.62126019444553],[-3.429375958712152,47.62133800724738],[-3.429378399775403,47.62124756279978],[-3.429451243000995,47.621297729767335],[-3.429585293440279,47.621190993065234],[-3.429689006752851,47.62127558060164],[-3.429703633639255,47.621175432788995],[-3.429733938283209,47.621869146149386],[-3.429852020419546,47.62151945380013],[-3.430107386079468,47.62153245656787],[-3.430139613338052,47.621467461459176],[-3.429991759417947,47.621349185884334],[-3.429950594442471,47.621450798028036],[-3.429853377782111,47.6214200381198],[-3.429886962577918,47.62125562738832],[-3.429977407230544,47.62134094680834],[-3.43004402761465,47.6212288990996],[-3.430557195435116,47.621164458764774],[-3.43111964567294,47.62128694724771],[-3.430852905412666,47.6214010083109],[-3.430605394326726,47.62134241882522],[-3.430547712184641,47.621417849730825],[-3.430473784759328,47.621358712224506],[-3.430432620693975,47.62146032453762],[-3.430604038366549,47.621441834518244],[-3.430585080985431,47.621506097534194],[-3.430737541538326,47.62155187033065],[-3.430628948126604,47.62164817266041],[-3.430769495443287,47.62159526195824],[-3.431054649643841,47.62163371182904],[-3.431103122539829,47.62170328474308],[-3.430958242890376,47.62172031096582],[-3.431110704374978,47.62176608327013],[-3.431280228059633,47.62162126292216],[-3.431246107444953,47.62155992899967],[-3.431379883595286,47.6215615771647],[-3.431321119157398,47.62162803722768],[-3.431478996592602,47.621718665134985],[-3.43151907567933,47.62160808125168],[-3.431616022761599,47.62174722667346],[-3.431832665155087,47.6217713938929],[-3.431880326283244,47.62172360836969],[-3.431769838687675,47.621693582429856],[-3.4318551412572,47.62162565741279],[-3.432165751734147,47.62165366862236],[-3.432157894720466,47.62125673819254],[-3.432435464777219,47.621232386224484],[-3.432421657088963,47.62144989250547],[-3.432503439322017,47.62146344030412],[-3.432500458361792,47.62132813976219],[-3.432674856287308,47.621444947245436],[-3.432614464558702,47.62127669170856],[-3.432695969255771,47.62095610735548],[-3.432911525520476,47.620971301376635],[-3.432837059299971,47.62112893923955],[-3.432909637362194,47.62128749098454],[-3.432807548794352,47.62143762257031],[-3.432722516370177,47.62139716137052],[-3.432721164351153,47.6214965770853],[-3.432843569550197,47.62162528535933],[-3.432913434528659,47.62154014963924],[-3.433064813729755,47.62157694819476],[-3.432993865509617,47.62165311280282],[-3.43315201362092,47.62163535154101],[-3.433207538254886,47.62198449576832],[-3.433292839459971,47.62191656971135],[-3.433221075257319,47.62187537635371],[-3.433325063072207,47.62185157373654],[-3.433550374925033,47.62194750734224],[-3.433345902880963,47.6214711207535],[-3.433448806345742,47.62143834682249],[-3.433411981892416,47.62157584497033],[-3.433502432721055,47.62166116164644],[-3.433893743634537,47.62169374410475],[-3.433814394259403,47.62158975275695],[-3.434029953400883,47.621604944708935],[-3.433924331586882,47.62139403173375],[-3.434028584131383,47.62126184155501],[-3.433969005830324,47.62121094483516],[-3.434077326446958,47.62122302631618],[-3.434039952071618,47.621134779617456],[-3.434122817846823,47.62115729747795],[-3.434147741074306,47.62136363489955],[-3.434228439976621,47.62136821029926],[-3.434224657903898,47.6215580705715],[-3.434356001500964,47.62165015986188],[-3.434337291679175,47.621163517673295],[-3.43441717182198,47.62105073481025],[-3.434625432474048,47.621337259338176],[-3.434545287410377,47.62155842924731],[-3.434653344149149,47.6216788971055],[-3.434480843432545,47.62168842187874],[-3.434623289679123,47.62176183582344],[-3.434552343436757,47.62183800137097],[-3.434379023788216,47.6217301679027],[-3.434387162642714,47.62201871119819],[-3.434231181107605,47.622054416504504],[-3.434817465471692,47.62193173450688],[-3.434743268072788,47.621980986616094],[-3.434805015464974,47.62204982528575],[-3.434862692274434,47.62197439230211],[-3.435041696558173,47.62201869404925],[-3.434939612587951,47.62216882744224],[-3.434994593729818,47.62229222580272],[-3.435054702019964,47.62212634820963],[-3.435198234040489,47.62220873261595],[-3.435183324285598,47.621974749226254],[-3.435312766272834,47.62194050816885],[-3.435349586082069,47.62180300944747],[-3.435529936995037,47.62174789472295],[-3.435685654147727,47.62182057458474],[-3.435658294326188,47.62170468210139],[-3.435987858238769,47.62166841931313],[-3.435942630796176,47.62162576194692],[-3.436141931235838,47.621506382389065],[-3.436016004600615,47.62145915097035],[-3.436197437631967,47.62141300637948],[-3.436214220284657,47.621330800104495],[-3.436427349941844,47.621436432219326],[-3.436540268560251,47.621376009166056],[-3.43643684493046,47.62162555966949],[-3.436234292761913,47.62171802621153],[-3.436292789797071,47.621759950592654],[-3.436458786307553,47.62169659613245],[-3.436403280073691,47.62178997225266],[-3.436653489012144,47.62164971794817],[-3.436571705440667,47.62163617305686],[-3.436655917760242,47.62155927336332],[-3.436730936373318,47.62162737811669],[-3.437032052281778,47.62146624896093],[-3.437047794261805,47.62181759025029],[-3.43691726958738,47.62184286206906],[-3.436872084504538,47.62224272381669],[-3.436674127630751,47.62226268885912],[-3.436796804482203,47.622283006060485],[-3.436585056428723,47.62252047762826],[-3.436442344374635,47.62255545297386],[-3.436516280068749,47.6226145866657],[-3.436415544279791,47.62266530560889],[-3.436522784352483,47.62266841364824],[-3.436154789039116,47.62304997937245],[-3.435964416642557,47.623132741358624],[-3.435999627654547,47.623203045019046],[-3.436113634483094,47.62315159359933],[-3.436246069272878,47.623252651853505],[-3.436356823875911,47.62317428670635],[-3.436416406644668,47.62322518215677],[-3.436006691514733,47.62348261681863],[-3.435837996376073,47.62374480185518],[-3.43601618537698,47.623671744104186],[-3.436102307919481,47.62372117402136],[-3.435950658454482,47.62379276624237],[-3.436055732779447,47.62377793238123],[-3.436069824711744,47.623894557493564],[-3.436278889606075,47.623855918303406],[-3.4363736850765,47.62397711729544],[-3.436805084575329,47.623899104528086],[-3.437017921270183,47.62367060388403],[-3.437079673549884,47.62373944129131],[-3.437084269996303,47.62366693910236],[-3.437243506901823,47.62365814347256],[-3.43715144323584,47.623780632238535],[-3.437315276604897,47.62369933432084],[-3.437344290943604,47.624049942180186],[-3.437161506123362,47.624195504118326],[-3.4371845337131,47.62427551150141],[-3.437343513152759,47.62437510250735],[-3.437586967413163,47.62428940627032],[-3.437785757387487,47.624386797615976],[-3.43776086930652,47.624622979499904],[-3.437674743773386,47.62457355082862],[-3.437500891043883,47.62468249565739],[-3.437541526411168,47.624797654520854],[-3.437650939395644,47.62481870380946],[-3.437626309211134,47.62494649887979],[-3.437752245497629,47.62499372847761],[-3.437725446874261,47.62510358127549],[-3.437842709054138,47.6250790416424],[-3.438051261641228,47.62525717275257],[-3.437761228970989,47.625399628907296],[-3.437970866889491,47.62558673127028],[-3.438000144499517,47.62582895194237],[-3.43788479125526,47.6259798206779],[-3.438048372415596,47.62600690850373],[-3.438122056976634,47.62617442774498],[-3.438089836595711,47.626239424898706],[-3.437898629618468,47.62620483210629],[-3.437754048925166,47.62655599781997],[-3.43799725452499,47.626578687471614],[-3.4380877211591,47.62666400037704],[-3.438100164979837,47.626545909528545],[-3.438284609400831,47.626635061854955],[-3.43829653809821,47.62673374427022],[-3.438398364222727,47.62669199493847],[-3.438334437960564,47.626605216075845],[-3.438477159601883,47.62657023849116],[-3.438402131814466,47.626502135032496],[-3.438499619584129,47.62642450109245],[-3.438461149807692,47.62632728491629],[-3.438541856583446,47.62633185732394],[-3.438561319702828,47.62605081983656],[-3.438762799789352,47.62594937833715],[-3.438783089746715,47.62578569858057],[-3.439012449260697,47.625583374757916],[-3.439184706222234,47.625682230011556],[-3.439483413463065,47.62561153932488],[-3.440329197731657,47.6256460827528],[-3.440727555719707,47.62551569552613],[-3.440737823808574,47.625379662102844],[-3.441242339454714,47.62524340605759],[-3.441512080718871,47.62526462153929],[-3.44167749790562,47.62497551519799],[-3.441814537890047,47.62500406472321],[-3.441922032947244,47.6248987810571],[-3.441881388053201,47.6247836237238],[-3.441976697611881,47.62468804460411],[-3.441838573369842,47.62465052415944],[-3.441762709317944,47.62446506491833],[-3.441834733739801,47.62439786620034],[-3.44173533494802,47.62434917401639],[-3.441839323784784,47.62432536384893],[-3.441902168026472,47.62440316978948],[-3.441968767201973,47.62429111545623],[-3.441885558398858,47.62393447171628],[-3.441723066589623,47.62391636034513],[-3.44180944500657,47.623857399245686],[-3.4417509413407,47.623815477672906],[-3.441568169339337,47.62396104652458],[-3.441455752772415,47.62380470075582],[-3.441491473141295,47.623658229117055],[-3.441623085013779,47.623641923321735],[-3.441625004296215,47.62376825235798],[-3.441706792416045,47.62378179369592],[-3.441710297640534,47.62370032021591],[-3.441845164440262,47.623710927502714],[-3.441656051041167,47.62325176461778],[-3.441774808922178,47.62257689986491],[-3.441953571064739,47.622729577875724],[-3.441959830959944,47.62289179141451],[-3.442181072132482,47.62284343701258],[-3.44217856544858,47.62249136306239],[-3.442063730571497,47.62242546242421],[-3.442026591900031,47.622228831442726],[-3.442254589558342,47.62212591667347],[-3.442226379666702,47.62189266772127],[-3.442045449631172,47.62172204782914],[-3.44211288055879,47.6217273513039],[-3.442089011336535,47.621529986738814],[-3.441972258612096,47.6213377568],[-3.442069981413427,47.62115173272077],[-3.442020323863138,47.62063067420645],[-3.442191984260031,47.62050378018233],[-3.441820370989909,47.620081799618234],[-3.441912417565115,47.61995930693962],[-3.441763206599762,47.61994046207654],[-3.441743929243438,47.61967059473807],[-3.441664066644041,47.61978338269161],[-3.441495078594535,47.61971144418835],[-3.441455774278894,47.619496870487495],[-3.441586291069143,47.61947159356629],[-3.441564343783995,47.619400557985664],[-3.441687850348523,47.61953822825925],[-3.441572771774048,47.61958071408445],[-3.441694359471582,47.61959205503865],[-3.441882875397094,47.61982547355086],[-3.441959233019762,47.61979415910449],[-3.441841399678828,47.61959295773642],[-3.441912332538532,47.61951678767374],[-3.442010387819945,47.61966489574293],[-3.441930275861169,47.619886070908564],[-3.441994199922612,47.61997284810279],[-3.442106024214012,47.61990344849764],[-3.442336768478361,47.62004422086806],[-3.442239796547571,47.61990508422496],[-3.442442082543771,47.619920994210645],[-3.442538308937491,47.62038529171197],[-3.442524203800946,47.620268667170286],[-3.442699116941025,47.62016868573552],[-3.443081931164565,47.62101450664343],[-3.443005572454992,47.62104582180422],[-3.443050557387112,47.621196863406944],[-3.443319193762906,47.62120910364967],[-3.443407242508263,47.62138485740576],[-3.443431018921356,47.62113970281989],[-3.443489520974219,47.62118162360873],[-3.443492283010043,47.6214253108263],[-3.443292999310552,47.62154470293154],[-3.443480937505311,47.621552373664024],[-3.443469345131565,47.62178782341943],[-3.443336653218108,47.621795160206396],[-3.443240018816009,47.62199015638836],[-3.443422532600155,47.6219529716909],[-3.443423864702317,47.62185355587645],[-3.443512753336717,47.62214666750425],[-3.443610817888686,47.62229477402985],[-3.4436749939668,47.6222731633025],[-3.443702125137247,47.62249744076147],[-3.44357051672138,47.622513748909135],[-3.443546986999286,47.622650516477286],[-3.443666165190614,47.62275230003742],[-3.443575449666601,47.62277537815343],[-3.443540080807692,47.62325598214763],[-3.443694727997007,47.62331968017913],[-3.443645744295598,47.623466886223525],[-3.443802562800481,47.62354852629217],[-3.44390136857322,47.623371471984626],[-3.443871819530657,47.62323763933347],[-3.44373887779382,47.623353363412676],[-3.443816570778868,47.623222632060546],[-3.44396253571207,47.62321456099274],[-3.443969887082896,47.62338574547455],[-3.444053845869096,47.623417227353656],[-3.444311639920643,47.6233397543956],[-3.444409463966085,47.623596246987944],[-3.444567262399321,47.62324433869308],[-3.444584521854293,47.62294535758139],[-3.44448970957532,47.622824165189776],[-3.444576083169327,47.62276520201121],[-3.44449212510061,47.62273372049695],[-3.444595024155213,47.62270093676687],[-3.444640151779508,47.62230107212741],[-3.444745220753292,47.62228623043771],[-3.444968029901634,47.62203006801637],[-3.445030876001208,47.62210787236521],[-3.445045717950856,47.62189933575776],[-3.445165982809958,47.622010088914216],[-3.445060803368525,47.62158241219031],[-3.445228716654406,47.62164537437759],[-3.445166114180557,47.621459183173855],[-3.445302547688808,47.62126198366781],[-3.445498083874473,47.621332448773764],[-3.445615692379429,47.621642033212325],[-3.445547060509807,47.62118524179116],[-3.445624503475075,47.62116289605703],[-3.445660811463728,47.621242167961114],[-3.445739824438263,47.62101201930505],[-3.445663467291351,47.62104333620359],[-3.44564609851557,47.620899798818016],[-3.445743565520345,47.62082215860871],[-3.4458644310856,47.62115865613276],[-3.445926675514104,47.62101071501845],[-3.446038214112959,47.621082751849215],[-3.446068291606138,47.62096675697371],[-3.446179871374756,47.62100574047938],[-3.446376978432742,47.621861825993385],[-3.446410753461392,47.62158902361309],[-3.44647951105746,47.62149490870034],[-3.44655237068891,47.62154506499443],[-3.446649232544101,47.621241679069406],[-3.446765156276979,47.621316546313714],[-3.446823901144597,47.621250078470716],[-3.446864554009725,47.621365234292945],[-3.446922213039042,47.62128979532827],[-3.446865159931261,47.621590979262635],[-3.446936694503447,47.621740551178924],[-3.44684791368676,47.6218899609192],[-3.447071317888025,47.62185953937201],[-3.447041761735549,47.62172570741899],[-3.44716769875306,47.62177292694275],[-3.447197972985109,47.62158159805802],[-3.44736504184488,47.621527199161456],[-3.447650578547621,47.621899740386105],[-3.447505095011845,47.621691042204894],[-3.447482291737289,47.62150264980579],[-3.447571917528637,47.621470597573804],[-3.447911380089306,47.62195755954081],[-3.447818019911297,47.62217947267433],[-3.447986073703635,47.62268494951933],[-3.447978709550909,47.62251376522889],[-3.448107296047377,47.62236215204489],[-3.448041424771267,47.62214904927603],[-3.448144083193222,47.622224649321545],[-3.448229365775521,47.62215671236518],[-3.448240225846077,47.62224642293467],[-3.448420564946278,47.62219128831792],[-3.448735059511984,47.6224719134775],[-3.448753523207313,47.62262442133793],[-3.448847730490203,47.62251986545506],[-3.449075625213586,47.62296784285895],[-3.449143058412949,47.62297314227141],[-3.449107214824085,47.62267709776017],[-3.449210346098689,47.62253592307201],[-3.449344125245887,47.622537550659715],[-3.449366935532864,47.62272594259513],[-3.449376094863605,47.62258093717349],[-3.44948791502125,47.6225115305935],[-3.449731725236503,47.6227599406794],[-3.449589489946121,47.62257815831091],[-3.449658243212125,47.6224840415747],[-3.449541226656024,47.62240020620302],[-3.449600203630248,47.622225350091426],[-3.449901902835559,47.622289932680566],[-3.449862713763897,47.62251788077088],[-3.450034980924386,47.622616720177696],[-3.450032574795187,47.62270716499035],[-3.449923394973617,47.62257774038738],[-3.450078667339031,47.62286717479377],[-3.450152851819854,47.62281791296558],[-3.450073935924034,47.62249715894226],[-3.45016682084021,47.62249201785104],[-3.450266922917431,47.62221554219041],[-3.450448036685564,47.62282866790755],[-3.450557450722067,47.62284970512696],[-3.450462857674452,47.62262013068939],[-3.450514692135722,47.622165703066194],[-3.450723665781207,47.62267794354283],[-3.450674312197171,47.62249102087986],[-3.450766342610228,47.62236852137539],[-3.450926196491616,47.62258545191937],[-3.450987110526716,47.62253692408654],[-3.451020167962163,47.62258928117987],[-3.451070217011853,47.6224510430064],[-3.451168534276973,47.622490756265016],[-3.451201822981493,47.622434726407434],[-3.451241399672896,47.622540909608176],[-3.451451534834863,47.62251121426089],[-3.45149443783598,47.62209340488061],[-3.451662360316348,47.62215635780153],[-3.451828569661787,47.62198459458382],[-3.451937752889092,47.62211401744525],[-3.45198562585164,47.62195783679859],[-3.452068500471746,47.62198034191629],[-3.452116542545669,47.62226667993612],[-3.452170935121948,47.62216432535241],[-3.452266850352562,47.62229448256813],[-3.452209885007786,47.62204476337684],[-3.452351269885052,47.62210918466412],[-3.452234707962452,47.6218085781051],[-3.452415270110658,47.6216450503611],[-3.452625172867445,47.62172373983739],[-3.45263689877271,47.621930807973435],[-3.45272000166025,47.621844925692685],[-3.452803735318215,47.62198478824159],[-3.452776338252037,47.62186889978077],[-3.45285377918273,47.62184654926097],[-3.453064315519796,47.62215098281294],[-3.452969712929923,47.62192141032339],[-3.453127855184967,47.621903622015594],[-3.453232694022566,47.62199715962259],[-3.453211817040227,47.621935097335324],[-3.453292518437917,47.62193965956108],[-3.453420182009847,47.622221588210905],[-3.453402385072109,47.62174392024427],[-3.453507450512705,47.621729070667875],[-3.453773466314634,47.621940118724766],[-3.453698651569869,47.621763637987605],[-3.454088212796301,47.62211234258165],[-3.454326832198229,47.62220750119727],[-3.454374473579007,47.622159706507276],[-3.454382082853541,47.62222250350619],[-3.454630935343255,47.62218162664984],[-3.454882825176324,47.622276049171255],[-3.455197995381968,47.62278240170372],[-3.455351790587031,47.62272872643382],[-3.455614779036564,47.62280447033793],[-3.45580729437284,47.62273961827944],[-3.455678529692479,47.62244872132749],[-3.455858640128769,47.6225019621436],[-3.455865607203008,47.62233901422612],[-3.455967189759083,47.62240563640267],[-3.456051375351123,47.62232872275696],[-3.455853647011272,47.622240333384504],[-3.455902595924083,47.622093122129215],[-3.455966766783186,47.62207150464585],[-3.45595545083209,47.62219856865165],[-3.456050730576227,47.622102977921976],[-3.455988955729009,47.62203415048899],[-3.456197556964632,47.62221224947244],[-3.45625737842757,47.622154747898655],[-3.455953940633957,47.62185546587258],[-3.456127746494652,47.62174649342179],[-3.456270868358605,47.622045625826644],[-3.456205848714539,47.621398979792076],[-3.456340712578307,47.62140957035319],[-3.456355289504009,47.62130941921532],[-3.45627154760092,47.621169559164294],[-3.456420767120325,47.62118838547925],[-3.456552794975616,47.62150619474964],[-3.45664893976359,47.62152796144882],[-3.4566458976057,47.62139266153397],[-3.456790768165745,47.621375603444314],[-3.456600006805956,47.62112426721747],[-3.456695283478641,47.621028675909265],[-3.456621107521377,47.621077941938076],[-3.456601314348281,47.6210248512118],[-3.456775116183368,47.62091587775119],[-3.456720086117073,47.62079248956139],[-3.456912153818171,47.62094440962166],[-3.456883660935099,47.62081955108003],[-3.456998729993142,47.62077705019594],[-3.456840592365209,47.62079484375528],[-3.456755762590452,47.62064601303048],[-3.456812319450337,47.62056159817073],[-3.456988074868023,47.6205789533585],[-3.456908682167994,47.62047497764594],[-3.457052243467547,47.62055733526195],[-3.456998300574037,47.62044291816357],[-3.457219517973158,47.62039453521506],[-3.45719646203299,47.62031453162508],[-3.45737112925791,47.62032291525641],[-3.457549928452808,47.62047556956982],[-3.457649116432912,47.620632635410615],[-3.457581249026454,47.62084411492413],[-3.457677611006448,47.62075749377748],[-3.457863155714124,47.62085558642541],[-3.457763096903295,47.620581162792554],[-3.457894478693819,47.620673225654095],[-3.457939940299747,47.62060748752338],[-3.458078935874929,47.62076234698977],[-3.458184215018842,47.62063910618485],[-3.458123526750539,47.62057925080102],[-3.458208577118768,47.6206196935222],[-3.458255125949685,47.6205629262387],[-3.458253821498389,47.620662342286415],[-3.458395426514495,47.62061836928707],[-3.458268177866306,47.62067057788996],[-3.458292323233881,47.62075955222379],[-3.458450460273387,47.62074175669845],[-3.458314293335366,47.62083058460972],[-3.458265785773151,47.620761022962135],[-3.458175079945506,47.62078411244092],[-3.458233376348661,47.62093441285511],[-3.458516371362488,47.62095485374879],[-3.458572925765651,47.620870438049856],[-3.45853181556174,47.62097206028565],[-3.45863992523525,47.62109250598225],[-3.45873280688205,47.621087358074966],[-3.45904734914862,47.62136795562327],[-3.459215493097865,47.62132251073004],[-3.459307072580982,47.621416778386624],[-3.459321643943788,47.62131662687897],[-3.45950740786785,47.62130632990742],[-3.45948543598309,47.621235297763285],[-3.45961377268536,47.621192058804986],[-3.459545466984026,47.62106940748397],[-3.459758855493503,47.62106661003897],[-3.459916118428232,47.62093145457613],[-3.459788209958272,47.6207579198575],[-3.459953087517826,47.62068556101908],[-3.459960489814403,47.62085674471321],[-3.460064463717245,47.62083291827742],[-3.460087075427093,47.620578789282426],[-3.460228678711539,47.62053481405846],[-3.460288281289718,47.62058569739754],[-3.460278489307803,47.620504958825585],[-3.460359189147202,47.6205095161718],[-3.460259993422772,47.62035245262279],[-3.460431821937877,47.62011714472785],[-3.460531017730609,47.62027420814988],[-3.46066696766795,47.62029376467275],[-3.460664579655583,47.62038420981148],[-3.460718953925103,47.62028185114855],[-3.460912330665721,47.62033434858315],[-3.461025430401505,47.62016551478017],[-3.46117075176007,47.620482583314434],[-3.461294522004743,47.620511845746215],[-3.461384137838773,47.620479782899054],[-3.461198587967934,47.62038169582603],[-3.461299506508013,47.620222568407584],[-3.461732596229969,47.62037917939891],[-3.461688857179593,47.62012872882471],[-3.461971640001034,47.62025754840223],[-3.461949665269223,47.62018651668348],[-3.462053636978966,47.62016268846864],[-3.461937694313942,47.620087836356156],[-3.462005125151409,47.620093128350376],[-3.461978797353855,47.61998621287552],[-3.462061673125254,47.62000871092483],[-3.462020988513791,47.61989356031436],[-3.462093651563495,47.62005209401327],[-3.462364254765898,47.620190619384566],[-3.462424275646733,47.62002472753675],[-3.462513681841305,47.620101050872655],[-3.462496268068825,47.619957515926856],[-3.462749249720085,47.62006089252418],[-3.462676584711605,47.61990235923389],[-3.462838656439809,47.6201372156099],[-3.462902822139124,47.620115594293985],[-3.462798177620349,47.619913678214836],[-3.462994820397298,47.619993085006],[-3.462971341548327,47.62012985666024],[-3.463101642744287,47.620212942756275],[-3.463079666527363,47.62014191124854],[-3.463201260067164,47.6201532298084],[-3.463276723753709,47.62000454344518],[-3.463459892863615,47.62019307244023],[-3.463509759257913,47.6207141219366],[-3.463615908420705,47.620708234180704],[-3.463709671777985,47.62082044025501],[-3.463713143229077,47.62073896599392],[-3.463891284039861,47.62066586560788],[-3.464045742967437,47.62083792379524],[-3.464048125271868,47.620747478608486],[-3.464232797637994,47.62072820320149],[-3.464260628187392,47.62062731499608],[-3.464324589430752,47.62071407993143],[-3.464203878320844,47.620820120480445],[-3.464413795207812,47.62089878880253],[-3.464310027617838,47.62081423209402],[-3.464372016154807,47.620774668150794],[-3.464504498531775,47.62087569447989],[-3.464456458961068,47.62114026734633],[-3.464698358758886,47.62126231754974],[-3.46472401119342,47.621143487444535],[-3.464927397365376,47.62116832938184],[-3.465053145892226,47.621323916626466],[-3.465102068596928,47.621176701447375],[-3.465202571628339,47.62123434472638],[-3.465121870279956,47.621229790728535],[-3.465244352972097,47.621358465051706],[-3.465203255091902,47.621460089610004],[-3.465310291941249,47.621571558199655],[-3.465412087087865,47.6215297852099],[-3.465532191341034,47.62174890438364],[-3.465471291427748,47.6217974398212],[-3.465390791514196,47.62168449904145],[-3.465317509081301,47.62185112844156],[-3.465139366268375,47.621924230958534],[-3.465081326422044,47.622216452785835],[-3.464989532246261,47.622230576639765],[-3.464966463868997,47.62215057465947],[-3.464906651791763,47.62220808069376],[-3.464971704800508,47.622303816105585],[-3.464823771407116,47.62218558468866],[-3.464720885771708,47.62221838624825],[-3.464760381079486,47.62213164685301],[-3.464849220596586,47.62217514155894]],[[-3.416189356562204,47.63240507334952],[-3.416271453554096,47.63231024616812],[-3.416137650932746,47.63230858070696],[-3.416189356562204,47.63240507334952]],[[-3.416488533883371,47.633779347931636],[-3.416492078259453,47.63369787563257],[-3.41641784759535,47.63374711580008],[-3.416488533883371,47.633779347931636]],[[-3.416288907280114,47.63001545987503],[-3.416225012985054,47.62992866906415],[-3.41617841129358,47.629985419314394],[-3.416288907280114,47.63001545987503]],[[-3.416426901195782,47.63049552729105],[-3.416560221424228,47.630271448347045],[-3.416499568888551,47.630211571639215],[-3.416426901195782,47.63049552729105]],[[-3.4180099389679,47.62545043866161],[-3.418102049432713,47.625327965092296],[-3.417821990719341,47.625442726958184],[-3.4180099389679,47.62545043866161]],[[-3.41796282959279,47.62328562740546],[-3.418018369635226,47.623192260123375],[-3.417911129590506,47.623189135094464],[-3.41796282959279,47.62328562740546]],[[-3.420324480384068,47.62370642849657],[-3.420224315193524,47.6235403599117],[-3.420182048614952,47.62363299718701],[-3.420324480384068,47.62370642849657]],[[-3.42078805045982,47.618686802769346],[-3.420713642314507,47.61840191356689],[-3.420684356279362,47.618602207217016],[-3.42078805045982,47.618686802769346]],[[-3.423937023266497,47.62065358192508],[-3.424058895876116,47.62055655428796],[-3.423947046759377,47.62062593658817],[-3.423915098979877,47.62058254307259],[-3.423937023266497,47.62065358192508]],[[-3.426739665324557,47.64244415057064],[-3.426853722186638,47.642392708701614],[-3.426719893956029,47.64239105537004],[-3.426739665324557,47.64244415057064]],[[-3.42427669310927,47.61804297766427],[-3.424266956053741,47.61796223597619],[-3.424172994651597,47.61795838518163],[-3.42427669310927,47.61804297766427]],[[-3.4302988076312,47.644252749193825],[-3.430398506529188,47.64419306497195],[-3.430291223556571,47.644189951344025],[-3.4302988076312,47.644252749193825]],[[-3.428029362763656,47.623904837502764],[-3.42810709502108,47.62377411664019],[-3.427948938895515,47.623791871051196],[-3.428029362763656,47.623904837502764]],[[-3.432359667028244,47.64372364252958],[-3.432477241834817,47.64359072284444],[-3.432347745511787,47.64362496037608],[-3.432359667028244,47.64372364252958]],[[-3.4303261488475,47.623344643646526],[-3.430318567711073,47.62328184511947],[-3.430169351553369,47.62326298547637],[-3.430193451259901,47.623351965495246],[-3.4303261488475,47.623344643646526]],[[-3.430313197095284,47.62146691432352],[-3.430336760198653,47.62133014934023],[-3.430176172342805,47.62143835125241],[-3.430313197095284,47.62146691432352]],[[-3.430531693491143,47.62338748788683],[-3.430534132690032,47.62329704351029],[-3.430445576645216,47.62333805385376],[-3.430531693491143,47.62338748788683]],[[-3.430812818125566,47.621954110794],[-3.43061107373773,47.621721406896405],[-3.430624615980589,47.621612287768066],[-3.430484341653489,47.62155681139047],[-3.430441011443766,47.62164048124755],[-3.430489756713429,47.621601667513545],[-3.430673625754546,47.62190760587358],[-3.430812818125566,47.621954110794]],[[-3.431318130035109,47.62326281134746],[-3.431318673019521,47.6230460377055],[-3.431210077616709,47.623142340501666],[-3.431318130035109,47.62326281134746]],[[-3.431620896216429,47.62333641233195],[-3.43163876976073,47.62326317800215],[-3.431527195894268,47.623224180650176],[-3.431511488647967,47.623315357378715],[-3.431601127069873,47.62328331743306],[-3.431620896216429,47.62333641233195]],[[-3.435232290917687,47.64548870095274],[-3.435265610701537,47.64543267630482],[-3.435172684419103,47.64543780548445],[-3.435232290917687,47.64548870095274]],[[-3.432681390606799,47.62326884914896],[-3.432855248567781,47.623159911414874],[-3.432719301528311,47.62314032254776],[-3.432738256920612,47.623076059239374],[-3.432677325683148,47.62312457753986],[-3.43265538875103,47.623053540418695],[-3.432567918132178,47.623103523573945],[-3.43254381458008,47.623014544033694],[-3.432568732571548,47.623220881595394],[-3.432681390606799,47.62326884914896]],[[-3.432822755155564,47.6233332940339],[-3.432773195108056,47.62325475069615],[-3.432658101427918,47.62329722765591],[-3.432822755155564,47.6233332940339]],[[-3.434020220555287,47.62196672279577],[-3.434051359694715,47.62189275543186],[-3.433969576411175,47.62187920872012],[-3.434020220555287,47.62196672279577]],[[-3.434120425707657,47.62213277968104],[-3.434203558695357,47.62204691058664],[-3.434087385129975,47.62208041779337],[-3.434120425707657,47.62213277968104]],[[-3.437537571865394,47.64543368250312],[-3.43764728591138,47.64534634598257],[-3.437545682558965,47.64527970866469],[-3.43745032828474,47.645375283149924],[-3.437537571865394,47.64543368250312]],[[-3.437734996379408,47.64474546050179],[-3.437647753707894,47.6446870612751],[-3.437642071531124,47.644750591647124],[-3.437734996379408,47.64474546050179]],[[-3.435708974682007,47.622234714204936],[-3.435683782390057,47.62213676409947],[-3.435623938789235,47.62219425513413],[-3.435708974682007,47.622234714204936]],[[-3.436415140385662,47.62420963452767],[-3.43642325109205,47.624055659076134],[-3.436201999680732,47.62410400254105],[-3.436209587855038,47.6241668006595],[-3.436367742343139,47.62414903506629],[-3.436415140385662,47.62420963452767]],[[-3.436451255221712,47.62528233215517],[-3.436496747157844,47.62521660252942],[-3.436389501967555,47.62521349447024],[-3.436451255221712,47.62528233215517]],[[-3.436121111339379,47.6218868358639],[-3.436188803483927,47.62178375585325],[-3.436108103785471,47.62177918180904],[-3.436121111339379,47.6218868358639]],[[-3.436227265848226,47.62188097300489],[-3.436407616118454,47.62182585692728],[-3.436348034919848,47.621774961435776],[-3.436227265848226,47.62188097300489]],[[-3.437679847808183,47.626605251677596],[-3.437686612331107,47.6265506918418],[-3.437594803459312,47.6265647941327],[-3.437679847808183,47.626605251677596]],[[-3.437643399079552,47.6251984238833],[-3.437681299424432,47.62506989579926],[-3.437542918350156,47.62514075700984],[-3.437643399079552,47.6251984238833]],[[-3.440227176761851,47.64468909750292],[-3.440205220914268,47.64461806259234],[-3.440394578239679,47.6445263235874],[-3.44010795613693,47.6445873115884],[-3.440227176761851,47.64468909750292]],[[-3.440210321993113,47.64432878976748],[-3.440296735123273,47.644269830409314],[-3.440236040045548,47.64420996646313],[-3.440210321993113,47.64432878976748]],[[-3.440530256084402,47.6442117753225],[-3.440693061847664,47.64412150249914],[-3.44062585545743,47.64400781259598],[-3.440530256084402,47.6442117753225]],[[-3.44277630426986,47.62412003926129],[-3.442990201445902,47.62390049886064],[-3.442959475529555,47.62331517651442],[-3.442706765157311,47.62310337037976],[-3.442732310938556,47.623535450527456],[-3.442683572804937,47.623574269332046],[-3.442655111797729,47.62344940748981],[-3.442627826974265,47.62377603513476],[-3.44277630426986,47.62412003926129]],[[-3.443149590259965,47.62334078997466],[-3.443192064134929,47.62313975753275],[-3.443095921932393,47.623117979774115],[-3.443088573400944,47.62294679521378],[-3.443221268211001,47.622939458713],[-3.443275582195921,47.62239458969671],[-3.443224922473885,47.6223070796542],[-3.443194880967211,47.622390020550625],[-3.443134207515679,47.62233015743277],[-3.442991500261562,47.62236514078409],[-3.44312735399304,47.62194219898818],[-3.442867890844064,47.621784953338775],[-3.442850870222881,47.62197554746567],[-3.442773673146708,47.62188950443744],[-3.442720347909701,47.622000825767614],[-3.442757488977835,47.6221974565515],[-3.442690057392388,47.62219215345021],[-3.442803899865837,47.62269160101796],[-3.442633070448474,47.62293585376645],[-3.442775283003463,47.623117644572446],[-3.443149590259965,47.62334078997466]],[[-3.443396578134523,47.6246095498073],[-3.443377537848621,47.62423129660086],[-3.443285981668565,47.62413701659187],[-3.443279566753314,47.62452570825395],[-3.443396578134523,47.6246095498073]],[[-3.443333397692693,47.621768246893105],[-3.443242093091093,47.621565579797306],[-3.443148123980876,47.621561744276725],[-3.443126421268626,47.62138232212294],[-3.442901342561114,47.62117802000991],[-3.443041133429732,47.621450255380026],[-3.442989979414558,47.62157951907466],[-3.443333397692693,47.621768246893105]],[[-3.443394310330386,47.6241490894135],[-3.443415670636097,47.623994379794574],[-3.443304924694275,47.624072751602064],[-3.443394310330386,47.6241490894135]],[[-3.446983877180703,47.622902957560925],[-3.447058064567,47.622853697699355],[-3.446880133305253,47.622818385455304],[-3.446983877180703,47.622902957560925]],[[-3.447068076499208,47.62282605041052],[-3.447100762782654,47.62254427689958],[-3.447004380416419,47.622630889239275],[-3.447032851159805,47.62275575007401],[-3.446942137085431,47.622778830804876],[-3.447068076499208,47.62282605041052]],[[-3.455906924569216,47.62267991163106],[-3.455924986107164,47.62249828665709],[-3.455836450897319,47.622539316266725],[-3.455906924569216,47.62267991163106]],[[-3.456800738449439,47.621066823740925],[-3.456711814520329,47.621054853669655],[-3.456801214273017,47.62113118133808],[-3.456800738449439,47.621066823740925]],[[-3.457296079954351,47.62080572980539],[-3.457178186581991,47.620604544019464],[-3.457000256123946,47.6205692471523],[-3.456954793393494,47.62063498491852],[-3.457296079954351,47.62080572980539]],[[-3.458111999166508,47.62081470212335],[-3.45817181700141,47.62075719952775],[-3.458053486034665,47.62077278865181],[-3.458111999166508,47.62081470212335]],[[-3.459729714490109,47.62126691318209],[-3.459705566497479,47.62117793916861],[-3.459627041504469,47.62119132328358],[-3.459729714490109,47.62126691318209]],[[-3.460785749929299,47.62061230494325],[-3.460810322674826,47.620484504710134],[-3.460711790129543,47.62055318655686],[-3.460785749929299,47.62061230494325]],[[-3.460823591301592,47.62048376905253],[-3.460908854966584,47.62041582277783],[-3.460849251986587,47.62036493975104],[-3.460823591301592,47.62048376905253]],[[-3.462513473697182,47.62020943792458],[-3.462422978972278,47.62012414365835],[-3.462433862479922,47.62021385300017],[-3.462513473697182,47.62020943792458]],[[-3.463357685876871,47.62045161784309],[-3.463346800768396,47.62036190859829],[-3.463238475282655,47.620349854259125],[-3.463357685876871,47.62045161784309]]]},"properties":{}}]}