{"type":"FeatureCollection","features":[{"type":"Feature","geometry":{"type":"MultiPolygon","coordinates":[[[[-3.493870071592303,47.65356264785677],[-3.493662171336295,47.65350197478947],[-3.493661222052474,47.65338461907197],[-3.49357594741782,47.65345258809075],[-3.493562816242757,47.653344942224564],[-3.493372570435006,47.65331941122603],[-3.493193558697431,47.65316681436714],[-3.493335075512991,47.65323118499458],[-3.49343581487815,47.65318041777616],[-3.493431292466031,47.65325292105456],[-3.493530937526586,47.65319318326363],[-3.493715421757865,47.653390632041884],[-3.493809450542943,47.653394426813755],[-3.49381630574501,47.65323147926096],[-3.494050757775214,47.65329067322431],[-3.494071694528826,47.6533527271947],[-3.493900196380802,47.653371310052556],[-3.493958629024173,47.653521590081404],[-3.493870071592303,47.65356264785677]]],[[[-3.493193558697431,47.65316681436714],[-3.493133888345793,47.65311594868386],[-3.493086254049591,47.653163758411175],[-3.492834150810801,47.65306941980401],[-3.492863839186422,47.653203237972185],[-3.492680158881722,47.6532315288226],[-3.492377286519531,47.65304970203126],[-3.492375246015734,47.65292337577333],[-3.491990234381066,47.65294481282275],[-3.491921813607154,47.65282218246499],[-3.492353365008035,47.65274396571763],[-3.492314482673713,47.65286353916265],[-3.492450527290171,47.65288305835674],[-3.492549878249817,47.65304009190523],[-3.492777910073322,47.65293708017436],[-3.493008930849388,47.653077749994665],[-3.49313636884476,47.65291711916672],[-3.493193558697431,47.65316681436714]]]]},"properties":{}},{"type":"Feature","geometry":{"type":"Polygon","coordinates":[[[-3.491629139760988,47.6532719850347],[-3.491571807875538,47.6531306743304],[-3.491756582374434,47.653111355727745],[-3.491763294957448,47.65305679352364],[-3.491852798468281,47.65313309308869],[-3.492006792627098,47.652970985151974],[-3.491891682033754,47.65301351981414],[-3.491803272626085,47.65294619078161],[-3.491770007526731,47.653002231317565],[-3.491599752814234,47.65292139605651],[-3.491545255233513,47.65313215260564],[-3.490933600782669,47.65304879551013],[-3.490845192525602,47.65298146575405],[-3.490638240598451,47.65303814305762],[-3.490609349260689,47.653130065330956],[-3.490465648530196,47.65304775036042],[-3.490580760334247,47.65300521710366],[-3.490456898657602,47.652975986202335],[-3.490105000531503,47.653049762129],[-3.488858582476735,47.652803033662956],[-3.488579780585043,47.652818548781546],[-3.48857743843434,47.65290899296148],[-3.488691458010739,47.65285749102453],[-3.48875221728253,47.6529173295191],[-3.4890995881357,47.65291606078425],[-3.489200022817224,47.653082067709924],[-3.489267651976951,47.65297895862582],[-3.489441337600093,47.652978323621454],[-3.489367147467594,47.65302760962746],[-3.489561764652632,47.65308902926204],[-3.489662507339686,47.653038265292565],[-3.490081728902309,47.65307815164026],[-3.489927881166903,47.653131871791565],[-3.490035185569623,47.653134930647596],[-3.489974272124034,47.653183478069714],[-3.490059398602555,47.653223896910184],[-3.490341483335989,47.653235289824664],[-3.490287436020041,47.65312089004883],[-3.490420199361671,47.65311350004129],[-3.490753050434596,47.65321238012123],[-3.490986555585595,47.65315422447729],[-3.491011864045082,47.65325216105535],[-3.49108495912762,47.65319390349796],[-3.491196639167462,47.65323284333926],[-3.491164467110178,47.65329785420598],[-3.491629139760988,47.6532719850347]],[[-3.490243080270564,47.65319561017883],[-3.490118124657374,47.65315740840025],[-3.490122651563756,47.653084905246494],[-3.490231049580109,47.653096934445315],[-3.490243080270564,47.65319561017883]]]},"properties":{}},{"type":"Feature","geometry":{"type":"Polygon","coordinates":[[[-3.507218264096611,47.652755255523964],[-3.50733469291511,47.65250490553897],[-3.507104733371793,47.6523732343653],[-3.507086092597608,47.65222073812228],[-3.506835065533481,47.652135400041445],[-3.506862831905448,47.652034503340275],[-3.506680259491574,47.65207178658253],[-3.506761129408717,47.6519679264663],[-3.506842977259617,47.65198142199061],[-3.506489272345454,47.65171215054794],[-3.506498043574855,47.651783913551604],[-3.506336541449811,47.65177486271332],[-3.50629902617673,47.651686640571164],[-3.50612863398613,47.65171421176761],[-3.506010368303628,47.65162146388313],[-3.506003670470837,47.651676026945644],[-3.505442678548547,47.651788612524896],[-3.505432570351262,47.651924649727384],[-3.505330869848658,47.651858071604856],[-3.504907017629221,47.65199912903604],[-3.504771093136533,47.65187123900568],[-3.504646007545964,47.6519414380657],[-3.504466845147868,47.651897243699764],[-3.504476709756588,47.65197797724157],[-3.504316426778141,47.65186950867744],[-3.50417246101578,47.65200398116777],[-3.503795256857359,47.651979864567856],[-3.503942263218054,47.65208907438613],[-3.504244320492353,47.65204513027019],[-3.504456611377634,47.652141666129054],[-3.504768656044119,47.65207006887637],[-3.504806169056299,47.6521582914921],[-3.505036243887927,47.6521815818924],[-3.504934543390135,47.65211500343393],[-3.505058532839497,47.65203583368389],[-3.505142572729317,47.65206727117356],[-3.505278741400971,47.65197839011898],[-3.505406993785101,47.65204348686314],[-3.505577508187408,47.65190753139637],[-3.505517827438559,47.651856672003404],[-3.506094288364984,47.65176128603732],[-3.50607760381352,47.65184350102556],[-3.506209265429179,47.65182712269709],[-3.506261152835146,47.65192357443095],[-3.506127178634951,47.652030397388025],[-3.506287585122962,47.65203047813839],[-3.506263345572267,47.651941515184475],[-3.506413765157008,47.65196924769974],[-3.506342881259288,47.65204545563212],[-3.506517660050056,47.65205376562367],[-3.506485507372674,47.65211878074706],[-3.506613761566621,47.652183876162034],[-3.506675755171452,47.65214429041449],[-3.506640194689902,47.652290779775186],[-3.506690986875815,47.65237826092369],[-3.506809373704801,47.65236262277995],[-3.50689317891022,47.65261082960108],[-3.507096704640758,47.652635597696026],[-3.507218264096611,47.652755255523964]],[[-3.507234947175497,47.65267304041208],[-3.506923138402795,47.65252787364682],[-3.506964298715483,47.65231785075271],[-3.507240664737082,47.65250112164773],[-3.507234947175497,47.65267304041208]],[[-3.506899015670017,47.65233052554321],[-3.506821671411935,47.652244526229765],[-3.506712056455944,47.65233192735396],[-3.506692320372594,47.65217046067344],[-3.507003147819318,47.65219827240141],[-3.506899015670017,47.65233052554321]]]},"properties":{}},{"type":"Feature","geometry":{"type":"Polygon","coordinates":[[[-3.486322806921699,47.65294412286956],[-3.486436828749519,47.65289262313333],[-3.486222221343885,47.65288649871396],[-3.485913908133719,47.652659802334526],[-3.485763336222636,47.65274042870592],[-3.485660565792759,47.65266486293015],[-3.485735851776209,47.652624549833746],[-3.485338818113246,47.65254728874739],[-3.485073617686104,47.65234528652152],[-3.485115469617795,47.65246939773368],[-3.484893214559659,47.65240047686467],[-3.48463566571484,47.65226126765782],[-3.484521970619563,47.65209599507787],[-3.484041079758138,47.65187889193953],[-3.483904277800046,47.6516336217326],[-3.483739502242787,47.651597627901815],[-3.483527416592156,47.65139266905476],[-3.483713610950159,47.65116556306528],[-3.483583202071528,47.65108250129964],[-3.483394988273237,47.65118328056235],[-3.482906296431493,47.651011763838255],[-3.483000153606278,47.65112395266183],[-3.483062163496419,47.65108437942079],[-3.483110730952019,47.65115392967401],[-3.483491197483028,47.651205024829316],[-3.483464314163499,47.651423271943656],[-3.483949404293976,47.65178464516923],[-3.48400780717139,47.651934930296996],[-3.484184767428231,47.65196121486002],[-3.48417913989041,47.65202474724304],[-3.484315179391129,47.65204427591621],[-3.484932880525835,47.65250664699029],[-3.485213705373889,47.65261746698064],[-3.485177479502686,47.65242982339803],[-3.485336470480427,47.652637732875114],[-3.485525617113972,47.65265430639713],[-3.485664776234354,47.65280913045323],[-3.485899378128008,47.65275995552761],[-3.486322806921699,47.65294412286956]]]},"properties":{}},{"type":"Feature","geometry":{"type":"Polygon","coordinates":[[[-3.481263455883168,47.65036252718841],[-3.480950980830082,47.649991549533944],[-3.480808395501327,47.64991819317727],[-3.480476503629441,47.6499366406453],[-3.480041107814108,47.64965377487239],[-3.479801401093121,47.649441314079205],[-3.479781747515957,47.64927984261944],[-3.479385665172979,47.649319917257735],[-3.479555716247325,47.64950915590069],[-3.479209807806756,47.649302596033706],[-3.478833550643509,47.64939575491456],[-3.478771364346235,47.649543711379884],[-3.478708436738259,47.64946592629861],[-3.478618782633152,47.64949800195706],[-3.478607339241498,47.64973345177015],[-3.478411479302549,47.649771428557486],[-3.478350383031566,47.64992835541664],[-3.477926474838488,47.65006931512438],[-3.477908655849178,47.65014255550792],[-3.477893373977529,47.650016966394666],[-3.477747340868487,47.65002507975352],[-3.477893905030907,47.649691810160675],[-3.477679311481228,47.64968567004293],[-3.477808616214378,47.64975976780408],[-3.477655324702527,47.65014759875595],[-3.477840093906813,47.650128302126916],[-3.47782991564882,47.65026433705154],[-3.477923023182429,47.65015078856956],[-3.478274919029074,47.65007704921416],[-3.478566244957409,47.649835079536295],[-3.47875537955202,47.649851664040376],[-3.47871463615964,47.64973652102609],[-3.478786472945387,47.64977768582945],[-3.479130722808808,47.649641149370225],[-3.479645196349375,47.64958546495582],[-3.4795966348388,47.64951591320541],[-3.479775768632485,47.64956014575317],[-3.479805768570866,47.64947719662352],[-3.480165875604722,47.64980037291621],[-3.480604720839853,47.6500017646755],[-3.480673111985857,47.65012440183867],[-3.480764949996533,47.65011026586278],[-3.480788054149361,47.650190263562685],[-3.480944086754164,47.65015449660585],[-3.480981559024667,47.650242726953664],[-3.481263455883168,47.65036252718841]]]},"properties":{}},{"type":"Feature","geometry":{"type":"Polygon","coordinates":[[[-3.473259457759073,47.64872998414334],[-3.473120345274574,47.64857514498715],[-3.473088154002366,47.64864015103408],[-3.472948855191634,47.6485936971447],[-3.472892668493574,47.648461347640016],[-3.472591884130783,47.64840579602467],[-3.472594253180008,47.64831535195424],[-3.472056170288099,47.6479568786507],[-3.472064894589354,47.648028644372694],[-3.471958881076511,47.64792615421625],[-3.471733011449805,47.648047067025914],[-3.471802091425604,47.64839545120332],[-3.471593145938215,47.648325767998045],[-3.471506760827973,47.64838475037247],[-3.471698969946295,47.64853664394415],[-3.471661134877187,47.64866518149167],[-3.47186899126187,47.64872589384946],[-3.471885916763744,47.64853529814564],[-3.472227806598012,47.64848922598604],[-3.472318741777678,47.64835774044052],[-3.47255077941202,47.64850742174552],[-3.472820650709474,47.648528564666826],[-3.472958671500073,47.64867443347991],[-3.473259457759073,47.64872998414334]]]},"properties":{}},{"type":"Feature","geometry":{"type":"Polygon","coordinates":[[[-3.462673241009548,47.648170292114024],[-3.46284929684353,47.64807925275008],[-3.462734173568071,47.64812175879789],[-3.462616199338995,47.6479205813448],[-3.462571552763252,47.647552778350814],[-3.462457519317486,47.647604254943325],[-3.462378075749347,47.64750028440241],[-3.462319112712319,47.6476751446768],[-3.462106915862281,47.64757853205957],[-3.462138031012246,47.64750455819238],[-3.46195695046999,47.647333971412166],[-3.461839650478212,47.647358534970394],[-3.461650739985423,47.64723353753715],[-3.461633988374212,47.64731574636138],[-3.461495791741037,47.647278249603296],[-3.461409397165902,47.64733722454486],[-3.461501445786123,47.64721471815781],[-3.461256591144891,47.64684897941568],[-3.461388464706758,47.64672426598694],[-3.461045488164571,47.64676133565112],[-3.4609693145399,47.64668427657915],[-3.460881831711819,47.64673428032439],[-3.460856581646422,47.64663633689505],[-3.460711643804486,47.64665339980496],[-3.460711008077784,47.646978556468575],[-3.460840705978811,47.64683590201352],[-3.461192392631473,47.64687059952825],[-3.461218732118123,47.64697751369417],[-3.461120362256296,47.64693780939911],[-3.461058129709413,47.647085756624115],[-3.46114561294853,47.64703575275604],[-3.461301438779602,47.64710839751099],[-3.461428116145314,47.64738134291635],[-3.461798735790884,47.647351771440434],[-3.461764144101759,47.647507218301726],[-3.461585032135722,47.647462958096895],[-3.461781564895705,47.64765075131164],[-3.46181942304436,47.647522216895915],[-3.461919972151752,47.64757986221395],[-3.461952637047701,47.64784898654285],[-3.461936513982331,47.64760603887523],[-3.462205078761508,47.647726621019665],[-3.462308015127733,47.64769382210927],[-3.462304331100623,47.64788368069262],[-3.462412040276168,47.64766999391438],[-3.462590945528681,47.64782263835085],[-3.462673241009548,47.648170292114024]]]},"properties":{}},{"type":"Feature","geometry":{"type":"MultiPolygon","coordinates":[[[[-3.460449857937302,47.64702915218926],[-3.460082056358758,47.6467515044109],[-3.460055517514485,47.64659797095325],[-3.460120793357953,47.64674032687932],[-3.460330806194466,47.646819001485326],[-3.460290104876579,47.646703851868075],[-3.460557785035208,47.6467070814679],[-3.460605230584914,47.64676767040235],[-3.460595009029535,47.64690370406109],[-3.460357356557652,47.64681753029759],[-3.460449857937302,47.64702915218926]]],[[[-3.460051602521801,47.6465753217232],[-3.460037214952242,47.64649208579937],[-3.459663549067343,47.64638635361436],[-3.459721430955612,47.64620252372394],[-3.459604132422021,47.646227085052566],[-3.459606523388337,47.64613664114392],[-3.459448311475364,47.646154438000835],[-3.459339060842438,47.646025023770356],[-3.459213929208167,47.646095174403435],[-3.459293364519067,47.6461991471716],[-3.459141897387778,47.64616238308184],[-3.459031559174513,47.6460239977195],[-3.458799138687083,47.646091060573845],[-3.458942771821741,47.64617341477528],[-3.458846581692152,47.64615165024181],[-3.458857464495828,47.64624135870975],[-3.458704909289249,47.6461956232076],[-3.458686408996633,47.64604311878122],[-3.458491420233909,47.646198418690574],[-3.458553226283575,47.64626724393961],[-3.458479016957792,47.64631651050538],[-3.458347571021166,47.64622444952203],[-3.458351269012042,47.646034590899454],[-3.458203067498595,47.64602473814649],[-3.458096650160688,47.646139006496725],[-3.457780660926362,47.64595782472443],[-3.457804816923348,47.64604679799576],[-3.457579141451212,47.64605929797441],[-3.457505149933753,47.646000178335235],[-3.457702098984877,47.6459712073737],[-3.457358474129038,47.64578252416939],[-3.457232252458649,47.64584370182683],[-3.457190901405568,47.64605370787268],[-3.456944115462484,47.64611253140854],[-3.456941071154569,47.645977233221586],[-3.456755220849105,47.64598752597987],[-3.456697989150022,47.64584619764331],[-3.456530853664947,47.645900609205626],[-3.456560447006561,47.64603443708308],[-3.456396574387731,47.64611576105366],[-3.456324759807461,47.646074582409305],[-3.456416817922838,47.645952079947286],[-3.456261869014265,47.64599678510284],[-3.456227704100669,47.645935459254744],[-3.456167855945801,47.64599296010602],[-3.456128252057448,47.645886779862984],[-3.456082766682554,47.645952516429304],[-3.455980051365057,47.64587692428974],[-3.455925641924199,47.645979279391845],[-3.455750890944902,47.64597089370986],[-3.455738925668518,47.645872214062756],[-3.455559824188769,47.645827944584795],[-3.455644047320409,47.645751032164526],[-3.455540022891076,47.64577485435807],[-3.455541333012254,47.64567543963139],[-3.455424676122209,47.645925738853705],[-3.455381810694743,47.645792645712305],[-3.455466034027249,47.64571573341894],[-3.455343296199267,47.64569543607359],[-3.455284535032144,47.64576190736113],[-3.455336992944711,47.64553322516792],[-3.455220781521335,47.64556675298729],[-3.455068454725997,47.645412627100946],[-3.454959856671628,47.64550895086036],[-3.454777494316143,47.64543776751529],[-3.454622736000025,47.645924983821345],[-3.454503485156164,47.645823212662236],[-3.454605335025857,47.64578144961565],[-3.45446039750749,47.64579850477918],[-3.454424059738067,47.64571923661765],[-3.454377484886832,47.64577600163593],[-3.45411809799542,47.645510397305635],[-3.454043885627482,47.64555966107406],[-3.453996448602142,47.64549906943753],[-3.453978372714839,47.64568069195238],[-3.45384888512025,47.64571495327508],[-3.453736612814642,47.64545023547248],[-3.453633901787633,47.64537464125078],[-3.453449140298685,47.64539389965301],[-3.453426305909903,47.64520551072384],[-3.453423904510226,47.64529595454961],[-3.453140782358374,47.64527550157376],[-3.453149075267133,47.645013141003545],[-3.453019588759977,47.64504740141914],[-3.453006086365389,47.64515652181762],[-3.453154917307895,47.645392123324804],[-3.452998020301734,47.6453104967361],[-3.45298343051855,47.64541064621206],[-3.452948410148339,47.64523196285471],[-3.452857660423565,47.645255047911675],[-3.452791513928987,47.64515033598191],[-3.452860518478391,47.644947832817394],[-3.452686858577017,47.64494841345693],[-3.452729085606768,47.64485576544825],[-3.452331470807232,47.6451035488508],[-3.45230989893355,47.64536664403304],[-3.452318195941655,47.64510428353426],[-3.45219437357912,47.64507501196194],[-3.452354987915078,47.6449667811019],[-3.452188309183,47.644804415185185],[-3.452370894761891,47.644767216943194],[-3.452494487916525,47.64490487398314],[-3.452476234447855,47.64464398281288],[-3.452595478790019,47.644745756103376],[-3.452613559067432,47.64456413371407],[-3.452686455962372,47.644614285583266],[-3.452719756874298,47.644558255933994],[-3.452990687595535,47.6445884156065],[-3.452964997762421,47.644707241693254],[-3.453167153750914,47.644831518553836],[-3.45303200382307,47.64492931010605],[-3.453107303536266,47.64488901787054],[-3.453153651712711,47.64494063898162],[-3.45322460211852,47.64486446304676],[-3.453222200392319,47.64495490688443],[-3.453367136015087,47.64493785324926],[-3.453404559022863,47.64502609267471],[-3.453526207212232,47.645037421161845],[-3.453737926287699,47.64535082074923],[-3.45390528862564,47.645188027535625],[-3.453879600540511,47.64530685378638],[-3.453968175029872,47.645265826143216],[-3.453995586696974,47.645381712922344],[-3.454101785978713,47.64537583388869],[-3.454139886262332,47.64513891617546],[-3.45427480971526,47.64514950899214],[-3.454278934708566,47.64529377820045],[-3.454466095187692,47.64518407463698],[-3.454638444047814,47.645282906095204],[-3.454835392007858,47.645253939954735],[-3.455052587135915,47.64506129253593],[-3.455197522462627,47.6450442366313],[-3.455596632051783,47.645139542182214],[-3.455632526731409,47.64543558126134],[-3.45578856228654,47.64539984780634],[-3.455969838080146,47.645462058697795],[-3.456001605349362,47.64561382850011],[-3.456214446447362,47.645385295449515],[-3.456276248618343,47.64545412193206],[-3.456451218544382,47.64535412120448],[-3.456551537414379,47.64552015682986],[-3.456594846071705,47.645436478323624],[-3.456704308887052,47.645457509538694],[-3.456652077058171,47.64557780674089],[-3.456822475184881,47.64555030760239],[-3.456738254068614,47.64562722088007],[-3.45686860782036,47.6457103128349],[-3.456905608119965,47.64546442339258],[-3.457210492514604,47.64566428454588],[-3.457207447556855,47.64552898633426],[-3.457475340111787,47.645423837373706],[-3.457492748689283,47.64556737117865],[-3.45767750931925,47.6455481063843],[-3.457703841110625,47.64565502141607],[-3.457823315453106,47.645648403705735],[-3.457765645515059,47.64572384710119],[-3.4579160223392,47.64575164212579],[-3.45784725365906,47.64584576258972],[-3.45804637822887,47.645834732761294],[-3.457998718999607,47.64588252836375],[-3.45801961091859,47.645944589026556],[-3.458274012137326,47.64594855918869],[-3.45840872187541,47.646067532822826],[-3.458414379467702,47.64600400148668],[-3.458485107349933,47.64603620799733],[-3.458366937084664,47.645943411638555],[-3.458444627121527,47.64581267208627],[-3.458592611882127,47.645930910137665],[-3.458748646903318,47.64589517273905],[-3.458808276396974,47.64594605616628],[-3.458788471823476,47.64589296649336],[-3.459197511913187,47.64583121090179],[-3.459229810739438,47.645895609429004],[-3.459277468877679,47.645847813324764],[-3.459209574928086,47.64582938964166],[-3.459260928896586,47.64582163626309],[-3.459355156544452,47.645717073160576],[-3.459654609509252,47.64587207369243],[-3.459871128534981,47.645453675290646],[-3.460076782048617,47.64549646704389],[-3.460316605211932,47.64560058310934],[-3.460196705387012,47.64582397460067],[-3.459955152676109,47.64603604428165],[-3.459715328260923,47.645931927497955],[-3.459654395457272,47.64598045929528],[-3.459901839153731,47.646147372063396],[-3.459753209336101,47.6463542924476],[-3.459893792838548,47.646301347377886],[-3.459991947246148,47.64644943829566],[-3.460067243848741,47.64640914160697],[-3.460113600078499,47.64646075991622],[-3.460051602521801,47.6465753217232]],[[-3.453903524007139,47.64550421351314],[-3.45397229920314,47.645410095353604],[-3.45386741306992,47.64531655954299],[-3.453903524007139,47.64550421351314]],[[-3.454922430753337,47.645420711955225],[-3.455008829394672,47.64536174175115],[-3.45495160299213,47.64522041251318],[-3.454855192411197,47.64530703031526],[-3.454922430753337,47.645420711955225]],[[-3.45564557944093,47.64554323182149],[-3.455691065005523,47.64547749541134],[-3.455585953413319,47.64549234676966],[-3.45564557944093,47.64554323182149]],[[-3.455734796683182,47.645727944949485],[-3.455891054720044,47.64558382575127],[-3.45579508878774,47.64545367307965],[-3.455717614829105,47.64547602527681],[-3.455814668370337,47.64561514888834],[-3.455715217300896,47.64556646913689],[-3.455734796683182,47.645727944949485]],[[-3.456315410814459,47.64577707337125],[-3.45632890659865,47.64566795262573],[-3.456218355673172,47.64563795018738],[-3.456315410814459,47.64577707337125]],[[-3.457555422456457,47.6457535534518],[-3.457596553611828,47.645651932861696],[-3.457499276929987,47.64562119635205],[-3.457555422456457,47.6457535534518]]]]},"properties":{}},{"type":"Feature","geometry":{"type":"Polygon","coordinates":[[[-3.448852592939029,47.64517862777837],[-3.449057856658818,47.64488731109193],[-3.449112893855734,47.64501070135467],[-3.449134245932588,47.644855992360206],[-3.449290284143971,47.64482026757226],[-3.449312252168627,47.64489130076775],[-3.449395396164168,47.644805421872164],[-3.449359301553309,47.64461776644081],[-3.449651346744958,47.644601610447566],[-3.449673080839559,47.64478102923466],[-3.449752729763508,47.64477662291357],[-3.449866769421158,47.644725158644285],[-3.44988920593852,47.64457942042683],[-3.449950765261077,47.64475663593691],[-3.450070238553056,47.64475002615089],[-3.45011705050968,47.64458487716199],[-3.44998515589349,47.64470957800779],[-3.450015666660562,47.644409864994635],[-3.449861803601448,47.644463532636124],[-3.449803889633804,47.644647357807536],[-3.449707705983186,47.64462558573374],[-3.449727116969169,47.64434454904992],[-3.449592196454525,47.64433395097753],[-3.44949337074973,47.64451100817916],[-3.449410462224352,47.644488501496355],[-3.449438333188408,47.64438761806352],[-3.449290137895705,47.644377753997645],[-3.44934059352178,47.64457364607297],[-3.44911166246832,47.64455921687865],[-3.449178887632031,47.64467290186764],[-3.448927517080658,47.644804210388315],[-3.448872623310929,47.64512333353031],[-3.448787540963946,47.645082884523006],[-3.448852592939029,47.64517862777837]]]},"properties":{}},{"type":"Feature","geometry":{"type":"Polygon","coordinates":[[[-3.452276368050547,47.64553105915614],[-3.452309669965198,47.6454750296505],[-3.452129485529146,47.64542178399418],[-3.452135150528964,47.6453582529409],[-3.451916228993852,47.64531618184504],[-3.45207381270456,47.645072653003645],[-3.451956513135131,47.64509720666953],[-3.451946729261588,47.645016468422355],[-3.452089720634485,47.644873088894215],[-3.451888424256663,47.644866166741586],[-3.451835095073824,47.644977490910044],[-3.451721747258497,47.644703800150815],[-3.451650794920936,47.64477997517948],[-3.451571376614178,47.64467599713942],[-3.451432963143508,47.644746874086145],[-3.45147084415868,47.64461834282984],[-3.451172277681773,47.64458067781664],[-3.451144872557579,47.644464790326936],[-3.450740109417681,47.644433000555495],[-3.450696402243308,47.64418254897969],[-3.450611087600791,47.644250486963806],[-3.450522744808961,47.644183126403085],[-3.450072492876687,47.644217068757804],[-3.44998694370318,47.64439339195904],[-3.450107502950793,47.64439575307139],[-3.450143833406758,47.644475022629805],[-3.450759905441941,47.64448609163261],[-3.450920057341523,47.64459463404612],[-3.451066079659853,47.644586554190155],[-3.451236015208211,47.64477583449934],[-3.451429471381106,47.64482834697026],[-3.451518672833743,47.64501306338589],[-3.45165468249451,47.645032630149245],[-3.451657713344831,47.64516792854021],[-3.451820273237939,47.64518602589095],[-3.45183200117554,47.64539309159563],[-3.451928187076298,47.645414861912045],[-3.451868334872324,47.64547236057666],[-3.452276368050547,47.64553105915614]]]},"properties":{}},{"type":"Feature","geometry":{"type":"Polygon","coordinates":[[[-3.448187822772432,47.643662057218464],[-3.448139545087632,47.64348410647087],[-3.44758972564553,47.64302683904672],[-3.446398889468914,47.643345561470845],[-3.446410836906958,47.64344424220347],[-3.446848176174703,47.643745176109846],[-3.446932408574775,47.643668269885964],[-3.446743305801713,47.64365163382365],[-3.446990331371483,47.64348444604427],[-3.446985746676955,47.64355694787951],[-3.447279959343076,47.64355873974357],[-3.44712911527447,47.643747702414565],[-3.447365885411522,47.64371654655323],[-3.447345006755246,47.64365448391416],[-3.44760700062705,47.643721274064006],[-3.447650321850114,47.6436375987952],[-3.447795017544729,47.6437289377667],[-3.448187822772432,47.643662057218464]],[[-3.447380724246345,47.64350801197821],[-3.447196445656062,47.64331048907108],[-3.447265229853964,47.64321637475218],[-3.447366841414309,47.643283003689504],[-3.447254974972532,47.64335240749356],[-3.447395562965189,47.64329947737868],[-3.447456265038784,47.643359337633925],[-3.447448422067293,47.643404926594556],[-3.447362257248633,47.64335550554711],[-3.447380724246345,47.64350801197821]]]},"properties":{}},{"type":"Feature","geometry":{"type":"Polygon","coordinates":[[[-3.423925640057443,47.64503756483708],[-3.424200662398482,47.64476954803798],[-3.424222372618781,47.64450645798005],[-3.424433406176014,47.644594168363376],[-3.424519837166029,47.64453522068248],[-3.42452957945298,47.644615961241534],[-3.424705688615718,47.64452497918861],[-3.424978768422334,47.644573146154734],[-3.424999107740607,47.64440947037285],[-3.424820321484462,47.644256768127626],[-3.424884816249776,47.64412678234393],[-3.424804083732033,47.64412220054208],[-3.424747223604463,47.64387247078915],[-3.424845275996321,47.64402059140315],[-3.425055226099889,47.64409932951311],[-3.425230534041399,47.64389098983285],[-3.425178002433292,47.64367714494329],[-3.425075849280334,47.64382726803306],[-3.425072885903141,47.64369196886587],[-3.424937971941496,47.64368134232212],[-3.424858607324468,47.64357734607217],[-3.424650539377162,47.64362493560261],[-3.424452784154788,47.64353649405047],[-3.42439182202234,47.643585007515085],[-3.424414327632985,47.643439274110435],[-3.424145869856028,47.643318604854684],[-3.423940762763123,47.6435014923412],[-3.423832399219941,47.643489401598174],[-3.423669279733856,47.64368803661118],[-3.423727790980399,47.643729966808934],[-3.423616975169606,47.643808319146586],[-3.423698502358326,47.64393025859527],[-3.423777069815467,47.64391689879512],[-3.423661350109963,47.64417613769698],[-3.423578453004509,47.64415361268207],[-3.423510708124793,47.644256684190715],[-3.423567850218249,47.644398028886805],[-3.423713876131415,47.64438998321283],[-3.423670516765597,47.644473649570244],[-3.423756948403149,47.644414702449964],[-3.423641514714924,47.64456555566537],[-3.42377397902868,47.64466662694088],[-3.423717852626107,47.64497676709363],[-3.423766337160671,47.64504634221267],[-3.423780981678175,47.64494619637269],[-3.423925640057443,47.64503756483708]],[[-3.424302023230346,47.64450206900731],[-3.424231318019273,47.644469841783014],[-3.424312336844742,47.644366038367544],[-3.424302023230346,47.64450206900731]],[[-3.423928219584989,47.644062094401164],[-3.423832334355401,47.643931915386204],[-3.423950726662944,47.643916361121995],[-3.423928219584989,47.644062094401164]]]},"properties":{}},{"type":"Feature","geometry":{"type":"Polygon","coordinates":[[[-3.437159314134066,47.64495786624229],[-3.437235710491418,47.644926555290894],[-3.437176102709953,47.6448756608297],[-3.437356270377835,47.64492892955919],[-3.437374143283261,47.644855695169845],[-3.437452449534545,47.64495071179663],[-3.437599559546306,47.64495161982313],[-3.437481428007196,47.64485880229333],[-3.437585458709932,47.64483499616585],[-3.437552141734921,47.64489102149272],[-3.437678125025716,47.644938250683],[-3.437719293405181,47.64483663704993],[-3.438197193166967,47.644810247200446],[-3.438202874689186,47.64474671680338],[-3.438000495847463,47.64473079967927],[-3.438251635420039,47.644707900293724],[-3.438236448441104,47.64458230565434],[-3.43814786299263,47.644623321385986],[-3.438172501010239,47.64449552750684],[-3.438076322380027,47.644473745856935],[-3.438262171011011,47.64446348280018],[-3.438191715060971,47.64432287837636],[-3.438348843832307,47.64429613923811],[-3.438452615942004,47.64438071798177],[-3.438593215374068,47.6443277984868],[-3.438508969914846,47.64440469867209],[-3.438657163288101,47.64441457641161],[-3.438679630289328,47.64426884032456],[-3.439031541533669,47.644195218927194],[-3.439211708756298,47.64424848481459],[-3.439166203939518,47.64431421485036],[-3.439226068530471,47.64425672265822],[-3.439442805753907,47.64428087548043],[-3.439429020663765,47.64449837999781],[-3.439535219790567,47.64449251420078],[-3.439478035303036,47.644351177323266],[-3.439553089559415,47.644419279461545],[-3.439599678995421,47.6443625203131],[-3.439633569080396,47.644532236716294],[-3.43993180439064,47.64423580323512],[-3.439824012129691,47.64444946966563],[-3.43992127649215,47.64448022090813],[-3.440087846948283,47.644200090725036],[-3.440090848423874,47.64433538947321],[-3.440206813123453,47.644410262333125],[-3.440351172798131,47.6441674824956],[-3.440446266659688,47.6441802912491],[-3.440483414785524,47.644376920501465],[-3.440678449295987,47.644221650499425],[-3.440741315276615,47.64429945626372],[-3.440843173007184,47.64425770518037],[-3.440869470432349,47.64436462407522],[-3.440956968125643,47.64431463525271],[-3.440936929855142,47.644369928166846],[-3.441149327242562,47.6443581937344],[-3.441193744381145,47.64428349190788],[-3.441320814755621,47.64433968820519],[-3.441333255543437,47.64422159809291],[-3.441371743452522,47.644318812422604],[-3.441513425152604,47.644274860430414],[-3.441612860857661,47.644323552301266],[-3.44167514409343,47.64417561522416],[-3.441775665130494,47.64423327797471],[-3.441779171593224,47.64415180535446],[-3.441982884707234,47.6440683012822],[-3.442044666996133,47.644137135338134],[-3.442372194174425,47.64408291292983],[-3.4423099129793,47.64423085038565],[-3.442571066617848,47.64418029513376],[-3.442686785951424,47.64436355119865],[-3.442829552235619,47.64432856861751],[-3.442810601446838,47.64439283285682],[-3.442962052300544,47.64442961814947],[-3.442977746196994,47.64433844087765],[-3.443139215017185,47.64434757931035],[-3.44314271940558,47.64426610665404],[-3.443007800397448,47.64425550097824],[-3.443321214149966,47.644084652863164],[-3.443595640834445,47.644033361655744],[-3.443824221022698,47.64371367360266],[-3.444499300211671,47.64354992432239],[-3.444885946750244,47.643763357015594],[-3.444824758772608,47.64392026682378],[-3.445016277492064,47.64384646227242],[-3.446284127255767,47.64471559252776],[-3.44644125312761,47.644688842512686],[-3.446249733355703,47.644762649367365],[-3.445708605192009,47.644377141177],[-3.445621111847644,47.64442713355602],[-3.445664436757731,47.64434345905426],[-3.44558153010771,47.64432094965268],[-3.44547617513724,47.64444417758746],[-3.445451197326703,47.64423784504686],[-3.445093266328508,47.644040888525595],[-3.444968120621323,47.64411102397429],[-3.444789033989853,47.64406673794692],[-3.444723501919624,47.64418776372953],[-3.444814985905308,47.643839527930325],[-3.444438952200929,47.64382419063266],[-3.444450896121721,47.64392287154112],[-3.444334926526626,47.643848002874435],[-3.44430596040718,47.64393991412545],[-3.444001728262845,47.64396576149819],[-3.443948383526973,47.644077082118706],[-3.443868735168092,47.644081484484786],[-3.443828071462188,47.64396632897179],[-3.443696410136244,47.64398263708032],[-3.443535287632437,47.644307627430265],[-3.443393607510716,47.64435158187332],[-3.443372238992288,47.644506289858995],[-3.44307777351752,47.64461287380337],[-3.443050385955951,47.64449698441769],[-3.442810104928699,47.644609604156734],[-3.442798163888471,47.64451092311587],[-3.442476310924308,47.64450161609327],[-3.442506365996038,47.64441867632991],[-3.442270924718513,47.644350407687405],[-3.442134670607716,47.64443921564952],[-3.441985391113654,47.64442037130868],[-3.441935297924368,47.644558604017895],[-3.441881363182315,47.64444418135864],[-3.441690923343005,47.64452695176275],[-3.441485288315333,47.64448412762949],[-3.441387771896164,47.644561763335545],[-3.441498312251732,47.64459177982162],[-3.441469340842739,47.64468369033379],[-3.441235236468039,47.64451600498643],[-3.441330079897039,47.64463719866028],[-3.441140723786498,47.644728939175984],[-3.441198164618124,47.64476188958319],[-3.441002296325359,47.64479980376407],[-3.440929410159105,47.6447496446108],[-3.440818617490936,47.644828013219275],[-3.440865205937695,47.644771253578334],[-3.440713755559896,47.644734465574366],[-3.440836737879728,47.644646392662075],[-3.440764937285659,47.64460520442398],[-3.440572324786988,47.64467003095379],[-3.440697225030937,47.64470828587052],[-3.440572071980859,47.64477841658637],[-3.440462616918986,47.64475737025151],[-3.440518139939777,47.644663993310964],[-3.44032903563844,47.64464734687624],[-3.440204967362743,47.64472644822705],[-3.440339887004464,47.64473705713665],[-3.440084407807118,47.64472407689776],[-3.440078728527391,47.64478760738703],[-3.439870669438595,47.64483522398987],[-3.439919683168948,47.64468802115586],[-3.439816993184156,47.64461241475993],[-3.439616529651649,47.64472282813027],[-3.4395192650226,47.644692076637995],[-3.439673139141195,47.64463842262256],[-3.439446380397523,47.64464191655681],[-3.439388685567297,47.64471735091982],[-3.439119102572846,47.644587745113846],[-3.43906466210615,47.64469009243114],[-3.438957377629241,47.644686986761066],[-3.439231556076731,47.64474409145056],[-3.43896254608312,47.64484022758026],[-3.439088530502292,47.64488745525108],[-3.439100464766571,47.644986136651596],[-3.438973395191056,47.644929937958544],[-3.438930059312942,47.64501360995345],[-3.438728764114966,47.645006665130566],[-3.438554275933634,47.644889868110134],[-3.438528296849673,47.64511707661125],[-3.438349212186967,47.64507278073689],[-3.438250605333853,47.64514144275853],[-3.43835680587,47.6451355780345],[-3.438351124489644,47.64519910842617],[-3.438180975635593,47.6451181950301],[-3.438099982647941,47.6452220080197],[-3.437939596789675,47.64522183367323],[-3.438079941076307,47.64527730041772],[-3.438157991490182,47.64548070213831],[-3.437948016620373,47.645401987629626],[-3.437863768535427,47.64547888730673],[-3.437838561314445,47.64538093884354],[-3.43780064692224,47.64550946562732],[-3.437563863246682,47.64554060207638],[-3.437624556840067,47.64560046736911],[-3.437521609345095,47.6456332445697],[-3.437454407807961,47.64551955293196],[-3.43717862325107,47.64567024419941],[-3.437152332577814,47.64556332454668],[-3.437240920352008,47.645522309589886],[-3.437069427623665,47.64554080911979],[-3.436816417744585,47.64587989160464],[-3.436731343331259,47.64583943383496],[-3.436777112967589,47.64566531923158],[-3.43692205577252,47.645648286001574],[-3.436913379125384,47.64557651757388],[-3.436822621879421,47.64559959017248],[-3.436875983002726,47.64548827289391],[-3.436704490257255,47.64550677188853],[-3.436696898465908,47.645443974495684],[-3.436558463248575,47.64551483379267],[-3.436479073258091,47.64541084553621],[-3.436359596804825,47.64541744142302],[-3.436212223864699,47.64552491741646],[-3.436163984431697,47.64534696189532],[-3.436164807119372,47.64546431854115],[-3.435879521890555,47.645425881620504],[-3.435697481516368,47.64568879629155],[-3.435564992082265,47.645587738588354],[-3.435519218557366,47.64576185272393],[-3.435391066580333,47.645696679091834],[-3.435420049008638,47.645604770135506],[-3.435634884092389,47.64550260229525],[-3.435441441022363,47.64545006369339],[-3.435339313350881,47.64560019561646],[-3.435337408164038,47.645473867904364],[-3.435142353535763,47.64562912888963],[-3.435025309032155,47.64554527997974],[-3.43492127580256,47.64556908381905],[-3.434857332580491,47.645482303901844],[-3.435084359151989,47.64537043329409],[-3.435181622461577,47.64540118846718],[-3.4351718639138,47.64532044883002],[-3.43497382079172,47.64534041075241],[-3.434906096417124,47.64544348880321],[-3.43460021265227,47.64523459836036],[-3.434670105739125,47.64514946262871],[-3.435013090224974,47.64511247035234],[-3.434913923373,47.64495538728122],[-3.434557399721552,47.64510149753627],[-3.434583660676052,47.64476590430258],[-3.43430488506196,47.64478128999806],[-3.434334134340275,47.64458099564357],[-3.43418160490635,47.64453522808691],[-3.434000909432657,47.64469872570252],[-3.433744347933081,47.64467676051615],[-3.433977059937877,47.64450136182435],[-3.433954028429059,47.64442135464611],[-3.43379147692881,47.6444032324326],[-3.433866790425403,47.644362952586555],[-3.433735391768602,47.64427086382715],[-3.433829400191357,47.64427470687587],[-3.433831834755741,47.6441842634075],[-3.433770880410505,47.64423278174889],[-3.433680390893325,47.64414746627605],[-3.433575275799249,47.644162297844],[-3.433593153636907,47.644089064003886],[-3.433360709619681,47.64415607632319],[-3.433342831440565,47.644229310125205],[-3.433208182235227,47.644110307485704],[-3.433072997561593,47.64420807598585],[-3.433127449028191,47.644105731434806],[-3.432993616307509,47.644104085290614],[-3.432970586444653,47.64402407790199],[-3.432754668361631,47.64411726982319],[-3.432818606528541,47.64420405095267],[-3.432664726771072,47.644257695953236],[-3.432688562727176,47.64401254645455],[-3.432612165010413,47.64404385444778],[-3.432552831715714,47.64388457194566],[-3.432429023029395,47.643855279410225],[-3.432519779208238,47.64383221020329],[-3.432419268929106,47.643774539478244],[-3.432465865389882,47.64371778315547],[-3.432139414129593,47.6437809489114],[-3.432126409271467,47.64367329563143],[-3.432064370232757,47.643712841988695],[-3.43180483383222,47.64355557353337],[-3.43182000400815,47.64323865522745],[-3.431513602568583,47.64324652786968],[-3.431493554914455,47.64330181919465],[-3.43161085994895,47.64327728604904],[-3.431440997018919,47.64353049093863],[-3.4314344953183,47.6434766642537],[-3.431331548118745,47.64350943603671],[-3.431427181391826,47.643305480763225],[-3.431178212630962,47.64334630773205],[-3.431170083858551,47.64350028128292],[-3.431088268191369,47.6434867327049],[-3.431129715626702,47.64371924946646],[-3.43103787548466,47.64373334647828],[-3.431091786256656,47.64384777418405],[-3.430920296778582,47.64386626470513],[-3.430926798007999,47.64392009140776],[-3.431086096364124,47.643911304264805],[-3.431114541214545,47.64403616760351],[-3.43093871696266,47.644018773691066],[-3.430820864771089,47.644260077438275],[-3.430743927621198,47.64406564180632],[-3.430594107057018,47.64426355419378],[-3.430363825419727,47.64434850278123],[-3.430272257717335,47.644254213553594],[-3.430184750114664,47.64430419437607],[-3.430156307297006,47.64417933082844],[-3.429998091376309,47.644197087826846],[-3.430118923327706,47.64409108392205],[-3.430018415155713,47.644033411139546],[-3.429654300945927,47.644116708633554],[-3.429629109437274,47.644018758330425],[-3.429713367083333,47.643941864532586],[-3.429810624693324,47.643972624199314],[-3.429835282376531,47.6438448320356],[-3.429516685596802,47.643862402694324],[-3.429651875910294,47.643764638291216],[-3.42952156929873,47.64368151589448],[-3.429603126796378,47.64336093741131],[-3.429690633397006,47.6433109569999],[-3.429829880739486,47.643357462577384],[-3.429898695624869,47.64326335848663],[-3.430070183519406,47.64324486945914],[-3.429942578824057,47.6434054322733],[-3.429979962021394,47.64349367926758],[-3.430101601739264,47.64350503215058],[-3.430185857893332,47.643428137991485],[-3.430136818469582,47.64357533683778],[-3.430320498637318,47.64354714415603],[-3.43022324150889,47.64351638490691],[-3.430309664357248,47.6434574329103],[-3.430382538775723,47.6435075987213],[-3.430461650608565,47.643277463053224],[-3.430605505471196,47.64325146651309],[-3.430544822424002,47.64319159750151],[-3.430714142887232,47.64315516528014],[-3.430680009154477,47.64309383187474],[-3.430737441766357,47.643126787452154],[-3.430966906315835,47.64292448124425],[-3.431690507818344,47.64283037809504],[-3.432164871545827,47.64288548526432],[-3.432153494507475,47.64301254559153],[-3.432295180330886,47.64296860474756],[-3.432257254301381,47.64309712989365],[-3.432313873706328,47.643012727880354],[-3.432403275343704,47.64308907335473],[-3.43248752752438,47.643012177519275],[-3.43250595189268,47.64316468632586],[-3.432629759018979,47.64319397879029],[-3.432714011038922,47.64311708279571],[-3.432695863524002,47.6432987022368],[-3.432809916470506,47.64324725457646],[-3.432820486367171,47.64344535129058],[-3.432989806081835,47.64340891577627],[-3.433031529859125,47.643533046192736],[-3.433187307179353,47.64360572856717],[-3.433383993185494,47.64368518423722],[-3.433621855053712,47.64366302732158],[-3.433642717752558,47.64372509241163],[-3.4336893128689,47.6436683355995],[-3.43372778645331,47.643765552474584],[-3.433880579691234,47.64370293496973],[-3.433895204858605,47.64360278779293],[-3.433911465378404,47.643737354150545],[-3.43416612008194,47.64363299112849],[-3.434154747649325,47.64376005160113],[-3.43426528227513,47.643790074942366],[-3.434070496690348,47.64383694860885],[-3.434143135405822,47.643902869032104],[-3.434273955070313,47.643861843633424],[-3.434175345211318,47.643930502259096],[-3.434282627888825,47.64393361232115],[-3.434240369563187,47.644026253705334],[-3.434561399080917,47.643918226671985],[-3.434506950555848,47.64402057190126],[-3.434633193962182,47.643959418736706],[-3.434658394628095,47.644057367963796],[-3.434823378243915,47.64398504547614],[-3.434838557019797,47.644110640598065],[-3.435035511394918,47.64408170781412],[-3.434963451843633,47.64414890165489],[-3.435060448858449,47.64428804259624],[-3.434917677590203,47.644323015685266],[-3.435076184589823,47.64463938000634],[-3.434985428143394,47.64466245118921],[-3.434962395053175,47.64458244421646],[-3.434879228178432,47.64466831285046],[-3.435129841076254,47.644862191410574],[-3.435253653581313,47.644891481068825],[-3.435340073099145,47.64483252539378],[-3.435294563015351,47.644898253901694],[-3.435429482114967,47.644908868480286],[-3.435410522208151,47.64497313149972],[-3.435603142071321,47.644908313489225],[-3.435493688703018,47.644887262501186],[-3.435539198532164,47.644821533915334],[-3.436129805919299,47.64484311667436],[-3.436102993987456,47.6449529679715],[-3.436432439964037,47.64502508997365],[-3.436669222012254,47.64499395580898],[-3.436662454111096,47.64504851506482],[-3.43672232222337,47.64499102417747],[-3.436611783727508,47.64496100317938],[-3.436790042515311,47.6448879450497],[-3.436826353522533,47.64496721872749],[-3.437082917687063,47.64498917714323],[-3.437159314134066,47.64495786624229]],[[-3.437314016600189,47.64502157200693],[-3.43731752992677,47.644940099554134],[-3.437159314134066,47.64495786624229],[-3.437314016600189,47.64502157200693]],[[-3.429920348381239,47.64388529486803],[-3.429939314513142,47.64382103270325],[-3.429850723951563,47.64386204216047],[-3.429920348381239,47.64388529486803]],[[-3.430094005063428,47.64388474806453],[-3.430224860701357,47.643751098498036],[-3.430187476918693,47.64366285159391],[-3.430094005063428,47.64388474806453]],[[-3.4302988076312,47.644252749193825],[-3.430398506529188,47.64419306497195],[-3.430291223556571,47.644189951344025],[-3.4302988076312,47.644252749193825]],[[-3.430306402902098,47.64387303333928],[-3.430421542832175,47.64383055914883],[-3.43039960039097,47.643759522364526],[-3.430306402902098,47.64387303333928]],[[-3.43232227973447,47.64363539630725],[-3.432384857352255,47.64337907844339],[-3.43228055752698,47.64351126564413],[-3.43232227973447,47.64363539630725]],[[-3.432359667028244,47.64372364252958],[-3.432477241834817,47.64359072284444],[-3.432347745511787,47.64362496037608],[-3.432359667028244,47.64372364252958]],[[-3.432874679224996,47.643893906305756],[-3.432896077932264,47.643739200191945],[-3.432805053496786,47.64387065535871],[-3.432874679224996,47.643893906305756]],[[-3.435046966198461,47.6452821880193],[-3.435005236365162,47.645158058435555],[-3.434737565537691,47.645154770297324],[-3.434773873677303,47.64523404460188],[-3.43483591247653,47.6451944968373],[-3.435046966198461,47.6452821880193]],[[-3.435232290917687,47.64548870095274],[-3.435265610701537,47.64543267630482],[-3.435172684419103,47.64543780548445],[-3.435232290917687,47.64548870095274]],[[-3.435241756201056,47.645235312760214],[-3.43528184515301,47.645124728930426],[-3.435155863542914,47.6450774971611],[-3.435241756201056,47.645235312760214]],[[-3.435444957236229,47.6453685913151],[-3.435461748582379,47.645286386166426],[-3.435382097718769,47.64529078274468],[-3.435444957236229,47.6453685913151]],[[-3.435856224742227,47.645454260439834],[-3.435870846681746,47.64535411310707],[-3.435716144974506,47.64529040544272],[-3.435747854534817,47.64544218076],[-3.435856224742227,47.645454260439834]],[[-3.436534864939027,47.645209084927195],[-3.436485279110425,47.6451305440535],[-3.436366887764151,47.6451461110084],[-3.436534864939027,47.645209084927195]],[[-3.437537571865394,47.64543368250312],[-3.43764728591138,47.64534634598257],[-3.437545682558965,47.64527970866469],[-3.43745032828474,47.645375283149924],[-3.437537571865394,47.64543368250312]],[[-3.438001064535545,47.64495654196671],[-3.438032211572554,47.64488257442079],[-3.437778901661128,47.64488753123505],[-3.437787579360315,47.64495929962425],[-3.438001064535545,47.64495654196671]],[[-3.438420441079208,47.6448882281825],[-3.438408508094386,47.64478954670748],[-3.438264652887456,47.64481555283368],[-3.438243526850394,47.64486187422698],[-3.438420441079208,47.6448882281825]],[[-3.440071386690837,47.64461642455545],[-3.440089255765337,47.64454318973893],[-3.439973036919935,47.644576702410184],[-3.440071386690837,47.64461642455545]],[[-3.440163479601388,47.64449393480814],[-3.440065383821947,47.644345827088095],[-3.440037495159931,47.64444670828668],[-3.440163479601388,47.64449393480814]],[[-3.440227176761851,47.64468909750292],[-3.440205220914268,47.64461806259234],[-3.440394578239679,47.6445263235874],[-3.44010795613693,47.6445873115884],[-3.440227176761851,47.64468909750292]],[[-3.44115016087903,47.644475550405325],[-3.44122221308086,47.64440835276072],[-3.441129289155023,47.64441348668027],[-3.44115016087903,47.644475550405325]],[[-3.441654605408724,47.64444767957869],[-3.441723400846387,47.64435356857813],[-3.441609354129726,47.64440502490926],[-3.441654605408724,47.64444767957869]],[[-3.443376237253983,47.64420804587926],[-3.443445029346385,47.644113933853326],[-3.443329899172566,47.64415642087055],[-3.443376237253983,47.64420804587926]],[[-3.443969750203177,47.64392237399311],[-3.443987613695139,47.64384913855405],[-3.443893605291303,47.64384530367744],[-3.443969750203177,47.64392237399311]]]},"properties":{}},{"type":"Feature","geometry":{"type":"Polygon","coordinates":[[[-3.483400764202199,47.633671104351656],[-3.484132344223419,47.632546636417786],[-3.484477561581067,47.63241905366019],[-3.484767181655036,47.6324932548539],[-3.484945332855107,47.632420122799516],[-3.484993885781176,47.632489672944594],[-3.485065866592675,47.63242244785629],[-3.48510005598886,47.63248376569827],[-3.485115836681532,47.632284195806854],[-3.485271652062975,47.632356809148924],[-3.485209827671708,47.63228799753963],[-3.485310535236319,47.63223723677288],[-3.485467281636072,47.632427206926515],[-3.48558109911058,47.63248409387916],[-3.485580167968811,47.632366736814014],[-3.485720366870194,47.63253053309784],[-3.485764872753847,47.632347427476404],[-3.4859264732483,47.632248120425075],[-3.486516642861409,47.63248622144685],[-3.486438267567971,47.63239123710555],[-3.48663296534971,47.6323442758701],[-3.48662766124223,47.63219103619436],[-3.486772392589657,47.63228232742779],[-3.48673273799439,47.632176156810445],[-3.486625475916751,47.632173094888785],[-3.486473096672548,47.63201900888461],[-3.486543504161791,47.63226797148273],[-3.486240771663208,47.63208612680606],[-3.486222970086584,47.632159369141135],[-3.486043889350454,47.6321151460771],[-3.486038266118058,47.63217867920494],[-3.485842475885292,47.632216668793305],[-3.485671203951473,47.632126853361356],[-3.485555971863875,47.63227776865872],[-3.485286339639527,47.632148268555795],[-3.485101635370573,47.632167577138745],[-3.485058219764197,47.632359653191145],[-3.484914583515804,47.63227733050599],[-3.484706613226128,47.632325027246985],[-3.484651506830396,47.63220165295053],[-3.484846042651545,47.63226308110328],[-3.485024517932778,47.63197317607553],[-3.484713819731577,47.6319453055975],[-3.484788751291498,47.63212176552825],[-3.484638398882518,47.63209400489283],[-3.484638235619661,47.632202391310756],[-3.484554239087739,47.63217093875194],[-3.484032891683521,47.63249798044134],[-3.483802415989588,47.632799807620486],[-3.48366314919616,47.63275336612176],[-3.483522624963095,47.63280634015902],[-3.483497339940788,47.63270840091821],[-3.483427970289509,47.63323608253946],[-3.483217312255067,47.63359099428366],[-3.483253684527958,47.63367025398454],[-3.483400764202199,47.633671104351656]]]},"properties":{}},{"type":"Feature","geometry":{"type":"Polygon","coordinates":[[[-3.490951107601807,47.63247416808682],[-3.49094236044921,47.63240240319743],[-3.490783257127213,47.632302885581296],[-3.490789817316783,47.63235670926035],[-3.490720181428229,47.63233349269172],[-3.490352323680496,47.63205593809694],[-3.490338900898294,47.63216506353257],[-3.490288154750048,47.632077574359606],[-3.490038190220127,47.632109556356134],[-3.489937639894445,47.632051934774395],[-3.489931080601678,47.63199811103902],[-3.490081435492948,47.632025864863635],[-3.490028503440049,47.6319204343283],[-3.489784158246906,47.63188888245661],[-3.489819293174846,47.6320675559909],[-3.489729674972111,47.63209964046342],[-3.489704378895146,47.63200170253066],[-3.489599303314906,47.632016584588875],[-3.489389612821394,47.63172118910389],[-3.489227081217046,47.63170314389674],[-3.489205065503076,47.63163211772895],[-3.489134184045059,47.63170831602664],[-3.489255655567141,47.63182799383771],[-3.489194765728891,47.63187654139125],[-3.489011311254053,47.63179644034795],[-3.489064241174742,47.63190187135093],[-3.488928560374934,47.63166557511242],[-3.488848934259869,47.63167000816775],[-3.488828640848263,47.63194208253],[-3.489015374732402,47.632049095747576],[-3.4886882789164,47.631886676368026],[-3.488587575225627,47.631937440055864],[-3.488524654069915,47.631859659550145],[-3.48838850882843,47.631948522009765],[-3.488457832188149,47.63218851282685],[-3.488584141015833,47.63201891458249],[-3.488781804916757,47.63221563451389],[-3.488857214394274,47.632066932553],[-3.48922193909176,47.63220919355318],[-3.489033172440427,47.63197585298281],[-3.489190085341698,47.632057431740655],[-3.489474397744849,47.63197838170133],[-3.489561523065322,47.632145129031436],[-3.489786039004813,47.63212359657039],[-3.489826792836076,47.63223873677666],[-3.490115478256627,47.63219556767583],[-3.49030221560761,47.63230257882232],[-3.490388553916446,47.632243582062266],[-3.490486918461985,47.63228326201789],[-3.490492536410052,47.632219728679445],[-3.490951107601807,47.63247416808682]]]},"properties":{}},{"type":"Feature","geometry":{"type":"Polygon","coordinates":[[[-3.483752010081217,47.63249554285472],[-3.483633991174883,47.63229438499644],[-3.483383095335129,47.63220899565852],[-3.483641966891939,47.632140406935136],[-3.483783416437564,47.63220478983248],[-3.483733773172365,47.63212626849398],[-3.483883197796902,47.632036673194584],[-3.483950481243754,47.63215033890535],[-3.48381214326382,47.6322212546627],[-3.483895047232521,47.632243737076266],[-3.48422513569112,47.63188217911],[-3.484152390805197,47.631723660152105],[-3.484495745308249,47.63136136301869],[-3.484768974639508,47.631301004100074],[-3.485058589051955,47.631375204614145],[-3.48541362857692,47.631328355057],[-3.485497785804458,47.631251420545276],[-3.485440493804759,47.63111010521603],[-3.485582104132785,47.631066099493076],[-3.485473913468535,47.63094567936097],[-3.485234713348651,47.63117574426312],[-3.485281080684985,47.63122735299316],[-3.485095287214687,47.631237690905536],[-3.48505312714306,47.631330351257546],[-3.484807858169817,47.63118143182615],[-3.484801141227778,47.63123599425089],[-3.484542439001926,47.63119619910704],[-3.484529004557754,47.631305323923236],[-3.484313391911818,47.63129022525318],[-3.484284501453371,47.63138214700164],[-3.484129782485397,47.63131850298649],[-3.48414490941482,47.63155247895694],[-3.484040925384702,47.63157632669768],[-3.483978774283737,47.631724287302916],[-3.483277257537861,47.63199812850854],[-3.482874753888561,47.631984391223014],[-3.482813691100581,47.63214132186525],[-3.48320821897006,47.632309037391124],[-3.483576372151624,47.63236984164946],[-3.483659110999748,47.63250071062846],[-3.483752010081217,47.63249554285472]],[[-3.483625419209968,47.63211423313743],[-3.483438530206123,47.63211559772885],[-3.483375616343974,47.63203781445703],[-3.483587028544989,47.63190864569785],[-3.483810453715943,47.63187815403641],[-3.483823559940986,47.631985802199004],[-3.483625419209968,47.63211423313743]],[[-3.484159108471786,47.6316690977784],[-3.484122736218063,47.63158983827745],[-3.484204547092843,47.631603349799846],[-3.484159108471786,47.6316690977784]]]},"properties":{}},{"type":"Feature","geometry":{"type":"Polygon","coordinates":[[[-3.429541343932997,47.64373461058533],[-3.429208389620523,47.643743941368456],[-3.429319197087506,47.6436655837254],[-3.429224106814968,47.64365276591279],[-3.42919350011238,47.643509959819234],[-3.429032566952867,47.64372654458503],[-3.429344958222384,47.64310424889971],[-3.429286443248394,47.64306232150131],[-3.429191078144501,47.643157889356225],[-3.429026365702737,47.64312181822823],[-3.428887926324772,47.643192668522765],[-3.42878958750352,47.643152936935216],[-3.428812080921808,47.64300720265097],[-3.42865603430786,47.64304290012431],[-3.428683414499182,47.642716279001824],[-3.428840543303147,47.642689552627935],[-3.42868721778603,47.642526420984815],[-3.428731121394725,47.64222598120024],[-3.428602986199676,47.642160800003644],[-3.428413894487747,47.64214413426371],[-3.428439082880919,47.64224208492434],[-3.428288731310189,47.64221425191554],[-3.427873416198827,47.642426799777596],[-3.427934899923844,47.64260402707816],[-3.427848197194495,47.6427713630612],[-3.427798626416374,47.64269281840202],[-3.427747940411968,47.6430478165592],[-3.427632800042818,47.64309028813228],[-3.427562060755397,47.64350057678878],[-3.427564819038731,47.64285923380008],[-3.42751035817576,47.64296157582493],[-3.427449678930734,47.64290170519687],[-3.427271657460335,47.64330887738091],[-3.427223449845797,47.643130917964605],[-3.427299849416908,47.64309961347999],[-3.427223729756266,47.64302253226956],[-3.427142718633916,47.64312633777625],[-3.427140832939255,47.643000009768556],[-3.427030303958756,47.642969979675314],[-3.427197460333368,47.642915610230524],[-3.427134615731255,47.64283779712432],[-3.427232429625398,47.64265178752934],[-3.427068802934023,47.642624684789546],[-3.427113238339718,47.642549988249414],[-3.426980772955613,47.642448920648334],[-3.426678706519021,47.64249266525597],[-3.426610449255733,47.64236999603331],[-3.426580089418431,47.6425613175202],[-3.42642079435048,47.64257009852606],[-3.426398056588282,47.6423817040492],[-3.426374192462618,47.6426268524718],[-3.426205953433195,47.64267224958045],[-3.426202423291494,47.642753721794485],[-3.426074289917997,47.642688537842645],[-3.426081868816798,47.64275133601512],[-3.425919325077783,47.64273320283437],[-3.425816941457445,47.642549198340085],[-3.425735928317135,47.642653002896914],[-3.425666307318652,47.64262974768108],[-3.425703399904736,47.64282638178757],[-3.425475848808082,47.64271249173336],[-3.42533740577819,47.642783337836086],[-3.425464790688151,47.6422886516478],[-3.425365089830297,47.64234833171892],[-3.425244820234482,47.642237559340614],[-3.425374601408645,47.64209494391369],[-3.425431746124159,47.64223628785714],[-3.425510310653355,47.642222926879775],[-3.425437726102465,47.64206437225183],[-3.425562093355448,47.64187690071741],[-3.425451619024584,47.64140435484464],[-3.424961093635504,47.64077213819718],[-3.424892557888995,47.640757853684576],[-3.424916656697786,47.64084683398781],[-3.425048031705229,47.64093893282781],[-3.424944003005897,47.64096272784077],[-3.424629809755749,47.64057365548547],[-3.424143568731414,47.64041983450419],[-3.423734589016538,47.639909551720265],[-3.422887580043134,47.639423402450895],[-3.422827703273833,47.63948088641525],[-3.420802092383117,47.63886097534749],[-3.420266322079267,47.63862859027944],[-3.419600573758427,47.638204683086585],[-3.419244452277207,47.63779984608995],[-3.418824832155599,47.636757317532016],[-3.418530766772534,47.63631293857813],[-3.417853467057699,47.63568195087022],[-3.417870282451367,47.63559974783811],[-3.417793888085842,47.635631046278576],[-3.417701575610085,47.635419389397185],[-3.417607284549413,47.635523919454016],[-3.417523921460135,47.63527564655529],[-3.417376838465059,47.63527471324871],[-3.417215701706914,47.63515715305943],[-3.417181888863008,47.634987429335084],[-3.416986039389878,47.63502530344781],[-3.417028320537524,47.63493266787346],[-3.416790791749074,47.634846404979875],[-3.416693859525097,47.63470724819411],[-3.416389968522884,47.63462463765333],[-3.416172630752911,47.63404056855421],[-3.416186205640004,47.63393145179455],[-3.416255811161052,47.633954712763995],[-3.416194678439907,47.6336690923314],[-3.41631161970628,47.63297631451941],[-3.416167913974539,47.63255977730936],[-3.416061736027049,47.63256562190397],[-3.41612053150634,47.632499169894345],[-3.41601573709015,47.6324055994906],[-3.416255717573763,47.63240142041639],[-3.416307423506603,47.632497913002055],[-3.41646885193104,47.632507088346685],[-3.416605772996851,47.63297818363186],[-3.4165894344851,47.63328613034353],[-3.416471842813909,47.63341903474888],[-3.416549014160745,47.63350509464573],[-3.416373404550391,47.63382180861292],[-3.416539035333228,47.634309385039515],[-3.416440420311289,47.63437802903629],[-3.416532248209229,47.63436394343016],[-3.416563896723198,47.63451572480986],[-3.416765149462185,47.634522707854856],[-3.417088498899834,47.63476680061188],[-3.417270774506854,47.63483804316454],[-3.417453350309258,47.63480089929712],[-3.417509385135242,47.63493327636569],[-3.417595508707482,47.634982719640554],[-3.417723912385054,47.63493952702486],[-3.418588401255518,47.63546086908845],[-3.419081750097621,47.636228414083014],[-3.419647278547156,47.637705416598074],[-3.419964663321595,47.638121416667495],[-3.420865801471711,47.63861363425553],[-3.422918239967106,47.63912369570781],[-3.423732490207615,47.63944909459856],[-3.424354135617373,47.6398392877159],[-3.424454344250757,47.6400053513607],[-3.424755031102692,47.64006102711658],[-3.425187890501406,47.64032615785108],[-3.425266168408158,47.64042118286735],[-3.425102265349944,47.6405024631805],[-3.425135308517048,47.64055482711153],[-3.425339832746693,47.64058870892151],[-3.425330089969062,47.64050796826096],[-3.425451721892061,47.64051932600238],[-3.42570364663497,47.640613810553035],[-3.425789504155632,47.640771633465604],[-3.425875927456744,47.64071268466446],[-3.426029239168974,47.640875820150384],[-3.425984803640008,47.64095051634323],[-3.426436364265021,47.64125976651226],[-3.426365380417062,47.6413359263193],[-3.426541194338751,47.641353327137864],[-3.426474541477133,47.64146537168399],[-3.42656962719152,47.64147819174886],[-3.426572073932207,47.64138774830062],[-3.426749491934866,47.64163986270437],[-3.426870324548959,47.6415338620182],[-3.427049387805614,47.641578175566835],[-3.426932886736928,47.64172006109312],[-3.426846743641005,47.64167062487495],[-3.426981933293284,47.6415728634497],[-3.426740548736601,47.64167647914807],[-3.426855125462899,47.64185077996173],[-3.426945078284177,47.64171035812828],[-3.427019029992455,47.64176949724651],[-3.427046941865151,47.6416686190161],[-3.427210565613948,47.64169572180001],[-3.427102485145976,47.64157524830184],[-3.427295905959247,47.64162780081473],[-3.42724741992892,47.64155822703663],[-3.427333842893421,47.64149927718115],[-3.427439757916986,47.64160180814996],[-3.427403986970309,47.64174827413065],[-3.427487161322234,47.6416624106873],[-3.427441085346566,47.64194490777555],[-3.42755377830068,47.641992879810736],[-3.427683552709119,47.64185026180104],[-3.427814934961968,47.64194235748178],[-3.427861534719828,47.64188560294122],[-3.427898634877492,47.642082236426795],[-3.4280148558717,47.64204873572219],[-3.427925740734163,47.64186400108682],[-3.428034101904043,47.64187608804376],[-3.428005665412659,47.641751223815],[-3.428413921358742,47.64170162006253],[-3.428916986693012,47.64177321881088],[-3.428974947269652,47.6420319179508],[-3.429089147843681,47.64210567585787],[-3.429068675247669,47.6421441505891],[-3.429210892781244,47.64232595610378],[-3.429298398052073,47.642275975959244],[-3.429249908822092,47.64220640303561],[-3.429426258940209,47.64244954212797],[-3.429552504451976,47.64238839440303],[-3.42961860192013,47.64249311963431],[-3.429857543368207,47.642479941503936],[-3.429715856835113,47.64252387940309],[-3.429709890587628,47.642695795186036],[-3.429598277501048,47.6426567963832],[-3.429516188274381,47.6427516324205],[-3.429858337249115,47.64303981236428],[-3.429637001181099,47.64308814291861],[-3.429561411128634,47.64323680575959],[-3.429491787701464,47.643213552830275],[-3.429599876881676,47.64333402401558],[-3.429375014014343,47.64346382635263],[-3.429444086912024,47.643703850690656],[-3.429541343932997,47.64373461058533]],[[-3.426739665324557,47.64244415057064],[-3.426853722186638,47.642392708701614],[-3.426719893956029,47.64239105537004],[-3.426739665324557,47.64244415057064]],[[-3.429338734302228,47.642942036381605],[-3.429407549518013,47.64284793255978],[-3.429149915589409,47.64281698612795],[-3.429137448168273,47.64293507502791],[-3.429338734302228,47.642942036381605]],[[-3.429392108379357,47.64283072236728],[-3.429448732033218,47.64274632173076],[-3.429369084465739,47.6427507142159],[-3.429392108379357,47.64283072236728]]]},"properties":{}},{"type":"Feature","geometry":{"type":"MultiPolygon","coordinates":[[[[-3.48299056499575,47.627891518141226],[-3.483022863815236,47.627713313355024],[-3.483102151774778,47.62792565757789],[-3.48299056499575,47.627891518141226]]],[[[-3.482980747774119,47.62794568322008],[-3.482990197396008,47.62810348278537],[-3.482830954794042,47.62811234076238],[-3.482922420892154,47.628314976201146],[-3.482723366828705,47.62832604852178],[-3.482704135396021,47.62860709299459],[-3.482472155799385,47.62845743030793],[-3.482483074700871,47.628547137394094],[-3.482363641698581,47.628553780377175],[-3.482373300710565,47.62874290336831],[-3.481854247569647,47.62832020036656],[-3.481825354483873,47.62841212164764],[-3.482100418576621,47.628586483548105],[-3.482156607184159,47.62871882998879],[-3.482030622839523,47.628671648366335],[-3.481970821840304,47.62872916294509],[-3.481895735537754,47.62866108751006],[-3.481808301855149,47.628711107388035],[-3.481749930580492,47.62856081934909],[-3.481912450088323,47.628578874988754],[-3.481904807520174,47.628516079992664],[-3.481533746741639,47.62821158493708],[-3.481763539104213,47.62834330807442],[-3.481783698112005,47.628179621074246],[-3.481958394926298,47.628187967899656],[-3.482081857545495,47.628433981440836],[-3.482270749342914,47.62855894705735],[-3.482245636739517,47.62835262070705],[-3.482422517948226,47.628378908260345],[-3.4824603127239,47.62825036587734],[-3.482615945360196,47.628431369538596],[-3.482693383311761,47.628408999310565],[-3.482661717655531,47.628148848784924],[-3.482798787688643,47.6281773501738],[-3.482740414208961,47.62802706258847],[-3.482839857240753,47.62807571977753],[-3.482865472563237,47.62795688610725],[-3.482974909878098,47.62797789290094],[-3.482980747774119,47.62794568322008]]]]},"properties":{}},{"type":"Feature","geometry":{"type":"Polygon","coordinates":[[[-3.478236658596522,47.627356289537204],[-3.478151935160645,47.62709908817281],[-3.478055771573612,47.627077339238156],[-3.478130112544074,47.626919673052],[-3.478215188169422,47.62696010107074],[-3.478198821076409,47.62682553973129],[-3.478056124798285,47.62686056584229],[-3.477729803219338,47.62626456844426],[-3.477641278525886,47.626305614501696],[-3.477762534779283,47.62653369132071],[-3.477749824240421,47.62686855979875],[-3.477410971349713,47.6264990433135],[-3.477134485421307,47.62653247286829],[-3.476994328619591,47.62636866577428],[-3.477051414519845,47.626618372309636],[-3.476823823008537,47.626504581326955],[-3.476878905431088,47.626627959677954],[-3.476912169727461,47.626571922614644],[-3.477017059405608,47.626665438643144],[-3.477257187468871,47.62655274752437],[-3.477394250517566,47.62658125527864],[-3.477590584453223,47.62687741063725],[-3.477977242505352,47.62709073564983],[-3.477919621102862,47.62716618971508],[-3.478236658596522,47.627356289537204]],[[-3.477928703632394,47.62702118239497],[-3.477773091001561,47.62684017235736],[-3.477842714091901,47.626863396709375],[-3.477933598600049,47.62673190532072],[-3.478062671485999,47.62691439038649],[-3.477928703632394,47.62702118239497]]]},"properties":{}},{"type":"Feature","geometry":{"type":"Polygon","coordinates":[[[-3.438800895042462,47.62526994528731],[-3.438804404799756,47.62518847195691],[-3.438921666670103,47.62516393124167],[-3.43887318044203,47.62509436169667],[-3.438991526586063,47.625078792040775],[-3.438920009802453,47.62492921551552],[-3.439009390601989,47.62500555664898],[-3.439122569503238,47.62483674446836],[-3.439439964986637,47.62481017631773],[-3.439675825525517,47.624661677855414],[-3.439430458791921,47.62462104942135],[-3.439439135417035,47.62469281844053],[-3.439327552864657,47.62465382856895],[-3.43932729762595,47.624762215321404],[-3.439220053183791,47.62475910986047],[-3.439276642129548,47.62467470367294],[-3.439167228799203,47.62465365590567],[-3.438948146389026,47.62471994681693],[-3.439314793433841,47.62443778825987],[-3.43926413826579,47.62435027659137],[-3.439647304715931,47.624094297123015],[-3.439620189769335,47.623870018906445],[-3.439498592768845,47.62385867581775],[-3.439544334533545,47.623684558150096],[-3.439307648680692,47.62371569848439],[-3.439230454799122,47.62362965319122],[-3.439519134520166,47.62358660894497],[-3.439545928690952,47.6234767556499],[-3.43937450758234,47.623495258773865],[-3.43947224338533,47.623309237074466],[-3.439115047939551,47.623338004912945],[-3.439218206914582,47.62319683909699],[-3.439057887225156,47.6231966662835],[-3.438981778967279,47.62311959194101],[-3.438991539219028,47.623200332187174],[-3.43883230396714,47.623209130202234],[-3.438804424017158,47.62331001220928],[-3.438680659617965,47.62328072598664],[-3.438477848098634,47.623481583163404],[-3.438485438861672,47.623544381154076],[-3.438646844016611,47.62355352589314],[-3.438581323203056,47.62367454951447],[-3.438675039145751,47.62378677551064],[-3.438766842954515,47.62377267235051],[-3.438770668019491,47.6240253304915],[-3.438608176990619,47.62400721478773],[-3.438552101315393,47.62387484709804],[-3.438402109252081,47.62418115834628],[-3.438307308814092,47.624059961013316],[-3.43821550438987,47.62407406381014],[-3.438289701494337,47.62402480954809],[-3.438185711659932,47.6240486165589],[-3.438266672356387,47.623944802372584],[-3.438000192017673,47.623950492813734],[-3.437901623732014,47.62401915529121],[-3.438008092868488,47.62434742230008],[-3.438135112433859,47.62440362264148],[-3.438063909888178,47.62458817697819],[-3.438218039420245,47.624868655710934],[-3.438163359732639,47.62507939038499],[-3.438286043623914,47.62509970599269],[-3.438178798564321,47.62509659957624],[-3.438114359163304,47.62522659397603],[-3.438201570540573,47.62528499344253],[-3.438391947144062,47.62520222790153],[-3.438647332500073,47.62521521197222],[-3.438778120957513,47.62508155153639],[-3.438800895042462,47.62526994528731]],[[-3.4387729549461,47.624928309142135],[-3.438662456841128,47.62489828977234],[-3.438663797881641,47.62479887416284],[-3.438869354815265,47.62484170369794],[-3.4387729549461,47.624928309142135]],[[-3.438781709836678,47.62356413671811],[-3.438669045697186,47.6235161750561],[-3.438839382662948,47.62348870182943],[-3.438781709836678,47.62356413671811]],[[-3.438877022767778,47.62346856006791],[-3.438843976697857,47.6234161995619],[-3.438986689479455,47.62338122129723],[-3.438877022767778,47.62346856006791]]]},"properties":{}},{"type":"Feature","geometry":{"type":"Polygon","coordinates":[[[-3.450488887932028,47.623146816804855],[-3.450418627073323,47.62313735541103],[-3.450514307261051,47.62337590085378],[-3.45040815135031,47.62338177669374],[-3.450298969238482,47.62325235248672],[-3.450274370055058,47.62338015032548],[-3.450056626453355,47.62334704629975],[-3.450053133990144,47.62342852004457],[-3.449839735532543,47.623431299753044],[-3.449794111179788,47.62305451618074],[-3.449613153020322,47.62288390811466],[-3.449517860355452,47.622979493553956],[-3.449642247683956,47.62323451306174],[-3.449458030709203,47.62303699165122],[-3.449331383926116,47.62331493520819],[-3.449308573512931,47.62312654332284],[-3.449245484885803,47.62315712817935],[-3.449286760610259,47.62349802778173],[-3.449144289567968,47.62342463178792],[-3.449088659207188,47.62307549540242],[-3.448926403311217,47.62294900717677],[-3.448887445411791,47.623068568001685],[-3.448619034768659,47.622947953711225],[-3.448750028802618,47.62270589507403],[-3.448626260348883,47.62267661938143],[-3.44868283221459,47.6225922085469],[-3.448606474533999,47.62262352734411],[-3.448562558748062,47.62248145904502],[-3.448485115099869,47.622503806712174],[-3.44842467234467,47.622335559445396],[-3.448226007967097,47.622680704747],[-3.448260760644413,47.62296777847495],[-3.448127455179136,47.622749375898444],[-3.448013223195004,47.6229092259291],[-3.447973042028805,47.62257729683123],[-3.448107296047377,47.62236215204489],[-3.448079060459428,47.622128904535266],[-3.448144083193222,47.622224649321545],[-3.448229365775521,47.62215671236518],[-3.448240225846077,47.62224642293467],[-3.448420564946278,47.62219128831792],[-3.448735059511984,47.6224719134775],[-3.448753523207313,47.62262442133793],[-3.448847730490203,47.62251986545506],[-3.449129789006631,47.62297387660105],[-3.449107214824085,47.62267709776017],[-3.449210346098689,47.62253592307201],[-3.449344125245887,47.622537550659715],[-3.449366935532864,47.62272594259513],[-3.449376094863605,47.62258093717349],[-3.44948791502125,47.6225115305935],[-3.449731725236503,47.6227599406794],[-3.449589489946121,47.62257815831091],[-3.449658243212125,47.6224840415747],[-3.449541226656024,47.62240020620302],[-3.449600203630248,47.622225350091426],[-3.449901902835559,47.622289932680566],[-3.449862713763897,47.62251788077088],[-3.450034980924386,47.622616720177696],[-3.450032574795187,47.62270716499035],[-3.449923394973617,47.62257774038738],[-3.450078667339031,47.62286717479377],[-3.450152851819854,47.62281791296558],[-3.450073935924034,47.62249715894226],[-3.45016682084021,47.62249201785104],[-3.450280192119612,47.622214807731304],[-3.450448036685564,47.62282866790755],[-3.450570720077879,47.622848970635076],[-3.450462857674452,47.62262013068939],[-3.450551862027094,47.62236233135384],[-3.450465960911815,47.62220452514539],[-3.450573200875182,47.62220762028453],[-3.450721492911956,47.62266000147952],[-3.450629694175859,47.62267411404394],[-3.450682074891767,47.62299633667606],[-3.450863891508418,47.623284300963014],[-3.450610452953977,47.6233976725029],[-3.45047713680228,47.623179272656564],[-3.450488887932028,47.623146816804855]],[[-3.448086798535769,47.62263422059768],[-3.448097047317689,47.62249818632647],[-3.448015021954111,47.62259303634609],[-3.448086798535769,47.62263422059768]],[[-3.450396201013168,47.623283095346366],[-3.450319222799669,47.623088670500906],[-3.450266998468634,47.62320896624054],[-3.450396201013168,47.623283095346366]]]},"properties":{}},{"type":"Feature","geometry":{"type":"Polygon","coordinates":[[[-3.455318924978922,47.62311888910241],[-3.455252801084944,47.62301417736706],[-3.455154256720734,47.62308285443572],[-3.455105751229681,47.62301329155618],[-3.455085318145949,47.62273445585879],[-3.454922825513377,47.622716362840436],[-3.454965031076972,47.62262371295853],[-3.454856702894918,47.62261165085918],[-3.454925446917839,47.62251753102418],[-3.454800812210819,47.622370903967],[-3.454694658770471,47.622376783705946],[-3.454707703950768,47.62248443565479],[-3.454643756216871,47.6223976655322],[-3.454222628072444,47.62233970942629],[-3.454104517670478,47.62224690761947],[-3.453662922273582,47.62246101911967],[-3.453287490386841,47.62222893630153],[-3.45336470489881,47.6223149723647],[-3.453164125983576,47.622533797154915],[-3.453016445539819,47.622307163886234],[-3.452862876947753,47.622252449178355],[-3.452683628985949,47.622316561667574],[-3.452732989444173,47.62250348349818],[-3.452572671795539,47.622503329235506],[-3.452468919843176,47.62241876207698],[-3.452663328963307,47.62303114958566],[-3.452240711616824,47.622630083667595],[-3.452137817394532,47.62266287413472],[-3.451948159976745,47.62242050149606],[-3.451898113229106,47.622558740047886],[-3.451766507166561,47.622575057430396],[-3.451822614241081,47.622707418862326],[-3.451558545076096,47.62262269539169],[-3.451502603272124,47.62293285240741],[-3.451364246085741,47.623003730069726],[-3.451327928429891,47.6229244600106],[-3.451339880409063,47.62302314128083],[-3.451119733298682,47.623080484053155],[-3.450905944982392,47.62274913405277],[-3.450860241076672,47.62292325625187],[-3.450674312197171,47.62249102087986],[-3.450792881076532,47.62236705234229],[-3.450926196491616,47.62258545191937],[-3.450987110526716,47.62253692408654],[-3.451020167962163,47.62258928117987],[-3.451070217011853,47.6224510430064],[-3.451168534276973,47.622490756265016],[-3.451201822981493,47.622434726407434],[-3.451241399672896,47.622540909608176],[-3.451451534834863,47.62251121426089],[-3.45149443783598,47.62209340488061],[-3.451662360316348,47.62215635780153],[-3.451868377030564,47.62198239066945],[-3.451977560349865,47.6221118134938],[-3.45198562585164,47.62195783679859],[-3.452068500471746,47.62198034191629],[-3.452116542545669,47.62226667993612],[-3.452170935121948,47.62216432535241],[-3.452266850352562,47.62229448256813],[-3.452209885007786,47.62204476337684],[-3.452351269885052,47.62210918466412],[-3.452234707962452,47.6218085781051],[-3.452415270110658,47.6216450503611],[-3.452625172867445,47.62172373983739],[-3.45263689877271,47.621930807973435],[-3.45272000166025,47.621844925692685],[-3.452803735318215,47.62198478824159],[-3.452776338252037,47.62186889978077],[-3.45285377918273,47.62184654926097],[-3.453064315519796,47.62215098281294],[-3.452969712929923,47.62192141032339],[-3.453127855184967,47.621903622015594],[-3.453232694022566,47.62199715962259],[-3.453211817040227,47.621935097335324],[-3.453292518437917,47.62193965956108],[-3.453420182009847,47.622221588210905],[-3.453402385072109,47.62174392024427],[-3.453507450512705,47.621729070667875],[-3.453773466314634,47.621940118724766],[-3.453698651569869,47.621763637987605],[-3.454088212796301,47.62211234258165],[-3.454326832198229,47.62220750119727],[-3.454374473579007,47.622159706507276],[-3.454382082853541,47.62222250350619],[-3.454630935343255,47.62218162664984],[-3.454882825176324,47.622276049171255],[-3.455197995381968,47.62278240170372],[-3.455351790587031,47.62272872643382],[-3.455628048311523,47.62280373527146],[-3.45580729437284,47.62273961827944],[-3.455678529692479,47.62244872132749],[-3.455858640128769,47.6225019621436],[-3.455865607203008,47.62233901422612],[-3.455967189759083,47.62240563640267],[-3.456051375351123,47.62232872275696],[-3.455853647011272,47.622240333384504],[-3.455902595924083,47.622093122129215],[-3.455966766783186,47.62207150464585],[-3.45595545083209,47.62219856865165],[-3.456050730576227,47.622102977921976],[-3.455988955729009,47.62203415048899],[-3.456197556964632,47.62221224947244],[-3.45625737842757,47.622154747898655],[-3.455953940633957,47.62185546587258],[-3.456127746494652,47.62174649342179],[-3.456270868358605,47.622045625826644],[-3.456205848714539,47.621398979792076],[-3.456340712578307,47.62140957035319],[-3.456355289504009,47.62130941921532],[-3.45627154760092,47.621169559164294],[-3.456420767120325,47.62118838547925],[-3.456552794975616,47.62150619474964],[-3.45664893976359,47.62152796144882],[-3.4566458976057,47.62139266153397],[-3.456790768165745,47.621375603444314],[-3.456600006805956,47.62112426721747],[-3.456695283478641,47.621028675909265],[-3.456621107521377,47.621077941938076],[-3.456601314348281,47.6210248512118],[-3.456775116183368,47.62091587775119],[-3.456720086117073,47.62079248956139],[-3.456912153818171,47.62094440962166],[-3.456883660935099,47.62081955108003],[-3.456998729993142,47.62077705019594],[-3.456797523835181,47.62077013641434],[-3.456776862981692,47.62059968771158],[-3.456988074868023,47.6205789533585],[-3.456908682167994,47.62047497764594],[-3.457052243467547,47.62055733526195],[-3.456998300574037,47.62044291816357],[-3.457219517973158,47.62039453521506],[-3.45719646203299,47.62031453162508],[-3.45730043611336,47.62029070764335],[-3.457485978505709,47.620388800913986],[-3.45763019189529,47.620696902839335],[-3.457458135278268,47.62048968751704],[-3.457355248386051,47.62052248261655],[-3.457310223552166,47.62037144647378],[-3.457128593237831,47.620526010910076],[-3.457384392607486,47.62087308605846],[-3.45717688012421,47.62070396005303],[-3.457178186581991,47.620604544019464],[-3.456952618513249,47.62061704295237],[-3.457246267409645,47.620835583761654],[-3.457303473747848,47.6209769136573],[-3.457144248149811,47.62098573664782],[-3.457257792225483,47.621151038517745],[-3.457076597481147,47.62108882884259],[-3.457043096527238,47.62125324739705],[-3.456939339923015,47.621168684155535],[-3.45691367014882,47.6212875125488],[-3.456917371511826,47.6210976515233],[-3.45675031373107,47.621152064095774],[-3.456912143660445,47.62149531551471],[-3.456758573411231,47.621440605906365],[-3.456782277040034,47.621746354435004],[-3.456514942595895,47.621634729188955],[-3.456596290895248,47.621865034018775],[-3.456491446423782,47.62177149942481],[-3.456508624300263,47.62202342207193],[-3.45634722071587,47.62201430200952],[-3.456434005798862,47.62228946181317],[-3.456345692001789,47.62222210489047],[-3.456243446676294,47.622480643797125],[-3.456325882470503,47.62271991969529],[-3.455982613806079,47.62297374873847],[-3.455714187610189,47.62285315074807],[-3.455723751179269,47.623042276487006],[-3.455549075315636,47.62303389040362],[-3.455534941055844,47.622917267593444],[-3.455423127910601,47.62298667994821],[-3.455339385818607,47.622846819349284],[-3.455318924978922,47.62311888910241]],[[-3.455906924569216,47.62267991163106],[-3.455924986107164,47.62249828665709],[-3.455836450897319,47.622539316266725],[-3.455906924569216,47.62267991163106]],[[-3.456230823028403,47.62270712372376],[-3.45626410655463,47.622651092429656],[-3.456110533644745,47.622596382001674],[-3.456230823028403,47.62270712372376]],[[-3.456207988527194,47.62251873312773],[-3.456163186301425,47.6222593097773],[-3.456122936649108,47.622478288989136],[-3.456207988527194,47.62251873312773]],[[-3.456800738449439,47.621066823740925],[-3.456711814520329,47.621054853669655],[-3.456801214273017,47.62113118133808],[-3.456800738449439,47.621066823740925]],[[-3.457142292243914,47.62085940768849],[-3.457147948671876,47.6207958755856],[-3.457025267496741,47.62077557974552],[-3.457142292243914,47.62085940768849]]]},"properties":{}},{"type":"Feature","geometry":{"type":"Polygon","coordinates":[[[-3.446038214112959,47.621082751849215],[-3.446068291606138,47.62096675697371],[-3.446179871374756,47.62100574047938],[-3.446376978432742,47.621861825993385],[-3.446410753461392,47.62158902361309],[-3.44647951105746,47.62149490870034],[-3.44655237068891,47.62154506499443],[-3.446649232544101,47.621241679069406],[-3.446765156276979,47.621316546313714],[-3.446823901144597,47.621250078470716],[-3.446864554009725,47.621365234292945],[-3.446922213039042,47.62128979532827],[-3.446865159931261,47.621590979262635],[-3.446936694503447,47.621740551178924],[-3.44684791368676,47.6218899609192],[-3.447071317888025,47.62185953937201],[-3.447041761735549,47.62172570741899],[-3.44716769875306,47.62177292694275],[-3.447197972985109,47.62158159805802],[-3.44736504184488,47.621527199161456],[-3.447650578547621,47.621899740386105],[-3.447482291737289,47.62150264980579],[-3.447629337304349,47.6215035452155],[-3.447911380089306,47.62195755954081],[-3.447818019911297,47.62217947267433],[-3.447955428833718,47.6225421467966],[-3.447891492005907,47.6224553729799],[-3.447791615221087,47.62262345968694],[-3.447808856417346,47.622324478003655],[-3.447733717818165,47.6228072859083],[-3.447713799721421,47.622311675097635],[-3.44746216111219,47.62210885020555],[-3.447369037702756,47.6222223760578],[-3.447180489326257,47.62198896668876],[-3.446960581741636,47.621937914731596],[-3.446910282700606,47.622184538092355],[-3.446772161468752,47.62214702343379],[-3.446829581478424,47.622179971457236],[-3.446696648787179,47.62229569896584],[-3.446768789357824,47.62267101577622],[-3.446521254920924,47.62261246005937],[-3.446440071509494,47.62282466691352],[-3.446409912393688,47.62246509002257],[-3.446312202311298,47.62265111760738],[-3.446338619319035,47.62220713093562],[-3.446109543535191,47.62230108259678],[-3.446277942550184,47.622147269445335],[-3.446230414320075,47.62164415514356],[-3.445978542773464,47.62154971393153],[-3.44583752663982,47.621819416802815],[-3.44584343861815,47.6216474983456],[-3.445664184258372,47.62171160008159],[-3.445761886596279,47.62251899735261],[-3.445706880332863,47.62239560407637],[-3.445687940793781,47.62245986951109],[-3.445617251868808,47.622427654861895],[-3.44560386691906,47.621985870089155],[-3.445435109413931,47.62180555044383],[-3.445398072679108,47.62205143925985],[-3.445325213441054,47.62200128225873],[-3.445264294870548,47.622049807151846],[-3.445330154938362,47.6222629114977],[-3.445431967034208,47.62222115593848],[-3.445478288108476,47.62227278069893],[-3.445433652448882,47.62245587189818],[-3.445529794412618,47.62247764773988],[-3.445489743696299,47.622588236380004],[-3.445604340667848,47.62276252052138],[-3.445379246658316,47.622558223328575],[-3.445375504158881,47.62274808384399],[-3.445290460122911,47.62270763182216],[-3.445364405828353,47.622766759907826],[-3.445246066668841,47.622782336039364],[-3.445308914059236,47.62286014020852],[-3.445232554016116,47.62289145679563],[-3.445398057625666,47.62304486339497],[-3.445282974444931,47.623087352799516],[-3.445211798366194,47.62327191161779],[-3.445253647553165,47.623838557342474],[-3.445200812160822,47.62373310606683],[-3.445175115024453,47.62385193172223],[-3.445029148531847,47.623860004302784],[-3.445006463749612,47.62411412994955],[-3.444984753753787,47.62393470837642],[-3.444917075866673,47.624037793370526],[-3.444875339689826,47.62391366594829],[-3.444709346274878,47.623977032298264],[-3.444661939023725,47.6239164361958],[-3.444551195073263,47.623994809188105],[-3.444495211118547,47.62430496262757],[-3.444293748132129,47.6244064141007],[-3.443886970521796,47.62435665809169],[-3.443837639324915,47.62416973270175],[-3.443735575979523,47.62431987361596],[-3.443700354043028,47.62424957232839],[-3.443603963080898,47.62433618178601],[-3.443470328478311,47.623783642544566],[-3.443409406187802,47.62383216642574],[-3.443264771927803,47.62374082108348],[-3.443139423913041,47.623919342117794],[-3.442995627251767,47.62394535434931],[-3.443149685548827,47.62378330837085],[-3.443127144269613,47.623486528498425],[-3.443292052836126,47.62341419328383],[-3.443270101660307,47.62334315816756],[-3.44330749283952,47.62343140181187],[-3.44336732955219,47.62337390687708],[-3.443310404686026,47.623124183485224],[-3.443450351817132,47.622845512747624],[-3.443316722535934,47.622292972907154],[-3.443469196250309,47.62233872906475],[-3.443460514589917,47.62226696025821],[-3.443372217200201,47.62219959352579],[-3.443323480751473,47.622238412624036],[-3.443227834734238,47.62199986115217],[-3.443422532600155,47.6219529716909],[-3.443409510306518,47.62184531845332],[-3.443512753336717,47.62214666750425],[-3.443610817888686,47.62229477402985],[-3.4436749939668,47.6222731633025],[-3.443702125137247,47.62249744076147],[-3.44357051672138,47.622513748909135],[-3.443546986999286,47.622650516477286],[-3.443666165190614,47.62275230003742],[-3.443575449666601,47.62277537815343],[-3.443505106579953,47.62307729391339],[-3.443558776574455,47.62330010393055],[-3.443694727997007,47.62331968017913],[-3.443645744295598,47.623466886223525],[-3.443842371666603,47.623546325115115],[-3.443871819530657,47.62323763933347],[-3.443737792519049,47.62334439231922],[-3.443816570778868,47.623222632060546],[-3.443948180867192,47.623206323641575],[-3.444053845869096,47.623417227353656],[-3.444325994857483,47.62334799170151],[-3.444422733592012,47.62359551319481],[-3.444567262399321,47.62324433869308],[-3.444584521854293,47.62294535758139],[-3.44448970957532,47.622824165189776],[-3.444576083169327,47.62276520201121],[-3.44449212510061,47.62273372049695],[-3.444595024155213,47.62270093676687],[-3.444640151779508,47.62230107212741],[-3.444745220753292,47.62228623043771],[-3.444968029901634,47.62203006801637],[-3.445030876001208,47.62210787236521],[-3.445045717950856,47.62189933575776],[-3.445165982809958,47.622010088914216],[-3.445060803368525,47.62158241219031],[-3.445228716654406,47.62164537437759],[-3.445166114180557,47.621459183173855],[-3.445302547688808,47.62126198366781],[-3.445498083874473,47.621332448773764],[-3.445615692379429,47.621642033212325],[-3.445547060509807,47.62118524179116],[-3.445624503475075,47.62116289605703],[-3.445660811463728,47.621242167961114],[-3.445739824438263,47.62101201930505],[-3.445663467291351,47.62104333620359],[-3.44564609851557,47.620899798818016],[-3.445783372273441,47.62081995676699],[-3.4458644310856,47.62115865613276],[-3.445926675514104,47.62101071501845],[-3.446038214112959,47.621082751849215]],[[-3.444971373660509,47.62349292387329],[-3.445084530501275,47.62332410578474],[-3.444896232146602,47.62298230600236],[-3.444859789575832,47.62345393926287],[-3.444971373660509,47.62349292387329]],[[-3.445055931501176,47.62375014975938],[-3.445212996279504,47.62372340110585],[-3.445165832061617,47.62355441837373],[-3.445055931501176,47.62375014975938]],[[-3.446449720344364,47.6224628879556],[-3.446481083254661,47.62228053039768],[-3.44638083937771,47.62211448413202],[-3.446366847344045,47.62244037885658],[-3.446449720344364,47.6224628879556]],[[-3.446753348458614,47.62265380769905],[-3.446640919459024,47.622497466816256],[-3.446611968894556,47.62258937965342],[-3.446753348458614,47.62265380769905]]]},"properties":{}},{"type":"Feature","geometry":{"type":"MultiPolygon","coordinates":[[[[-3.463411564803437,47.62021664220885],[-3.463343948160961,47.62011822172498],[-3.46324998015715,47.62011440237518],[-3.463236504979356,47.62022352536102],[-3.46306271858782,47.620332508475414],[-3.463089048726873,47.62043942368694],[-3.46294200583427,47.62043854774097],[-3.462609618579805,47.62023119973129],[-3.462525445743998,47.62030811818673],[-3.462412767149967,47.62026017935018],[-3.462509792297361,47.62039929921349],[-3.462153925935366,47.62032872144551],[-3.462071928880624,47.62042358144143],[-3.461944893592148,47.62036740701909],[-3.461905966732393,47.62048697234323],[-3.461807645170998,47.62044726808283],[-3.461795255213302,47.620565361821896],[-3.461562070896788,47.62051507308896],[-3.461445707529191,47.620656994558296],[-3.461226879951072,47.620614940369926],[-3.461055264445666,47.620741862360816],[-3.461057229606588,47.62086819126208],[-3.460825132757152,47.62082687200956],[-3.460845595089829,47.62110570697516],[-3.460641122987083,47.62107188698223],[-3.460618273622168,47.620883497090574],[-3.460454696715312,47.62085644080345],[-3.460465364759198,47.62105453729622],[-3.460317444807749,47.620936300095906],[-3.460153654953292,47.62101763039088],[-3.460224137985971,47.6211582232599],[-3.46010710774469,47.62107439841782],[-3.460058384492856,47.62111322452083],[-3.460080144001088,47.62129264354892],[-3.46020500352665,47.62133087807387],[-3.460323997934505,47.621541031676784],[-3.459723205829177,47.62176399327249],[-3.459409316643565,47.62170914248948],[-3.459399525784906,47.62162840389041],[-3.458989707169505,47.621443400570065],[-3.458927713867377,47.62148296164289],[-3.458710620249629,47.62112471277124],[-3.458649192626051,47.62110021883302],[-3.45873280688205,47.621087358074966],[-3.45904734914862,47.62136795562327],[-3.459215493097865,47.62132251073004],[-3.45934687921745,47.62141457192267],[-3.459321643943788,47.62131662687897],[-3.45950740786785,47.62130632990742],[-3.45948543598309,47.621235297763285],[-3.45961377268536,47.621192058804986],[-3.459521105165014,47.621088820420994],[-3.459693599467946,47.621079258661524],[-3.459687072015939,47.62102543292776],[-3.459758855493503,47.62106661003897],[-3.459916118428232,47.62093145457613],[-3.459788209958272,47.6207579198575],[-3.459953087517826,47.62068556101908],[-3.459960489814403,47.62085674471321],[-3.460064463717245,47.62083291827742],[-3.460087075427093,47.620578789282426],[-3.460228678711539,47.62053481405846],[-3.460288281289718,47.62058569739754],[-3.460278489307803,47.620504958825585],[-3.460359189147202,47.6205095161718],[-3.460259993422772,47.62035245262279],[-3.460431821937877,47.62011714472785],[-3.460531017730609,47.62027420814988],[-3.46066696766795,47.62029376467275],[-3.460664579655583,47.62038420981148],[-3.460718953925103,47.62028185114855],[-3.460912330665721,47.62033434858315],[-3.461025430401505,47.62016551478017],[-3.46117075176007,47.620482583314434],[-3.461294522004743,47.620511845746215],[-3.461384137838773,47.620479782899054],[-3.461198587967934,47.62038169582603],[-3.461299506508013,47.620222568407584],[-3.461732596229969,47.62037917939891],[-3.461688857179593,47.62012872882471],[-3.461971640001034,47.62025754840223],[-3.461949665269223,47.62018651668348],[-3.462053636978966,47.62016268846864],[-3.461937694313942,47.620087836356156],[-3.462005125151409,47.620093128350376],[-3.461978797353855,47.61998621287552],[-3.462061673125254,47.62000871092483],[-3.462020988513791,47.61989356031436],[-3.462093651563495,47.62005209401327],[-3.462364254765898,47.620190619384566],[-3.462424275646733,47.62002472753675],[-3.462513681841305,47.620101050872655],[-3.462496268068825,47.619957515926856],[-3.462749249720085,47.62006089252418],[-3.462676584711605,47.61990235923389],[-3.462838656439809,47.6201372156099],[-3.462902822139124,47.620115594293985],[-3.462798177620349,47.619913678214836],[-3.462994820397298,47.619993085006],[-3.463033123193636,47.62019868046709],[-3.463128179799307,47.620211470918704],[-3.463104026620267,47.62012249755981],[-3.463201260067164,47.6201532298084],[-3.463263455279857,47.62000527938167],[-3.463408113632811,47.62009660013126],[-3.463411564803437,47.62021664220885]],[[-3.459729714490109,47.62126691318209],[-3.459705566497479,47.62117793916861],[-3.459627041504469,47.62119132328358],[-3.459729714490109,47.62126691318209]],[[-3.460547577776385,47.62085129145231],[-3.460545613822078,47.62072496254139],[-3.460445992462071,47.62078467320653],[-3.460547577776385,47.62085129145231]],[[-3.460785749929299,47.62061230494325],[-3.460810322674826,47.620484504710134],[-3.460711790129543,47.62055318655686],[-3.460785749929299,47.62061230494325]],[[-3.460823591301592,47.62048376905253],[-3.460908854966584,47.62041582277783],[-3.460849251986587,47.62036493975104],[-3.460823591301592,47.62048376905253]],[[-3.462513473697182,47.62020943792458],[-3.462422978972278,47.62012414365835],[-3.462433862479922,47.62021385300017],[-3.462513473697182,47.62020943792458]],[[-3.462904584298219,47.62035031024951],[-3.462898261061643,47.620188097627356],[-3.462789936029855,47.62017604287108],[-3.462757749303246,47.620241047026674],[-3.462904584298219,47.62035031024951]]],[[[-3.458635265723281,47.621094665546956],[-3.45847199787385,47.62102956305927],[-3.458411092362688,47.62107809483315],[-3.458358233713731,47.62097264936142],[-3.458300591187582,47.6210480939834],[-3.458502453714452,47.62128075011735],[-3.458176604388213,47.62112721537984],[-3.458260134431679,47.62137546104726],[-3.458103083100492,47.62140222727791],[-3.457914708176801,47.621060448151155],[-3.457763313318921,47.621023681796395],[-3.457839880975053,47.62088396998729],[-3.457807959118629,47.620871077894066],[-3.457885342827672,47.620818231884925],[-3.457763096903295,47.620581162792554],[-3.457894478693819,47.620673225654095],[-3.457939940299747,47.62060748752338],[-3.458078935874929,47.62076234698977],[-3.458184215018842,47.62063910618485],[-3.458123526750539,47.62057925080102],[-3.458298194987121,47.62058763304476],[-3.458253821498389,47.620662342286415],[-3.458395426514495,47.62061836928707],[-3.45825817213864,47.6206982261692],[-3.458292323233881,47.62075955222379],[-3.458419572070532,47.620707343596955],[-3.458415004853863,47.62077984673309],[-3.458301024587833,47.6208313199821],[-3.458265785773151,47.620761022962135],[-3.458175079945506,47.62078411244092],[-3.458233376348661,47.62093441285511],[-3.458516371362488,47.62095485374879],[-3.458572925765651,47.620870438049856],[-3.45853181556174,47.62097206028565],[-3.458635265723281,47.621094665546956]],[[-3.458111999166508,47.62081470212335],[-3.45817181700141,47.62075719952775],[-3.458053486034665,47.62077278865181],[-3.458111999166508,47.62081470212335]]],[[[-3.4577882216802,47.62086310664289],[-3.457643242584509,47.62080455455303],[-3.457719592361578,47.62077322981879],[-3.4577882216802,47.62086310664289]]]]},"properties":{}},{"type":"Feature","geometry":{"type":"Polygon","coordinates":[[[-3.430700180363051,47.621021103650094],[-3.430763549696489,47.62088214183511],[-3.43088297193147,47.620875551586764],[-3.430829622913261,47.620986867544616],[-3.430971251370334,47.620942927806084],[-3.430986958841276,47.62085175103913],[-3.431263444199282,47.62081843062797],[-3.43074513799581,47.620729630998284],[-3.431134546043221,47.62063589330783],[-3.43128592145407,47.62067269418612],[-3.431449754217125,47.6205914043665],[-3.431486583045147,47.62045390676791],[-3.431275633325765,47.620366208029715],[-3.431472502033308,47.62033728089671],[-3.431517183800812,47.62015419483679],[-3.431394513850625,47.62013387206775],[-3.431717029976524,47.61981804873771],[-3.431576759228604,47.619762573621074],[-3.431639041620669,47.61961464001786],[-3.431330880958665,47.61949618280856],[-3.431437302472047,47.61938193726813],[-3.431415640002981,47.61920251273955],[-3.431178701467446,47.618899504298945],[-3.431053868424075,47.61886123869768],[-3.431159745680792,47.618963767491984],[-3.431035995551145,47.618934473103444],[-3.431018122629181,47.619007707503684],[-3.430883542216849,47.618888700635104],[-3.430591632010003,47.61890480993334],[-3.430495775715471,47.618774634695825],[-3.430403978316672,47.61878873139094],[-3.430473297102896,47.61892037112745],[-3.430268852625011,47.61888649792521],[-3.4302122555736,47.618970899998814],[-3.430238519252404,47.61907782268182],[-3.430372289152133,47.61907947200305],[-3.430274802976847,47.61915709945234],[-3.430275338725169,47.61938284475884],[-3.430206829015209,47.61936856320595],[-3.430438349290928,47.619626717375766],[-3.430279659060628,47.61986124899699],[-3.430367662654879,47.62003701270263],[-3.430176482896315,47.62000240715895],[-3.430145065632229,47.62018476054791],[-3.430044328375623,47.62023547405904],[-3.430090358875566,47.62039549194859],[-3.430200842840046,47.62042551949721],[-3.430231986372239,47.6203515530932],[-3.430319181162815,47.62040995859116],[-3.430240649937657,47.62042332295261],[-3.430317824693343,47.620509374328456],[-3.430175113909882,47.62054434205213],[-3.430434533640493,47.62070161599733],[-3.430248492573857,47.62082025368106],[-3.430135841891741,47.62077228372051],[-3.430021834383418,47.620823729367935],[-3.430355455145572,47.620931754331295],[-3.430484897700211,47.62089751860633],[-3.430700180363051,47.621021103650094]]]},"properties":{}},{"type":"Feature","geometry":{"type":"Polygon","coordinates":[[[-3.438354163403145,47.62782933657417],[-3.438101667449997,47.627774046784175],[-3.438241139048521,47.6277121561321],[-3.437930490130479,47.627684161167224],[-3.438027722853239,47.627714914252934],[-3.437889335381858,47.62778577577745],[-3.437976550694154,47.62784417533497],[-3.437902347991808,47.62789342930129],[-3.438326755599817,47.62797835745351],[-3.438252553034088,47.62802761163888],[-3.438334346824568,47.628041155308665],[-3.43806784604312,47.6280468458922],[-3.436939521139978,47.62777502057568],[-3.436519975862418,47.62750919876794],[-3.436378034151117,47.627219014153916],[-3.4365432242973,47.627038301994396],[-3.436473880000567,47.62690666641011],[-3.436635555692391,47.62680742728678],[-3.436637161266512,47.62659962516029],[-3.436798011935508,47.626383028001435],[-3.436929631959524,47.62636672751775],[-3.436899014554082,47.62622392216581],[-3.437497265680736,47.62619990956318],[-3.4370893965257,47.626141158787874],[-3.437270279143407,47.62586926814545],[-3.4370295053908,47.62575613257432],[-3.437118320117558,47.625606730595585],[-3.437016495062104,47.62564847883476],[-3.437023260141782,47.625593919010505],[-3.436836392807042,47.62559520904979],[-3.437056565627922,47.625537893274846],[-3.437050060456324,47.625484066401455],[-3.436922779337865,47.625536251615316],[-3.436862109344167,47.62547638533621],[-3.436933317229495,47.62529183181649],[-3.436767830980058,47.62513841340049],[-3.436963630138432,47.62510050593226],[-3.437032408912561,47.62500639675166],[-3.436567132700688,47.62491469132363],[-3.436754258123969,47.624805014976324],[-3.436683571485217,47.62477279495917],[-3.436625894225272,47.6248482287335],[-3.436652694983162,47.62473837617348],[-3.43678973167122,47.62476693159761],[-3.436861762760294,47.624699735956774],[-3.437000447875037,47.62496300691378],[-3.437058124729716,47.62488757295892],[-3.437104440019284,47.62493920096944],[-3.437312424029522,47.62489158880211],[-3.437304268925401,47.62460304613667],[-3.437163979798283,47.62454757786709],[-3.436982276949154,47.62470211063579],[-3.436873948615581,47.62469003187059],[-3.436892899556657,47.62462576793921],[-3.436816532051142,47.624657078995405],[-3.436791336583807,47.624559129250784],[-3.436659720974382,47.62457542959381],[-3.43673392021116,47.624526176332765],[-3.436531357551221,47.62461864325221],[-3.436405423229783,47.62457141232889],[-3.436261360067757,47.624705803009874],[-3.436362661399442,47.624880828893396],[-3.436238072165141,47.62473418220968],[-3.436132996008624,47.62474901622756],[-3.436187720952258,47.62498080059593],[-3.436076402013509,47.62483342088872],[-3.436006537769372,47.624918558356754],[-3.435777694615352,47.62490410289063],[-3.435731118098087,47.62496086108653],[-3.43567153404541,47.62490996533193],[-3.435638227497421,47.62496599069074],[-3.435379855612711,47.62481769981329],[-3.435376340653153,47.62489917305623],[-3.435686709392937,47.625035561583196],[-3.435462201495633,47.62505699014145],[-3.435259077734663,47.62492371021547],[-3.435121513904453,47.625111926451076],[-3.43511419067068,47.62494074156537],[-3.435005862275576,47.62492866106908],[-3.434848524503975,47.62506378270538],[-3.434872632822955,47.62515276167622],[-3.434825235694094,47.62509216161828],[-3.434657059115398,47.6251375713072],[-3.434552246661899,47.62504401717962],[-3.434490231070873,47.62508356520605],[-3.434543841502382,47.62486386108042],[-3.434174712310612,47.62479393089515],[-3.434199350687674,47.62466613654277],[-3.43402900757717,47.62469360298576],[-3.43401872252429,47.62482963586681],[-3.433954805612033,47.62474285452417],[-3.433845127870619,47.62483018850885],[-3.433767941182482,47.62474413965493],[-3.434065014840904,47.624438746933194],[-3.434229673039972,47.6244748113066],[-3.434183360933623,47.624423182143865],[-3.4343537031018,47.62439571547194],[-3.434286535046873,47.62428202076275],[-3.434355317485901,47.624187913119],[-3.434119710050906,47.6242280141086],[-3.434277047203965,47.624092893395975],[-3.434264042831318,47.623985239257784],[-3.434124842157875,47.623938738499014],[-3.43431387116545,47.62395539515318],[-3.434246703749376,47.62384170039532],[-3.434365048465518,47.62382613541713],[-3.434252387741367,47.6237781695013],[-3.434358546216398,47.62377230834647],[-3.434345541757494,47.62366465419962],[-3.434101533168589,47.62352459892517],[-3.434014861190759,47.623249422712846],[-3.434142405458136,47.623088853778356],[-3.434082007244446,47.62292059914242],[-3.434164323577821,47.62271737207652],[-3.433947942441028,47.62258482233813],[-3.433786274541395,47.62268405795688],[-3.433735630100282,47.622596543812044],[-3.433719926810502,47.62268772086692],[-3.433627039971955,47.62269284887765],[-3.433678501200526,47.62289772109844],[-3.433572344390018,47.622903581637814],[-3.433581012860377,47.622975351155326],[-3.433524950734142,47.62284298098215],[-3.433401190314259,47.62281368915815],[-3.433417443256495,47.62294825703084],[-3.433365715647635,47.622851771545925],[-3.433337825553938,47.62295265226635],[-3.433458068494913,47.62306341741748],[-3.433329973523663,47.62299824075949],[-3.433235735005929,47.62310278409799],[-3.433379534152217,47.62307678387132],[-3.433295863280566,47.62337942597184],[-3.433165868496406,47.62318791994258],[-3.433193210911408,47.622861294411635],[-3.433133631621766,47.62281039730744],[-3.433046161849082,47.6228603808271],[-3.433005537653738,47.622745220285175],[-3.432848469638618,47.62277195253578],[-3.432846839547239,47.622537236435534],[-3.432714412967169,47.622436174289966],[-3.432802965772956,47.62239516220728],[-3.432447118834932,47.621881975266064],[-3.43223345602009,47.621993109699766],[-3.43221585803546,47.62240047599694],[-3.432137594182239,47.622305454752926],[-3.431960487709897,47.62238747784513],[-3.431845665670912,47.62232156715739],[-3.432027105237756,47.62227542906545],[-3.431995690128331,47.62201526403724],[-3.431790962305473,47.62208978043819],[-3.431528011190514,47.62201398286582],[-3.431377443612854,47.62209454042429],[-3.431264246034329,47.62226334533706],[-3.431535051475869,47.62229355510618],[-3.431245289156224,47.62232760843306],[-3.431169728961036,47.62291879250709],[-3.430996412636425,47.62281095407903],[-3.430905691536761,47.62283402235344],[-3.430904880759255,47.622716664297094],[-3.430714774128749,47.6226910308978],[-3.430790059315546,47.62265075258272],[-3.43066657365491,47.622513071005734],[-3.430605368240338,47.62266997508878],[-3.430536044259665,47.62253833568395],[-3.430348104456457,47.6225306441251],[-3.43026496451406,47.62261651045377],[-3.43018778679743,47.62253045913609],[-3.430218110407959,47.622781653360164],[-3.430020423173682,47.622693220278485],[-3.42997384246435,47.62274997624291],[-3.429949743395618,47.622660996151204],[-3.429807026619205,47.62269596338648],[-3.429835457173638,47.62282082840618],[-3.429876623424703,47.62271921637454],[-3.429983589024542,47.62283071725665],[-3.429679470250779,47.62285652761882],[-3.429661594154792,47.62292976166406],[-3.429615287806791,47.62287813064912],[-3.429649132510061,47.623047851832546],[-3.429474717900638,47.62337355842133],[-3.429373166570659,47.62330691323984],[-3.429452252818562,47.62307677585169],[-3.429174395966332,47.62320950752265],[-3.428919529896653,47.62386476595283],[-3.42865466065572,47.62410515106592],[-3.428530899982308,47.62407585410028],[-3.428437759548776,47.62374684643199],[-3.428527149300811,47.6233806772412],[-3.428407193280053,47.6231615202212],[-3.428407721170962,47.623387265072196],[-3.428311862153162,47.6232570883417],[-3.428299702876923,47.622824273023745],[-3.428422655200948,47.62273621218088],[-3.428342232261101,47.6226232459323],[-3.428261254269896,47.62272705330902],[-3.42822741418238,47.62255733169548],[-3.428037031253799,47.62264008078096],[-3.4280086050021,47.6225152153119],[-3.427851535161818,47.6225419408457],[-3.427700435652724,47.62239674869975],[-3.427709899894928,47.62258587676497],[-3.427601577954356,47.62257378938689],[-3.427570429481233,47.622647755005076],[-3.427537395009462,47.62259539127847],[-3.427519516062377,47.62266862500566],[-3.427476738883324,47.62253552003426],[-3.427432041265744,47.62271860432435],[-3.427416885997475,47.6225930068517],[-3.427329411228665,47.62264298609548],[-3.427306399113173,47.622562976702866],[-3.427173945818606,47.62290442687694],[-3.427100020072082,47.6228452872803],[-3.427041248893032,47.62291174514598],[-3.426991697743234,47.622833199338196],[-3.426848698003356,47.62297654977915],[-3.426980873261097,47.62274348682323],[-3.426866056604664,47.62267757125218],[-3.426976021646187,47.62248185687954],[-3.426849298964378,47.622317257493656],[-3.426944350663152,47.62233007738036],[-3.426920256833443,47.622241096644444],[-3.427044292534858,47.62216200848124],[-3.426860684216777,47.62219019632429],[-3.426825766516586,47.62201150300163],[-3.426633499610765,47.621967920436596],[-3.426888866631793,47.62198093023855],[-3.426920015660157,47.62190696477682],[-3.42662700538355,47.62191409288439],[-3.426579620490342,47.62185348937987],[-3.426534119210123,47.62191921525616],[-3.426398177650007,47.62189961901908],[-3.426512190947837,47.621848176937384],[-3.426410646217921,47.62178152912793],[-3.426442077177619,47.62159917689316],[-3.4263380867859,47.62162297338502],[-3.42644560555472,47.62151770378144],[-3.426214333138132,47.62159367392738],[-3.426114153590166,47.62142761021385],[-3.426056465010261,47.62150303889788],[-3.425985789200711,47.62147081235212],[-3.425962214888822,47.6216075764475],[-3.425898314930899,47.62152079055286],[-3.425531101301402,47.621577162365384],[-3.425517033003614,47.62146053584372],[-3.425405467376766,47.62142153260779],[-3.42549538958858,47.62128111040886],[-3.425321806386446,47.62128165038409],[-3.425578535122578,47.62119524741664],[-3.425550115390433,47.621070381256665],[-3.425692830609209,47.62103541919393],[-3.425601877317295,47.62072435129662],[-3.425525508771238,47.620755655032816],[-3.425541225487618,47.620664478989724],[-3.425448341384203,47.620669600501266],[-3.425972896375213,47.62047811914632],[-3.425930124807414,47.620345013458795],[-3.425862697234801,47.62033970063723],[-3.425902221972946,47.620445892533034],[-3.425696692370399,47.620403040080944],[-3.425840487915827,47.62037704910038],[-3.425787694296303,47.62027158885863],[-3.425940429606503,47.62020898097737],[-3.425895211428774,47.62016631968872],[-3.425573508185443,47.62015696598913],[-3.425548851241468,47.620284758817164],[-3.425535865396829,47.6201771034973],[-3.425455169040441,47.6201725220886],[-3.425572709170056,47.62003960773474],[-3.425583530737662,47.62012932050473],[-3.425792588474957,47.62009070001034],[-3.425773109061198,47.619929217052345],[-3.425676696818761,47.62001581190502],[-3.425641501503085,47.619945505018094],[-3.425286485326808,47.61999217316817],[-3.425238021564653,47.61992259777915],[-3.425679427012602,47.61981698048319],[-3.425690015249811,47.61957256098314],[-3.425523780142886,47.61930176788919],[-3.425669737117844,47.61929371966652],[-3.425709543557923,47.61929152466505],[-3.425779416858437,47.61920639311088],[-3.426011479516942,47.61924778203923],[-3.426085963267063,47.619090148376756],[-3.426143367220699,47.619123106620776],[-3.426185619884846,47.619030466974],[-3.426231919578726,47.619082099450615],[-3.426199170490207,47.618921348208325],[-3.426316424388165,47.61889682006941],[-3.426396599545206,47.618675655506294],[-3.426363850210158,47.6185149042767],[-3.426239021517267,47.61847663352141],[-3.426305646172907,47.61836458778065],[-3.426212766144098,47.61836970990618],[-3.426199779426516,47.61826205455444],[-3.426089302189609,47.61823202318753],[-3.42600399770682,47.61829994411143],[-3.425969085418283,47.61812125017609],[-3.425921422215311,47.6181690333752],[-3.425787937428904,47.618058991866924],[-3.425628715337702,47.61806777190386],[-3.425662311034434,47.61790336210485],[-3.425525297916334,47.61787479352505],[-3.425340390199906,47.617559875137125],[-3.424911702220537,47.61788153390512],[-3.425188690215002,47.61807397330635],[-3.425145868582136,47.61838338679317],[-3.425079809736608,47.61827865772864],[-3.424941429541083,47.61834950425563],[-3.424848834009593,47.61824623822071],[-3.424880212074181,47.61850640567324],[-3.424734541967441,47.61840606584606],[-3.424724234443784,47.61854209834684],[-3.424689041353904,47.61847179111975],[-3.424586138230227,47.618504557382394],[-3.424688698690174,47.61902269766276],[-3.424586591335648,47.61917282223621],[-3.424772069719722,47.6192709675265],[-3.42480373271228,47.61942274785294],[-3.424774746221054,47.61951465541873],[-3.424735224414968,47.619408463090664],[-3.424716260691609,47.61947272522086],[-3.424621214615143,47.61945990350207],[-3.42463203446635,47.619549616386884],[-3.424759028534166,47.619605831412436],[-3.42488738943219,47.61956263058115],[-3.424782035557365,47.619685841428335],[-3.424690520013877,47.61959154662527],[-3.424686704147561,47.61978140676036],[-3.424638526394527,47.619603444115306],[-3.42450475535941,47.61960178822701],[-3.424518594823744,47.61938428267685],[-3.424322807795561,47.61942216939366],[-3.424366024970123,47.62022354022746],[-3.424217105357966,47.62009628597883],[-3.42416135547893,47.61985552413182],[-3.424020806193626,47.619908426928895],[-3.424003495976188,47.619764886246536],[-3.423945519767155,47.6199487009371],[-3.424089028788487,47.62003109908711],[-3.424060040736574,47.62012300644684],[-3.424206000177386,47.620114960056874],[-3.424087660727045,47.62013051477104],[-3.424135041262153,47.620191119340134],[-3.423895689377013,47.61997854067952],[-3.423890566577924,47.61982529722807],[-3.423775760013033,47.61975937852041],[-3.423773309526295,47.61984982291975],[-3.423668526527264,47.6197562587723],[-3.423592158232426,47.619787561259855],[-3.42356027833379,47.619301648312394],[-3.423493139674054,47.61918794709988],[-3.423358000317042,47.61928570561775],[-3.423234323514514,47.618813883540696],[-3.423046397875035,47.61880618021772],[-3.423043657926807,47.61900501168093],[-3.422944286316581,47.61895630337191],[-3.422964550085554,47.61923514520982],[-3.422839433459644,47.619305257853085],[-3.422754700845247,47.61915640233211],[-3.422706744885943,47.619312571211026],[-3.422638526385413,47.619189898200155],[-3.422471729085969,47.61913587476847],[-3.42242131956167,47.619382487925456],[-3.422422477695154,47.618948939839456],[-3.422323396487933,47.61879184396146],[-3.421981653834348,47.61883777080747],[-3.422024414350384,47.618970878043726],[-3.421925043733597,47.6189221688666],[-3.421810450717326,47.61919038059674],[-3.421971920104752,47.61875702896095],[-3.421863897896,47.61863654919097],[-3.421786448653861,47.61865887919777],[-3.421793728291561,47.618830065468856],[-3.421712243783045,47.61870812311059],[-3.421692195192607,47.61876341345389],[-3.42158280091197,47.61874234915087],[-3.421490709794281,47.61886482587923],[-3.421622523958065,47.61918267498404],[-3.42153721227375,47.61925059261204],[-3.421657131305283,47.61946975712699],[-3.421727011300902,47.61938462800526],[-3.421741570439734,47.619727000411984],[-3.421601310297697,47.61967151331211],[-3.421354984192031,47.61917935614439],[-3.421194676628734,47.619179158810766],[-3.42114101697112,47.6193988574475],[-3.421069850088471,47.61914088254343],[-3.420919860000752,47.619004652696226],[-3.420887037707078,47.61928641937653],[-3.420729478415546,47.61908739002048],[-3.420805757465931,47.619498608763614],[-3.420551577130464,47.61905203760016],[-3.420504696106879,47.61921717691071],[-3.420920178244809,47.62011543662234],[-3.420688994931737,47.619748876668666],[-3.420677009352047,47.62009271133853],[-3.420380857794084,47.61963039057569],[-3.42049802344915,47.62004838753232],[-3.420381058030757,47.61996452284604],[-3.420422440570182,47.62019704622891],[-3.420318744035703,47.62011245041744],[-3.420292699400297,47.620339657767424],[-3.420419103565709,47.620612651372845],[-3.420404459416718,47.62071279805093],[-3.420342732140633,47.62064395172181],[-3.420296142931169,47.62070070388583],[-3.420428248106692,47.620910167123085],[-3.420635938119967,47.62097097147289],[-3.420709065773328,47.62091275698283],[-3.420827115161371,47.62100559261659],[-3.420613724881834,47.62100831892991],[-3.420594755629059,47.62107258033805],[-3.420547378330669,47.621011974360165],[-3.420503446112149,47.62131241436015],[-3.420627397758224,47.621675851849716],[-3.420751148529918,47.621705157225925],[-3.420986958905885,47.62199921507249],[-3.420908130385033,47.62212096000426],[-3.420846400831199,47.62205211399112],[-3.420747813990184,47.62212076205755],[-3.420686084643324,47.62205191595968],[-3.420513580232146,47.622061420101694],[-3.420493235675836,47.62222509699367],[-3.420404179658455,47.62204035473029],[-3.42026253959378,47.622084281629434],[-3.420355533083607,47.62285581470358],[-3.420257437550733,47.62315020724148],[-3.420153441381104,47.62317399820763],[-3.419931686846142,47.62299656596643],[-3.419892663976974,47.62311611710906],[-3.420001772084841,47.62324556973945],[-3.419748071902869,47.62302474261584],[-3.419674940308481,47.623082956441046],[-3.419737750780996,47.623160774353835],[-3.419597483699937,47.623105284945254],[-3.419456726871693,47.62282405043748],[-3.41932727257457,47.622858273905486],[-3.419360594924755,47.62280225313836],[-3.419207355496357,47.62263910737947],[-3.419086846758427,47.62263671435785],[-3.41907495448643,47.622538029775775],[-3.419028065833761,47.62270316819812],[-3.418885935255889,47.6225213484468],[-3.418765426798196,47.622518955093426],[-3.418768860140466,47.62288000085286],[-3.418826263651666,47.622912962629144],[-3.41884199244487,47.62282178758891],[-3.4188427767053,47.62293914572129],[-3.41894785410143,47.62292432724464],[-3.418840020888373,47.62313797666389],[-3.419040149911712,47.62313598450526],[-3.4189128567895,47.623188150155045],[-3.41888031807775,47.623361528890015],[-3.419132446453868,47.62334764166992],[-3.419222877461849,47.62343296932578],[-3.419277334289886,47.6233306301312],[-3.419408656460976,47.62342273614558],[-3.41941347107404,47.62368436627593],[-3.41929728466396,47.62371785874241],[-3.419283718733269,47.62382697643818],[-3.419450823055083,47.62377261753815],[-3.419274477449049,47.62397197939656],[-3.419191613569393,47.623949451033916],[-3.41906372589968,47.62421839030285],[-3.419206453782073,47.62418343622286],[-3.419258749055608,47.624063154441146],[-3.419208616120921,47.62420137885701],[-3.419380046481182,47.624182905337385],[-3.419089969830097,47.62432531520385],[-3.419036296337627,47.624545012292955],[-3.418917945560569,47.62456056173339],[-3.418375918421045,47.62505098794649],[-3.418183349296692,47.62511577822229],[-3.418108349446355,47.62504766167944],[-3.417977807911651,47.625072912289454],[-3.41793553622114,47.62516554867876],[-3.417827211259997,47.625153452251574],[-3.417774428747797,47.625047988646855],[-3.417566426708408,47.62509556601807],[-3.417505778924942,47.62503568967299],[-3.417415529641263,47.62528449212013],[-3.417432823933816,47.62542803337144],[-3.417547934321032,47.6253855714622],[-3.41762509578906,47.625471631004814],[-3.417498577059424,47.62564115302804],[-3.417529142229693,47.6257839635039],[-3.417656442894064,47.62573179943181],[-3.417651819883214,47.62580430077703],[-3.41781647120215,47.62584038826279],[-3.417906306852191,47.62614249008357],[-3.417649725070749,47.626563007108],[-3.417774566514629,47.62660128688485],[-3.417620423061813,47.62676329914993],[-3.417783996334576,47.6267904153439],[-3.417806398106055,47.627087199587606],[-3.417651172376928,47.627240240536764],[-3.417909805469694,47.6272801838876],[-3.417917372575615,47.627342983090124],[-3.417729417676839,47.627335271245244],[-3.417951481571509,47.62740432072326],[-3.417799797303148,47.627475889239854],[-3.417836068262208,47.627555169531675],[-3.418054107477349,47.6274799470069],[-3.418029429149127,47.62760773776575],[-3.418281577802818,47.62759385241278],[-3.41833112055494,47.627672401722975],[-3.418332576536297,47.628349634756205],[-3.418110209878213,47.62838897253613],[-3.418165158520254,47.62851237842129],[-3.418031365359898,47.62851071512594],[-3.418035092616055,47.62876337332098],[-3.417812126123212,47.62901948345981],[-3.417668303387421,47.62904546444002],[-3.417576667656204,47.62939368163248],[-3.417201524317695,47.629495614307324],[-3.417204466954487,47.62963091466855],[-3.417346129561108,47.629586991648665],[-3.417300310329231,47.6297611000867],[-3.417125618535865,47.629752656569025],[-3.41688306494838,47.63028979813563],[-3.416676122556245,47.63034634510305],[-3.416644954407951,47.63042030751074],[-3.416744341612109,47.63046902089233],[-3.416609462731691,47.6304583846591],[-3.416704225262793,47.630579599199145],[-3.416600992480235,47.63072074458755],[-3.415992219295995,47.63132319764509],[-3.415624624366348,47.63148792434662],[-3.415643773929899,47.63175779434028],[-3.415514599148737,47.63168362712182],[-3.415466744957789,47.63139727546575],[-3.416280308065074,47.63072033665154],[-3.416216412940221,47.63063354586754],[-3.416327212261527,47.630555200014165],[-3.416226744481275,47.630497514964354],[-3.416442938057048,47.63029596654714],[-3.416338926264958,47.63031975402927],[-3.416319169733603,47.630266656735714],[-3.416498488052532,47.630202600324864],[-3.416204350061669,47.63020073093959],[-3.416117154723143,47.630142315198825],[-3.416164058916429,47.62997717857768],[-3.416005880440502,47.629994916759784],[-3.415964206840798,47.62987077939578],[-3.415819300196303,47.62988778676721],[-3.415790898666048,47.629762918791975],[-3.415895990342494,47.62974810311303],[-3.415962045362883,47.62985283675399],[-3.415964509544485,47.62976239298434],[-3.416160340431951,47.62972452048119],[-3.416085034229838,47.629764789218754],[-3.416161118897778,47.629841878214435],[-3.41617901583111,47.629768646497176],[-3.416311731291096,47.62976134059502],[-3.416361273156179,47.6298398906529],[-3.416360494250314,47.62972253292086],[-3.41658394859307,47.629692169814874],[-3.416625145369148,47.62959056281477],[-3.416650306204817,47.62968851665248],[-3.416498312081626,47.62986846980801],[-3.416608808006101,47.62989851006787],[-3.416818813404425,47.629534746571835],[-3.417015723759021,47.62950584394484],[-3.416980533594026,47.629435534791476],[-3.417140091330188,47.629318380157216],[-3.417104901124965,47.62924807103453],[-3.417027434495175,47.62927039776345],[-3.417091930129943,47.629140415272715],[-3.416972487703153,47.62914699139133],[-3.417010440623512,47.62901847028053],[-3.417120154512122,47.62893115229424],[-3.417258272449211,47.62896870188554],[-3.417236353635819,47.6288976620834],[-3.417427556862015,47.62893228865064],[-3.417604707378636,47.62885028787357],[-3.417683553371633,47.628728545593056],[-3.41757414025038,47.62870747764307],[-3.417762997094239,47.62839003027219],[-3.417973472503969,47.62825200874921],[-3.417899549545338,47.62819286349231],[-3.418023910953437,47.628005398636795],[-3.417978991100906,47.62785434793107],[-3.417809710482816,47.62789076198537],[-3.417920501772366,47.62781241450992],[-3.417839794527248,47.62780782785739],[-3.4178731215283,47.627751807657305],[-3.417680841257301,47.6277082104834],[-3.417764009371947,47.627622353338616],[-3.417382693046197,47.62756207226368],[-3.417522487635423,47.627391819798184],[-3.417455351661158,47.62727811558778],[-3.4171400923437,47.62732256660592],[-3.417040710636747,47.627273853482045],[-3.417053201160955,47.62715576491708],[-3.416854137826746,47.62716672499212],[-3.416915388816355,47.627009828480524],[-3.417166454052325,47.626986974205124],[-3.417389115360038,47.626839251614975],[-3.417148379376647,47.62672607512154],[-3.417144656459696,47.626473416633],[-3.416975379651688,47.626509829504066],[-3.417032005624724,47.626425434173306],[-3.416898217730413,47.626423769578246],[-3.416999279735893,47.62626468095872],[-3.416870896338793,47.62630787297136],[-3.416874740470055,47.626118013729254],[-3.417055125031478,47.626062927657],[-3.417298800519406,47.62631140497159],[-3.41744291575024,47.62617703779422],[-3.41730294309382,47.62601315909145],[-3.417454324215474,47.62604997779485],[-3.417242894734994,47.625736509364714],[-3.416928725163672,47.62578993117557],[-3.416932268337441,47.625708458527356],[-3.416736753843022,47.625637945759216],[-3.416862974129877,47.62557681121448],[-3.416650646142727,47.62558850161283],[-3.416652630757741,47.62527231297336],[-3.41670138936851,47.62523350506715],[-3.416792900471716,47.6253278058567],[-3.416772365591582,47.62515735049799],[-3.416881470304663,47.6252868059073],[-3.416864177540427,47.62514326456393],[-3.41699039651169,47.62508212986593],[-3.416815720079228,47.62507368586444],[-3.41683853946948,47.62481956583451],[-3.417016156976236,47.62496331049426],[-3.416947944331677,47.62484063451572],[-3.417102564372056,47.62490436770146],[-3.417097760974832,47.62464273764011],[-3.417291410565541,47.62458692047136],[-3.417315189472134,47.62478428978461],[-3.417352357454917,47.62453841023486],[-3.417401896004064,47.624616960062724],[-3.417525951326748,47.62453788210512],[-3.417399552662172,47.62426488591899],[-3.417579930420175,47.62420979898371],[-3.417544144075332,47.62435626326135],[-3.41762700789119,47.6243787927881],[-3.41762976829018,47.624179962000966],[-3.417983738046206,47.62412434589751],[-3.417998871555109,47.62424994449446],[-3.41783392614234,47.624322243962304],[-3.418072789163734,47.62430908980855],[-3.41814838440796,47.62416043294659],[-3.418046845722333,47.62409377794487],[-3.418296815745497,47.62406194987712],[-3.418097764203371,47.62407291208903],[-3.418076927258566,47.62401084359373],[-3.418279221602083,47.62402679539649],[-3.418332599827979,47.62391548534673],[-3.418558190849622,47.62390306102635],[-3.418371924556562,47.62368754801776],[-3.418545515651427,47.62368701837247],[-3.41856340725038,47.6236137860578],[-3.418344601365882,47.62357165159249],[-3.418302927342047,47.623447514652284],[-3.418186740750726,47.6234810060181],[-3.418015909236595,47.62328270424227],[-3.417838777827302,47.62336470587801],[-3.417836914847847,47.62323837643041],[-3.417706676738121,47.623155239975915],[-3.417764976920214,47.622863041884436],[-3.417924996849461,47.622971630726894],[-3.418012779466399,47.622813271730934],[-3.417776383910693,47.62273598163707],[-3.417922351442349,47.622727943110974],[-3.417941324500215,47.62266368219155],[-3.418046103167899,47.62275725133753],[-3.418141451779034,47.62266169157234],[-3.417952432402355,47.62264500873367],[-3.417930515261637,47.62257396883058],[-3.418052104748603,47.62258533438056],[-3.418097915369717,47.62241122500449],[-3.417950867808157,47.62241029241442],[-3.417961193338151,47.6222742607819],[-3.418110700720964,47.62218474919138],[-3.417988329761354,47.622056025515796],[-3.41818737380579,47.62204506347905],[-3.418146185825916,47.622146671424716],[-3.418240452203833,47.62204214021193],[-3.418255585726447,47.62216773891001],[-3.418383958046771,47.62212454528346],[-3.418282422939286,47.622057890416826],[-3.418373148173512,47.62203483193862],[-3.418450008515271,47.62222927792845],[-3.418502303578884,47.62210899636463],[-3.418735157226045,47.62226775786466],[-3.419158408481348,47.62234378457646],[-3.418983252635897,47.622109598791404],[-3.418988954607637,47.622046068584815],[-3.41911378644888,47.6220843470192],[-3.418992494388744,47.621964595717316],[-3.419174728825217,47.62203583576939],[-3.419143568990644,47.62210979916021],[-3.419201267993344,47.6220343739145],[-3.41880701727197,47.621866441384014],[-3.418754236074044,47.621760978043895],[-3.418611514372106,47.62179593161479],[-3.418557950012438,47.62157310997294],[-3.418817934243827,47.62151363588608],[-3.418771045695841,47.62167877429214],[-3.418894307807023,47.621482336548176],[-3.419148589513207,47.6214863919448],[-3.419171588938329,47.621566402988506],[-3.419202748416915,47.6214924395696],[-3.419403850859781,47.621941936929595],[-3.419260446668765,47.62141701427075],[-3.419624422270591,47.621333748190644],[-3.419853147919929,47.62179075418041],[-3.419826117301522,47.6215664711102],[-3.420018377203466,47.62161006489041],[-3.420156677077841,47.621981743121076],[-3.420115588542349,47.62164083298192],[-3.42026263402223,47.62164176284693],[-3.420120796283175,47.6213515576077],[-3.420140648734773,47.62096213556509],[-3.420032626196951,47.62084165423754],[-3.420132881229854,47.62056520419005],[-3.420025646338483,47.620562081098434],[-3.420071154474642,47.62049635771218],[-3.419991539331065,47.620500743855246],[-3.419787685230457,47.62025007843446],[-3.419787193820003,47.62002433318223],[-3.419902290683435,47.619981868834884],[-3.419759869431772,47.619908436870055],[-3.419862778223315,47.619875674883595],[-3.419859042938044,47.6196230155923],[-3.41997738249532,47.61960746515884],[-3.419933839963463,47.619356998882836],[-3.42019892400754,47.619450765320536],[-3.420296719217883,47.61926475928651],[-3.420311856790727,47.61939035789709],[-3.420345175943246,47.61933433674935],[-3.420449952289788,47.61942790389864],[-3.420328957050959,47.619199766809814],[-3.42035578850578,47.61908991767296],[-3.420453783197714,47.61923804386786],[-3.420336913431745,47.61871165965468],[-3.420474219406058,47.61863184726594],[-3.420429794618924,47.618706542203135],[-3.420573294875107,47.618788944725594],[-3.420649168469995,47.618531898774776],[-3.420564149889159,47.6184914286631],[-3.420678161529701,47.61843999218676],[-3.420614273952603,47.6183532032603],[-3.420729659519752,47.61820235099369],[-3.420857727600345,47.61826754163051],[-3.420870118188473,47.61859197168679],[-3.420928892293856,47.6185255167793],[-3.421104629325986,47.618542925983434],[-3.421227789188999,47.618789004992074],[-3.421190729787615,47.61859236702512],[-3.421269260584439,47.618579008736475],[-3.421126344138171,47.61827983293739],[-3.421420416624277,47.61828168994039],[-3.421491959706204,47.61798875807488],[-3.421393672813324,47.617949019745815],[-3.421468958344904,47.61790874734133],[-3.421704755906327,47.618202804311174],[-3.421628388682217,47.61823410553952],[-3.421725594801933,47.61826487234423],[-3.421742689654847,47.618074280940036],[-3.421857780758954,47.618031814623095],[-3.421878619765721,47.61809388263427],[-3.421918716016105,47.61798330184071],[-3.422018084879654,47.61803201104664],[-3.422126607496096,47.618378236170244],[-3.422029901814717,47.618573215137864],[-3.422256049135746,47.61834400952084],[-3.422241988844177,47.61822738241142],[-3.422364650929125,47.6182477148135],[-3.422451331019319,47.618080380782025],[-3.422597285118266,47.61807233639414],[-3.422563679876578,47.61823674529708],[-3.42270530784043,47.618192815520594],[-3.422677400037455,47.618293693935634],[-3.422783548876753,47.61828784328497],[-3.422810878999342,47.61840373898591],[-3.423031613798944,47.618129675289424],[-3.423149949121996,47.61811412162938],[-3.423038392217367,47.618075116065384],[-3.423111513284625,47.618016899984646],[-3.423252852374552,47.618081356625645],[-3.423287755545699,47.61826005137654],[-3.423169419939344,47.618275605175064],[-3.423182400549678,47.61838326086295],[-3.423070554846919,47.61845264240107],[-3.423171295363504,47.61840193485901],[-3.423407104479333,47.618695988317334],[-3.423463999412111,47.618503202472155],[-3.423358137848306,47.618400666677346],[-3.423448854675322,47.61837760421313],[-3.423515992221704,47.61849130549832],[-3.423674134119062,47.618473557041696],[-3.42367983012052,47.618410026487716],[-3.423575844709486,47.61843382055903],[-3.423499765593294,47.61835673594109],[-3.423640311309977,47.61830383372901],[-3.423788429480173,47.61831373045965],[-3.423801411347974,47.618421386076626],[-3.423950611723933,47.61844025390202],[-3.423905110116188,47.61850597886912],[-3.424010177381827,47.61849115580439],[-3.424047247097381,47.61868779288672],[-3.424142291661433,47.6187006150777],[-3.424166155340766,47.618455464083546],[-3.424271222434517,47.618440640783554],[-3.423742419663386,47.618153709916044],[-3.423823399504065,47.618049905429],[-3.424025672977648,47.61806584732768],[-3.424049250686388,47.61792908337482],[-3.424070092200756,47.6179911509982],[-3.424089056175625,47.61792688892414],[-3.424252605660319,47.61795399618241],[-3.424323847099718,47.61776944963966],[-3.424228804149732,47.61775662759031],[-3.42425511657725,47.61742103194215],[-3.424385636433327,47.61739577421724],[-3.42445904048899,47.61722917014167],[-3.424562737983537,47.6173137624019],[-3.424563023160162,47.61720537526928],[-3.424727937472776,47.61713306603475],[-3.424551121975977,47.617106690970154],[-3.424742572530104,47.61703291863096],[-3.424746103198869,47.61695144537988],[-3.42465675627888,47.61687509301725],[-3.424502947088449,47.61692872802528],[-3.424443382703896,47.61687782633351],[-3.424572819220641,47.61684359708998],[-3.424449077619763,47.61681429569009],[-3.424693600037408,47.6167375972994],[-3.424642976141354,47.61665007894555],[-3.424846611118332,47.616566603566866],[-3.424926219996386,47.616562214105286],[-3.424945695620229,47.616723697483124],[-3.425131450176208,47.61671345516494],[-3.425158270500538,47.616603604785055],[-3.425269825879199,47.61664260835344],[-3.425300175673421,47.61645128464911],[-3.425385993145426,47.61660910982422],[-3.425260602096235,47.61678761231944],[-3.425448520950076,47.616795312087454],[-3.425499146304296,47.61688283008559],[-3.42540382118302,47.61697839614022],[-3.425580636676165,47.617004769915546],[-3.42534124099411,47.61723471375652],[-3.425602561709696,47.61707580858562],[-3.425729268107102,47.61724040976662],[-3.425847600673201,47.617224853366025],[-3.425746065566201,47.61715820482076],[-3.425882277312068,47.617069414721136],[-3.425901756012614,47.61723089789759],[-3.425646928110659,47.61744363145731],[-3.426018724113852,47.61731475717213],[-3.425962921841661,47.617516515664434],[-3.426155172169666,47.61756009943288],[-3.426186838079581,47.61771187951739],[-3.426347941938218,47.61782942838779],[-3.426350344007969,47.61818150351269],[-3.426575346742285,47.61838583783185],[-3.426622489258861,47.618112308927294],[-3.426684502579973,47.618072764936926],[-3.426786040597771,47.61813941263506],[-3.426587335951151,47.61759948255321],[-3.426720300534197,47.61748377765756],[-3.426743309582115,47.61756378737406],[-3.426941252745523,47.61754383911558],[-3.42706010776814,47.617754026998824],[-3.427073936343182,47.61753652094002],[-3.427174391452579,47.61759419704425],[-3.42722205302097,47.61754641331971],[-3.427257248836495,47.61761671981678],[-3.427373416975212,47.61758321932732],[-3.427347647425623,47.61814456111296],[-3.427437524058061,47.61844665679486],[-3.427502505287346,47.61854241325047],[-3.42755369388951,47.61841315614032],[-3.427720494073056,47.61846717233381],[-3.427796300821402,47.618652641263814],[-3.427404457089983,47.618836812441444],[-3.427752690047364,47.61884469730353],[-3.427325647873011,47.61895856190175],[-3.427345411166118,47.61901165764208],[-3.427621889267178,47.61897834582031],[-3.427258744903579,47.619178995225845],[-3.426947069031563,47.61914199966205],[-3.426961941898097,47.61937598444199],[-3.426876636697648,47.619443905963465],[-3.427146622889642,47.619356767664904],[-3.427331024180341,47.61944593761647],[-3.427293662200414,47.61935768867875],[-3.427654084852484,47.61935587071832],[-3.427706356364606,47.61923558485682],[-3.42781250652529,47.619229729638086],[-3.428041293250638,47.61968672008323],[-3.427858776504411,47.61972388078699],[-3.427758841761011,47.619891950593384],[-3.427856054431933,47.61992271226919],[-3.427758563058204,47.62000033758449],[-3.427159014686042,47.620123716103414],[-3.427385670090774,47.62012024597117],[-3.427342336190691,47.62020391474026],[-3.426792613694702,47.620297450157715],[-3.426773652132064,47.62036171259267],[-3.427250255765226,47.62032639591813],[-3.427068538588201,47.620480913598094],[-3.42709860407363,47.620397976770064],[-3.426974852848096,47.62036867809986],[-3.427031978544623,47.62051002284636],[-3.42686272739027,47.62054645015787],[-3.426849177728693,47.62065556890959],[-3.427224520315747,47.62044521782897],[-3.427449012124379,47.6204238050541],[-3.42743546369226,47.62053292388069],[-3.427344465378136,47.620664376369305],[-3.427041440084259,47.62069915114894],[-3.427120774942335,47.620803147145445],[-3.42702680833433,47.62079929865259],[-3.427043604915231,47.62071709367006],[-3.426915242986321,47.620760296845624],[-3.42692281976132,47.620823095674844],[-3.427009209517637,47.62076414542832],[-3.427039797336851,47.6209069537723],[-3.427129434398477,47.62087491721895],[-3.427068220466247,47.62103181958023],[-3.426935528180748,47.62103913773618],[-3.42684132049542,47.62070115702016],[-3.42674843645292,47.62070627956556],[-3.426784716101464,47.62078555735408],[-3.42671187608047,47.62073538871026],[-3.42661381949559,47.62102978690636],[-3.426677720028952,47.62111657243142],[-3.426709951211911,47.621051578255276],[-3.426767357659815,47.621084536159415],[-3.426837191690342,47.62144192298291],[-3.42712695201413,47.621407880576875],[-3.427198431037652,47.621557464591994],[-3.427300255967192,47.6215157248245],[-3.427360910736724,47.621575596191725],[-3.427368208647241,47.621746781858796],[-3.427515254544641,47.621747702592536],[-3.427533133189152,47.621674468831365],[-3.427900314255802,47.62206060951899],[-3.427900592681568,47.621952222642165],[-3.428005665620212,47.6219373960091],[-3.428085004196763,47.62204139128451],[-3.427916831496114,47.62208679133953],[-3.428008635222735,47.622072696623206],[-3.428044917671286,47.62215197396465],[-3.428220668961126,47.622169372428345],[-3.428224194661531,47.622087899286775],[-3.428450581027012,47.622192813961625],[-3.428428122135257,47.62189603101501],[-3.428543216160047,47.62185355819303],[-3.428566783968473,47.62171679359405],[-3.42864856563204,47.621730344090125],[-3.428523199418148,47.62146633079297],[-3.428632878954651,47.62137900165493],[-3.428732260264374,47.621427705063006],[-3.428798883370087,47.62131565806952],[-3.428847076536895,47.621493618841754],[-3.428918030461135,47.6214174567466],[-3.429004142794437,47.621466891954746],[-3.429030957538092,47.62135704095322],[-3.429183140514347,47.62151120269242],[-3.429137366818958,47.62168531649518],[-3.429247852916763,47.62171534492547],[-3.429235686403311,47.62128252936228],[-3.429313136335515,47.62126019444553],[-3.429375958712152,47.62133800724738],[-3.429378399775403,47.62124756279978],[-3.429451243000995,47.621297729767335],[-3.429585293440279,47.621190993065234],[-3.429689006752851,47.62127558060164],[-3.429703633639255,47.621175432788995],[-3.429733938283209,47.621869146149386],[-3.429852020419546,47.62151945380013],[-3.430107386079468,47.62153245656787],[-3.430139613338052,47.621467461459176],[-3.429991759417947,47.621349185884334],[-3.429950594442471,47.621450798028036],[-3.429853377782111,47.6214200381198],[-3.429886962577918,47.62125562738832],[-3.429977407230544,47.62134094680834],[-3.43004402761465,47.6212288990996],[-3.430557195435116,47.621164458764774],[-3.43111964567294,47.62128694724771],[-3.430852905412666,47.6214010083109],[-3.430605394326726,47.62134241882522],[-3.430547712184641,47.621417849730825],[-3.430473784759328,47.621358712224506],[-3.430432620693975,47.62146032453762],[-3.430604038366549,47.621441834518244],[-3.430585080985431,47.621506097534194],[-3.430737541538326,47.62155187033065],[-3.430628948126604,47.62164817266041],[-3.430769495443287,47.62159526195824],[-3.431054649643841,47.62163371182904],[-3.431103122539829,47.62170328474308],[-3.430958242890376,47.62172031096582],[-3.431110704374978,47.62176608327013],[-3.431280228059633,47.62162126292216],[-3.431246107444953,47.62155992899967],[-3.431379883595286,47.6215615771647],[-3.431321119157398,47.62162803722768],[-3.431478996592602,47.621718665134985],[-3.43151907567933,47.62160808125168],[-3.431616022761599,47.62174722667346],[-3.431832665155087,47.6217713938929],[-3.431880326283244,47.62172360836969],[-3.431769838687675,47.621693582429856],[-3.4318551412572,47.62162565741279],[-3.432165751734147,47.62165366862236],[-3.432157894720466,47.62125673819254],[-3.432435464777219,47.621232386224484],[-3.432421657088963,47.62144989250547],[-3.432503439322017,47.62146344030412],[-3.432500458361792,47.62132813976219],[-3.432674856287308,47.621444947245436],[-3.432614464558702,47.62127669170856],[-3.432695969255771,47.62095610735548],[-3.432911525520476,47.620971301376635],[-3.432837059299971,47.62112893923955],[-3.432909637362194,47.62128749098454],[-3.432807548794352,47.62143762257031],[-3.432722516370177,47.62139716137052],[-3.432721164351153,47.6214965770853],[-3.432843569550197,47.62162528535933],[-3.432913434528659,47.62154014963924],[-3.433064813729755,47.62157694819476],[-3.432993865509617,47.62165311280282],[-3.43315201362092,47.62163535154101],[-3.433207538254886,47.62198449576832],[-3.433292839459971,47.62191656971135],[-3.433221075257319,47.62187537635371],[-3.433325063072207,47.62185157373654],[-3.433550374925033,47.62194750734224],[-3.433345902880963,47.6214711207535],[-3.433448806345742,47.62143834682249],[-3.433411981892416,47.62157584497033],[-3.433502432721055,47.62166116164644],[-3.433893743634537,47.62169374410475],[-3.433814394259403,47.62158975275695],[-3.434029953400883,47.621604944708935],[-3.433924331586882,47.62139403173375],[-3.434028584131383,47.62126184155501],[-3.433969005830324,47.62121094483516],[-3.434077326446958,47.62122302631618],[-3.434039952071618,47.621134779617456],[-3.434122817846823,47.62115729747795],[-3.434147741074306,47.62136363489955],[-3.434228439976621,47.62136821029926],[-3.434224657903898,47.6215580705715],[-3.434356001500964,47.62165015986188],[-3.434337291679175,47.621163517673295],[-3.43441717182198,47.62105073481025],[-3.434625432474048,47.621337259338176],[-3.434545287410377,47.62155842924731],[-3.434653344149149,47.6216788971055],[-3.434480843432545,47.62168842187874],[-3.434623289679123,47.62176183582344],[-3.434552343436757,47.62183800137097],[-3.434379023788216,47.6217301679027],[-3.434387162642714,47.62201871119819],[-3.434231181107605,47.622054416504504],[-3.434817465471692,47.62193173450688],[-3.434743268072788,47.621980986616094],[-3.434805015464974,47.62204982528575],[-3.434862692274434,47.62197439230211],[-3.435041696558173,47.62201869404925],[-3.434939612587951,47.62216882744224],[-3.434994593729818,47.62229222580272],[-3.435054702019964,47.62212634820963],[-3.435198234040489,47.62220873261595],[-3.435183324285598,47.621974749226254],[-3.435312766272834,47.62194050816885],[-3.435349586082069,47.62180300944747],[-3.435529936995037,47.62174789472295],[-3.435685654147727,47.62182057458474],[-3.435658294326188,47.62170468210139],[-3.435987858238769,47.62166841931313],[-3.435942630796176,47.62162576194692],[-3.436141931235838,47.621506382389065],[-3.436016004600615,47.62145915097035],[-3.436197437631967,47.62141300637948],[-3.436214220284657,47.621330800104495],[-3.436427349941844,47.621436432219326],[-3.436540268560251,47.621376009166056],[-3.43643684493046,47.62162555966949],[-3.436234292761913,47.62171802621153],[-3.436292789797071,47.621759950592654],[-3.436458786307553,47.62169659613245],[-3.436403280073691,47.62178997225266],[-3.436653489012144,47.62164971794817],[-3.436571705440667,47.62163617305686],[-3.436655917760242,47.62155927336332],[-3.436730936373318,47.62162737811669],[-3.437032052281778,47.62146624896093],[-3.437047794261805,47.62181759025029],[-3.43691726958738,47.62184286206906],[-3.436872084504538,47.62224272381669],[-3.436674127630751,47.62226268885912],[-3.436796804482203,47.622283006060485],[-3.436585056428723,47.62252047762826],[-3.436442344374635,47.62255545297386],[-3.436516280068749,47.6226145866657],[-3.436415544279791,47.62266530560889],[-3.436522784352483,47.62266841364824],[-3.436154789039116,47.62304997937245],[-3.435964416642557,47.623132741358624],[-3.435999627654547,47.623203045019046],[-3.436113634483094,47.62315159359933],[-3.436246069272878,47.623252651853505],[-3.436356823875911,47.62317428670635],[-3.436416406644668,47.62322518215677],[-3.436006691514733,47.62348261681863],[-3.435837996376073,47.62374480185518],[-3.43601618537698,47.623671744104186],[-3.436102307919481,47.62372117402136],[-3.435950658454482,47.62379276624237],[-3.436055732779447,47.62377793238123],[-3.436069824711744,47.623894557493564],[-3.436278889606075,47.623855918303406],[-3.4363736850765,47.62397711729544],[-3.436805084575329,47.623899104528086],[-3.437017921270183,47.62367060388403],[-3.437079673549884,47.62373944129131],[-3.437084269996303,47.62366693910236],[-3.437243506901823,47.62365814347256],[-3.43715144323584,47.623780632238535],[-3.437315276604897,47.62369933432084],[-3.437344290943604,47.624049942180186],[-3.437161506123362,47.624195504118326],[-3.4371845337131,47.62427551150141],[-3.437343513152759,47.62437510250735],[-3.437586967413163,47.62428940627032],[-3.437785757387487,47.624386797615976],[-3.43776086930652,47.624622979499904],[-3.437674743773386,47.62457355082862],[-3.437500891043883,47.62468249565739],[-3.437541526411168,47.624797654520854],[-3.437650939395644,47.62481870380946],[-3.437626309211134,47.62494649887979],[-3.437752245497629,47.62499372847761],[-3.437725446874261,47.62510358127549],[-3.437842709054138,47.6250790416424],[-3.438051261641228,47.62525717275257],[-3.437761228970989,47.625399628907296],[-3.437970866889491,47.62558673127028],[-3.438000144499517,47.62582895194237],[-3.43788479125526,47.6259798206779],[-3.438048372415596,47.62600690850373],[-3.438122056976634,47.62617442774498],[-3.438089836595711,47.626239424898706],[-3.437898629618468,47.62620483210629],[-3.437754048925166,47.62655599781997],[-3.43799725452499,47.626578687471614],[-3.4380877211591,47.62666400037704],[-3.438100164979837,47.626545909528545],[-3.438284609400831,47.626635061854955],[-3.43829653809821,47.62673374427022],[-3.438398364222727,47.62669199493847],[-3.438334437960564,47.626605216075845],[-3.438477159601883,47.62657023849116],[-3.438402131814466,47.626502135032496],[-3.438499619584129,47.62642450109245],[-3.438461149807692,47.62632728491629],[-3.438541856583446,47.62633185732394],[-3.438561319702828,47.62605081983656],[-3.438762799789352,47.62594937833715],[-3.438783089746715,47.62578569858057],[-3.439012449260697,47.625583374757916],[-3.439184706222234,47.625682230011556],[-3.439483413463065,47.62561153932488],[-3.440329197731657,47.6256460827528],[-3.440727555719707,47.62551569552613],[-3.440737823808574,47.625379662102844],[-3.441242339454714,47.62524340605759],[-3.441512080718871,47.62526462153929],[-3.44167749790562,47.62497551519799],[-3.441814537890047,47.62500406472321],[-3.441922032947244,47.6248987810571],[-3.441881388053201,47.6247836237238],[-3.441976697611881,47.62468804460411],[-3.441838573369842,47.62465052415944],[-3.441762709317944,47.62446506491833],[-3.441834733739801,47.62439786620034],[-3.44173533494802,47.62434917401639],[-3.441839323784784,47.62432536384893],[-3.441902168026472,47.62440316978948],[-3.441968767201973,47.62429111545623],[-3.441885558398858,47.62393447171628],[-3.441723066589623,47.62391636034513],[-3.44180944500657,47.623857399245686],[-3.4417509413407,47.623815477672906],[-3.441568169339337,47.62396104652458],[-3.441455752772415,47.62380470075582],[-3.441491473141295,47.623658229117055],[-3.441623085013779,47.623641923321735],[-3.441625004296215,47.62376825235798],[-3.441706792416045,47.62378179369592],[-3.441710297640534,47.62370032021591],[-3.441845164440262,47.623710927502714],[-3.441656051041167,47.62325176461778],[-3.441774808922178,47.62257689986491],[-3.441953571064739,47.622729577875724],[-3.441959830959944,47.62289179141451],[-3.442181072132482,47.62284343701258],[-3.44217856544858,47.62249136306239],[-3.442063730571497,47.62242546242421],[-3.442026591900031,47.622228831442726],[-3.442254589558342,47.62212591667347],[-3.442226379666702,47.62189266772127],[-3.442045449631172,47.62172204782914],[-3.44211288055879,47.6217273513039],[-3.442089011336535,47.621529986738814],[-3.441972258612096,47.6213377568],[-3.442069981413427,47.62115173272077],[-3.442020323863138,47.62063067420645],[-3.442191984260031,47.62050378018233],[-3.441820370989909,47.620081799618234],[-3.441912417565115,47.61995930693962],[-3.441763206599762,47.61994046207654],[-3.441743929243438,47.61967059473807],[-3.441664066644041,47.61978338269161],[-3.441495078594535,47.61971144418835],[-3.441455774278894,47.619496870487495],[-3.441586291069143,47.61947159356629],[-3.441564343783995,47.619400557985664],[-3.441687850348523,47.61953822825925],[-3.441572771774048,47.61958071408445],[-3.441694359471582,47.61959205503865],[-3.441882875397094,47.61982547355086],[-3.441959233019762,47.61979415910449],[-3.441841399678828,47.61959295773642],[-3.441912332538532,47.61951678767374],[-3.442010387819945,47.61966489574293],[-3.441930275861169,47.619886070908564],[-3.441994199922612,47.61997284810279],[-3.442106024214012,47.61990344849764],[-3.442336768478361,47.62004422086806],[-3.442239796547571,47.61990508422496],[-3.442442082543771,47.619920994210645],[-3.442538308937491,47.62038529171197],[-3.442524203800946,47.620268667170286],[-3.442699116941025,47.62016868573552],[-3.442808026170543,47.62040650425371],[-3.442735171610797,47.62035634559454],[-3.442702960357683,47.62042134421503],[-3.44266231718795,47.6203061868886],[-3.442705718763849,47.62066503154626],[-3.442500672387881,47.62040543468527],[-3.442374493692646,47.62046659709427],[-3.442417306356717,47.62059969674825],[-3.442479310866543,47.62056014442202],[-3.442512358734012,47.62061250397622],[-3.442542400300807,47.62052956317965],[-3.44258387979981,47.62076207863343],[-3.442684357732849,47.62081974129991],[-3.442730923244635,47.620762980210735],[-3.442817047311539,47.62081240525037],[-3.442858435355905,47.62060240155412],[-3.442974941848366,47.620903017654804],[-3.442909929994923,47.62080726992597],[-3.442795934723097,47.62085872804139],[-3.443045627160082,47.62093523392842],[-3.443050557387112,47.621196863406944],[-3.443319193762906,47.62120910364967],[-3.443407242508263,47.62138485740576],[-3.443431018921356,47.62113970281989],[-3.443527996199352,47.621278838385734],[-3.443492283010043,47.6214253108263],[-3.443292999310552,47.62154470293154],[-3.443482022700489,47.62156134476814],[-3.443469345131565,47.62178782341943],[-3.443348837233376,47.62178545543022],[-3.443322051736916,47.62189530969304],[-3.443321213678546,47.62177795166775],[-3.443210472195964,47.621856323474915],[-3.443029291429995,47.621794092029866],[-3.442975377341997,47.62167966852907],[-3.442829416456223,47.62168773836955],[-3.442942328359789,47.62162730913458],[-3.442939320934136,47.62149200887165],[-3.442865131639773,47.62154126615142],[-3.442548503348176,47.62124268282423],[-3.442417982683596,47.62126796079777],[-3.442503858501907,47.62142577300049],[-3.442381768412369,47.62163120677265],[-3.442296977618938,47.62148236561227],[-3.442366916131206,47.62183974307016],[-3.442523976636174,47.62181299800646],[-3.442481252478314,47.62212241724875],[-3.442375098176517,47.6221282857913],[-3.442502704542626,47.62241022634457],[-3.44245722239291,47.62247595840415],[-3.442350231452439,47.6223644689269],[-3.442308004201169,47.622457114261444],[-3.442497120392727,47.622916276278254],[-3.442428602879402,47.6229020019209],[-3.442376360950518,47.62302229414328],[-3.442319191939651,47.6228809570871],[-3.442307594153536,47.62311640656647],[-3.4424357003683,47.62318157337396],[-3.442566655268927,47.62393294538236],[-3.442444470242596,47.62369586063958],[-3.44246917796407,47.624010582816275],[-3.442622492414075,47.62417369793289],[-3.442490043268678,47.624072646957046],[-3.442479531059941,47.62431706740989],[-3.442339237307222,47.6242616053483],[-3.442354179066109,47.62449558754856],[-3.442494722256418,47.624442662814445],[-3.442441393887285,47.624553983871195],[-3.442554312292612,47.62449355510034],[-3.442567333507644,47.62460120828676],[-3.442469854983513,47.624678845694575],[-3.442534870762637,47.62477459347794],[-3.442386731194405,47.62476472055621],[-3.442446321487154,47.62481561288877],[-3.442277903014551,47.62496942030451],[-3.44234483984039,47.625191497112354],[-3.442408183810939,47.62505252927849],[-3.442498903709283,47.625029452096115],[-3.44250649942274,47.62509224977538],[-3.442312625194413,47.62525649546372],[-3.442261964335011,47.62516898513228],[-3.442161229185026,47.62521970896436],[-3.442159894647393,47.62531912459237],[-3.442268225453405,47.6253311984511],[-3.442194030204139,47.62538045520738],[-3.442305616368964,47.62541944232592],[-3.441981458703056,47.62550057837123],[-3.441893242708295,47.625875728553545],[-3.441762710405319,47.625901005734605],[-3.441786246131644,47.625764238754535],[-3.441531942338506,47.62576023265359],[-3.441529521660784,47.62585067714436],[-3.441442305718605,47.6257922801798],[-3.441068066446105,47.62601164747802],[-3.441223803576469,47.62608431979651],[-3.441095440219914,47.626127538437224],[-3.441093018785958,47.62621798290185],[-3.440973837763532,47.62611619689756],[-3.440833288659224,47.626169119756035],[-3.440776120363831,47.62602778217331],[-3.440731717831077,47.62610248454696],[-3.440490682807695,47.62609774280534],[-3.440359896148602,47.626231405088866],[-3.439906535106287,47.62623839524972],[-3.439806049974508,47.62618073035407],[-3.439558252124515,47.62623054665755],[-3.43958779200908,47.626364380193785],[-3.439722665117769,47.626374989916904],[-3.439648466068843,47.626424245029696],[-3.440076118944534,47.62653608024039],[-3.439672904021431,47.626847353992765],[-3.43941508629835,47.626924816572306],[-3.439476845433945,47.62699365259691],[-3.439933467074839,47.62701357744242],[-3.439609041444567,47.62720309345461],[-3.439823031718256,47.627426076771755],[-3.4397477466129,47.627466360810146],[-3.439743153456957,47.62753886296211],[-3.439851488221123,47.62755093904849],[-3.439793812436176,47.62762637427924],[-3.439884537839048,47.62760329915803],[-3.439744814025079,47.62777357836121],[-3.43948373797896,47.62782412772578],[-3.439369979586786,47.62776719573249],[-3.439355369029788,47.62786734441545],[-3.439493499850175,47.62790486773453],[-3.439418213820852,47.62794515155058],[-3.439371893685271,47.6278935245375],[-3.439019005807299,47.62795817646562],[-3.438890892300341,47.62789300607082],[-3.438581069719615,47.62798237052822],[-3.438220846697075,47.62787583563212],[-3.438354163403145,47.62782933657417]],[[-3.425669737117844,47.61929371966652],[-3.425606356411361,47.61943267883058],[-3.425763934902653,47.61963170157157],[-3.425691613785846,47.619807277539444],[-3.425764451581796,47.61985744684346],[-3.42582486843632,47.6195831867909],[-3.425669737117844,47.61929371966652]],[[-3.438427759232679,47.62783936485524],[-3.438541514178494,47.62787618333609],[-3.43844020001812,47.627701159612265],[-3.438359491180759,47.62769658713759],[-3.438427759232679,47.62783936485524]],[[-3.416288907280114,47.63001545987503],[-3.416225012985054,47.62992866906415],[-3.41617841129358,47.629985419314394],[-3.416288907280114,47.63001545987503]],[[-3.416426901195782,47.63049552729105],[-3.416560221424228,47.630271448347045],[-3.416499568888551,47.630211571639215],[-3.416426901195782,47.63049552729105]],[[-3.416888291051574,47.63000052419352],[-3.416780257563429,47.629880040418264],[-3.416778875636891,47.62997945551244],[-3.416888291051574,47.63000052419352]],[[-3.41731495173543,47.62566932581404],[-3.417414630441221,47.625609652097715],[-3.417310747118367,47.62519092253003],[-3.41714255533386,47.62523630699722],[-3.417136550525891,47.62540822367313],[-3.417051523656552,47.625367751147266],[-3.417007088474536,47.62544244452403],[-3.417091034589297,47.62547394574998],[-3.417062031533366,47.62556585111541],[-3.417180385079803,47.62555030356355],[-3.41731495173543,47.62566932581404]],[[-3.417398062487152,47.626802635606296],[-3.417509933057867,47.62673325979845],[-3.41751377494689,47.62654340057691],[-3.417469339433048,47.62661809408435],[-3.417395419295692,47.62655894845862],[-3.417211790760097,47.626587121069136],[-3.417186029947388,47.62670594038463],[-3.417398062487152,47.626802635606296]],[[-3.41796282959279,47.62328562740546],[-3.418018369635226,47.623192260123375],[-3.417911129590506,47.623189135094464],[-3.41796282959279,47.62328562740546]],[[-3.420183519126349,47.62309106327475],[-3.420143805041232,47.622650737835365],[-3.419886371505229,47.62217725199358],[-3.419956160899702,47.62253464272956],[-3.419888141764387,47.622746100109076],[-3.420021920535122,47.622747761282604],[-3.419982898049898,47.622867312470646],[-3.420183519126349,47.62309106327475]],[[-3.42078805045982,47.618686802769346],[-3.420713642314507,47.61840191356689],[-3.420684356279362,47.618602207217016],[-3.42078805045982,47.618686802769346]],[[-3.423934987453955,47.619750601017344],[-3.423997577343435,47.619494284485064],[-3.423963466454871,47.6194329483683],[-3.423875993630901,47.6194829251066],[-3.423902817929733,47.619373075170905],[-3.423793421527706,47.61935201294516],[-3.423809075761046,47.61970335639508],[-3.423750590783314,47.61966142571765],[-3.423690737107426,47.619718910710326],[-3.423934987453955,47.619750601017344]],[[-3.424081741627156,47.61985991306456],[-3.424132939774557,47.61973065754119],[-3.424048998535764,47.619699161283506],[-3.424081741627156,47.61985991306456]],[[-3.42412320262863,47.61964991591097],[-3.424185219586955,47.619610373278896],[-3.424075822587269,47.61958931132023],[-3.42412320262863,47.61964991591097]],[[-3.42427669310927,47.61804297766427],[-3.424266956053741,47.61796223597619],[-3.424172994651597,47.61795838518163],[-3.42427669310927,47.61804297766427]],[[-3.426149205425956,47.620278746817455],[-3.426046864075802,47.62009474039089],[-3.426068508863298,47.62027416583279],[-3.426149205425956,47.620278746817455]],[[-3.426230984272964,47.62029229901638],[-3.426588447359218,47.62015518356246],[-3.426628015067529,47.61981885602251],[-3.426373740736699,47.61981481690669],[-3.4263420730481,47.61966303703643],[-3.42616957736313,47.61967254954396],[-3.426104597149049,47.61957679240216],[-3.426038770591588,47.6198061962309],[-3.426110808518533,47.61973900704965],[-3.426160355500467,47.6198175533559],[-3.426088317529892,47.61988474256502],[-3.426298456217259,47.6198550924336],[-3.426067190793674,47.619931062352975],[-3.426055804134543,47.62005812359232],[-3.426230984272964,47.62029229901638]],[[-3.426367159383326,47.62064602760655],[-3.426461688353434,47.62043310272064],[-3.426345795015381,47.62035821529245],[-3.426239360660478,47.62047245613589],[-3.426257759400655,47.620624967702916],[-3.426367159383326,47.62064602760655]],[[-3.426990895570104,47.622715841254774],[-3.426991175845684,47.622607454416574],[-3.42692021759084,47.62268361529455],[-3.426990895570104,47.622715841254774]],[[-3.427101140284077,47.62241173991908],[-3.427158828369889,47.62233631075424],[-3.427070551438572,47.62226893170149],[-3.426953010129791,47.62240184741071],[-3.427101140284077,47.62241173991908]],[[-3.426747675518086,47.620146402226425],[-3.42673633119796,47.619830944320626],[-3.426876036106573,47.620103199221425],[-3.426984633145272,47.620006900304865],[-3.427048533057101,47.62009368567257],[-3.427104053888764,47.62000031391757],[-3.427322852048023,47.62004243205015],[-3.427370795159794,47.619886261334486],[-3.42740924009937,47.61998348148412],[-3.427619378441737,47.61995382897747],[-3.427628071804074,47.61958307979128],[-3.427440142823313,47.61957538354146],[-3.427378407789659,47.619506540891],[-3.427345898814331,47.61967992231106],[-3.427246522022861,47.61963121767965],[-3.427134678987465,47.619700603065475],[-3.427059675324035,47.619632492081415],[-3.427080240924344,47.61980294611378],[-3.426938892655864,47.619738494161815],[-3.426919931467825,47.61980275663892],[-3.426843845572489,47.61972567425362],[-3.426748517782303,47.61982124126665],[-3.426649141272763,47.619772536130434],[-3.426747675518086,47.620146402226425]],[[-3.426886018449723,47.6205180727665],[-3.426936128047664,47.62037984479447],[-3.426836469750011,47.62043952679634],[-3.426886018449723,47.6205180727665]],[[-3.426956849292296,47.61878022164184],[-3.426956327581716,47.61855447625059],[-3.426884292317157,47.61862166599418],[-3.426956849292296,47.61878022164184]],[[-3.427277741739145,47.61867221321261],[-3.427379561103806,47.6186304733142],[-3.427356550642674,47.61855046376677],[-3.42723144138931,47.618620581139766],[-3.427277741739145,47.61867221321261]],[[-3.429028726720167,47.62266665474009],[-3.429152505138719,47.62225343255157],[-3.429115414142798,47.62205679744981],[-3.428976222982719,47.62201029050892],[-3.428829982540532,47.622126729728045],[-3.428962124727863,47.622336183157906],[-3.428805332482151,47.62225452311431],[-3.428791786357742,47.62236364199568],[-3.429028726720167,47.62266665474009]],[[-3.428999999935646,47.62309269491842],[-3.428943949045255,47.62296032255453],[-3.428903863609013,47.6230709054773],[-3.428999999935646,47.62309269491842]],[[-3.429056879356603,47.62289990678399],[-3.429065011087263,47.622745931740454],[-3.428919045185699,47.6227539841921],[-3.428935286811401,47.62288855269243],[-3.428955329449271,47.622833261222986],[-3.429056879356603,47.62289990678399]],[[-3.4293577691705,47.622404665742486],[-3.429589315625494,47.62222030253773],[-3.4295887998717,47.62155203874942],[-3.429470183567919,47.62167598580826],[-3.429458529374614,47.621911434154356],[-3.429460162738029,47.62170363160422],[-3.429330993091665,47.621629479281076],[-3.429383244225815,47.62195171162642],[-3.429276006008939,47.62194859703052],[-3.429198279271851,47.62207931879364],[-3.429164415976109,47.62235211612117],[-3.4293577691705,47.622404665742486]],[[-3.430158534043728,47.622730754736274],[-3.430140123433913,47.622578243948816],[-3.42989693939975,47.62255553789077],[-3.430158534043728,47.622730754736274]],[[-3.430313197095284,47.62146691432352],[-3.430336760198653,47.62133014934023],[-3.430176172342805,47.62143835125241],[-3.430313197095284,47.62146691432352]],[[-3.430812818125566,47.621954110794],[-3.43061107373773,47.621721406896405],[-3.430624615980589,47.621612287768066],[-3.430484341653489,47.62155681139047],[-3.430441011443766,47.62164048124755],[-3.430489756713429,47.621601667513545],[-3.430673625754546,47.62190760587358],[-3.430812818125566,47.621954110794]],[[-3.431032705177037,47.62244771185829],[-3.431128029987748,47.6223521414773],[-3.430843954983727,47.622322663017755],[-3.430840433265969,47.62240413622854],[-3.431032705177037,47.62244771185829]],[[-3.431132634397665,47.6222796394711],[-3.431202502960981,47.62219450480308],[-3.431140488198681,47.622234051108855],[-3.431105284224969,47.62216374594867],[-3.430903803876026,47.62226517443616],[-3.431132634397665,47.6222796394711]],[[-3.432906954786752,47.62237135996874],[-3.432868498115668,47.62227414174823],[-3.433015545560152,47.62227505555672],[-3.432895573598087,47.622055903022385],[-3.432593081819937,47.621873918401555],[-3.432689494778902,47.62222983667617],[-3.432906954786752,47.62237135996874]],[[-3.433117635144486,47.62212492385369],[-3.433107068366496,47.62192682498366],[-3.432939168493547,47.621863845378996],[-3.432948651200591,47.62205297307105],[-3.433117635144486,47.62212492385369]],[[-3.433907582741982,47.6223612752255],[-3.434005069485854,47.62228364487152],[-3.433851520450874,47.62222890516729],[-3.433907582741982,47.6223612752255]],[[-3.434020220555287,47.62196672279577],[-3.434051359694715,47.62189275543186],[-3.433969576411175,47.62187920872012],[-3.434020220555287,47.62196672279577]],[[-3.434120425707657,47.62213277968104],[-3.434203558695357,47.62204691058664],[-3.434087385129975,47.62208041779337],[-3.434120425707657,47.62213277968104]],[[-3.434634564479411,47.62484079000418],[-3.434675723153129,47.624739176386726],[-3.434577414018769,47.62469944929138],[-3.434634564479411,47.62484079000418]],[[-3.434688199222046,47.62506360389408],[-3.434677626034077,47.624865505465365],[-3.4346153459363,47.625013440289976],[-3.434688199222046,47.62506360389408]],[[-3.43442186341112,47.62274830777303],[-3.434413193847198,47.62267653830956],[-3.434334660312794,47.62268990540829],[-3.43442186341112,47.62274830777303]],[[-3.43479462464928,47.624949355621084],[-3.434750743708611,47.624807282300715],[-3.434711752704238,47.62492683828111],[-3.43479462464928,47.624949355621084]],[[-3.434895366288423,47.62489863813549],[-3.434849053170548,47.62484700924796],[-3.434815745798637,47.62490303437406],[-3.434895366288423,47.62489863813549]],[[-3.435631329212272,47.62325047737311],[-3.435654879478268,47.62311371144251],[-3.435807348969036,47.623159477583],[-3.435997423711713,47.62274258415074],[-3.436195382618091,47.62272262026017],[-3.436143911899391,47.62251774913001],[-3.436277952020457,47.622411004813536],[-3.436188579470977,47.62233466148811],[-3.436394124930279,47.62237749543359],[-3.436435539454104,47.62216749418289],[-3.436495121174227,47.62221838961949],[-3.436798106294051,47.62174107157519],[-3.436592302183628,47.62180662523773],[-3.436595293541017,47.62194192564181],[-3.43652135869098,47.62188279197959],[-3.436445817835696,47.62203146090297],[-3.436410607008848,47.62196115733475],[-3.436295519011885,47.62200363790707],[-3.436214557426148,47.62210745083056],[-3.436322880369976,47.622119530223344],[-3.436199942498636,47.62220759941035],[-3.436109486433218,47.62212228484732],[-3.436003891433611,47.62235389253403],[-3.435946477918811,47.62232093919158],[-3.435930778486065,47.622412116556596],[-3.435709533440409,47.62246045912946],[-3.435632905609249,47.622600156311506],[-3.435493707355089,47.62255365715105],[-3.435370767116117,47.622641725445625],[-3.435396516512082,47.62296542046066],[-3.435522446152317,47.62301265251077],[-3.435631329212272,47.62325047737311]],[[-3.435708974682007,47.622234714204936],[-3.435683782390057,47.62213676409947],[-3.435623938789235,47.62219425513413],[-3.435708974682007,47.622234714204936]],[[-3.436415140385662,47.62420963452767],[-3.43642325109205,47.624055659076134],[-3.436201999680732,47.62410400254105],[-3.436209587855038,47.6241668006595],[-3.436367742343139,47.62414903506629],[-3.436415140385662,47.62420963452767]],[[-3.436121111339379,47.6218868358639],[-3.436188803483927,47.62178375585325],[-3.436108103785471,47.62177918180904],[-3.436121111339379,47.6218868358639]],[[-3.436227265848226,47.62188097300489],[-3.436407616118454,47.62182585692728],[-3.436348034919848,47.621774961435776],[-3.436227265848226,47.62188097300489]],[[-3.436798144394993,47.62494708754413],[-3.436898884126312,47.62489636833042],[-3.436808422387754,47.62481105442662],[-3.436707682731484,47.62486177356452],[-3.436798144394993,47.62494708754413]],[[-3.437679847808183,47.626605251677596],[-3.437686612331107,47.6265506918418],[-3.437594803459312,47.6265647941327],[-3.437679847808183,47.626605251677596]],[[-3.437643399079552,47.6251984238833],[-3.437681299424432,47.62506989579926],[-3.437542918350156,47.62514075700984],[-3.437643399079552,47.6251984238833]],[[-3.438701847920768,47.62787635685796],[-3.438761694576768,47.62781886441432],[-3.438679901018479,47.62780532104224],[-3.438793915092973,47.62775386712813],[-3.438740004064473,47.62763944202313],[-3.438621652169918,47.62765501140364],[-3.438579414262132,47.62774765513787],[-3.438701847920768,47.62787635685796]],[[-3.439485647594235,47.62607199944759],[-3.439492410203906,47.626017439492244],[-3.439400602726324,47.62603154320638],[-3.439485647594235,47.62607199944759]],[[-3.439731021039163,47.62611262773539],[-3.439928160381858,47.62597529975503],[-3.439803558798247,47.62582865695729],[-3.439699566125008,47.62585246529385],[-3.439703074549003,47.62577099196089],[-3.439517036415078,47.625889644098876],[-3.439382164573537,47.62587903413565],[-3.439405196217822,47.625959041011605],[-3.439533560537636,47.625915824224684],[-3.439527882603366,47.625979355305724],[-3.439676025013531,47.6259892318472],[-3.439512188211902,47.62607053298053],[-3.439731021039163,47.62611262773539]],[[-3.439664868670967,47.62744384701371],[-3.439711443171984,47.627387087321786],[-3.439615294739689,47.62736530674568],[-3.439664868670967,47.62744384701371]],[[-3.440082811139005,47.626039002479764],[-3.440074133429681,47.62596723355813],[-3.439953616247201,47.62596486207084],[-3.440082811139005,47.626039002479764]],[[-3.440449787122646,47.626090971725816],[-3.440641500499852,47.6259087869794],[-3.440525575383155,47.62583391383393],[-3.440494190040363,47.626016269458916],[-3.440428091638505,47.62591154948848],[-3.440322761105373,47.62603477395045],[-3.440191396426981,47.625942691577976],[-3.440211175102503,47.62599578494995],[-3.440128299248294,47.62597327146528],[-3.440207667439228,47.62607725828874],[-3.440449787122646,47.626090971725816]],[[-3.440888791697355,47.62607574174084],[-3.440922345433623,47.625911328231105],[-3.440825114328522,47.62588057752639],[-3.440888791697355,47.62607574174084]],[[-3.441045613649806,47.626157385401505],[-3.441059135688114,47.62604826531309],[-3.440981683724389,47.62607060796383],[-3.441045613649806,47.626157385401505]],[[-3.441127908463044,47.62595415376685],[-3.441313943241207,47.62583549906713],[-3.441224557756301,47.62575915972984],[-3.440968917260462,47.62585456799299],[-3.441028507418108,47.625905461020366],[-3.441067336093027,47.62588664233237],[-3.441127908463044,47.62595415376685]],[[-3.441284650591108,47.625593279226706],[-3.441341237156621,47.62550887207512],[-3.44111781441784,47.62553928260463],[-3.441124323697855,47.62559310924987],[-3.441284650591108,47.625593279226706]],[[-3.441500228024161,47.62560845735992],[-3.441606639958015,47.62549420291246],[-3.441366692523238,47.62549843408047],[-3.441500228024161,47.62560845735992]],[[-3.442054569280879,47.625442350653614],[-3.442072429216204,47.6253691148071],[-3.441981708556252,47.625392191654186],[-3.442054569280879,47.625442350653614]],[[-3.443333397692693,47.621768246893105],[-3.443242093091093,47.621565579797306],[-3.443148123980876,47.621561744276725],[-3.443126421268626,47.62138232212294],[-3.442901342561114,47.62117802000991],[-3.443041133429732,47.621450255380026],[-3.442989979414558,47.62157951907466],[-3.443333397692693,47.621768246893105]]]},"properties":{}}]}