{"type":"FeatureCollection","features":[{"type":"Feature","geometry":{"type":"Polygon","coordinates":[[[-3.473259457759073,47.64872998414334],[-3.473113614191739,47.648629706246645],[-3.472939942533294,47.648630316985795],[-3.472885937192283,47.648515908889635],[-3.472653710924189,47.648474613735104],[-3.472260564193682,47.64809906369316],[-3.472126531539524,47.64820584787412],[-3.471872118531632,47.64820190787634],[-3.471890657258952,47.6483544100413],[-3.471636053836381,47.64845885501381],[-3.471841349750958,47.648718396937475],[-3.471885916763744,47.64853529814564],[-3.472227806598012,47.64848922598604],[-3.472318741777678,47.64835774044052],[-3.47255077941202,47.64850742174552],[-3.472820650709474,47.648528564666826],[-3.472958671500073,47.64867443347991],[-3.473259457759073,47.64872998414334]]]},"properties":{}},{"type":"Feature","geometry":{"type":"Polygon","coordinates":[[[-3.458350180819345,47.64602562004722],[-3.458195450333214,47.64596194216973],[-3.457974127824463,47.64601032632716],[-3.457747800305562,47.645797084574106],[-3.457648347133518,47.6457484064726],[-3.457629413687634,47.645812673066715],[-3.457519949779107,47.64579164272217],[-3.457357604825185,47.64566516769644],[-3.457223548463472,47.645771934916944],[-3.457042270155539,47.64570972598054],[-3.457037479560463,47.6458906137287],[-3.456991126801728,47.64583899418379],[-3.456795265780484,47.645876934816435],[-3.456620955426628,47.64565177922136],[-3.456490381726065,47.645677072601835],[-3.456473402140613,47.645867666356075],[-3.456389400704404,47.64583619377063],[-3.456410732014715,47.645681483513634],[-3.456246639278313,47.64587119289189],[-3.456125209831066,47.64575148163885],[-3.45620747742934,47.6455482414455],[-3.45605013255225,47.645683390194286],[-3.455915429042715,47.64556441381728],[-3.455956120051116,47.64567956502649],[-3.455880821373506,47.64571985908126],[-3.45582010716431,47.645660003276646],[-3.455838599132216,47.64581250818718],[-3.455774621603114,47.6457257397308],[-3.455710200157225,47.645855742446656],[-3.455649930355807,47.6455791153399],[-3.455779416464338,47.645544852018894],[-3.455597918321635,47.645591026451974],[-3.455559403577991,47.64549381687427],[-3.455649064812854,47.64546175884183],[-3.455545263346489,47.64537719542031],[-3.455419905592774,47.64555572763315],[-3.455371379327551,47.64548616567263],[-3.455497824778552,47.64531660438755],[-3.455200562296526,47.64517953492941],[-3.455057801847514,47.645214532610126],[-3.454911331048669,47.645439388707075],[-3.454826467476948,47.64529055847705],[-3.454682618923892,47.64531658480899],[-3.454669119861997,47.64542570538432],[-3.454495233895792,47.64553467433005],[-3.454427996320163,47.645420992451015],[-3.454228647475722,47.64554040173306],[-3.454283284684081,47.64532966177439],[-3.453970124315936,47.64539215356171],[-3.453987523454517,47.64553568789109],[-3.454203185064564,47.64555084242236],[-3.454363122364995,47.645767765661006],[-3.454424059738067,47.64571923661765],[-3.45446039750749,47.64579850477918],[-3.454590972467386,47.64577321366876],[-3.454504572698035,47.64583218355123],[-3.454622960272034,47.64581659822478],[-3.454657123265232,47.64587792454584],[-3.454777494316143,47.64543776751529],[-3.454959856671628,47.64550895086036],[-3.455068454725997,47.645412627100946],[-3.455220781521335,47.64556675298729],[-3.455336992944711,47.64553322516792],[-3.455253857377774,47.6456191082586],[-3.455331108906158,47.645705141980905],[-3.455466034027249,47.64571573341894],[-3.455381810694743,47.645792645712305],[-3.455424676122209,47.645925738853705],[-3.455409448376991,47.64580014652901],[-3.455541333012254,47.64567543963139],[-3.455540022891076,47.64577485435807],[-3.455644047320409,47.645751032164526],[-3.455559824188769,47.645827944584795],[-3.455738925668518,47.645872214062756],[-3.455750890944902,47.64597089370986],[-3.455925641924199,47.645979279391845],[-3.456006601379412,47.645875454089854],[-3.456235318946573,47.64599825536063],[-3.45622008927269,47.64587266314634],[-3.456261869014265,47.64599678510284],[-3.456416817922838,47.645952079947286],[-3.456324759807461,47.646074582409305],[-3.456396574387731,47.64611576105366],[-3.456443367962553,47.64595060964821],[-3.45653063326789,47.646008994801065],[-3.456530853664947,47.645900609205626],[-3.456697989150022,47.64584619764331],[-3.45686577280068,47.64601752790483],[-3.456941071154569,47.645977233221586],[-3.456944115462484,47.64611253140854],[-3.457190901405568,47.64605370787268],[-3.457057282390979,47.64594370369845],[-3.457358474129038,47.64578252416939],[-3.457692088219767,47.64599885524277],[-3.457780660926362,47.64595782472443],[-3.457899918321312,47.64605959253174],[-3.458350180819345,47.64602562004722]],[[-3.454602296666889,47.64564615134446],[-3.454515034064866,47.645587764740455],[-3.454655620744889,47.64553482595187],[-3.454602296666889,47.64564615134446]]]},"properties":{}},{"type":"Feature","geometry":{"type":"Polygon","coordinates":[[[-3.441200153230725,47.644631644799574],[-3.441305700692464,47.6446566075608],[-3.441140723786498,47.644728939175984],[-3.441198164618124,47.64476188958319],[-3.441002296325359,47.64479980376407],[-3.440929410159105,47.6447496446108],[-3.440818617490936,47.644828013219275],[-3.440865205937695,47.644771253578334],[-3.440713755559896,47.644734465574366],[-3.440836737879728,47.644646392662075],[-3.440764937285659,47.64460520442398],[-3.440572324786988,47.64467003095379],[-3.440697225030937,47.64470828587052],[-3.440572071980859,47.64477841658637],[-3.440462616918986,47.64475737025151],[-3.440490504939669,47.64465648896777],[-3.440227176761851,47.64468909750292],[-3.440205220914268,47.64461806259234],[-3.440408938271226,47.64453456128449],[-3.44010795613693,47.6445873115884],[-3.440154798782458,47.64442216657804],[-3.440472310244498,47.64439559589154],[-3.440470972080803,47.64449501051371],[-3.440700153066229,47.644401070989865],[-3.440763019289877,47.64447887673522],[-3.44068879602817,47.64452813204726],[-3.440891174903018,47.64454404451684],[-3.441078360272914,47.64443436235618],[-3.441137971283164,47.644485254838266],[-3.441456567951501,47.644467652497674],[-3.441392113143197,47.64459764740259],[-3.441313800395134,47.6445026333987],[-3.441106828783133,47.64455922322732],[-3.441243918755351,47.64458777313273],[-3.441200153230725,47.644631644799574]]]},"properties":{}},{"type":"Feature","geometry":{"type":"MultiPolygon","coordinates":[[[[-3.436816417744585,47.64587989160464],[-3.436732427885614,47.645848404889065],[-3.436766006861314,47.64568399425688],[-3.436910949720515,47.64566696104081],[-3.436928823484315,47.64559372674775],[-3.436822621879421,47.64559959017248],[-3.436906871655348,47.64552269125091],[-3.436704490257255,47.64550677188853],[-3.436723448795346,47.64544250867699],[-3.436558463248575,47.64551483379267],[-3.436479073258091,47.64541084553621],[-3.436359596804825,47.64541744142302],[-3.436212223864699,47.64552491741646],[-3.436163984431697,47.64534696189532],[-3.436164807119372,47.64546431854115],[-3.436046414939068,47.64547988516861],[-3.43589605027815,47.645452061996096],[-3.435864340290453,47.64530028671982],[-3.435563612327463,47.645244639707045],[-3.435566211079462,47.64547685657995],[-3.43538291868598,47.64540813939945],[-3.435378054695266,47.64558902628122],[-3.435337408164038,47.645473867904364],[-3.435240965289543,47.64556046950857],[-3.435038584245214,47.64554454726111],[-3.435129078303086,47.64562986162003],[-3.434857332580491,47.645482303901844],[-3.435084359151989,47.64537043329409],[-3.435181622461577,47.64540118846718],[-3.4351718639138,47.64532044883002],[-3.435065662659765,47.645326310658696],[-3.435134470850589,47.64523220358093],[-3.435270211481319,47.645360175001024],[-3.435207088522367,47.64539075192242],[-3.43545823239957,47.64536785854872],[-3.435524049994888,47.64513845244272],[-3.435965119333559,47.64524956884577],[-3.436078350802438,47.645080761383774],[-3.436226545603232,47.64509064220258],[-3.436216262221055,47.64522667384112],[-3.436337084150907,47.64512066356306],[-3.436462805753356,47.64527627965321],[-3.43655681614376,47.64528012050553],[-3.43658362730573,47.645170269122964],[-3.436688482852511,47.645263820453074],[-3.436923096662506,47.64521474366298],[-3.437026868298767,47.64529932363243],[-3.437017106977625,47.64521858414511],[-3.437096497730562,47.64532257204639],[-3.437170725413113,47.64527331903671],[-3.437324344163749,47.6453280537248],[-3.437236275946201,47.645152297559015],[-3.437471714320219,47.6452205763177],[-3.437577089307812,47.645097355650705],[-3.437516396339921,47.645037490317634],[-3.437708755253931,47.64508105444705],[-3.437952303395217,47.64499535836679],[-3.438145747288907,47.64504789282427],[-3.438234333443839,47.645006877103306],[-3.438132730004694,47.6449402402841],[-3.43844022501489,47.644941321333604],[-3.438505772260979,47.644820299122834],[-3.438353238565282,47.64477453701758],[-3.438458610636487,47.64465131552703],[-3.438734129774272,47.644609006796735],[-3.438715430531015,47.6445648847279],[-3.438839244314203,47.64459417059125],[-3.438806185198727,47.64454181064668],[-3.438937849398604,47.64452550805333],[-3.438827310620655,47.64449548914391],[-3.438942445110813,47.64445300657077],[-3.439174627768119,47.64449436880351],[-3.439275402142828,47.64444364805314],[-3.439230982185451,47.64451834914417],[-3.439313886463081,47.6445408630494],[-3.439372666178525,47.6444743997524],[-3.439401130718965,47.64459926103651],[-3.439553919686301,47.64453663614008],[-3.439543069682371,47.64444692579734],[-3.439662288916143,47.64454871229565],[-3.439808567168252,47.6444322608642],[-3.439845967400445,47.644520504654075],[-3.440027475528701,47.644474354663636],[-3.43998280259614,47.6446574416775],[-3.44010795613693,47.6445873115884],[-3.440219327418873,47.64473468594657],[-3.440335546453677,47.64470117303312],[-3.44024913266789,47.64476013240675],[-3.440084407807118,47.64472407689776],[-3.440078728527391,47.64478760738703],[-3.439870669438595,47.64483522398987],[-3.439919683168948,47.64468802115586],[-3.439816993184156,47.64461241475993],[-3.439616529651649,47.64472282813027],[-3.4395192650226,47.644692076637995],[-3.439673139141195,47.64463842262256],[-3.439446380397523,47.64464191655681],[-3.439388685567297,47.64471735091982],[-3.439119102572846,47.644587745113846],[-3.43906466210615,47.64469009243114],[-3.438957377629241,47.644686986761066],[-3.439231556076731,47.64474409145056],[-3.43896254608312,47.64484022758026],[-3.439088530502292,47.64488745525108],[-3.439100464766571,47.644986136651596],[-3.438973395191056,47.644929937958544],[-3.438930059312942,47.64501360995345],[-3.43876858919846,47.645004465707245],[-3.438554275933634,47.644889868110134],[-3.438528296849673,47.64511707661125],[-3.438349212186967,47.64507278073689],[-3.438250605333853,47.64514144275853],[-3.43835680587,47.6451355780345],[-3.438351124489644,47.64519910842617],[-3.438180975635593,47.6451181950301],[-3.438099982647941,47.6452220080197],[-3.437939596789675,47.64522183367323],[-3.438079941076307,47.64527730041772],[-3.438157991490182,47.64548070213831],[-3.437948016620373,47.645401987629626],[-3.437863768535427,47.64547888730673],[-3.437838561314445,47.64538093884354],[-3.43780064692224,47.64550946562732],[-3.437563863246682,47.64554060207638],[-3.437624556840067,47.64560046736911],[-3.437521609345095,47.6456332445697],[-3.437454407807961,47.64551955293196],[-3.43717862325107,47.64567024419941],[-3.437152332577814,47.64556332454668],[-3.437240920352008,47.645522309589886],[-3.437069427623665,47.64554080911979],[-3.436816417744585,47.64587989160464]],[[-3.435153724015085,47.6455020684445],[-3.435104139947104,47.64542352699669],[-3.435013382179084,47.64544659819185],[-3.435153724015085,47.6455020684445]],[[-3.435232290917687,47.64548870095274],[-3.435265610701537,47.64543267630482],[-3.435172684419103,47.64543780548445],[-3.435232290917687,47.64548870095274]],[[-3.437385862620431,47.64550527578331],[-3.437341957876877,47.64536320494807],[-3.437192677490742,47.6453443544932],[-3.437192417816764,47.64545274008032],[-3.437385862620431,47.64550527578331]],[[-3.437732101655029,47.64549518868169],[-3.437629672002686,47.645311194805046],[-3.437468201210581,47.64530204876322],[-3.437457920952978,47.64543808049607],[-3.437610714602622,47.64537545816798],[-3.437577397316681,47.6454314834863],[-3.437732101655029,47.64549518868169]],[[-3.43753132276892,47.645271470618944],[-3.437549195548832,47.6451982362159],[-3.437472798986467,47.64522954736782],[-3.43753132276892,47.645271470618944]],[[-3.437998947650599,47.645381113328675],[-3.43788081446597,47.64528829622342],[-3.437862942111016,47.64536153067377],[-3.437998947650599,47.645381113328675]],[[-3.438678347036185,47.64481076851882],[-3.438751487674851,47.6447525434507],[-3.438587848692927,47.644725456872365],[-3.438678347036185,47.64481076851882]]],[[[-3.435585254472092,47.64548399601064],[-3.43572238855525,47.645452617422336],[-3.435838349553076,47.64552749457417],[-3.435697481516368,47.64568879629155],[-3.43556978084825,47.64559139127911],[-3.435684469015047,47.64558114351461],[-3.435689069238529,47.64550864219994],[-3.435587205087626,47.645550388762985],[-3.435634884092389,47.64550260229525],[-3.435585254472092,47.64548399601064]]],[[[-3.435563571126732,47.645591946134815],[-3.435505943296844,47.6457625854971],[-3.435391066580333,47.645696679091834],[-3.435420049008638,47.645604770135506],[-3.435563571126732,47.645591946134815]]]]},"properties":{}},{"type":"Feature","geometry":{"type":"Polygon","coordinates":[[[-3.447167852805795,47.643736529159696],[-3.447345006755246,47.64365448391416],[-3.447472082109386,47.64371067354009],[-3.447864887607387,47.64364379407689],[-3.44739013149307,47.643254622543395],[-3.447249543613197,47.64330755265297],[-3.447437559021858,47.64331521693251],[-3.447367449709547,47.64350874609985],[-3.447196445656062,47.64331048907108],[-3.447258473011808,47.64327093467173],[-3.447122469453344,47.64325136277322],[-3.447165791054684,47.64316768766362],[-3.446526203797872,47.643293366411974],[-3.446450660507594,47.64344204016004],[-3.446833815361595,47.64373693920077],[-3.446932408574775,47.643668269885964],[-3.446743305801713,47.64365163382365],[-3.446934820903509,47.6435778261173],[-3.446963782298506,47.64348591419732],[-3.446985746676955,47.64355694787951],[-3.447279959343076,47.64355873974357],[-3.447167852805795,47.643736529159696]]]},"properties":{}},{"type":"Feature","geometry":{"type":"Polygon","coordinates":[[[-3.434361237593773,47.6448052726838],[-3.434364755414396,47.64472380031066],[-3.43449316895534,47.64468058948289],[-3.434456861609322,47.64460131506825],[-3.434682801089913,47.64448047410783],[-3.43457036146919,47.64432412337213],[-3.434328426054836,47.64420201223205],[-3.43422331103343,47.644216844382576],[-3.434260701878348,47.644305089969876],[-3.434103836974721,47.64422343796693],[-3.43404179876189,47.64426298536279],[-3.433981110709174,47.64420311816746],[-3.434162622829551,47.644156977280055],[-3.433796879320182,47.644005574201366],[-3.433776833746705,47.64406086589623],[-3.433762741500277,47.6439442417237],[-3.433509435646882,47.64394918928456],[-3.43360587841935,47.64386258903692],[-3.433545191311051,47.643802721602704],[-3.433463107336123,47.64389756035635],[-3.433338214176322,47.64385929769082],[-3.433226328282481,47.64392868804174],[-3.433265336498998,47.643809133732496],[-3.433060794895238,47.64377526585315],[-3.433081656985408,47.64383733103974],[-3.432717548895427,47.643920638088034],[-3.432706710509709,47.64383092708204],[-3.432837290960256,47.64380566025604],[-3.432811009904133,47.64369873952289],[-3.43265523282492,47.64362605665029],[-3.432721875407751,47.643514008704464],[-3.4326741955712,47.64356179403296],[-3.432623533139862,47.64347428035041],[-3.432447710247489,47.6434568887036],[-3.43234666173975,47.64361598927089],[-3.432479409422134,47.64360866505256],[-3.43233311743419,47.64372510735801],[-3.432375378832447,47.643632466649116],[-3.432241547321908,47.643630819643114],[-3.43235505662487,47.64335362995901],[-3.432224207296795,47.643487281938775],[-3.432184652912206,47.64338109344675],[-3.432088208703523,47.643467692543005],[-3.432056510725276,47.64331591607677],[-3.431931349585725,47.643386037587916],[-3.432129656539954,47.64325769510858],[-3.43195708561835,47.643267216048194],[-3.431914551241675,47.643025728413534],[-3.431762028328428,47.642979957661346],[-3.431536359738085,47.642992407361284],[-3.43145318982856,47.64307827362769],[-3.430821151200231,47.64326666421735],[-3.430943874108743,47.64328698734575],[-3.430928159960402,47.64337816305008],[-3.430772924477275,47.643531220144226],[-3.43083252464979,47.64358211790739],[-3.430666453380979,47.64364546365438],[-3.430677288299043,47.64373517485823],[-3.430815726708647,47.64366432246359],[-3.430876410597344,47.64372419131975],[-3.430692457245535,47.643860770534914],[-3.43068107649332,47.643987830654275],[-3.430498478468462,47.644024995016856],[-3.430566746786397,47.644147661862405],[-3.430409614553539,47.64417439053743],[-3.43049197765831,47.64397116829332],[-3.430310189350126,47.644125689129226],[-3.430021391091146,47.644168710157025],[-3.430150890226257,47.64413447521337],[-3.43012894802038,47.64406343838947],[-3.429981566271103,47.64417090659994],[-3.430055524754456,47.64423004372055],[-3.430156307297006,47.64417933082844],[-3.430184750114664,47.64430419437607],[-3.430272257717335,47.644254213553594],[-3.430403650356577,47.64434630620822],[-3.43075720252493,47.644064909573544],[-3.430820864771089,47.644260077438275],[-3.430837935466911,47.64406948726226],[-3.43112348180691,47.64399955087],[-3.431086096364124,47.643911304264805],[-3.430926798007999,47.64392009140776],[-3.430920296778582,47.64386626470513],[-3.431091786256656,47.64384777418405],[-3.43103787548466,47.64373334647828],[-3.431129715626702,47.64371924946646],[-3.431076888461378,47.643613792887535],[-3.431154370033902,47.64359145700757],[-3.431074721345421,47.64359585065346],[-3.431164394096287,47.64356381137897],[-3.431088268191369,47.6434867327049],[-3.431170083858551,47.64350028128292],[-3.431166021479681,47.64335601113034],[-3.431427181391826,47.643305480763225],[-3.431331548118745,47.64350943603671],[-3.4314344953183,47.6434766642537],[-3.431440997018919,47.64353049093863],[-3.43161085994895,47.64327728604904],[-3.431489220429149,47.64326593473592],[-3.431751463258074,47.64322437475662],[-3.431868497526861,47.64330822704709],[-3.43180483383222,47.64355557353337],[-3.432199285692616,47.64372346030367],[-3.432111780765235,47.643773442583154],[-3.432465865389882,47.64371778315547],[-3.432419268929106,47.643774539478244],[-3.432519779208238,47.64383221020329],[-3.432429023029395,47.643855279410225],[-3.432552831715714,47.64388457194566],[-3.432612165010413,47.64404385444778],[-3.432688562727176,47.64401254645455],[-3.432664726771072,47.644257695953236],[-3.432818606528541,47.64420405095267],[-3.432754668361631,47.64411726982319],[-3.432970586444653,47.64402407790199],[-3.432993616307509,47.644104085290614],[-3.433127449028191,47.644105731434806],[-3.433072997561593,47.64420807598585],[-3.433208182235227,47.644110307485704],[-3.433342831440565,47.644229310125205],[-3.433360709619681,47.64415607632319],[-3.433593153636907,47.644089064003886],[-3.433575275799249,47.644162297844],[-3.433680390893325,47.64414746627605],[-3.433770880410505,47.64423278174889],[-3.433831834755741,47.6441842634075],[-3.433829400191357,47.64427470687587],[-3.433735391768602,47.64427086382715],[-3.433866790425403,47.644362952586555],[-3.43379147692881,47.6444032324326],[-3.433954028429059,47.64442135464611],[-3.433977059937877,47.64450136182435],[-3.433840791639277,47.644590160107384],[-3.433888204968612,47.64465075995335],[-3.43376439377158,47.64462146884459],[-3.433744347933081,47.64467676051615],[-3.434000909432657,47.64469872570252],[-3.43418160490635,47.64453522808691],[-3.434334134340275,47.64458099564357],[-3.434361237593773,47.6448052726838]],[[-3.4302988076312,47.644252749193825],[-3.430291223556571,47.644189951344025],[-3.430398506529188,47.64419306497195],[-3.4302988076312,47.644252749193825]],[[-3.430798383409378,47.64396329833314],[-3.430775356898633,47.64388329050601],[-3.430893747074063,47.6438677292064],[-3.430798383409378,47.64396329833314]]]},"properties":{}},{"type":"Feature","geometry":{"type":"Polygon","coordinates":[[[-3.423925640057443,47.64503756483708],[-3.424200662398482,47.64476954803798],[-3.424222372618781,47.64450645798005],[-3.424433406176014,47.644594168363376],[-3.424519837166029,47.64453522068248],[-3.42452957945298,47.644615961241534],[-3.424705688615718,47.64452497918861],[-3.424978768422334,47.644573146154734],[-3.42496930996019,47.644384020018485],[-3.424892907183013,47.644415322958295],[-3.424845504278537,47.6443547194552],[-3.424834109498858,47.64448177897206],[-3.424741753788113,47.644270128626886],[-3.424669681021072,47.64433731611217],[-3.424537215828277,47.64423624583478],[-3.424616068738636,47.644114499845614],[-3.424527473599095,47.6441555052604],[-3.424507703797609,47.64410240973273],[-3.424619601392353,47.644033027737215],[-3.424411817081917,47.64397223119606],[-3.424471982688059,47.64380636090981],[-3.424582226681816,47.64394477905285],[-3.424469532277071,47.643896804200295],[-3.424478191914977,47.64396857361391],[-3.424664041399137,47.64395833218328],[-3.424613391728077,47.643870815046064],[-3.424674068892857,47.64393068711688],[-3.424693041358701,47.643866425805335],[-3.424842313193003,47.643885292243695],[-3.424890798201955,47.64395486693566],[-3.424798956006533,47.643968959041814],[-3.425001043588891,47.64409328467284],[-3.42514490331072,47.64406729486686],[-3.425230534041399,47.64389098983285],[-3.425178002433292,47.64367714494329],[-3.425075849280334,47.64382726803306],[-3.425072885903141,47.64369196886587],[-3.424937971941496,47.64368134232212],[-3.424858607324468,47.64357734607217],[-3.424650539377162,47.64362493560261],[-3.424452784154788,47.64353649405047],[-3.42439182202234,47.643585007515085],[-3.424414327632985,47.643439274110435],[-3.424145869856028,47.643318604854684],[-3.423940762763123,47.6435014923412],[-3.423832399219941,47.643489401598174],[-3.423669279733856,47.64368803661118],[-3.423727790980399,47.643729966808934],[-3.423616975169606,47.643808319146586],[-3.423698502358326,47.64393025859527],[-3.423777069815467,47.64391689879512],[-3.423661350109963,47.64417613769698],[-3.423578453004509,47.64415361268207],[-3.423510708124793,47.644256684190715],[-3.423567850218249,47.644398028886805],[-3.423713876131415,47.64438998321283],[-3.423670516765597,47.644473649570244],[-3.423756948403149,47.644414702449964],[-3.423641514714924,47.64456555566537],[-3.42377397902868,47.64466662694088],[-3.423736031268708,47.644795149206736],[-3.423813517628933,47.644772818208516],[-3.423717852626107,47.64497676709363],[-3.423766337160671,47.64504634221267],[-3.423780981678175,47.64494619637269],[-3.423925640057443,47.64503756483708]],[[-3.42462279052752,47.644502454918715],[-3.4244903250136,47.644401384596854],[-3.424594360618836,47.64437759003036],[-3.42462279052752,47.644502454918715]],[[-3.424302023230346,47.64450206900731],[-3.424231318019273,47.644469841783014],[-3.424312336844742,47.644366038367544],[-3.424302023230346,47.64450206900731]],[[-3.424540177877508,47.644371544977254],[-3.424492775412517,47.64431094132968],[-3.424571343231295,47.64429758099809],[-3.424540177877508,47.644371544977254]],[[-3.425020015718788,47.64402902331364],[-3.424959338054046,47.64396915142555],[-3.425112142163202,47.64390654539405],[-3.425020015718788,47.64402902331364]],[[-3.423928219584989,47.644062094401164],[-3.423832334355401,47.643931915386204],[-3.423950726662944,47.643916361121995],[-3.423928219584989,47.644062094401164]]]},"properties":{}},{"type":"Feature","geometry":{"type":"Polygon","coordinates":[[[-3.483377829111131,47.633482720143284],[-3.483919509148894,47.632883608209056],[-3.48410034038742,47.63250325964454],[-3.484537364013245,47.63236153790771],[-3.484758442813968,47.632421489502384],[-3.484853689216561,47.63232587578543],[-3.485089131883675,47.63239405903904],[-3.485086017013673,47.63225876063093],[-3.485058219764197,47.632359653191145],[-3.484914583515804,47.63227733050599],[-3.484706613226128,47.632325027246985],[-3.484674772245545,47.63217326421256],[-3.484554239087739,47.63217093875194],[-3.483971996330624,47.63254652525566],[-3.483802415989588,47.632799807620486],[-3.48366314919616,47.63275336612176],[-3.483522624963095,47.63280634015902],[-3.483511703443102,47.63271663336725],[-3.483377829111131,47.633482720143284]]]},"properties":{}},{"type":"Feature","geometry":{"type":"Polygon","coordinates":[[[-3.429072391480342,47.64372434846507],[-3.429166950537749,47.64351142392841],[-3.429224106814968,47.64365276591279],[-3.429331388645332,47.643655880521386],[-3.429361739241176,47.643464558428605],[-3.429531061378207,47.64342812792688],[-3.429544611338076,47.6433190101478],[-3.429343323755318,47.64331204915012],[-3.429528637186952,47.64307605745588],[-3.429622643201776,47.643079903891575],[-3.429635109583054,47.64296181494873],[-3.429416215626899,47.642919701646456],[-3.429058607316117,47.643056824142846],[-3.429007951293631,47.6429693088697],[-3.429003342211886,47.643041810016896],[-3.42887628790084,47.64298560028681],[-3.428877647627172,47.64288618572045],[-3.429078933542828,47.64289314752189],[-3.429017169419553,47.64282430656659],[-3.429100066755516,47.64284682773842],[-3.429194624147561,47.6426339030822],[-3.429053489043318,47.64246106871796],[-3.428955958236071,47.64253869412939],[-3.428807771869033,47.6425288040763],[-3.428902329863828,47.642315879621414],[-3.428832178049659,47.642066883644915],[-3.428166567861117,47.64197715448073],[-3.427883998873319,47.642182382931914],[-3.427828981959771,47.642501496611594],[-3.427758556090203,47.64236088575442],[-3.427520418288338,47.64249141648065],[-3.427347289710294,47.64271770205975],[-3.427373315231399,47.64249049576324],[-3.427630421759167,47.64229570349581],[-3.427447827399895,47.64233286312364],[-3.427452438533742,47.6422603620111],[-3.427285564251984,47.64220634609801],[-3.427364687511445,47.641976212371304],[-3.427275015147168,47.642008248756085],[-3.427254160525467,47.64194618247386],[-3.427242771995036,47.6420732423847],[-3.427106778834316,47.64205364717643],[-3.427119773171484,47.642161301105546],[-3.426967256841665,47.64211552407384],[-3.426855366320025,47.64218490838678],[-3.426820154830452,47.642114602659795],[-3.426763246848744,47.64230738779049],[-3.426648388368398,47.642241472671884],[-3.426700684564126,47.64212118868156],[-3.426434112229996,47.64212685268109],[-3.426441972965776,47.642081265102334],[-3.42624826946398,47.642137096936914],[-3.426019919817376,47.641905850976656],[-3.425929211579885,47.641486400908065],[-3.425453036513208,47.640862425843366],[-3.425357952164227,47.640849604865714],[-3.425374757626491,47.64076740097406],[-3.425256372720006,47.64078295670666],[-3.425042389755533,47.640559948247656],[-3.424628215267671,47.640338941429796],[-3.424500886574486,47.64039111270609],[-3.424361937324367,47.64023621486112],[-3.424303143583448,47.64030267075204],[-3.424317785791861,47.640202524597825],[-3.424086205860572,47.639944361035944],[-3.423721889061512,47.639693511414855],[-3.422916580597728,47.63933149629731],[-3.420638773842104,47.638725477628405],[-3.419819440628377,47.638246814880645],[-3.419487701239995,47.63782257414885],[-3.418977134676659,47.636468975946805],[-3.418371113598896,47.63565344966647],[-3.418121686041722,47.63546850551421],[-3.417959949692929,47.635567718565106],[-3.417932621314874,47.63545182275371],[-3.418090815323191,47.63543408201259],[-3.417862230820969,47.63531120541832],[-3.417760970364509,47.63513616443621],[-3.417342243892809,47.63498763217514],[-3.417233118231403,47.63485817784425],[-3.416452310350246,47.634476713284215],[-3.416348894313621,47.63428372841089],[-3.416294373338371,47.63360941981741],[-3.416441402230098,47.632833708331546],[-3.416232415677246,47.632429795513936],[-3.416072068336304,47.63242959115023],[-3.416061736027049,47.63256562190397],[-3.416167913974539,47.63255977730936],[-3.41631161970628,47.63297631451941],[-3.416194678439907,47.6336690923314],[-3.416255811161052,47.633954712763995],[-3.416186205640004,47.63393145179455],[-3.416172630752911,47.63404056855421],[-3.416389968522884,47.63462463765333],[-3.416693859525097,47.63470724819411],[-3.416790791749074,47.634846404979875],[-3.417028320537524,47.63493266787346],[-3.416986039389878,47.63502530344781],[-3.417181888863008,47.634987429335084],[-3.417215701706914,47.63515715305943],[-3.417376838465059,47.63527471324871],[-3.417523921460135,47.63527564655529],[-3.417607284549413,47.635523919454016],[-3.417701575610085,47.635419389397185],[-3.417793888085842,47.635631046278576],[-3.417870282451367,47.63559974783811],[-3.417853467057699,47.63568195087022],[-3.418530766772534,47.63631293857813],[-3.418824832155599,47.636757317532016],[-3.419244452277207,47.63779984608995],[-3.419600573758427,47.638204683086585],[-3.420266322079267,47.63862859027944],[-3.420802092383117,47.63886097534749],[-3.422827703273833,47.63948088641525],[-3.422887580043134,47.639423402450895],[-3.423734589016538,47.639909551720265],[-3.424143568731414,47.64041983450419],[-3.424629809755749,47.64057365548547],[-3.424944003005897,47.64096272784077],[-3.425048031705229,47.64093893282781],[-3.424916656697786,47.64084683398781],[-3.424892557888995,47.640757853684576],[-3.424961093635504,47.64077213819718],[-3.425451619024584,47.64140435484464],[-3.425562093355448,47.64187690071741],[-3.425437726102465,47.64206437225183],[-3.425510310653355,47.642222926879775],[-3.425431746124159,47.64223628785714],[-3.425374601408645,47.64209494391369],[-3.425244820234482,47.642237559340614],[-3.425365089830297,47.64234833171892],[-3.425449350982899,47.64227144092926],[-3.425452315235696,47.64240674018687],[-3.425561759554299,47.64242780060801],[-3.4254951032942,47.64253984453282],[-3.425397850783162,47.642509081251085],[-3.42533740577819,47.642783337836086],[-3.425475848808082,47.64271249173336],[-3.425703399904736,47.64282638178757],[-3.425666307318652,47.64262974768108],[-3.425735928317135,47.642653002896914],[-3.425816941457445,47.642549198340085],[-3.425919325077783,47.64273320283437],[-3.426081868816798,47.64275133601512],[-3.426074289917997,47.642688537842645],[-3.426202423291494,47.642753721794485],[-3.426205953433195,47.64267224958045],[-3.426374192462618,47.6426268524718],[-3.426398056588282,47.6423817040492],[-3.42642079435048,47.64257009852606],[-3.426580089418431,47.6425613175202],[-3.426610449255733,47.64236999603331],[-3.426678706519021,47.64249266525597],[-3.426980772955613,47.642448920648334],[-3.427113238339718,47.642549988249414],[-3.427068802934023,47.642624684789546],[-3.427232429625398,47.64265178752934],[-3.427134615731255,47.64283779712432],[-3.427197460333368,47.642915610230524],[-3.427030303958756,47.642969979675314],[-3.427140832939255,47.643000009768556],[-3.427142718633916,47.64312633777625],[-3.427223729756266,47.64302253226956],[-3.427299849416908,47.64309961347999],[-3.427223449845797,47.643130917964605],[-3.427271657460335,47.64330887738091],[-3.427449678930734,47.64290170519687],[-3.42751035817576,47.64296157582493],[-3.427564819038731,47.64285923380008],[-3.427562060755397,47.64350057678878],[-3.427632800042818,47.64309028813228],[-3.427747940411968,47.6430478165592],[-3.427798626416374,47.64269281840202],[-3.427848197194495,47.6427713630612],[-3.427934899923844,47.64260402707816],[-3.427873416198827,47.642426799777596],[-3.428288731310189,47.64221425191554],[-3.428439082880919,47.64224208492434],[-3.428413894487747,47.64214413426371],[-3.428731121394725,47.64222598120024],[-3.42868721778603,47.642526420984815],[-3.428840543303147,47.642689552627935],[-3.428683414499182,47.642716279001824],[-3.42865603430786,47.64304290012431],[-3.428812080921808,47.64300720265097],[-3.42878958750352,47.643152936935216],[-3.428887926324772,47.643192668522765],[-3.429026365702737,47.64312181822823],[-3.429191078144501,47.643157889356225],[-3.429286443248394,47.64306232150131],[-3.429344958222384,47.64310424889971],[-3.429245260180303,47.643163932256435],[-3.429224658513182,47.6434359945659],[-3.429020651588462,47.64362786209232],[-3.429072391480342,47.64372434846507]],[[-3.427181739893373,47.643006785448485],[-3.427246227395885,47.64287679827692],[-3.427343481642601,47.64290756001425],[-3.427181739893373,47.643006785448485]],[[-3.428758175887399,47.64289277384338],[-3.42871185309067,47.64284114300301],[-3.428840266678292,47.6427979383456],[-3.428758175887399,47.64289277384338]],[[-3.428923163898636,47.64282045964326],[-3.428886866092798,47.642741183421336],[-3.428993062880477,47.64273532720066],[-3.428923163898636,47.64282045964326]],[[-3.425568771276067,47.64270737025824],[-3.425559027765239,47.64262662970565],[-3.425480462653892,47.64263999071297],[-3.425539257503793,47.6425735343103],[-3.425648702198788,47.642594594648195],[-3.425568771276067,47.64270737025824]],[[-3.426116843516465,47.64248751362533],[-3.426037478377551,47.6423835181116],[-3.426181332985389,47.642357527006446],[-3.426116843516465,47.64248751362533]],[[-3.426739665324557,47.64244415057064],[-3.426701205423676,47.64234693132811],[-3.426853722186638,47.642392708701614],[-3.426739665324557,47.64244415057064]],[[-3.4261902766815,47.64232091061851],[-3.426114159734324,47.642243828654],[-3.426237160407485,47.64215577099557],[-3.426341991892093,47.64224933175633],[-3.426221438550617,47.64224694612036],[-3.4261902766815,47.64232091061851]]]},"properties":{}},{"type":"Feature","geometry":{"type":"Polygon","coordinates":[[[-3.41547539046234,47.631469046011155],[-3.415631715440715,47.63132497960446],[-3.415754405106624,47.63134531881234],[-3.416633844430327,47.630438980769505],[-3.416532295692305,47.63037232466674],[-3.416713775858782,47.63032621055595],[-3.416612227235486,47.63025955451877],[-3.416798331507784,47.63014093913463],[-3.416688915840778,47.63011987037081],[-3.416762060332972,47.63006165862626],[-3.416689518306588,47.629903097565986],[-3.416849858060167,47.629903301082436],[-3.416825777639853,47.629814318611736],[-3.416970683764194,47.62979730999111],[-3.41704953260215,47.62967556819802],[-3.417234252796514,47.62965636719757],[-3.417120814589348,47.629491027162025],[-3.417291181706376,47.62946358544661],[-3.417351652969728,47.6291893311339],[-3.417740663411369,47.6288698942755],[-3.417927357754387,47.628534504044346],[-3.418055745652008,47.62849131092007],[-3.418187786416304,47.62792412772848],[-3.418145326558927,47.62768263316686],[-3.417968777992071,47.627547861738535],[-3.41788236727362,47.62760680509192],[-3.417755361413288,47.6275505828202],[-3.417773255391242,47.6274773507722],[-3.417452290783089,47.627585332596695],[-3.417764009371947,47.627622353338616],[-3.417680841257301,47.6277082104834],[-3.417919420746112,47.627803443197614],[-3.417809710482816,47.62789076198537],[-3.417993343187465,47.62786258845381],[-3.418006017142351,47.62807863070329],[-3.417899549545338,47.62819286349231],[-3.417973472503969,47.62825200874921],[-3.417716398381205,47.628446781181005],[-3.41770823304608,47.62860075498111],[-3.41757414025038,47.62870747764307],[-3.417683553371633,47.628728545593056],[-3.417604707378636,47.62885028787357],[-3.417427556862015,47.62893228865064],[-3.417236353635819,47.6288976620834],[-3.417258272449211,47.62896870188554],[-3.417120154512122,47.62893115229424],[-3.417010440623512,47.62901847028053],[-3.416972487703153,47.62914699139133],[-3.417091930129943,47.629140415272715],[-3.417027434495175,47.62927039776345],[-3.417104901124965,47.62924807103453],[-3.417140091330188,47.629318380157216],[-3.416980533594026,47.629435534791476],[-3.417015723759021,47.62950584394484],[-3.416818813404425,47.629534746571835],[-3.416608808006101,47.62989851006787],[-3.416486121340188,47.62987817174219],[-3.416412675004477,47.63004476972233],[-3.416425167566527,47.62992668139323],[-3.416268070118897,47.629953391247035],[-3.416288907280114,47.63001545987503],[-3.416149706543711,47.629968937839166],[-3.416192461433652,47.63010204644839],[-3.416117154723143,47.630142315198825],[-3.416204350061669,47.63020073093959],[-3.41649524554665,47.63017568638154],[-3.416330279785444,47.630247983505214],[-3.416310221285729,47.63030327259635],[-3.416439695573505,47.63026905260355],[-3.416432908861716,47.63032361110232],[-3.416226744481275,47.630497514964354],[-3.416327212261527,47.630555200014165],[-3.416216412940221,47.63063354586754],[-3.416280308065074,47.63072033665154],[-3.415466744957789,47.63139727546575],[-3.41547539046234,47.631469046011155]],[[-3.416426901195782,47.63049552729105],[-3.416499568888551,47.630211571639215],[-3.416560221424228,47.630271448347045],[-3.416426901195782,47.63049552729105]],[[-3.417237915278275,47.62913237762852],[-3.417106582805903,47.629040269444225],[-3.417232810714488,47.628979134606986],[-3.417237915278275,47.62913237762852]]]},"properties":{}},{"type":"Feature","geometry":{"type":"Polygon","coordinates":[[[-3.417628355820495,47.627494360408775],[-3.417702875832924,47.62733673276172],[-3.417548846974181,47.62705622732305],[-3.41761550057851,47.626944187034404],[-3.417522122895002,47.626723557741705],[-3.41765404889616,47.62659889238978],[-3.417720817216201,47.62604433423617],[-3.4175518416211,47.62597236132303],[-3.417456603737939,47.62562540257049],[-3.416960971037933,47.625724939846435],[-3.416941516284536,47.625563455883864],[-3.417040114378365,47.62549481115191],[-3.41692284172626,47.62551932989418],[-3.416918819221005,47.62537505790649],[-3.41678257137394,47.62546383717236],[-3.416805090118233,47.625318103867755],[-3.416916657604262,47.62535711524078],[-3.416759095198147,47.625158081149074],[-3.416827307814356,47.62528075721788],[-3.416779630036188,47.62532853651003],[-3.41670138936851,47.62523350506715],[-3.416652630757741,47.62527231297336],[-3.416650646142727,47.62558850161283],[-3.416862974129877,47.62557681121448],[-3.416736753843022,47.625637945759216],[-3.416962051861017,47.62573391117721],[-3.416901103252016,47.6257824211802],[-3.417242894734994,47.625736509364714],[-3.417328703311971,47.625894339707784],[-3.417417273673375,47.62585333936404],[-3.417505544347007,47.625920725588315],[-3.417442134519831,47.62605967984789],[-3.41730294309382,47.62601315909145],[-3.41744291575024,47.62617703779422],[-3.417298800519406,47.62631140497159],[-3.417055125031478,47.626062927657],[-3.416874740470055,47.626118013729254],[-3.416870896338793,47.62630787297136],[-3.416999279735893,47.62626468095872],[-3.416898217730413,47.626423769578246],[-3.417032005624724,47.626425434173306],[-3.416975379651688,47.626509829504066],[-3.417144656459696,47.626473416633],[-3.417161950409055,47.62661695783658],[-3.417377824922899,47.6265237938874],[-3.417427365352014,47.62660234362421],[-3.417477505153973,47.62646412014369],[-3.417557910887306,47.62657709364925],[-3.417424604073845,47.626801174158686],[-3.41713078511146,47.62669092051611],[-3.417389115360038,47.626839251614975],[-3.417166454052325,47.626986974205124],[-3.416915388816355,47.627009828480524],[-3.416854137826746,47.62716672499212],[-3.417053201160955,47.62715576491708],[-3.417040710636747,47.627273853482045],[-3.4171400923437,47.62732256660592],[-3.417440999814799,47.627269874996465],[-3.417522487635423,47.627391819798184],[-3.417441481369791,47.62749561941763],[-3.417628355820495,47.627494360408775]],[[-3.417357050669197,47.62723837405117],[-3.41711307032335,47.627098283546005],[-3.417221699204686,47.627001994054474],[-3.417298862483317,47.62708805374098],[-3.41728589162199,47.62698039788085],[-3.417389896485291,47.62695660951456],[-3.417452708184622,47.62703442850108],[-3.417357050669197,47.62723837405117]]]},"properties":{}},{"type":"Feature","geometry":{"type":"Polygon","coordinates":[[[-3.439432578827331,47.62422753946127],[-3.439328829042637,47.62411189471597],[-3.439361556963381,47.62383012355849],[-3.439276515761043,47.62378966718026],[-3.439259737051051,47.62387187379139],[-3.439179289468365,47.62375891507196],[-3.438790700897035,47.62397003736701],[-3.438821322070243,47.624112842388634],[-3.438896603145285,47.62407255887782],[-3.439105984145492,47.624368046104685],[-3.439401264545686,47.624246970601845],[-3.439311795043943,47.62430248809904],[-3.439314793433841,47.62443778825987],[-3.438948146389026,47.62471994681693],[-3.439167228799203,47.62465365590567],[-3.439276642129548,47.62467470367294],[-3.439220053183791,47.62475910986047],[-3.43932729762595,47.624762215321404],[-3.439327552864657,47.62465382856895],[-3.439439135417035,47.62469281844053],[-3.439430458791921,47.62462104942135],[-3.439675825525517,47.624661677855414],[-3.439439964986637,47.62481017631773],[-3.439122569503238,47.62483674446836],[-3.439009390601989,47.62500555664898],[-3.438920009802453,47.62492921551552],[-3.438991526586063,47.625078792040775],[-3.43887318044203,47.62509436169667],[-3.438921666670103,47.62516393124167],[-3.438804404799756,47.62518847195691],[-3.438800895042462,47.62526994528731],[-3.438778120957513,47.62508155153639],[-3.438647332500073,47.62521521197222],[-3.438539002748527,47.62520313475451],[-3.438624302312574,47.6251352049162],[-3.438513803862932,47.62510518540897],[-3.438524648205842,47.625194896745214],[-3.438281191321149,47.625280594896786],[-3.438114359163304,47.62522659397603],[-3.438178798564321,47.62509659957624],[-3.438286043623914,47.62509970599269],[-3.438163359732639,47.62507939038499],[-3.438218039420245,47.624868655710934],[-3.438063909888178,47.62458817697819],[-3.438135112433859,47.62440362264148],[-3.438008092868488,47.62434742230008],[-3.437901623732014,47.62401915529121],[-3.438000192017673,47.623950492813734],[-3.438266672356387,47.623944802372584],[-3.438185711659932,47.6240486165589],[-3.438289701494337,47.62402480954809],[-3.43821550438987,47.62407406381014],[-3.438307308814092,47.624059961013316],[-3.438402109252081,47.62418115834628],[-3.438552101315393,47.62387484709804],[-3.438608176990619,47.62400721478773],[-3.438770668019491,47.6240253304915],[-3.438766842954515,47.62377267235051],[-3.438675039145751,47.62378677551064],[-3.438581323203056,47.62367454951447],[-3.438646844016611,47.62355352589314],[-3.438485438861672,47.623544381154076],[-3.438477848098634,47.623481583163404],[-3.438680659617965,47.62328072598664],[-3.438804424017158,47.62331001220928],[-3.43883230396714,47.623209130202234],[-3.438991539219028,47.623200332187174],[-3.438981778967279,47.62311959194101],[-3.439057887225156,47.6231966662835],[-3.439218206914582,47.62319683909699],[-3.439115047939551,47.623338004912945],[-3.43947224338533,47.623309237074466],[-3.43937450758234,47.623495258773865],[-3.439545928690952,47.6234767556499],[-3.439519134520166,47.62358660894497],[-3.439230454799122,47.62362965319122],[-3.439307648680692,47.62371569848439],[-3.439544334533545,47.623684558150096],[-3.439498592768845,47.62385867581775],[-3.439620189769335,47.623870018906445],[-3.439647304715931,47.624094297123015],[-3.439432578827331,47.62422753946127]],[[-3.438065767634182,47.624271987823775],[-3.438165678126263,47.6241039095774],[-3.43801294601183,47.624166533320526],[-3.438065767634182,47.624271987823775]],[[-3.438573647614688,47.62504769297964],[-3.438556296599621,47.62490415483562],[-3.438410326229459,47.62491221914004],[-3.438573647614688,47.62504769297964]],[[-3.438604981330946,47.62442281962695],[-3.438820809541299,47.62432961594562],[-3.438718673220622,47.62403723422262],[-3.438475221927014,47.62412293282965],[-3.438604981330946,47.62442281962695]],[[-3.4387729549461,47.624928309142135],[-3.438869354815265,47.62484170369794],[-3.438663797881641,47.62479887416284],[-3.438662456841128,47.62489828977234],[-3.4387729549461,47.624928309142135]],[[-3.438686000068291,47.6247615233465],[-3.438826547595332,47.62470860303353],[-3.438727150968915,47.624659908297374],[-3.438822465954166,47.62456433174557],[-3.438666479947679,47.624600042928556],[-3.438686000068291,47.6247615233465]],[[-3.438781709836678,47.62356413671811],[-3.438839382662948,47.62348870182943],[-3.438669045697186,47.6235161750561],[-3.438781709836678,47.62356413671811]],[[-3.438886014536751,47.62387446072942],[-3.438958041782897,47.62380726376496],[-3.43883536060614,47.623786948849606],[-3.438886014536751,47.62387446072942]],[[-3.439070962551708,47.62374683833857],[-3.439142160493688,47.62356228330813],[-3.439229370276376,47.62362068205717],[-3.439248318002335,47.62355641770831],[-3.439138906975163,47.623535369902406],[-3.439195494752005,47.62345096370107],[-3.439098269122872,47.62342021151996],[-3.438996449786466,47.62346196153213],[-3.439011632544944,47.6235875574448],[-3.438991855954699,47.623534463803956],[-3.438958553749571,47.62359049014917],[-3.438937692739176,47.62352842536222],[-3.438834788615562,47.623561204094095],[-3.438968314052289,47.62367123037774],[-3.438923910949883,47.62374593215466],[-3.439070962551708,47.62374683833857]],[[-3.43900416300727,47.62440979610324],[-3.439049651056445,47.62434406545372],[-3.438922630669984,47.62428786610517],[-3.43900416300727,47.62440979610324]],[[-3.438877022767778,47.62346856006791],[-3.438986689479455,47.62338122129723],[-3.438843976697857,47.6234161995619],[-3.438877022767778,47.62346856006791]],[[-3.439051308475948,47.62457878124867],[-3.439206465108925,47.62442571165638],[-3.439023939934037,47.624462889718096],[-3.439051308475948,47.62457878124867]],[[-3.439219098681944,47.62375671547091],[-3.439308733218523,47.62372466961728],[-3.439212591546899,47.623702888668646],[-3.439219098681944,47.62375671547091]],[[-3.43940895812123,47.62389072181485],[-3.439472308190965,47.62375175548035],[-3.439339610846717,47.62375908771876],[-3.43940895812123,47.62389072181485]]]},"properties":{}},{"type":"Feature","geometry":{"type":"Polygon","coordinates":[[[-3.4492298079215,47.62324830729152],[-3.449232450556021,47.62304947565788],[-3.449150661649572,47.62303593958478],[-3.449293836651317,47.62278417497092],[-3.449354047780657,47.62306080861743],[-3.449390832196661,47.62292330555077],[-3.449523291552497,47.62302434876047],[-3.449431961303652,47.62282168663505],[-3.449575517378789,47.622904053341976],[-3.449603376762022,47.62280316874372],[-3.449708211190657,47.622896709471085],[-3.449760436475384,47.622776413962015],[-3.449770212966325,47.62285715332092],[-3.449891809867053,47.62286848572172],[-3.449639542690075,47.62243992074976],[-3.449881648297866,47.62245361466119],[-3.449901902835559,47.622289932680566],[-3.44977270338106,47.622215802990105],[-3.449600203630248,47.622225350091426],[-3.449535795507407,47.62235535098296],[-3.449731725236503,47.6227599406794],[-3.44948791502125,47.6225115305935],[-3.449376094863605,47.62258093717349],[-3.449366935532864,47.62272594259513],[-3.449344125245887,47.622537550659715],[-3.449210346098689,47.62253592307201],[-3.449107214824085,47.62267709776017],[-3.449129789006631,47.62297387660105],[-3.448996244372163,47.622863861895674],[-3.449004318586563,47.622709885465945],[-3.448924702524351,47.62271429132715],[-3.44891119740822,47.6228234125127],[-3.449157178723772,47.62308976585137],[-3.449117135062647,47.6232003557005],[-3.4492298079215,47.62324830729152]]]},"properties":{}},{"type":"Feature","geometry":{"type":"Polygon","coordinates":[[[-3.451195234771889,47.62293180572155],[-3.451234187402911,47.62281224411853],[-3.451376890449909,47.62277725070403],[-3.451339486390474,47.62268900961382],[-3.45152067988006,47.62275122813842],[-3.45151399584228,47.622254883360604],[-3.451566842241923,47.62236033186014],[-3.451623409122841,47.622275919587636],[-3.451730419251341,47.62238740057444],[-3.45176393727924,47.62222298363999],[-3.451882273296695,47.622207400900045],[-3.452090632194064,47.62249389410748],[-3.452168074318467,47.62247154404951],[-3.452367742077353,47.62268626857968],[-3.452327305170201,47.622462727849886],[-3.452493914568727,47.62262509544433],[-3.452390619916671,47.62232375440848],[-3.452463714789733,47.622265520080795],[-3.452525485359635,47.62233434937011],[-3.452407606590118,47.62213315892681],[-3.452467660594246,47.62196727236262],[-3.45258708257281,47.62196065992522],[-3.452587941003487,47.622078017872205],[-3.452873113486085,47.62211641446163],[-3.453086051944833,47.622330403047805],[-3.45305865408843,47.62221451467376],[-3.453158286378894,47.622154810354],[-3.453021247643462,47.62212627409667],[-3.45285377918273,47.62184654926097],[-3.452750658874889,47.62198772721615],[-3.45272000166025,47.621844925692685],[-3.45263689877271,47.621930807973435],[-3.452625172867445,47.62172373983739],[-3.452375463016,47.62164725446227],[-3.452234707962452,47.6218085781051],[-3.452351269885052,47.62210918466412],[-3.452209885007786,47.62204476337684],[-3.452266850352562,47.62229448256813],[-3.452170935121948,47.62216432535241],[-3.452116542545669,47.62226667993612],[-3.452012164080233,47.62195636748813],[-3.451977560349865,47.6221118134938],[-3.451868377030564,47.62198239066945],[-3.451662360316348,47.62215635780153],[-3.45149443783598,47.62209340488061],[-3.451451534834863,47.62251121426089],[-3.451241399672896,47.622540909608176],[-3.451201822981493,47.622434726407434],[-3.451168534276973,47.622490756265016],[-3.451070217011853,47.6224510430064],[-3.451020167962163,47.62258928117987],[-3.450987110526716,47.62253692408654],[-3.450926196491616,47.62258545191937],[-3.450740890574082,47.62237896143532],[-3.450674312197171,47.62249102087986],[-3.450773251702121,47.622756479284966],[-3.450769137924333,47.622612208271335],[-3.450938147652285,47.62268413324788],[-3.451004031151927,47.62289723432426],[-3.451195234771889,47.62293180572155]]]},"properties":{}},{"type":"Feature","geometry":{"type":"Polygon","coordinates":[[[-3.455686339749075,47.62295403680105],[-3.455710925780252,47.62282623779477],[-3.455904306812335,47.62287874345275],[-3.456129018453209,47.622748888685734],[-3.455987848726347,47.622576085090614],[-3.45606094002081,47.622517848519244],[-3.456175792373682,47.622583735390975],[-3.456021353760418,47.62241166695054],[-3.456091182802115,47.622326517403685],[-3.456012876564542,47.622231512159175],[-3.456155574926524,47.622196512895634],[-3.456249104345734,47.622417111790654],[-3.45628717871412,47.62218019056431],[-3.456367880745066,47.62218475066451],[-3.456317420493307,47.62198885935702],[-3.456452285869387,47.621999449786074],[-3.456307634259469,47.62190812051039],[-3.456316774597518,47.62176311448409],[-3.456473607472882,47.621844737610324],[-3.456455121993091,47.62169223091],[-3.456299376944241,47.62161957873717],[-3.456267843936122,47.621359420162314],[-3.456224095203734,47.62221077920512],[-3.455988955729009,47.62203415048899],[-3.455995258189992,47.62219636333092],[-3.455940228606234,47.622072974854795],[-3.455853647011272,47.622240333384504],[-3.456051375351123,47.62232872275696],[-3.455967189759083,47.62240563640267],[-3.455865607203008,47.62233901422612],[-3.455858640128769,47.6225019621436],[-3.45574270106976,47.62242710397118],[-3.455753573821114,47.62251681382917],[-3.45566852229035,47.622476369359624],[-3.45580729437284,47.62273961827944],[-3.455614779036564,47.62280447033793],[-3.455338521326913,47.62272946146895],[-3.455147092638494,47.622803283744986],[-3.455239754675981,47.62290652550842],[-3.455348306245624,47.62281020036269],[-3.455388978686674,47.622925353124835],[-3.455531679312354,47.62289035463603],[-3.455686339749075,47.62295403680105]],[[-3.455906924569216,47.62267991163106],[-3.455836450897319,47.622539316266725],[-3.455924986107164,47.62249828665709],[-3.455906924569216,47.62267991163106]]]},"properties":{}},{"type":"Feature","geometry":{"type":"Polygon","coordinates":[[[-3.444023416160474,47.624159460373455],[-3.444093266625129,47.62407431807734],[-3.444189410956883,47.62409609500428],[-3.444201840681191,47.62397800335005],[-3.444397385362393,47.62404847020048],[-3.444536839927742,47.623986571912596],[-3.444764867090975,47.622890228629146],[-3.444907330685727,47.622963629985094],[-3.444800333651044,47.62285214278027],[-3.445071393303238,47.62277393428494],[-3.445064880387205,47.62272010778172],[-3.445181890614629,47.62280394762432],[-3.445233283733895,47.62256629616961],[-3.445118688394952,47.62239201164662],[-3.445188778127137,47.62219848171642],[-3.445347766312761,47.62229806193327],[-3.445097709256546,47.621887429197024],[-3.445030876001208,47.62210787236521],[-3.444968029901634,47.62203006801637],[-3.444745220753292,47.62228623043771],[-3.444640151779508,47.62230107212741],[-3.444595024155213,47.62270093676687],[-3.44449212510061,47.62273372049695],[-3.444576083169327,47.62276520201121],[-3.44448970957532,47.622824165189776],[-3.444595375960211,47.62303506845335],[-3.444496924304023,47.62354625497761],[-3.444395108949609,47.623588009693314],[-3.444311639920643,47.6233397543956],[-3.444152405130021,47.62334855966316],[-3.444108009550392,47.62342326342318],[-3.443969887082896,47.62338574547455],[-3.443948180867192,47.623206323641575],[-3.443816570778868,47.623222632060546],[-3.443737792519049,47.62334439231922],[-3.443871819530657,47.62323763933347],[-3.443842371666603,47.623546325115115],[-3.443689894183249,47.62350056947305],[-3.443694727997007,47.62331968017913],[-3.443558776574455,47.62330010393055],[-3.443519214601508,47.623193918168425],[-3.443576041695543,47.62300112297649],[-3.443423319083329,47.62306375382984],[-3.443387110434625,47.62342699978136],[-3.44349760815082,47.623457014704094],[-3.443523407217784,47.623780707790125],[-3.443658866971284,47.62401705768766],[-3.44378939376975,47.623991778363056],[-3.444023416160474,47.624159460373455]],[[-3.444253834199567,47.623966097177664],[-3.444101355164554,47.623920342082634],[-3.444198829930867,47.62384270328296],[-3.444260591669146,47.62391153688725],[-3.444307158201886,47.62385477525978],[-3.444406558418875,47.62390346526739],[-3.444253834199567,47.623966097177664]],[[-3.443889039743387,47.62393208200542],[-3.443814254884587,47.62375559511858],[-3.443758759375998,47.623848974635315],[-3.443832111841501,47.62368235893949],[-3.443889039743387,47.62393208200542]],[[-3.444306072821421,47.62384580417391],[-3.44417386669682,47.62363636827067],[-3.444385935916233,47.62373301464902],[-3.444423329213004,47.62382125791843],[-3.444336113420894,47.62376286305372],[-3.444306072821421,47.62384580417391]],[[-3.445061025626584,47.62246744967819],[-3.444906379275819,47.6224037534279],[-3.444999751949237,47.62218184264753],[-3.445061025626584,47.62246744967819]]]},"properties":{}},{"type":"Feature","geometry":{"type":"Polygon","coordinates":[[[-3.45953330296746,47.62163001980803],[-3.459424102316615,47.621500604015615],[-3.459778884947098,47.62156221910657],[-3.459743643703959,47.621491922558896],[-3.459829784695389,47.621541335033385],[-3.460067750025822,47.621410737053445],[-3.459953108740487,47.62123646698515],[-3.46002162880022,47.62125073107373],[-3.460009661170151,47.621152050602724],[-3.459859352548129,47.62112425791908],[-3.459934826914772,47.62097557378944],[-3.460080783264343,47.620967482568936],[-3.46001008763159,47.62093527660671],[-3.460125154450022,47.620892772644865],[-3.460033574421256,47.62079850560441],[-3.459960489814403,47.62085674471321],[-3.459953087517826,47.62068556101908],[-3.459788209958272,47.6207579198575],[-3.459916118428232,47.62093145457613],[-3.459758855493503,47.62106661003897],[-3.459687072015939,47.62102543292776],[-3.459693599467946,47.621079258661524],[-3.459521105165014,47.621088820420994],[-3.45961377268536,47.621192058804986],[-3.45948543598309,47.621235297763285],[-3.45950740786785,47.62130632990742],[-3.459321643943788,47.62131662687897],[-3.45934687921745,47.62141457192267],[-3.459215493097865,47.62132251073004],[-3.459074974701182,47.621375455667696],[-3.458931408081205,47.62129310057267],[-3.459015157146344,47.621432958707594],[-3.459162202713292,47.62143383959714],[-3.45953330296746,47.62163001980803]],[[-3.459788015797326,47.621417212782994],[-3.459722973164865,47.62132147444055],[-3.459833475705136,47.62135147394034],[-3.459788015797326,47.621417212782994]],[[-3.459729714490109,47.62126691318209],[-3.459627041504469,47.62119132328358],[-3.459705566497479,47.62117793916861],[-3.459729714490109,47.62126691318209]]]},"properties":{}},{"type":"Feature","geometry":{"type":"Polygon","coordinates":[[[-3.417376799275367,47.625295655616846],[-3.417411024415165,47.624914475436924],[-3.417747106157993,47.62493209216287],[-3.417744162404865,47.62479679148783],[-3.418008487158755,47.62477320461335],[-3.417876083125791,47.62467212576149],[-3.41797467837155,47.624603480209146],[-3.41823083883013,47.624733866953854],[-3.418190245170449,47.62461870137179],[-3.418335136756556,47.624601691013],[-3.418235759024527,47.62455297883768],[-3.41834900265486,47.62438418675304],[-3.418429407099707,47.624497159779594],[-3.418534785131859,47.62437395496783],[-3.418645270829269,47.624403993386345],[-3.418679486339909,47.62402281265999],[-3.418810024974821,47.6239975612521],[-3.418735025895876,47.623929445072456],[-3.418896428826737,47.623938617102965],[-3.418874509898687,47.623867577424235],[-3.418854456431471,47.62392286713393],[-3.418757241663866,47.62389209802882],[-3.418904590021624,47.62378464285029],[-3.418742106472139,47.623766499507035],[-3.418845320145431,47.623625351720875],[-3.4190321810147,47.62362409046357],[-3.418938506654849,47.623511848700566],[-3.418784672597809,47.62356547599461],[-3.418710268343713,47.62328058622913],[-3.418600865983181,47.62325951918179],[-3.418617676313009,47.62317731551535],[-3.418490382679413,47.62322948070361],[-3.418442222470931,47.623051515818],[-3.418289768179335,47.623005727007154],[-3.418163555605474,47.623066863174564],[-3.41810645065407,47.622925514276695],[-3.418231581980632,47.62285540683432],[-3.418150397689975,47.62262507542735],[-3.418046103167899,47.62275725133753],[-3.417941324500215,47.62266368219155],[-3.417922351442349,47.622727943110974],[-3.417776383910693,47.62273598163707],[-3.418012779466399,47.622813271730934],[-3.417924996849461,47.622971630726894],[-3.417764976920214,47.622863041884436],[-3.417706676738121,47.623155239975915],[-3.417836914847847,47.62323837643041],[-3.417838777827302,47.62336470587801],[-3.417867778350119,47.62327280021567],[-3.417887533833449,47.62332589743856],[-3.418015909236595,47.62328270424227],[-3.418186740750726,47.6234810060181],[-3.418302927342047,47.623447514652284],[-3.418344601365882,47.62357165159249],[-3.41856340725038,47.6236137860578],[-3.418545515651427,47.62368701837247],[-3.418371924556562,47.62368754801776],[-3.418558190849622,47.62390306102635],[-3.418332599827979,47.62391548534673],[-3.418279221602083,47.62402679539649],[-3.418076927258566,47.62401084359373],[-3.418097764203371,47.62407291208903],[-3.418296815745497,47.62406194987712],[-3.418046845722333,47.62409377794487],[-3.41814838440796,47.62416043294659],[-3.418072789163734,47.62430908980855],[-3.41783392614234,47.624322243962304],[-3.417998871555109,47.62424994449446],[-3.417983738046206,47.62412434589751],[-3.41762976829018,47.624179962000966],[-3.41762700789119,47.6243787927881],[-3.417544144075332,47.62435626326135],[-3.417594281465287,47.62421803957095],[-3.417461579962102,47.62422534695114],[-3.417379497518062,47.62432017536416],[-3.417523008155886,47.62440258139706],[-3.417443386977232,47.62440696579428],[-3.417525951326748,47.62453788210512],[-3.417401896004064,47.624616960062724],[-3.417352357454917,47.62453841023486],[-3.417315189472134,47.62478428978461],[-3.417225059339267,47.624590574007556],[-3.417097760974832,47.62464273764011],[-3.417102564372056,47.62490436770146],[-3.416947944331677,47.62484063451572],[-3.417016156976236,47.62496331049426],[-3.41683853946948,47.62481956583451],[-3.416844422402428,47.625090167217564],[-3.417003666883078,47.62508139918856],[-3.417225239841658,47.62492470543182],[-3.417324617343577,47.624973418457614],[-3.417356862242628,47.6249084269919],[-3.417376799275367,47.625295655616846]],[[-3.417909408131122,47.624616105460625],[-3.417898598550842,47.624526392186716],[-3.418012625648815,47.624474958471986],[-3.41802451638846,47.624573643064],[-3.417909408131122,47.624616105460625]],[[-3.41796282959279,47.62328562740546],[-3.417911129590506,47.623189135094464],[-3.418018369635226,47.623192260123375],[-3.41796282959279,47.62328562740546]]]},"properties":{}},{"type":"Feature","geometry":{"type":"Polygon","coordinates":[[[-3.460413590104198,47.62095806370233],[-3.460346795971005,47.62062760975341],[-3.460582155736078,47.62069584280786],[-3.460737692166206,47.62087687631553],[-3.46089885065424,47.620443471286904],[-3.461095703581683,47.6204144942225],[-3.461149655227866,47.620528909429886],[-3.46137392330134,47.620615818475216],[-3.461440476880407,47.62050375282456],[-3.46117075176007,47.620482583314434],[-3.461025430401505,47.62016551478017],[-3.460785749929299,47.62061230494325],[-3.46072309441145,47.62042612198317],[-3.460646746893152,47.62045744868643],[-3.460646323020661,47.62067422273793],[-3.46051427285445,47.62035641795976],[-3.46066696766795,47.62029376467275],[-3.460394192329502,47.62013729346971],[-3.460418340999084,47.62022626738832],[-3.460259993422772,47.62035245262279],[-3.460359189147202,47.6205095161718],[-3.460278489307803,47.620504958825585],[-3.460288281289718,47.62058569739754],[-3.460228678711539,47.62053481405846],[-3.460099256119541,47.620569082753],[-3.460135585196822,47.620648350180055],[-3.460054885166648,47.620643792679665],[-3.460074468534691,47.62080526984538],[-3.46020280372613,47.62076203023026],[-3.460260017812338,47.62090335868297],[-3.460413590104198,47.62095806370233]]]},"properties":{}},{"type":"Feature","geometry":{"type":"Polygon","coordinates":[[[-3.436249729999646,47.62173523568748],[-3.436292789797071,47.621759950592654],[-3.436402457226608,47.621672614171835],[-3.436416549360623,47.62178923936846],[-3.436653489012144,47.62164971794817],[-3.436571705440667,47.62163617305686],[-3.436655917760242,47.62155927336332],[-3.436730936373318,47.62162737811669],[-3.436912629484859,47.621472845494864],[-3.437046405591562,47.62147448716945],[-3.43703829707464,47.62162846286846],[-3.43702745595392,47.621538751229814],[-3.436883662727256,47.62156475596831],[-3.436106234531341,47.62209537133723],[-3.436091059032603,47.621969774950685],[-3.4359903240564,47.622020493543936],[-3.435980830579426,47.62183136609581],[-3.435833784306404,47.621830456020476],[-3.435879833534905,47.6219904714968],[-3.435739552753329,47.62193500144188],[-3.435644236943206,47.622030575606935],[-3.435746877580075,47.62210618655283],[-3.435609585505446,47.622186016753865],[-3.435708974682007,47.622234714204936],[-3.435723590537982,47.62213456568799],[-3.435794273104077,47.6221667863298],[-3.435668903804046,47.62234529949031],[-3.435517520629255,47.62230850432454],[-3.43558547729792,47.622097037799456],[-3.43544628039692,47.62205053857047],[-3.435430580189396,47.62214171588089],[-3.435326856097021,47.62205713348092],[-3.435242934342821,47.6224681640061],[-3.435151395553181,47.622373877535665],[-3.435103472968842,47.622530051245164],[-3.434946670760063,47.622448399454434],[-3.435002735997156,47.62258076897202],[-3.43469833121539,47.62227246061933],[-3.434732720807673,47.62222540663324],[-3.43485079748346,47.622318228028334],[-3.434897372631061,47.62226147010638],[-3.434784714730611,47.62221350466547],[-3.434706711186865,47.62201009824432],[-3.434624662783591,47.62210493888231],[-3.434718367653042,47.62221716814358],[-3.434522023738559,47.62202932695015],[-3.434520410068644,47.622237129535904],[-3.434330568781776,47.62210311513185],[-3.434356576930868,47.62231842359426],[-3.434266389125828,47.622124720726376],[-3.434045961436729,47.622290418220736],[-3.433933570418189,47.62213406507849],[-3.433696888167324,47.62216519406754],[-3.433684435627371,47.62228328471281],[-3.43359723409539,47.6222248817835],[-3.433494329205629,47.622257655832065],[-3.433560409481812,47.62236237992264],[-3.433456687923805,47.62227779587141],[-3.433396574497778,47.622443672629124],[-3.433163141000748,47.62250171411188],[-3.433067271977317,47.62237154122532],[-3.433175314419333,47.622049491706264],[-3.433082964447054,47.62183784550089],[-3.432964623764776,47.62185340919595],[-3.432949455725895,47.62172781238568],[-3.432859820725042,47.62175985339176],[-3.432919945539127,47.622036495649944],[-3.432829763423053,47.6218427916447],[-3.432737961364824,47.6218568901522],[-3.432610139030423,47.62168332576121],[-3.432492881904319,47.62170786018385],[-3.43251454901053,47.62188728428196],[-3.432433304569622,47.62165696269226],[-3.432246450904993,47.62165824539086],[-3.432086163093824,47.62198153550028],[-3.431970774914442,47.6218089262255],[-3.431925280309689,47.62187465420346],[-3.431777150752011,47.621864767810806],[-3.431787983115989,47.621954479921584],[-3.431573777370707,47.621839868155575],[-3.431159716979093,47.62206140114833],[-3.431031627218192,47.62199622193615],[-3.430917617959313,47.62204766842568],[-3.430960403326575,47.622180772170076],[-3.430871038767104,47.62210442476674],[-3.430738071671878,47.62222013411388],[-3.43049597204072,47.62220640051833],[-3.430423399897749,47.62204784734829],[-3.43030180900262,47.622036494674425],[-3.430118202836368,47.62206468764028],[-3.42997413061199,47.622199070739185],[-3.429878269908136,47.62206889521484],[-3.430036420287597,47.622051138175614],[-3.430072170813729,47.621904669898804],[-3.430166948728067,47.62202587404946],[-3.43048243909881,47.62187300086394],[-3.430375747774969,47.62165311348454],[-3.430270676054131,47.621667942251996],[-3.430178064458557,47.621564680618434],[-3.430230868029697,47.62167013880542],[-3.430144480364828,47.62172909140752],[-3.430067304125318,47.621643039971005],[-3.42989696853529,47.6216705004304],[-3.429929730444843,47.62183125040887],[-3.429818435350154,47.62168386449929],[-3.429749098797234,47.62199474336802],[-3.42982708342898,47.62219815310143],[-3.429668932544364,47.62221590985585],[-3.429852020419546,47.62151945380013],[-3.430107386079468,47.62153245656787],[-3.430148550819478,47.62143084437315],[-3.430058914636248,47.621462883234486],[-3.429951951619724,47.62135138234305],[-3.429910786566786,47.62145299447261],[-3.429852569339382,47.621302679970945],[-3.429926770307413,47.62125343095164],[-3.429977407230544,47.62134094680834],[-3.43004402761465,47.6212288990996],[-3.430557195435116,47.621164458764774],[-3.430754877897562,47.621252891007344],[-3.431020262447304,47.62123824586761],[-3.431120728785486,47.62129591846779],[-3.43093143792274,47.62138764354447],[-3.430449412238469,47.62137811909326],[-3.430432620693975,47.62146032453762],[-3.430604038366549,47.621441834518244],[-3.430585080985431,47.621506097534194],[-3.430737541538326,47.62155187033065],[-3.430628948126604,47.62164817266041],[-3.430769495443287,47.62159526195824],[-3.431054649643841,47.62163371182904],[-3.431103122539829,47.62170328474308],[-3.430958242890376,47.62172031096582],[-3.431110704374978,47.62176608327013],[-3.431280228059633,47.62162126292216],[-3.431246107444953,47.62155992899967],[-3.431379883595286,47.6215615771647],[-3.431321119157398,47.62162803722768],[-3.431478996592602,47.621718665134985],[-3.43151907567933,47.62160808125168],[-3.431616022761599,47.62174722667346],[-3.431832665155087,47.6217713938929],[-3.431880326283244,47.62172360836969],[-3.431769838687675,47.621693582429856],[-3.4318551412572,47.62162565741279],[-3.432165751734147,47.62165366862236],[-3.432157894720466,47.62125673819254],[-3.432435464777219,47.621232386224484],[-3.432421657088963,47.62144989250547],[-3.432503439322017,47.62146344030412],[-3.432500458361792,47.62132813976219],[-3.432674856287308,47.621444947245436],[-3.432614464558702,47.62127669170856],[-3.432695969255771,47.62095610735548],[-3.432911525520476,47.620971301376635],[-3.432837059299971,47.62112893923955],[-3.432909637362194,47.62128749098454],[-3.432807548794352,47.62143762257031],[-3.432722516370177,47.62139716137052],[-3.432721164351153,47.6214965770853],[-3.432843569550197,47.62162528535933],[-3.432913434528659,47.62154014963924],[-3.433064813729755,47.62157694819476],[-3.432993865509617,47.62165311280282],[-3.43315201362092,47.62163535154101],[-3.433178832550338,47.62196801841027],[-3.433338332416698,47.62185084120211],[-3.433526003253803,47.62196691484713],[-3.433530871367696,47.62178602583283],[-3.433333717119136,47.62148082448763],[-3.433448806345742,47.62143834682249],[-3.433460457807956,47.62164541690804],[-3.433893743634537,47.62169374410475],[-3.433814394259403,47.62158975275695],[-3.434029953400883,47.621604944708935],[-3.433924331586882,47.62139403173375],[-3.434066490384292,47.621133314384075],[-3.434147741074306,47.62136363489955],[-3.434228439976621,47.62136821029926],[-3.434224657903898,47.6215580705715],[-3.434356001500964,47.62165015986188],[-3.434337291679175,47.621163517673295],[-3.43441717182198,47.62105073481025],[-3.434625432474048,47.621337259338176],[-3.434545287410377,47.62155842924731],[-3.434653344149149,47.6216788971055],[-3.434480843432545,47.62168842187874],[-3.434623289679123,47.62176183582344],[-3.434552343436757,47.62183800137097],[-3.434379023788216,47.6217301679027],[-3.434387162642714,47.62201871119819],[-3.434231181107605,47.622054416504504],[-3.434817465471692,47.62193173450688],[-3.434743268072788,47.621980986616094],[-3.434805015464974,47.62204982528575],[-3.434862692274434,47.62197439230211],[-3.435041696558173,47.62201869404925],[-3.434939612587951,47.62216882744224],[-3.434994593729818,47.62229222580272],[-3.435054702019964,47.62212634820963],[-3.435198234040489,47.62220873261595],[-3.435183324285598,47.621974749226254],[-3.435312766272834,47.62194050816885],[-3.435349586082069,47.62180300944747],[-3.435529936995037,47.62174789472295],[-3.435685654147727,47.62182057458474],[-3.435658294326188,47.62170468210139],[-3.435987858238769,47.62166841931313],[-3.435942630796176,47.62162576194692],[-3.436141931235838,47.621506382389065],[-3.436016004600615,47.62145915097035],[-3.436197437631967,47.62141300637948],[-3.436214220284657,47.621330800104495],[-3.436545688690186,47.621420865012375],[-3.436302807099198,47.62173230421136],[-3.436249729999646,47.62173523568748]],[[-3.436227874721667,47.62173644275887],[-3.436183383617012,47.62173889999872],[-3.436104029714729,47.621634910208954],[-3.436107842024134,47.621887568714506],[-3.436227874721667,47.62173644275887]],[[-3.430313197095284,47.62146691432352],[-3.430336760198653,47.62133014934023],[-3.430176172342805,47.62143835125241],[-3.430313197095284,47.62146691432352]],[[-3.430812818125566,47.621954110794],[-3.43061107373773,47.621721406896405],[-3.430624615980589,47.621612287768066],[-3.430484341653489,47.62155681139047],[-3.430441011443766,47.62164048124755],[-3.430489756713429,47.621601667513545],[-3.430673625754546,47.62190760587358],[-3.430812818125566,47.621954110794]],[[-3.430913285586839,47.622011783551415],[-3.431042730402476,47.621977547227175],[-3.43101862990086,47.62188856732073],[-3.430925744193368,47.62189369318523],[-3.4308155292893,47.6217552794503],[-3.430913285586839,47.622011783551415]],[[-3.432348272079725,47.62161650122454],[-3.432390515949857,47.62152385945168],[-3.432229387637908,47.621406319139965],[-3.432207995950424,47.62156102691728],[-3.432348272079725,47.62161650122454]],[[-3.433808177119868,47.62187005750958],[-3.43385718648206,47.62172285547135],[-3.433616171844259,47.621718099532806],[-3.433570679342727,47.62178382815476],[-3.433814944999642,47.621815497765226],[-3.433808177119868,47.62187005750958]],[[-3.433892678601338,47.622127291689395],[-3.433842300876288,47.62193139067377],[-3.433694170806211,47.62192150671276],[-3.433632974968322,47.62207841242997],[-3.433892678601338,47.622127291689395]],[[-3.434020220555287,47.62196672279577],[-3.434051359694715,47.62189275543186],[-3.433969576411175,47.62187920872012],[-3.434020220555287,47.62196672279577]],[[-3.434120425707657,47.62213277968104],[-3.434203558695357,47.62204691058664],[-3.434087385129975,47.62208041779337],[-3.434120425707657,47.62213277968104]],[[-3.434240115880862,47.62201779911647],[-3.434278022161267,47.62188927192675],[-3.434140728448037,47.62196910041002],[-3.434240115880862,47.62201779911647]],[[-3.434477038837456,47.6214357632943],[-3.434516292808034,47.621207820244116],[-3.434388200997192,47.62114264468464],[-3.434477038837456,47.6214357632943]],[[-3.436133034976546,47.621985518741035],[-3.436403280073691,47.62178997225266],[-3.43619639131291,47.62184655404744],[-3.436133034976546,47.621985518741035]],[[-3.436389449157553,47.62156496013644],[-3.436314431067828,47.62149685516155],[-3.436295480541118,47.62156111910241],[-3.436389449157553,47.62156496013644]]]},"properties":{}},{"type":"Feature","geometry":{"type":"Polygon","coordinates":[[[-3.428529894950187,47.622739327559046],[-3.42854127629259,47.62261226625342],[-3.42860518185355,47.62269905065334],[-3.428760362974155,47.62254599479112],[-3.428617393927503,47.622246828769384],[-3.428705949566561,47.62220581978908],[-3.428605761119317,47.622039758265025],[-3.428650454143257,47.62185667346194],[-3.428742257280462,47.6218425781673],[-3.428690539192684,47.62174609055718],[-3.428566783968473,47.62171679359405],[-3.428543216160047,47.62185355819303],[-3.428428122135257,47.62189603101501],[-3.428450581027012,47.622192813961625],[-3.428333598417835,47.62210895733259],[-3.42821092518797,47.62208863124009],[-3.428180860478453,47.6221715682825],[-3.427916831496114,47.62208679133953],[-3.428085004196763,47.62204139128451],[-3.428005665620212,47.6219373960091],[-3.427900592681568,47.621952222642165],[-3.427900314255802,47.62206060951899],[-3.427533133189152,47.621674468831365],[-3.427515254544641,47.621747702592536],[-3.427368208647241,47.621746781858796],[-3.427360910736724,47.621575596191725],[-3.427300255967192,47.6215157248245],[-3.427198431037652,47.621557464591994],[-3.42712695201413,47.621407880576875],[-3.426837191690342,47.62144192298291],[-3.426767357659815,47.621084536159415],[-3.426709951211911,47.621051578255276],[-3.426677720028952,47.62111657243142],[-3.42661381949559,47.62102978690636],[-3.42671187608047,47.62073538871026],[-3.426784716101464,47.62078555735408],[-3.42674843645292,47.62070627956556],[-3.42684132049542,47.62070115702016],[-3.426935528180748,47.62103913773618],[-3.427068220466247,47.62103181958023],[-3.427129434398477,47.62087491721895],[-3.427039797336851,47.6209069537723],[-3.427009209517637,47.62076414542832],[-3.42692281976132,47.620823095674844],[-3.426915242986321,47.620760296845624],[-3.427043604915231,47.62071709367006],[-3.42702680833433,47.62079929865259],[-3.427120774942335,47.620803147145445],[-3.427041440084259,47.62069915114894],[-3.427268097939674,47.620695681245905],[-3.427325783935266,47.620620251932166],[-3.427146510795264,47.62068432527928],[-3.427021676468767,47.62064605540311],[-3.427001632649382,47.620701346602814],[-3.426989726178139,47.620602662729056],[-3.426820474701261,47.620639089977594],[-3.426803156719459,47.62049554976409],[-3.426663690715703,47.620557426987794],[-3.426577582016621,47.62050799003097],[-3.426550481491964,47.62072622746486],[-3.426270746809954,47.62073262291779],[-3.426068180423041,47.620825071870605],[-3.426170805178886,47.62090069127832],[-3.425967955637268,47.621101526975394],[-3.426051618038359,47.621241408749164],[-3.426205156234647,47.621296158735355],[-3.426230330738725,47.621394110926914],[-3.42639280961182,47.62141224387495],[-3.426409888810285,47.62122165209553],[-3.426564509663856,47.62128537287365],[-3.426787361522743,47.62147176393621],[-3.426705019027834,47.62167498593201],[-3.426814701967202,47.62158765851079],[-3.426903779412989,47.62177239592844],[-3.426842323102846,47.62159516617789],[-3.42698259374592,47.62165064692858],[-3.427011577595921,47.62155873891557],[-3.427036473525392,47.62176507781131],[-3.427324593805499,47.62193883743382],[-3.427654968441627,47.62201995629377],[-3.428057630948056,47.62236801575648],[-3.42802703956893,47.622225207786215],[-3.428145382514652,47.622209649097144],[-3.428220113405896,47.62238614615337],[-3.428311917567232,47.62237205120085],[-3.428433231457399,47.62249179279848],[-3.428529894950187,47.622739327559046]]]},"properties":{}},{"type":"Feature","geometry":{"type":"Polygon","coordinates":[[[-3.438440971177005,47.62737599983449],[-3.438445566087602,47.62730349772767],[-3.439084980778249,47.62717786217366],[-3.439241229462988,47.62703376385964],[-3.439033494673525,47.626972992786555],[-3.43912339038589,47.62683256049795],[-3.439261518365518,47.62687008411135],[-3.439245249496761,47.626735517323745],[-3.439170476063858,47.62655902771841],[-3.43895732052589,47.6264534008876],[-3.438911258222317,47.62629338699196],[-3.439261966063194,47.62621079309037],[-3.439302032399314,47.626100206792174],[-3.439003833989281,47.625954123644775],[-3.439082371156613,47.625940753428964],[-3.439024123209376,47.62579044384674],[-3.439212075738324,47.62579812143175],[-3.439276002460681,47.62588489985011],[-3.439296290819935,47.625721219998965],[-3.440078148729624,47.62566898682981],[-3.440285879633759,47.62572975608579],[-3.440115536261388,47.625757231390345],[-3.440180549131058,47.62585298043104],[-3.440616550049788,47.62570245142628],[-3.440610041268449,47.62564862475576],[-3.440388787046667,47.625696976112],[-3.440512810821752,47.62561787378692],[-3.44076252224747,47.62569438436792],[-3.44074766251015,47.625902920023904],[-3.440853243948039,47.62567130847137],[-3.441085346394262,47.625712667309216],[-3.441530023204685,47.62563390374525],[-3.440886545462718,47.62561528164591],[-3.440890052059501,47.62553380826736],[-3.441194432114121,47.62539958203546],[-3.441333642754687,47.625446074333546],[-3.441642361043414,47.62534773135484],[-3.441852262477404,47.62542644004184],[-3.441825972413334,47.62531952032037],[-3.442113823722782,47.62515911186641],[-3.442255952548733,47.624898385054415],[-3.442134851724536,47.624670271206604],[-3.442201700146965,47.62444982998603],[-3.442092286124298,47.62442878495639],[-3.442025351305469,47.6242067079167],[-3.442156964367114,47.62419040152437],[-3.442137184425268,47.624137308432594],[-3.442250938033294,47.624194237837244],[-3.442305351489092,47.62409188795022],[-3.442172903147004,47.62399083661049],[-3.44223165667526,47.62392437116874],[-3.442112229022075,47.62393097301098],[-3.442006320879241,47.623828454408425],[-3.442076174127873,47.623743313304146],[-3.441943727084444,47.62364226168642],[-3.442003565502254,47.62358476745655],[-3.441921777609006,47.62357122632507],[-3.441904418071376,47.623427688569556],[-3.442114811489472,47.62328962320035],[-3.442283313239287,47.62357833433043],[-3.442385130226984,47.62353658145545],[-3.442378032955725,47.623257010050295],[-3.442241495784975,47.62301168746609],[-3.442280717761118,47.62278374199185],[-3.442376859029149,47.622805520425246],[-3.442304499970505,47.62253858781144],[-3.442162041088879,47.62246518326468],[-3.442101618305362,47.622296932722826],[-3.442177729894627,47.62237400506484],[-3.442175809354356,47.62224767594717],[-3.442327196945288,47.622284462483854],[-3.442263768104745,47.62198091176546],[-3.442371256188652,47.62187562752235],[-3.44226293237148,47.62186355373776],[-3.442163201331322,47.62148072995176],[-3.442236555522522,47.62131411505532],[-3.442135241701474,47.62113909394597],[-3.442218360249903,47.62105321910335],[-3.442179301469577,47.6207302588165],[-3.442268929147845,47.62069821064136],[-3.442468550457495,47.620912952288464],[-3.442502932325289,47.62086589598187],[-3.442309234283304,47.62047923600712],[-3.442022407785414,47.62020609734087],[-3.442048110183999,47.62008727215673],[-3.442168614191255,47.6200896414901],[-3.442223023621375,47.61998729142569],[-3.442106024214012,47.61990344849764],[-3.442020737439257,47.61997138106112],[-3.441934615466306,47.619921955412956],[-3.442010387819945,47.61966489574293],[-3.441860342831117,47.61952869283097],[-3.441959233019762,47.61979415910449],[-3.441882875397094,47.61982547355086],[-3.441694359471582,47.61959205503865],[-3.441572771774048,47.61958071408445],[-3.441687850348523,47.61953822825925],[-3.441590881027983,47.61939909104126],[-3.441586291069143,47.61947159356629],[-3.441455774278894,47.619496870487495],[-3.441495078594535,47.61971144418835],[-3.441664066644041,47.61978338269161],[-3.441743929243438,47.61967059473807],[-3.441813277135382,47.619802227682875],[-3.441729075016247,47.61987913116424],[-3.441820621144788,47.61997341259979],[-3.441912417565115,47.61995930693962],[-3.441819286104027,47.620072828491864],[-3.441940375151179,47.62030094320558],[-3.442184389569369,47.62044098233457],[-3.442020323863138,47.62063067420645],[-3.442069981413427,47.62115173272077],[-3.441972258612096,47.6213377568],[-3.442254589558342,47.62212591667347],[-3.442026591900031,47.622228831442726],[-3.442063730571497,47.62242546242421],[-3.44217856544858,47.62249136306239],[-3.442181072132482,47.62284343701258],[-3.441947646439664,47.62290149604026],[-3.441916267678584,47.62308385232233],[-3.441847750105498,47.623069577625465],[-3.441939301914803,47.62316385881358],[-3.441819875926842,47.62317046035947],[-3.441776562174262,47.62325413435181],[-3.441661726152632,47.62318823334418],[-3.44183514963717,47.623738574331206],[-3.441710297640534,47.62370032021591],[-3.441720062125235,47.62378106020992],[-3.441625004296215,47.62376825235798],[-3.441623085013779,47.623641923321735],[-3.441480373262745,47.62367690480307],[-3.44151183557375,47.62393706705612],[-3.441581439094989,47.623960313054404],[-3.441790750490476,47.6238132771954],[-3.441723066589623,47.62391636034513],[-3.441885558398858,47.62393447171628],[-3.441968767201973,47.62429111545623],[-3.441902168026472,47.62440316978948],[-3.441839323784784,47.62432536384893],[-3.44173533494802,47.62434917401639],[-3.441834733739801,47.62439786620034],[-3.441762709317944,47.62446506491833],[-3.441822048508519,47.62462434434266],[-3.441984292662447,47.624750842328375],[-3.441881388053201,47.6247836237238],[-3.441922032947244,47.6248987810571],[-3.441814537890047,47.62500406472321],[-3.44167749790562,47.62497551519799],[-3.441512080718871,47.62526462153929],[-3.441242339454714,47.62524340605759],[-3.440737823808574,47.625379662102844],[-3.440727555719707,47.62551569552613],[-3.44022412091716,47.625660920444176],[-3.439483413463065,47.62561153932488],[-3.439184706222234,47.625682230011556],[-3.439012449260697,47.625583374757916],[-3.438783089746715,47.62578569858057],[-3.438762799789352,47.62594937833715],[-3.438561319702828,47.62605081983656],[-3.438541856583446,47.62633185732394],[-3.438461149807692,47.62632728491629],[-3.438499619584129,47.62642450109245],[-3.438402131814466,47.626502135032496],[-3.438477159601883,47.62657023849116],[-3.438334437960564,47.626605216075845],[-3.438375076589735,47.62672037453533],[-3.438282183181347,47.62672550623761],[-3.438284609400831,47.626635061854955],[-3.438100164979837,47.626545909528545],[-3.4380877211591,47.62666400037704],[-3.43799725452499,47.626578687471614],[-3.437754048925166,47.62655599781997],[-3.437898629618468,47.62620483210629],[-3.438089836595711,47.626239424898706],[-3.438122056976634,47.62617442774498],[-3.438048372415596,47.62600690850373],[-3.43788479125526,47.6259798206779],[-3.438000144499517,47.62582895194237],[-3.437970866889491,47.62558673127028],[-3.437761228970989,47.625399628907296],[-3.438051261641228,47.62525717275257],[-3.437842709054138,47.6250790416424],[-3.437725446874261,47.62510358127549],[-3.437752245497629,47.62499372847761],[-3.437626309211134,47.62494649887979],[-3.437650939395644,47.62481870380946],[-3.437541526411168,47.624797654520854],[-3.437500891043883,47.62468249565739],[-3.437674743773386,47.62457355082862],[-3.43776086930652,47.624622979499904],[-3.437785757387487,47.624386797615976],[-3.437586967413163,47.62428940627032],[-3.437343513152759,47.62437510250735],[-3.4371845337131,47.62427551150141],[-3.437199147359622,47.62417536290485],[-3.436808640014383,47.624260149491704],[-3.436539166593191,47.624130536361506],[-3.436671865245338,47.62412320730613],[-3.436580321093911,47.624028922035805],[-3.43668973212379,47.624049972233145],[-3.436718700563813,47.62395806192516],[-3.436830279756374,47.62399705430298],[-3.436867097075413,47.623859555248515],[-3.436974339573484,47.62386266287133],[-3.437031191016135,47.623669870930705],[-3.436819698830667,47.62379895595961],[-3.436805084575329,47.623899104528086],[-3.436386954907488,47.623976384415435],[-3.436278889606075,47.623855918303406],[-3.436069824711744,47.623894557493564],[-3.436055732779447,47.62377793238123],[-3.435950658454482,47.62379276624237],[-3.436102307919481,47.62372117402136],[-3.43601618537698,47.623671744104186],[-3.435837996376073,47.62374480185518],[-3.436006691514733,47.62348261681863],[-3.436416406644668,47.62322518215677],[-3.436356823875911,47.62317428670635],[-3.436246069272878,47.623252651853505],[-3.436113634483094,47.62315159359933],[-3.435999627654547,47.623203045019046],[-3.435964416642557,47.623132741358624],[-3.436154789039116,47.62304997937245],[-3.436522784352483,47.62266841364824],[-3.436415544279791,47.62266530560889],[-3.436516280068749,47.6226145866657],[-3.436442344374635,47.62255545297386],[-3.436585056428723,47.62252047762826],[-3.436796804482203,47.622283006060485],[-3.436674127630751,47.62226268885912],[-3.436872084504538,47.62224272381669],[-3.43691726958738,47.62184286206906],[-3.437047794261805,47.62181759025029],[-3.437055902780058,47.62166361456559],[-3.436806518569254,47.62192122780125],[-3.436796241128007,47.62205726112062],[-3.436622655518251,47.62205781789155],[-3.436598847430892,47.62230297097492],[-3.436440698488735,47.62232073689795],[-3.43637790381263,47.62268544658546],[-3.436244124691948,47.62268380414617],[-3.436178337875603,47.62291321332219],[-3.435981462218883,47.6229421483493],[-3.436004487499428,47.62302215601659],[-3.435706348894813,47.62331858272543],[-3.435933017307239,47.62331509601104],[-3.435944940915716,47.62341377883496],[-3.435742381110145,47.62350624443894],[-3.435836615431199,47.62340169909968],[-3.435701750606989,47.62339108487312],[-3.435574210307797,47.62355165548549],[-3.435259808455388,47.62371351346353],[-3.435209717281385,47.623851744769446],[-3.435090288922764,47.62385833943191],[-3.435346487604079,47.62398868868634],[-3.435400914087835,47.62388634200549],[-3.435519258566394,47.62387077585815],[-3.435468084018294,47.624000036096945],[-3.435543367464579,47.62395975474512],[-3.43550329494869,47.62407033987566],[-3.435594837268884,47.6241646259881],[-3.435548261202393,47.62422138413267],[-3.435463222266776,47.62418092498617],[-3.435384423540165,47.62430267954993],[-3.435300468474551,47.6242711914534],[-3.435274749041985,47.6243900148968],[-3.43498632560583,47.62432466187352],[-3.435022355969068,47.624512323712096],[-3.435189182766714,47.62456632906909],[-3.435257436978425,47.62468899440862],[-3.43551091426491,47.62457565626066],[-3.435580253159047,47.624707292574556],[-3.435769285342191,47.624723946866666],[-3.435617336958593,47.62446140720939],[-3.435898436237687,47.62435557378178],[-3.43604305955782,47.62444692821671],[-3.435779565913804,47.624587913824115],[-3.435824795735727,47.624630571188554],[-3.435952075768097,47.624578387146876],[-3.436133257732919,47.624640629481426],[-3.436155723302289,47.62449489238878],[-3.436502910377314,47.62449377997825],[-3.436482051868966,47.62443171478156],[-3.436836827484895,47.62449339946814],[-3.437175340975323,47.624420515838956],[-3.437332152385668,47.624502164554805],[-3.43738770734141,47.624851306279986],[-3.437290220827706,47.62492893935487],[-3.437337620609906,47.62498953841759],[-3.437269101815287,47.624975261048704],[-3.437224176228807,47.62526673557498],[-3.437348510154914,47.62552176787242],[-3.437381815254679,47.625465742041946],[-3.437466857691178,47.62550619976481],[-3.437363948851846,47.62553897716746],[-3.437383465375597,47.62570045772507],[-3.437629919809495,47.6257500615759],[-3.437402982017426,47.62586193826599],[-3.437502379674115,47.6259106340989],[-3.437588765979831,47.62585167618142],[-3.437736390727439,47.626078328540125],[-3.437380000879835,47.6262244488353],[-3.437426317640635,47.62627607668266],[-3.437302287762664,47.62635517570357],[-3.437381651016231,47.62645916442679],[-3.437055615755599,47.62685647553239],[-3.437682633576467,47.627291455953184],[-3.438440971177005,47.62737599983449]],[[-3.437679847808183,47.626605251677596],[-3.437594803459312,47.6265647941327],[-3.437686612331107,47.6265506918418],[-3.437679847808183,47.626605251677596]],[[-3.440852411257996,47.62555395065622],[-3.440769788133351,47.625423050908694],[-3.44102409026299,47.62542705866971],[-3.440852411257996,47.62555395065622]],[[-3.437702209710794,47.62557447875334],[-3.437569507592467,47.62558180897384],[-3.437479043620563,47.62549649561951],[-3.437567597842268,47.62545547998896],[-3.437702209710794,47.62557447875334]],[[-3.437643399079552,47.6251984238833],[-3.437542918350156,47.62514075700984],[-3.437681299424432,47.62506989579926],[-3.437643399079552,47.6251984238833]],[[-3.436244276879215,47.624453877740365],[-3.436242370305496,47.62432754866052],[-3.436348529654512,47.624321685698646],[-3.436244276879215,47.624453877740365]],[[-3.436415140385662,47.62420963452767],[-3.436367742343139,47.62414903506629],[-3.436209587855038,47.6241668006595],[-3.436201999680732,47.62410400254105],[-3.436477414558064,47.624061698682276],[-3.436415140385662,47.62420963452767]],[[-3.436161106067085,47.624097229953016],[-3.436066049009035,47.62408441757896],[-3.43608500070769,47.62402015375865],[-3.436161106067085,47.624097229953016]],[[-3.442162104529368,47.62003581475087],[-3.442068138189359,47.620031978358334],[-3.442085996296107,47.61995874230619],[-3.442162104529368,47.62003581475087]]]},"properties":{}},{"type":"Feature","geometry":{"type":"Polygon","coordinates":[[[-3.430700180363051,47.621021103650094],[-3.430763549696489,47.62088214183511],[-3.43088297193147,47.620875551586764],[-3.430829622913261,47.620986867544616],[-3.430971251370334,47.620942927806084],[-3.430986958841276,47.62085175103913],[-3.431263444199282,47.62081843062797],[-3.43074513799581,47.620729630998284],[-3.431134546043221,47.62063589330783],[-3.43128592145407,47.62067269418612],[-3.431449754217125,47.6205914043665],[-3.431486583045147,47.62045390676791],[-3.431275633325765,47.620366208029715],[-3.431472502033308,47.62033728089671],[-3.431517183800812,47.62015419483679],[-3.431394513850625,47.62013387206775],[-3.431717029976524,47.61981804873771],[-3.431576759228604,47.619762573621074],[-3.431639041620669,47.61961464001786],[-3.431330880958665,47.61949618280856],[-3.431437302472047,47.61938193726813],[-3.431415640002981,47.61920251273955],[-3.431178701467446,47.618899504298945],[-3.431053868424075,47.61886123869768],[-3.431159745680792,47.618963767491984],[-3.431035995551145,47.618934473103444],[-3.431018122629181,47.619007707503684],[-3.430883542216849,47.618888700635104],[-3.430591632010003,47.61890480993334],[-3.430495775715471,47.618774634695825],[-3.430403978316672,47.61878873139094],[-3.430435657034399,47.61894051022762],[-3.430636580016968,47.619055856481545],[-3.430653907838375,47.619199396232425],[-3.430865124318854,47.61917870910798],[-3.430911156367811,47.61933872676074],[-3.430679899745193,47.61941470583414],[-3.430582959338381,47.6192755594688],[-3.430495492969136,47.61932554116886],[-3.430538821214646,47.619241871192216],[-3.430358747036013,47.619188591243926],[-3.430395577706143,47.61905109389047],[-3.430274802976847,47.61915709945234],[-3.430275338725169,47.61938284475884],[-3.430207911935446,47.6193775344433],[-3.430439432255306,47.61963568860979],[-3.430279659060628,47.61986124899699],[-3.430367662654879,47.62003701270263],[-3.430176482896315,47.62000240715895],[-3.430145065632229,47.62018476054791],[-3.430044328375623,47.62023547405904],[-3.430090358875566,47.62039549194859],[-3.430200842840046,47.62042551949721],[-3.430231986372239,47.6203515530932],[-3.430319181162815,47.62040995859116],[-3.430240649937657,47.62042332295261],[-3.430317824693343,47.620509374328456],[-3.430175113909882,47.62054434205213],[-3.430434533640493,47.62070161599733],[-3.430248492573857,47.62082025368106],[-3.430135841891741,47.62077228372051],[-3.430021834383418,47.620823729367935],[-3.430355455145572,47.620931754331295],[-3.430484897700211,47.62089751860633],[-3.430700180363051,47.621021103650094]],[[-3.430638712314696,47.62084387582902],[-3.430530393245629,47.62083179115646],[-3.430561536558234,47.62075782468],[-3.430638712314696,47.62084387582902]],[[-3.430947695921175,47.62063717392925],[-3.430623822924556,47.620609891693704],[-3.430500615552088,47.62036382282534],[-3.430591605582584,47.620232367857454],[-3.430740813418887,47.620251226990426],[-3.430853197764019,47.61996506418818],[-3.430938226490474,47.62000552677868],[-3.431004843191606,47.61989347844511],[-3.430844533449502,47.61989329435733],[-3.430975328403759,47.619759642294014],[-3.431072270712219,47.61989878829913],[-3.431017839995425,47.620001133172295],[-3.431151612232718,47.62000278160009],[-3.431113160464294,47.619905562683456],[-3.431295675566238,47.61986839689727],[-3.43148658443612,47.62001138761052],[-3.431338188693558,47.620109887645455],[-3.431325731415622,47.62022797816375],[-3.431219579655519,47.62023383657271],[-3.431318961193204,47.62028253780829],[-3.431274550206052,47.62035723680681],[-3.431054392543842,47.620414541835025],[-3.431084990983511,47.620557349144974],[-3.431002399541358,47.620426442153146],[-3.430790095137662,47.62043815828558],[-3.430779802651613,47.62057419117867],[-3.430809862424051,47.62049125339932],[-3.430979110709949,47.62045482036672],[-3.430902745702611,47.62048612762328],[-3.430947695921175,47.62063717392925]],[[-3.431248552078149,47.62058444656926],[-3.431198996898464,47.62050590245272],[-3.431319501368034,47.62050828297968],[-3.431248552078149,47.62058444656926]],[[-3.431093393093128,47.61985246760509],[-3.430945813763895,47.61962580612626],[-3.431142408088469,47.61970526655374],[-3.431093393093128,47.61985246760509]],[[-3.431028681078252,47.61920580685934],[-3.43068423979145,47.619008071379874],[-3.430803657844176,47.619001481206254],[-3.430937155324987,47.619111516928236],[-3.430983731835706,47.61905476047365],[-3.431028681078252,47.61920580685934]]]},"properties":{}},{"type":"Feature","geometry":{"type":"MultiPolygon","coordinates":[[[[-3.427432510406451,47.61906931772985],[-3.427421776150389,47.61898035268789],[-3.427556628185677,47.61899097649925],[-3.427432510406451,47.61906931772985]]],[[[-3.427432038475036,47.619069615605014],[-3.427258744903579,47.619178995225845],[-3.426947069031563,47.61914199966205],[-3.426961941898097,47.61937598444199],[-3.426876636697648,47.619443905963465],[-3.427146622889642,47.619356767664904],[-3.427306651390301,47.6194653438484],[-3.427067812317144,47.61947851691874],[-3.426856312646894,47.61960758418316],[-3.42680892954056,47.61954698069994],[-3.42671035499275,47.61961563388747],[-3.426639681287085,47.61958340770618],[-3.426649422226721,47.61966414912932],[-3.426429024369547,47.6193873131585],[-3.426506753967933,47.61925659305785],[-3.426556301084689,47.619335139215515],[-3.4266941610852,47.61903854547447],[-3.426616713280329,47.6190608786799],[-3.426567166329222,47.618982332536795],[-3.426674398429821,47.61898544962465],[-3.426680371802307,47.61881353189259],[-3.426697688908378,47.61895707224812],[-3.426885335134857,47.619073156735645],[-3.426904296105417,47.61900889424011],[-3.427271490619909,47.61895251803584],[-3.427219218405164,47.619072803720144],[-3.427331862880615,47.619120776535695],[-3.427358679886773,47.619010925785965],[-3.427432038475036,47.619069615605014]]]]},"properties":{}},{"type":"Feature","geometry":{"type":"Polygon","coordinates":[[[-3.419530939544239,47.62277480806179],[-3.419331995198888,47.622343253761876],[-3.419366398380183,47.62229620430294],[-3.4194403147987,47.62235534881094],[-3.419523666624618,47.622603621996205],[-3.419438448064609,47.62222901932343],[-3.419654496560485,47.622469982798656],[-3.419688899539217,47.622422933247776],[-3.419535955605792,47.62215140104262],[-3.41960908607561,47.62209318727659],[-3.419505487851329,47.62156607202621],[-3.419891580540426,47.621887976709246],[-3.420157074765053,47.62265000679881],[-3.420266770418551,47.622562685570905],[-3.420177515648687,47.622043811310036],[-3.420236882386145,47.62176058313735],[-3.420634674090692,47.6218470379281],[-3.420244839990422,47.62127247662968],[-3.420290936203956,47.620989979364516],[-3.420420385352947,47.620955754795546],[-3.420133079918006,47.620899336300596],[-3.420139861650297,47.6208447773223],[-3.42022488365724,47.62088524769403],[-3.420152343815104,47.620726688035695],[-3.420246110403196,47.62039640992036],[-3.420158926655458,47.620337996901995],[-3.420048154162322,47.62041634680167],[-3.419927945007519,47.62030556769597],[-3.419964311153609,47.61994232845099],[-3.420196666557733,47.61987534194499],[-3.420231560672212,47.62005403744479],[-3.420258686686129,47.619835801402594],[-3.420319331650016,47.61989567647814],[-3.420341344642173,47.619524196767166],[-3.420450740035025,47.619545262224634],[-3.420576061816888,47.61980928444567],[-3.420461058641239,47.61940923017118],[-3.420717695587888,47.61976535711502],[-3.42035578850578,47.61908991767296],[-3.420438845930567,47.619446577624856],[-3.420345175943246,47.61933433674935],[-3.420311856790727,47.61939035789709],[-3.420296719217883,47.61926475928651],[-3.42019892400754,47.619450765320536],[-3.419933839963463,47.619356998882836],[-3.41997738249532,47.61960746515884],[-3.419859042938044,47.6196230155923],[-3.419862778223315,47.619875674883595],[-3.419759869431772,47.619908436870055],[-3.419902290683435,47.619981868834884],[-3.419787193820003,47.62002433318223],[-3.419787685230457,47.62025007843446],[-3.419991539331065,47.620500743855246],[-3.420071154474642,47.62049635771218],[-3.420025646338483,47.620562081098434],[-3.420132881229854,47.62056520419005],[-3.420032626196951,47.62084165423754],[-3.420140648734773,47.62096213556509],[-3.420120796283175,47.6213515576077],[-3.42026263402223,47.62164176284693],[-3.420115588542349,47.62164083298192],[-3.420156677077841,47.621981743121076],[-3.420018377203466,47.62161006489041],[-3.419826117301522,47.6215664711102],[-3.419853147919929,47.62179075418041],[-3.419624422270591,47.621333748190644],[-3.419260446668765,47.62141701427075],[-3.419403850859781,47.621941936929595],[-3.4193256104841,47.621846907079174],[-3.419292288693518,47.621902927863836],[-3.419207265772794,47.621862456834336],[-3.419369152193179,47.62209737326196],[-3.419273317532214,47.62196718902782],[-3.419012546977398,47.62190930592828],[-3.418901281861121,47.621761909622826],[-3.418889390127019,47.62166322497751],[-3.419091675817418,47.62167917539236],[-3.419123916575516,47.62161418332879],[-3.419189967864242,47.621718915582754],[-3.419295042762247,47.62170409678445],[-3.419217098982045,47.621500679968925],[-3.419171588938329,47.621566402988506],[-3.419148589513207,47.6214863919448],[-3.418894307807023,47.621482336548176],[-3.418771045695841,47.62167877429214],[-3.418817934243827,47.62151363588608],[-3.418557950012438,47.62157310997294],[-3.418611514372106,47.62179593161479],[-3.418754236074044,47.621760978043895],[-3.41880701727197,47.621866441384014],[-3.419201267993344,47.6220343739145],[-3.419143568990644,47.62210979916021],[-3.419174728825217,47.62203583576939],[-3.418992494388744,47.621964595717316],[-3.41911378644888,47.6220843470192],[-3.418988954607637,47.622046068584815],[-3.418983252635897,47.622109598791404],[-3.419158408481348,47.62234378457646],[-3.418735157226045,47.62226775786466],[-3.418502303578884,47.62210899636463],[-3.418450008515271,47.62222927792845],[-3.418373148173512,47.62203483193862],[-3.418282422939286,47.622057890416826],[-3.418383958046771,47.62212454528346],[-3.418255585726447,47.62216773891001],[-3.418240452203833,47.62204214021193],[-3.418146185825916,47.622146671424716],[-3.41818737380579,47.62204506347905],[-3.417988329761354,47.622056025515796],[-3.418110700720964,47.62218474919138],[-3.417961193338151,47.6222742607819],[-3.417950867808157,47.62241029241442],[-3.418097915369717,47.62241122500449],[-3.418052104748603,47.62258533438056],[-3.417928353418282,47.622556026157774],[-3.417952432402355,47.62264500873367],[-3.418111669407158,47.622636239182995],[-3.418192666996013,47.6225324388393],[-3.4181713459441,47.62224462531009],[-3.418382579307468,47.622223960793505],[-3.418390146252836,47.622286760128716],[-3.418579164497849,47.622303442262066],[-3.418635188997607,47.62243581964355],[-3.418684240715898,47.622288624017735],[-3.418898420586438,47.62240325939587],[-3.418989146141535,47.62238020044327],[-3.419530939544239,47.62277480806179]],[[-3.419346050217151,47.62245988097532],[-3.419245594410017,47.62240219828156],[-3.419217484904197,47.62216894381489],[-3.419346050217151,47.62245988097532]],[[-3.420110564947576,47.61982590020295],[-3.420021808665097,47.61953277042824],[-3.420093559533365,47.619573971945165],[-3.420097097464867,47.61949249894084],[-3.420110564947576,47.61982590020295]]]},"properties":{}},{"type":"Feature","geometry":{"type":"Polygon","coordinates":[[[-3.421479811026675,47.6192176321062],[-3.421295214341794,47.618794320493755],[-3.421288228139366,47.61851474713663],[-3.421391133306622,47.61848198378006],[-3.421414134798255,47.61856199450543],[-3.42146641959167,47.618441711388215],[-3.421583674610375,47.61841718799498],[-3.421547404294401,47.6183379084947],[-3.421725594801933,47.61826487234423],[-3.421628388682217,47.61823410553952],[-3.421704755906327,47.618202804311174],[-3.421482226871972,47.61790801615244],[-3.421393672813324,47.617949019745815],[-3.421491959706204,47.61798875807488],[-3.421420416624277,47.61828168994039],[-3.421126344138171,47.61827983293739],[-3.421269260584439,47.618579008736475],[-3.421190729787615,47.61859236702512],[-3.421227789188999,47.618789004992074],[-3.421035041785657,47.61851966771859],[-3.420928892293856,47.6185255167793],[-3.420912086987374,47.618607720974566],[-3.420852524153261,47.61855681749512],[-3.420747162951667,47.61868002476586],[-3.420678161529701,47.61843999218676],[-3.420564149889159,47.6184914286631],[-3.420649168469995,47.618531898774776],[-3.420573294875107,47.618788944725594],[-3.420429794618924,47.618706542203135],[-3.420474219406058,47.61863184726594],[-3.420336913431745,47.61871165965468],[-3.420413188921591,47.61912287873343],[-3.420474713708689,47.618857592676434],[-3.420625783549851,47.619002794433484],[-3.420636394761825,47.61875837529008],[-3.420726820400009,47.61884370198248],[-3.420768000920273,47.61874209295461],[-3.420878183553937,47.61888051638395],[-3.420883094239279,47.61869962761275],[-3.42100084662008,47.61890085021167],[-3.421034164744134,47.6188448288533],[-3.421144348279927,47.618983252024265],[-3.421103752707904,47.618868087114805],[-3.421184446719113,47.618872671533175],[-3.421479811026675,47.6192176321062]]]},"properties":{}},{"type":"Feature","geometry":{"type":"Polygon","coordinates":[[[-3.426548486117352,47.61893820793726],[-3.426541992344389,47.618884380296656],[-3.426650306559444,47.61889646868034],[-3.426556624478943,47.61878423275542],[-3.426559632462748,47.61847701412062],[-3.426687989189754,47.61843381128532],[-3.42665792417256,47.61851674809116],[-3.426757298352615,47.61856545325126],[-3.426732404994137,47.61835911395735],[-3.426855349620213,47.61827105456267],[-3.426731644260873,47.61779923594443],[-3.426868938328643,47.61771941600035],[-3.426985628758246,47.6179116613905],[-3.427041147430785,47.617818289560994],[-3.427144850160708,47.61790287950287],[-3.427106369504369,47.618248178819535],[-3.427182210876581,47.61799112855398],[-3.427422369989552,47.61832105904764],[-3.427373416975212,47.61758321932732],[-3.427257248836495,47.61761671981678],[-3.42722205302097,47.61754641331971],[-3.427174391452579,47.61759419704425],[-3.427073936343182,47.61753652094002],[-3.42706010776814,47.617754026998824],[-3.426941252745523,47.61754383911558],[-3.426743309582115,47.61756378737406],[-3.426720300534197,47.61748377765756],[-3.426587335951151,47.61759948255321],[-3.426786040597771,47.61813941263506],[-3.426684502579973,47.618072764936926],[-3.426622489258861,47.618112308927294],[-3.426588615317958,47.61838510606299],[-3.426308373939976,47.61816575617583],[-3.42635387229919,47.61810003026093],[-3.426262074966822,47.618114123705276],[-3.426309174544438,47.61828311453789],[-3.426369023791316,47.61822562816103],[-3.426478137607699,47.618355075065786],[-3.426397400351253,47.61879301383709],[-3.426439089562715,47.618917148185055],[-3.426548486117352,47.61893820793726]]]},"properties":{}},{"type":"Feature","geometry":{"type":"Polygon","coordinates":[[[-3.424174462473858,47.619078140988314],[-3.424214554708156,47.618967559462334],[-3.424275203122233,47.61902743251028],[-3.424335626687832,47.61875317311148],[-3.424424976291581,47.61882952564635],[-3.424522470374175,47.618751903067256],[-3.424424179820757,47.618712167304245],[-3.424483234980239,47.618537323553824],[-3.424375207548915,47.61841684609317],[-3.424416666275428,47.61820684868005],[-3.424550433812663,47.61820850467044],[-3.424411542150972,47.61805360511227],[-3.424375328215735,47.617531806757626],[-3.424496907591248,47.6175431656276],[-3.424580048909811,47.617457303181666],[-3.42461062833686,47.617600112403856],[-3.424688074861856,47.617577780512036],[-3.424663189960958,47.61737144067277],[-3.424817000265803,47.61731780546584],[-3.425055600745474,47.6169705042668],[-3.425159582646994,47.616946708860105],[-3.425198021443376,47.617043929884034],[-3.425275750644054,47.616913210445766],[-3.425511848024951,47.61709887273816],[-3.425572778896999,47.61705035802604],[-3.425579554581585,47.61699579862438],[-3.42540382118302,47.61697839614022],[-3.425499146304296,47.61688283008559],[-3.425448520950076,47.616795312087454],[-3.425260602096235,47.61678761231944],[-3.425385993145426,47.61660910982422],[-3.425300175673421,47.61645128464911],[-3.425269825879199,47.61664260835344],[-3.425158270500538,47.616603604785055],[-3.425131450176208,47.61671345516494],[-3.424945695620229,47.616723697483124],[-3.424926219996386,47.616562214105286],[-3.424846611118332,47.616566603566866],[-3.424642976141354,47.61665007894555],[-3.424693600037408,47.6167375972994],[-3.424449077619763,47.61681429569009],[-3.424572819220641,47.61684359708998],[-3.424443382703896,47.61687782633351],[-3.424502947088449,47.61692872802528],[-3.42465675627888,47.61687509301725],[-3.424746103198869,47.61695144537988],[-3.424742572530104,47.61703291863096],[-3.424551121975977,47.617106690970154],[-3.424727937472776,47.61713306603475],[-3.424563023160162,47.61720537526928],[-3.424562737983537,47.6173137624019],[-3.42445904048899,47.61722917014167],[-3.424385636433327,47.61739577421724],[-3.42425511657725,47.61742103194215],[-3.424228804149732,47.61775662759031],[-3.424323847099718,47.61776944963966],[-3.424252605660319,47.61795399618241],[-3.424089056175625,47.61792688892414],[-3.424070092200756,47.6179911509982],[-3.424049250686388,47.61792908337482],[-3.424025672977648,47.61806584732768],[-3.423823399504065,47.618049905429],[-3.423742419663386,47.618153709916044],[-3.424271222434517,47.618440640783554],[-3.424166155340766,47.618455464083546],[-3.424142291661433,47.6187006150777],[-3.424047247097381,47.61868779288672],[-3.424010177381827,47.61849115580439],[-3.423905110116188,47.61850597886912],[-3.423950611723933,47.61844025390202],[-3.423801411347974,47.618421386076626],[-3.423788429480173,47.61831373045965],[-3.423640311309977,47.61830383372901],[-3.423499765593294,47.61835673594109],[-3.423575844709486,47.61843382055903],[-3.42367983012052,47.618410026487716],[-3.423674134119062,47.618473557041696],[-3.423515992221704,47.61849130549832],[-3.423448854675322,47.61837760421313],[-3.423358137848306,47.618400666677346],[-3.423463999412111,47.618503202472155],[-3.423407104479333,47.618695988317334],[-3.423171295363504,47.61840193485901],[-3.423070554846919,47.61845264240107],[-3.423182400549678,47.61838326086295],[-3.423169419939344,47.618275605175064],[-3.423287755545699,47.61826005137654],[-3.423252852374552,47.618081356625645],[-3.423111513284625,47.618016899984646],[-3.423038392217367,47.618075116065384],[-3.423149949121996,47.61811412162938],[-3.423031613798944,47.618129675289424],[-3.422810878999342,47.61840373898591],[-3.422783548876753,47.61828784328497],[-3.422677400037455,47.618293693935634],[-3.42270530784043,47.618192815520594],[-3.422563679876578,47.61823674529708],[-3.422597285118266,47.61807233639414],[-3.422451331019319,47.618080380782025],[-3.422364650929125,47.6182477148135],[-3.422241988844177,47.61822738241142],[-3.422278260116484,47.61830666170043],[-3.422088674455819,47.61850675964607],[-3.422229221965651,47.61845385913621],[-3.42225871410644,47.618587697586385],[-3.422283378141996,47.618459905341886],[-3.422347268560069,47.6185466933505],[-3.422332126438075,47.618421094949476],[-3.422416064654538,47.61845259246178],[-3.422394143295544,47.61838155324361],[-3.422540098226451,47.61837350892845],[-3.42249726100344,47.61868292139646],[-3.422619924232221,47.61870325352568],[-3.42267898529062,47.618528410686864],[-3.422698165864616,47.61879828132237],[-3.422804315704877,47.61879243065436],[-3.422944070041733,47.61862217093342],[-3.422933757914276,47.61875820326108],[-3.422959502100059,47.61863938219311],[-3.423215140224728,47.61854401299541],[-3.423278744467168,47.618739187540854],[-3.423437968947154,47.61873041071082],[-3.423489387256264,47.61893528783588],[-3.423576352125033,47.61865956597914],[-3.42370442477829,47.61872475347891],[-3.423859321784449,47.618680090871344],[-3.423870935451137,47.61888716220501],[-3.424174462473858,47.619078140988314]],[[-3.42427669310927,47.61804297766427],[-3.424172994651597,47.61795838518163],[-3.424266956053741,47.61796223597619],[-3.42427669310927,47.61804297766427]]]},"properties":{}}]}