{"type":"FeatureCollection","features":[{"type":"Feature","geometry":{"type":"Polygon","coordinates":[[[-3.497904824338109,47.653775486185786],[-3.49794659403174,47.653669707095375],[-3.497788372587881,47.65368755579214],[-3.497787140991147,47.65378697056244],[-3.497884131509669,47.65379772716961],[-3.497811367246428,47.65387593518811],[-3.497593743750118,47.65362614987715],[-3.497656840678617,47.65359553939437],[-3.497677781746049,47.65365759270874],[-3.497680108502587,47.65356714838246],[-3.497464402172423,47.65355207416076],[-3.497514085580647,47.65363058878828],[-3.497418961199444,47.65361782654586],[-3.497381184493768,47.653746372072916],[-3.497245273590262,47.653618473406546],[-3.497169994901566,47.6536587938962],[-3.497262791831666,47.65376200065407],[-3.496948675835762,47.653707251674845],[-3.497134407310968,47.65380528024723],[-3.497198323970371,47.65400041088553],[-3.497104155870998,47.65410500404098],[-3.496813167905408,47.6541302490103],[-3.496783191793512,47.65421320230248],[-3.496718320379971,47.65390071579798],[-3.496539018817187,47.65396489453021],[-3.496450601968368,47.65389756904712],[-3.496527792728727,47.65409196034895],[-3.496374088049769,47.65403730376135],[-3.496385314492797,47.653910237953745],[-3.496314413692312,47.65398643972525],[-3.49603122902236,47.65396609076949],[-3.495978403736971,47.65375227892126],[-3.495893131466713,47.65382024961775],[-3.49572177326356,47.653730449931125],[-3.495547414164716,47.653396968124234],[-3.495492931692543,47.65360772646158],[-3.495390004325959,47.65364055450069],[-3.495156643807605,47.653590333708074],[-3.49516910952592,47.65336385322826],[-3.495001847470229,47.65352670482796],[-3.49484828856973,47.65336366098461],[-3.494727564265407,47.65346973127926],[-3.494551831432319,47.653344047947904],[-3.494482023184052,47.65342921910981],[-3.494832395427631,47.65367161522303],[-3.494800227536019,47.65373662707567],[-3.494565915875526,47.65356904940906],[-3.494551401863769,47.65366920362963],[-3.494403315964704,47.65355101160884],[-3.494143259993497,47.65361065293279],[-3.493937836772071,47.65335115086401],[-3.493958629024173,47.653521590081404],[-3.493734024723631,47.65354313032216],[-3.493661222052474,47.65338461907197],[-3.49360468870624,47.65346905033088],[-3.493562816242757,47.653344942224564],[-3.493372570435006,47.65331941122603],[-3.493133888345793,47.65311594868386],[-3.493086254049591,47.653163758411175],[-3.492927084817176,47.65306424478918],[-3.492823062787439,47.6530881000805],[-3.492851657005356,47.65321294775378],[-3.492652512113186,47.65322403685134],[-3.492377286519531,47.65304970203126],[-3.492318858847139,47.65289942117467],[-3.492013504936571,47.65291642292948],[-3.491852798468281,47.65313309308869],[-3.491763294957448,47.65305679352364],[-3.491756582374434,47.653111355727745],[-3.491571807875538,47.6531306743304],[-3.491629139760988,47.6532719850347],[-3.491499657934893,47.653306287941284],[-3.491164467110178,47.65329785420598],[-3.491196639167462,47.65323284333926],[-3.49108495912762,47.65319390349796],[-3.491011864045082,47.65325216105535],[-3.490986555585595,47.65315422447729],[-3.490753050434596,47.65321238012123],[-3.490420199361671,47.65311350004129],[-3.490287436020041,47.65312089004883],[-3.490341483335989,47.653235289824664],[-3.490059398602555,47.653223896910184],[-3.489974272124034,47.653183478069714],[-3.490035185569623,47.653134930647596],[-3.489927881166903,47.653131871791565],[-3.490081728902309,47.65307815164026],[-3.489662507339686,47.653038265292565],[-3.489561764652632,47.65308902926204],[-3.489367147467594,47.65302760962746],[-3.489441337600093,47.652978323621454],[-3.489267651976951,47.65297895862582],[-3.489200022817224,47.653082067709924],[-3.4890995881357,47.65291606078425],[-3.48875221728253,47.6529173295191],[-3.488691458010739,47.65285749102453],[-3.48857743843434,47.65290899296148],[-3.488566504300443,47.65281928758014],[-3.488648504032607,47.65272441058029],[-3.488708169670021,47.65277527856412],[-3.488915122627806,47.652718604670696],[-3.489249061974002,47.65282645958982],[-3.48934871092062,47.65276672535163],[-3.490058609564191,47.652998155899134],[-3.490524525253854,47.652872876385196],[-3.491045430719394,47.65297935024935],[-3.491443868763637,47.652848791931525],[-3.49167284680169,47.652863138121326],[-3.491789996354369,47.652946929946346],[-3.491763592661617,47.65284002301281],[-3.491891979216057,47.652796749298076],[-3.491941950698938,47.65265849579358],[-3.492165309951129,47.652736373752504],[-3.49239771742663,47.652669244769065],[-3.49297800163911,47.65304334661266],[-3.493115433349939,47.652855065014634],[-3.493178239980496,47.653041227453606],[-3.493349591688868,47.653131030902124],[-3.493491399282732,47.65297863084236],[-3.493555301628011,47.65317376355732],[-3.493680259740464,47.65321196166038],[-3.493681498976417,47.6531125469036],[-3.493789753115014,47.653232958046075],[-3.493837386842591,47.65318514803374],[-3.49422211175333,47.65338047538178],[-3.494375955881585,47.65332674958432],[-3.494332987346734,47.653193671262486],[-3.494567439784036,47.65325286419045],[-3.49463477274789,47.65336652249256],[-3.494924805518398,47.6532239272201],[-3.495223451204479,47.65326148026],[-3.495237680254006,47.65337809641763],[-3.495401374492478,47.653405103530275],[-3.495580816640735,47.65323254128373],[-3.495735331246578,47.65351293987567],[-3.496096936804552,47.653628266422054],[-3.496068054552202,47.653720190016294],[-3.496246261139198,47.653647041535834],[-3.496412006799122,47.65380037336965],[-3.496659740640551,47.653858822391804],[-3.496802635527888,47.65371538883065],[-3.496760755432096,47.65359128188626],[-3.496860397396583,47.653531541267064],[-3.497001919603496,47.6535959074418],[-3.49690583898445,47.653465789096195],[-3.496978927923656,47.653407527858974],[-3.497055163148998,47.653484563178004],[-3.497195728407041,47.653431573432655],[-3.497363803415856,47.653494459613725],[-3.49762166532702,47.65341687021812],[-3.497964386691269,47.65359646379376],[-3.498182690871344,47.65330432227999],[-3.498615062233452,47.65345182335759],[-3.499213858142574,47.65321072451798],[-3.499323220196588,47.65334010096447],[-3.499510449367466,47.653121940477746],[-3.499723831267294,47.65322745531365],[-3.499840031392125,47.6531938833729],[-3.499964861858926,47.65334046000154],[-3.500094338324556,47.65330614771663],[-3.500506735024762,47.653508944571975],[-3.500652774202442,47.6535008027865],[-3.500861073519095,47.65323630769528],[-3.500966187747701,47.6532214156716],[-3.501093342330561,47.653277546687356],[-3.501130720290483,47.65347415566692],[-3.501293451734466,47.653383798868646],[-3.50147577415628,47.65356329454429],[-3.501233384572588,47.65365809303419],[-3.501014520367402,47.65350772888609],[-3.5009671530967,47.653338771339314],[-3.500836581627302,47.65336411416975],[-3.50066372879732,47.65359050700397],[-3.500442544410711,47.65353058617099],[-3.50040039337788,47.65362325098643],[-3.500092979101354,47.653513947767436],[-3.499908206227725,47.65353327954664],[-3.499793365803392,47.65335905150766],[-3.499505802090945,47.65330282924094],[-3.499338553463927,47.65346568705249],[-3.499158295139357,47.65341251414852],[-3.498922607434245,47.65345274523537],[-3.498892634982788,47.65353569909803],[-3.498479973793783,47.65354966702092],[-3.498807097681791,47.653820442369884],[-3.498474363111234,47.65361320003849],[-3.49845766623861,47.6536954138588],[-3.498299716041176,47.65349649279499],[-3.498282883326258,47.65368709181988],[-3.498427692927926,47.653778367591656],[-3.498546085285097,47.65376273783052],[-3.498544855098519,47.65386215260487],[-3.498371302138401,47.65375441592414],[-3.498177631607447,47.65381036664381],[-3.498024062185542,47.65364732699772],[-3.497904824338109,47.653775486185786]],[[-3.490243080270564,47.65319561017883],[-3.490231049580109,47.653096934445315],[-3.490122651563756,47.653084905246494],[-3.490118124657374,47.65315740840025],[-3.490243080270564,47.65319561017883]],[[-3.491927134971184,47.6529754202564],[-3.491880890919486,47.652815429487845],[-3.491815454937036,47.65293648110796],[-3.491927134971184,47.6529754202564]],[[-3.492607506904525,47.652964631637566],[-3.492442868837923,47.652820264843236],[-3.492470367952133,47.65293614212575],[-3.492607506904525,47.652964631637566]],[[-3.497055567487865,47.65403545971191],[-3.497054748835831,47.653809718844855],[-3.496851361808182,47.653676548059224],[-3.496789081844675,47.653932898986845],[-3.496854230739228,47.65402861505829],[-3.497055567487865,47.65403545971191]],[[-3.497390218653995,47.65360136524511],[-3.497310698089339,47.65349741878957],[-3.497162468669242,47.653487615489205],[-3.497390218653995,47.65360136524511]]]},"properties":{}},{"type":"Feature","geometry":{"type":"Polygon","coordinates":[[[-3.503421685606874,47.65264194019231],[-3.50353362337544,47.65246409767388],[-3.503322066852357,47.652432053572554],[-3.503327908182152,47.65242138256748],[-3.503267258610114,47.6522531663313],[-3.503390029732614,47.65227341326374],[-3.503350327212781,47.6521672493929],[-3.503490882747646,47.65211425203939],[-3.503427916072491,47.65203648037796],[-3.503661402258626,47.651978299373496],[-3.503843852153155,47.65204940616934],[-3.503731193954742,47.651893122664305],[-3.504026550410254,47.6519037420321],[-3.504087325793551,47.651963572582424],[-3.504443704753859,47.651817250756395],[-3.504709220986689,47.65180243841615],[-3.504857324861208,47.651920617484855],[-3.505054270019344,47.65189156680554],[-3.505391767806886,47.65180951614565],[-3.505425138950764,47.65164508635616],[-3.505932906441597,47.651643849298374],[-3.505938628088297,47.65147193050525],[-3.50613666733884,47.65145184837704],[-3.506283677037188,47.651561055280034],[-3.50622497288555,47.651627551967536],[-3.506520328367118,47.65163816503401],[-3.506546761032835,47.65174506869878],[-3.506772330679042,47.65184085952444],[-3.506884997675001,47.65199714010187],[-3.506761129408717,47.6519679264663],[-3.506680259491574,47.65207178658253],[-3.506862831905448,47.652034503340275],[-3.506835065533481,47.652135400041445],[-3.507086092597608,47.65222073812228],[-3.507104733371793,47.6523732343653],[-3.50733469291511,47.65250490553897],[-3.507315699666765,47.652677565236196],[-3.507165160052836,47.65275821917895],[-3.507096704640758,47.652635597696026],[-3.50689317891022,47.65261082960108],[-3.506809373704801,47.65236262277995],[-3.506690986875815,47.65237826092369],[-3.506675755171452,47.65214429041449],[-3.506613761566621,47.652183876162034],[-3.506485507372674,47.65211878074706],[-3.506517660050056,47.65205376562367],[-3.506342881259288,47.65204545563212],[-3.506415957947323,47.65198718844997],[-3.506344096873957,47.65194604068169],[-3.506263345572267,47.651941515184475],[-3.506249950330048,47.652050641318304],[-3.506127178634951,47.652030397388025],[-3.506261152835146,47.65192357443095],[-3.506025716817237,47.651747049206186],[-3.505517827438559,47.651856672003404],[-3.505577508187408,47.65190753139637],[-3.505406993785101,47.65204348686314],[-3.505278741400971,47.65197839011898],[-3.505142572729317,47.65206727117356],[-3.505058532839497,47.65203583368389],[-3.504934543390135,47.65211500343393],[-3.505036243887927,47.6521815818924],[-3.504806169056299,47.6521582914921],[-3.504768656044119,47.65207006887637],[-3.504456611377634,47.652141666129054],[-3.504109369707828,47.65203459519381],[-3.5039953667748,47.65208611219465],[-3.504327017215607,47.65228436857864],[-3.503977458860243,47.65226774178345],[-3.503882459594279,47.65214659948101],[-3.503835931761573,47.65220338401154],[-3.503699884714312,47.65218387806484],[-3.503574672124978,47.65236246127232],[-3.503647627561968,47.65241258113366],[-3.503528143776451,47.65241924567391],[-3.503737022459343,47.65259725691401],[-3.503533498434904,47.65257248296744],[-3.50358647766233,47.652677906250126],[-3.503510109171164,47.65270926044528],[-3.50352789387282,47.65263601626001],[-3.50341279318826,47.65267856227742],[-3.50325360614393,47.65257906269581],[-3.503211335149645,47.65278011385266],[-3.503316322441006,47.652873604987775],[-3.50313155295308,47.652892941869816],[-3.503124444805091,47.65298064301985],[-3.503043003624226,47.65293400660945],[-3.503069429964416,47.6530409109882],[-3.503122413901372,47.653005700490496],[-3.503110228439005,47.65315604530659],[-3.502852628421864,47.65301687630622],[-3.502747388583989,47.65314015528878],[-3.502600254935325,47.65313932928788],[-3.502637638351476,47.65333593779965],[-3.502218405381703,47.65329609649914],[-3.502266999821039,47.65336563870846],[-3.502128631181949,47.65343657537232],[-3.502042399532581,47.65338719491881],[-3.502110004259226,47.65328407842067],[-3.501948498337759,47.653275021525246],[-3.50174129990232,47.6535484889609],[-3.501718162878604,47.65346849554697],[-3.501557752074355,47.653468408524596],[-3.501556785423923,47.653351052869745],[-3.501900871798624,47.65332283484114],[-3.50205605960394,47.65306129883359],[-3.502179927832187,47.65309051743959],[-3.50219307633055,47.65319816235123],[-3.502294902930528,47.65315635790474],[-3.502461887326245,47.65321026635471],[-3.502421217410869,47.65298674655051],[-3.502591615581193,47.652959180778126],[-3.502706590904547,47.653025020842776],[-3.50264252851694,47.65293827838985],[-3.50298770749339,47.65291902756125],[-3.503117306779166,47.65277632664429],[-3.503072251068878,47.65251692540211],[-3.503251414392665,47.652561121891786],[-3.503319013576053,47.65243763132922],[-3.503421685606874,47.65264194019231]],[[-3.50317917800557,47.65284512804162],[-3.503226802972698,47.65279731419281],[-3.503131678710899,47.652784556594824],[-3.50317917800557,47.65284512804162]],[[-3.50377844425291,47.65217046453506],[-3.50373094487854,47.652109893310474],[-3.503684416916589,47.65216667778177],[-3.50377844425291,47.65217046453506]],[[-3.50642508631993,47.65173379545328],[-3.506457238838936,47.65166878033343],[-3.506349936445689,47.65166573655383],[-3.50642508631993,47.65173379545328]],[[-3.50719292612469,47.652657322432205],[-3.507236161142263,47.652573625485],[-3.507092436261541,47.65249133093734],[-3.507049201085192,47.652575027834956],[-3.50719292612469,47.652657322432205]]]},"properties":{}},{"type":"Feature","geometry":{"type":"MultiPolygon","coordinates":[[[[-3.513968418097298,47.651961935058004],[-3.514298922198677,47.652179243182424],[-3.514159371577903,47.65234960915082],[-3.514188325213488,47.65214929570014],[-3.513968418097298,47.651961935058004]]],[[[-3.51394038766266,47.65194350477937],[-3.513604504746447,47.65185677343255],[-3.513493804113988,47.651935210627514],[-3.513537028662101,47.65185151131788],[-3.513457374470208,47.65185596110038],[-3.513269214385133,47.651956788430404],[-3.513289075415092,47.65200986868876],[-3.513403069210749,47.65195834261986],[-3.513374112730614,47.65215865589597],[-3.513561071161802,47.65215724342696],[-3.513679559815047,47.65203321299381],[-3.513754615380055,47.6522096524906],[-3.513921712226913,47.65215515927093],[-3.513946958525402,47.65236147624489],[-3.513777769903809,47.65228964357329],[-3.513794234537429,47.652424198135485],[-3.513632938085204,47.65219838675264],[-3.513455857763269,47.65228053210714],[-3.513473628668407,47.65220728639244],[-3.513357439272672,47.65224087190614],[-3.513072167897889,47.65209423828321],[-3.513030251231083,47.651970137066584],[-3.512907477149064,47.651949900258735],[-3.512992724752708,47.651881917082605],[-3.512915371323041,47.6517959217823],[-3.512368872840378,47.651808384012476],[-3.512241817146462,47.65164387987384],[-3.511825774101324,47.651739369319],[-3.511692028236507,47.6516294279737],[-3.511505071605399,47.65163083745296],[-3.511662076663172,47.65171238518935],[-3.511545887204877,47.65174596891061],[-3.511508363338518,47.651657748439625],[-3.511304839290407,47.65163298801531],[-3.511262708622466,47.65172565683965],[-3.511435183775953,47.65182440415999],[-3.511225954499495,47.65197156263282],[-3.511116456854602,47.65195058257023],[-3.511161770083596,47.65199321013681],[-3.510892853258197,47.6520895114655],[-3.510888354661149,47.65216201545905],[-3.510622838355136,47.652176841835846],[-3.510687133618293,47.65204680930549],[-3.510470221836556,47.6521311740688],[-3.510432699477883,47.652042953270225],[-3.510224786313452,47.65198230962055],[-3.510199220393517,47.65210114780134],[-3.510152810816626,47.65204954952428],[-3.510085223198773,47.652152670741124],[-3.509902652632457,47.652189959015374],[-3.509840885622672,47.65201277582881],[-3.509598630566107,47.65199920641903],[-3.509380846483115,47.65185782815554],[-3.509375475102496,47.65170459107306],[-3.509247105359388,47.651747884018896],[-3.509128834181412,47.65165513929206],[-3.509078152361762,47.651459273813906],[-3.50898302908665,47.6514465209699],[-3.509008597401746,47.65132768301452],[-3.508749779714929,47.65128794189788],[-3.508636879613625,47.651348433802895],[-3.508692061243706,47.65147179555155],[-3.508575641048679,47.65172214702407],[-3.508388770731324,47.65157817378214],[-3.508475148645126,47.65155615663705],[-3.508375753579599,47.65139913650867],[-3.508538351653665,47.65141715488838],[-3.508597052690607,47.6513506570315],[-3.508418119034261,47.651089697962576],[-3.508705794638612,47.65103751298411],[-3.509033068783407,47.65119987469199],[-3.509170098626381,47.65133673016212],[-3.509114688830728,47.65143013936463],[-3.509259510835782,47.651521401821455],[-3.509331486745908,47.65145416244936],[-3.5094485480118,47.651646321984224],[-3.509658765350407,47.651616522369565],[-3.509703964727177,47.651767535854276],[-3.51001577662225,47.65191269525746],[-3.510057909603614,47.651820026891734],[-3.510326604299403,47.65194049814947],[-3.510450585341955,47.65186132267147],[-3.510542197043475,47.652063933972464],[-3.511091112109645,47.65185265028258],[-3.511152114281787,47.651695706476836],[-3.511052711078187,47.65153868863688],[-3.511140154746434,47.6514886474654],[-3.511475337351802,47.651497023914125],[-3.511584725623999,47.651626389000654],[-3.511724174274548,47.65156441140133],[-3.511677763689784,47.651512813715385],[-3.512054968107239,47.65153690487803],[-3.512103573764886,47.65160644306056],[-3.512430968603252,47.65166040985629],[-3.512397725972813,47.651716456299674],[-3.512708660048081,47.65163586750944],[-3.513063598934723,47.651805705110434],[-3.51306459086698,47.651923060763714],[-3.513108913596329,47.65184833192522],[-3.513507184511286,47.65182608365722],[-3.513513979353804,47.65166313482038],[-3.51394038766266,47.65194350477937]]],[[[-3.508365182254755,47.65156000008861],[-3.508280515284687,47.651494768452075],[-3.508232896009202,47.65154258439285],[-3.508353358808343,47.65165327074889],[-3.50832669216544,47.651763138182524],[-3.508431801407501,47.65174823943247],[-3.50858868744357,47.6519381766275],[-3.508560924385454,47.65203907374381],[-3.508387242052478,47.65203973716447],[-3.508292233180118,47.65191859843256],[-3.508181524609967,47.6519970305926],[-3.508093212008581,47.65182132851455],[-3.508101869754358,47.652001476724344],[-3.508001262435477,47.65194387128797],[-3.507867175532284,47.652159081560306],[-3.507766568169611,47.652101475926614],[-3.507696782643277,47.65218665503642],[-3.507562927411453,47.65218509431108],[-3.507173658649,47.65206231461669],[-3.507714561423275,47.652113410194076],[-3.507816497865526,47.65196321558658],[-3.507924897589479,47.6519752283801],[-3.508043398940342,47.6518512036501],[-3.50786556294436,47.651599214165024],[-3.508026083950866,47.65149090717591],[-3.508036185453384,47.65135486971834],[-3.508171135293865,47.651365400263806],[-3.508365182254755,47.65156000008861]]]]},"properties":{}},{"type":"Feature","geometry":{"type":"Polygon","coordinates":[[[-3.513381174605152,47.650577726932625],[-3.513474207018343,47.65046415015494],[-3.513585897679985,47.65050306865416],[-3.51365467839819,47.65030053021235],[-3.513466943200212,47.6499678161999],[-3.513214924303567,47.649765135948265],[-3.513084367398296,47.64979049251007],[-3.513280307844769,47.64964407214966],[-3.513516856128237,47.64982955327059],[-3.513472745136197,47.649687511427544],[-3.513604399161193,47.64967112474895],[-3.513149962066218,47.64945265784503],[-3.513258463069159,47.64935628022784],[-3.513434331649061,47.6493735502095],[-3.5129511528432,47.649138625098644],[-3.51276958582742,47.64929327372596],[-3.513006025088576,47.649587141386675],[-3.51297827160698,47.64968803967618],[-3.513104332930741,47.649735187402335],[-3.513020186360083,47.64981214105942],[-3.513272309890874,47.649906436277995],[-3.513547378346429,47.65029749303932],[-3.513395652430151,47.65047757021447],[-3.513265409368031,47.65017777068913],[-3.51309842354905,47.65012387759112],[-3.513274189458951,47.65024953324148],[-3.513153508834239,47.6503556227404],[-3.513381174605152,47.650577726932625]],[[-3.513261545201324,47.64959996214623],[-3.513227312476854,47.64953865309532],[-3.513364453775214,47.64956711829852],[-3.513261545201324,47.64959996214623]]]},"properties":{}},{"type":"Feature","geometry":{"type":"MultiPolygon","coordinates":[[[[-3.514966895436709,47.648134294224576],[-3.515178768310467,47.648228410543574],[-3.515165290930674,47.64844592344868],[-3.515083547868141,47.648324048189224],[-3.514931832747893,47.64850412754438],[-3.514689694596808,47.64838218312784],[-3.514581300649718,47.648370176586816],[-3.514580100463866,47.64846959180805],[-3.51454257388496,47.648381372160486],[-3.514175372594976,47.64832963632147],[-3.514144329113527,47.64840362399724],[-3.514446048826725,47.648684810018715],[-3.514439359988866,47.64873937364809],[-3.514226961370743,47.64875124127348],[-3.514349728593169,47.648771476728896],[-3.514274469669825,47.648811808337605],[-3.514036722060657,47.64872574385412],[-3.514158494870942,47.64862862367098],[-3.51429114064323,47.648729592049335],[-3.514293439024199,47.64863914716138],[-3.514212795292067,47.64852624162241],[-3.514049106504423,47.648499260791205],[-3.514011580782572,47.64841104097449],[-3.514093425010894,47.64842453144571],[-3.513918760764527,47.64830784722978],[-3.513951999673693,47.64825180025398],[-3.514122376764193,47.64822421760074],[-3.514292650602866,47.64830502024436],[-3.514429892096018,47.64822509867142],[-3.514471809076133,47.64834919962872],[-3.514563635068774,47.64833503707867],[-3.514526108611721,47.64824681741962],[-3.514703071657312,47.648273055818166],[-3.514894305563158,47.64841590801137],[-3.515010485662477,47.64838232090257],[-3.514966895436709,47.648134294224576]]],[[[-3.514963189307953,47.64813264791399],[-3.514810469727813,47.64816770638547],[-3.514813064441817,47.648026842391204],[-3.514853689158574,47.64808400642419],[-3.514963189307953,47.64813264791399]]],[[[-3.514743721922124,47.6479292685155],[-3.514463541330751,47.64773550929707],[-3.514466937036461,47.647654034678624],[-3.514677135843566,47.64762422597449],[-3.514702689645426,47.64750538653646],[-3.514718057433261,47.64763097098697],[-3.514501169976161,47.64771534342669],[-3.514684819715483,47.64768701819881],[-3.514872758276701,47.647802959519986],[-3.515069682782224,47.64777389189953],[-3.51528526966321,47.64789731924052],[-3.515307225788039,47.64807672544915],[-3.515167891712054,47.64803032188108],[-3.51506079916948,47.647810514963695],[-3.514902498991876,47.64793677245232],[-3.514643795725592,47.647788658750066],[-3.514743721922124,47.6479292685155]]]]},"properties":{}},{"type":"Feature","geometry":{"type":"Polygon","coordinates":[[[-3.470836714664838,47.64946956318642],[-3.470674326957335,47.649343106906976],[-3.470799259713004,47.64938132955063],[-3.47075545433203,47.64913088613218],[-3.470628533328354,47.64896633654265],[-3.470352119066105,47.64889136420255],[-3.470368857739738,47.64880915419659],[-3.47044524011675,47.64877782159771],[-3.47051251604683,47.64889149405864],[-3.470518159526862,47.64882796223074],[-3.470728387478538,47.64879823260663],[-3.470796754381537,47.64892087562604],[-3.471162636530808,47.6490721624837],[-3.471030262495401,47.648862759728075],[-3.470901868492084,47.64890601061145],[-3.470616923457238,47.648650887651286],[-3.470281444843978,47.64819988134849],[-3.470134132559026,47.648307399959975],[-3.47026374367151,47.64882401873249],[-3.470123163813442,47.64887697620841],[-3.4701726099346,47.649063888093686],[-3.470036197258968,47.64926111380412],[-3.469725793439818,47.649016432833136],[-3.469647229991791,47.6490298234921],[-3.469588870742777,47.64887953096191],[-3.469484846441668,47.648903365530686],[-3.469385571070183,47.648746312040906],[-3.469160976961698,47.64876780510704],[-3.469080428549049,47.64865486844712],[-3.468923302354379,47.64868164884945],[-3.468529984321716,47.648414471778665],[-3.468293205704314,47.64844567044935],[-3.468157680766798,47.64876025023872],[-3.467824899353361,47.64866130557696],[-3.46767956271636,47.648895148022824],[-3.467711167637394,47.64915529980594],[-3.467543537336247,47.6488755999523],[-3.467352031733038,47.64894944123175],[-3.467413455791074,47.649235032566246],[-3.467448230375152,47.64897119873164],[-3.467801720052432,47.6492405886932],[-3.46771592234058,47.648974411929736],[-3.467805779625619,47.64883395917784],[-3.468003823414256,47.6488139416468],[-3.468132022702068,47.64887907939959],[-3.468390994735327,47.6488105250678],[-3.468586662358043,47.6488809505114],[-3.468625203279835,47.648978155622125],[-3.46864541038787,47.64881447264343],[-3.468947478164456,47.64877061969002],[-3.469268076858561,47.64887926849397],[-3.469518834465418,47.64907307285208],[-3.469536664613661,47.64899983370739],[-3.46970469305363,47.6490627598096],[-3.469998357670519,47.649389650764675],[-3.470127843810388,47.6493553716119],[-3.470113670713943,47.64923875215771],[-3.470195505100406,47.64925227336708],[-3.470232446440749,47.649006380162355],[-3.470399577679451,47.648951949090645],[-3.470627059460763,47.64917413670754],[-3.470499754681625,47.64922635786491],[-3.470629946883812,47.649417819738005],[-3.470836714664838,47.64946956318642]]]},"properties":{}},{"type":"Feature","geometry":{"type":"Polygon","coordinates":[[[-3.465283691680789,47.64941636818831],[-3.465171151998458,47.64926004731376],[-3.465177891282469,47.64920548652999],[-3.465262992626608,47.64924592351474],[-3.465222278813451,47.64913077576146],[-3.465425771898059,47.64915561647115],[-3.465504134408188,47.64925061407967],[-3.465610542087873,47.64913633916914],[-3.465771827658295,47.649253831730846],[-3.465899338509896,47.649093230293104],[-3.466230828757862,47.649291595079596],[-3.466189023246519,47.64916747690178],[-3.466328317669458,47.64921393883531],[-3.466355069513092,47.64910408085457],[-3.46610065264922,47.649100128293014],[-3.466292160525026,47.64902628907019],[-3.466274038800485,47.64865701516255],[-3.466198141400447,47.64902247214957],[-3.466074101308649,47.64910160078398],[-3.465693868261008,47.64894206342791],[-3.465344951397598,47.64860016468793],[-3.465255290715103,47.648632230107694],[-3.465304719557177,47.648819144076285],[-3.465570917075913,47.64903016230132],[-3.465272113310536,47.64910091884073],[-3.465036825385617,47.64892431080044],[-3.46489732942935,47.64898623276275],[-3.464807871425407,47.64890991239221],[-3.464801742625962,47.648639316814425],[-3.465091829407572,47.64849679523926],[-3.464822368464203,47.64825886351982],[-3.464798403376621,47.64806150631382],[-3.464554884370312,47.64814725820886],[-3.464508999049588,47.64842976893003],[-3.464322052416651,47.64843110292676],[-3.464292438279032,47.64829727718289],[-3.46440538217981,47.64823682803286],[-3.464397961825036,47.64806564704562],[-3.464313952254827,47.648034180193335],[-3.464128980441562,47.648161840943914],[-3.464267181213575,47.64819933457047],[-3.464167307828544,47.64836743303724],[-3.464238926797171,47.64851699227992],[-3.464407151877115,47.64847154055113],[-3.464534256667996,47.648527711478415],[-3.464660680208084,47.64835814054771],[-3.46474557608835,47.648506963396215],[-3.464640053178592,47.648738593794064],[-3.464702959418789,47.648816386479545],[-3.464618948486702,47.64878491985886],[-3.464562169967281,47.64897772270801],[-3.464602882239102,47.649092870700464],[-3.464791806230539,47.64921786323972],[-3.464889500532701,47.64903182275935],[-3.465032264745234,47.6489968131364],[-3.465195727433391,47.64913224805282],[-3.465025322183962,47.64915975935049],[-3.465021850887425,47.64924123245217],[-3.465283691680789,47.64941636818831]],[[-3.464820739926187,47.64912594716606],[-3.464720388545646,47.64895991895319],[-3.464850762868938,47.64904300185843],[-3.464820739926187,47.64912594716606]]]},"properties":{}},{"type":"Feature","geometry":{"type":"Polygon","coordinates":[[[-3.488046073054468,47.65315531420582],[-3.488063879133762,47.653082072392415],[-3.488279580906228,47.653097163968944],[-3.488415780295294,47.6530083026132],[-3.488127137125363,47.65294308179854],[-3.488071688822084,47.653036480941665],[-3.487925648997332,47.653044607007196],[-3.487836464910496,47.6527515339204],[-3.487536891480731,47.65259660617799],[-3.486811228887256,47.6525647283029],[-3.486659406293322,47.6527447705407],[-3.486368260995271,47.652878374776485],[-3.485937181798107,47.65263141364706],[-3.485389737413857,47.652526393871476],[-3.485053784603238,47.65229220148055],[-3.484938669931763,47.65233472930896],[-3.484730784618453,47.65227404031431],[-3.483577242957181,47.65136280436363],[-3.483857461101493,47.651139501074866],[-3.483641933839494,47.65101601596986],[-3.483456997939482,47.651143707113015],[-3.482915202647284,47.65097514328284],[-3.482732026318266,47.65067826244145],[-3.482467769660336,47.65059361008839],[-3.482444830589252,47.65040522735368],[-3.482222419353223,47.65044468671859],[-3.482160746287346,47.65026748875102],[-3.482256029201728,47.650171878038506],[-3.482156713879595,47.650014835504706],[-3.482020343072311,47.6502120751048],[-3.481906491577774,47.650155185206835],[-3.482008496921519,47.65000501296561],[-3.481811884305845,47.6498172540073],[-3.481641316034994,47.649953174939554],[-3.481489822854557,47.64991643989213],[-3.481481838269649,47.650070416384715],[-3.481318161309992,47.65004338972808],[-3.481360002700524,47.65016750243434],[-3.481049541683047,47.64992285166111],[-3.480757648096052,47.64983070067156],[-3.480525238342468,47.64989780660506],[-3.480384837798817,47.64984239098311],[-3.47994289186907,47.64950570104833],[-3.479815022885417,47.649223805387585],[-3.479438941211459,47.649208580773816],[-3.479264001736174,47.64930861571867],[-3.479123778569789,47.64914481311409],[-3.478864993748598,47.64910500576707],[-3.478695511926559,47.64924989309581],[-3.478710795466544,47.64937548215447],[-3.478558038619981,47.649438158087534],[-3.478579696261943,47.64972595645608],[-3.478368377396439,47.6497467295425],[-3.47826963716292,47.64992381057126],[-3.477951934762644,47.6500588692906],[-3.47784608302282,47.649847999175456],[-3.477979193630179,47.6496238524526],[-3.477826612366563,47.64957814199736],[-3.47753528448692,47.64982010986376],[-3.477619837387023,47.64952641092017],[-3.477522542110122,47.64949569114319],[-3.477384150616435,47.64956659864936],[-3.477271396887324,47.64951867487487],[-3.477355594545004,47.64944174695599],[-3.476978957266178,47.64909238743446],[-3.476843840193479,47.649190206307004],[-3.476417931303384,47.64920483382449],[-3.475928188802518,47.64902431707248],[-3.475589026130686,47.64876318501918],[-3.47538443870113,47.64872939132228],[-3.47524604635367,47.64880029632467],[-3.475221495143872,47.648928097720365],[-3.474823596445516,47.64873344461132],[-3.474550266599997,47.648793779721196],[-3.474391144978143,47.648694240628664],[-3.474176555843785,47.64868809407531],[-3.474162004888518,47.648788246015734],[-3.474071443074921,47.64870296203727],[-3.473782655369135,47.64874609111843],[-3.473596984414346,47.64864802517879],[-3.473486231641089,47.64872642459666],[-3.473206728909367,47.64851616142574],[-3.473021963612345,47.64853545074492],[-3.473011056526805,47.648445743704954],[-3.472700456248427,47.64830945602585],[-3.472662999029041,47.648221222934026],[-3.4724584155308,47.64818742410475],[-3.471939062684028,47.64787306682777],[-3.472149474760834,47.64773494911342],[-3.472012549133833,47.64759804999068],[-3.471790331293779,47.64752910402749],[-3.471741402880319,47.64767632000055],[-3.471471536320916,47.64765517457735],[-3.471445886167519,47.647774004534234],[-3.471594995632663,47.64790119671743],[-3.471458971352131,47.64788165319459],[-3.471446596384413,47.64799974628068],[-3.471736994352032,47.648299720889185],[-3.471662794373372,47.648348995774924],[-3.471441664297311,47.64828901989329],[-3.471346365368137,47.64838462188107],[-3.471804794790835,47.648747519771206],[-3.471710586189592,47.6488520927468],[-3.471758947340116,47.649030033249566],[-3.471648191073282,47.64910843090972],[-3.471257037090354,47.64885920450775],[-3.47114390890941,47.649028045710885],[-3.471231195332078,47.64908641979029],[-3.471370684199274,47.64902449027032],[-3.471486512943516,47.64920771733803],[-3.471628182808544,47.64916372894491],[-3.471747473778361,47.649265482447504],[-3.471720021561401,47.64914960007044],[-3.471988281712047,47.648827647129444],[-3.471838078205696,47.64869148479555],[-3.471885916763744,47.64853529814564],[-3.472227806598012,47.64848922598604],[-3.472318741777678,47.64835774044052],[-3.47255077941202,47.64850742174552],[-3.472820650709474,47.648528564666826],[-3.472958671500073,47.64867443347991],[-3.473282736441794,47.64870159791813],[-3.473301279374436,47.64885409981951],[-3.473389844815923,47.64881305753105],[-3.473565512872804,47.64893877297746],[-3.473918682704415,47.64876563192754],[-3.474187280395393,47.64888618645858],[-3.474365500827371,47.64881307116194],[-3.474576633801214,47.648900690767334],[-3.474825595234659,47.64885977144913],[-3.474944891622338,47.648961521703704],[-3.475075464608747,47.64893620774486],[-3.475245681567466,47.6490170672462],[-3.4753166058513,47.648940878061595],[-3.475402805576118,47.64899027834734],[-3.475390803278719,47.648891600871],[-3.475545744562186,47.64884687041795],[-3.475707960849653,47.649081705415156],[-3.476140055269921,47.64933767540465],[-3.476225345536877,47.64926971896411],[-3.476317003036229,47.649363971917154],[-3.476724001499861,47.6494136143343],[-3.476789108879728,47.649509341814394],[-3.476845843782809,47.64931653308012],[-3.476980782301746,47.649327099654535],[-3.477006063237922,47.649425039460084],[-3.477170827542968,47.64946104282586],[-3.477044441149205,47.649630627191534],[-3.477145923567884,47.64980561542004],[-3.477314319907859,47.6496517597224],[-3.47745926058193,47.64963467624595],[-3.477333966154901,47.64981323156573],[-3.477373615155878,47.64991940440015],[-3.477433444859915,47.64986189280741],[-3.477584935092537,47.64989863311451],[-3.47768586058938,47.64973949397118],[-3.477804250056596,47.64972388519042],[-3.477647684055132,47.65008480418419],[-3.477669691998045,47.650155831848686],[-3.477840093906813,47.650128302126916],[-3.477816639851042,47.65026507462985],[-3.477923023182429,47.65015078856956],[-3.478274919029074,47.65007704921416],[-3.478566244957409,47.649835079536295],[-3.47875537955202,47.649851664040376],[-3.47871463615964,47.64973652102609],[-3.478786472945387,47.64977768582945],[-3.479130722808808,47.649641149370225],[-3.479645196349375,47.64958546495582],[-3.4795966348388,47.64951591320541],[-3.479775768632485,47.64956014575317],[-3.479805768570866,47.64947719662352],[-3.480165875604722,47.64980037291621],[-3.480604720839853,47.6500017646755],[-3.480673111985857,47.65012440183867],[-3.480764949996533,47.65011026586278],[-3.480788054149361,47.650190263562685],[-3.480944086754164,47.65015449660585],[-3.481250180108437,47.65036326515677],[-3.481410581538912,47.65036338005386],[-3.481354371988372,47.650231034740834],[-3.481479314472809,47.65026924594817],[-3.481487299094751,47.650115269471726],[-3.481734076481439,47.65005639422594],[-3.481928336395896,47.65033459745973],[-3.482033450189229,47.65031972244307],[-3.482069663570715,47.65050736720709],[-3.48237702359448,47.65061671800559],[-3.4823613951809,47.65070790025947],[-3.482547256979039,47.65069756679979],[-3.482757151310376,47.65088458629663],[-3.482729339953479,47.650985477326245],[-3.482818994086752,47.65095339853903],[-3.483000153606278,47.65112395266183],[-3.483062163496419,47.65108437942079],[-3.483110730952019,47.65115392967401],[-3.483491197483028,47.651205024829316],[-3.483464314163499,47.651423271943656],[-3.483949404293976,47.65178464516923],[-3.48400780717139,47.651934930296996],[-3.484184767428231,47.65196121486002],[-3.48417913989041,47.65202474724304],[-3.484315179391129,47.65204427591621],[-3.485146231131968,47.65261218847547],[-3.485213705373889,47.65261746698064],[-3.485177479502686,47.65242982339803],[-3.485336470480427,47.652637732875114],[-3.485525617113972,47.65265430639713],[-3.485664776234354,47.65280913045323],[-3.485899378128008,47.65275995552761],[-3.486282977879308,47.65294633849141],[-3.486716724753095,47.65288608368321],[-3.487036766558821,47.65266055717879],[-3.487210134969734,47.65287669600917],[-3.487338683145891,47.65272504203859],[-3.487380540644467,47.65284915241487],[-3.48746691543285,47.65279015844437],[-3.487618420887901,47.65282688568784],[-3.487596083964303,47.65297263050616],[-3.487759616104017,47.6531080335723],[-3.488046073054468,47.65315531420582]],[[-3.481364201316884,47.650311770300455],[-3.481107763865174,47.650181523784866],[-3.481225061189147,47.650156940921455],[-3.481364201316884,47.650311770300455]]]},"properties":{}},{"type":"Feature","geometry":{"type":"MultiPolygon","coordinates":[[[[-3.514154970500563,47.646524445966364],[-3.513912843108302,47.6464024998142],[-3.513993673739215,47.64633803053398],[-3.514154970500563,47.646524445966364]]],[[[-3.513973651737227,47.64631489040709],[-3.513872026489082,47.64628736886225],[-3.51358699453856,47.64592396469912],[-3.513291774385505,47.64580498378164],[-3.512931493721386,47.64548190892555],[-3.512830893480956,47.645424307451194],[-3.51271691309132,47.64547583313763],[-3.51272448809142,47.64564701125556],[-3.512506721652182,47.645505638348986],[-3.512507925634215,47.64540622299552],[-3.512677090721469,47.64547805776358],[-3.512621906076962,47.64535469751105],[-3.512462723710502,47.64525521009422],[-3.512476988299875,47.64537182463742],[-3.512195369740855,47.64492694222995],[-3.511723316318555,47.644673329301746],[-3.512045182271679,47.64468244557664],[-3.51158212574322,47.64428382338174],[-3.511780028021114,47.644372117379945],[-3.511811072435367,47.644298130176885],[-3.511550201195095,47.64413206862262],[-3.511495900136909,47.64423444966827],[-3.511135531469394,47.64401975479561],[-3.510939715667963,47.64405778621259],[-3.511095819681012,47.64391359309969],[-3.511198718621797,47.64388075106188],[-3.511144417144997,47.6439831319576],[-3.511362282781622,47.64401612173604],[-3.511384333095351,47.64408714326919],[-3.511552504023713,47.64404162357198],[-3.512031134134498,47.64434905942318],[-3.512247582927344,47.64469823444697],[-3.512415648163874,47.644761099265885],[-3.512342587923164,47.6448193704193],[-3.512529414017062,47.64492634533008],[-3.512186699323286,47.644746793658804],[-3.512099482731883,47.6445800642996],[-3.51216015142506,47.64474827662434],[-3.51197102455364,47.644731746143954],[-3.512200963173535,47.64486340826655],[-3.512385380741169,47.645169214145774],[-3.512452955068647,47.64506609122294],[-3.512696170372202,47.64519701083297],[-3.512711532772921,47.645322595698396],[-3.512773513882686,47.645283006574445],[-3.513004554226125,47.64542363742401],[-3.513625719720327,47.6459127694278],[-3.513973651737227,47.64631489040709]]]]},"properties":{}},{"type":"Feature","geometry":{"type":"Polygon","coordinates":[[[-3.510167658825223,47.642990012350154],[-3.510151317723467,47.64274707076575],[-3.509937957114561,47.642641574393636],[-3.509963519084362,47.64252273568392],[-3.509869508308744,47.64251895388816],[-3.509855026024852,47.64261911058476],[-3.510007503044712,47.64277316523569],[-3.509886944847147,47.64277086592641],[-3.509647262733403,47.64245007974368],[-3.509429404550621,47.642417086740565],[-3.509550945959947,47.642536742779576],[-3.509246640207041,47.64267114590361],[-3.509199143081417,47.64261057660179],[-3.509375101168714,47.64251946689191],[-3.509364134202822,47.642429762973585],[-3.509165032987199,47.642440880271856],[-3.509171612962869,47.64249470263439],[-3.508992478533222,47.64245051498921],[-3.509103166106352,47.6423720816706],[-3.509049089573613,47.64225768992684],[-3.50932113706564,47.64229668940873],[-3.509500496846087,47.642124104791755],[-3.509164503726517,47.64188998045492],[-3.508991951053777,47.641899615174246],[-3.509072573725678,47.64201252470561],[-3.508793834094926,47.642028088135994],[-3.509018156294176,47.64222329059664],[-3.508789333494193,47.642100592428996],[-3.508536043461945,47.64210570264322],[-3.508651002734909,47.64217153723191],[-3.508753899821174,47.64213869731742],[-3.508931822437367,47.6422823008188],[-3.508883229405526,47.64221276097915],[-3.508963966207697,47.642217284688996],[-3.509026929364732,47.6422950537654],[-3.508578809148881,47.64245554825725],[-3.508545453469135,47.64261997973487],[-3.508977994621845,47.64255067158064],[-3.50912059897914,47.64262399384243],[-3.50903963408007,47.64283624194686],[-3.50922667331952,47.64272645055571],[-3.509354908283664,47.64279154328104],[-3.509336264426235,47.64263904663513],[-3.509424791829024,47.642597976906664],[-3.509526479791333,47.64266455178768],[-3.509546446344983,47.64260924708258],[-3.509923251046431,47.642958502785326],[-3.510063775797813,47.642905497271904],[-3.510167658825223,47.642990012350154]],[[-3.509151986581017,47.64222484966325],[-3.509027043123758,47.64218666788543],[-3.508998416971701,47.642061823454746],[-3.509124456763858,47.6421089756615],[-3.509151986581017,47.64222484966325]]]},"properties":{}},{"type":"Feature","geometry":{"type":"Polygon","coordinates":[[[-3.463929232311802,47.64849803754769],[-3.463731805507901,47.64819289175766],[-3.463550305240511,47.64823907847914],[-3.463513539861138,47.648376584200754],[-3.463375339159612,47.648339089686345],[-3.463302220478096,47.64839733005633],[-3.463106768653127,47.64821851027007],[-3.462989467246157,47.648243074971205],[-3.463005335295885,47.64804350970731],[-3.462858216334962,47.648042633668396],[-3.462828190857683,47.64812557850733],[-3.462659965523512,47.648171027971244],[-3.462590945528681,47.64782263835085],[-3.462397676004463,47.64766175893523],[-3.462304331100623,47.64788368069262],[-3.462308015127733,47.64769382210927],[-3.462205078761508,47.647726621019665],[-3.461936513982331,47.64760603887523],[-3.461952637047701,47.64784898654285],[-3.461919972151752,47.64757986221395],[-3.46181942304436,47.647522216895915],[-3.461781564895705,47.64765075131164],[-3.461585032135722,47.647462958096895],[-3.461702542372231,47.647330009271364],[-3.461428116145314,47.64738134291635],[-3.461375436039813,47.64716751471202],[-3.46114561294853,47.64703575275604],[-3.461079903170567,47.6472651730554],[-3.460904270042036,47.64713943873115],[-3.461028735769117,47.64684354440879],[-3.460803057682684,47.64685605060876],[-3.46076063127972,47.64705708698232],[-3.460607859989921,47.64711973952462],[-3.460595009029535,47.64690370406109],[-3.460357356557652,47.64681753029759],[-3.460436582704517,47.64702988779431],[-3.460338425995172,47.64688179729481],[-3.460082056358758,47.6467515044109],[-3.460037214952242,47.64649208579937],[-3.459663549067343,47.64638635361436],[-3.459721430955612,47.64620252372394],[-3.459604132422021,47.646227085052566],[-3.459606523388337,47.64613664114392],[-3.459448311475364,47.646154438000835],[-3.459339060842438,47.646025023770356],[-3.459213929208167,47.646095174403435],[-3.459293364519067,47.6461991471716],[-3.459141897387778,47.64616238308184],[-3.459031559174513,47.6460239977195],[-3.458799138687083,47.646091060573845],[-3.458942771821741,47.64617341477528],[-3.458846581692152,47.64615165024181],[-3.458857464495828,47.64624135870975],[-3.458704909289249,47.6461956232076],[-3.458686408996633,47.64604311878122],[-3.458491420233909,47.646198418690574],[-3.458553226283575,47.64626724393961],[-3.458479016957792,47.64631651050538],[-3.458347571021166,47.64622444952203],[-3.458351269012042,47.646034590899454],[-3.458203067498595,47.64602473814649],[-3.458096650160688,47.646139006496725],[-3.457780660926362,47.64595782472443],[-3.457804816923348,47.64604679799576],[-3.457579141451212,47.64605929797441],[-3.457505149933753,47.646000178335235],[-3.457702098984877,47.6459712073737],[-3.457358474129038,47.64578252416939],[-3.457232252458649,47.64584370182683],[-3.457190901405568,47.64605370787268],[-3.456944115462484,47.64611253140854],[-3.456941071154569,47.645977233221586],[-3.456755220849105,47.64598752597987],[-3.456697989150022,47.64584619764331],[-3.456530853664947,47.645900609205626],[-3.456560447006561,47.64603443708308],[-3.456396574387731,47.64611576105366],[-3.456324759807461,47.646074582409305],[-3.456416817922838,47.645952079947286],[-3.456261869014265,47.64599678510284],[-3.456227704100669,47.645935459254744],[-3.456167855945801,47.64599296010602],[-3.456128252057448,47.645886779862984],[-3.456082766682554,47.645952516429304],[-3.455980051365057,47.64587692428974],[-3.455925641924199,47.645979279391845],[-3.455750890944902,47.64597089370986],[-3.455738925668518,47.645872214062756],[-3.455559824188769,47.645827944584795],[-3.455644047320409,47.645751032164526],[-3.455540022891076,47.64577485435807],[-3.455541333012254,47.64567543963139],[-3.455424676122209,47.645925738853705],[-3.455381810694743,47.645792645712305],[-3.455466034027249,47.64571573341894],[-3.455343296199267,47.64569543607359],[-3.455284535032144,47.64576190736113],[-3.455336992944711,47.64553322516792],[-3.455220781521335,47.64556675298729],[-3.455068454725997,47.645412627100946],[-3.454959856671628,47.64550895086036],[-3.454777494316143,47.64543776751529],[-3.454622736000025,47.645924983821345],[-3.454503485156164,47.645823212662236],[-3.454605335025857,47.64578144961565],[-3.45446039750749,47.64579850477918],[-3.454424059738067,47.64571923661765],[-3.454377484886832,47.64577600163593],[-3.45411809799542,47.645510397305635],[-3.454043885627482,47.64555966107406],[-3.453996448602142,47.64549906943753],[-3.453978372714839,47.64568069195238],[-3.453863247548501,47.645723189313436],[-3.453736612814642,47.64545023547248],[-3.453633901787633,47.64537464125078],[-3.453464589937274,47.645411106642534],[-3.453407367571778,47.645269776651915],[-3.453152969951752,47.645265795892726],[-3.453154917307895,47.645392123324804],[-3.452998020301734,47.6453104967361],[-3.45298343051855,47.64541064621206],[-3.452948410148339,47.64523196285471],[-3.452857660423565,47.645255047911675],[-3.452791513928987,47.64515033598191],[-3.452860518478391,47.644947832817394],[-3.452686858577017,47.64494841345693],[-3.452729085606768,47.64485576544825],[-3.452331470807232,47.6451035488508],[-3.452300743664059,47.64551164797569],[-3.451982144342565,47.64552927987501],[-3.451868334872324,47.64547236057666],[-3.451928187076298,47.645414861912045],[-3.45183200117554,47.64539309159563],[-3.451820273237939,47.64518602589095],[-3.451657713344831,47.64516792854021],[-3.451702116446109,47.64509322275119],[-3.451595060843205,47.644981743047424],[-3.451518672833743,47.64501306338589],[-3.451429471381106,47.64482834697026],[-3.450759905441941,47.64448609163261],[-3.450143833406758,47.644475022629805],[-3.450067678789357,47.64439795636007],[-3.45010462907585,47.64470296818645],[-3.449957285795075,47.64481046155417],[-3.44988920593852,47.64457942042683],[-3.449866769421158,47.644725158644285],[-3.449752729763508,47.64477662291357],[-3.449673080839559,47.64478102923466],[-3.449651346744958,47.644601610447566],[-3.449359301553309,47.64461776644081],[-3.449395396164168,47.644805421872164],[-3.449312252168627,47.64489130076775],[-3.449290284143971,47.64482026757226],[-3.449122057701878,47.64486569762411],[-3.449051716877282,47.645167613274346],[-3.449066549527463,47.64495907864275],[-3.448987751157441,47.64508084107312],[-3.448877205576351,47.64505083168015],[-3.44883931800689,47.64517936206657],[-3.448685073984237,47.644898900300014],[-3.448352115764154,47.644908285628894],[-3.447350828720289,47.64502687963591],[-3.446963443692898,47.64513861213525],[-3.446864001586889,47.645089924838565],[-3.44687051904799,47.645143750618686],[-3.446358226494102,47.64521723279787],[-3.445508141724048,47.64548097727698],[-3.445401941286887,47.6454868484997],[-3.445365617186321,47.64540757750881],[-3.445445710125994,47.645387464203104],[-3.44550271161643,47.645436122404895],[-3.446861829102778,47.645071982911425],[-3.449004992907867,47.64478186268551],[-3.449018974688046,47.644455971409755],[-3.449134100978196,47.64441347879362],[-3.449122764019769,47.64454054066922],[-3.449272046369885,47.64455937589017],[-3.449313662478622,47.644240986809315],[-3.449376541072384,47.644318787926316],[-3.449475132088436,47.64425011648677],[-3.449519068218922,47.64439218284365],[-3.449505176140304,47.6441671749126],[-3.449869025775892,47.644192201248224],[-3.449867705123524,47.64429161598784],[-3.44998609063375,47.6442760353469],[-3.449913430569362,47.644117496101],[-3.450081653978987,47.644072064892086],[-3.450148880595489,47.64418574935183],[-3.450117130822428,47.644033977845915],[-3.450226588207452,47.644055015144644],[-3.450349553259904,47.64396693218937],[-3.45066247719604,47.644012835755966],[-3.450722951560152,47.644181079979056],[-3.450970590658177,47.64423962613779],[-3.450837611994294,47.644355357039515],[-3.450986894431605,47.64437419007135],[-3.451176232354252,47.644282433582994],[-3.451245635497529,47.64441405925246],[-3.451924130087588,47.644719693509366],[-3.452129774398636,47.6447624992657],[-3.452329125033636,47.64464309351613],[-3.452490139178533,47.64486899033468],[-3.452423364182966,47.644538535939766],[-3.452539803621895,47.644396625212],[-3.452863604340425,47.64453223200825],[-3.452921279921069,47.64445679098554],[-3.452934326921583,47.64456444190338],[-3.453294918933711,47.64456254483724],[-3.453386301063296,47.644765201663105],[-3.453562135084525,47.64478256178937],[-3.453808014915793,47.64515728794558],[-3.454114649326597,47.64504097120824],[-3.45416906128445,47.64493861689941],[-3.454616468771898,47.64521187391573],[-3.45490243744945,47.64492510816886],[-3.455040846774013,47.644854227118905],[-3.455180120229584,47.64490070244536],[-3.455276529548959,47.64481408435687],[-3.455372493066214,47.64494423749769],[-3.455511989507883,47.64488232677571],[-3.45558597726706,47.64494144771138],[-3.455688912328692,47.64490865458437],[-3.455651041267501,47.64503718718853],[-3.455742655152865,47.6451314564842],[-3.455657345418126,47.645199398119175],[-3.455922398954665,47.64540146784007],[-3.455952433633421,47.64531852465814],[-3.456029685852953,47.645404557932046],[-3.456160259105049,47.6453792650628],[-3.456067777597434,47.64516763959381],[-3.456220548628805,47.64510499292364],[-3.456767859430813,47.645210149742674],[-3.456723463324376,47.64528485745205],[-3.456970026181071,47.64533441999119],[-3.457049455987255,47.645438394325964],[-3.457215501507112,47.64537501114291],[-3.457302766715957,47.6454333957366],[-3.457279918705289,47.64524500756462],[-3.457536492613472,47.64526692106553],[-3.457688826121368,47.64542104374606],[-3.457993930625325,47.64551251724016],[-3.458074450829514,47.64562546172598],[-3.457984790776743,47.64565752161677],[-3.458112970249924,47.64572267046797],[-3.458025486321767,47.64577267209974],[-3.458242021285137,47.64590517563519],[-3.458360407929324,47.645889586522664],[-3.458283368086337,47.64569516920113],[-3.458556484166077,47.64574325765867],[-3.45854299291817,47.645852378657146],[-3.45868444852132,47.64591679148447],[-3.458720136400297,47.64577031625618],[-3.459045264756119,47.64580649106894],[-3.459240250474777,47.64565119020368],[-3.459628059597117,47.64587354472122],[-3.459703783564889,47.645616477026294],[-3.460091784865541,47.645179545407764],[-3.46040145872781,47.6451985103431],[-3.460377536979521,47.645552050957086],[-3.460081371679597,47.64597486368905],[-3.459944054604974,47.646054721505536],[-3.4596633167904,47.64594384041745],[-3.45996277192293,47.64609884014124],[-3.460016320472321,47.64643002551502],[-3.460099449637344,47.64634413907234],[-3.460240695559723,47.64651693557255],[-3.460148858299422,47.64653105544445],[-3.4601706284769,47.64671047209702],[-3.460277918252975,47.64671355828624],[-3.460259413285077,47.646561054150105],[-3.460439397219293,47.646722672800095],[-3.46056017440661,47.64661663756237],[-3.460665074826854,47.64671016730162],[-3.460658755274571,47.64654795676915],[-3.460897707195386,47.64653471518975],[-3.460977146441476,47.64663868678943],[-3.461354293435509,47.646662941661184],[-3.46155689675358,47.646570432752405],[-3.461650701225687,47.64668263897899],[-3.461491399641286,47.64669146777878],[-3.461338419621426,47.64686250684449],[-3.461392398529383,47.64697692037491],[-3.461497511429636,47.646962063804835],[-3.461562168137229,47.64727457096174],[-3.461820052023164,47.64719706031844],[-3.462063152759538,47.64732808514863],[-3.462208092001899,47.64731102056833],[-3.462326943606064,47.64762955482017],[-3.462378075749347,47.64750028440241],[-3.462464261167125,47.64754969426893],[-3.462601578317147,47.647469833553025],[-3.462714779969556,47.64785189886371],[-3.462640572282396,47.64790116803167],[-3.462752012710918,47.64804852065236],[-3.46293045341843,47.64786703726893],[-3.463039923716774,47.647888062522064],[-3.463273697982945,47.64827247484758],[-3.463451724970118,47.64830776165124],[-3.463481955867203,47.64811643117701],[-3.463697836450653,47.64802318267557],[-3.463915278397807,47.64827303181503],[-3.464054773629187,47.64821111100199],[-3.463929232311802,47.64849803754769]],[[-3.452249189131849,47.64530678636201],[-3.452319283101492,47.64511325444696],[-3.45202397458543,47.64510250435804],[-3.452047891097287,47.645299864485686],[-3.452249189131849,47.64530678636201]],[[-3.452108201668376,47.645025594457415],[-3.452234427277947,47.64496442230918],[-3.452221381591602,47.64485677133562],[-3.452045318259028,47.64494779483909],[-3.452108201668376,47.645025594457415]],[[-3.454071111711434,47.645233034446925],[-3.45411333656302,47.645140385951755],[-3.454028250216467,47.645099940760986],[-3.454071111711434,47.645233034446925]],[[-3.460730814967014,47.64703164578558],[-3.460642666845293,47.64685590742515],[-3.460634622561015,47.64700988273378],[-3.460730814967014,47.64703164578558]]]},"properties":{}},{"type":"Feature","geometry":{"type":"Polygon","coordinates":[[[-3.446248768250284,47.64519619188806],[-3.446868586578541,47.645017423065944],[-3.44868422376988,47.64478154370925],[-3.448662256626417,47.644710510391626],[-3.448815035042465,47.64464787338922],[-3.44876070742805,47.64419932595242],[-3.448363177513451,47.643896196581025],[-3.447526028097801,47.6438250936621],[-3.448056774745596,47.6439041126025],[-3.448256743350423,47.64401045609551],[-3.448468190636528,47.64443225106636],[-3.448455292002001,47.64476711323048],[-3.446838778029305,47.644991978297774],[-3.446248768250284,47.64519619188806]]]},"properties":{}},{"type":"Feature","geometry":{"type":"Polygon","coordinates":[[[-3.445410773062251,47.644014304414156],[-3.445135992889604,47.64373147183357],[-3.445362147574096,47.64350222446102],[-3.445655516352574,47.64338666371548],[-3.446042649712115,47.64338332117339],[-3.446551790170135,47.64372544121325],[-3.446669089210805,47.6437008929556],[-3.446812697190119,47.64378326216918],[-3.446932408574775,47.643668269885964],[-3.446743305801713,47.64365163382365],[-3.446934820903509,47.6435778261173],[-3.446963782298506,47.64348591419732],[-3.446985746676955,47.64355694787951],[-3.447279959343076,47.64355873974357],[-3.44712911527447,47.643747702414565],[-3.446995283021876,47.64374607230758],[-3.447067087268658,47.64378725673545],[-3.447405709175961,47.64371434418461],[-3.448156690525038,47.6437360275179],[-3.448209176991603,47.64350734828446],[-3.447603238576855,47.642917719153495],[-3.446354721452771,47.643311879590954],[-3.446371013303034,47.64344644423331],[-3.446806179953504,47.64372943634768],[-3.446319001276763,47.64345835122819],[-3.44627616054206,47.643325254576354],[-3.445755438726658,47.64321858063908],[-3.445395941487365,47.643229425425005],[-3.444823319524911,47.64357716775639],[-3.445410773062251,47.644014304414156]],[[-3.447380724246345,47.64350801197821],[-3.447196445656062,47.64331048907108],[-3.447265229853964,47.64321637475218],[-3.447366841414309,47.643283003689504],[-3.447254974972532,47.64335240749356],[-3.447395562965189,47.64329947737868],[-3.447456265038784,47.643359337633925],[-3.447448422067293,47.643404926594556],[-3.447362257248633,47.64335550554711],[-3.447380724246345,47.64350801197821]]]},"properties":{}},{"type":"Feature","geometry":{"type":"MultiPolygon","coordinates":[[[[-3.508684701170302,47.64168194797995],[-3.508416176831609,47.64145308638231],[-3.508152906063688,47.64148584804082],[-3.507791589266209,47.64115378620194],[-3.507528436391769,47.641078160517246],[-3.507515280117503,47.640970515526035],[-3.507647784895315,47.64090255912169],[-3.50761586622424,47.6410281217102],[-3.507871227956041,47.641149340256554],[-3.507749693472847,47.641029682383994],[-3.50799870857273,47.64088030627301],[-3.508327880906531,47.64127738351615],[-3.508063630211719,47.64119278863415],[-3.507992762984255,47.641268997995255],[-3.508639513220241,47.641530933307294],[-3.508684701170302,47.64168194797995]],[[-3.508187474180394,47.64122200105316],[-3.507970950151937,47.64098120383053],[-3.507845894296345,47.641051406713935],[-3.508187474180394,47.64122200105316]]],[[[-3.507650870819479,47.640890419592054],[-3.50760842490362,47.64074855689069],[-3.507708030744313,47.64068880662309],[-3.507337834433403,47.64039336588921],[-3.507167596369288,47.640312552778944],[-3.507079071020648,47.64035362084592],[-3.506925513128561,47.640190591754454],[-3.506774030264702,47.640153889300734],[-3.506702066373169,47.64022112749342],[-3.506407131269714,47.63988535682079],[-3.505809118827456,47.63958456413653],[-3.505933077866947,47.63950539294184],[-3.505814839580021,47.63941264426972],[-3.506011738057671,47.63938359178749],[-3.505909940648378,47.63942539977253],[-3.506041451862414,47.63951740756036],[-3.505927477533872,47.639568926781934],[-3.506487864340904,47.6398898822471],[-3.506653478123669,47.640151586652],[-3.506749795297556,47.6400649258973],[-3.506944385211171,47.64012631699725],[-3.507086862601042,47.640308027823316],[-3.50707589993593,47.640218323587206],[-3.507310309500108,47.64027749134982],[-3.507691468609077,47.64066263635155],[-3.507658460922351,47.64050190982689],[-3.507826507537187,47.64056478138366],[-3.507907125726679,47.64067769179752],[-3.507688063003981,47.640744111069225],[-3.507650870819479,47.640890419592054]]]]},"properties":{}},{"type":"Feature","geometry":{"type":"Polygon","coordinates":[[[-3.423925640057443,47.64503756483708],[-3.424200662398482,47.64476954803798],[-3.424222372618781,47.64450645798005],[-3.424433406176014,47.644594168363376],[-3.424519837166029,47.64453522068248],[-3.42452957945298,47.644615961241534],[-3.424705688615718,47.64452497918861],[-3.424978768422334,47.644573146154734],[-3.424999107740607,47.64440947037285],[-3.424820321484462,47.644256768127626],[-3.424884816249776,47.64412678234393],[-3.424804083732033,47.64412220054208],[-3.424747223604463,47.64387247078915],[-3.424845275996321,47.64402059140315],[-3.425055226099889,47.64409932951311],[-3.425230534041399,47.64389098983285],[-3.425178002433292,47.64367714494329],[-3.425075849280334,47.64382726803306],[-3.425072885903141,47.64369196886587],[-3.424937971941496,47.64368134232212],[-3.424858607324468,47.64357734607217],[-3.424650539377162,47.64362493560261],[-3.424452784154788,47.64353649405047],[-3.42439182202234,47.643585007515085],[-3.424414327632985,47.643439274110435],[-3.424145869856028,47.643318604854684],[-3.423940762763123,47.6435014923412],[-3.423832399219941,47.643489401598174],[-3.423669279733856,47.64368803661118],[-3.423727790980399,47.643729966808934],[-3.423616975169606,47.643808319146586],[-3.423698502358326,47.64393025859527],[-3.423777069815467,47.64391689879512],[-3.423661350109963,47.64417613769698],[-3.423578453004509,47.64415361268207],[-3.423510708124793,47.644256684190715],[-3.423567850218249,47.644398028886805],[-3.423713876131415,47.64438998321283],[-3.423670516765597,47.644473649570244],[-3.423756948403149,47.644414702449964],[-3.423641514714924,47.64456555566537],[-3.42377397902868,47.64466662694088],[-3.423717852626107,47.64497676709363],[-3.423766337160671,47.64504634221267],[-3.423780981678175,47.64494619637269],[-3.423925640057443,47.64503756483708]],[[-3.424302023230346,47.64450206900731],[-3.424231318019273,47.644469841783014],[-3.424312336844742,47.644366038367544],[-3.424302023230346,47.64450206900731]],[[-3.423928219584989,47.644062094401164],[-3.423832334355401,47.643931915386204],[-3.423950726662944,47.643916361121995],[-3.423928219584989,47.644062094401164]]]},"properties":{}},{"type":"Feature","geometry":{"type":"Polygon","coordinates":[[[-3.506270495972106,47.6394233392147],[-3.506355732020497,47.63935536043684],[-3.506478474643214,47.63937560426065],[-3.506134719868866,47.639187063886695],[-3.506219955712839,47.639119085199546],[-3.505928077769211,47.63902699656937],[-3.505922717594141,47.63887375830447],[-3.506036570617604,47.638930625135295],[-3.50600661738016,47.6390135814498],[-3.506260989081706,47.639017447147964],[-3.506505257775398,47.639157350492034],[-3.506575886862321,47.63929791404819],[-3.506580508955107,47.63911702368464],[-3.506166008218996,47.6388963058659],[-3.505781223669499,47.63880940243953],[-3.505811177142702,47.63872644617402],[-3.505575800833144,47.638549918829696],[-3.505381218241717,47.63848852540015],[-3.505334703911266,47.638545310931285],[-3.505168979994242,47.63839199053466],[-3.505110288939488,47.63845848711811],[-3.504865904899997,47.63842696690023],[-3.504936772818627,47.63835075932335],[-3.504386273409818,47.63811053029467],[-3.504212636354314,47.63811118751566],[-3.504295434704238,47.638242041485164],[-3.504521916133259,47.63845519387797],[-3.504681185990353,47.63844630637781],[-3.504437774973132,47.6385321418062],[-3.504601182850365,47.6387759083939],[-3.504501577101581,47.638835656072125],[-3.504408792127113,47.63873245426005],[-3.504350099750742,47.63879895044987],[-3.504503645771055,47.63896198304391],[-3.504442761665184,47.63901053836518],[-3.504140053614011,47.63872035464366],[-3.503948759173875,47.638685870209564],[-3.503915515717447,47.63874191461836],[-3.50371983866703,47.638671547967185],[-3.503643490297103,47.63870290247823],[-3.503793746826855,47.63883902462603],[-3.503733957890976,47.638896550041835],[-3.503537184871705,47.63881721262868],[-3.503475204420035,47.638856796985955],[-3.503356971841721,47.63876404579524],[-3.503357942186573,47.63888140232703],[-3.50308835922051,47.63864355768636],[-3.503009693448589,47.638765356919166],[-3.502444957568466,47.6384085026818],[-3.502354240874797,47.638431626258125],[-3.502330854786145,47.63856840450723],[-3.502594956584232,47.63876139854229],[-3.502136148114644,47.63861539175376],[-3.502136020368371,47.63872377782759],[-3.501727146296875,47.63843951052241],[-3.501577862585191,47.638420742263186],[-3.501627537958417,47.63849925576073],[-3.501541201954409,47.638558260635726],[-3.501285996471489,47.63832864200271],[-3.501384121788506,47.638585084824605],[-3.50129449959486,47.63861717806067],[-3.501022866747164,47.63825300155478],[-3.500822684203865,47.63825513417154],[-3.500916426382291,47.63847569543373],[-3.501007143773837,47.63845257297437],[-3.500954183763338,47.63834714774142],[-3.501301071161501,47.638671000973034],[-3.501395074550996,47.63867478967058],[-3.501430640357119,47.63852830086757],[-3.501593068022882,47.6386547151085],[-3.501608660047776,47.63856352971323],[-3.501751372153217,47.63852847504256],[-3.501848533047849,47.638667560896856],[-3.502146974423173,47.63881348259663],[-3.502232214749867,47.638745506805655],[-3.502557329753549,47.63878156067231],[-3.502719760858933,47.63890797333021],[-3.50280938268381,47.63887587900566],[-3.503278055650175,47.63910261731492],[-3.50339093591915,47.63904213020162],[-3.503390810720249,47.63915051625279],[-3.503700340367561,47.63927775253476],[-3.503802263589902,47.63912756042494],[-3.504011215103118,47.63919718636452],[-3.503988204884685,47.639008806748144],[-3.504126409939667,47.63904625340717],[-3.504186198620236,47.63898872779498],[-3.504238069887498,47.63908518107195],[-3.504369700591898,47.63906880470719],[-3.504555394752309,47.63916682223278],[-3.504688243966247,47.63905102991036],[-3.504578898187762,47.63892165752168],[-3.504733786050791,47.638876888138036],[-3.504553817300038,47.638606951004334],[-3.50465902430608,47.638483669461806],[-3.504867000756584,47.638435937353144],[-3.505298174199921,47.63857444439414],[-3.505638392826244,47.63895284809225],[-3.506277191994319,47.63936877578872],[-3.506013930195704,47.63940153266288],[-3.506270495972106,47.6394233392147]],[[-3.503709230355916,47.6392411301721],[-3.503511360459084,47.63915282226921],[-3.503517088567419,47.63898090247648],[-3.503709230355916,47.6392411301721]],[[-3.503069231315738,47.63892460400326],[-3.502863568684607,47.63888188777821],[-3.502414871861583,47.63859984417895],[-3.502756545179442,47.63866206854096],[-3.503069231315738,47.63892460400326]],[[-3.504597167821557,47.63841486833336],[-3.504525449318877,47.63826533305981],[-3.504649284557419,47.638294549273574],[-3.504597167821557,47.63841486833336]]]},"properties":{}},{"type":"Feature","geometry":{"type":"Polygon","coordinates":[[[-3.499915810803499,47.63914564105057],[-3.499922645530559,47.638982691930394],[-3.500183718840852,47.63893200778588],[-3.500327790809516,47.63868915322658],[-3.500462707100854,47.63869969274315],[-3.500711731724125,47.638550331982984],[-3.500663152801564,47.638480788590265],[-3.500877703931458,47.638486886536136],[-3.500682162520103,47.63830812869831],[-3.500467480997028,47.638410416482365],[-3.500418640053195,47.63855764515168],[-3.500015119538963,47.63842661039526],[-3.499993218791694,47.63824720041629],[-3.500255251948775,47.63831387268676],[-3.500276453085746,47.63815915384076],[-3.500450221514447,47.63805011636615],[-3.500233745265863,47.637809304409544],[-3.500322271661378,47.63776824147516],[-3.500271503819798,47.637680756893445],[-3.500520393198926,47.63763978259484],[-3.500415440773475,47.63754628820638],[-3.500498491075979,47.63746037263741],[-3.50013492728272,47.637218731584966],[-3.500181050850286,47.637487106526805],[-3.500047232706912,47.63748553718088],[-3.500159981460754,47.63753343927695],[-3.5001289248295,47.63760742364354],[-3.499828040875278,47.637660327956304],[-3.500049026815813,47.63782863656949],[-3.500131550887448,47.638176265719586],[-3.499929178553367,47.63816045580836],[-3.499973243970291,47.63830250361372],[-3.499771568559267,47.63862082217987],[-3.499786766134888,47.638854795235915],[-3.499635291972778,47.63881808350115],[-3.499757765656387,47.6390551065021],[-3.499915810803499,47.63914564105057]],[[-3.500207242255696,47.63868684392476],[-3.500113238929308,47.63868305427149],[-3.500115560905512,47.63859260919114],[-3.500207242255696,47.63868684392476]]]},"properties":{}},{"type":"Feature","geometry":{"type":"Polygon","coordinates":[[[-3.5007683175667,47.63748145113391],[-3.500742998682177,47.637383515865196],[-3.500399277001836,47.63719495842165],[-3.500307860786186,47.636883951433795],[-3.500132169424827,47.636758275408724],[-3.500302516963394,47.63673071274117],[-3.500228491063591,47.636671619877895],[-3.50044851026087,47.6367225711398],[-3.500279652410215,47.636433945959375],[-3.499809920656528,47.6361982247979],[-3.499615353272258,47.6361368216906],[-3.499555562859951,47.63619434504861],[-3.499392052620243,47.63605895729859],[-3.499121139023057,47.636028905090065],[-3.498648131679314,47.63576626765048],[-3.498414846249516,47.635716052896704],[-3.498382693544079,47.63578106634303],[-3.498047747740662,47.635664266038134],[-3.497567086938075,47.635338830454245],[-3.497857426384138,47.63574712834208],[-3.497799002222886,47.63559684887252],[-3.498470947634616,47.63595677722445],[-3.498945184831356,47.63611999966378],[-3.499048076221826,47.6360871681941],[-3.499735630810487,47.636355904020625],[-3.500045003547918,47.636591536361934],[-3.500056916698761,47.63679859811196],[-3.500231512969063,47.63691530374415],[-3.500216750838196,47.63723223185375],[-3.500508478062121,47.63743272098236],[-3.5007683175667,47.63748145113391]]]},"properties":{}},{"type":"Feature","geometry":{"type":"MultiPolygon","coordinates":[[[[-3.498110415430557,47.63595881371605],[-3.497694879657432,47.63572909495425],[-3.497562023540218,47.63584487952348],[-3.497580905362531,47.635780606134375],[-3.497503462956635,47.63580298614643],[-3.49717645611608,47.63553220460902],[-3.496946456488619,47.63550889853288],[-3.496840558561216,47.635298044034435],[-3.496493580955799,47.63508256326543],[-3.496495908909328,47.6349921180884],[-3.496217342036804,47.634899265295694],[-3.496092564993968,47.63475268325772],[-3.495784986963486,47.634860140206904],[-3.495697978578733,47.63458501146031],[-3.495317902008006,47.63431718299832],[-3.494923178863064,47.6342578948628],[-3.494647757770918,47.634300336303525],[-3.494571553422482,47.634223298645196],[-3.494622737612973,47.633985626903375],[-3.493757819837462,47.633248074606115],[-3.492536644254893,47.632656803691575],[-3.492273554893224,47.63258114331648],[-3.492314314439963,47.63269628262765],[-3.491878847968944,47.6325218448414],[-3.49189728988991,47.63278273146409],[-3.49177063122006,47.63273017808547],[-3.491759258439257,47.63263688382074],[-3.491651995147585,47.63263382651517],[-3.491788136703647,47.63254496028362],[-3.491709900846698,47.63234159306867],[-3.491839331678942,47.63230728955526],[-3.492059176682014,47.6324666431442],[-3.492109128697804,47.63232838810699],[-3.492300244996508,47.632471278452975],[-3.493372438987572,47.632827000328234],[-3.493686283538411,47.63299014590036],[-3.494099304747158,47.63341871082005],[-3.494605375989806,47.63373371144431],[-3.494568986816667,47.6336544552812],[-3.494812106244147,47.63378541288895],[-3.494941538583757,47.63375110596399],[-3.494965751001364,47.63384007210687],[-3.495138280147164,47.63383045806205],[-3.49499776446908,47.63388344587302],[-3.495052896516701,47.63400681518049],[-3.494911286195916,47.63405083231737],[-3.494987490788475,47.634127869760974],[-3.495165633439164,47.63405472218268],[-3.49533692753541,47.63414452360414],[-3.495453088872972,47.634110955692194],[-3.49579649199742,47.634516300600374],[-3.495797726857417,47.63441688485419],[-3.496012261094564,47.63442299174787],[-3.495883641212259,47.63468304299594],[-3.495953282412249,47.63470625645832],[-3.495994331939254,47.63460462178106],[-3.496290685517548,47.634624231349804],[-3.496740133580953,47.63513204213976],[-3.496721528443111,47.634979542876984],[-3.496897205917843,47.635105224146805],[-3.496938933532699,47.635337718494426],[-3.497064946789716,47.635384883874245],[-3.496939071825046,47.63522933223636],[-3.49717016474227,47.635261608870216],[-3.497593219669166,47.63566250953718],[-3.497956897580226,47.63579577246653],[-3.498110415430557,47.63595881371605]],[[-3.497510167487513,47.63574842312084],[-3.497279485062845,47.635390988437734],[-3.497334486452184,47.635622742814625],[-3.497510167487513,47.63574842312084]]],[[[-3.49168583469092,47.632695745015106],[-3.491597518487906,47.632844585311965],[-3.49147713289033,47.63273388060391],[-3.491530367150054,47.63262253764946],[-3.491129100181654,47.63250941301067],[-3.491203260166784,47.632460125360296],[-3.491137054308451,47.63235543445543],[-3.490919248777008,47.63232240676663],[-3.490955481186928,47.632510050530286],[-3.490526731910577,47.63228104493945],[-3.490547656325735,47.632343100219025],[-3.490339842499784,47.632282420571805],[-3.490219156918569,47.632388487371635],[-3.490071139656031,47.632270288553485],[-3.489796818160876,47.632321689220994],[-3.489810242090762,47.63221256385649],[-3.489447548574701,47.63219663237187],[-3.489397896984525,47.6321181134403],[-3.489296100420864,47.63215990710593],[-3.489337946343293,47.63228401810793],[-3.488961042743556,47.63215146695777],[-3.488872362259233,47.6323009078204],[-3.488600535883267,47.63215347410508],[-3.488510916803666,47.63218555764118],[-3.488553698597192,47.63242702596764],[-3.48826095070319,47.632217535832986],[-3.48822878773744,47.63228254660186],[-3.488091704262652,47.632254051645326],[-3.487986471271785,47.63237731866373],[-3.4877457176635,47.63215590162133],[-3.487697940196959,47.63231209608925],[-3.487631741397765,47.63220740318987],[-3.487771324021689,47.63203706712566],[-3.487899350492925,47.632210570178955],[-3.487868906776273,47.63185100578181],[-3.488158216253348,47.632141971447524],[-3.488339640479499,47.63209574612019],[-3.488497490224075,47.63229468285788],[-3.488423950274495,47.63191042309762],[-3.488524654069915,47.631859659550145],[-3.488628481489292,47.63194419425955],[-3.4886882789164,47.631886676368026],[-3.489015374732402,47.632049095747576],[-3.488828640848263,47.63194208253],[-3.488848934259869,47.63167000816775],[-3.488928560374934,47.63166557511242],[-3.489064241174742,47.63190187135093],[-3.489011311254053,47.63179644034795],[-3.489194765728891,47.63187654139125],[-3.489255655567141,47.63182799383771],[-3.489134184045059,47.63170831602664],[-3.489205065503076,47.63163211772895],[-3.489227081217046,47.63170314389674],[-3.489389612821394,47.63172118910389],[-3.489599303314906,47.632016584588875],[-3.489704378895146,47.63200170253066],[-3.489729674972111,47.63209964046342],[-3.489819293174846,47.6320675559909],[-3.489784158246906,47.63188888245661],[-3.490028503440049,47.6319204343283],[-3.490081435492948,47.632025864863635],[-3.489931080601678,47.63199811103902],[-3.489937639894445,47.632051934774395],[-3.490038190220127,47.632109556356134],[-3.490288154750048,47.632077574359606],[-3.490338900898294,47.63216506353257],[-3.490352323680496,47.63205593809694],[-3.490776546152448,47.632357448317876],[-3.490783257127213,47.632302885581296],[-3.490856173132938,47.63235301395017],[-3.490866314775102,47.63221697662709],[-3.491152662356191,47.632264250159054],[-3.490994953159825,47.631956930572],[-3.491261317948116,47.63205950568128],[-3.491394823143745,47.632277857946754],[-3.491256494724789,47.63234878251493],[-3.491363757420971,47.632351840184086],[-3.491461973484059,47.63249990572673],[-3.491551591317517,47.6324678199319],[-3.491615462014144,47.632662955788575],[-3.49168583469092,47.632695745015106]]]]},"properties":{}},{"type":"Feature","geometry":{"type":"Polygon","coordinates":[[[-3.483293927454114,47.6341105553229],[-3.483386234650007,47.6337712582213],[-3.483647628725339,47.633503838224435],[-3.483697768676819,47.633257200507494],[-3.484003506428333,47.632915061212685],[-3.48394277525064,47.63285521962688],[-3.484097662813339,47.632810477462144],[-3.484116724099681,47.63263781976253],[-3.484240535106051,47.63266705769279],[-3.484256155026829,47.63257587433289],[-3.484448507144932,47.632619361789985],[-3.484667565431521,47.63255298581492],[-3.484755932057773,47.63262032095944],[-3.485099893662292,47.63259215209501],[-3.485373290382415,47.63242340540117],[-3.485632930433322,47.63258055573863],[-3.48581872847393,47.63257021697831],[-3.485787976711568,47.632427424925766],[-3.485908671186358,47.63232136270614],[-3.486181583575414,47.632477773328006],[-3.486374096647862,47.632412871214406],[-3.486860285169022,47.63267482019131],[-3.486538814754929,47.63244886168925],[-3.486584251108412,47.63238311281156],[-3.486726797531291,47.63245646278867],[-3.486749128242653,47.6323107165819],[-3.486835311690121,47.63236010886033],[-3.486751790530216,47.63200349862437],[-3.487066861068816,47.63206724627833],[-3.487302147568726,47.6322438114997],[-3.487375375634739,47.63207716920374],[-3.487448288131438,47.63212729970559],[-3.487419717848756,47.632002449341876],[-3.487595520878212,47.63201975836613],[-3.487689354512456,47.632131944530336],[-3.487665469229057,47.63182620393307],[-3.487313864513833,47.6317915858269],[-3.487385841461894,47.63172435928486],[-3.487269838163355,47.63164953276994],[-3.487309177759615,47.63197247610884],[-3.487145395176985,47.63205384379014],[-3.486985365751458,47.63183696389875],[-3.486931030085081,47.63193933417598],[-3.486832827622774,47.631791264781235],[-3.486718851254841,47.631842765468754],[-3.48652103689989,47.631754428454464],[-3.486459985095696,47.631911361021174],[-3.486718374140728,47.63216792475516],[-3.486625475916751,47.632173094888785],[-3.486473096672548,47.63201900888461],[-3.486543504161791,47.63226797148273],[-3.486214229342795,47.63208760388617],[-3.486222970086584,47.632159369141135],[-3.486043889350454,47.6321151460771],[-3.486038266118058,47.63217867920494],[-3.485842475885292,47.632216668793305],[-3.485671203951473,47.632126853361356],[-3.485555971863875,47.63227776865872],[-3.485286339639527,47.632148268555795],[-3.485101635370573,47.632167577138745],[-3.485044948519804,47.63236039159754],[-3.484914583515804,47.63227733050599],[-3.48463479536429,47.63228386571002],[-3.484651506830396,47.63220165295053],[-3.484846042651545,47.63226308110328],[-3.485024517932778,47.63197317607553],[-3.484831075318282,47.63192071888162],[-3.484703825589709,47.631972955980345],[-3.484788751291498,47.63212176552825],[-3.484638398882518,47.63209400489283],[-3.484638235619661,47.632202391310756],[-3.484554239087739,47.63217093875194],[-3.484032891683521,47.63249798044134],[-3.483802415989588,47.632799807620486],[-3.48366314919616,47.63275336612176],[-3.483508261434956,47.632798107711686],[-3.483621481430666,47.632520866724775],[-3.483412416906098,47.63255959047658],[-3.483361447002348,47.63334815998044],[-3.48286410613092,47.633872551122785],[-3.482862847192519,47.6339719667589],[-3.483293927454114,47.6341105553229]]]},"properties":{}},{"type":"Feature","geometry":{"type":"Polygon","coordinates":[[[-3.483752010081217,47.63249554285472],[-3.483633991174883,47.63229438499644],[-3.483383095335129,47.63220899565852],[-3.483641966891939,47.632140406935136],[-3.483895047232521,47.632243737076266],[-3.48422513569112,47.63188217911],[-3.484152390805197,47.631723660152105],[-3.484495745308249,47.63136136301869],[-3.484768974639508,47.631301004100074],[-3.485058589051955,47.631375204614145],[-3.485388179047601,47.63133880261806],[-3.485497785804458,47.631251420545276],[-3.485440493804759,47.63111010521603],[-3.485582104132785,47.631066099493076],[-3.48582065883213,47.631269579790114],[-3.486168981436607,47.63127729041648],[-3.486257667789103,47.63112785152717],[-3.486004748650482,47.63091613995931],[-3.486126371590694,47.630927434588095],[-3.48616775722913,47.63060903016586],[-3.486286714623963,47.63092754279315],[-3.486444712853875,47.6310180959442],[-3.486671410601919,47.631014510776644],[-3.486638472178917,47.63085377751629],[-3.486707011711963,47.63086802587768],[-3.486733712416261,47.63075816218907],[-3.486574940494014,47.63044186573639],[-3.48646221891339,47.6303939503547],[-3.486540750711419,47.63038054826142],[-3.486472371381887,47.63025791327567],[-3.486281118689235,47.630223399763175],[-3.486368550657386,47.63017337657632],[-3.485999637914557,47.62988683729987],[-3.486127973932605,47.62984356940165],[-3.486048510695313,47.62973961400052],[-3.486181216467807,47.62973222871892],[-3.48606084912349,47.62962151825149],[-3.485979040816374,47.62960800801532],[-3.485995428376034,47.629742568070945],[-3.485847267003724,47.62973275029745],[-3.48587473990472,47.62984863052144],[-3.486052399608041,47.63010065630883],[-3.486145294280603,47.630095486625414],[-3.48611313001675,47.630160496883],[-3.486208209889455,47.63017326848354],[-3.486341529896794,47.63050001325183],[-3.486279546352026,47.63053958865604],[-3.486179003041544,47.630481963792384],[-3.486163387018354,47.63057314750798],[-3.486038487285374,47.630534940918174],[-3.48608360198011,47.630685965185776],[-3.485988521223946,47.63067319348718],[-3.485973836796725,47.63088173432747],[-3.48561880073425,47.630928585598056],[-3.485636280264593,47.631072116279725],[-3.485451903061269,47.63087465245815],[-3.485415206066899,47.631012166304565],[-3.485240499468731,47.63100382466128],[-3.485276872982923,47.631083083838156],[-3.485175237336024,47.63101648745591],[-3.485072347188597,47.631049306792995],[-3.485026747637213,47.63122344160119],[-3.48450513774698,47.63099958254951],[-3.484464997781643,47.63121857052872],[-3.484231745575214,47.63116832733565],[-3.484056874210351,47.63126837039247],[-3.48395742412099,47.63121971431965],[-3.483947100395721,47.63146413757079],[-3.483814225073941,47.6315799067593],[-3.483701503568308,47.631531988741784],[-3.483692270771964,47.631785382612954],[-3.483517396374303,47.631885424830294],[-3.4827720275131,47.63190882209175],[-3.482260835302063,47.632099819288044],[-3.482438485434143,47.632351850278624],[-3.482961691933133,47.632259529886596],[-3.483203684433219,47.63238154105995],[-3.483359663357738,47.63234577054681],[-3.483329678571569,47.63242872132683],[-3.483485657549526,47.63239295064635],[-3.483752010081217,47.63249554285472]],[[-3.483530336497766,47.6321014594474],[-3.483413245665348,47.63201765843489],[-3.483614663,47.63191613989674],[-3.48373393827165,47.63201788207304],[-3.483530336497766,47.6321014594474]],[[-3.486449402453947,47.63083720560781],[-3.486339957909302,47.63081620210038],[-3.486337932544272,47.630689874277806],[-3.486449402453947,47.63083720560781]]]},"properties":{}},{"type":"Feature","geometry":{"type":"MultiPolygon","coordinates":[[[[-3.486448493907912,47.629952172133784],[-3.486192141863604,47.629821935399306],[-3.486268647725046,47.62968220559417],[-3.486135169991609,47.62946384717808],[-3.486272245256099,47.62949234447162],[-3.486219483283254,47.62927852549484],[-3.486325646968188,47.629272617124826],[-3.486326899346302,47.6291732012102],[-3.486129415984687,47.6288680902156],[-3.486091504146828,47.62883978359444],[-3.486184842580657,47.62877469082168],[-3.486074309869263,47.628744716370186],[-3.485753188427277,47.628301981989765],[-3.485913523573243,47.62830209070722],[-3.486234646345749,47.628744824646844],[-3.486306620544661,47.62867759866407],[-3.486179540114362,47.62862145084325],[-3.486030770604375,47.6282775027409],[-3.486330362992736,47.628324049669615],[-3.486519264347123,47.628449008422734],[-3.486453846076278,47.62857005857211],[-3.486598726579917,47.6285529635728],[-3.486797920102363,47.629201174941244],[-3.486759042472591,47.629320747999756],[-3.486560144806369,47.62922344027145],[-3.486514711112786,47.629289189247],[-3.486600889464776,47.629338581775414],[-3.486418380533707,47.629375833800445],[-3.486608378421175,47.629509763008805],[-3.486536403480218,47.629576989148646],[-3.486625860147855,47.629653293647486],[-3.486461150609,47.62961730324345],[-3.486455368570752,47.629789223028745],[-3.486299399191693,47.62982499772258],[-3.486451931244578,47.62987069758303],[-3.486448493907912,47.629952172133784]],[[-3.48647631135141,47.629083602457314],[-3.486622604288497,47.628858704904644],[-3.486385149856607,47.62866419666355],[-3.486206853097284,47.62884571766338],[-3.48647631135141,47.629083602457314]]],[[[-3.486064421174635,47.62881956224751],[-3.485600338860207,47.62847305444173],[-3.485535079907061,47.62848571745395],[-3.485748174694497,47.628699645771654],[-3.485529295008718,47.62865763729374],[-3.485515093759299,47.62854101845763],[-3.485390199245314,47.62850281113458],[-3.485500569570653,47.6286411728555],[-3.485335863913647,47.62860518084597],[-3.485277158914227,47.62867166780045],[-3.485077011678468,47.62867377344827],[-3.484641764921269,47.628390921696784],[-3.484691079759247,47.62868621603623],[-3.484507479490139,47.62871449440119],[-3.484310772588733,47.62863512419051],[-3.484148416345278,47.62850868527045],[-3.484304547249034,47.6283645267983],[-3.484132362377836,47.628157351601374],[-3.484185607393671,47.62804601173147],[-3.484098341211254,47.62798764669245],[-3.484042911781698,47.628081045134174],[-3.483834524482557,47.627686223112065],[-3.483645632112522,47.62756125996816],[-3.483878044041859,47.62815343770222],[-3.483612639673076,47.62816820289353],[-3.483440458120608,47.6279610266557],[-3.483253583653135,47.62796239095417],[-3.483246865527429,47.62801695338013],[-3.483011444520027,47.62794876625951],[-3.483039835826117,47.62818200460287],[-3.482928047426109,47.628251443096694],[-3.483002967897192,47.62842790450922],[-3.482871356882743,47.62844425689032],[-3.482790810131467,47.62833132849244],[-3.48277032006531,47.628711788880764],[-3.482673227006928,47.62857268644836],[-3.482538339828102,47.628562126333605],[-3.48257781595955,47.62877668517932],[-3.482503653127921,47.62882596744734],[-3.48206463786816,47.628841353817606],[-3.481928827080623,47.628713435686116],[-3.481637801019652,47.62884702980366],[-3.481320742559376,47.62865693935919],[-3.481327122783464,47.62881915027303],[-3.481026269741142,47.62887200640201],[-3.480875178602961,47.62861849694755],[-3.480645387247951,47.62848677208127],[-3.480660434489999,47.62806145838415],[-3.48058299619067,47.628083827268455],[-3.480520091241583,47.62800604229694],[-3.480491196028371,47.628097963262896],[-3.480479189022069,47.6279992852402],[-3.480280307728354,47.62790196675296],[-3.480160875895517,47.627908607485985],[-3.480094352387975,47.62802068337462],[-3.48002817382418,47.627915985935],[-3.480255030978176,47.627804026562565],[-3.480308455769964,47.62758430177602],[-3.480473154886831,47.62762030089329],[-3.480450637249272,47.62787443290657],[-3.480532784672373,47.62767117371386],[-3.480670943912222,47.62770864833715],[-3.48093003484744,47.628190969437355],[-3.480873508046999,47.6282753956411],[-3.480982945230912,47.6282964042976],[-3.480934059800299,47.62844362558684],[-3.481124961887152,47.62869492110977],[-3.481226758240049,47.62865313449015],[-3.481136389663269,47.62845946848034],[-3.481363076900895,47.628455893609775],[-3.481333431122101,47.628322070801474],[-3.48144269884272,47.628451465649775],[-3.481517953860378,47.62841115476385],[-3.481808470853607,47.62860272077884],[-3.481912450088323,47.628578874988754],[-3.481538113646885,47.628247467811796],[-3.481763539104213,47.62834330807442],[-3.481809146840573,47.62816917428144],[-3.481958394926298,47.628187967899656],[-3.482081857545495,47.628433981440836],[-3.482270749342914,47.62855894705735],[-3.482245636739517,47.62835262070705],[-3.482422517948226,47.628378908260345],[-3.4824603127239,47.62825036587734],[-3.482615945360196,47.628431369538596],[-3.482693383311761,47.628408999310565],[-3.482661717655531,47.628148848784924],[-3.482798787688643,47.6281773501738],[-3.482740414208961,47.62802706258847],[-3.482839857240753,47.62807571977753],[-3.482865472563237,47.62795688610725],[-3.482974909878098,47.62797789290094],[-3.482996323580144,47.627714789707326],[-3.483112145988541,47.62789800727434],[-3.483221749406038,47.62781062718208],[-3.483407365561755,47.62790867888762],[-3.483432979540685,47.62778984508268],[-3.48351134273023,47.62788483166572],[-3.483573325244624,47.62784525767621],[-3.483602976374077,47.627979079948865],[-3.483774396523826,47.62796051195748],[-3.483500918913256,47.62746996463851],[-3.483561808903221,47.62742141994261],[-3.483689975795984,47.62748654134806],[-3.483695601329061,47.6274230081795],[-3.483982350641857,47.6279128167687],[-3.484086327561513,47.62788896903503],[-3.484202318224852,47.627963798856456],[-3.484443639503105,47.62851935426127],[-3.484557610969852,47.62846785570536],[-3.484512502467326,47.62831683067564],[-3.484634119169251,47.628328126873235],[-3.484598840728197,47.6282578380735],[-3.484919185389569,47.62847483171706],[-3.484802426168385,47.62817425867109],[-3.485194422034296,47.628540799708844],[-3.485080775733295,47.628375525637125],[-3.48519895354085,47.628468295819054],[-3.485287476008993,47.628427244079624],[-3.485256404062569,47.6285012248396],[-3.48535273494939,47.62841458120537],[-3.485585814850002,47.6285732088537],[-3.485345088357596,47.62835178642911],[-3.485327610501047,47.62820825550244],[-3.485470305609898,47.62817322053263],[-3.486064421174635,47.62881956224751]],[[-3.480909531572286,47.62857142952668],[-3.480921881100004,47.628453334249556],[-3.480847717188788,47.628502615474446],[-3.480909531572286,47.62857142952668]],[[-3.481588164033575,47.6287685074173],[-3.481697771733234,47.62868112879423],[-3.48159160871264,47.628687032959974],[-3.481588164033575,47.6287685074173]],[[-3.484330923895544,47.628471436775456],[-3.484392906483468,47.628431862363],[-3.484295645759024,47.628401147889335],[-3.484330923895544,47.628471436775456]],[[-3.485066088391744,47.62858406661048],[-3.485126978229145,47.62853552112655],[-3.484953534700519,47.62842776310343],[-3.485066088391744,47.62858406661048]]]]},"properties":{}},{"type":"Feature","geometry":{"type":"Polygon","coordinates":[[[-3.473955851114982,47.62763932063774],[-3.47392513392735,47.62749652510066],[-3.474062567065187,47.62730826341747],[-3.474200720822936,47.627345745700616],[-3.474099106111593,47.62727913955374],[-3.474247258511244,47.62728897224068],[-3.474309431421918,47.62714101647568],[-3.474543747219215,47.627200250374116],[-3.474448859371102,47.62707908257661],[-3.474465584895452,47.62699687105422],[-3.47455174839657,47.62704627252981],[-3.474549751072307,47.62691994425869],[-3.474851506981274,47.626984462240124],[-3.474451776119168,47.626663477367615],[-3.474382877118114,47.626865995192965],[-3.474245814946632,47.62683748390924],[-3.474333974794732,47.627013213827986],[-3.474232176173806,47.62705499447587],[-3.474117291916658,47.62698912551332],[-3.474150190251654,47.62714986262265],[-3.473950233234505,47.62704356252212],[-3.473780808118516,47.62718844437979],[-3.473849154357419,47.627311086987405],[-3.473707544320056,47.627355078571625],[-3.473955851114982,47.62763932063774]]]},"properties":{}},{"type":"Feature","geometry":{"type":"Polygon","coordinates":[[[-3.47675550172765,47.6277005222497],[-3.476619886096036,47.627464211205435],[-3.476765857655159,47.62745609916063],[-3.476851470281494,47.62717136813471],[-3.476731128062562,47.62706064790814],[-3.476854922087171,47.62708989375017],[-3.476848555659879,47.62692768244777],[-3.477241557355074,47.6266439302314],[-3.477454789384043,47.626749487174656],[-3.478196671983224,47.62746688910591],[-3.478367001190557,47.627439358291724],[-3.478304100230122,47.627361572101044],[-3.478629129721901,47.62739769276493],[-3.478791819752379,47.627307366080345],[-3.478773443774549,47.62704647665528],[-3.47862856485439,47.62706356196191],[-3.478651655830221,47.62714356104042],[-3.478561123565195,47.627058279584595],[-3.478416244545046,47.627075364627764],[-3.478203571515848,47.62730394027863],[-3.478109942808572,47.62708335952772],[-3.478198821076409,47.62682553973129],[-3.478056124798285,47.62686056584229],[-3.47771544234486,47.62625633525692],[-3.477641278525886,47.626305614501696],[-3.47773071699562,47.62638192594079],[-3.477762003156066,47.626858851458834],[-3.477607305075761,47.62679519865654],[-3.477410971349713,47.6264990433135],[-3.477134485421307,47.62653247286829],[-3.476994328619591,47.62636866577428],[-3.477051414519845,47.626618372309636],[-3.476931073132882,47.62650765225753],[-3.476823823008537,47.626504581326955],[-3.476885450903258,47.62668178429458],[-3.476699850994162,47.62658372216356],[-3.476844192014999,47.6268917993734],[-3.47664532147476,47.62679447464165],[-3.476641689884636,47.62698433573033],[-3.476469179539601,47.626993922491714],[-3.476582975839146,47.62705081837049],[-3.476462274752595,47.62715687124255],[-3.476572439527198,47.627403628168786],[-3.476391021060372,47.62744983533225],[-3.476323759635703,47.627336164992315],[-3.476307036866876,47.62741837676639],[-3.476184333190413,47.627398101121194],[-3.476070717219979,47.627232818187075],[-3.475998732078709,47.627300037912285],[-3.476101439995491,47.62737561317928],[-3.475848397823194,47.627272265894526],[-3.47581840421472,47.62735521496331],[-3.475720059655895,47.62731552255602],[-3.475781866054297,47.62738433936371],[-3.475682430744483,47.62733567614878],[-3.475582813980919,47.62739539952133],[-3.475467200376388,47.62710378775845],[-3.475130177927717,47.626968979665925],[-3.475072010030706,47.62671030145071],[-3.474884049151584,47.62670268157393],[-3.474886771745544,47.62705475402934],[-3.475051282858163,47.627199147484475],[-3.475059282571334,47.62704516960532],[-3.475124359682835,47.62714089912331],[-3.475269239934349,47.627123818163795],[-3.475614626261878,47.62754716540708],[-3.475865668823579,47.627524184974355],[-3.475928928288918,47.62738519914084],[-3.476218328820702,47.62756780838582],[-3.476292495706966,47.62751853007658],[-3.476405022119372,47.62767484200147],[-3.47675550172765,47.6277005222497]]]},"properties":{}},{"type":"Feature","geometry":{"type":"Polygon","coordinates":[[[-3.473767352682943,47.6272975681829],[-3.473219661057153,47.6268583591542],[-3.473279469389134,47.62680084900055],[-3.473132782023354,47.626583212475914],[-3.473013352252378,47.62658984590531],[-3.472975348976431,47.62682677204167],[-3.472476387766303,47.62634872803545],[-3.472370604673384,47.62613785036852],[-3.472182457660331,47.626238612874964],[-3.471930518534669,47.62614422785803],[-3.472015064770364,47.62585052936576],[-3.471854737018703,47.62585040157063],[-3.471803648563134,47.62597967758428],[-3.471889807958838,47.626029081049346],[-3.471740380022668,47.626118661284046],[-3.471549721148195,47.625758963339855],[-3.471253235469421,47.62584767767246],[-3.471114569840392,47.6254760607633],[-3.471028412054749,47.62542665671233],[-3.470887894572397,47.625479615750315],[-3.470942771167132,47.62571138372525],[-3.470759173849443,47.62573964052356],[-3.470888219809607,47.62592213360977],[-3.471089637961908,47.62582063634975],[-3.471380103430549,47.626012228555226],[-3.471517351837873,47.62593235647127],[-3.471656400664384,47.62608719935284],[-3.471613131316626,47.626170884278466],[-3.471825260271154,47.62626748070368],[-3.471780900993448,47.626342194865614],[-3.47189360083798,47.62639012451367],[-3.471942509320824,47.62624290685317],[-3.472280797604582,47.62627830828273],[-3.472303878727558,47.62635830864819],[-3.472362597340635,47.626291828135386],[-3.472670138060132,47.62684372348275],[-3.472813928058478,47.62681767475809],[-3.473106585710757,47.62702720418323],[-3.473241653531992,47.626929388508124],[-3.473328719902058,47.627096148375884],[-3.473661191537396,47.62730346514517],[-3.473767352682943,47.6272975681829]],[[-3.471002389737329,47.62576226146073],[-3.470942962217689,47.62560299696533],[-3.471103098499069,47.625711512772185],[-3.471002389737329,47.62576226146073]]]},"properties":{}},{"type":"Feature","geometry":{"type":"Polygon","coordinates":[[[-3.470407428058603,47.625813358176615],[-3.470525766589619,47.62579775657636],[-3.470518137814444,47.62573496074596],[-3.47064410505146,47.62578215485609],[-3.4706686565748,47.6256543528893],[-3.47077135377885,47.62572993290691],[-3.470676477107175,47.62560876195328],[-3.470723208525508,47.62544360307828],[-3.470555959383499,47.62560642204118],[-3.470362554062113,47.62555394071664],[-3.470129213641309,47.6249527644666],[-3.470013249249673,47.624877920555654],[-3.469952349841018,47.624926458251664],[-3.469848758918206,47.62473351983264],[-3.469785680162323,47.62476411575775],[-3.469736064407081,47.624685588170735],[-3.469661895404653,47.62473486238865],[-3.469541887662289,47.625066652674334],[-3.469567531143109,47.62494782173781],[-3.469477912723962,47.62497989079045],[-3.46953009549458,47.62485958657398],[-3.469389966420294,47.624695770215],[-3.469310154719258,47.62480857677541],[-3.469022776932738,47.62475227867053],[-3.468965535522608,47.62461095479084],[-3.4690573327395,47.6245968278293],[-3.469058617167247,47.62449741186276],[-3.468919189707659,47.62455933940978],[-3.468741433822795,47.62441567367952],[-3.468692322570083,47.624671276952164],[-3.46859725669003,47.624658491058575],[-3.46852129966743,47.62447304920919],[-3.468540910050231,47.6246345246367],[-3.46840950015092,47.624542473939805],[-3.468322953643963,47.6247098414987],[-3.468324239442089,47.62461042554603],[-3.46825224808295,47.62467764058765],[-3.468170648537163,47.62455573103148],[-3.467993589982842,47.62463780866034],[-3.467915259172977,47.62454281150983],[-3.467754935358923,47.62454267808708],[-3.467824748471406,47.62445752161921],[-3.467615704070966,47.62449621726029],[-3.467601740892465,47.624271209170765],[-3.467499050982342,47.62419562630966],[-3.467260200694408,47.62420888154185],[-3.467079874241268,47.62426404518956],[-3.467140576740518,47.62432389580571],[-3.46698134278646,47.62433273219215],[-3.466998278005028,47.62414213478843],[-3.466839044569585,47.62415097098171],[-3.466916682141471,47.62402022432265],[-3.466731109799606,47.62392214621798],[-3.466600594040814,47.62394745118062],[-3.466626443339177,47.62372023396386],[-3.466456320098444,47.623639360848216],[-3.466488993214866,47.62390848724453],[-3.466398285596436,47.62393158307239],[-3.466390261368088,47.62408556060417],[-3.466264301895372,47.624038361865324],[-3.466163390941245,47.62419749326169],[-3.466340938771912,47.624449549754075],[-3.466496905815744,47.62441380161135],[-3.466427290857,47.62439057046748],[-3.466524934023433,47.624204526226926],[-3.46668832458192,47.62433996079484],[-3.46681448456935,47.62427877224222],[-3.466909350110962,47.62439994641565],[-3.46677100958075,47.62447084227401],[-3.467024020898544,47.62457420937191],[-3.467039667858783,47.62448302793579],[-3.467189989675706,47.62451081133046],[-3.467168204959693,47.62433139392437],[-3.467454687371408,47.62427033890812],[-3.46751539029804,47.62433018932927],[-3.467397945168264,47.62446314558357],[-3.467560447344058,47.62448122122937],[-3.467501328673834,47.62476447300998],[-3.467734932268737,47.62459797615942],[-3.467806529342838,47.6247475350569],[-3.467953584184171,47.62474840487636],[-3.468074992379495,47.624868105137274],[-3.468186793013014,47.62479868073848],[-3.468300379391757,47.6249639715475],[-3.468449809868213,47.624874395660484],[-3.468609938895733,47.6249829149261],[-3.468586863903341,47.62490291377415],[-3.468852256189141,47.62488818269904],[-3.46877937104543,47.62483804040454],[-3.468967519545515,47.624737283307255],[-3.469034567108884,47.62495934483352],[-3.469255792312537,47.62491093919953],[-3.469362844543272,47.62502240387735],[-3.469420475726161,47.62494695395043],[-3.469615669750469,47.62523415211582],[-3.469722020755342,47.625119872039235],[-3.469698047941215,47.62492251347279],[-3.469779844945561,47.62493603514364],[-3.470255498677968,47.62544247698557],[-3.470287102267401,47.62570263123385],[-3.470407428058603,47.625813358176615]]]},"properties":{}},{"type":"Feature","geometry":{"type":"Polygon","coordinates":[[[-3.438800895042462,47.62526994528731],[-3.438804404799756,47.62518847195691],[-3.438921666670103,47.62516393124167],[-3.43887318044203,47.62509436169667],[-3.438991526586063,47.625078792040775],[-3.438920009802453,47.62492921551552],[-3.439009390601989,47.62500555664898],[-3.439122569503238,47.62483674446836],[-3.439439964986637,47.62481017631773],[-3.439675825525517,47.624661677855414],[-3.439430458791921,47.62462104942135],[-3.439439135417035,47.62469281844053],[-3.439327552864657,47.62465382856895],[-3.43932729762595,47.624762215321404],[-3.439220053183791,47.62475910986047],[-3.439276642129548,47.62467470367294],[-3.439167228799203,47.62465365590567],[-3.438948146389026,47.62471994681693],[-3.439314793433841,47.62443778825987],[-3.43926413826579,47.62435027659137],[-3.439647304715931,47.624094297123015],[-3.439620189769335,47.623870018906445],[-3.439498592768845,47.62385867581775],[-3.439544334533545,47.623684558150096],[-3.439307648680692,47.62371569848439],[-3.439230454799122,47.62362965319122],[-3.439519134520166,47.62358660894497],[-3.439545928690952,47.6234767556499],[-3.43937450758234,47.623495258773865],[-3.43947224338533,47.623309237074466],[-3.439115047939551,47.623338004912945],[-3.439218206914582,47.62319683909699],[-3.439057887225156,47.6231966662835],[-3.438981778967279,47.62311959194101],[-3.438991539219028,47.623200332187174],[-3.43883230396714,47.623209130202234],[-3.438804424017158,47.62331001220928],[-3.438680659617965,47.62328072598664],[-3.438477848098634,47.623481583163404],[-3.438485438861672,47.623544381154076],[-3.438646844016611,47.62355352589314],[-3.438581323203056,47.62367454951447],[-3.438675039145751,47.62378677551064],[-3.438766842954515,47.62377267235051],[-3.438770668019491,47.6240253304915],[-3.438608176990619,47.62400721478773],[-3.438552101315393,47.62387484709804],[-3.438402109252081,47.62418115834628],[-3.438307308814092,47.624059961013316],[-3.43821550438987,47.62407406381014],[-3.438289701494337,47.62402480954809],[-3.438185711659932,47.6240486165589],[-3.438266672356387,47.623944802372584],[-3.438000192017673,47.623950492813734],[-3.437901623732014,47.62401915529121],[-3.438008092868488,47.62434742230008],[-3.438135112433859,47.62440362264148],[-3.438063909888178,47.62458817697819],[-3.438218039420245,47.624868655710934],[-3.438163359732639,47.62507939038499],[-3.438286043623914,47.62509970599269],[-3.438178798564321,47.62509659957624],[-3.438114359163304,47.62522659397603],[-3.438201570540573,47.62528499344253],[-3.438391947144062,47.62520222790153],[-3.438647332500073,47.62521521197222],[-3.438778120957513,47.62508155153639],[-3.438800895042462,47.62526994528731]],[[-3.4387729549461,47.624928309142135],[-3.438662456841128,47.62489828977234],[-3.438663797881641,47.62479887416284],[-3.438869354815265,47.62484170369794],[-3.4387729549461,47.624928309142135]],[[-3.438781709836678,47.62356413671811],[-3.438669045697186,47.6235161750561],[-3.438839382662948,47.62348870182943],[-3.438781709836678,47.62356413671811]],[[-3.438877022767778,47.62346856006791],[-3.438843976697857,47.6234161995619],[-3.438986689479455,47.62338122129723],[-3.438877022767778,47.62346856006791]]]},"properties":{}},{"type":"Feature","geometry":{"type":"Polygon","coordinates":[[[-3.430700180363051,47.621021103650094],[-3.430763549696489,47.62088214183511],[-3.43088297193147,47.620875551586764],[-3.430829622913261,47.620986867544616],[-3.430971251370334,47.620942927806084],[-3.430986958841276,47.62085175103913],[-3.431263444199282,47.62081843062797],[-3.43074513799581,47.620729630998284],[-3.431134546043221,47.62063589330783],[-3.43128592145407,47.62067269418612],[-3.431449754217125,47.6205914043665],[-3.431486583045147,47.62045390676791],[-3.431275633325765,47.620366208029715],[-3.431472502033308,47.62033728089671],[-3.431517183800812,47.62015419483679],[-3.431394513850625,47.62013387206775],[-3.431717029976524,47.61981804873771],[-3.431576759228604,47.619762573621074],[-3.431639041620669,47.61961464001786],[-3.431330880958665,47.61949618280856],[-3.431437302472047,47.61938193726813],[-3.431415640002981,47.61920251273955],[-3.431178701467446,47.618899504298945],[-3.431053868424075,47.61886123869768],[-3.431159745680792,47.618963767491984],[-3.431035995551145,47.618934473103444],[-3.431018122629181,47.619007707503684],[-3.430883542216849,47.618888700635104],[-3.430591632010003,47.61890480993334],[-3.430495775715471,47.618774634695825],[-3.430403978316672,47.61878873139094],[-3.430473297102896,47.61892037112745],[-3.430268852625011,47.61888649792521],[-3.4302122555736,47.618970899998814],[-3.430238519252404,47.61907782268182],[-3.430372289152133,47.61907947200305],[-3.430274802976847,47.61915709945234],[-3.430275338725169,47.61938284475884],[-3.430206829015209,47.61936856320595],[-3.430438349290928,47.619626717375766],[-3.430279659060628,47.61986124899699],[-3.430367662654879,47.62003701270263],[-3.430176482896315,47.62000240715895],[-3.430145065632229,47.62018476054791],[-3.430044328375623,47.62023547405904],[-3.430090358875566,47.62039549194859],[-3.430200842840046,47.62042551949721],[-3.430231986372239,47.6203515530932],[-3.430319181162815,47.62040995859116],[-3.430240649937657,47.62042332295261],[-3.430317824693343,47.620509374328456],[-3.430175113909882,47.62054434205213],[-3.430434533640493,47.62070161599733],[-3.430248492573857,47.62082025368106],[-3.430135841891741,47.62077228372051],[-3.430021834383418,47.620823729367935],[-3.430355455145572,47.620931754331295],[-3.430484897700211,47.62089751860633],[-3.430700180363051,47.621021103650094]]]},"properties":{}},{"type":"Feature","geometry":{"type":"Polygon","coordinates":[[[-3.46491566457877,47.622199415403],[-3.464868136967551,47.622110873009504],[-3.464696932749197,47.62202102636144],[-3.464811998176102,47.62197851780573],[-3.46502192051415,47.62205718498799],[-3.464920530586373,47.621882183718256],[-3.465100851225205,47.62182702333686],[-3.465011438441356,47.621750702049155],[-3.465113234163409,47.62170892932371],[-3.465022732743095,47.62162363713756],[-3.465114525866488,47.62160951325314],[-3.465074922272733,47.62150333470423],[-3.464430601676166,47.62136748438386],[-3.464508241098562,47.62123673913883],[-3.464310298302303,47.621256751031275],[-3.46432941945818,47.621084095538365],[-3.46398701999656,47.62090440031306],[-3.463902642756695,47.62108970674004],[-3.463570453718287,47.62077397451726],[-3.463479543977613,47.62090545513064],[-3.463300519839409,47.62086119694627],[-3.463272012059929,47.62073633995825],[-3.463369246721527,47.62076707205732],[-3.463488870830303,47.620652061446],[-3.463188666486439,47.62037971075676],[-3.463031413462024,47.620514870664316],[-3.462796258935863,47.62033825550011],[-3.462580696737223,47.62032311663175],[-3.462527414367844,47.62043444709133],[-3.462302936605995,47.62045592729077],[-3.462188081269298,47.62039004637247],[-3.462187872463007,47.62049843340775],[-3.4619690449502,47.620456380606534],[-3.461997549532888,47.620581237930516],[-3.461305193096034,47.62070994219728],[-3.460918890457148,47.62093908031744],[-3.460909551356046,47.621192473759386],[-3.460687245914897,47.62123189273196],[-3.460603704810035,47.62098364878224],[-3.460475157124538,47.621135275829715],[-3.460425558437417,47.621056744141775],[-3.460348121822742,47.62107909969107],[-3.460219360375343,47.62133911343477],[-3.460443205632978,47.62164279817335],[-3.46034814712207,47.6216300055458],[-3.46030377563571,47.62170471552633],[-3.460231990879826,47.62166353876351],[-3.46023395412652,47.62178986761887],[-3.45983567159456,47.62192032161878],[-3.459480886518695,47.62185870671165],[-3.459048221771399,47.621485313558104],[-3.458902263849596,47.62149340348602],[-3.458721497723026,47.62121442241289],[-3.458575324348399,47.62133089891602],[-3.458645803638079,47.62147149271491],[-3.458401741334121,47.62133148805634],[-3.458184654835533,47.62152414406411],[-3.457985185369677,47.621201042368206],[-3.457877511877892,47.62141472799203],[-3.457519906346408,47.62110942022968],[-3.457318480173134,47.62121089433385],[-3.457155991421099,47.62119280440825],[-3.457051796282293,47.62132501523025],[-3.45700437737732,47.62126442405567],[-3.456931288828106,47.62132266125492],[-3.456943031347497,47.62152972900095],[-3.456826873184684,47.62156325883383],[-3.456871458445779,47.62193106896824],[-3.456767480979173,47.62195489254799],[-3.456702443108538,47.62185915254989],[-3.456437488449331,47.622207987830166],[-3.456462718852772,47.62230593345213],[-3.456380929252533,47.62229240243703],[-3.456420500908149,47.62294948937199],[-3.456326749132617,47.6228372775689],[-3.456253657690778,47.62289551429706],[-3.456207325656381,47.62284389382712],[-3.456254524196967,47.62301287216062],[-3.456015676411361,47.62302610440603],[-3.455983479717684,47.62309110659932],[-3.455742900745183,47.62286962255921],[-3.455776606673759,47.623147723038954],[-3.455703736188952,47.6230975725409],[-3.455614977653006,47.623246988840386],[-3.455618461615932,47.623165514921844],[-3.455455967490591,47.62314742264923],[-3.45552471114689,47.623053302487435],[-3.455345686401752,47.62300903215855],[-3.455384826502503,47.62333198765971],[-3.455263673132607,47.62310388724359],[-3.455177310795966,47.62316285831512],[-3.455080299734801,47.62302373255826],[-3.455003304836,47.62282931077441],[-3.455096189855198,47.62282416576383],[-3.454989171822656,47.62271268788594],[-3.454916079092253,47.62277092378074],[-3.454831251542815,47.622622091809156],[-3.454712915467,47.62263767753366],[-3.454520847932441,47.6224857539888],[-3.454423615234837,47.62245501455031],[-3.454419042441639,47.62252751746503],[-3.4541904296095,47.62240471114819],[-3.454044243089925,47.62252118190905],[-3.453898507222551,47.62242087867224],[-3.453821927047289,47.62256058778698],[-3.453488475112381,47.62234424304135],[-3.453250489526391,47.62247482755294],[-3.453262444958745,47.622573508649204],[-3.453086911478362,47.62244776096883],[-3.452729501120729,47.62258495735828],[-3.452718177355564,47.6227120210168],[-3.45263856159676,47.62271642940966],[-3.452786872548951,47.62316880786389],[-3.45242167731306,47.62280068768482],[-3.452079077588634,47.622729344602185],[-3.451860875957748,47.62291301769896],[-3.451652056245602,47.62284329791936],[-3.451609614465191,47.62304433346728],[-3.450877392749675,47.62317517957756],[-3.451073567040174,47.62347138001006],[-3.45088259333816,47.623328421572786],[-3.450796848369281,47.62361313411245],[-3.450613712247461,47.62342458559068],[-3.450630008764176,47.623559151022704],[-3.450426620140065,47.62353428421834],[-3.450433138561643,47.62358811039994],[-3.450157737191105,47.62363044717637],[-3.450084871326125,47.62358029318523],[-3.449999588830968,47.62364823144676],[-3.449648765278059,47.6232883392954],[-3.44949519731524,47.62323362018712],[-3.449376623497692,47.62335758735209],[-3.449289314221467,47.623850101395796],[-3.449228867407373,47.62368185466161],[-3.449149014621508,47.6237946475007],[-3.449095085396057,47.62368022694282],[-3.449109061099465,47.62335433209921],[-3.448840648518817,47.62323371833577],[-3.448801076089016,47.623127534359355],[-3.448739073281218,47.62316708998953],[-3.448597926370228,47.622994277500176],[-3.448604065984294,47.62271397212701],[-3.448406111752801,47.622733957049086],[-3.448494179760329,47.62290970683222],[-3.448320591502619,47.62291028098895],[-3.448330128888294,47.623099407326926],[-3.448221801240491,47.623087339076676],[-3.448181144136222,47.622972183828736],[-3.448052793895892,47.62301541018437],[-3.447921423314445,47.62292333636309],[-3.447850494502514,47.62299950994204],[-3.447814182067134,47.62292023879024],[-3.447836749164094,47.62321701784393],[-3.447744948707606,47.623231128136965],[-3.447608863773117,47.62276903808012],[-3.447309097333938,47.62283077858701],[-3.447185568655992,47.622693114491],[-3.447091357811963,47.62279766902384],[-3.447149257416379,47.62261384312001],[-3.447066623402423,47.622482947629294],[-3.446929107492842,47.62267117800549],[-3.447003901130066,47.62284766299613],[-3.44686686390628,47.62281911952789],[-3.446951669564111,47.622967957268145],[-3.446757211242155,47.622906465722465],[-3.446813306244738,47.623038829538],[-3.446715836748637,47.62311647055165],[-3.446658415801866,47.62308352248813],[-3.446643820199998,47.623183672323705],[-3.446327523680577,47.62321923114236],[-3.446298932946093,47.62265185161552],[-3.446241271564885,47.62272729021972],[-3.446126431165226,47.62266139358413],[-3.446067683876179,47.62272786102815],[-3.446069011071716,47.62262844522314],[-3.44597178298145,47.622597698750866],[-3.445774429519235,47.62284342404285],[-3.445937763262574,47.6229788877288],[-3.445863090746215,47.62324492058349],[-3.445689501370292,47.623245490829675],[-3.445639321715937,47.62294120815583],[-3.445536422839527,47.62297399280193],[-3.445410841342034,47.62326090319356],[-3.445489130220801,47.623355915495225],[-3.445426881845273,47.62350385619815],[-3.445543051389695,47.62347033773704],[-3.445570433575152,47.62358622779879],[-3.445562464613855,47.62418272222479],[-3.44533337898639,47.62427667226824],[-3.445204181067764,47.62420253759984],[-3.445021660833523,47.62423972503849],[-3.444829724333759,47.62453030390759],[-3.444607637640757,47.624461305430536],[-3.444690268687592,47.62459220252786],[-3.444491220599261,47.62460320971657],[-3.444426201519948,47.624507463013785],[-3.444325224584208,47.624666575498146],[-3.443951496752506,47.624669178643266],[-3.44340225131891,47.624546018493504],[-3.443347398566654,47.6238717191793],[-3.443242422142274,47.624329077871344],[-3.44311155173167,47.62402022511598],[-3.443110218993819,47.6241196408162],[-3.442982109704515,47.62405447477994],[-3.442914179844731,47.62426594539512],[-3.443110561514504,47.62445377226345],[-3.442858434163369,47.62446771123616],[-3.442856604798045,47.62478390043437],[-3.442728494224222,47.62471873414221],[-3.442672747368198,47.62492049984765],[-3.442593127486685,47.6249249013878],[-3.442643540150195,47.625120798326236],[-3.442491397848495,47.62540917244102],[-3.442650639059769,47.62540036944729],[-3.442427217521081,47.62543078248314],[-3.442289677658663,47.625619007111275],[-3.442165905994121,47.62558972461659],[-3.442151301278547,47.62568987376152],[-3.442010754464081,47.62574279804844],[-3.44200399446316,47.62579735815729],[-3.442225247637937,47.62574900374392],[-3.442133777761328,47.62609724077559],[-3.441893577622725,47.62620985970243],[-3.44168692800704,47.626158064420316],[-3.441712133212055,47.6262560130281],[-3.441545294535071,47.62620201703505],[-3.441607055581361,47.626270851958914],[-3.441461915974454,47.626396277837344],[-3.441195423738603,47.62640197556136],[-3.441276964496336,47.62652390384017],[-3.441176477346703,47.626466240132],[-3.441133159911352,47.626549913743865],[-3.441030503100894,47.62647430770446],[-3.441005880243312,47.62660210337845],[-3.440629716458471,47.62669514033278],[-3.440643819154091,47.626811764718],[-3.440209147465833,47.62686287821697],[-3.440546333795645,47.62688940043214],[-3.440565860440194,47.6270508803456],[-3.440712668737142,47.6271601710824],[-3.440559930866163,47.62722279805755],[-3.440867904488786,47.62744961704957],[-3.440705477358101,47.62787402176176],[-3.440089922778039,47.628197030463156],[-3.439676102968189,47.62831020637239],[-3.43843189368972,47.62840603883304],[-3.437680047616154,47.62837532169764],[-3.43690083654475,47.62822870791913],[-3.436367271143854,47.628014337685755],[-3.435669565849965,47.627547129781306],[-3.435394891052654,47.62682175427534],[-3.435493993801978,47.62653632074051],[-3.436159947127616,47.62640923558928],[-3.436140434045958,47.62624775488615],[-3.436255531316559,47.62620527455936],[-3.437481826749671,47.626182700291636],[-3.436076511986436,47.62616097476796],[-3.436076475328186,47.625718456909],[-3.436353243997725,47.625576737838195],[-3.436205626509947,47.62535008367289],[-3.436071840716762,47.62534844103854],[-3.435991695623602,47.62556961148421],[-3.435772867971348,47.62552750971196],[-3.435801313988505,47.6256523730973],[-3.435378833461224,47.62569376468087],[-3.435379654119868,47.62581112252631],[-3.435265904394753,47.625754186477124],[-3.435233680789841,47.62581918285699],[-3.434685262772907,47.625813339636046],[-3.434527367784257,47.62572271625369],[-3.434017678034418,47.62570570071697],[-3.433679685505377,47.625561801773856],[-3.433539931612106,47.625289555776064],[-3.433218463800864,47.625171836448835],[-3.433185689937753,47.625011087669016],[-3.433024549349134,47.62489354866496],[-3.432974708473591,47.624480874063735],[-3.43324199477502,47.6241500348073],[-3.433149640904551,47.6239383888831],[-3.432983901610997,47.6238933517864],[-3.433068390601972,47.62370806797789],[-3.432804892748962,47.623849046928086],[-3.433003929245851,47.62339554126249],[-3.432758841979076,47.62324651197003],[-3.432883954813359,47.62317638884236],[-3.432726339315268,47.62297737607104],[-3.432506172405976,47.62303468375885],[-3.432528923483673,47.62322307893035],[-3.43264158148779,47.62327104652226],[-3.432582547812387,47.6234458939724],[-3.43213570937236,47.62350668115988],[-3.432138145859118,47.62341623675538],[-3.432057174046475,47.62352004672152],[-3.431857044071774,47.62352206118415],[-3.431516904749354,47.62336021341363],[-3.431522049779836,47.62351345625175],[-3.431230114476775,47.62352956710765],[-3.431196804128864,47.623585591239646],[-3.431132893293524,47.62349880829731],[-3.43098665347779,47.62361525012777],[-3.430466964309258,47.6236258649771],[-3.430378681070137,47.62355848846944],[-3.43031205848121,47.623670536235],[-3.429880651342327,47.62374852502903],[-3.42972385354338,47.62366686627776],[-3.429726827596873,47.623802166727934],[-3.42954646375289,47.62385727243304],[-3.42946629386351,47.62407843857014],[-3.429427016218831,47.624306379586386],[-3.429515299493655,47.62437375678747],[-3.429268307634139,47.62454090926979],[-3.428983945770724,47.624619813056945],[-3.428398173338453,47.624525692138185],[-3.428284433799046,47.624468749252564],[-3.428444506547051,47.6241348053721],[-3.428412275614364,47.624199799923964],[-3.428253035639061,47.62420858351118],[-3.428172610839986,47.624095617231276],[-3.428371132650937,47.62385889307953],[-3.428175331946199,47.62389678616773],[-3.42814257405192,47.623736035867765],[-3.427940277864445,47.62372010114598],[-3.427891807259229,47.623650526991405],[-3.427870402101943,47.62380523379567],[-3.42752213676836,47.6237973493046],[-3.427260545551175,47.623622126650304],[-3.426731113773377,47.62355198366938],[-3.426732476999639,47.62345256812918],[-3.426474938226005,47.62342161548859],[-3.426460066366912,47.6231876311325],[-3.426351743488321,47.62317554259901],[-3.426380729252328,47.62308363481453],[-3.42630652246911,47.623132881534595],[-3.426243510364285,47.622278416782805],[-3.426024986127123,47.62212790981393],[-3.426175843802791,47.6219389722838],[-3.425358830686273,47.621920805591486],[-3.42523154663631,47.6219729781602],[-3.425047140123656,47.621883805009354],[-3.424348306976482,47.62107342472203],[-3.424342100807115,47.62091121009186],[-3.424449336652115,47.62091432921966],[-3.424398709195886,47.62082681094726],[-3.424192893387141,47.62089234279053],[-3.424155535582389,47.62080409291443],[-3.423839524859845,47.62073120393972],[-3.423815723638232,47.620533835544464],[-3.423806495233463,47.620678839106425],[-3.423720675888922,47.620521013099776],[-3.423623177409816,47.6205986349391],[-3.423620506110554,47.620354947155974],[-3.423347839068707,47.62019838944938],[-3.423384688491757,47.62006089437863],[-3.423218175637343,47.61989848505701],[-3.423071928421802,47.62001491719226],[-3.422939021868587,47.61968809855576],[-3.422758664917963,47.61974319389512],[-3.422755131031593,47.61982466696955],[-3.422642778271975,47.6196683027659],[-3.42249790144762,47.619685318511465],[-3.422446699385139,47.619814573321044],[-3.422329731417923,47.61973071057634],[-3.42227607587691,47.619950409672455],[-3.422250909308693,47.619852456556124],[-3.422191053803859,47.61990994077456],[-3.422165887410713,47.61981198763789],[-3.422119300865351,47.61986874055339],[-3.421987982759933,47.61977663741877],[-3.421924010800647,47.62013236849533],[-3.421807042958226,47.62004850524079],[-3.421712787083949,47.620153039439074],[-3.421675433896207,47.62006478873626],[-3.421688411928922,47.62017244449143],[-3.421510506393136,47.62013709355152],[-3.421553266775179,47.620270200871595],[-3.421394329018629,47.620170588165045],[-3.42139836322633,47.62031486038416],[-3.421327691801689,47.62028263100002],[-3.421245622286899,47.62037746232191],[-3.421241502175798,47.620675709205344],[-3.421178692435111,47.620597892001946],[-3.42116296828781,47.62068906746095],[-3.421258513358059,47.6209276371536],[-3.4214098827871,47.62096445082662],[-3.421395240400205,47.62106459761083],[-3.421213795761771,47.621110719214535],[-3.421122284078329,47.62101642168445],[-3.42097494782484,47.621123879813496],[-3.421046409230353,47.6212734676151],[-3.420978980971225,47.621268151976516],[-3.42124556910322,47.62203915114484],[-3.421281635602977,47.62178429868886],[-3.421353098751878,47.62193388625208],[-3.421468198486648,47.62189142040316],[-3.421498772129151,47.62203423011534],[-3.421113078343493,47.6223805945364],[-3.420983918654105,47.62230643300787],[-3.420849848217266,47.62241315977584],[-3.420756172160606,47.622300919400814],[-3.420631247262084,47.62270516136782],[-3.420541896597721,47.622628806082425],[-3.420449796387603,47.62275128174572],[-3.42060216018992,47.62323958626322],[-3.420571789699129,47.623430908080195],[-3.42047378698308,47.62328278230309],[-3.420416088428991,47.62335820812906],[-3.420388760969001,47.6232423121624],[-3.420328899658205,47.62329979532642],[-3.420424939811243,47.6237641102237],[-3.42035210170313,47.623713937690376],[-3.420053085387439,47.623892966273566],[-3.420077955509095,47.624099306404354],[-3.420008361173056,47.62407604759409],[-3.419882639886734,47.624362930359986],[-3.419324405579871,47.624718791402046],[-3.419202810962644,47.62470742718906],[-3.419262379086351,47.62475833134913],[-3.419152973479425,47.62473726483492],[-3.419024299036084,47.62488884594616],[-3.419013487526913,47.624799132788056],[-3.418950379570452,47.62482970125187],[-3.41897848931023,47.625062955463825],[-3.418873704482603,47.62496938726519],[-3.41872959611351,47.62510375629138],[-3.418766947957131,47.62519200770789],[-3.418635622540767,47.62509990105581],[-3.418588730278758,47.625265039084276],[-3.418515891848504,47.625214865444576],[-3.418458188439701,47.62529029022837],[-3.418419755980279,47.62519306739789],[-3.418254808223376,47.62526536742502],[-3.418243401831154,47.625392427553884],[-3.418090642663514,47.625455025202136],[-3.417969530403509,47.625669404340314],[-3.418137424581824,47.62573240534056],[-3.418094071630707,47.625816070436336],[-3.418186965394228,47.6258109547872],[-3.41821693628721,47.62617053832429],[-3.41798887502136,47.62627340595027],[-3.417703888955278,47.62656905541207],[-3.417970384521025,47.6265634112855],[-3.417877674020252,47.62690265784352],[-3.417903916894603,47.62700958286329],[-3.418042030411049,47.62704713156505],[-3.417947456144056,47.62726004891101],[-3.418061190603119,47.62731700178046],[-3.418015674177379,47.62738272415304],[-3.418222007450173,47.62754294782681],[-3.418644218658002,47.62761000488535],[-3.418731602567403,47.62800254970846],[-3.418627596264112,47.628026339256586],[-3.418663868826679,47.62810561926888],[-3.418446611383278,47.62829820071903],[-3.418431663739388,47.628506733247946],[-3.418244785763389,47.62850799354133],[-3.418086015556096,47.62874250752041],[-3.418157777309836,47.62878371003148],[-3.41805917457821,47.6288523555906],[-3.418086201461874,47.62907663822886],[-3.417838369906982,47.62912640837766],[-3.417813690301051,47.629254198982494],[-3.417726494747518,47.62919578441451],[-3.417816335535532,47.62949788578217],[-3.417624830701123,47.62957164629386],[-3.417652753949403,47.62947076967133],[-3.417556610768552,47.629448970961995],[-3.417512954330927,47.62964102211025],[-3.417443353887223,47.629617761838034],[-3.41725803375014,47.62985373600704],[-3.417255571756112,47.62994417979969],[-3.417471159918722,47.62995940224761],[-3.417328596622977,47.63032848459695],[-3.416839706329572,47.63037346256932],[-3.416800671141968,47.630493012224605],[-3.417108082480028,47.630494149420834],[-3.416949602078821,47.63062027524858],[-3.416937890703178,47.63085572125817],[-3.416401185656899,47.63139099324064],[-3.416243003069929,47.631408731730886],[-3.416135444255701,47.63151399140507],[-3.416061518816085,47.63145484508453],[-3.415708275939852,47.63162781278042],[-3.415747788834091,47.6317340074948],[-3.415954737589854,47.63167746221251],[-3.415925729206498,47.63176936700182],[-3.416046258421995,47.63177176327376],[-3.416027279844965,47.631836023583816],[-3.416144566787114,47.631811505820565],[-3.416369889799208,47.6319074720753],[-3.416381477288331,47.632114542743416],[-3.416290432005773,47.63224598583413],[-3.416206475712672,47.63221448414279],[-3.416216203174861,47.63229522591045],[-3.416110025758931,47.63230107054978],[-3.416119753090998,47.632381812321846],[-3.416301240446408,47.63233569889982],[-3.416466690176721,47.63248914573865],[-3.416613765479719,47.63249008019247],[-3.416533529035743,47.63271123646551],[-3.416644030865177,47.63274127664797],[-3.416828638897413,47.63316459257237],[-3.416730026363096,47.63323323685426],[-3.416781733959251,47.63332972918849],[-3.416547153880066,47.633378765837946],[-3.416576640019513,47.633512604694445],[-3.41671476942997,47.633550154839554],[-3.416687923212185,47.633660002321946],[-3.41641784759535,47.63374711580008],[-3.41659147142731,47.63374658906173],[-3.416484989496466,47.633860820227135],[-3.416596449759891,47.63434234771748],[-3.416689057249089,47.634445619439056],[-3.41703276585387,47.6345260371826],[-3.417223688938115,47.63466905012837],[-3.417206872841795,47.63475125310702],[-3.417474490406994,47.63475458142245],[-3.417667577747271,47.63491553619292],[-3.417982881475766,47.6348710839253],[-3.418009128478948,47.63497800848155],[-3.418223357821603,47.63509264434767],[-3.418376144418048,47.635030046837144],[-3.418557341361765,47.63509231609842],[-3.418585752200369,47.63521718305707],[-3.418727428497656,47.63517325848882],[-3.418653981871407,47.63533985742224],[-3.418816797567092,47.63524961466834],[-3.418985804239976,47.63532158540682],[-3.418938119424494,47.63536936533244],[-3.419141242178965,47.6355026729201],[-3.419335908319144,47.63589833956974],[-3.419902227108877,47.63749269835095],[-3.420373980619016,47.63808081216065],[-3.421385930236791,47.63849467627228],[-3.42343728694762,47.6389957574094],[-3.424691168751136,47.63953172668969],[-3.426588961700615,47.640420515368746],[-3.426609533808464,47.64059096765552],[-3.426709229991438,47.64053128646802],[-3.426923500314189,47.64064590604929],[-3.426981450002675,47.640904606329556],[-3.427132077286879,47.64082405522085],[-3.42715048559482,47.640976565045],[-3.427321967092903,47.640958080029094],[-3.427436823642982,47.6410239945295],[-3.427311382087056,47.64120249697934],[-3.427552763391456,47.641098880076136],[-3.427658678040961,47.641201410867836],[-3.427721800369329,47.64117083795776],[-3.427700387691718,47.64132554333018],[-3.427842351346907,47.641173222047044],[-3.427791945824683,47.64141983471686],[-3.428022218918082,47.64133489106888],[-3.428368432662372,47.64132483169174],[-3.429257255369396,47.64149255836304],[-3.429262927350718,47.64187154255551],[-3.42933390777584,47.64179538100935],[-3.429341490383619,47.64185817899949],[-3.429497533074732,47.64182248058872],[-3.429504032620079,47.6418763074277],[-3.429535189636622,47.641802342028726],[-3.429566879544812,47.641954119298326],[-3.429812318463008,47.64199476808855],[-3.429856200389027,47.64213684200135],[-3.430093782744396,47.64222307800258],[-3.430367392003991,47.642496975046015],[-3.430368201899991,47.64261433190638],[-3.430133593495222,47.64266339560125],[-3.43030019842916,47.64282579315335],[-3.430028741069147,47.64301235226441],[-3.4301679879271,47.64305885744617],[-3.430164463808834,47.643140329763405],[-3.430464364164066,47.64307863390863],[-3.430482245907946,47.64300540050326],[-3.430644792026288,47.64302352733368],[-3.43066050655435,47.64293235165065],[-3.430779978147836,47.642925761582674],[-3.430909746202608,47.6427831400589],[-3.431010252983069,47.64284081211218],[-3.431124578561769,47.64268098036147],[-3.431870120371755,47.64265791277947],[-3.432633002338177,47.64277837814986],[-3.432701273967909,47.64290104382776],[-3.432842959044218,47.64285710231699],[-3.432932361177812,47.6429334473927],[-3.432832398949103,47.6431015195256],[-3.433113333992389,47.64310407953088],[-3.433245812617177,47.64320514014454],[-3.43311713367568,47.64335673533076],[-3.433171048525783,47.643471162099566],[-3.433351474919967,47.64341605135621],[-3.433663030173257,47.643561415050364],[-3.433757303983369,47.64345687247284],[-3.434083751345934,47.64339370218601],[-3.435308567952176,47.643687336904755],[-3.4355139318766,47.64383855760049],[-3.435482813705779,47.64435503820755],[-3.43558007539425,47.64438579306522],[-3.43552020673038,47.64444328338544],[-3.435668136891783,47.644561550549405],[-3.435636986765205,47.644635517477454],[-3.435750777134798,47.64469245260881],[-3.436117054607257,47.64462707827298],[-3.436240867108656,47.644656366888746],[-3.436281514966906,47.64477152500032],[-3.437012984222227,47.644631800799104],[-3.437146818390244,47.644633442339064],[-3.43711783946365,47.64472535177014],[-3.437272800714172,47.64468067197269],[-3.437347852619566,47.644748775515765],[-3.437654520555798,47.644632501951904],[-3.437711700514931,47.64477383970113],[-3.437697599480448,47.64465721604659],[-3.437860411394666,47.64456694719113],[-3.437632826931842,47.644453080917486],[-3.437706485471471,47.644178085190994],[-3.438033190530902,47.6440065182298],[-3.43829192013245,47.644046416102775],[-3.438698014378148,47.643978834378785],[-3.438666868791536,47.64405280213697],[-3.439119296425316,47.64403684581149],[-3.439305972909554,47.644143937797786],[-3.439289187844981,47.64422614354769],[-3.439508604878696,47.64405146700048],[-3.439577978940991,47.644183099614665],[-3.43970070729141,47.644203413535664],[-3.439669562963596,47.64427738155247],[-3.439794461641313,47.64431563744203],[-3.43987027894216,47.6440585824],[-3.440004111760339,47.6440602206677],[-3.439998432455669,47.64412375117502],[-3.440133604226662,47.644025974658476],[-3.440319450902428,47.644015708327096],[-3.440354681431423,47.644086009915306],[-3.440249568313828,47.64410084748802],[-3.440323538078636,47.644159978110956],[-3.440448943058364,47.64398146196759],[-3.440569500952432,47.64398383292169],[-3.440492601972051,47.6442319174007],[-3.440659748580835,47.64417752873286],[-3.440636959864023,47.64398913718755],[-3.440766451751712,47.6439548904757],[-3.44078924091106,47.6441432819991],[-3.440930922624868,47.64409933070924],[-3.441055569968543,47.64424597091767],[-3.441075608069565,47.644190677979644],[-3.441212697078273,47.64421922792715],[-3.441277151866565,47.644089233095606],[-3.441426430184169,47.64410807834452],[-3.441422923185753,47.64418955095605],[-3.441603343485677,47.64413442749117],[-3.441612527587248,47.64398942428407],[-3.441854478705177,47.6441115203548],[-3.441874766085192,47.64394784159977],[-3.441968524558189,47.644060063776585],[-3.442195530169851,47.643948179269806],[-3.442681855367512,47.644101924837194],[-3.442851170430877,47.64406547504521],[-3.442799994276349,47.644194737145696],[-3.442921638318137,47.64420607667803],[-3.443121007477602,47.64408668660476],[-3.443243736954908,47.64410699680532],[-3.443263772736409,47.644051703488046],[-3.443129939839628,47.644050068953945],[-3.443486432991966,47.64390393246305],[-3.443498868885741,47.64378584209345],[-3.443795746605316,47.643588813338724],[-3.443726116517388,47.64356556889598],[-3.444003797331755,47.643541189715926],[-3.444182041255647,47.64346812025541],[-3.44415790913982,47.64337914404974],[-3.444305014932686,47.64338004363473],[-3.44625431915383,47.64469014760649],[-3.44644125312761,47.644688842512686],[-3.446249733355703,47.644762649367365],[-3.445708605192009,47.644377141177],[-3.445621111847644,47.64442713355602],[-3.445664436757731,47.64434345905426],[-3.44558153010771,47.64432094965268],[-3.44547617513724,47.64444417758746],[-3.445451197326703,47.64423784504686],[-3.445093266328508,47.644040888525595],[-3.444968120621323,47.64411102397429],[-3.444789033989853,47.64406673794692],[-3.444723501919624,47.64418776372953],[-3.444814985905308,47.643839527930325],[-3.444438952200929,47.64382419063266],[-3.444450896121721,47.64392287154112],[-3.444334926526626,47.643848002874435],[-3.44430596040718,47.64393991412545],[-3.444001728262845,47.64396576149819],[-3.443948383526973,47.644077082118706],[-3.443868735168092,47.644081484484786],[-3.443828071462188,47.64396632897179],[-3.443696410136244,47.64398263708032],[-3.443535287632437,47.644307627430265],[-3.443393607510716,47.64435158187332],[-3.443372238992288,47.644506289858995],[-3.44307777351752,47.64461287380337],[-3.443050385955951,47.64449698441769],[-3.442810104928699,47.644609604156734],[-3.442798163888471,47.64451092311587],[-3.442476310924308,47.64450161609327],[-3.442506365996038,47.64441867632991],[-3.442270924718513,47.644350407687405],[-3.442134670607716,47.64443921564952],[-3.441985391113654,47.64442037130868],[-3.441935297924368,47.644558604017895],[-3.441881363182315,47.64444418135864],[-3.441690923343005,47.64452695176275],[-3.441485288315333,47.64448412762949],[-3.441469340842739,47.64468369033379],[-3.441343354797576,47.644636465225005],[-3.441361222133116,47.64456323021473],[-3.441140723786498,47.644728939175984],[-3.441198164618124,47.64476188958319],[-3.441002296325359,47.64479980376407],[-3.440929410159105,47.6447496446108],[-3.440818617490936,47.644828013219275],[-3.440865205937695,47.644771253578334],[-3.440713755559896,47.644734465574366],[-3.440836737879728,47.644646392662075],[-3.440764937285659,47.64460520442398],[-3.440572324786988,47.64467003095379],[-3.440697225030937,47.64470828587052],[-3.440572071980859,47.64477841658637],[-3.440462616918986,47.64475737025151],[-3.440518139939777,47.644663993310964],[-3.44032903563844,47.64464734687624],[-3.440204967362743,47.64472644822705],[-3.440339887004464,47.64473705713665],[-3.440084407807118,47.64472407689776],[-3.440078728527391,47.64478760738703],[-3.439870669438595,47.64483522398987],[-3.439919683168948,47.64468802115586],[-3.439816993184156,47.64461241475993],[-3.439616529651649,47.64472282813027],[-3.4395192650226,47.644692076637995],[-3.439673139141195,47.64463842262256],[-3.439446380397523,47.64464191655681],[-3.439388685567297,47.64471735091982],[-3.439119102572846,47.644587745113846],[-3.43906466210615,47.64469009243114],[-3.438957377629241,47.644686986761066],[-3.439231556076731,47.64474409145056],[-3.43896254608312,47.64484022758026],[-3.439088530502292,47.64488745525108],[-3.439100464766571,47.644986136651596],[-3.439013220207204,47.64492773845175],[-3.438930059312942,47.64501360995345],[-3.438790799718678,47.644967115261544],[-3.438868023758393,47.64505315989547],[-3.438699787710427,47.64509857493614],[-3.438609288844785,47.64501326331909],[-3.438677005519858,47.64491018309892],[-3.438554275933634,47.644889868110134],[-3.438528296849673,47.64511707661125],[-3.438349212186967,47.64507278073689],[-3.438250605333853,47.64514144275853],[-3.43835680587,47.6451355780345],[-3.438351124489644,47.64519910842617],[-3.438180975635593,47.6451181950301],[-3.438099982647941,47.6452220080197],[-3.437939596789675,47.64522183367323],[-3.438079941076307,47.64527730041772],[-3.438157991490182,47.64548070213831],[-3.437948016620373,47.645401987629626],[-3.437863768535427,47.64547888730673],[-3.437838561314445,47.64538093884354],[-3.43780064692224,47.64550946562732],[-3.437563863246682,47.64554060207638],[-3.437624556840067,47.64560046736911],[-3.437521609345095,47.6456332445697],[-3.437454407807961,47.64551955293196],[-3.43717862325107,47.64567024419941],[-3.437152332577814,47.64556332454668],[-3.437240920352008,47.645522309589886],[-3.437069427623665,47.64554080911979],[-3.436816417744585,47.64587989160464],[-3.436731343331259,47.64583943383496],[-3.436777112967589,47.64566531923158],[-3.43692205577252,47.645648286001574],[-3.436913379125384,47.64557651757388],[-3.436822621879421,47.64559959017248],[-3.436875983002726,47.64548827289391],[-3.436704490257255,47.64550677188853],[-3.436696898465908,47.645443974495684],[-3.436558463248575,47.64551483379267],[-3.436479073258091,47.64541084553621],[-3.436359596804825,47.64541744142302],[-3.436212223864699,47.64552491741646],[-3.436163984431697,47.64534696189532],[-3.436164807119372,47.64546431854115],[-3.435879521890555,47.645425881620504],[-3.435697481516368,47.64568879629155],[-3.435564992082265,47.645587738588354],[-3.435519218557366,47.64576185272393],[-3.435391066580333,47.645696679091834],[-3.435420049008638,47.645604770135506],[-3.435634884092389,47.64550260229525],[-3.435441441022363,47.64545006369339],[-3.435339313350881,47.64560019561646],[-3.435337408164038,47.645473867904364],[-3.435142353535763,47.64562912888963],[-3.435025309032155,47.64554527997974],[-3.43492127580256,47.64556908381905],[-3.434857332580491,47.645482303901844],[-3.435084359151989,47.64537043329409],[-3.435181622461577,47.64540118846718],[-3.4351718639138,47.64532044883002],[-3.43497382079172,47.64534041075241],[-3.434906096417124,47.64544348880321],[-3.43460021265227,47.64523459836036],[-3.434670105739125,47.64514946262871],[-3.435013090224974,47.64511247035234],[-3.434913923373,47.64495538728122],[-3.434557399721552,47.64510149753627],[-3.434583660676052,47.64476590430258],[-3.43430488506196,47.64478128999806],[-3.434334134340275,47.64458099564357],[-3.43418160490635,47.64453522808691],[-3.434000909432657,47.64469872570252],[-3.433744347933081,47.64467676051615],[-3.433977059937877,47.64450136182435],[-3.433954028429059,47.64442135464611],[-3.43379147692881,47.6444032324326],[-3.433866790425403,47.644362952586555],[-3.433735391768602,47.64427086382715],[-3.433829400191357,47.64427470687587],[-3.433831834755741,47.6441842634075],[-3.433770880410505,47.64423278174889],[-3.433680390893325,47.64414746627605],[-3.433575275799249,47.644162297844],[-3.433593153636907,47.644089064003886],[-3.433360709619681,47.64415607632319],[-3.433342831440565,47.644229310125205],[-3.433208182235227,47.644110307485704],[-3.433072997561593,47.64420807598585],[-3.433127449028191,47.644105731434806],[-3.432993616307509,47.644104085290614],[-3.432970586444653,47.64402407790199],[-3.432754668361631,47.64411726982319],[-3.432818606528541,47.64420405095267],[-3.432664726771072,47.644257695953236],[-3.432688562727176,47.64401254645455],[-3.432612165010413,47.64404385444778],[-3.432552831715714,47.64388457194566],[-3.432429023029395,47.643855279410225],[-3.432519779208238,47.64383221020329],[-3.432419268929106,47.643774539478244],[-3.432465865389882,47.64371778315547],[-3.432139414129593,47.6437809489114],[-3.432126409271467,47.64367329563143],[-3.432064370232757,47.643712841988695],[-3.43180483383222,47.64355557353337],[-3.431869581212262,47.64331719815815],[-3.431792370969539,47.64323114882153],[-3.431489220429149,47.64326593473592],[-3.43161085994895,47.64327728604904],[-3.431440997018919,47.64353049093863],[-3.4314344953183,47.6434766642537],[-3.431331548118745,47.64350943603671],[-3.431427181391826,47.643305480763225],[-3.431166021479681,47.64335601113034],[-3.431170083858551,47.64350028128292],[-3.431088268191369,47.6434867327049],[-3.431164394096287,47.64356381137897],[-3.431074721345421,47.64359585065346],[-3.431154370033902,47.64359145700757],[-3.431076888461378,47.643613792887535],[-3.431129715626702,47.64371924946646],[-3.43103787548466,47.64373334647828],[-3.431091786256656,47.64384777418405],[-3.430920296778582,47.64386626470513],[-3.430926798007999,47.64392009140776],[-3.431086096364124,47.643911304264805],[-3.431114541214545,47.64403616760351],[-3.43093871696266,47.644018773691066],[-3.430820864771089,47.644260077438275],[-3.43075720252493,47.644064909573544],[-3.430594107057018,47.64426355419378],[-3.430363825419727,47.64434850278123],[-3.430272257717335,47.644254213553594],[-3.430184750114664,47.64430419437607],[-3.430156307297006,47.64417933082844],[-3.429998091376309,47.644197087826846],[-3.430118923327706,47.64409108392205],[-3.430018415155713,47.644033411139546],[-3.429654300945927,47.644116708633554],[-3.429629109437274,47.644018758330425],[-3.429713367083333,47.643941864532586],[-3.429810624693324,47.643972624199314],[-3.429830948962247,47.64380894752549],[-3.429516685596802,47.643862402694324],[-3.429547843755432,47.64378843736835],[-3.429644017668755,47.643810226045986],[-3.429589026729325,47.64368682653957],[-3.429208389620523,47.643743941368456],[-3.429319197087506,47.6436655837254],[-3.429224106814968,47.64365276591279],[-3.42919350011238,47.643509959819234],[-3.429072391480342,47.64372434846507],[-3.429011709615446,47.64366447867199],[-3.429224658513182,47.6434359945659],[-3.429312992596308,47.64306085736464],[-3.429191078144501,47.643157889356225],[-3.429026365702737,47.64312181822823],[-3.428887926324772,47.643192668522765],[-3.42878958750352,47.643152936935216],[-3.428812080921808,47.64300720265097],[-3.42865603430786,47.64304290012431],[-3.428683414499182,47.642716279001824],[-3.428840543303147,47.642689552627935],[-3.42868721778603,47.642526420984815],[-3.428731121394725,47.64222598120024],[-3.428602986199676,47.642160800003644],[-3.428413894487747,47.64214413426371],[-3.428439082880919,47.64224208492434],[-3.428288731310189,47.64221425191554],[-3.427873416198827,47.642426799777596],[-3.427934899923844,47.64260402707816],[-3.427848197194495,47.6427713630612],[-3.427798626416374,47.64269281840202],[-3.427747940411968,47.6430478165592],[-3.427632800042818,47.64309028813228],[-3.427562060755397,47.64350057678878],[-3.427564819038731,47.64285923380008],[-3.42751035817576,47.64296157582493],[-3.427449678930734,47.64290170519687],[-3.427271657460335,47.64330887738091],[-3.427223449845797,47.643130917964605],[-3.427299849416908,47.64309961347999],[-3.427223729756266,47.64302253226956],[-3.427142718633916,47.64312633777625],[-3.427140832939255,47.643000009768556],[-3.427030303958756,47.642969979675314],[-3.427197460333368,47.642915610230524],[-3.427134615731255,47.64283779712432],[-3.427232429625398,47.64265178752934],[-3.427068802934023,47.642624684789546],[-3.427113238339718,47.642549988249414],[-3.426980772955613,47.642448920648334],[-3.426678706519021,47.64249266525597],[-3.426610449255733,47.64236999603331],[-3.426580089418431,47.6425613175202],[-3.42642079435048,47.64257009852606],[-3.426398056588282,47.6423817040492],[-3.426374192462618,47.6426268524718],[-3.426205953433195,47.64267224958045],[-3.426202423291494,47.642753721794485],[-3.426074289917997,47.642688537842645],[-3.426081868816798,47.64275133601512],[-3.425919325077783,47.64273320283437],[-3.425816941457445,47.642549198340085],[-3.425735928317135,47.642653002896914],[-3.425666307318652,47.64262974768108],[-3.425703399904736,47.64282638178757],[-3.425475848808082,47.64271249173336],[-3.42533740577819,47.642783337836086],[-3.425464790688151,47.6422886516478],[-3.425365089830297,47.64234833171892],[-3.425244820234482,47.642237559340614],[-3.425374601408645,47.64209494391369],[-3.425431746124159,47.64223628785714],[-3.425510310653355,47.642222926879775],[-3.425437726102465,47.64206437225183],[-3.425562093355448,47.64187690071741],[-3.425451619024584,47.64140435484464],[-3.425035041845,47.64083127859996],[-3.424892557888995,47.640757853684576],[-3.425046949214875,47.640929961642435],[-3.424944003005897,47.64096272784077],[-3.424629809755749,47.64057365548547],[-3.424143568731414,47.64041983450419],[-3.423734589016538,47.639909551720265],[-3.422887580043134,47.639423402450895],[-3.422827703273833,47.63948088641525],[-3.420802092383117,47.63886097534749],[-3.419806953629239,47.63836490306442],[-3.419244452277207,47.63779984608995],[-3.418824832155599,47.636757317532016],[-3.418530766772534,47.63631293857813],[-3.417853467057699,47.63568195087022],[-3.417870282451367,47.63559974783811],[-3.417793888085842,47.635631046278576],[-3.417701575610085,47.635419389397185],[-3.417607284549413,47.635523919454016],[-3.417523921460135,47.63527564655529],[-3.417376838465059,47.63527471324871],[-3.417215701706914,47.63515715305943],[-3.417181888863008,47.634987429335084],[-3.416986039389878,47.63502530344781],[-3.417028320537524,47.63493266787346],[-3.416790791749074,47.634846404979875],[-3.416693859525097,47.63470724819411],[-3.416389968522884,47.63462463765333],[-3.416172630752911,47.63404056855421],[-3.416186205640004,47.63393145179455],[-3.416255811161052,47.633954712763995],[-3.416194678439907,47.6336690923314],[-3.41631161970628,47.63297631451941],[-3.416167913974539,47.63255977730936],[-3.416061736027049,47.63256562190397],[-3.416072068336304,47.63242959115023],[-3.415893044887433,47.632385260568334],[-3.415848733283597,47.63201743682078],[-3.415738233400338,47.63198739587481],[-3.415725567696434,47.63177135381508],[-3.415514599148737,47.63168362712182],[-3.415548234569158,47.63151922138513],[-3.415456715049928,47.631424919921386],[-3.416280308065074,47.63072033665154],[-3.416216412940221,47.63063354586754],[-3.416327212261527,47.630555200014165],[-3.416226744481275,47.630497514964354],[-3.416432908861716,47.63032361110232],[-3.416439695573505,47.63026905260355],[-3.416310221285729,47.63030327259635],[-3.416330279785444,47.630247983505214],[-3.41649524554665,47.63017568638154],[-3.416204350061669,47.63020073093959],[-3.416117154723143,47.630142315198825],[-3.416164058916429,47.62997717857768],[-3.416005880440502,47.629994916759784],[-3.415964206840798,47.62987077939578],[-3.415819300196303,47.62988778676721],[-3.415790898666048,47.629762918791975],[-3.415895990342494,47.62974810311303],[-3.415962045362883,47.62985283675399],[-3.415964509544485,47.62976239298434],[-3.416160340431951,47.62972452048119],[-3.416085034229838,47.629764789218754],[-3.416161118897778,47.629841878214435],[-3.41617901583111,47.629768646497176],[-3.416311731291096,47.62976134059502],[-3.416361273156179,47.6298398906529],[-3.416360494250314,47.62972253292086],[-3.41658394859307,47.629692169814874],[-3.416625145369148,47.62959056281477],[-3.416650306204817,47.62968851665248],[-3.416498312081626,47.62986846980801],[-3.416608808006101,47.62989851006787],[-3.416818813404425,47.629534746571835],[-3.417015723759021,47.62950584394484],[-3.416980533594026,47.629435534791476],[-3.417140091330188,47.629318380157216],[-3.417104901124965,47.62924807103453],[-3.417027434495175,47.62927039776345],[-3.417091930129943,47.629140415272715],[-3.416972487703153,47.62914699139133],[-3.417010440623512,47.62901847028053],[-3.417120154512122,47.62893115229424],[-3.417258272449211,47.62896870188554],[-3.417236353635819,47.6288976620834],[-3.417427556862015,47.62893228865064],[-3.417604707378636,47.62885028787357],[-3.417683553371633,47.628728545593056],[-3.41757414025038,47.62870747764307],[-3.417762997094239,47.62839003027219],[-3.417973472503969,47.62825200874921],[-3.417899549545338,47.62819286349231],[-3.418023910953437,47.628005398636795],[-3.417978991100906,47.62785434793107],[-3.417809710482816,47.62789076198537],[-3.417920501772366,47.62781241450992],[-3.417839794527248,47.62780782785739],[-3.4178731215283,47.627751807657305],[-3.417680841257301,47.6277082104834],[-3.417764009371947,47.627622353338616],[-3.417382693046197,47.62756207226368],[-3.417522487635423,47.627391819798184],[-3.417455351661158,47.62727811558778],[-3.4171400923437,47.62732256660592],[-3.417040710636747,47.627273853482045],[-3.417053201160955,47.62715576491708],[-3.416854137826746,47.62716672499212],[-3.416915388816355,47.627009828480524],[-3.417166454052325,47.626986974205124],[-3.417389115360038,47.626839251614975],[-3.417148379376647,47.62672607512154],[-3.417144656459696,47.626473416633],[-3.416975379651688,47.626509829504066],[-3.417032005624724,47.626425434173306],[-3.416898217730413,47.626423769578246],[-3.416999279735893,47.62626468095872],[-3.416870896338793,47.62630787297136],[-3.416874740470055,47.626118013729254],[-3.417055125031478,47.626062927657],[-3.417298800519406,47.62631140497159],[-3.41744291575024,47.62617703779422],[-3.41730294309382,47.62601315909145],[-3.417454324215474,47.62604997779485],[-3.417242894734994,47.625736509364714],[-3.416928725163672,47.62578993117557],[-3.416932268337441,47.625708458527356],[-3.416736753843022,47.625637945759216],[-3.416862974129877,47.62557681121448],[-3.416650646142727,47.62558850161283],[-3.416652630757741,47.62527231297336],[-3.41670138936851,47.62523350506715],[-3.416792900471716,47.6253278058567],[-3.416772365591582,47.62515735049799],[-3.416881470304663,47.6252868059073],[-3.416864177540427,47.62514326456393],[-3.41699039651169,47.62508212986593],[-3.416815720079228,47.62507368586444],[-3.41683853946948,47.62481956583451],[-3.417016156976236,47.62496331049426],[-3.416947944331677,47.62484063451572],[-3.417102564372056,47.62490436770146],[-3.417097760974832,47.62464273764011],[-3.417291410565541,47.62458692047136],[-3.417315189472134,47.62478428978461],[-3.417352357454917,47.62453841023486],[-3.417401896004064,47.624616960062724],[-3.417525951326748,47.62453788210512],[-3.417399552662172,47.62426488591899],[-3.417579930420175,47.62420979898371],[-3.417544144075332,47.62435626326135],[-3.41762700789119,47.6243787927881],[-3.41762976829018,47.624179962000966],[-3.417983738046206,47.62412434589751],[-3.417998871555109,47.62424994449446],[-3.41783392614234,47.624322243962304],[-3.418072789163734,47.62430908980855],[-3.41814838440796,47.62416043294659],[-3.418046845722333,47.62409377794487],[-3.418296815745497,47.62406194987712],[-3.418097764203371,47.62407291208903],[-3.418076927258566,47.62401084359373],[-3.418279221602083,47.62402679539649],[-3.418332599827979,47.62391548534673],[-3.418558190849622,47.62390306102635],[-3.418371924556562,47.62368754801776],[-3.418545515651427,47.62368701837247],[-3.41856340725038,47.6236137860578],[-3.418344601365882,47.62357165159249],[-3.418302927342047,47.623447514652284],[-3.418186740750726,47.6234810060181],[-3.418015909236595,47.62328270424227],[-3.417838777827302,47.62336470587801],[-3.417836914847847,47.62323837643041],[-3.417706676738121,47.623155239975915],[-3.417764976920214,47.622863041884436],[-3.417924996849461,47.622971630726894],[-3.418012779466399,47.622813271730934],[-3.417776383910693,47.62273598163707],[-3.417922351442349,47.622727943110974],[-3.417941324500215,47.62266368219155],[-3.418046103167899,47.62275725133753],[-3.418141451779034,47.62266169157234],[-3.417952432402355,47.62264500873367],[-3.417930515261637,47.62257396883058],[-3.418052104748603,47.62258533438056],[-3.418097915369717,47.62241122500449],[-3.417950867808157,47.62241029241442],[-3.417961193338151,47.6222742607819],[-3.418110700720964,47.62218474919138],[-3.417988329761354,47.622056025515796],[-3.41818737380579,47.62204506347905],[-3.418146185825916,47.622146671424716],[-3.418240452203833,47.62204214021193],[-3.418255585726447,47.62216773891001],[-3.418383958046771,47.62212454528346],[-3.418282422939286,47.622057890416826],[-3.418373148173512,47.62203483193862],[-3.418450008515271,47.62222927792845],[-3.418502303578884,47.62210899636463],[-3.418735157226045,47.62226775786466],[-3.419158408481348,47.62234378457646],[-3.418983252635897,47.622109598791404],[-3.418988954607637,47.622046068584815],[-3.41911378644888,47.6220843470192],[-3.418992494388744,47.621964595717316],[-3.419174728825217,47.62203583576939],[-3.419143568990644,47.62210979916021],[-3.419201267993344,47.6220343739145],[-3.41880701727197,47.621866441384014],[-3.418754236074044,47.621760978043895],[-3.418611514372106,47.62179593161479],[-3.418557950012438,47.62157310997294],[-3.418817934243827,47.62151363588608],[-3.418771045695841,47.62167877429214],[-3.418894307807023,47.621482336548176],[-3.419148589513207,47.6214863919448],[-3.419171588938329,47.621566402988506],[-3.419202748416915,47.6214924395696],[-3.419403850859781,47.621941936929595],[-3.419260446668765,47.62141701427075],[-3.419624422270591,47.621333748190644],[-3.419853147919929,47.62179075418041],[-3.419826117301522,47.6215664711102],[-3.420018377203466,47.62161006489041],[-3.420156677077841,47.621981743121076],[-3.420115588542349,47.62164083298192],[-3.42026263402223,47.62164176284693],[-3.420120796283175,47.6213515576077],[-3.420140648734773,47.62096213556509],[-3.420032626196951,47.62084165423754],[-3.420132881229854,47.62056520419005],[-3.420025646338483,47.620562081098434],[-3.420071154474642,47.62049635771218],[-3.419991539331065,47.620500743855246],[-3.419787685230457,47.62025007843446],[-3.419787193820003,47.62002433318223],[-3.419902290683435,47.619981868834884],[-3.419759869431772,47.619908436870055],[-3.419862778223315,47.619875674883595],[-3.419859042938044,47.6196230155923],[-3.41997738249532,47.61960746515884],[-3.419933839963463,47.619356998882836],[-3.42019892400754,47.619450765320536],[-3.420296719217883,47.61926475928651],[-3.420311856790727,47.61939035789709],[-3.420345175943246,47.61933433674935],[-3.420449952289788,47.61942790389864],[-3.420328957050959,47.619199766809814],[-3.42035578850578,47.61908991767296],[-3.420453783197714,47.61923804386786],[-3.420336913431745,47.61871165965468],[-3.420474219406058,47.61863184726594],[-3.420429794618924,47.618706542203135],[-3.420573294875107,47.618788944725594],[-3.420649168469995,47.618531898774776],[-3.420564149889159,47.6184914286631],[-3.420678161529701,47.61843999218676],[-3.420614273952603,47.6183532032603],[-3.420717472211088,47.61821205342764],[-3.420857727600345,47.61826754163051],[-3.420870118188473,47.61859197168679],[-3.420928892293856,47.6185255167793],[-3.421104629325986,47.618542925983434],[-3.421227789188999,47.618789004992074],[-3.421190729787615,47.61859236702512],[-3.421269260584439,47.618579008736475],[-3.421126344138171,47.61827983293739],[-3.421420416624277,47.61828168994039],[-3.421491959706204,47.61798875807488],[-3.421393672813324,47.617949019745815],[-3.421468958344904,47.61790874734133],[-3.421704755906327,47.618202804311174],[-3.421628388682217,47.61823410553952],[-3.421725594801933,47.61826487234423],[-3.421742689654847,47.618074280940036],[-3.421857780758954,47.618031814623095],[-3.421878619765721,47.61809388263427],[-3.421918716016105,47.61798330184071],[-3.422018084879654,47.61803201104664],[-3.422126607496096,47.618378236170244],[-3.422029901814717,47.618573215137864],[-3.422256049135746,47.61834400952084],[-3.422241988844177,47.61822738241142],[-3.422364650929125,47.6182477148135],[-3.422451331019319,47.618080380782025],[-3.422597285118266,47.61807233639414],[-3.422563679876578,47.61823674529708],[-3.42270530784043,47.618192815520594],[-3.422677400037455,47.618293693935634],[-3.422783548876753,47.61828784328497],[-3.422810878999342,47.61840373898591],[-3.423031613798944,47.618129675289424],[-3.423149949121996,47.61811412162938],[-3.423038392217367,47.618075116065384],[-3.423111513284625,47.618016899984646],[-3.423252852374552,47.618081356625645],[-3.423287755545699,47.61826005137654],[-3.423169419939344,47.618275605175064],[-3.423182400549678,47.61838326086295],[-3.423070554846919,47.61845264240107],[-3.423171295363504,47.61840193485901],[-3.423407104479333,47.618695988317334],[-3.423463999412111,47.618503202472155],[-3.423358137848306,47.618400666677346],[-3.423448854675322,47.61837760421313],[-3.423515992221704,47.61849130549832],[-3.423674134119062,47.618473557041696],[-3.42367983012052,47.618410026487716],[-3.423575844709486,47.61843382055903],[-3.423499765593294,47.61835673594109],[-3.423640311309977,47.61830383372901],[-3.423788429480173,47.61831373045965],[-3.423801411347974,47.618421386076626],[-3.423950611723933,47.61844025390202],[-3.423905110116188,47.61850597886912],[-3.424010177381827,47.61849115580439],[-3.424047247097381,47.61868779288672],[-3.424142291661433,47.6187006150777],[-3.424166155340766,47.618455464083546],[-3.424271222434517,47.618440640783554],[-3.423742419663386,47.618153709916044],[-3.423823399504065,47.618049905429],[-3.424025672977648,47.61806584732768],[-3.424049250686388,47.61792908337482],[-3.424070092200756,47.6179911509982],[-3.424089056175625,47.61792688892414],[-3.424252605660319,47.61795399618241],[-3.424323847099718,47.61776944963966],[-3.424228804149732,47.61775662759031],[-3.42425511657725,47.61742103194215],[-3.424385636433327,47.61739577421724],[-3.42445904048899,47.61722917014167],[-3.424562737983537,47.6173137624019],[-3.424563023160162,47.61720537526928],[-3.424727937472776,47.61713306603475],[-3.424551121975977,47.617106690970154],[-3.424742572530104,47.61703291863096],[-3.424746103198869,47.61695144537988],[-3.42465675627888,47.61687509301725],[-3.424502947088449,47.61692872802528],[-3.424443382703896,47.61687782633351],[-3.424572819220641,47.61684359708998],[-3.424449077619763,47.61681429569009],[-3.424693600037408,47.6167375972994],[-3.424642976141354,47.61665007894555],[-3.424846611118332,47.616566603566866],[-3.424926219996386,47.616562214105286],[-3.424945695620229,47.616723697483124],[-3.425131450176208,47.61671345516494],[-3.425158270500538,47.616603604785055],[-3.425269825879199,47.61664260835344],[-3.425300175673421,47.61645128464911],[-3.425385993145426,47.61660910982422],[-3.425260602096235,47.61678761231944],[-3.425448520950076,47.616795312087454],[-3.425499146304296,47.61688283008559],[-3.42540382118302,47.61697839614022],[-3.425580636676165,47.617004769915546],[-3.42534124099411,47.61723471375652],[-3.425602561709696,47.61707580858562],[-3.425729268107102,47.61724040976662],[-3.425847600673201,47.617224853366025],[-3.425746065566201,47.61715820482076],[-3.425882277312068,47.617069414721136],[-3.425901756012614,47.61723089789759],[-3.425646928110659,47.61744363145731],[-3.426018724113852,47.61731475717213],[-3.425962921841661,47.617516515664434],[-3.426155172169666,47.61756009943288],[-3.426186838079581,47.61771187951739],[-3.426347941938218,47.61782942838779],[-3.426350344007969,47.61818150351269],[-3.426575346742285,47.61838583783185],[-3.426622489258861,47.618112308927294],[-3.426684502579973,47.618072764936926],[-3.426786040597771,47.61813941263506],[-3.426587335951151,47.61759948255321],[-3.426720300534197,47.61748377765756],[-3.426743309582115,47.61756378737406],[-3.426941252745523,47.61754383911558],[-3.42706010776814,47.617754026998824],[-3.427073936343182,47.61753652094002],[-3.427174391452579,47.61759419704425],[-3.42722205302097,47.61754641331971],[-3.427257248836495,47.61761671981678],[-3.427373416975212,47.61758321932732],[-3.427347647425623,47.61814456111296],[-3.427437524058061,47.61844665679486],[-3.427502505287346,47.61854241325047],[-3.42755369388951,47.61841315614032],[-3.427720494073056,47.61846717233381],[-3.427796300821402,47.618652641263814],[-3.427404457089983,47.618836812441444],[-3.427752690047364,47.61884469730353],[-3.427325647873011,47.61895856190175],[-3.427345411166118,47.61901165764208],[-3.427621889267178,47.61897834582031],[-3.427258744903579,47.619178995225845],[-3.426947069031563,47.61914199966205],[-3.426961941898097,47.61937598444199],[-3.426876636697648,47.619443905963465],[-3.427146622889642,47.619356767664904],[-3.427331024180341,47.61944593761647],[-3.427293662200414,47.61935768867875],[-3.427654084852484,47.61935587071832],[-3.427706356364606,47.61923558485682],[-3.42781250652529,47.619229729638086],[-3.428041293250638,47.61968672008323],[-3.427858776504411,47.61972388078699],[-3.427758841761011,47.619891950593384],[-3.427856054431933,47.61992271226919],[-3.427758563058204,47.62000033758449],[-3.427159014686042,47.620123716103414],[-3.427385670090774,47.62012024597117],[-3.427342336190691,47.62020391474026],[-3.426792613694702,47.620297450157715],[-3.426773652132064,47.62036171259267],[-3.427250255765226,47.62032639591813],[-3.427170361565982,47.620439173920786],[-3.42686272739027,47.62054645015787],[-3.426849177728693,47.62065556890959],[-3.427224520315747,47.62044521782897],[-3.427449012124379,47.6204238050541],[-3.42743546369226,47.62053292388069],[-3.427344465378136,47.620664376369305],[-3.427041440084259,47.62069915114894],[-3.427120774942335,47.620803147145445],[-3.42702680833433,47.62079929865259],[-3.427043604915231,47.62071709367006],[-3.426915242986321,47.620760296845624],[-3.42692281976132,47.620823095674844],[-3.427009209517637,47.62076414542832],[-3.427039797336851,47.6209069537723],[-3.427129434398477,47.62087491721895],[-3.427068220466247,47.62103181958023],[-3.426935528180748,47.62103913773618],[-3.42684132049542,47.62070115702016],[-3.42674843645292,47.62070627956556],[-3.426784716101464,47.62078555735408],[-3.42671187608047,47.62073538871026],[-3.42661381949559,47.62102978690636],[-3.426677720028952,47.62111657243142],[-3.426709951211911,47.621051578255276],[-3.426767357659815,47.621084536159415],[-3.426837191690342,47.62144192298291],[-3.42712695201413,47.621407880576875],[-3.427198431037652,47.621557464591994],[-3.427300255967192,47.6215157248245],[-3.427360910736724,47.621575596191725],[-3.427368208647241,47.621746781858796],[-3.427515254544641,47.621747702592536],[-3.427533133189152,47.621674468831365],[-3.427900314255802,47.62206060951899],[-3.427900592681568,47.621952222642165],[-3.428005665620212,47.6219373960091],[-3.428085004196763,47.62204139128451],[-3.427916831496114,47.62208679133953],[-3.428008635222735,47.622072696623206],[-3.428044917671286,47.62215197396465],[-3.428220668961126,47.622169372428345],[-3.428224194661531,47.622087899286775],[-3.428450581027012,47.622192813961625],[-3.428428122135257,47.62189603101501],[-3.428543216160047,47.62185355819303],[-3.428566783968473,47.62171679359405],[-3.42864856563204,47.621730344090125],[-3.428523199418148,47.62146633079297],[-3.428632878954651,47.62137900165493],[-3.428732260264374,47.621427705063006],[-3.428798883370087,47.62131565806952],[-3.428847076536895,47.621493618841754],[-3.428918030461135,47.6214174567466],[-3.429004142794437,47.621466891954746],[-3.429030957538092,47.62135704095322],[-3.429183140514347,47.62151120269242],[-3.429137366818958,47.62168531649518],[-3.429247852916763,47.62171534492547],[-3.429235686403311,47.62128252936228],[-3.429313136335515,47.62126019444553],[-3.429375958712152,47.62133800724738],[-3.429378399775403,47.62124756279978],[-3.429451243000995,47.621297729767335],[-3.429585293440279,47.621190993065234],[-3.429689006752851,47.62127558060164],[-3.429703633639255,47.621175432788995],[-3.429733938283209,47.621869146149386],[-3.429852020419546,47.62151945380013],[-3.430107386079468,47.62153245656787],[-3.430139613338052,47.621467461459176],[-3.429991759417947,47.621349185884334],[-3.429950594442471,47.621450798028036],[-3.429853377782111,47.6214200381198],[-3.429886962577918,47.62125562738832],[-3.429977407230544,47.62134094680834],[-3.43004402761465,47.6212288990996],[-3.430557195435116,47.621164458764774],[-3.43111964567294,47.62128694724771],[-3.430852905412666,47.6214010083109],[-3.430605394326726,47.62134241882522],[-3.430547712184641,47.621417849730825],[-3.430473784759328,47.621358712224506],[-3.430432620693975,47.62146032453762],[-3.430604038366549,47.621441834518244],[-3.430585080985431,47.621506097534194],[-3.430737541538326,47.62155187033065],[-3.430628948126604,47.62164817266041],[-3.430769495443287,47.62159526195824],[-3.431054649643841,47.62163371182904],[-3.431103122539829,47.62170328474308],[-3.430958242890376,47.62172031096582],[-3.431110704374978,47.62176608327013],[-3.431280228059633,47.62162126292216],[-3.431246107444953,47.62155992899967],[-3.431379883595286,47.6215615771647],[-3.431321119157398,47.62162803722768],[-3.431478996592602,47.621718665134985],[-3.43151907567933,47.62160808125168],[-3.431616022761599,47.62174722667346],[-3.431832665155087,47.6217713938929],[-3.431880326283244,47.62172360836969],[-3.431769838687675,47.621693582429856],[-3.4318551412572,47.62162565741279],[-3.432165751734147,47.62165366862236],[-3.432157894720466,47.62125673819254],[-3.432435464777219,47.621232386224484],[-3.432421657088963,47.62144989250547],[-3.432503439322017,47.62146344030412],[-3.432500458361792,47.62132813976219],[-3.432674856287308,47.621444947245436],[-3.432614464558702,47.62127669170856],[-3.432695969255771,47.62095610735548],[-3.432911525520476,47.620971301376635],[-3.432837059299971,47.62112893923955],[-3.432909637362194,47.62128749098454],[-3.432807548794352,47.62143762257031],[-3.432722516370177,47.62139716137052],[-3.432721164351153,47.6214965770853],[-3.432843569550197,47.62162528535933],[-3.432913434528659,47.62154014963924],[-3.433064813729755,47.62157694819476],[-3.432993865509617,47.62165311280282],[-3.43315201362092,47.62163535154101],[-3.433207538254886,47.62198449576832],[-3.433292839459971,47.62191656971135],[-3.433221075257319,47.62187537635371],[-3.433325063072207,47.62185157373654],[-3.433550374925033,47.62194750734224],[-3.433345902880963,47.6214711207535],[-3.433448806345742,47.62143834682249],[-3.433411981892416,47.62157584497033],[-3.433502432721055,47.62166116164644],[-3.433893743634537,47.62169374410475],[-3.433814394259403,47.62158975275695],[-3.434029953400883,47.621604944708935],[-3.433924331586882,47.62139403173375],[-3.434028584131383,47.62126184155501],[-3.433969005830324,47.62121094483516],[-3.434077326446958,47.62122302631618],[-3.434039952071618,47.621134779617456],[-3.434122817846823,47.62115729747795],[-3.434147741074306,47.62136363489955],[-3.434228439976621,47.62136821029926],[-3.434224657903898,47.6215580705715],[-3.434356001500964,47.62165015986188],[-3.434337291679175,47.621163517673295],[-3.43441717182198,47.62105073481025],[-3.434625432474048,47.621337259338176],[-3.434545287410377,47.62155842924731],[-3.434653344149149,47.6216788971055],[-3.434480843432545,47.62168842187874],[-3.434623289679123,47.62176183582344],[-3.434552343436757,47.62183800137097],[-3.434379023788216,47.6217301679027],[-3.434387162642714,47.62201871119819],[-3.434231181107605,47.622054416504504],[-3.434817465471692,47.62193173450688],[-3.434743268072788,47.621980986616094],[-3.434805015464974,47.62204982528575],[-3.434862692274434,47.62197439230211],[-3.435041696558173,47.62201869404925],[-3.434939612587951,47.62216882744224],[-3.434994593729818,47.62229222580272],[-3.435054702019964,47.62212634820963],[-3.435198234040489,47.62220873261595],[-3.435183324285598,47.621974749226254],[-3.435312766272834,47.62194050816885],[-3.435349586082069,47.62180300944747],[-3.435529936995037,47.62174789472295],[-3.435685654147727,47.62182057458474],[-3.435658294326188,47.62170468210139],[-3.435987858238769,47.62166841931313],[-3.435942630796176,47.62162576194692],[-3.436141931235838,47.621506382389065],[-3.436016004600615,47.62145915097035],[-3.436197437631967,47.62141300637948],[-3.436214220284657,47.621330800104495],[-3.436427349941844,47.621436432219326],[-3.436540268560251,47.621376009166056],[-3.43643684493046,47.62162555966949],[-3.436234292761913,47.62171802621153],[-3.436292789797071,47.621759950592654],[-3.436458786307553,47.62169659613245],[-3.436403280073691,47.62178997225266],[-3.436653489012144,47.62164971794817],[-3.436571705440667,47.62163617305686],[-3.436655917760242,47.62155927336332],[-3.436730936373318,47.62162737811669],[-3.437032052281778,47.62146624896093],[-3.437047794261805,47.62181759025029],[-3.43691726958738,47.62184286206906],[-3.436872084504538,47.62224272381669],[-3.436674127630751,47.62226268885912],[-3.436796804482203,47.622283006060485],[-3.436585056428723,47.62252047762826],[-3.436442344374635,47.62255545297386],[-3.436516280068749,47.6226145866657],[-3.436415544279791,47.62266530560889],[-3.436522784352483,47.62266841364824],[-3.436154789039116,47.62304997937245],[-3.435964416642557,47.623132741358624],[-3.435999627654547,47.623203045019046],[-3.436113634483094,47.62315159359933],[-3.436246069272878,47.623252651853505],[-3.436356823875911,47.62317428670635],[-3.436416406644668,47.62322518215677],[-3.436006691514733,47.62348261681863],[-3.435837996376073,47.62374480185518],[-3.43601618537698,47.623671744104186],[-3.436102307919481,47.62372117402136],[-3.435950658454482,47.62379276624237],[-3.436055732779447,47.62377793238123],[-3.436069824711744,47.623894557493564],[-3.436278889606075,47.623855918303406],[-3.4363736850765,47.62397711729544],[-3.436805084575329,47.623899104528086],[-3.437017921270183,47.62367060388403],[-3.437079673549884,47.62373944129131],[-3.437084269996303,47.62366693910236],[-3.437243506901823,47.62365814347256],[-3.43715144323584,47.623780632238535],[-3.437315276604897,47.62369933432084],[-3.437344290943604,47.624049942180186],[-3.437161506123362,47.624195504118326],[-3.4371845337131,47.62427551150141],[-3.437343513152759,47.62437510250735],[-3.437586967413163,47.62428940627032],[-3.437785757387487,47.624386797615976],[-3.43776086930652,47.624622979499904],[-3.437674743773386,47.62457355082862],[-3.437500891043883,47.62468249565739],[-3.437541526411168,47.624797654520854],[-3.437650939395644,47.62481870380946],[-3.437626309211134,47.62494649887979],[-3.437752245497629,47.62499372847761],[-3.437725446874261,47.62510358127549],[-3.437842709054138,47.6250790416424],[-3.438051261641228,47.62525717275257],[-3.437761228970989,47.625399628907296],[-3.437970866889491,47.62558673127028],[-3.438000144499517,47.62582895194237],[-3.43788479125526,47.6259798206779],[-3.438048372415596,47.62600690850373],[-3.438122056976634,47.62617442774498],[-3.438089836595711,47.626239424898706],[-3.437898629618468,47.62620483210629],[-3.437754048925166,47.62655599781997],[-3.43799725452499,47.626578687471614],[-3.4380877211591,47.62666400037704],[-3.438100164979837,47.626545909528545],[-3.438284609400831,47.626635061854955],[-3.43829653809821,47.62673374427022],[-3.438398364222727,47.62669199493847],[-3.438334437960564,47.626605216075845],[-3.438477159601883,47.62657023849116],[-3.438402131814466,47.626502135032496],[-3.438499619584129,47.62642450109245],[-3.438461149807692,47.62632728491629],[-3.438541856583446,47.62633185732394],[-3.438561319702828,47.62605081983656],[-3.438762799789352,47.62594937833715],[-3.438783089746715,47.62578569858057],[-3.439012449260697,47.625583374757916],[-3.439184706222234,47.625682230011556],[-3.439483413463065,47.62561153932488],[-3.440329197731657,47.6256460827528],[-3.440727555719707,47.62551569552613],[-3.440737823808574,47.625379662102844],[-3.441242339454714,47.62524340605759],[-3.441512080718871,47.62526462153929],[-3.44167749790562,47.62497551519799],[-3.441814537890047,47.62500406472321],[-3.441922032947244,47.6248987810571],[-3.441881388053201,47.6247836237238],[-3.441976697611881,47.62468804460411],[-3.441838573369842,47.62465052415944],[-3.441762709317944,47.62446506491833],[-3.441834733739801,47.62439786620034],[-3.44173533494802,47.62434917401639],[-3.441839323784784,47.62432536384893],[-3.441902168026472,47.62440316978948],[-3.441968767201973,47.62429111545623],[-3.441885558398858,47.62393447171628],[-3.441723066589623,47.62391636034513],[-3.44180944500657,47.623857399245686],[-3.4417509413407,47.623815477672906],[-3.441568169339337,47.62396104652458],[-3.441455752772415,47.62380470075582],[-3.441491473141295,47.623658229117055],[-3.441623085013779,47.623641923321735],[-3.441625004296215,47.62376825235798],[-3.441706792416045,47.62378179369592],[-3.441710297640534,47.62370032021591],[-3.441845164440262,47.623710927502714],[-3.441656051041167,47.62325176461778],[-3.441774808922178,47.62257689986491],[-3.441953571064739,47.622729577875724],[-3.441959830959944,47.62289179141451],[-3.442181072132482,47.62284343701258],[-3.44217856544858,47.62249136306239],[-3.442063730571497,47.62242546242421],[-3.442026591900031,47.622228831442726],[-3.442254589558342,47.62212591667347],[-3.442226379666702,47.62189266772127],[-3.442045449631172,47.62172204782914],[-3.44211288055879,47.6217273513039],[-3.442089011336535,47.621529986738814],[-3.441972258612096,47.6213377568],[-3.442069981413427,47.62115173272077],[-3.442020323863138,47.62063067420645],[-3.442191984260031,47.62050378018233],[-3.441820370989909,47.620081799618234],[-3.441912417565115,47.61995930693962],[-3.441763206599762,47.61994046207654],[-3.441743929243438,47.61967059473807],[-3.441664066644041,47.61978338269161],[-3.441495078594535,47.61971144418835],[-3.441455774278894,47.619496870487495],[-3.441586291069143,47.61947159356629],[-3.441564343783995,47.619400557985664],[-3.441687850348523,47.61953822825925],[-3.441572771774048,47.61958071408445],[-3.441694359471582,47.61959205503865],[-3.441882875397094,47.61982547355086],[-3.441959233019762,47.61979415910449],[-3.441841399678828,47.61959295773642],[-3.441912332538532,47.61951678767374],[-3.442010387819945,47.61966489574293],[-3.441930275861169,47.619886070908564],[-3.441994199922612,47.61997284810279],[-3.442106024214012,47.61990344849764],[-3.442336768478361,47.62004422086806],[-3.442239796547571,47.61990508422496],[-3.442442082543771,47.619920994210645],[-3.442538308937491,47.62038529171197],[-3.442524203800946,47.620268667170286],[-3.442699116941025,47.62016868573552],[-3.443081931164565,47.62101450664343],[-3.443005572454992,47.62104582180422],[-3.443050557387112,47.621196863406944],[-3.443319193762906,47.62120910364967],[-3.443407242508263,47.62138485740576],[-3.443431018921356,47.62113970281989],[-3.443489520974219,47.62118162360873],[-3.443492283010043,47.6214253108263],[-3.443292999310552,47.62154470293154],[-3.443480937505311,47.621552373664024],[-3.443469345131565,47.62178782341943],[-3.443336653218108,47.621795160206396],[-3.443240018816009,47.62199015638836],[-3.443422532600155,47.6219529716909],[-3.443423864702317,47.62185355587645],[-3.443512753336717,47.62214666750425],[-3.443610817888686,47.62229477402985],[-3.4436749939668,47.6222731633025],[-3.443702125137247,47.62249744076147],[-3.44357051672138,47.622513748909135],[-3.443546986999286,47.622650516477286],[-3.443666165190614,47.62275230003742],[-3.443575449666601,47.62277537815343],[-3.443540080807692,47.62325598214763],[-3.443694727997007,47.62331968017913],[-3.443645744295598,47.623466886223525],[-3.443802562800481,47.62354852629217],[-3.44390136857322,47.623371471984626],[-3.443871819530657,47.62323763933347],[-3.44373887779382,47.623353363412676],[-3.443816570778868,47.623222632060546],[-3.44396253571207,47.62321456099274],[-3.443969887082896,47.62338574547455],[-3.444053845869096,47.623417227353656],[-3.444311639920643,47.6233397543956],[-3.444409463966085,47.623596246987944],[-3.444567262399321,47.62324433869308],[-3.444584521854293,47.62294535758139],[-3.44448970957532,47.622824165189776],[-3.444576083169327,47.62276520201121],[-3.44449212510061,47.62273372049695],[-3.444595024155213,47.62270093676687],[-3.444640151779508,47.62230107212741],[-3.444745220753292,47.62228623043771],[-3.444968029901634,47.62203006801637],[-3.445030876001208,47.62210787236521],[-3.445045717950856,47.62189933575776],[-3.445165982809958,47.622010088914216],[-3.445060803368525,47.62158241219031],[-3.445228716654406,47.62164537437759],[-3.445166114180557,47.621459183173855],[-3.445302547688808,47.62126198366781],[-3.445498083874473,47.621332448773764],[-3.445615692379429,47.621642033212325],[-3.445547060509807,47.62118524179116],[-3.445624503475075,47.62116289605703],[-3.445660811463728,47.621242167961114],[-3.445739824438263,47.62101201930505],[-3.445663467291351,47.62104333620359],[-3.44564609851557,47.620899798818016],[-3.445743565520345,47.62082215860871],[-3.4458644310856,47.62115865613276],[-3.445926675514104,47.62101071501845],[-3.446038214112959,47.621082751849215],[-3.446068291606138,47.62096675697371],[-3.446179871374756,47.62100574047938],[-3.446376978432742,47.621861825993385],[-3.446410753461392,47.62158902361309],[-3.44647951105746,47.62149490870034],[-3.44655237068891,47.62154506499443],[-3.446649232544101,47.621241679069406],[-3.446765156276979,47.621316546313714],[-3.446823901144597,47.621250078470716],[-3.446864554009725,47.621365234292945],[-3.446922213039042,47.62128979532827],[-3.446865159931261,47.621590979262635],[-3.446936694503447,47.621740551178924],[-3.44684791368676,47.6218899609192],[-3.447071317888025,47.62185953937201],[-3.447041761735549,47.62172570741899],[-3.44716769875306,47.62177292694275],[-3.447197972985109,47.62158159805802],[-3.44736504184488,47.621527199161456],[-3.447650578547621,47.621899740386105],[-3.447505095011845,47.621691042204894],[-3.447482291737289,47.62150264980579],[-3.447571917528637,47.621470597573804],[-3.447911380089306,47.62195755954081],[-3.447818019911297,47.62217947267433],[-3.447986073703635,47.62268494951933],[-3.447978709550909,47.62251376522889],[-3.448107296047377,47.62236215204489],[-3.448041424771267,47.62214904927603],[-3.448144083193222,47.622224649321545],[-3.448229365775521,47.62215671236518],[-3.448240225846077,47.62224642293467],[-3.448420564946278,47.62219128831792],[-3.448735059511984,47.6224719134775],[-3.448753523207313,47.62262442133793],[-3.448847730490203,47.62251986545506],[-3.449075625213586,47.62296784285895],[-3.449143058412949,47.62297314227141],[-3.449107214824085,47.62267709776017],[-3.449210346098689,47.62253592307201],[-3.449344125245887,47.622537550659715],[-3.449366935532864,47.62272594259513],[-3.449376094863605,47.62258093717349],[-3.44948791502125,47.6225115305935],[-3.449731725236503,47.6227599406794],[-3.449589489946121,47.62257815831091],[-3.449658243212125,47.6224840415747],[-3.449541226656024,47.62240020620302],[-3.449600203630248,47.622225350091426],[-3.449901902835559,47.622289932680566],[-3.449862713763897,47.62251788077088],[-3.450034980924386,47.622616720177696],[-3.450032574795187,47.62270716499035],[-3.449923394973617,47.62257774038738],[-3.450078667339031,47.62286717479377],[-3.450152851819854,47.62281791296558],[-3.450073935924034,47.62249715894226],[-3.45016682084021,47.62249201785104],[-3.450266922917431,47.62221554219041],[-3.450448036685564,47.62282866790755],[-3.450557450722067,47.62284970512696],[-3.450462857674452,47.62262013068939],[-3.450514692135722,47.622165703066194],[-3.450723665781207,47.62267794354283],[-3.450674312197171,47.62249102087986],[-3.450766342610228,47.62236852137539],[-3.450926196491616,47.62258545191937],[-3.450987110526716,47.62253692408654],[-3.451020167962163,47.62258928117987],[-3.451070217011853,47.6224510430064],[-3.451168534276973,47.622490756265016],[-3.451201822981493,47.622434726407434],[-3.451241399672896,47.622540909608176],[-3.451451534834863,47.62251121426089],[-3.45149443783598,47.62209340488061],[-3.451662360316348,47.62215635780153],[-3.451828569661787,47.62198459458382],[-3.451937752889092,47.62211401744525],[-3.45198562585164,47.62195783679859],[-3.452068500471746,47.62198034191629],[-3.452116542545669,47.62226667993612],[-3.452170935121948,47.62216432535241],[-3.452266850352562,47.62229448256813],[-3.452209885007786,47.62204476337684],[-3.452351269885052,47.62210918466412],[-3.452234707962452,47.6218085781051],[-3.452415270110658,47.6216450503611],[-3.452625172867445,47.62172373983739],[-3.45263689877271,47.621930807973435],[-3.45272000166025,47.621844925692685],[-3.452803735318215,47.62198478824159],[-3.452776338252037,47.62186889978077],[-3.45285377918273,47.62184654926097],[-3.453064315519796,47.62215098281294],[-3.452969712929923,47.62192141032339],[-3.453127855184967,47.621903622015594],[-3.453232694022566,47.62199715962259],[-3.453211817040227,47.621935097335324],[-3.453292518437917,47.62193965956108],[-3.453420182009847,47.622221588210905],[-3.453402385072109,47.62174392024427],[-3.453507450512705,47.621729070667875],[-3.453773466314634,47.621940118724766],[-3.453698651569869,47.621763637987605],[-3.454088212796301,47.62211234258165],[-3.454326832198229,47.62220750119727],[-3.454374473579007,47.622159706507276],[-3.454382082853541,47.62222250350619],[-3.454630935343255,47.62218162664984],[-3.454882825176324,47.622276049171255],[-3.455197995381968,47.62278240170372],[-3.455351790587031,47.62272872643382],[-3.455614779036564,47.62280447033793],[-3.45580729437284,47.62273961827944],[-3.455678529692479,47.62244872132749],[-3.455858640128769,47.6225019621436],[-3.455865607203008,47.62233901422612],[-3.455967189759083,47.62240563640267],[-3.456051375351123,47.62232872275696],[-3.455853647011272,47.622240333384504],[-3.455902595924083,47.622093122129215],[-3.455966766783186,47.62207150464585],[-3.45595545083209,47.62219856865165],[-3.456050730576227,47.622102977921976],[-3.455988955729009,47.62203415048899],[-3.456197556964632,47.62221224947244],[-3.45625737842757,47.622154747898655],[-3.455953940633957,47.62185546587258],[-3.456127746494652,47.62174649342179],[-3.456270868358605,47.622045625826644],[-3.456205848714539,47.621398979792076],[-3.456340712578307,47.62140957035319],[-3.456355289504009,47.62130941921532],[-3.45627154760092,47.621169559164294],[-3.456420767120325,47.62118838547925],[-3.456552794975616,47.62150619474964],[-3.45664893976359,47.62152796144882],[-3.4566458976057,47.62139266153397],[-3.456790768165745,47.621375603444314],[-3.456600006805956,47.62112426721747],[-3.456695283478641,47.621028675909265],[-3.456621107521377,47.621077941938076],[-3.456601314348281,47.6210248512118],[-3.456775116183368,47.62091587775119],[-3.456720086117073,47.62079248956139],[-3.456912153818171,47.62094440962166],[-3.456883660935099,47.62081955108003],[-3.456998729993142,47.62077705019594],[-3.456840592365209,47.62079484375528],[-3.456755762590452,47.62064601303048],[-3.456812319450337,47.62056159817073],[-3.456988074868023,47.6205789533585],[-3.456908682167994,47.62047497764594],[-3.457052243467547,47.62055733526195],[-3.456998300574037,47.62044291816357],[-3.457219517973158,47.62039453521506],[-3.45719646203299,47.62031453162508],[-3.45737112925791,47.62032291525641],[-3.457549928452808,47.62047556956982],[-3.457649116432912,47.620632635410615],[-3.457581249026454,47.62084411492413],[-3.457677611006448,47.62075749377748],[-3.457863155714124,47.62085558642541],[-3.457763096903295,47.620581162792554],[-3.457894478693819,47.620673225654095],[-3.457939940299747,47.62060748752338],[-3.458078935874929,47.62076234698977],[-3.458184215018842,47.62063910618485],[-3.458123526750539,47.62057925080102],[-3.458208577118768,47.6206196935222],[-3.458255125949685,47.6205629262387],[-3.458253821498389,47.620662342286415],[-3.458395426514495,47.62061836928707],[-3.458268177866306,47.62067057788996],[-3.458292323233881,47.62075955222379],[-3.458450460273387,47.62074175669845],[-3.458314293335366,47.62083058460972],[-3.458265785773151,47.620761022962135],[-3.458175079945506,47.62078411244092],[-3.458233376348661,47.62093441285511],[-3.458516371362488,47.62095485374879],[-3.458572925765651,47.620870438049856],[-3.45853181556174,47.62097206028565],[-3.45863992523525,47.62109250598225],[-3.45873280688205,47.621087358074966],[-3.45904734914862,47.62136795562327],[-3.459215493097865,47.62132251073004],[-3.459307072580982,47.621416778386624],[-3.459321643943788,47.62131662687897],[-3.45950740786785,47.62130632990742],[-3.45948543598309,47.621235297763285],[-3.45961377268536,47.621192058804986],[-3.459545466984026,47.62106940748397],[-3.459758855493503,47.62106661003897],[-3.459916118428232,47.62093145457613],[-3.459788209958272,47.6207579198575],[-3.459953087517826,47.62068556101908],[-3.459960489814403,47.62085674471321],[-3.460064463717245,47.62083291827742],[-3.460087075427093,47.620578789282426],[-3.460228678711539,47.62053481405846],[-3.460288281289718,47.62058569739754],[-3.460278489307803,47.620504958825585],[-3.460359189147202,47.6205095161718],[-3.460259993422772,47.62035245262279],[-3.460431821937877,47.62011714472785],[-3.460531017730609,47.62027420814988],[-3.46066696766795,47.62029376467275],[-3.460664579655583,47.62038420981148],[-3.460718953925103,47.62028185114855],[-3.460912330665721,47.62033434858315],[-3.461025430401505,47.62016551478017],[-3.46117075176007,47.620482583314434],[-3.461294522004743,47.620511845746215],[-3.461384137838773,47.620479782899054],[-3.461198587967934,47.62038169582603],[-3.461299506508013,47.620222568407584],[-3.461732596229969,47.62037917939891],[-3.461688857179593,47.62012872882471],[-3.461971640001034,47.62025754840223],[-3.461949665269223,47.62018651668348],[-3.462053636978966,47.62016268846864],[-3.461937694313942,47.620087836356156],[-3.462005125151409,47.620093128350376],[-3.461978797353855,47.61998621287552],[-3.462061673125254,47.62000871092483],[-3.462020988513791,47.61989356031436],[-3.462093651563495,47.62005209401327],[-3.462364254765898,47.620190619384566],[-3.462424275646733,47.62002472753675],[-3.462513681841305,47.620101050872655],[-3.462496268068825,47.619957515926856],[-3.462749249720085,47.62006089252418],[-3.462676584711605,47.61990235923389],[-3.462838656439809,47.6201372156099],[-3.462902822139124,47.620115594293985],[-3.462798177620349,47.619913678214836],[-3.462994820397298,47.619993085006],[-3.462971341548327,47.62012985666024],[-3.463101642744287,47.620212942756275],[-3.463079666527363,47.62014191124854],[-3.463201260067164,47.6201532298084],[-3.463276723753709,47.62000454344518],[-3.463459892863615,47.62019307244023],[-3.463509759257913,47.6207141219366],[-3.463615908420705,47.620708234180704],[-3.463709671777985,47.62082044025501],[-3.463713143229077,47.62073896599392],[-3.463891284039861,47.62066586560788],[-3.464045742967437,47.62083792379524],[-3.464048125271868,47.620747478608486],[-3.464232797637994,47.62072820320149],[-3.464260628187392,47.62062731499608],[-3.464324589430752,47.62071407993143],[-3.464203878320844,47.620820120480445],[-3.464413795207812,47.62089878880253],[-3.464310027617838,47.62081423209402],[-3.464372016154807,47.620774668150794],[-3.464504498531775,47.62087569447989],[-3.464456458961068,47.62114026734633],[-3.464698358758886,47.62126231754974],[-3.46472401119342,47.621143487444535],[-3.464927397365376,47.62116832938184],[-3.465053145892226,47.621323916626466],[-3.465102068596928,47.621176701447375],[-3.465202571628339,47.62123434472638],[-3.465121870279956,47.621229790728535],[-3.465244352972097,47.621358465051706],[-3.465203255091902,47.621460089610004],[-3.465310291941249,47.621571558199655],[-3.465412087087865,47.6215297852099],[-3.465532191341034,47.62174890438364],[-3.465471291427748,47.6217974398212],[-3.465390791514196,47.62168449904145],[-3.465317509081301,47.62185112844156],[-3.465139366268375,47.621924230958534],[-3.465081326422044,47.622216452785835],[-3.464989532246261,47.622230576639765],[-3.464966463868997,47.62215057465947],[-3.46491566457877,47.622199415403]],[[-3.416288907280114,47.63001545987503],[-3.416225012985054,47.62992866906415],[-3.41617841129358,47.629985419314394],[-3.416288907280114,47.63001545987503]],[[-3.416426901195782,47.63049552729105],[-3.416560221424228,47.630271448347045],[-3.416499568888551,47.630211571639215],[-3.416426901195782,47.63049552729105]],[[-3.417998830502108,47.625469112098024],[-3.418125347235358,47.6252995895179],[-3.417980453688128,47.62531659961033],[-3.417903291871302,47.62523054029563],[-3.417754557515015,47.625437409469434],[-3.417998830502108,47.625469112098024]],[[-3.41796282959279,47.62328562740546],[-3.418018369635226,47.623192260123375],[-3.417911129590506,47.623189135094464],[-3.41796282959279,47.62328562740546]],[[-3.419903281804309,47.624090867016065],[-3.419904657759822,47.623991451583464],[-3.419819336205022,47.6240593677889],[-3.419903281804309,47.624090867016065]],[[-3.419977592620813,47.623599106051444],[-3.420044236811215,47.62348706417761],[-3.419952428549966,47.62350115262336],[-3.419977592620813,47.623599106051444]],[[-3.420052004082163,47.62388399496291],[-3.420187161133688,47.62378624050137],[-3.420094859651456,47.62357458421791],[-3.419988111007836,47.623797205936405],[-3.420052004082163,47.62388399496291]],[[-3.420247023142581,47.62372875742437],[-3.420340206852213,47.62361525329176],[-3.420155802837504,47.62352607249334],[-3.420247023142581,47.62372875742437]],[[-3.42078805045982,47.618686802769346],[-3.420713642314507,47.61840191356689],[-3.420684356279362,47.618602207217016],[-3.42078805045982,47.618686802769346]],[[-3.423912648691413,47.62067298743666],[-3.42407757459657,47.620600679249044],[-3.423998245967512,47.62049668117462],[-3.423912648691413,47.62067298743666]],[[-3.426739665324557,47.64244415057064],[-3.426853722186638,47.642392708701614],[-3.426719893956029,47.64239105537004],[-3.426739665324557,47.64244415057064]],[[-3.42427669310927,47.61804297766427],[-3.424266956053741,47.61796223597619],[-3.424172994651597,47.61795838518163],[-3.42427669310927,47.61804297766427]],[[-3.427919799761869,47.64159340261135],[-3.427960984141711,47.64149179224045],[-3.427863732119183,47.64146103099447],[-3.427810356223951,47.64157234438984],[-3.427919799761869,47.64159340261135]],[[-3.427567393200933,47.6233974914964],[-3.427587437446655,47.62334220027616],[-3.427399495238384,47.62333450397579],[-3.427567393200933,47.6233974914964]],[[-3.429812287912462,47.64287979625478],[-3.429863494265147,47.642750539756115],[-3.429761630822007,47.64279228130036],[-3.429812287912462,47.64287979625478]],[[-3.4302988076312,47.644252749193825],[-3.430398506529188,47.64419306497195],[-3.430291223556571,47.644189951344025],[-3.4302988076312,47.644252749193825]],[[-3.429430833981604,47.62367400141306],[-3.429635571174356,47.623599489209816],[-3.429601451184876,47.623538154869195],[-3.429430833981604,47.62367400141306]],[[-3.429835701523086,47.62359747855372],[-3.429851411714562,47.62350630206381],[-3.4296715986745,47.62334463436871],[-3.429629073721624,47.623545661869706],[-3.429835701523086,47.62359747855372]],[[-3.432359667028244,47.64372364252958],[-3.432477241834817,47.64359072284444],[-3.432347745511787,47.64362496037608],[-3.432359667028244,47.64372364252958]],[[-3.430406850416822,47.62334922168215],[-3.430296633853102,47.62321080756104],[-3.430177206321669,47.62321739720193],[-3.430193451259901,47.623351965495246],[-3.430406850416822,47.62334922168215]],[[-3.430313197095284,47.62146691432352],[-3.430336760198653,47.62133014934023],[-3.430176172342805,47.62143835125241],[-3.430313197095284,47.62146691432352]],[[-3.430531693491143,47.62338748788683],[-3.430531966581259,47.62327910107765],[-3.430410372858651,47.623267748523986],[-3.430531693491143,47.62338748788683]],[[-3.430812818125566,47.621954110794],[-3.43061107373773,47.621721406896405],[-3.430624615980589,47.621612287768066],[-3.430484341653489,47.62155681139047],[-3.430441011443766,47.62164048124755],[-3.430489756713429,47.621601667513545],[-3.430673625754546,47.62190760587358],[-3.430812818125566,47.621954110794]],[[-3.431007510640258,47.623234797906804],[-3.431025384992008,47.62316156366705],[-3.430888355508694,47.62313300145637],[-3.431007510640258,47.623234797906804]],[[-3.431320296407451,47.623280753765656],[-3.431327609956493,47.62300942055895],[-3.431164852743241,47.62309968131766],[-3.431320296407451,47.623280753765656]],[[-3.431675058409274,47.62334245416731],[-3.431733824293739,47.623275993984755],[-3.431511759748411,47.623206970563224],[-3.431498218914384,47.62331608970506],[-3.431675058409274,47.62334245416731]],[[-3.431712430420888,47.623430701522715],[-3.431757926613801,47.6233649736802],[-3.431623062693518,47.623354354743846],[-3.431712430420888,47.623430701522715]],[[-3.435232290917687,47.64548870095274],[-3.435265610701537,47.64543267630482],[-3.435172684419103,47.64543780548445],[-3.435232290917687,47.64548870095274]],[[-3.432935950074686,47.62316448770344],[-3.432981444534282,47.62309875937533],[-3.432876370691942,47.62311359047594],[-3.432935950074686,47.62316448770344]],[[-3.433045625881278,47.62307715449771],[-3.433078933971674,47.62302112982382],[-3.432998232669227,47.62301655363371],[-3.433045625881278,47.62307715449771]],[[-3.433518495808082,47.62411670911415],[-3.433575360001922,47.62392391888103],[-3.433420455910225,47.623968594254634],[-3.433518495808082,47.62411670911415]],[[-3.434020220555287,47.62196672279577],[-3.434051359694715,47.62189275543186],[-3.433969576411175,47.62187920872012],[-3.434020220555287,47.62196672279577]],[[-3.434120425707657,47.62213277968104],[-3.434203558695357,47.62204691058664],[-3.434087385129975,47.62208041779337],[-3.434120425707657,47.62213277968104]],[[-3.437537571865394,47.64543368250312],[-3.43764728591138,47.64534634598257],[-3.437545682558965,47.64527970866469],[-3.43745032828474,47.645375283149924],[-3.437537571865394,47.64543368250312]],[[-3.435708974682007,47.622234714204936],[-3.435683782390057,47.62213676409947],[-3.435623938789235,47.62219425513413],[-3.435708974682007,47.622234714204936]],[[-3.436451255221712,47.62528233215517],[-3.436506765002993,47.625188956179755],[-3.4363586254002,47.625179075614625],[-3.43634400990202,47.62527922405432],[-3.436451255221712,47.62528233215517]],[[-3.436415140385662,47.62420963452767],[-3.43642325109205,47.624055659076134],[-3.436201999680732,47.62410400254105],[-3.436209587855038,47.6241668006595],[-3.436367742343139,47.62414903506629],[-3.436415140385662,47.62420963452767]],[[-3.436450432215326,47.625164974285305],[-3.43639544474934,47.62504157679241],[-3.43634995283763,47.62510730638461],[-3.436450432215326,47.625164974285305]],[[-3.436121111339379,47.6218868358639],[-3.436188803483927,47.62178375585325],[-3.436108103785471,47.62177918180904],[-3.436121111339379,47.6218868358639]],[[-3.436227265848226,47.62188097300489],[-3.436407616118454,47.62182585692728],[-3.436348034919848,47.621774961435776],[-3.436227265848226,47.62188097300489]],[[-3.437679847808183,47.626605251677596],[-3.437686612331107,47.6265506918418],[-3.437594803459312,47.6265647941327],[-3.437679847808183,47.626605251677596]],[[-3.437643399079552,47.6251984238833],[-3.437681299424432,47.62506989579926],[-3.437542918350156,47.62514075700984],[-3.437643399079552,47.6251984238833]],[[-3.440227176761851,47.64468909750292],[-3.440205220914268,47.64461806259234],[-3.440394578239679,47.6445263235874],[-3.44010795613693,47.6445873115884],[-3.440227176761851,47.64468909750292]],[[-3.440226852165636,47.64435496954538],[-3.440296735123273,47.644269830409314],[-3.440230614498858,47.64416511131646],[-3.440153967335871,47.64430480989678],[-3.440226852165636,47.64435496954538]],[[-3.443419812525665,47.64401598652481],[-3.443599144505345,47.64395188897242],[-3.443536274767347,47.6438740847317],[-3.443419812525665,47.64401598652481]],[[-3.442778474528146,47.62413798145887],[-3.442990201445902,47.62390049886064],[-3.442958390386538,47.62330620541355],[-3.442591928311693,47.62303747028162],[-3.44267297024243,47.62337617147641],[-3.442592267581426,47.623371601916254],[-3.442622152950064,47.62383956643608],[-3.442778474528146,47.62413798145887]],[[-3.443155016142869,47.62338564546883],[-3.443261420104228,47.62327138938324],[-3.443172530977056,47.62297827773351],[-3.443232120024796,47.62302916971189],[-3.44328885153874,47.62239385603196],[-3.443174262917934,47.622219569585766],[-3.443171845183183,47.62231001427522],[-3.443015868673335,47.62234573130812],[-3.443143878664244,47.62196837865637],[-3.442865720651384,47.62176701112116],[-3.442814565907959,47.621896274717926],[-3.442711915664937,47.62182066997538],[-3.442643151007344,47.62191478265422],[-3.442644327166439,47.622366272483205],[-3.442748063452767,47.62245084837079],[-3.442612114589967,47.62243127101157],[-3.442652759269291,47.622546428229825],[-3.442732375598537,47.62254202664362],[-3.442660354810439,47.62260922597923],[-3.442732964059809,47.62276777149802],[-3.442671205614509,47.622698937045485],[-3.442594844254671,47.62273025191066],[-3.442577822357254,47.62292084590522],[-3.443155016142869,47.62338564546883]],[[-3.442893903131628,47.624429625997074],[-3.442970266746906,47.62439831096371],[-3.442920690780783,47.6243197719755],[-3.442893903131628,47.624429625997074]],[[-3.443333397692693,47.621768246893105],[-3.443242093091093,47.621565579797306],[-3.443148123980876,47.621561744276725],[-3.443126421268626,47.62138232212294],[-3.442901342561114,47.62117802000991],[-3.443041133429732,47.621450255380026],[-3.442989979414558,47.62157951907466],[-3.443333397692693,47.621768246893105]],[[-3.445522067816484,47.62296575564319],[-3.445614110870475,47.62284326022864],[-3.44547381773444,47.6227878018902],[-3.445522067816484,47.62296575564319]],[[-3.455906924569216,47.62267991163106],[-3.455924986107164,47.62249828665709],[-3.455836450897319,47.622539316266725],[-3.455906924569216,47.62267991163106]],[[-3.456800738449439,47.621066823740925],[-3.456711814520329,47.621054853669655],[-3.456801214273017,47.62113118133808],[-3.456800738449439,47.621066823740925]],[[-3.457296079954351,47.62080572980539],[-3.457178186581991,47.620604544019464],[-3.457000256123946,47.6205692471523],[-3.456954793393494,47.62063498491852],[-3.457296079954351,47.62080572980539]],[[-3.458111999166508,47.62081470212335],[-3.45817181700141,47.62075719952775],[-3.458053486034665,47.62077278865181],[-3.458111999166508,47.62081470212335]],[[-3.459729714490109,47.62126691318209],[-3.459705566497479,47.62117793916861],[-3.459627041504469,47.62119132328358],[-3.459729714490109,47.62126691318209]],[[-3.460785749929299,47.62061230494325],[-3.460810322674826,47.620484504710134],[-3.460711790129543,47.62055318655686],[-3.460785749929299,47.62061230494325]],[[-3.460823591301592,47.62048376905253],[-3.460908854966584,47.62041582277783],[-3.460849251986587,47.62036493975104],[-3.460823591301592,47.62048376905253]],[[-3.462513473697182,47.62020943792458],[-3.462422978972278,47.62012414365835],[-3.462433862479922,47.62021385300017],[-3.462513473697182,47.62020943792458]],[[-3.463373131490868,47.620468823744154],[-3.463376809825167,47.6202789624348],[-3.46327957604822,47.62024823033434],[-3.463187578003813,47.62037073983061],[-3.463373131490868,47.620468823744154]],[[-3.464930257256798,47.62141201608512],[-3.46486302784255,47.621298338793885],[-3.46472578139348,47.621378203248696],[-3.464930257256798,47.62141201608512]]]},"properties":{}}]}