{"type":"FeatureCollection","features":[{"type":"Feature","geometry":{"type":"MultiPolygon","coordinates":[[[[-3.498423142559568,47.65378659703823],[-3.498546085285097,47.65376273783052],[-3.498544855098519,47.65386215260487],[-3.498423142559568,47.65378659703823]]],[[[-3.498367428731763,47.65375553494169],[-3.498177631607447,47.65381036664381],[-3.498024062185542,47.65364732699772],[-3.497904824338109,47.653775486185786],[-3.49794659403174,47.653669707095375],[-3.497788372587881,47.65368755579214],[-3.497787140991147,47.65378697056244],[-3.497884131509669,47.65379772716961],[-3.497811367246428,47.65387593518811],[-3.497593743750118,47.65362614987715],[-3.49765373755268,47.65359704482876],[-3.497639184514783,47.653560397424386],[-3.497464402172423,47.65355207416076],[-3.497514085580647,47.65363058878828],[-3.497418961199444,47.65361782654586],[-3.497381184493768,47.653746372072916],[-3.497245273590262,47.653618473406546],[-3.497169994901566,47.6536587938962],[-3.497262791831666,47.65376200065407],[-3.496838085424689,47.65367728779715],[-3.496829867448225,47.65404803544367],[-3.497119760083175,47.654013819979],[-3.497023816592388,47.65377531654683],[-3.49720612598736,47.653954818846564],[-3.497104155870998,47.65410500404098],[-3.496838626068909,47.6541197990841],[-3.496783191793512,47.65421320230248],[-3.496718320379971,47.65390071579798],[-3.496539018817187,47.65396489453021],[-3.496450601968368,47.65389756904712],[-3.496527792728727,47.65409196034895],[-3.496374088049769,47.65403730376135],[-3.496385314492797,47.653910237953745],[-3.496314413692312,47.65398643972525],[-3.49603122902236,47.65396609076949],[-3.495978403736971,47.65375227892126],[-3.495893131466713,47.65382024961775],[-3.49572177326356,47.653730449931125],[-3.495547414164716,47.653396968124234],[-3.495492931692543,47.65360772646158],[-3.495390004325959,47.65364055450069],[-3.495156643807605,47.653590333708074],[-3.49516910952592,47.65336385322826],[-3.495001847470229,47.65352670482796],[-3.49484828856973,47.65336366098461],[-3.494727564265407,47.65346973127926],[-3.494551831432319,47.653344047947904],[-3.494482023184052,47.65342921910981],[-3.494832395427631,47.65367161522303],[-3.494800227536019,47.65373662707567],[-3.494565915875526,47.65356904940906],[-3.494551401863769,47.65366920362963],[-3.494403315964704,47.65355101160884],[-3.494143259993497,47.65361065293279],[-3.493937836772071,47.65335115086401],[-3.493958629024173,47.653521590081404],[-3.493734024723631,47.65354313032216],[-3.493661222052474,47.65338461907197],[-3.49360468870624,47.65346905033088],[-3.493562816242757,47.653344942224564],[-3.493372570435006,47.65331941122603],[-3.493133888345793,47.65311594868386],[-3.493086254049591,47.653163758411175],[-3.492927084817176,47.65306424478918],[-3.492823062787439,47.6530881000805],[-3.492851657005356,47.65321294775378],[-3.492652512113186,47.65322403685134],[-3.492377286519531,47.65304970203126],[-3.492318858847139,47.65289942117467],[-3.492013504936571,47.65291642292948],[-3.491852798468281,47.65313309308869],[-3.491763294957448,47.65305679352364],[-3.491756582374434,47.653111355727745],[-3.491571807875538,47.6531306743304],[-3.491629139760988,47.6532719850347],[-3.491499657934893,47.653306287941284],[-3.491164467110178,47.65329785420598],[-3.491196639167462,47.65323284333926],[-3.49108495912762,47.65319390349796],[-3.491011864045082,47.65325216105535],[-3.490986555585595,47.65315422447729],[-3.490753050434596,47.65321238012123],[-3.490420199361671,47.65311350004129],[-3.490287436020041,47.65312089004883],[-3.490341483335989,47.653235289824664],[-3.490059398602555,47.653223896910184],[-3.489974272124034,47.653183478069714],[-3.490035185569623,47.653134930647596],[-3.489927881166903,47.653131871791565],[-3.490081728902309,47.65307815164026],[-3.489662507339686,47.653038265292565],[-3.489561764652632,47.65308902926204],[-3.489367147467594,47.65302760962746],[-3.489441337600093,47.652978323621454],[-3.489267651976951,47.65297895862582],[-3.489200022817224,47.653082067709924],[-3.4890995881357,47.65291606078425],[-3.48875221728253,47.6529173295191],[-3.488691458010739,47.65285749102453],[-3.48857743843434,47.65290899296148],[-3.488578687171458,47.652809578243264],[-3.488650690880131,47.652742351656336],[-3.489224696463818,47.652845878401855],[-3.489351991548244,47.65279363694537],[-3.489553169331433,47.652908879786104],[-3.490087349522502,47.6530146190082],[-3.490541082758559,47.65289904892306],[-3.491316425835889,47.65300942091955],[-3.491397327080642,47.65290557148817],[-3.491660664481534,47.65287284778049],[-3.491766725666628,47.65297531979467],[-3.491811079099127,47.65290059907778],[-3.49194150523028,47.65298365158216],[-3.491944138651236,47.65267643680861],[-3.492181868218352,47.65276254605976],[-3.492321342373359,47.65270059165234],[-3.492430834163671,47.652721589316855],[-3.492515667119293,47.65297877689923],[-3.492659517858849,47.652952704098674],[-3.492477227185022,47.65277319461247],[-3.492980189955582,47.653061287604665],[-3.493116527527236,47.652864035510255],[-3.493239004493599,47.65310106360959],[-3.493390514804496,47.65313778336386],[-3.493452664748828,47.65298981939923],[-3.49351437846393,47.65316701115341],[-3.493680259740464,47.65321196166038],[-3.493699152385223,47.653147689479695],[-3.493804123730836,47.65324118914168],[-3.493879404373933,47.65320087081139],[-3.494335983261095,47.653437353184344],[-3.494425634534956,47.65340526553406],[-3.494332987346734,47.653193671262486],[-3.494568534213625,47.653261834670616],[-3.494635867191131,47.65337549297156],[-3.494925900007478,47.65323289769706],[-3.495212363977763,47.6532801607613],[-3.495253145679733,47.6533952978077],[-3.495441203498414,47.65340288480129],[-3.49549226093701,47.65327360029456],[-3.495585195041161,47.65326842316649],[-3.495717817196051,47.65336941238052],[-3.495709873156557,47.653523389564846],[-3.495855913105531,47.65351525377378],[-3.495893412395728,47.65360347918332],[-3.49607257342071,47.65364768665363],[-3.496070243935533,47.65373813094406],[-3.49622299251738,47.653675432261075],[-3.496594453262057,47.65387149141552],[-3.496759383217811,47.65379908186709],[-3.496787308158053,47.65358980242638],[-3.497016290812631,47.65360413814084],[-3.496954564961656,47.65342694827666],[-3.497310560504594,47.653605804017566],[-3.497404589924502,47.653609595896384],[-3.497308508298759,47.65347947788277],[-3.497510937962494,47.65349529220723],[-3.497596207652304,47.65342732031873],[-3.497858175895911,47.65360238266682],[-3.497964386691269,47.65359646379376],[-3.498146147149642,47.65333345328254],[-3.498602881042336,47.653461533737406],[-3.498918361092478,47.653308478240554],[-3.499057694816763,47.65335490105543],[-3.499176219843976,47.65323088540731],[-3.499337591694917,47.653348331379156],[-3.499498268414628,47.65313165095257],[-3.499707269156155,47.65320128408148],[-3.499702755264784,47.653273787601556],[-3.499814574258322,47.653204333957966],[-3.499968147876661,47.65336737128893],[-3.500109805295221,47.65332334846459],[-3.500523297623568,47.65353511568664],[-3.500669336870358,47.65352697388056],[-3.500696020163208,47.65341710829614],[-3.50081331557157,47.6533925058131],[-3.50066372879732,47.65359050700397],[-3.500442544410711,47.65353058617099],[-3.50040039337788,47.65362325098643],[-3.500092979101354,47.653513947767436],[-3.499908206227725,47.65353327954664],[-3.499793365803392,47.65335905150766],[-3.499505802090945,47.65330282924094],[-3.499338553463927,47.65346568705249],[-3.499158295139357,47.65341251414852],[-3.498922607434245,47.65345274523537],[-3.498892634982788,47.65353569909803],[-3.498479973793783,47.65354966702092],[-3.498793821289611,47.65382118232993],[-3.498474363111234,47.65361320003849],[-3.49845766623861,47.6536954138588],[-3.498241135503856,47.65345460017261],[-3.498255235534966,47.65367960117587],[-3.498367428731763,47.65375553494169]],[[-3.490243080270564,47.65319561017883],[-3.490231049580109,47.653096934445315],[-3.490122651563756,47.653084905246494],[-3.490118124657374,47.65315740840025],[-3.490243080270564,47.65319561017883]],[[-3.493768527177443,47.653387674499626],[-3.493810689542409,47.65329501206511],[-3.493641525076766,47.653223150278464],[-3.493768527177443,47.653387674499626]]]]},"properties":{}},{"type":"Feature","geometry":{"type":"Polygon","coordinates":[[[-3.503223542955318,47.65279098491997],[-3.503316322441006,47.652873604987775],[-3.50313155295308,47.652892941869816],[-3.503125460256233,47.65296811428441],[-3.503090628792726,47.65288619281835],[-3.502996474211406,47.65299079078237],[-3.503121750068251,47.653013890917364],[-3.503110228439005,47.65315604530659],[-3.502852628421864,47.65301687630622],[-3.502747388583989,47.65314015528878],[-3.502600254935325,47.65313932928788],[-3.502637638351476,47.65333593779965],[-3.502218405381703,47.65329609649914],[-3.502266999821039,47.65336563870846],[-3.502128631181949,47.65343657537232],[-3.502042399532581,47.65338719491881],[-3.502110004259226,47.65328407842067],[-3.501939604802417,47.65331164348615],[-3.50201951816361,47.65309043105101],[-3.502154471206046,47.65310096853491],[-3.502179800140191,47.65319890269618],[-3.502565905283664,47.65318640248547],[-3.502410132761435,47.65300542773729],[-3.502633635514117,47.652974900410015],[-3.502681134412821,47.65303547205319],[-3.502670176539997,47.65294576799881],[-3.502818405466334,47.652955564316045],[-3.502785151931394,47.653011607986635],[-3.502964442776468,47.65294741963949],[-3.503117306779166,47.65277632664429],[-3.503074442758081,47.65253486620987],[-3.503338867053125,47.65251108658481],[-3.503395133536701,47.652643421160285],[-3.503520222418838,47.65257322346494],[-3.503531431534739,47.652446156874035],[-3.503283696725612,47.65238772237568],[-3.503293810489623,47.65225168539205],[-3.503403305675887,47.65227267278094],[-3.503392346745543,47.65218296875849],[-3.503484182276423,47.65216881494341],[-3.503441191956282,47.65203573989076],[-3.503756525209626,47.65199105654566],[-3.50387259585358,47.65206586589615],[-3.503746661688242,47.651910322943635],[-3.504233360194758,47.65195542631594],[-3.504288779081711,47.651862019453745],[-3.504525551787414,47.65183074790483],[-3.504627251233015,47.65189732672913],[-3.504739060931162,47.65182786832381],[-3.504929184753697,47.651961766167936],[-3.505013346383868,47.651884818423866],[-3.505460339265754,47.65182375334832],[-3.505495902675418,47.6516772643109],[-3.505934002749037,47.65165281967956],[-3.505931930200914,47.651526493567914],[-3.506048122714631,47.6514929154246],[-3.506210720288361,47.65151093704205],[-3.506230574130093,47.65156401851218],[-3.506124368298208,47.65156994490407],[-3.50622497288555,47.651627551967536],[-3.506413026031842,47.651635121312275],[-3.506335564318921,47.65165750699427],[-3.506412906942513,47.65174350665583],[-3.50649487328416,47.651648617082735],[-3.506577698239291,47.65177946851252],[-3.50677452358465,47.65185880026916],[-3.506886094149774,47.65200611047247],[-3.506761129408717,47.6519679264663],[-3.506664790765548,47.652054586692955],[-3.506862831905448,47.652034503340275],[-3.506835065533481,47.652135400041445],[-3.507086092597608,47.65222073812228],[-3.507104733371793,47.6523732343653],[-3.50733469291511,47.65250490553897],[-3.507315699666765,47.652677565236196],[-3.507165160052836,47.65275821917895],[-3.507096704640758,47.652635597696026],[-3.50689317891022,47.65261082960108],[-3.506809373704801,47.65236262277995],[-3.506690986875815,47.65237826092369],[-3.506675755171452,47.65214429041449],[-3.506613761566621,47.652183876162034],[-3.506485507372674,47.65211878074706],[-3.506517660050056,47.65205376562367],[-3.506342881259288,47.65204545563212],[-3.506415957947323,47.65198718844997],[-3.506344096873957,47.65194604068169],[-3.506263345572267,47.651941515184475],[-3.506249950330048,47.652050641318304],[-3.506127178634951,47.652030397388025],[-3.506261152835146,47.65192357443095],[-3.506025716817237,47.651747049206186],[-3.505517827438559,47.651856672003404],[-3.505577508187408,47.65190753139637],[-3.505406993785101,47.65204348686314],[-3.505278741400971,47.65197839011898],[-3.505142572729317,47.65206727117356],[-3.505058532839497,47.65203583368389],[-3.504934543390135,47.65211500343393],[-3.505036243887927,47.6521815818924],[-3.504806169056299,47.6521582914921],[-3.504768656044119,47.65207006887637],[-3.504456611377634,47.652141666129054],[-3.504109369707828,47.65203459519381],[-3.5039953667748,47.65208611219465],[-3.504327017215607,47.65228436857864],[-3.503977458860243,47.65226774178345],[-3.503882459594279,47.65214659948101],[-3.503835931761573,47.65220338401154],[-3.503699884714312,47.65218387806484],[-3.503574672124978,47.65236246127232],[-3.503647627561968,47.65241258113366],[-3.503528143776451,47.65241924567391],[-3.503737022459343,47.65259725691401],[-3.503533498434904,47.65257248296744],[-3.50358647766233,47.652677906250126],[-3.503510109171164,47.65270926044528],[-3.50352789387282,47.65263601626001],[-3.50341279318826,47.65267856227742],[-3.50325360614393,47.65257906269581],[-3.503211335149645,47.65278011385266],[-3.503219667460915,47.65278753378764],[-3.503130582851362,47.65277558619267],[-3.50317917800557,47.65284512804162],[-3.503223542955318,47.65279098491997]],[[-3.50377844425291,47.65217046453506],[-3.50373094487854,47.652109893310474],[-3.503684416916589,47.65216667778177],[-3.50377844425291,47.65217046453506]],[[-3.507180746676214,47.65266703371009],[-3.507235064596968,47.65256465512035],[-3.507021670494322,47.652459153963086],[-3.507180746676214,47.65266703371009]]]},"properties":{}},{"type":"Feature","geometry":{"type":"Polygon","coordinates":[[[-3.507696782643277,47.65218665503642],[-3.507766568169611,47.652101475926614],[-3.507867175532284,47.652159081560306],[-3.508001262435477,47.65194387128797],[-3.508101869754358,47.652001476724344],[-3.508066660476506,47.65182281054457],[-3.508178350037629,47.65186173418451],[-3.508181524609967,47.6519970305926],[-3.508292233180118,47.65191859843256],[-3.508414890416253,47.652047225417824],[-3.50860854381008,47.65199125768177],[-3.508241669555931,47.65161434727197],[-3.508267239602689,47.65149550948923],[-3.508343488393732,47.651572537520714],[-3.508349087109828,47.65150900396201],[-3.508131308338776,47.65136762333366],[-3.50801159577126,47.65159106317556],[-3.507907583359975,47.65161493191173],[-3.508056674713955,47.651850462638485],[-3.508012344906695,47.65192518956055],[-3.507793236135023,47.65199160864023],[-3.507741113109748,47.65211192824428],[-3.507201306854149,47.65206980315708],[-3.507696782643277,47.65218665503642]],[[-3.508227066343303,47.65182288863278],[-3.508125478158291,47.65164792759417],[-3.50827249246758,47.65175713198402],[-3.508227066343303,47.65182288863278]]]},"properties":{}},{"type":"Feature","geometry":{"type":"Polygon","coordinates":[[[-3.513794234537429,47.652424198135485],[-3.513777769903809,47.65228964357329],[-3.513946958525402,47.65236147624489],[-3.513884080231258,47.65217532490798],[-3.513734649595704,47.65226495763792],[-3.51366957692216,47.652060865564245],[-3.513574346934898,47.65215650178867],[-3.513375210299712,47.65216762620489],[-3.513195047687463,47.65200608958746],[-3.513431920642394,47.65186641465894],[-3.513111108632951,47.6518662725509],[-3.513052412654879,47.651932772657254],[-3.513049225734769,47.65179747637721],[-3.512724130601023,47.65165306660271],[-3.512479574863461,47.65172994787794],[-3.512041692467194,47.65153764634399],[-3.511833671365882,47.65158539089873],[-3.51169323387473,47.651530012946246],[-3.511584725623999,47.651626389000654],[-3.511477531824677,47.651514964573764],[-3.511325904569496,47.65158665359576],[-3.511345872596806,47.651531348840365],[-3.511168900395516,47.651505105402336],[-3.511075861259967,47.651618680282944],[-3.51116089178009,47.65176746913102],[-3.511025720894556,47.65197371271655],[-3.510652902282152,47.65198549957882],[-3.510515645458706,47.65206541655871],[-3.510451682413412,47.65187029300923],[-3.510314425584944,47.651950209757594],[-3.510060103613159,47.65183796757498],[-3.509950494797474,47.65192537175529],[-3.509939524930816,47.65183566833083],[-3.509677413266617,47.65176901825031],[-3.509646586588337,47.65162623390972],[-3.509450741809302,47.65166426268053],[-3.509348053035397,47.65148033234128],[-3.509261704564583,47.65153934252247],[-3.509131255006422,47.65145630928764],[-3.509140256844725,47.65131130137944],[-3.509005420771964,47.65119238658158],[-3.508707988161331,47.65105545370008],[-3.508582909663179,47.6511256570039],[-3.50843358804576,47.65110689762875],[-3.508612521835443,47.651367856671605],[-3.508570386700759,47.651460524538116],[-3.508414483828627,47.65138794299646],[-3.508488424339327,47.65155541557628],[-3.508358957521157,47.651589737192396],[-3.508522538108567,47.651725111297466],[-3.508683172637657,47.651508418060054],[-3.508636879613625,47.651348433802895],[-3.508736504090911,47.651288682988444],[-3.509008597401746,47.65132768301452],[-3.50898302908665,47.6514465209699],[-3.509078152361762,47.651459273813906],[-3.509128834181412,47.65165513929206],[-3.509247105359388,47.651747884018896],[-3.509375475102496,47.65170459107306],[-3.509380846483115,47.65185782815554],[-3.509598630566107,47.65199920641903],[-3.509840885622672,47.65201277582881],[-3.509902652632457,47.652189959015374],[-3.510085223198773,47.652152670741124],[-3.510152810816626,47.65204954952428],[-3.510199220393517,47.65210114780134],[-3.510224786313452,47.65198230962055],[-3.510432699477883,47.652042953270225],[-3.510470221836556,47.6521311740688],[-3.510687133618293,47.65204680930549],[-3.510622838355136,47.652176841835846],[-3.510888354661149,47.65216201545905],[-3.510892853258197,47.6520895114655],[-3.511161770083596,47.65199321013681],[-3.511116456854602,47.65195058257023],[-3.511225954499495,47.65197156263282],[-3.511435183775953,47.65182440415999],[-3.511262708622466,47.65172565683965],[-3.511304839290407,47.65163298801531],[-3.511508363338518,47.651657748439625],[-3.511545887204877,47.65174596891061],[-3.511662076663172,47.65171238518935],[-3.511505071605399,47.65163083745296],[-3.511692028236507,47.6516294279737],[-3.511825774101324,47.651739369319],[-3.512241817146462,47.65164387987384],[-3.512368872840378,47.651808384012476],[-3.512915371323041,47.6517959217823],[-3.512992724752708,47.651881917082605],[-3.512907477149064,47.651949900258735],[-3.513030251231083,47.651970137066584],[-3.513072167897889,47.65209423828321],[-3.513357439272672,47.65224087190614],[-3.513473628668407,47.65220728639244],[-3.513455857763269,47.65228053210714],[-3.513632938085204,47.65219838675264],[-3.513794234537429,47.652424198135485]],[[-3.509686076352876,47.651949166347634],[-3.509619810046958,47.65184448698103],[-3.509746970451508,47.65190060862125],[-3.509686076352876,47.651949166347634]]]},"properties":{}},{"type":"Feature","geometry":{"type":"Polygon","coordinates":[[[-3.465283691680789,47.64941636818831],[-3.465171151998458,47.64926004731376],[-3.465177891282469,47.64920548652999],[-3.465262992626608,47.64924592351474],[-3.465222278813451,47.64913077576146],[-3.465394862748128,47.64912120572056],[-3.465503044947309,47.64924164330913],[-3.465610542087873,47.64913633916914],[-3.465771827658295,47.649253831730846],[-3.465899338509896,47.649093230293104],[-3.466230828757862,47.649291595079596],[-3.466189023246519,47.64916747690178],[-3.466328317669458,47.64921393883531],[-3.466355069513092,47.64910408085457],[-3.46610065264922,47.649100128293014],[-3.466292160525026,47.64902628907019],[-3.466274038800485,47.64865701516255],[-3.466276906315352,47.64890069836598],[-3.466177037949042,47.64906879848888],[-3.466035363842423,47.64911278027535],[-3.465710412365314,47.648968239536295],[-3.46536258464924,47.64863531162514],[-3.465270745098452,47.64864943550693],[-3.46531908458911,47.648827378693106],[-3.465598557867227,47.6490376606953],[-3.465217921171469,47.64909489266622],[-3.464986990921822,47.648954167623565],[-3.46519463802678,47.64912327727883],[-3.465025322183962,47.64915975935049],[-3.465021850887425,47.64924123245217],[-3.465283691680789,47.64941636818831]]]},"properties":{}},{"type":"Feature","geometry":{"type":"MultiPolygon","coordinates":[[[[-3.470836714664838,47.64946956318642],[-3.470629946883812,47.649417819738005],[-3.470499754681625,47.64922635786491],[-3.470627059460763,47.64917413670754],[-3.470399577679451,47.648951949090645],[-3.470232446440749,47.649006380162355],[-3.470195505100406,47.64925227336708],[-3.470113670713943,47.64923875215771],[-3.470127843810388,47.6493553716119],[-3.469998357670519,47.649389650764675],[-3.469717484177964,47.64907699827066],[-3.470049472914437,47.64926037710934],[-3.470188066028564,47.649081092838685],[-3.470125344274194,47.6488949176667],[-3.470242643828481,47.64887034581075],[-3.470297221197266,47.648659598734156],[-3.470146317753607,47.64829769252203],[-3.470297990968681,47.64822605681746],[-3.470604738267617,47.6486605951365],[-3.470917324775461,47.648923215261405],[-3.471003711409039,47.64886423333931],[-3.47116372693975,47.649081133202245],[-3.470796754381537,47.64892087562604],[-3.470728387478538,47.64879823260663],[-3.470518159526862,47.64882796223074],[-3.47051251604683,47.64889149405864],[-3.47044524011675,47.64877782159771],[-3.470368857739738,47.64880915419659],[-3.470352119066105,47.64889136420255],[-3.470628533328354,47.64896633654265],[-3.47075545433203,47.64913088613218],[-3.470787074389744,47.649391037051174],[-3.470691065276242,47.64926089687423],[-3.47062795800727,47.64929149286538],[-3.470836714664838,47.64946956318642]]],[[[-3.469664366191894,47.649047657567316],[-3.469536664613661,47.64899983370739],[-3.469518834465418,47.64907307285208],[-3.469268076858561,47.64887926849397],[-3.468947478164456,47.64877061969002],[-3.46864541038787,47.64881447264343],[-3.468625203279835,47.648978155622125],[-3.468586662358043,47.6488809505114],[-3.468390994735327,47.6488105250678],[-3.468132022702068,47.64887907939959],[-3.468003823414256,47.6488139416468],[-3.467805779625619,47.64883395917784],[-3.46771592234058,47.648974411929736],[-3.467801720052432,47.6492405886932],[-3.467526596215205,47.649066194993026],[-3.467515698260271,47.64897648746517],[-3.467422768913889,47.648981642282784],[-3.467403647770146,47.64915429578903],[-3.467352031733038,47.64894944123175],[-3.46752917194804,47.648867365609156],[-3.467725533131209,47.64916353412549],[-3.467680652536093,47.64890411877471],[-3.467818162844777,47.648715866528846],[-3.467933283351798,47.64867335548556],[-3.468158770664159,47.64876922098677],[-3.468263188448999,47.648528616667186],[-3.468479062344004,47.64843535935287],[-3.468716539482208,47.64862990199413],[-3.469082608650106,47.648672809926936],[-3.469094599232124,47.64877148806217],[-3.469360110095432,47.64875675601544],[-3.469456115055563,47.64888689732012],[-3.469635238329695,47.648931145426886],[-3.46964832014509,47.649038794224985],[-3.469664366191894,47.649047657567316]]]]},"properties":{}},{"type":"Feature","geometry":{"type":"Polygon","coordinates":[[[-3.488046073054468,47.65315531420582],[-3.488063879133762,47.653082072392415],[-3.488279580906228,47.653097163968944],[-3.488415780295294,47.6530083026132],[-3.48829957338729,47.65304186319754],[-3.488141506789469,47.652951313591714],[-3.488084965167583,47.653035742199386],[-3.487914559260561,47.65306328681818],[-3.487943455204991,47.6529713652079],[-3.487761023352693,47.65290023362335],[-3.487840681242558,47.6528958013585],[-3.487837558198099,47.65276050446592],[-3.487567816923437,47.65263101100801],[-3.487358676462747,47.652669741417384],[-3.487266993779408,47.652575497288744],[-3.486825598246432,47.65257296025951],[-3.486846526314956,47.652635015547354],[-3.486369354038616,47.65288734533514],[-3.486218942289218,47.65285958703371],[-3.486049949888615,47.65267932898175],[-3.485794421582427,47.65266644874225],[-3.485728201263788,47.65256175587195],[-3.485599810275946,47.6526050228203],[-3.485377554027186,47.65253610287734],[-3.485054877413568,47.65230117205425],[-3.485028162471304,47.65241103412937],[-3.484732970130123,47.652291981467876],[-3.483565059506395,47.651372513186445],[-3.483796544313126,47.651188045327444],[-3.483745790800105,47.6511005541775],[-3.48360429120581,47.6510361718667],[-3.483511194218052,47.651149724822474],[-3.483378434806455,47.65115710698861],[-3.482901926742972,47.650975881438605],[-3.482719842869991,47.650687971179636],[-3.482503060062199,47.65066389871707],[-3.482463568037884,47.65044934228319],[-3.482308627901043,47.65049408187121],[-3.48212293519421,47.650396029568604],[-3.482212925192508,47.650147180446766],[-3.482134531618417,47.650052194089604],[-3.481967240162797,47.65021502731334],[-3.481887754693036,47.65011107018123],[-3.481983037817267,47.65001545968349],[-3.481847173330194,47.64988754286252],[-3.48179953180325,47.649935348069505],[-3.48178970188537,47.64985461253062],[-3.48165459170228,47.64995243692662],[-3.481479823675829,47.649944089741034],[-3.481482930433935,47.650079387002215],[-3.481332529142624,47.65005162237094],[-3.481362186992472,47.650185443670665],[-3.481050633771632,47.64993182228334],[-3.481046094805289,47.65000432520467],[-3.480787475521031,47.64985613672017],[-3.480415757033323,47.649876797755155],[-3.479915248819901,47.6494982060493],[-3.479789563724467,47.64923425163183],[-3.479265093511993,47.64931758636048],[-3.479018666279939,47.64915968552261],[-3.478723154675746,47.64925738838435],[-3.47873280453208,47.64944650964506],[-3.478573497526126,47.649455361719966],[-3.478591880243872,47.6497162481447],[-3.478356193366883,47.64975643783042],[-3.478308372654117,47.6499126270291],[-3.477953026333222,47.650067839941144],[-3.477831715782974,47.64983976610307],[-3.477954825481127,47.649643268947216],[-3.477828795446276,47.64959608330525],[-3.477700405189684,47.64963934164178],[-3.47753528448692,47.64982010986376],[-3.477578919037861,47.649519652923296],[-3.47737305791213,47.6495852774938],[-3.477259212710248,47.64952838304958],[-3.477310310495207,47.6493991062281],[-3.477127905033757,47.64932795791239],[-3.476982231428952,47.649119299426786],[-3.476874756766656,47.64922461402764],[-3.476696717845863,47.64918934769146],[-3.476530683602727,47.64925275843034],[-3.476304087931687,47.64914793843847],[-3.476048578891988,47.64913503686536],[-3.475604483883991,47.648780389050415],[-3.475398805264372,47.64873762470031],[-3.475210401815232,47.648946776365726],[-3.475132022470905,47.64885178525183],[-3.475029091755029,47.6488845954388],[-3.474841235984707,47.64876859011551],[-3.474653197435116,47.64876096995443],[-3.474676291840411,47.64884096891882],[-3.474310401314415,47.648689693044595],[-3.474165462199246,47.64870677262382],[-3.474202922243981,47.64879500521166],[-3.474011611046705,47.64876047194343],[-3.474003974886095,47.64869767708805],[-3.47376937989318,47.64874682823754],[-3.473611350679864,47.648656258776924],[-3.473487322433619,47.64873539529514],[-3.473224367311733,47.64855130717799],[-3.473089431498776,47.64854073626157],[-3.473069424940564,47.64859603455993],[-3.472982324298826,47.64842927635746],[-3.472676086778818,47.648328871432966],[-3.471926877912572,47.64788277445481],[-3.472053276430704,47.64771319546977],[-3.471765772391998,47.647656904781755],[-3.471487892838187,47.647789735406356],[-3.471611542309116,47.647927372004496],[-3.471487702815092,47.647898120921354],[-3.471483151027754,47.64797062354764],[-3.471765726125911,47.648316188544],[-3.471705892046294,47.648373697281166],[-3.471482580925319,47.64829578004351],[-3.47138619162495,47.64838241134463],[-3.471653691185228,47.64849400100416],[-3.471688965952627,47.64856429297498],[-3.471614955329242,47.64850518234869],[-3.471587124144695,47.648606070850875],[-3.471877715437111,47.64879765955663],[-3.471740598267761,47.64876914565745],[-3.47169019885415,47.649124161698175],[-3.471193930621013,47.64888980081096],[-3.471146089719561,47.6490459871487],[-3.471257746522719,47.64908494612755],[-3.471370684199274,47.64902449027032],[-3.471486512943516,47.64920771733803],[-3.471628182808544,47.64916372894491],[-3.471747473778361,47.649265482447504],[-3.471708926960966,47.649168278381225],[-3.471988281712047,47.648827647129444],[-3.471838078205696,47.64869148479555],[-3.471885916763744,47.64853529814564],[-3.472227806598012,47.64848922598604],[-3.472318741777678,47.64835774044052],[-3.47255077941202,47.64850742174552],[-3.472820650709474,47.648528564666826],[-3.472958671500073,47.64867443347991],[-3.473282736441794,47.64870159791813],[-3.473301279374436,47.64885409981951],[-3.473389844815923,47.64881305753105],[-3.473565512872804,47.64893877297746],[-3.473918682704415,47.64876563192754],[-3.474187280395393,47.64888618645858],[-3.474365500827371,47.64881307116194],[-3.474576633801214,47.648900690767334],[-3.474825595234659,47.64885977144913],[-3.474944891622338,47.648961521703704],[-3.475075464608747,47.64893620774486],[-3.475245681567466,47.6490170672462],[-3.4753166058513,47.648940878061595],[-3.475402805576118,47.64899027834734],[-3.475390803278719,47.648891600871],[-3.475545744562186,47.64884687041795],[-3.475707960849653,47.649081705415156],[-3.476140055269921,47.64933767540465],[-3.476225345536877,47.64926971896411],[-3.476317003036229,47.649363971917154],[-3.476724001499861,47.6494136143343],[-3.476789108879728,47.649509341814394],[-3.476845843782809,47.64931653308012],[-3.476980782301746,47.649327099654535],[-3.477006063237922,47.649425039460084],[-3.477170827542968,47.64946104282586],[-3.477044441149205,47.649630627191534],[-3.477145923567884,47.64980561542004],[-3.477314319907859,47.6496517597224],[-3.47745926058193,47.64963467624595],[-3.477333966154901,47.64981323156573],[-3.477373615155878,47.64991940440015],[-3.477433444859915,47.64986189280741],[-3.477584935092537,47.64989863311451],[-3.47768586058938,47.64973949397118],[-3.477804250056596,47.64972388519042],[-3.477647684055132,47.65008480418419],[-3.477669691998045,47.650155831848686],[-3.477840093906813,47.650128302126916],[-3.477816639851042,47.65026507462985],[-3.477923023182429,47.65015078856956],[-3.478274919029074,47.65007704921416],[-3.478566244957409,47.649835079536295],[-3.47875537955202,47.649851664040376],[-3.47871463615964,47.64973652102609],[-3.478786472945387,47.64977768582945],[-3.479130722808808,47.649641149370225],[-3.479645196349375,47.64958546495582],[-3.4795966348388,47.64951591320541],[-3.479775768632485,47.64956014575317],[-3.479805768570866,47.64947719662352],[-3.480165875604722,47.64980037291621],[-3.480604720839853,47.6500017646755],[-3.480673111985857,47.65012440183867],[-3.480764949996533,47.65011026586278],[-3.480788054149361,47.650190263562685],[-3.480944086754164,47.65015449660585],[-3.481250180108437,47.65036326515677],[-3.481410581538912,47.65036338005386],[-3.481354371988372,47.650231034740834],[-3.481479314472809,47.65026924594817],[-3.481487299094751,47.650115269471726],[-3.481734076481439,47.65005639422594],[-3.481928336395896,47.65033459745973],[-3.482033450189229,47.65031972244307],[-3.482069663570715,47.65050736720709],[-3.48237702359448,47.65061671800559],[-3.4823613951809,47.65070790025947],[-3.482547256979039,47.65069756679979],[-3.482757151310376,47.65088458629663],[-3.482729339953479,47.650985477326245],[-3.482818994086752,47.65095339853903],[-3.483000153606278,47.65112395266183],[-3.483062163496419,47.65108437942079],[-3.483110730952019,47.65115392967401],[-3.483491197483028,47.651205024829316],[-3.483464314163499,47.651423271943656],[-3.483949404293976,47.65178464516923],[-3.48400780717139,47.651934930296996],[-3.484184767428231,47.65196121486002],[-3.48417913989041,47.65202474724304],[-3.484315179391129,47.65204427591621],[-3.485146231131968,47.65261218847547],[-3.485213705373889,47.65261746698064],[-3.485177479502686,47.65242982339803],[-3.485336470480427,47.652637732875114],[-3.485525617113972,47.65265430639713],[-3.485664776234354,47.65280913045323],[-3.485899378128008,47.65275995552761],[-3.486282977879308,47.65294633849141],[-3.486716724753095,47.65288608368321],[-3.487036766558821,47.65266055717879],[-3.487210134969734,47.65287669600917],[-3.487338683145891,47.65272504203859],[-3.487380540644467,47.65284915241487],[-3.48746691543285,47.65279015844437],[-3.487618420887901,47.65282688568784],[-3.487596083964303,47.65297263050616],[-3.487759616104017,47.6531080335723],[-3.488046073054468,47.65315531420582]],[[-3.481339834085496,47.65033118749396],[-3.481126500129754,47.650225638933925],[-3.481126670581335,47.65011725353572],[-3.481373108474237,47.650275149849186],[-3.481339834085496,47.65033118749396]],[[-3.475378618902675,47.64890130885281],[-3.475283508250926,47.648888528561784],[-3.475341156839169,47.64881307664677],[-3.475378618902675,47.64890130885281]]]},"properties":{}},{"type":"Feature","geometry":{"type":"Polygon","coordinates":[[[-3.464791806230539,47.64921786323972],[-3.464889500532701,47.64903182275935],[-3.464983519580131,47.64903564073287],[-3.464794595784795,47.648910648491665],[-3.464775191478854,47.6486407890106],[-3.465052002804745,47.648499003630306],[-3.464939262409215,47.64845106793046],[-3.464764023648542,47.64810856851983],[-3.464549233862017,47.64821078977115],[-3.464512266882224,47.64845668128071],[-3.464268950301715,47.648434047095414],[-3.464276984313136,47.648280071651094],[-3.464379920473431,47.64824727092502],[-3.464371410952247,47.64806711915048],[-3.464277393655182,47.64806330068256],[-3.464166628403089,47.64814169129081],[-3.464267181213575,47.64819933457047],[-3.464167307828544,47.64836743303724],[-3.464238926797171,47.64851699227992],[-3.464407151877115,47.64847154055113],[-3.464534256667996,47.648527711478415],[-3.464660680208084,47.64835814054771],[-3.46474557608835,47.648506963396215],[-3.464640053178592,47.648738593794064],[-3.464702959418789,47.648816386479545],[-3.464618948486702,47.64878491985886],[-3.464562169967281,47.64897772270801],[-3.464791806230539,47.64921786323972]],[[-3.464821829269991,47.649134917943506],[-3.464723452749722,47.64909521672641],[-3.464718209899661,47.64894197739472],[-3.464848584175722,47.649025060303146],[-3.464821829269991,47.649134917943506]]]},"properties":{}},{"type":"Feature","geometry":{"type":"MultiPolygon","coordinates":[[[[-3.514154970500563,47.646524445966364],[-3.51392721498823,47.646410728464396],[-3.513991830973588,47.64633590078639],[-3.514154970500563,47.646524445966364]]],[[[-3.513960422360713,47.64629960074162],[-3.513869831426122,47.64626942819862],[-3.513615737944575,47.645940422081964],[-3.513376906751604,47.645845385790984],[-3.512942573124421,47.645463226667594],[-3.512759036299334,47.64538316348687],[-3.512680382666108,47.64550496880362],[-3.51273556760121,47.64562832901885],[-3.512519995785062,47.64550489682788],[-3.512507925634215,47.64540622299552],[-3.512677090721469,47.64547805776358],[-3.512621906076962,47.64535469751105],[-3.512462723710502,47.64525521009422],[-3.512475891021556,47.64536285428826],[-3.512207546510061,47.64491723039022],[-3.512130096980179,47.64493961999154],[-3.511959944962336,47.64475042831688],[-3.511750961333696,47.64468081679459],[-3.511825119184273,47.64463151636564],[-3.511914637246089,47.64470780089873],[-3.512057359012428,47.64467273375133],[-3.511595399585016,47.644283081965185],[-3.511809867180075,47.64439754558053],[-3.511825443424425,47.6443063590946],[-3.511533636106899,47.6441058989426],[-3.511467158303597,47.64421799174937],[-3.511120063641483,47.644002555423576],[-3.510951892467362,47.64404807449934],[-3.511095819681012,47.64391359309969],[-3.511199815654946,47.643889721429964],[-3.511144417144997,47.6439831319576],[-3.511362282781622,47.64401612173604],[-3.511384333095351,47.64408714326919],[-3.511552504023713,47.64404162357198],[-3.512031134134498,47.64434905942318],[-3.512247582927344,47.64469823444697],[-3.512415648163874,47.644761099265885],[-3.512342587923164,47.6448193704193],[-3.512529414017062,47.64492634533008],[-3.512186699323286,47.644746793658804],[-3.512099482731883,47.6445800642996],[-3.51216015142506,47.64474827662434],[-3.51197102455364,47.644731746143954],[-3.512200963173535,47.64486340826655],[-3.512385380741169,47.645169214145774],[-3.512452955068647,47.64506609122294],[-3.512696170372202,47.64519701083297],[-3.512711532772921,47.645322595698396],[-3.512773513882686,47.645283006574445],[-3.513004554226125,47.64542363742401],[-3.513625719720327,47.6459127694278],[-3.513960422360713,47.64629960074162]]]]},"properties":{}},{"type":"Feature","geometry":{"type":"MultiPolygon","coordinates":[[[[-3.510167658825223,47.642990012350154],[-3.510045018182436,47.64286138659718],[-3.509963071650851,47.642956279095],[-3.509996311381219,47.642900233088255],[-3.509874656106882,47.64288896338247],[-3.509530979438086,47.642592047487554],[-3.509525383064657,47.642655581398195],[-3.509442265509874,47.642584743987356],[-3.509550945959947,47.642536742779576],[-3.509429404550621,47.642417086740565],[-3.509647262733403,47.64245007974368],[-3.509886944847147,47.64277086592641],[-3.510007503044712,47.64277316523569],[-3.509855026024852,47.64261911058476],[-3.509869508308744,47.64251895388816],[-3.509963519084362,47.64252273568392],[-3.509937957114561,47.642641574393636],[-3.510151317723467,47.64274707076575],[-3.510167658825223,47.642990012350154]]],[[[-3.509348075628328,47.64262634495139],[-3.509322990961998,47.642639787795666],[-3.509367085082543,47.64278183172655],[-3.509225576641969,47.64271748016369],[-3.509051810946525,47.642826530425445],[-3.509144952581286,47.64260457077928],[-3.508909434140259,47.64253643637324],[-3.508581984176962,47.64259084531792],[-3.508592082577627,47.64245480718121],[-3.509054572769478,47.64230254190545],[-3.509055849127527,47.64227198889655],[-3.509103166106352,47.6423720816706],[-3.508992478533222,47.64245051498921],[-3.509171612962869,47.64249470263439],[-3.509165032987199,47.642440880271856],[-3.509364134202822,47.642429762973585],[-3.509375101168714,47.64251946689191],[-3.509278897076191,47.64249774383765],[-3.50931531412601,47.64257699505387],[-3.509199143081417,47.64261057660179],[-3.509246640207041,47.64267114590361],[-3.509348075628328,47.64262634495139]]],[[[-3.509056402673037,47.642258738308314],[-3.509057976387693,47.642221067213946],[-3.508783850542009,47.64205574043324],[-3.509072573725678,47.64201252470561],[-3.509027384398068,47.64186151020892],[-3.509500496846087,47.642124104791755],[-3.50932113706564,47.64229668940873],[-3.509056402673037,47.642258738308314]],[[-3.509166356601694,47.64223307891688],[-3.509137730098821,47.64210823452334],[-3.508997320346178,47.64205285305748],[-3.50896736995881,47.6421358099965],[-3.509166356601694,47.64223307891688]],[[-3.509233933431684,47.64212995769822],[-3.509291526710885,47.642054488775564],[-3.509082557120902,47.64198487238311],[-3.509233933431684,47.64212995769822]]]]},"properties":{}},{"type":"Feature","geometry":{"type":"Polygon","coordinates":[[[-3.463929232311802,47.64849803754769],[-3.463731805507901,47.64819289175766],[-3.463550305240511,47.64823907847914],[-3.463513539861138,47.648376584200754],[-3.463375339159612,47.648339089686345],[-3.463302220478096,47.64839733005633],[-3.463106768653127,47.64821851027007],[-3.462989467246157,47.648243074971205],[-3.463005335295885,47.64804350970731],[-3.462858216334962,47.648042633668396],[-3.462828190857683,47.64812557850733],[-3.462659965523512,47.648171027971244],[-3.462590945528681,47.64782263835085],[-3.462397676004463,47.64766175893523],[-3.462304331100623,47.64788368069262],[-3.462308015127733,47.64769382210927],[-3.462205078761508,47.647726621019665],[-3.461936513982331,47.64760603887523],[-3.461952637047701,47.64784898654285],[-3.461919972151752,47.64757986221395],[-3.46181942304436,47.647522216895915],[-3.461781564895705,47.64765075131164],[-3.461585032135722,47.647462958096895],[-3.461702542372231,47.647330009271364],[-3.461428116145314,47.64738134291635],[-3.461375436039813,47.64716751471202],[-3.46114561294853,47.64703575275604],[-3.461079903170567,47.6472651730554],[-3.460904270042036,47.64713943873115],[-3.461028735769117,47.64684354440879],[-3.460803057682684,47.64685605060876],[-3.46076063127972,47.64705708698232],[-3.460607859989921,47.64711973952462],[-3.460595009029535,47.64690370406109],[-3.460357356557652,47.64681753029759],[-3.460436582704517,47.64702988779431],[-3.460338425995172,47.64688179729481],[-3.460082056358758,47.6467515044109],[-3.460037214952242,47.64649208579937],[-3.459663549067343,47.64638635361436],[-3.459721430955612,47.64620252372394],[-3.459604132422021,47.646227085052566],[-3.459606523388337,47.64613664114392],[-3.459448311475364,47.646154438000835],[-3.459339060842438,47.646025023770356],[-3.459213929208167,47.646095174403435],[-3.459293364519067,47.6461991471716],[-3.459141897387778,47.64616238308184],[-3.459031559174513,47.6460239977195],[-3.458799138687083,47.646091060573845],[-3.458942771821741,47.64617341477528],[-3.458846581692152,47.64615165024181],[-3.458857464495828,47.64624135870975],[-3.458704909289249,47.6461956232076],[-3.458686408996633,47.64604311878122],[-3.458491420233909,47.646198418690574],[-3.458553226283575,47.64626724393961],[-3.458479016957792,47.64631651050538],[-3.458347571021166,47.64622444952203],[-3.458351269012042,47.646034590899454],[-3.458203067498595,47.64602473814649],[-3.458096650160688,47.646139006496725],[-3.457780660926362,47.64595782472443],[-3.457804816923348,47.64604679799576],[-3.457579141451212,47.64605929797441],[-3.457505149933753,47.646000178335235],[-3.457702098984877,47.6459712073737],[-3.457358474129038,47.64578252416939],[-3.457232252458649,47.64584370182683],[-3.457190901405568,47.64605370787268],[-3.456944115462484,47.64611253140854],[-3.456941071154569,47.645977233221586],[-3.456755220849105,47.64598752597987],[-3.456697989150022,47.64584619764331],[-3.456530853664947,47.645900609205626],[-3.456560447006561,47.64603443708308],[-3.456396574387731,47.64611576105366],[-3.456324759807461,47.646074582409305],[-3.456416817922838,47.645952079947286],[-3.456261869014265,47.64599678510284],[-3.456227704100669,47.645935459254744],[-3.456167855945801,47.64599296010602],[-3.456128252057448,47.645886779862984],[-3.456082766682554,47.645952516429304],[-3.455980051365057,47.64587692428974],[-3.455925641924199,47.645979279391845],[-3.455750890944902,47.64597089370986],[-3.455738925668518,47.645872214062756],[-3.455559824188769,47.645827944584795],[-3.455644047320409,47.645751032164526],[-3.455540022891076,47.64577485435807],[-3.455541333012254,47.64567543963139],[-3.455424676122209,47.645925738853705],[-3.455381810694743,47.645792645712305],[-3.455466034027249,47.64571573341894],[-3.455343296199267,47.64569543607359],[-3.455284535032144,47.64576190736113],[-3.455336992944711,47.64553322516792],[-3.455220781521335,47.64556675298729],[-3.455068454725997,47.645412627100946],[-3.454959856671628,47.64550895086036],[-3.454777494316143,47.64543776751529],[-3.454622736000025,47.645924983821345],[-3.454503485156164,47.645823212662236],[-3.454605335025857,47.64578144961565],[-3.45446039750749,47.64579850477918],[-3.454424059738067,47.64571923661765],[-3.454377484886832,47.64577600163593],[-3.45411809799542,47.645510397305635],[-3.454043885627482,47.64555966107406],[-3.453996448602142,47.64549906943753],[-3.453978372714839,47.64568069195238],[-3.453863247548501,47.645723189313436],[-3.453736612814642,47.64545023547248],[-3.453633901787633,47.64537464125078],[-3.453464589937274,47.645411106642534],[-3.453407367571778,47.645269776651915],[-3.453152969951752,47.645265795892726],[-3.453154917307895,47.645392123324804],[-3.452998020301734,47.6453104967361],[-3.45298343051855,47.64541064621206],[-3.452948410148339,47.64523196285471],[-3.452857660423565,47.645255047911675],[-3.452791513928987,47.64515033598191],[-3.452860518478391,47.644947832817394],[-3.452686858577017,47.64494841345693],[-3.452729085606768,47.64485576544825],[-3.452331470807232,47.6451035488508],[-3.452300743664059,47.64551164797569],[-3.451982144342565,47.64552927987501],[-3.451868334872324,47.64547236057666],[-3.451928187076298,47.645414861912045],[-3.45183200117554,47.64539309159563],[-3.451820273237939,47.64518602589095],[-3.451657713344831,47.64516792854021],[-3.451702116446109,47.64509322275119],[-3.451595060843205,47.644981743047424],[-3.451518672833743,47.64501306338589],[-3.451429471381106,47.64482834697026],[-3.450759905441941,47.64448609163261],[-3.450143833406758,47.644475022629805],[-3.450067678789357,47.64439795636007],[-3.450082893562051,47.64452354947234],[-3.45010462907585,47.64470296818645],[-3.449957285795075,47.64481046155417],[-3.44988920593852,47.64457942042683],[-3.449866769421158,47.644725158644285],[-3.449752729763508,47.64477662291357],[-3.449673080839559,47.64478102923466],[-3.449651346744958,47.644601610447566],[-3.449359301553309,47.64461776644081],[-3.449395396164168,47.644805421872164],[-3.449312252168627,47.64489130076775],[-3.449290284143971,47.64482026757226],[-3.449134245932588,47.644855992360206],[-3.449160560265016,47.64496290935514],[-3.449087430696438,47.64502114093204],[-3.449037826567456,47.64494260537856],[-3.448987751157441,47.64508084107312],[-3.448877205576351,47.64505083168015],[-3.448852592939029,47.64517862777837],[-3.448685073984237,47.644898900300014],[-3.448352115764154,47.644908285628894],[-3.447350828720289,47.64502687963591],[-3.446963443692898,47.64513861213525],[-3.446864001586889,47.645089924838565],[-3.44687051904799,47.645143750618686],[-3.446358226494102,47.64521723279787],[-3.445508141724048,47.64548097727698],[-3.445401941286887,47.6454868484997],[-3.445365617186321,47.64540757750881],[-3.445446384549853,47.645388039912476],[-3.44550271161643,47.645436122404895],[-3.446861829102778,47.645071982911425],[-3.449031542569447,47.64478039406966],[-3.449031162843922,47.644446266154524],[-3.449135187588667,47.64442244973917],[-3.449109489250083,47.64454127498837],[-3.449247670089652,47.64457878644842],[-3.449314749115767,47.644249957754],[-3.449377627721684,47.64432775887005],[-3.449509288162559,47.6443114443628],[-3.449484677380038,47.64443924064334],[-3.449575661693944,47.64430777252448],[-3.449508436144917,47.64419408774216],[-3.449748466998706,47.64418983988955],[-3.449926237614484,47.64433353305077],[-3.449932138914597,47.64416161638759],[-3.450084914268528,47.64409897770688],[-3.450083594020674,47.64419839245377],[-3.450175429928998,47.6441842804756],[-3.450144766853736,47.64404147991472],[-3.450276426353733,47.644025164540615],[-3.450625913902193,47.64404195203476],[-3.45055581519834,47.644235483041875],[-3.450690967906725,47.64413769431849],[-3.450917491978405,47.64424256424548],[-3.450792353453524,47.64431270592468],[-3.450829771765209,47.64440094620345],[-3.450990155196157,47.644401102856655],[-3.451137495265979,47.644293608163586],[-3.451192536659328,47.64441699748488],[-3.451501972326731,47.6445443716814],[-3.45151392947015,47.644643051830464],[-3.451740687425811,47.644639534477044],[-3.45197699954544,47.644825140598435],[-3.452332386491568,47.64467000626021],[-3.452504501169376,47.64487722654366],[-3.452519777322765,47.64445192010957],[-3.452577224882027,47.64448486492728],[-3.452622713324329,47.64441912967538],[-3.452851416861958,47.6445419376628],[-3.452935641867515,47.64446502714329],[-3.452908864722877,47.64457488231593],[-3.453287080773561,47.64460813416114],[-3.45337628828834,47.64479284917976],[-3.453541022340125,47.644828885948456],[-3.453754689446743,47.645268612973226],[-3.454143599148786,47.64494905757896],[-3.454618643869075,47.64522981569727],[-3.454968587807108,47.64502981891587],[-3.454858038968529,47.64499981518053],[-3.454955536588923,47.6449221682513],[-3.455285230769317,47.644885851447555],[-3.455415580447418,47.64496894505542],[-3.455532878143138,47.644944387915416],[-3.455557029933461,47.64503336169836],[-3.455669976820902,47.644972920889046],[-3.455624491660431,47.645038657308284],[-3.455729380327322,47.6451321915552],[-3.455629708012181,47.64519189735875],[-3.455899112477075,47.64542985065505],[-3.45595460918414,47.64533646641382],[-3.456046224119619,47.64543073545676],[-3.456149159842251,47.645397941932636],[-3.456068865388926,47.64517661047131],[-3.456199438064672,47.645151317555275],[-3.456716935907377,47.64523103222588],[-3.456703441027193,47.64534015304104],[-3.456777650634468,47.645290887577865],[-3.45688254181846,47.645384420777326],[-3.456972202074586,47.64535236172779],[-3.457051631911719,47.6454563360601],[-3.45730385472049,47.64544236660136],[-3.457338458064319,47.64528692089346],[-3.457514295090235,47.645304275067616],[-3.457677727384897,47.64543972076068],[-3.457968468964221,47.645522958750085],[-3.457894260133632,47.64557222496359],[-3.458021351162075,47.64562840305983],[-3.45793169107246,47.64566046290982],[-3.458099695309961,47.64572340580803],[-3.457928209172749,47.64574193594911],[-3.458243109457193,47.64591414648901],[-3.458361496120966,47.64589855737544],[-3.458298602565789,47.645820761158085],[-3.458394791875391,47.6458425261464],[-3.458300995726708,47.645730317257026],[-3.458559748832039,47.64577017021342],[-3.458545169361694,47.64587032035959],[-3.458698811750225,47.645925026927564],[-3.458724489401237,47.64580619965583],[-3.459034166414251,47.64582516820864],[-3.459229152233459,47.64566986736344],[-3.459641334553367,47.645872809207575],[-3.459717058456142,47.645615741503946],[-3.460046304976295,47.6452452835411],[-3.460412343951085,47.645288218710725],[-3.460377536979521,47.645552050957086],[-3.460044812181041,47.646003982885276],[-3.459944054604974,47.646054721505536],[-3.4596633167904,47.64594384041745],[-3.459967125786309,47.64613472348845],[-3.460010002925372,47.64626781492379],[-3.459904890978569,47.64628267016115],[-3.460017408953374,47.64643899634984],[-3.460088351552637,47.64636281630696],[-3.460136884764212,47.64643237627663],[-3.460144078161835,47.64671194324241],[-3.460282272378441,47.6467494416102],[-3.46030468129963,47.6466037015477],[-3.460427210618549,47.64673237923372],[-3.460537978438607,47.64665399211256],[-3.460658331243609,47.646764727896056],[-3.460662021050064,47.646574869253875],[-3.460928611946891,47.646569127176235],[-3.460992598867969,47.646655892772344],[-3.461224808193799,47.646697211140044],[-3.461532524023753,47.646589845852965],[-3.461596511951666,47.64667661111742],[-3.461321878314755,47.64683633008842],[-3.461393487252939,47.646985891194355],[-3.461472049762463,47.646972506070306],[-3.461536706333588,47.64728501323962],[-3.461821140823111,47.64720603113289],[-3.461928222252395,47.647317501337284],[-3.461972612762816,47.64724279172963],[-3.462215714082154,47.64737381623928],[-3.462302570672622,47.64764896807065],[-3.462378075749347,47.64750028440241],[-3.462425524071276,47.6475608725727],[-3.46260593406696,47.64750571677624],[-3.462701504563307,47.647852634725766],[-3.462626207913188,47.64789293308161],[-3.462769644072291,47.64808366799092],[-3.462819686594938,47.64794542660842],[-3.462959182241248,47.64788350709269],[-3.46317641325361,47.64824174310627],[-3.463316791710186,47.64829717944873],[-3.46347718688702,47.648297318961674],[-3.463495231328318,47.6481156952264],[-3.463701103849262,47.64805009505466],[-3.463888727408508,47.648274503810086],[-3.464030401058744,47.648230524606944],[-3.463929232311802,47.64849803754769]],[[-3.450082893562051,47.64452354947234],[-3.449999984768545,47.644501043208],[-3.450061544368582,47.644678258666936],[-3.450082893562051,47.64452354947234]],[[-3.450728153752318,47.64433432031647],[-3.45080019370161,47.64426711676116],[-3.450690735655387,47.6442460800021],[-3.450728153752318,47.64433432031647]],[[-3.452296395006905,47.64547576433136],[-3.452237001364723,47.645316491948556],[-3.452319283101492,47.64511325444696],[-3.452036162342428,47.64509279879263],[-3.451967154477173,47.64529530145503],[-3.452210451524652,47.64531796129235],[-3.452296395006905,47.64547576433136]],[[-3.452140187006272,47.64506897971],[-3.452229849581381,47.64503692429419],[-3.452145851955895,47.64500544864451],[-3.452278600373074,47.644998101937404],[-3.452233569256569,47.64484706574836],[-3.452045318259028,47.64494779483909],[-3.452140187006272,47.64506897971]],[[-3.453123158267223,47.645240352731136],[-3.453142324213471,47.645067701212184],[-3.453054836701602,47.64511769913938],[-3.453123158267223,47.645240352731136]],[[-3.454115286188157,47.64526671337608],[-3.45404043760833,47.64509023498651],[-3.45400799967791,47.64526362152612],[-3.454115286188157,47.64526671337608]],[[-3.45498227960843,47.64536321172472],[-3.454927228475969,47.64523982424958],[-3.454885004958823,47.64533247303407],[-3.45498227960843,47.64536321172472]],[[-3.457558035183249,47.64555472394591],[-3.457563912030587,47.64538280700738],[-3.457484044388829,47.64549560427784],[-3.457558035183249,47.64555472394591]],[[-3.460731903580462,47.64704061661094],[-3.460752134167744,47.64687693483261],[-3.460642666845293,47.64685590742515],[-3.460621347335572,47.64701061835982],[-3.460731903580462,47.64704061661094]]]},"properties":{}},{"type":"Feature","geometry":{"type":"Polygon","coordinates":[[[-3.446248768250284,47.64519619188806],[-3.446855311659208,47.6450181571288],[-3.44868422376988,47.64478154370925],[-3.448733921821967,47.6443091801833],[-3.448554218073476,47.644039157617065],[-3.448211724450776,47.64385941827904],[-3.447526028097801,47.6438250936621],[-3.448056774745596,47.6439041126025],[-3.448256743350423,47.64401045609551],[-3.448468190636528,47.64443225106636],[-3.448455292002001,47.64476711323048],[-3.446838778029305,47.644991978297774],[-3.446248768250284,47.64519619188806]]]},"properties":{}},{"type":"Feature","geometry":{"type":"Polygon","coordinates":[[[-3.445410773062251,47.644014304414156],[-3.445135992889604,47.64373147183357],[-3.445362147574096,47.64350222446102],[-3.445655516352574,47.64338666371548],[-3.446042649712115,47.64338332117339],[-3.446551790170135,47.64372544121325],[-3.446837073992654,47.64376385211088],[-3.446304640622526,47.64345011425288],[-3.446279418866735,47.643352167507764],[-3.445731061779779,47.643237990477225],[-3.445306277844466,47.643261475626794],[-3.444829834742866,47.64363099369272],[-3.445410773062251,47.644014304414156]]]},"properties":{}},{"type":"Feature","geometry":{"type":"Polygon","coordinates":[[[-3.448116866775413,47.64373823014244],[-3.448215458339885,47.64366955974504],[-3.448178282216037,47.64347293287949],[-3.447604324899515,47.64292669012024],[-3.446359065938141,47.64334776349673],[-3.446369927177126,47.64343747325752],[-3.446848176174703,47.643745176109846],[-3.446932408574775,47.643668269885964],[-3.446743305801713,47.64365163382365],[-3.446990331371483,47.64348444604427],[-3.446985746676955,47.64355694787951],[-3.447156143330705,47.643529462808715],[-3.447286477036731,47.64361256554337],[-3.446998541734928,47.64377298521305],[-3.447404622870656,47.643705373219696],[-3.448116866775413,47.64373823014244]],[[-3.447380724246345,47.64350801197821],[-3.447196445656062,47.64331048907108],[-3.447265229853964,47.64321637475218],[-3.447366841414309,47.643283003689504],[-3.447254974972532,47.64335240749356],[-3.447395562965189,47.64329947737868],[-3.447456265038784,47.643359337633925],[-3.447448422067293,47.643404926594556],[-3.447362257248633,47.64335550554711],[-3.447380724246345,47.64350801197821]]]},"properties":{}},{"type":"Feature","geometry":{"type":"Polygon","coordinates":[[[-3.423925640057443,47.64503756483708],[-3.424200662398482,47.64476954803798],[-3.424222372618781,47.64450645798005],[-3.424433406176014,47.644594168363376],[-3.424519837166029,47.64453522068248],[-3.42452957945298,47.644615961241534],[-3.424705688615718,47.64452497918861],[-3.424978768422334,47.644573146154734],[-3.424999107740607,47.64440947037285],[-3.424820321484462,47.644256768127626],[-3.424884816249776,47.64412678234393],[-3.424804083732033,47.64412220054208],[-3.424747223604463,47.64387247078915],[-3.424845275996321,47.64402059140315],[-3.425055226099889,47.64409932951311],[-3.425230534041399,47.64389098983285],[-3.425178002433292,47.64367714494329],[-3.425075849280334,47.64382726803306],[-3.425072885903141,47.64369196886587],[-3.424937971941496,47.64368134232212],[-3.424858607324468,47.64357734607217],[-3.424650539377162,47.64362493560261],[-3.424452784154788,47.64353649405047],[-3.42439182202234,47.643585007515085],[-3.424414327632985,47.643439274110435],[-3.424145869856028,47.643318604854684],[-3.423940762763123,47.6435014923412],[-3.423832399219941,47.643489401598174],[-3.423669279733856,47.64368803661118],[-3.423727790980399,47.643729966808934],[-3.423616975169606,47.643808319146586],[-3.423698502358326,47.64393025859527],[-3.423777069815467,47.64391689879512],[-3.423661350109963,47.64417613769698],[-3.423578453004509,47.64415361268207],[-3.423510708124793,47.644256684190715],[-3.423567850218249,47.644398028886805],[-3.423713876131415,47.64438998321283],[-3.423670516765597,47.644473649570244],[-3.423756948403149,47.644414702449964],[-3.423641514714924,47.64456555566537],[-3.42377397902868,47.64466662694088],[-3.423717852626107,47.64497676709363],[-3.423766337160671,47.64504634221267],[-3.423780981678175,47.64494619637269],[-3.423925640057443,47.64503756483708]],[[-3.424302023230346,47.64450206900731],[-3.424231318019273,47.644469841783014],[-3.424312336844742,47.644366038367544],[-3.424302023230346,47.64450206900731]],[[-3.423928219584989,47.644062094401164],[-3.423832334355401,47.643931915386204],[-3.423950726662944,47.643916361121995],[-3.423928219584989,47.644062094401164]]]},"properties":{}},{"type":"Feature","geometry":{"type":"MultiPolygon","coordinates":[[[[-3.506264996073958,47.639258517206926],[-3.506478474643214,47.63937560426065],[-3.506355732020497,47.63935536043684],[-3.506270495972106,47.6394233392147],[-3.506068117090984,47.63940753994754],[-3.506061540625918,47.639353717323985],[-3.506305929615403,47.639385235025706],[-3.506264996073958,47.639258517206926]]],[[[-3.506256431807874,47.63925381992634],[-3.506172226083567,47.63927528665588],[-3.505637296829382,47.63894387764898],[-3.505589927849746,47.63877492069419],[-3.505311446708921,47.638573703689275],[-3.504826087462816,47.638429188858595],[-3.505110288939488,47.63845848711811],[-3.505168979994242,47.63839199053466],[-3.505334703911266,47.638545310931285],[-3.505381218241717,47.63848852540015],[-3.505575800833144,47.638549918829696],[-3.505811177142702,47.63872644617402],[-3.505781223669499,47.63880940243953],[-3.506166008218996,47.6388963058659],[-3.506580508955107,47.63911702368464],[-3.506575886862321,47.63929791404819],[-3.506505257775398,47.639157350492034],[-3.506260989081706,47.639017447147964],[-3.50600661738016,47.6390135814498],[-3.506036570617604,47.638930625135295],[-3.505922717594141,47.63887375830447],[-3.505928077769211,47.63902699656937],[-3.506219955712839,47.639119085199546],[-3.506134719868866,47.639187063886695],[-3.506256431807874,47.63925381992634]],[[-3.505586639895665,47.638748009360356],[-3.505574584092405,47.638649334465626],[-3.505465116003393,47.638628348962264],[-3.505586639895665,47.638748009360356]]]]},"properties":{}},{"type":"Feature","geometry":{"type":"Polygon","coordinates":[[[-3.503945947406563,47.63920985959193],[-3.504003545012258,47.6391343931616],[-3.503887750689224,47.63884281131762],[-3.504001601478241,47.63889968013241],[-3.503976027967898,47.63901851776107],[-3.504137491088936,47.639027571921744],[-3.504170734490196,47.638971527458104],[-3.504234782595995,47.63905826970441],[-3.504360934314276,47.63899704106863],[-3.504525561974681,47.639141392110545],[-3.504662794528263,47.63906148162851],[-3.504575610734464,47.63889474616144],[-3.504727210996819,47.63882306542457],[-3.504539448967012,47.63859872116794],[-3.504772997541418,47.63843215144865],[-3.504620425334691,47.638386475715215],[-3.504586086960416,47.63843354986832],[-3.504681185990353,47.63844630637781],[-3.504437774973132,47.6385321418062],[-3.504601182850365,47.6387759083939],[-3.504501577101581,47.638835656072125],[-3.504408792127113,47.63873245426005],[-3.504350099750742,47.63879895044987],[-3.504503645771055,47.63896198304391],[-3.504442761665184,47.63901053836518],[-3.504140053614011,47.63872035464366],[-3.503948759173875,47.638685870209564],[-3.503915515717447,47.63874191461836],[-3.50371983866703,47.638671547967185],[-3.503643490297103,47.63870290247823],[-3.503793746826855,47.63883902462603],[-3.503733957890976,47.638896550041835],[-3.503537184871705,47.63881721262868],[-3.503475204420035,47.638856796985955],[-3.503356971841721,47.63876404579524],[-3.503357942186573,47.63888140232703],[-3.50308835922051,47.63864355768636],[-3.503009693448589,47.638765356919166],[-3.502871616157225,47.63861952285929],[-3.502444957568466,47.6384085026818],[-3.502354240874797,47.638431626258125],[-3.502382722291649,47.63866485862892],[-3.502452371514262,47.638688068169095],[-3.502392835751666,47.6385288207511],[-3.502528847511335,47.638548328358176],[-3.503194162873054,47.63896279221671],[-3.502775168846127,47.6388145665512],[-3.502718665353578,47.63889900285934],[-3.502808287164049,47.63886690853549],[-3.503233855258816,47.639068956870716],[-3.50337656764829,47.639033900224035],[-3.503443901432997,47.639147554291924],[-3.503512706006134,47.63894502062399],[-3.503594408277537,47.63906690457108],[-3.503764636957175,47.639147722939946],[-3.503839890194194,47.63910739789761],[-3.503945947406563,47.63920985959193]]]},"properties":{}},{"type":"Feature","geometry":{"type":"Polygon","coordinates":[[[-3.499899252968388,47.63911946965361],[-3.499868459758575,47.63897668179418],[-3.500102987753541,47.63892747800116],[-3.500083144707669,47.63887439514088],[-3.500153888277669,47.638906576544315],[-3.500312328009851,47.63867195237633],[-3.500449434493249,47.63870043289712],[-3.500661926910982,47.63858020417841],[-3.500644404511448,47.63843667630533],[-3.500760441313264,47.63851148927485],[-3.500877703931458,47.638486886536136],[-3.500682162520103,47.63830812869831],[-3.500467480997028,47.638410416482365],[-3.500418640053195,47.63855764515168],[-3.500015119538963,47.63842661039526],[-3.499993218791694,47.63824720041629],[-3.500255251948775,47.63831387268676],[-3.500276453085746,47.63815915384076],[-3.500450221514447,47.63805011636615],[-3.500233745265863,47.637809304409544],[-3.500322271661378,47.63776824147516],[-3.500271503819798,47.637680756893445],[-3.500520393198926,47.63763978259484],[-3.500415440773475,47.63754628820638],[-3.500498491075979,47.63746037263741],[-3.500122750073241,47.63722844220529],[-3.500216355913575,47.637557390283746],[-3.500017138923892,47.637676878152064],[-3.500242637388419,47.6377726822828],[-3.499828040875278,47.637660327956304],[-3.500060109139517,47.63780995545902],[-3.500189021072171,47.63820918722994],[-3.499942451033899,47.6381597157133],[-3.499974339001934,47.638311474113095],[-3.499772531017184,47.63873817875003],[-3.499853129407137,47.63885109482767],[-3.499649659608569,47.63882631393972],[-3.499899252968388,47.63911946965361]],[[-3.500207242255696,47.63868684392476],[-3.500113238929308,47.63868305427149],[-3.500115560905512,47.63859260919114],[-3.500207242255696,47.63868684392476]]]},"properties":{}},{"type":"Feature","geometry":{"type":"Polygon","coordinates":[[[-3.5007683175667,47.63748145113391],[-3.500742998682177,47.637383515865196],[-3.500399277001836,47.63719495842165],[-3.500307860786186,47.636883951433795],[-3.500132169424827,47.636758275408724],[-3.500302516963394,47.63673071274117],[-3.500228491063591,47.636671619877895],[-3.50044851026087,47.6367225711398],[-3.500279652410215,47.636433945959375],[-3.499809920656528,47.6361982247979],[-3.499615353272258,47.6361368216906],[-3.499555562859951,47.63619434504861],[-3.499392052620243,47.63605895729859],[-3.499121139023057,47.636028905090065],[-3.498648131679314,47.63576626765048],[-3.498414846249516,47.635716052896704],[-3.498382693544079,47.63578106634303],[-3.498047747740662,47.635664266038134],[-3.497567086938075,47.635338830454245],[-3.497857426384138,47.63574712834208],[-3.497784635741875,47.63558861819257],[-3.498467663443792,47.63592986565108],[-3.498758416795241,47.63601300254537],[-3.498778392018577,47.63595769949002],[-3.498956267186636,47.63610131864151],[-3.499074620175763,47.63608568820106],[-3.499731251007105,47.63632002197752],[-3.500057180626225,47.63658182574652],[-3.500069093822144,47.63678888749634],[-3.500243690087306,47.63690559311093],[-3.500231118136727,47.637240462227595],[-3.500508478062121,47.63743272098236],[-3.5007683175667,47.63748145113391]]]},"properties":{}},{"type":"Feature","geometry":{"type":"Polygon","coordinates":[[[-3.498109320760472,47.635949843188286],[-3.497956897580226,47.63579577246653],[-3.497593219669166,47.63566250953718],[-3.49717016474227,47.635261608870216],[-3.496939071825046,47.63522933223636],[-3.497064946789716,47.635384883874245],[-3.496938933532699,47.635337718494426],[-3.496897205917843,47.635105224146805],[-3.496721528443111,47.634979542876984],[-3.496740133580953,47.63513204213976],[-3.496588950085633,47.63487855383564],[-3.496406568555699,47.63480743507826],[-3.496261953548772,47.63460776960887],[-3.495994331939254,47.63460462178106],[-3.495953282412249,47.63470625645832],[-3.495883641212259,47.63468304299594],[-3.496012261094564,47.63442299174787],[-3.495797726857417,47.63441688485419],[-3.49579649199742,47.634516300600374],[-3.495453088872972,47.634110955692194],[-3.49533692753541,47.63414452360414],[-3.495165633439164,47.63405472218268],[-3.494987490788475,47.634127869760974],[-3.494911286195916,47.63405083231737],[-3.495052896516701,47.63400681518049],[-3.49499776446908,47.63388344587302],[-3.495138280147164,47.63383045806205],[-3.494965751001364,47.63384007210687],[-3.494941538583757,47.63375110596399],[-3.494812106244147,47.63378541288895],[-3.494608801118475,47.6336522368131],[-3.494576645020221,47.633717249281275],[-3.494099304747158,47.63341871082005],[-3.493996703982097,47.63323476524991],[-3.493470806826554,47.63286667775934],[-3.492300244996508,47.632471278452975],[-3.492109128697804,47.63232838810699],[-3.492059176682014,47.6324666431442],[-3.491866967498888,47.63231478180036],[-3.491709900846698,47.63234159306867],[-3.491788136703647,47.63254496028362],[-3.491653088664382,47.63264279711883],[-3.491759258439257,47.63263688382074],[-3.491803297552511,47.632778935113],[-3.491884018634983,47.63278347064723],[-3.491849024945556,47.63249641139508],[-3.491939736101971,47.63247329590501],[-3.492297762332979,47.632670110066094],[-3.492230460454941,47.63255644919431],[-3.492492455975966,47.63262313907161],[-3.492697939290919,47.632774260087956],[-3.493168849221453,47.632910594466125],[-3.493305791428509,47.633047469837],[-3.493332479640225,47.63293760476417],[-3.493387606861657,47.63306097491786],[-3.4937987277598,47.633254826994715],[-3.494629444860521,47.63393106399183],[-3.494721916995069,47.634251046465074],[-3.495300253761723,47.63428204032247],[-3.495470454620019,47.63436287097613],[-3.495778702723614,47.634589544299075],[-3.495797164421826,47.63485043002681],[-3.496073821791097,47.634708570154224],[-3.496212964718314,47.63486338309367],[-3.496493720151899,47.63497417699358],[-3.496952067086766,47.63544536499001],[-3.497159900745294,47.63550603277484],[-3.497502368391761,47.63579401561224],[-3.497627288637401,47.635832209840345],[-3.497734695376935,47.63572687542318],[-3.498109320760472,47.635949843188286]],[[-3.497510167487513,47.63574842312084],[-3.497334486452184,47.635622742814625],[-3.497279485062845,47.635390988437734],[-3.497510167487513,47.63574842312084]]]},"properties":{}},{"type":"Feature","geometry":{"type":"Polygon","coordinates":[[[-3.483290817034719,47.63397525698702],[-3.484138897736011,47.63260046046339],[-3.484226171504663,47.63265882533316],[-3.484253970482753,47.63255793298653],[-3.484429774315078,47.63257524677009],[-3.484500663640367,47.6324990513612],[-3.48460230126869,47.632565648279346],[-3.484872096731658,47.632586763542555],[-3.484956256723941,47.632509829470976],[-3.485097708833936,47.63257421076459],[-3.485184215490157,47.632406831458354],[-3.48542528293657,47.63241148095462],[-3.485645109218396,47.63257084660541],[-3.48562309791313,47.632499819794475],[-3.485802179591266,47.63254404349477],[-3.485784699132759,47.63240051294706],[-3.485921942409098,47.63232062420162],[-3.486208126090755,47.6324762962556],[-3.486224835193705,47.63239408327922],[-3.486401731755246,47.63242036475202],[-3.486760829903545,47.63262616654054],[-3.486520080257242,47.63240474700067],[-3.486580973130835,47.63235620085458],[-3.486680427729326,47.63240485466524],[-3.486717122421509,47.6322673405203],[-3.486822040470201,47.63236084746858],[-3.4867305526342,47.63215821550672],[-3.486625475916751,47.632173094888785],[-3.486473096672548,47.63201900888461],[-3.486543504161791,47.63226797148273],[-3.486240771663208,47.63208612680606],[-3.486222970086584,47.632159369141135],[-3.486043889350454,47.6321151460771],[-3.486038266118058,47.63217867920494],[-3.485842475885292,47.632216668793305],[-3.485671203951473,47.632126853361356],[-3.485555971863875,47.63227776865872],[-3.485286339639527,47.632148268555795],[-3.485101635370573,47.632167577138745],[-3.485058219764197,47.632359653191145],[-3.484914583515804,47.63227733050599],[-3.484706613226128,47.632325027246985],[-3.484651506830396,47.63220165295053],[-3.484846042651545,47.63226308110328],[-3.485024517932778,47.63197317607553],[-3.484831075318282,47.63192071888162],[-3.484703825589709,47.631972955980345],[-3.484788751291498,47.63212176552825],[-3.484638398882518,47.63209400489283],[-3.484638235619661,47.632202391310756],[-3.484554239087739,47.63217093875194],[-3.484032891683521,47.63249798044134],[-3.483802415989588,47.632799807620486],[-3.48366314919616,47.63275336612176],[-3.483508261434956,47.632798107711686],[-3.483621481430666,47.632520866724775],[-3.483451138717789,47.63254840512883],[-3.483361447002348,47.63334815998044],[-3.482952639358151,47.63383150126736],[-3.483290817034719,47.63397525698702]]]},"properties":{}},{"type":"Feature","geometry":{"type":"Polygon","coordinates":[[[-3.491636238790832,47.63283339725282],[-3.491722725362266,47.63266601312762],[-3.491646378536082,47.632697359895765],[-3.491551591317517,47.6324678199319],[-3.491461973484059,47.63249990572673],[-3.491363757420971,47.632351840184086],[-3.491256494724789,47.63234878251493],[-3.491394823143745,47.632277857946754],[-3.491261317948116,47.63205950568128],[-3.490994953159825,47.631956930572],[-3.491152662356191,47.632264250159054],[-3.490866314775102,47.63221697662709],[-3.490856173132938,47.63235301395017],[-3.490783257127213,47.632302885581296],[-3.490776546152448,47.632357448317876],[-3.490352323680496,47.63205593809694],[-3.490338900898294,47.63216506353257],[-3.490288154750048,47.632077574359606],[-3.490038190220127,47.632109556356134],[-3.489937639894445,47.632051934774395],[-3.489931080601678,47.63199811103902],[-3.490081435492948,47.632025864863635],[-3.490028503440049,47.6319204343283],[-3.489784158246906,47.63188888245661],[-3.489819293174846,47.6320675559909],[-3.489729674972111,47.63209964046342],[-3.489704378895146,47.63200170253066],[-3.489599303314906,47.632016584588875],[-3.489389612821394,47.63172118910389],[-3.489227081217046,47.63170314389674],[-3.489205065503076,47.63163211772895],[-3.489134184045059,47.63170831602664],[-3.489255655567141,47.63182799383771],[-3.489194765728891,47.63187654139125],[-3.489011311254053,47.63179644034795],[-3.489064241174742,47.63190187135093],[-3.488928560374934,47.63166557511242],[-3.488848934259869,47.63167000816775],[-3.488828640848263,47.63194208253],[-3.489015374732402,47.632049095747576],[-3.4886882789164,47.631886676368026],[-3.488628481489292,47.63194419425955],[-3.488524654069915,47.631859659550145],[-3.488423950274495,47.63191042309762],[-3.488497490224075,47.63229468285788],[-3.488339640479499,47.63209574612019],[-3.488158216253348,47.632141971447524],[-3.487882177854938,47.63185026705442],[-3.487899350492925,47.632210570178955],[-3.487771324021689,47.63203706712566],[-3.487699190090352,47.632212680315924],[-3.487630648565751,47.63219843254657],[-3.487696847351675,47.63230312544708],[-3.487743531963637,47.63213796033637],[-3.487999742479685,47.6323765799232],[-3.487976635229,47.63229658290921],[-3.488300764195203,47.63221531951313],[-3.488564783822608,47.63240834589557],[-3.488506544888554,47.632149675100194],[-3.48865143445121,47.63213257758647],[-3.488880168216276,47.63225531582303],[-3.488828331340815,47.632158855388205],[-3.488930128268743,47.6321170621302],[-3.489350124386727,47.632274308586965],[-3.489271744362113,47.6321793261364],[-3.489407888721829,47.632090462658],[-3.489459726578261,47.63218692283904],[-3.48979369136168,47.63218639093358],[-3.489833352053248,47.63229256051121],[-3.490053495541142,47.632235145047886],[-3.490203699202055,47.63237128512753],[-3.490524545270784,47.63226310370768],[-3.490955481186928,47.632510050530286],[-3.490919248777008,47.63232240676663],[-3.49100886663869,47.63229032138521],[-3.491221055009551,47.63238688227779],[-3.491244017312258,47.63257526505212],[-3.491359084343006,47.63253273057592],[-3.491540357877047,47.63259488669196],[-3.491489310647255,47.63272417086219],[-3.491636238790832,47.63283339725282]]]},"properties":{}},{"type":"Feature","geometry":{"type":"Polygon","coordinates":[[[-3.487272326881576,47.63221837688137],[-3.487359918924922,47.63205996658058],[-3.487446102532722,47.63210935841479],[-3.487456252819875,47.63197332137074],[-3.487689354512456,47.632131944530336],[-3.487651105325714,47.63181797199099],[-3.487313864513833,47.6317915858269],[-3.487385841461894,47.63172435928486],[-3.487269838163355,47.63164953276994],[-3.487309177759615,47.63197247610884],[-3.487145395176985,47.63205384379014],[-3.486985365751458,47.63183696389875],[-3.486931030085081,47.63193933417598],[-3.486832827622774,47.631791264781235],[-3.486718851254841,47.631842765468754],[-3.486547579046131,47.63175295130438],[-3.486471230486817,47.63178429470502],[-3.486477626737467,47.63194650507536],[-3.486688553774159,47.6321424899868],[-3.486695427986232,47.631979541051926],[-3.486788325866555,47.631974370862146],[-3.487272326881576,47.63221837688137]]]},"properties":{}},{"type":"Feature","geometry":{"type":"Polygon","coordinates":[[[-3.483752010081217,47.63249554285472],[-3.483633991174883,47.63229438499644],[-3.483383095335129,47.63220899565852],[-3.483641966891939,47.632140406935136],[-3.483895047232521,47.632243737076266],[-3.48422513569112,47.63188217911],[-3.484152390805197,47.631723660152105],[-3.484495745308249,47.63136136301869],[-3.484768974639508,47.631301004100074],[-3.485058589051955,47.631375204614145],[-3.485388179047601,47.63133880261806],[-3.485497785804458,47.631251420545276],[-3.485440493804759,47.63111010521603],[-3.485582104132785,47.631066099493076],[-3.48582065883213,47.631269579790114],[-3.486168981436607,47.63127729041648],[-3.486257667789103,47.63112785152717],[-3.486004748650482,47.63091613995931],[-3.486126371590694,47.630927434588095],[-3.48616775722913,47.63060903016586],[-3.486286714623963,47.63092754279315],[-3.486444712853875,47.6310180959442],[-3.486671410601919,47.631014510776644],[-3.486638472178917,47.63085377751629],[-3.486707011711963,47.63086802587768],[-3.486733712416261,47.63075816218907],[-3.486574940494014,47.63044186573639],[-3.48646221891339,47.6303939503547],[-3.486540750711419,47.63038054826142],[-3.486472371381887,47.63025791327567],[-3.486281118689235,47.630223399763175],[-3.486368550657386,47.63017337657632],[-3.485999637914557,47.62988683729987],[-3.486127973932605,47.62984356940165],[-3.486048510695313,47.62973961400052],[-3.486181216467807,47.62973222871892],[-3.486061941638922,47.62963048892141],[-3.485996520882948,47.629751538740905],[-3.485923612994984,47.629701407271455],[-3.485849451967718,47.6297506916402],[-3.486064577750984,47.63009094711944],[-3.486113290278456,47.63005211034874],[-3.486222573127671,47.63018150061005],[-3.486360263578371,47.63054412801241],[-3.486273923566118,47.63060312184692],[-3.486206637121831,47.63048945738363],[-3.486152301333661,47.630591827369855],[-3.486038487285374,47.630534940918174],[-3.486050184357102,47.6308503912373],[-3.485900766691025,47.63093998936342],[-3.485675161685228,47.63095254370296],[-3.485663914574222,47.63107960999705],[-3.485452995500006,47.63088362312794],[-3.485418483374158,47.63103907831293],[-3.485113252326755,47.631056062230726],[-3.485041110975806,47.63123167386851],[-3.484509506877889,47.631035465261505],[-3.48451354898883,47.631288120916636],[-3.484332288076288,47.63122595385492],[-3.484225028045901,47.63122288972764],[-3.484220494982534,47.63129539347659],[-3.484132131225255,47.63122805788096],[-3.483960700705978,47.631246626366035],[-3.484035793279376,47.63131470038281],[-3.483922577994208,47.63159194194404],[-3.48383514141004,47.631641963263476],[-3.483681514380163,47.631587289344786],[-3.483781892075958,47.631753302767045],[-3.483712260023152,47.63173008201376],[-3.483620289089592,47.63185260687699],[-3.48331505281784,47.63186958608905],[-3.483152356536385,47.631959918860936],[-3.483159075254991,47.631905356551414],[-3.482617141455691,47.631953562519676],[-3.482403542827734,47.63206478813503],[-3.482570106216552,47.63233549841824],[-3.48286224099537,47.63221087290631],[-3.483145138920266,47.63233964041116],[-3.48338402164334,47.63232635275071],[-3.483368400305658,47.632417536005754],[-3.483484565410548,47.632383979965134],[-3.483752010081217,47.63249554285472]],[[-3.483438530206123,47.63211559772885],[-3.483412153546217,47.632008687751274],[-3.483683203089995,47.63193039002451],[-3.48373393827165,47.63201788207304],[-3.483438530206123,47.63211559772885]],[[-3.486483592424112,47.63089852309504],[-3.486296867641252,47.63079150576685],[-3.486333562212475,47.63065399162781],[-3.486483592424112,47.63089852309504]]]},"properties":{}},{"type":"Feature","geometry":{"type":"Polygon","coordinates":[[[-3.486448493907912,47.629952172133784],[-3.486451931244578,47.62987069758303],[-3.486299399191693,47.62982499772258],[-3.486455368570752,47.629789223028745],[-3.486461150609,47.62961730324345],[-3.486625860147855,47.629653293647486],[-3.486536403480218,47.629576989148646],[-3.486608378421175,47.629509763008805],[-3.486418380533707,47.629375833800445],[-3.486600889464776,47.629338581775414],[-3.486514711112786,47.629289189247],[-3.486560144806369,47.62922344027145],[-3.486759042472591,47.629320747999756],[-3.486797920102363,47.629201174941244],[-3.486686929928009,47.62872868401057],[-3.486567815711838,47.628518558056186],[-3.486453846076278,47.62857005857211],[-3.486535812311818,47.62847518185999],[-3.486330362992736,47.628324049669615],[-3.486030770604375,47.6282775027409],[-3.486179540114362,47.62862145084325],[-3.486306620544661,47.62867759866407],[-3.486234646345749,47.628744824646844],[-3.485913523573243,47.62830209070722],[-3.485765366214285,47.62829227282257],[-3.486074309869263,47.628744716370186],[-3.486184842580657,47.62877469082168],[-3.486086327386692,47.62884339377958],[-3.485994687874357,47.628749147486644],[-3.486320344048202,47.62911937719214],[-3.486338917427152,47.62927187857179],[-3.486220575818326,47.62928749616486],[-3.486351708561013,47.6295962997338],[-3.486135169991609,47.62946384717808],[-3.486283010840441,47.62969043771534],[-3.486192141863604,47.629821935399306],[-3.486448493907912,47.629952172133784]],[[-3.486506129907945,47.62910903732003],[-3.486193582742441,47.62884645620157],[-3.486394049956941,47.62862757541827],[-3.486626041288993,47.62877723030281],[-3.486660070995132,47.628946934406365],[-3.486506129907945,47.62910903732003]],[[-3.486329883543556,47.628649209544854],[-3.486230436262113,47.62860055534143],[-3.486301317738409,47.62852435868352],[-3.486329883543556,47.628649209544854]]]},"properties":{}},{"type":"Feature","geometry":{"type":"Polygon","coordinates":[[[-3.485262796228089,47.62866343555129],[-3.485424548158933,47.628455742383146],[-3.485339464689915,47.62841531964668],[-3.485256404062569,47.6285012248396],[-3.485287476008993,47.628427244079624],[-3.48519895354085,47.628468295819054],[-3.485080775733295,47.628375525637125],[-3.485194422034296,47.628540799708844],[-3.484802426168385,47.62817425867109],[-3.484919185389569,47.62847483171706],[-3.484598840728197,47.6282578380735],[-3.484634119169251,47.628328126873235],[-3.484512502467326,47.62831683067564],[-3.484557610969852,47.62846785570536],[-3.484443639503105,47.62851935426127],[-3.484202318224852,47.627963798856456],[-3.484086327561513,47.62788896903503],[-3.483982350641857,47.6279128167687],[-3.483695601329061,47.6274230081795],[-3.483689975795984,47.62748654134806],[-3.483561808903221,47.62742141994261],[-3.483500918913256,47.62746996463851],[-3.483774396523826,47.62796051195748],[-3.483602976374077,47.627979079948865],[-3.483573325244624,47.62784525767621],[-3.48351134273023,47.62788483166572],[-3.483432979540685,47.62778984508268],[-3.483407365561755,47.62790867888762],[-3.483221749406038,47.62781062718208],[-3.483112145988541,47.62789800727434],[-3.482996323580144,47.627714789707326],[-3.482974909878098,47.62797789290094],[-3.482865472563237,47.62795688610725],[-3.482839857240753,47.62807571977753],[-3.482740414208961,47.62802706258847],[-3.482798787688643,47.6281773501738],[-3.482661717655531,47.628148848784924],[-3.482693383311761,47.628408999310565],[-3.482615945360196,47.628431369538596],[-3.4824603127239,47.62825036587734],[-3.482422517948226,47.628378908260345],[-3.482245636739517,47.62835262070705],[-3.482270749342914,47.62855894705735],[-3.482081857545495,47.628433981440836],[-3.481958394926298,47.628187967899656],[-3.481809146840573,47.62816917428144],[-3.481763539104213,47.62834330807442],[-3.481538113646885,47.628247467811796],[-3.481912450088323,47.628578874988754],[-3.481808470853607,47.62860272077884],[-3.481517953860378,47.62841115476385],[-3.48144269884272,47.628451465649775],[-3.481333431122101,47.628322070801474],[-3.481363076900895,47.628455893609775],[-3.481136389663269,47.62845946848034],[-3.481226758240049,47.62865313449015],[-3.481124961887152,47.62869492110977],[-3.480934059800299,47.62844362558684],[-3.480982945230912,47.6282964042976],[-3.480873508046999,47.6282753956411],[-3.48093003484744,47.628190969437355],[-3.480670943912222,47.62770864833715],[-3.480532784672373,47.62767117371386],[-3.480450637249272,47.62787443290657],[-3.480473154886831,47.62762030089329],[-3.480308455769964,47.62758430177602],[-3.480255030978176,47.627804026562565],[-3.480029265290873,47.627924956669204],[-3.480089986471818,47.62798480044174],[-3.480173054609941,47.62789889889988],[-3.480386469332596,47.627896063776625],[-3.48049464233851,47.62801648880978],[-3.480672613148436,47.628051749746724],[-3.480716105329924,47.62851896542653],[-3.48087081211301,47.6285826140549],[-3.481024086434279,47.62885406496096],[-3.481196601972661,47.628844471481635],[-3.481162419391608,47.628783152382105],[-3.481326031080368,47.6288101795551],[-3.481265477675896,47.62864194984433],[-3.481370548936066,47.6286270752565],[-3.481565990203821,47.62880586630617],[-3.481655607783086,47.6287737880422],[-3.481525256812842,47.628690723014564],[-3.481653593581791,47.62864746000552],[-3.481758495644967,47.62874097167608],[-3.481941005657112,47.628703726919696],[-3.482088995025675,47.62882193625642],[-3.482068081824654,47.6287598793493],[-3.48222841833836,47.62875999312505],[-3.482190959088123,47.628671762193484],[-3.482259326549196,47.628794399785654],[-3.482301489467628,47.628701740320764],[-3.482473836636748,47.62880053155924],[-3.482406560556782,47.628686864801494],[-3.482464177258129,47.62861140858203],[-3.482527085753608,47.62868919248229],[-3.482532880324801,47.62851727279411],[-3.482755957755002,47.62870355632354],[-3.482764269582675,47.62833280479153],[-3.482974243362008,47.62841143944779],[-3.482963490314763,47.62821334576863],[-3.482880592998139,47.62819086264718],[-3.483022197691938,47.62814685996125],[-3.483009260583681,47.62793082484703],[-3.483245773518114,47.628007982676436],[-3.483237037456804,47.627936217045026],[-3.483506808980953,47.62795733551183],[-3.483611547599196,47.628159232193944],[-3.483842601845717,47.628191535308936],[-3.483838563145022,47.62793887922703],[-3.483615815783621,47.62753582435497],[-3.483847794581594,47.62768548484143],[-3.484055089829382,47.628071336144174],[-3.484068524428464,47.62796221120041],[-3.484183423058695,47.62802807034185],[-3.484213075819231,47.62816189244702],[-3.484145632589876,47.628156613297094],[-3.484348726838386,47.628398194589295],[-3.48426473646334,47.62836674176059],[-3.484162778817911,47.62851691765728],[-3.48450529501962,47.62869655302376],[-3.484663446825275,47.628678722079485],[-3.484627402408666,47.628382689368316],[-3.48487921178463,47.62858543350927],[-3.484965550074679,47.62852644064425],[-3.484935569929571,47.62860939199998],[-3.485262796228089,47.62866343555129]],[[-3.485109176308367,47.62860876342613],[-3.484934802924296,47.6283836480691],[-3.485195514381998,47.62854977039187],[-3.485109176308367,47.62860876342613]],[[-3.484330923895544,47.628471436775456],[-3.484295645759024,47.628401147889335],[-3.484392906483468,47.628431862363],[-3.484330923895544,47.628471436775456]],[[-3.480909531572286,47.62857142952668],[-3.480847717188788,47.628502615474446],[-3.480921881100004,47.628453334249556],[-3.480909531572286,47.62857142952668]]]},"properties":{}},{"type":"Feature","geometry":{"type":"Polygon","coordinates":[[[-3.473953670235,47.62762137905321],[-3.474012942653498,47.62722973775018],[-3.474089107345073,47.62730678909475],[-3.474293980352376,47.6271238120801],[-3.474529386584431,47.62719201679903],[-3.474423593710035,47.62698114108302],[-3.474537387801975,47.62703803895504],[-3.47460846750612,47.62685346263612],[-3.474792973944056,47.62694255728905],[-3.474451776119168,47.626663477367615],[-3.474382877118114,47.626865995192965],[-3.474245814946632,47.62683748390924],[-3.474333974794732,47.627013213827986],[-3.474232176173806,47.62705499447587],[-3.474117291916658,47.62698912551332],[-3.474150190251654,47.62714986262265],[-3.473950233234505,47.62704356252212],[-3.473780808118516,47.62718844437979],[-3.473849154357419,47.627311086987405],[-3.473707544320056,47.627355078571625],[-3.473953670235,47.62762137905321]]]},"properties":{}},{"type":"Feature","geometry":{"type":"Polygon","coordinates":[[[-3.476713509313919,47.62768479310743],[-3.476613340795702,47.62741038659562],[-3.476710595294083,47.6274411074815],[-3.476783670639323,47.62738285808949],[-3.47671894891339,47.62707035613957],[-3.476840561125593,47.62708166045875],[-3.476848555659879,47.62692768244777],[-3.477038878177177,47.6268448539954],[-3.477097769985569,47.6266699844089],[-3.477220472335278,47.62669025910213],[-3.477264824288596,47.62661554288797],[-3.477764008080104,47.6269851796789],[-3.478067420713141,47.62739279091746],[-3.478243205527073,47.62741011405753],[-3.478389352628329,47.62729361330658],[-3.478600407090259,47.62738122661918],[-3.478738739450433,47.6273103168568],[-3.478699104527677,47.62720414324058],[-3.478825082463981,47.62725132849189],[-3.478787805024782,47.6270547097092],[-3.47862856485439,47.62706356196191],[-3.478625115757552,47.627145036399966],[-3.478493682289347,47.62705299716833],[-3.478203571515848,47.62730394027863],[-3.478109942808572,47.62708335952772],[-3.478198821076409,47.62682553973129],[-3.478056124798285,47.62686056584229],[-3.47771544234486,47.62625633525692],[-3.477641278525886,47.626305614501696],[-3.47773071699562,47.62638192594079],[-3.477762003156066,47.626858851458834],[-3.477607305075761,47.62679519865654],[-3.477410971349713,47.6264990433135],[-3.477134485421307,47.62653247286829],[-3.476994328619591,47.62636866577428],[-3.477051414519845,47.626618372309636],[-3.476931073132882,47.62650765225753],[-3.476823823008537,47.626504581326955],[-3.476885450903258,47.62668178429458],[-3.476699850994162,47.62658372216356],[-3.476844192014999,47.6268917993734],[-3.47664532147476,47.62679447464165],[-3.476641689884636,47.62698433573033],[-3.476469179539601,47.626993922491714],[-3.476582975839146,47.62705081837049],[-3.476462274752595,47.62715687124255],[-3.476572439527198,47.627403628168786],[-3.476391021060372,47.62744983533225],[-3.476323759635703,47.627336164992315],[-3.476307036866876,47.62741837676639],[-3.476184333190413,47.627398101121194],[-3.476070717219979,47.627232818187075],[-3.475998732078709,47.627300037912285],[-3.476101439995491,47.62737561317928],[-3.475848397823194,47.627272265894526],[-3.47581840421472,47.62735521496331],[-3.475720059655895,47.62731552255602],[-3.475781866054297,47.62738433936371],[-3.475682430744483,47.62733567614878],[-3.475582813980919,47.62739539952133],[-3.475467200376388,47.62710378775845],[-3.475130177927717,47.626968979665925],[-3.475072010030706,47.62671030145071],[-3.474884049151584,47.62670268157393],[-3.474886771745544,47.62705475402934],[-3.475022561437048,47.627182680457274],[-3.475009656937996,47.62696664435084],[-3.475148718588951,47.62712148299236],[-3.475267058633984,47.627105876599025],[-3.475643348061754,47.62756363228561],[-3.475685521492323,47.62747097515033],[-3.475838037730329,47.62751668892539],[-3.475926746756142,47.62736725759082],[-3.476215056364986,47.62754089607134],[-3.476305765868563,47.6275177926627],[-3.476474645703149,47.62769806715895],[-3.476713509313919,47.62768479310743]],[[-3.477938700356586,47.62699353252124],[-3.477850351644872,47.62692619202463],[-3.477982137216345,47.62680145858393],[-3.478036131510991,47.62691586561237],[-3.477938700356586,47.62699353252124]]]},"properties":{}},{"type":"Feature","geometry":{"type":"Polygon","coordinates":[[[-3.473767352682943,47.6272975681829],[-3.473219661057153,47.6268583591542],[-3.473279469389134,47.62680084900055],[-3.473132782023354,47.626583212475914],[-3.473013352252378,47.62658984590531],[-3.472975348976431,47.62682677204167],[-3.472476387766303,47.62634872803545],[-3.472370604673384,47.62613785036852],[-3.472182457660331,47.626238612874964],[-3.471930518534669,47.62614422785803],[-3.472015064770364,47.62585052936576],[-3.471854737018703,47.62585040157063],[-3.471803648563134,47.62597967758428],[-3.471889807958838,47.626029081049346],[-3.471740380022668,47.626118661284046],[-3.471549721148195,47.625758963339855],[-3.471253235469421,47.62584767767246],[-3.471114569840392,47.6254760607633],[-3.471028412054749,47.62542665671233],[-3.470887894572397,47.625479615750315],[-3.470902063052033,47.62559623654665],[-3.471076749708795,47.62560459965759],[-3.471117458207082,47.62571974677479],[-3.470976940041559,47.625772705911935],[-3.470903152937647,47.625605207376786],[-3.470931681166084,47.62573006218914],[-3.470773533511972,47.625747874568326],[-3.470887129920033,47.62591316278096],[-3.471101817849701,47.62581092869907],[-3.471391193333309,47.625993550051476],[-3.471536261512073,47.62586808696623],[-3.471651850966005,47.62615970280513],[-3.471881610109167,47.62629144552098],[-3.471807440856023,47.626340721060586],[-3.471931230513269,47.62636997213168],[-3.471951418925519,47.62620628666326],[-3.471986679356843,47.626276579356166],[-3.472252077533585,47.62626184056649],[-3.472301698455151,47.626340367020994],[-3.472375867251554,47.62629109116752],[-3.472750848539362,47.62684827225173],[-3.47284046812893,47.626816200718714],[-3.473129855010273,47.62699881766909],[-3.473164400310891,47.626843365792716],[-3.473295637795866,47.62704379772016],[-3.473661191537396,47.62730346514517],[-3.473767352682943,47.6272975681829]]]},"properties":{}},{"type":"Feature","geometry":{"type":"Polygon","coordinates":[[[-3.470391978630958,47.625796153253155],[-3.470423069602799,47.62572217634545],[-3.470626475871439,47.6257470082997],[-3.470665387034271,47.62562744039287],[-3.47077135377885,47.62572993290691],[-3.470676477107175,47.62560876195328],[-3.470723208525508,47.62544360307828],[-3.470555959383499,47.62560642204118],[-3.470362554062113,47.62555394071664],[-3.470129213641309,47.6249527644666],[-3.470013249249673,47.624877920555654],[-3.469952349841018,47.624926458251664],[-3.469848758918206,47.62473351983264],[-3.469785680162323,47.62476411575775],[-3.469736064407081,47.624685588170735],[-3.469661895404653,47.62473486238865],[-3.469541887662289,47.625066652674334],[-3.469567531143109,47.62494782173781],[-3.469477912723962,47.62497989079045],[-3.46953009549458,47.62485958657398],[-3.469389966420294,47.624695770215],[-3.469310154719258,47.62480857677541],[-3.469022776932738,47.62475227867053],[-3.468965535522608,47.62461095479084],[-3.4690573327395,47.6245968278293],[-3.469058617167247,47.62449741186276],[-3.468919189707659,47.62455933940978],[-3.468741433822795,47.62441567367952],[-3.468692322570083,47.624671276952164],[-3.46859725669003,47.624658491058575],[-3.46852129966743,47.62447304920919],[-3.468540910050231,47.6246345246367],[-3.46840950015092,47.624542473939805],[-3.468322953643963,47.6247098414987],[-3.468324239442089,47.62461042554603],[-3.46825224808295,47.62467764058765],[-3.468170648537163,47.62455573103148],[-3.467993589982842,47.62463780866034],[-3.467915259172977,47.62454281150983],[-3.467754935358923,47.62454267808708],[-3.467824748471406,47.62445752161921],[-3.467615704070966,47.62449621726029],[-3.467601740892465,47.624271209170765],[-3.467499050982342,47.62419562630966],[-3.467260200694408,47.62420888154185],[-3.467079874241268,47.62426404518956],[-3.467140576740518,47.62432389580571],[-3.46698134278646,47.62433273219215],[-3.466998278005028,47.62414213478843],[-3.466839044569585,47.62415097098171],[-3.466916682141471,47.62402022432265],[-3.466731109799606,47.62392214621798],[-3.466600594040814,47.62394745118062],[-3.466626443339177,47.62372023396386],[-3.466456320098444,47.623639360848216],[-3.466488993214866,47.62390848724453],[-3.466398285596436,47.62393158307239],[-3.466390261368088,47.62408556060417],[-3.466264301895372,47.624038361865324],[-3.466163390941245,47.62419749326169],[-3.466339849676564,47.62444057887605],[-3.466443827712008,47.624416746804975],[-3.466408575807891,47.624346452371725],[-3.466478190700958,47.62436968352728],[-3.466477501808725,47.62414393898858],[-3.466712685278131,47.62432054639529],[-3.466773985961074,47.62405523670086],[-3.466901725789662,47.62433715030397],[-3.466826266075146,47.62448583867848],[-3.466974409382333,47.624495680604134],[-3.466968764257121,47.62455921306167],[-3.467075119583721,47.62444493535557],[-3.467188900436427,47.62450184046065],[-3.467141665968045,47.624332866676795],[-3.467522124038772,47.62427562770561],[-3.467410125417654,47.62445343831105],[-3.467598077309499,47.624461070223596],[-3.467524599967616,47.62473608757949],[-3.467695123605374,47.62460018547866],[-3.46780108260791,47.624702680741514],[-3.467841088688262,47.624592084575134],[-3.467869609213454,47.62471694020037],[-3.468101531611487,47.62486663217317],[-3.468155896186417,47.62476427028395],[-3.468324739786444,47.62494455681796],[-3.468396731414269,47.62487734174088],[-3.468324936149884,47.62483617001959],[-3.468549233999694,47.62492306509391],[-3.468663213119618,47.62487158195202],[-3.468626868505785,47.624792317350014],[-3.468701932444441,47.6248604014491],[-3.468735204222849,47.6248043666638],[-3.46881917984129,47.62483583071605],[-3.468890276384403,47.6246512576681],[-3.468888991639448,47.62475067362489],[-3.468979699572035,47.62472757587245],[-3.469041494284637,47.624796396338176],[-3.469045657613616,47.62494066654235],[-3.469266882729806,47.62489226088691],[-3.469345216457735,47.62498725711385],[-3.469402847627595,47.624911807194266],[-3.469615669750469,47.62523415211582],[-3.469720931078127,47.62511090119584],[-3.469680419667968,47.624887366758074],[-3.469774396533326,47.62489118092466],[-3.470004145583228,47.62502292741954],[-3.470391978630958,47.625796153253155]]]},"properties":{}},{"type":"Feature","geometry":{"type":"Polygon","coordinates":[[[-3.438800895042462,47.62526994528731],[-3.438804404799756,47.62518847195691],[-3.438921666670103,47.62516393124167],[-3.43887318044203,47.62509436169667],[-3.438991526586063,47.625078792040775],[-3.438920009802453,47.62492921551552],[-3.439009390601989,47.62500555664898],[-3.439122569503238,47.62483674446836],[-3.439439964986637,47.62481017631773],[-3.439675825525517,47.624661677855414],[-3.439430458791921,47.62462104942135],[-3.439439135417035,47.62469281844053],[-3.439327552864657,47.62465382856895],[-3.43932729762595,47.624762215321404],[-3.439220053183791,47.62475910986047],[-3.439276642129548,47.62467470367294],[-3.439167228799203,47.62465365590567],[-3.438948146389026,47.62471994681693],[-3.439314793433841,47.62443778825987],[-3.43926413826579,47.62435027659137],[-3.439647304715931,47.624094297123015],[-3.439620189769335,47.623870018906445],[-3.439498592768845,47.62385867581775],[-3.439544334533545,47.623684558150096],[-3.439307648680692,47.62371569848439],[-3.439230454799122,47.62362965319122],[-3.439519134520166,47.62358660894497],[-3.439545928690952,47.6234767556499],[-3.43937450758234,47.623495258773865],[-3.43947224338533,47.623309237074466],[-3.439115047939551,47.623338004912945],[-3.439218206914582,47.62319683909699],[-3.439057887225156,47.6231966662835],[-3.438981778967279,47.62311959194101],[-3.438991539219028,47.623200332187174],[-3.43883230396714,47.623209130202234],[-3.438804424017158,47.62331001220928],[-3.438680659617965,47.62328072598664],[-3.438477848098634,47.623481583163404],[-3.438485438861672,47.623544381154076],[-3.438646844016611,47.62355352589314],[-3.438581323203056,47.62367454951447],[-3.438675039145751,47.62378677551064],[-3.438766842954515,47.62377267235051],[-3.438770668019491,47.6240253304915],[-3.438608176990619,47.62400721478773],[-3.438552101315393,47.62387484709804],[-3.438402109252081,47.62418115834628],[-3.438307308814092,47.624059961013316],[-3.43821550438987,47.62407406381014],[-3.438289701494337,47.62402480954809],[-3.438185711659932,47.6240486165589],[-3.438266672356387,47.623944802372584],[-3.438000192017673,47.623950492813734],[-3.437901623732014,47.62401915529121],[-3.438008092868488,47.62434742230008],[-3.438135112433859,47.62440362264148],[-3.438063909888178,47.62458817697819],[-3.438218039420245,47.624868655710934],[-3.438163359732639,47.62507939038499],[-3.438286043623914,47.62509970599269],[-3.438178798564321,47.62509659957624],[-3.438114359163304,47.62522659397603],[-3.438201570540573,47.62528499344253],[-3.438391947144062,47.62520222790153],[-3.438647332500073,47.62521521197222],[-3.438778120957513,47.62508155153639],[-3.438800895042462,47.62526994528731]],[[-3.4387729549461,47.624928309142135],[-3.438662456841128,47.62489828977234],[-3.438663797881641,47.62479887416284],[-3.438869354815265,47.62484170369794],[-3.4387729549461,47.624928309142135]],[[-3.438781709836678,47.62356413671811],[-3.438669045697186,47.6235161750561],[-3.438839382662948,47.62348870182943],[-3.438781709836678,47.62356413671811]],[[-3.438877022767778,47.62346856006791],[-3.438843976697857,47.6234161995619],[-3.438986689479455,47.62338122129723],[-3.438877022767778,47.62346856006791]]]},"properties":{}},{"type":"Feature","geometry":{"type":"Polygon","coordinates":[[[-3.430700180363051,47.621021103650094],[-3.430763549696489,47.62088214183511],[-3.43088297193147,47.620875551586764],[-3.430829622913261,47.620986867544616],[-3.430971251370334,47.620942927806084],[-3.430986958841276,47.62085175103913],[-3.431263444199282,47.62081843062797],[-3.43074513799581,47.620729630998284],[-3.431134546043221,47.62063589330783],[-3.43128592145407,47.62067269418612],[-3.431449754217125,47.6205914043665],[-3.431486583045147,47.62045390676791],[-3.431275633325765,47.620366208029715],[-3.431472502033308,47.62033728089671],[-3.431517183800812,47.62015419483679],[-3.431394513850625,47.62013387206775],[-3.431717029976524,47.61981804873771],[-3.431576759228604,47.619762573621074],[-3.431639041620669,47.61961464001786],[-3.431330880958665,47.61949618280856],[-3.431437302472047,47.61938193726813],[-3.431415640002981,47.61920251273955],[-3.431178701467446,47.618899504298945],[-3.431053868424075,47.61886123869768],[-3.431159745680792,47.618963767491984],[-3.431035995551145,47.618934473103444],[-3.431018122629181,47.619007707503684],[-3.430883542216849,47.618888700635104],[-3.430591632010003,47.61890480993334],[-3.430495775715471,47.618774634695825],[-3.430403978316672,47.61878873139094],[-3.430473297102896,47.61892037112745],[-3.430268852625011,47.61888649792521],[-3.4302122555736,47.618970899998814],[-3.430238519252404,47.61907782268182],[-3.430372289152133,47.61907947200305],[-3.430274802976847,47.61915709945234],[-3.430275338725169,47.61938284475884],[-3.430206829015209,47.61936856320595],[-3.430438349290928,47.619626717375766],[-3.430279659060628,47.61986124899699],[-3.430367662654879,47.62003701270263],[-3.430176482896315,47.62000240715895],[-3.430145065632229,47.62018476054791],[-3.430044328375623,47.62023547405904],[-3.430090358875566,47.62039549194859],[-3.430200842840046,47.62042551949721],[-3.430231986372239,47.6203515530932],[-3.430319181162815,47.62040995859116],[-3.430240649937657,47.62042332295261],[-3.430317824693343,47.620509374328456],[-3.430175113909882,47.62054434205213],[-3.430434533640493,47.62070161599733],[-3.430248492573857,47.62082025368106],[-3.430135841891741,47.62077228372051],[-3.430021834383418,47.620823729367935],[-3.430355455145572,47.620931754331295],[-3.430484897700211,47.62089751860633],[-3.430700180363051,47.621021103650094]]]},"properties":{}},{"type":"Feature","geometry":{"type":"Polygon","coordinates":[[[-3.464924016601653,47.6221913853968],[-3.464896852527545,47.62212734257641],[-3.46473891716683,47.622036759869346],[-3.464798729232802,47.621979253915896],[-3.465035189473742,47.62205644885249],[-3.464932710697369,47.62187247669122],[-3.465100851225205,47.62182702333686],[-3.465023618505824,47.621740995012004],[-3.465124325364856,47.6216902513737],[-3.465036001594918,47.621622901001814],[-3.465126705879999,47.62159980620455],[-3.465089279919018,47.621511569465724],[-3.464429512964708,47.62135851347383],[-3.464592208613778,47.62126820628776],[-3.464506063655249,47.62121879731895],[-3.464324655764328,47.621264985887805],[-3.46432724208119,47.621066153713755],[-3.463969396809996,47.62086925266391],[-3.463888285406905,47.621081471830884],[-3.463581545265253,47.620755296704814],[-3.463338148861117,47.62084104727548],[-3.463262008911393,47.62076398866518],[-3.463383603906703,47.62077530703161],[-3.463504316544572,47.620669267327955],[-3.463317204645791,47.62022808066397],[-3.463126884431114,47.620310887038585],[-3.463175397918132,47.62038044668311],[-3.463029236544474,47.620496928810276],[-3.46278081354556,47.62032104952159],[-3.462551982862215,47.62030664648016],[-3.462513057406404,47.620426212010344],[-3.462173724372143,47.62038181124959],[-3.46214697831685,47.62049166990574],[-3.461964691835401,47.620420496857555],[-3.462008641590105,47.620562560265604],[-3.461898139460521,47.62053256281171],[-3.461724349330884,47.62064154391729],[-3.461520966656444,47.62061669639538],[-3.461516403659477,47.620689199656105],[-3.461314109073888,47.62067332271496],[-3.460855811067248,47.620969671479386],[-3.46089519444032,47.62118423848273],[-3.460656355986617,47.621197480230705],[-3.460588259939661,47.62096644251947],[-3.460475157124538,47.621135275829715],[-3.460407937545327,47.62102159595804],[-3.460317232201469,47.62104468709741],[-3.460147576176174,47.62129793661235],[-3.460442117585948,47.62163382722742],[-3.460334878203863,47.62163074114897],[-3.46030377563571,47.62170471552633],[-3.460192184094304,47.62166574552886],[-3.460241783003926,47.62174427729134],[-3.459881131872105,47.62185458277455],[-3.459447821238062,47.62180635199367],[-3.459048221771399,47.621485313558104],[-3.458900088279872,47.62147546156405],[-3.458745859890119,47.6211950096439],[-3.458582077405006,47.62122531522929],[-3.458635358284893,47.62116500911266],[-3.458471781520478,47.62113795005221],[-3.458571838258696,47.621227209826756],[-3.45853682168554,47.62123368910046],[-3.458575108203586,47.62143928589239],[-3.458209668001548,47.62117957047595],[-3.458259046756941,47.621366490079765],[-3.458366285488174,47.62136957806466],[-3.458140497437767,47.62149046626004],[-3.457953209581918,47.62115765818045],[-3.457860980153172,47.621388550401456],[-3.457402880458261,47.62102559267581],[-3.457454649738079,47.62112206760095],[-3.457309780078169,47.62113912651631],[-3.457318480173134,47.62121089433385],[-3.457139460118892,47.621166626712586],[-3.457062890224354,47.6213063380422],[-3.456962395846746,47.62124868776121],[-3.456928674952968,47.62152149323815],[-3.456799247850781,47.621555758258395],[-3.456900390989357,47.62183915355771],[-3.456746599904065,47.6218928308913],[-3.456711362435547,47.62182253344062],[-3.456609339785159,47.621972685783454],[-3.456564095608777,47.621930036410866],[-3.456542774233451,47.62208474859635],[-3.456435534171109,47.62208165893826],[-3.456462718852772,47.62230593345213],[-3.456365485364567,47.62227519562742],[-3.456319578943083,47.622557706914826],[-3.456387437953295,47.62289713381696],[-3.456311305104485,47.62282007075693],[-3.456291290806074,47.622875366917825],[-3.456192969021941,47.62283565797943],[-3.456226898193334,47.62300537145538],[-3.4559404097318,47.623066398971446],[-3.455755082750187,47.6228599164943],[-3.455762250024058,47.62313948713961],[-3.455701561628852,47.623079630574125],[-3.455621723419985,47.623192427873036],[-3.455494688330412,47.623136246514754],[-3.455553646617471,47.62296138746352],[-3.455425302373336,47.62300462192102],[-3.455299355146811,47.62295741133144],[-3.455380477579032,47.62329610371844],[-3.455272593654516,47.62306726826762],[-3.455190580166029,47.62316212329849],[-3.45509574342507,47.6230409395312],[-3.455002441083415,47.622711952890505],[-3.454900635538005,47.622753716781666],[-3.454843433657083,47.62261238583808],[-3.454714226560648,47.62253826162642],[-3.454638959586574,47.622578555363226],[-3.45447016969079,47.622398248828894],[-3.454403599118011,47.62251031039807],[-3.45419935075076,47.62236809224104],[-3.454022277974341,47.62245014878161],[-3.453881977137407,47.622394700532006],[-3.453765589256015,47.62253661421176],[-3.453487388219752,47.622335272033894],[-3.453223951074152,47.6224762971444],[-3.453234819602893,47.622566007234546],[-3.453029487318933,47.62241481602633],[-3.452726240811862,47.62255804431794],[-3.452688378473127,47.62268657744749],[-3.452598981996249,47.6226102466919],[-3.4527714295659,47.623151600586795],[-3.452406234554214,47.622783480356176],[-3.452231560058683,47.62277508931014],[-3.452219606486776,47.6226764081186],[-3.452149770812221,47.62276155533533],[-3.45204927900113,47.62270390087002],[-3.451873058678451,47.62290331203917],[-3.451796932337702,47.62282624603685],[-3.451697297271614,47.62288594917471],[-3.451651199860029,47.62272594001165],[-3.451595258486183,47.6230360970553],[-3.450860863912454,47.623149001019904],[-3.4508484491118,47.623267093432695],[-3.451042682013488,47.623436965005965],[-3.450852794986525,47.623302977543204],[-3.450865600839628,47.623519016715576],[-3.450749434531454,47.6235525404697],[-3.450538673398928,47.623356489818406],[-3.450616971544232,47.62345149867803],[-3.450519506826822,47.62352914284936],[-3.449969790721684,47.623622787196076],[-3.44977796715621,47.62336246908211],[-3.449707274567996,47.62333025692335],[-3.449744676378743,47.62341849850718],[-3.449476496665364,47.62318949935307],[-3.449370106169531,47.62330376110515],[-3.449296066529848,47.62379554081092],[-3.449240199683511,47.62355479140483],[-3.449200155845551,47.62366538125598],[-3.449073126389059,47.623609192927056],[-3.449119072063357,47.62332668464169],[-3.448645337270137,47.62305487203367],[-3.448668240544883,47.62269235866069],[-3.448449414692123,47.62265028057613],[-3.448435671883853,47.62286778858753],[-3.448294052698245,47.62291174945989],[-3.448330128888294,47.623099407326926],[-3.448157014620147,47.62288320750634],[-3.448066063327345,47.62301467597712],[-3.447830947304904,47.6228380309105],[-3.447781499319096,47.623202012446406],[-3.447615617662234,47.622714477562084],[-3.447487506245461,47.62264931642057],[-3.447510548643672,47.62272932183073],[-3.447322366729726,47.62283004446418],[-3.447060108510151,47.62242912122928],[-3.446971326893747,47.62257853101053],[-3.446947199572009,47.62248955442023],[-3.446855400131357,47.622503664019376],[-3.446917530084218,47.62290662796761],[-3.44673959873901,47.62287131551042],[-3.446754799546613,47.62299691045407],[-3.446655158523237,47.62305660928529],[-3.446581451489212,47.62288909515944],[-3.446583141978968,47.623123811022],[-3.446454790080166,47.62316703561817],[-3.446346703698967,47.62304657877205],[-3.446301225740283,47.623112312306986],[-3.446324627003348,47.6225330256396],[-3.446164309285055,47.622532862580584],[-3.446178422972046,47.62264948654695],[-3.44607226802872,47.622655358448256],[-3.445906763689304,47.62250195277361],[-3.445760074494578,47.62283518691282],[-3.445773101769762,47.622942839833534],[-3.445878171691662,47.622927997129516],[-3.445900126167162,47.622999031770746],[-3.445820509417594,47.62300343551528],[-3.445842221843639,47.623182857018946],[-3.445722796295959,47.62318946255555],[-3.445576716290411,47.62275501729613],[-3.445464047754144,47.6227070621689],[-3.44540638513351,47.622782500358774],[-3.445510969491978,47.622984431718876],[-3.445347021292623,47.6236166464481],[-3.445476460740814,47.62358239415551],[-3.445368975344562,47.62368768116403],[-3.445457520503291,47.623646659513696],[-3.445435080685078,47.623792398458],[-3.445516869808278,47.62380593712774],[-3.445388872185203,47.62418329202389],[-3.445163286236809,47.62419576816405],[-3.445129148026308,47.6241344383795],[-3.445152187531064,47.62421444419382],[-3.444996206781802,47.62425016383646],[-3.444921771674054,47.624407809137146],[-3.444705953800205,47.62450102408814],[-3.444606552197464,47.62445233435028],[-3.44460413678828,47.62454277896556],[-3.44450147892175,47.624467175898694],[-3.444501234188976,47.624575562672646],[-3.444370951298093,47.6244924560129],[-3.444329811269793,47.62459407305893],[-3.443713970139446,47.624582970039356],[-3.443474520603541,47.62437043199012],[-3.443356177337599,47.62438600619395],[-3.443446895693413,47.62436292826735],[-3.443343401666994,47.6241699662955],[-3.443450398300295,47.62428145475948],[-3.443536775400148,47.62422249239368],[-3.443490701294839,47.62406248012058],[-3.443398898235834,47.624076586991535],[-3.443417002801977,47.623894964084464],[-3.443260183869048,47.62381332351269],[-3.443283811239743,47.624119074403716],[-3.443170894452326,47.624179503891455],[-3.443110466548765,47.62401125401978],[-3.44307716836879,47.624067281525505],[-3.443005393725302,47.624026094225684],[-3.442856760007994,47.62423299548211],[-3.442919605623862,47.6243108008789],[-3.442837816385898,47.62429726039392],[-3.442813198859124,47.62442505659204],[-3.442921527998536,47.62443712985038],[-3.442818624569576,47.624469912076826],[-3.442858186094586,47.62457609800662],[-3.442785325797205,47.62452593948614],[-3.442825724309536,47.62474948328085],[-3.44270871351818,47.62466564116165],[-3.442579269667558,47.624699890367815],[-3.44270629488387,47.62475608572775],[-3.442543302876508,47.62495474900944],[-3.442536046068937,47.625226082644325],[-3.442434225976834,47.62526783561459],[-3.442478127745186,47.62540990601403],[-3.442610828761874,47.625402570216075],[-3.442386322101366,47.62542401207933],[-3.442302111940195,47.62550091575174],[-3.442230335967111,47.62545972800602],[-3.442111490744163,47.62569207435979],[-3.441928963262595,47.62572925693703],[-3.441923288199036,47.62579278814058],[-3.442165407032862,47.62580649802337],[-3.442047895521967,47.62593942867971],[-3.442099641815441,47.626035910165605],[-3.441674742691602,47.626167769001285],[-3.44164169220649,47.62611540935958],[-3.441444807701516,47.626144353548156],[-3.441526348635348,47.62626628166906],[-3.44119216901179,47.62637506225216],[-3.441230643796344,47.626472277526396],[-3.440904560420994,47.62642708167733],[-3.440986100552707,47.62654901015763],[-3.44067194997505,47.626602495806964],[-3.440448016332455,47.62684967832207],[-3.440017936882044,47.62682828890496],[-3.439971109252347,47.62699343536483],[-3.440118169818171,47.62699434022877],[-3.440211316972758,47.62688082043692],[-3.440481066101333,47.62690203828174],[-3.440544490651881,47.627205589199896],[-3.44070890931704,47.62735003099848],[-3.440734113290274,47.62744797975719],[-3.440673184330366,47.62749650211962],[-3.44064013400498,47.62744414223035],[-3.440588968431591,47.627573404474845],[-3.440676186350371,47.62763180202304],[-3.440498822452732,47.627822224422026],[-3.440152191417861,47.62804909296228],[-3.439650900529262,47.62821225742892],[-3.438126920497024,47.62831451345135],[-3.43724696360677,47.628218622164624],[-3.436664650325751,47.628043069714785],[-3.436061743421802,47.62769706260671],[-3.435638392626841,47.627178579835125],[-3.435615333266108,47.62665605462128],[-3.435784597818011,47.62661961474031],[-3.435787028264426,47.62652917040463],[-3.435936255536562,47.62654802283902],[-3.435998271757617,47.62650847407464],[-3.435903210444843,47.62649566158395],[-3.436201926582851,47.62642497931893],[-3.436246597224918,47.62624189202271],[-3.437485079594087,47.626209613706855],[-3.436812887236014,47.626174492899736],[-3.436775504871678,47.62608624730107],[-3.436758721588275,47.626168453455726],[-3.436544227365036,47.62616223772302],[-3.43651009779964,47.6261009054817],[-3.43662302619129,47.6260404824933],[-3.436493575102629,47.62607472493064],[-3.436447259418647,47.62602309670808],[-3.436410439525971,47.62616059547718],[-3.436220317987216,47.62613497108464],[-3.436222747673316,47.62604452671734],[-3.43634434895678,47.62605587320368],[-3.436238447675658,47.62595334948339],[-3.43631616281311,47.6258226232959],[-3.436142564954117,47.62582317935224],[-3.436103015863704,47.625716991216315],[-3.436326703538809,47.62557820358783],[-3.43642284741036,47.62559998689095],[-3.436407670170391,47.6254743907718],[-3.436588032394733,47.625419274517405],[-3.436404378537993,47.625004959295055],[-3.436351036906675,47.62511627753855],[-3.436264911883105,47.625066847840245],[-3.436349691551023,47.6252156931052],[-3.436277659121157,47.62528288841242],[-3.436075616488274,47.62515858107637],[-3.436062608228892,47.62505092719746],[-3.436007097814219,47.62514430296841],[-3.435857874441115,47.625125450610895],[-3.435858696144174,47.62524280848731],[-3.436066682448395,47.62519519854569],[-3.436100810925273,47.62525653094516],[-3.435983547554789,47.62528106882725],[-3.43606615872295,47.625411971969775],[-3.435969753276158,47.62549857507491],[-3.435841387074621,47.625541787954496],[-3.435594114137297,47.62537482246137],[-3.435693246615846,47.625531906547266],[-3.435489594402136,47.625615400454464],[-3.435382611721952,47.62550390477486],[-3.435291887941248,47.62552697642425],[-3.435360143617262,47.625649641643136],[-3.435133201495204,47.625761513928985],[-3.43456717865396,47.62572051824041],[-3.43459398408637,47.62561066620213],[-3.434435006096736,47.62551107151708],[-3.434362705534827,47.625686652323104],[-3.433967030347226,47.625618186808424],[-3.433681035842257,47.625462386255705],[-3.433566472004015,47.62528809065944],[-3.433755505615519,47.6253047482057],[-3.433834309536574,47.62518299480367],[-3.433546967177473,47.62512660942997],[-3.433460028304797,47.624959819761116],[-3.433322725471168,47.62503964715681],[-3.433269096452009,47.62481683263717],[-3.433194893614474,47.62486608368972],[-3.433315126802007,47.62453433074984],[-3.433190011351498,47.62460445429041],[-3.433096305504705,47.62449222394066],[-3.433295623011185,47.624372849415785],[-3.4333007595977,47.624083573863956],[-3.433172662370602,47.62401839706764],[-3.433282339544298,47.62393106367795],[-3.433070289642482,47.623834397149686],[-3.433093846727335,47.62369763177656],[-3.432898049966734,47.62373553278501],[-3.432960601492724,47.62347921197527],[-3.433139061341777,47.62329777178997],[-3.433089500861866,47.62321922858504],[-3.432970888981742,47.62334317909295],[-3.432871500239236,47.623294479339606],[-3.43296222127191,47.62327140954371],[-3.432897224493204,47.62317565635854],[-3.433166136237277,47.623079533116176],[-3.433074600067361,47.62298524504767],[-3.432942987203543,47.62300154121567],[-3.432927282440838,47.623092718145],[-3.432687882536546,47.62288015782133],[-3.432424657010626,47.62291274913908],[-3.432570630412317,47.623347210806934],[-3.432391354410105,47.62341129211495],[-3.432074233696248,47.62332945432059],[-3.431928266653187,47.62333751053065],[-3.432002198430034,47.62339664705618],[-3.431812088851132,47.62337101545194],[-3.431786903173091,47.623273064563215],[-3.431519613362092,47.62316138219722],[-3.431514467212624,47.62345065780777],[-3.43140533076911,47.62332121594721],[-3.431366333357919,47.62344077090206],[-3.431224698599183,47.62348471106333],[-3.431118812251228,47.62338218256584],[-3.431156183371135,47.62347043009742],[-3.430963907675754,47.62342685469386],[-3.431057607169413,47.623539086815825],[-3.430839874842576,47.6235059469682],[-3.430834186818399,47.62356947770499],[-3.430729384143336,47.623475920071584],[-3.430658430067389,47.62355208318661],[-3.430512735332004,47.62345175082682],[-3.430352414906209,47.62345156606388],[-3.430424179014111,47.62349276115078],[-3.430334539534148,47.62352480018971],[-3.43025844340353,47.62344772017633],[-3.430170696070398,47.62360608832246],[-3.430045852743628,47.62356782173621],[-3.42997942300692,47.62360336098851],[-3.42999169050653,47.623561779146016],[-3.429896635882919,47.62354896174746],[-3.429960391768752,47.62361354249696],[-3.429857634926565,47.6236685161846],[-3.429765569953438,47.62334848072864],[-3.429624209055197,47.62328403214401],[-3.429631514456991,47.623455217519364],[-3.429525356093723,47.62346107437871],[-3.429413232634165,47.62363884860299],[-3.42957138781935,47.62362109220775],[-3.429651814863512,47.62373405755204],[-3.429340898913524,47.624256944762145],[-3.429418077761048,47.624342996563094],[-3.429298371988553,47.624457972048454],[-3.428987470468047,47.62453833999493],[-3.42892681050791,47.62447846956359],[-3.428649221972437,47.624502813152304],[-3.42835864061455,47.624419501309646],[-3.428495949276059,47.62433967972408],[-3.428376518996875,47.62434626751992],[-3.428442341106625,47.624116862908444],[-3.428385735622119,47.624201263870255],[-3.428221082215307,47.62416519125338],[-3.428412025093515,47.62386566839578],[-3.428404446134818,47.62380286976131],[-3.42816883592967,47.62384295875462],[-3.428307226082012,47.623772108603255],[-3.428272024825405,47.62370180264469],[-3.428158009264565,47.62375324639532],[-3.428233575636757,47.623604582964674],[-3.428138521359079,47.6235917641356],[-3.428271219824557,47.62358444462246],[-3.427997161780943,47.62352731358981],[-3.427794587779264,47.62361976540423],[-3.427599066588661,47.623549270743375],[-3.427612057414327,47.623656925647396],[-3.427559257051422,47.623551466384114],[-3.427410041115002,47.623532603218436],[-3.427644846899524,47.62337515771024],[-3.427654065344509,47.62323015404593],[-3.427398412709837,47.62332553273061],[-3.427473980591909,47.62317686975876],[-3.427202090476282,47.62313767933936],[-3.427323403616938,47.62325742204267],[-3.427206140603912,47.623281951137685],[-3.427268962288561,47.62335976499206],[-3.427108362109353,47.62346796257318],[-3.426856235241064,47.623481867009815],[-3.42674358199074,47.623433893842915],[-3.426806683834295,47.62340332114656],[-3.426630928942887,47.62338592056617],[-3.426603587976417,47.62327002605562],[-3.426508534685868,47.623257205897765],[-3.426591681668081,47.62317134227145],[-3.426437055319577,47.62310762159102],[-3.426531869578774,47.62278631009051],[-3.426473660411404,47.6226359940076],[-3.426556525324982,47.62265851721906],[-3.426377807458786,47.62250581563958],[-3.426424954625714,47.622232287392855],[-3.426390839198785,47.62217095207127],[-3.426264637876467,47.62223209701877],[-3.426164456973991,47.62206603340282],[-3.426037173365102,47.62211820684563],[-3.42629635128295,47.62194135799187],[-3.426285528150156,47.62185164537137],[-3.426198053536941,47.62190162378682],[-3.426104367133719,47.62178938767214],[-3.425960285548729,47.62192376583858],[-3.425620973433336,47.62187925891334],[-3.42523940543143,47.62192739018774],[-3.42486763167942,47.62161374289513],[-3.424665402444298,47.62115528358782],[-3.424609876146316,47.62124865412812],[-3.424523768234245,47.62119921567459],[-3.424473996518805,47.62078653666504],[-3.424179910129043,47.62078468735346],[-3.424018802126091,47.6206671356704],[-3.424111462774184,47.620327883151724],[-3.424061345911472,47.620466109915405],[-3.423873414336699,47.62045840792973],[-3.423840098185015,47.62051443005172],[-3.423767261301116,47.62046425956448],[-3.423771301943635,47.620608531679814],[-3.423755074028155,47.620473962304146],[-3.423619137168339,47.62045436281788],[-3.423497906314189,47.61989209691278],[-3.423380936525862,47.61980823522424],[-3.423332187725622,47.61984704602684],[-3.423279399585067,47.619741584622616],[-3.423147791728758,47.619757869779825],[-3.423098466478568,47.62001345445027],[-3.422898421889245,47.6195729343118],[-3.422790107151412,47.619560842452636],[-3.422804168991547,47.61967746941637],[-3.422714820286703,47.6196011156747],[-3.422704507386026,47.61973714791382],[-3.422530426170486,47.619511938441676],[-3.422436462166173,47.61950808625303],[-3.422409345221036,47.619726322837636],[-3.422332184344774,47.61964026620179],[-3.422260933524272,47.619824811352565],[-3.422161561102257,47.61977610239803],[-3.422269084386745,47.6196708365397],[-3.422138346732261,47.61936195955641],[-3.422193005394561,47.61959375111937],[-3.422036521875055,47.61940369486957],[-3.421990726679411,47.619577806058984],[-3.421928998670045,47.6195089605282],[-3.421898844792613,47.62003441531226],[-3.421800553830781,47.61999467736729],[-3.421809206003616,47.62006644786488],[-3.421776178779957,47.62001408243953],[-3.421700890511227,47.6200543549986],[-3.421622648813123,47.61995932659499],[-3.421653221762309,47.620102136408335],[-3.421547360505794,47.6199995990562],[-3.421565745679268,47.620152111399136],[-3.421349114506257,47.62012792511552],[-3.421367499157585,47.62028043747962],[-3.421199326292146,47.620325827902924],[-3.421200115697959,47.6204431861698],[-3.421169543765521,47.62030037626281],[-3.421148120471391,47.62045508210071],[-3.421053365821771,47.620333870534374],[-3.421185473060533,47.62054333295452],[-3.421056025402044,47.62057755837871],[-3.421047870902489,47.620731533035304],[-3.421199737018437,47.6209940921451],[-3.420909975161827,47.62102811985298],[-3.420891502346438,47.6213181264324],[-3.421030099916136,47.621581416804155],[-3.420896616679971,47.621471369897925],[-3.420848945945939,47.621519150944636],[-3.420975648232458,47.6216837569079],[-3.421083966866507,47.62169585043668],[-3.421217948525014,47.62203164215587],[-3.421298647327884,47.62203622648789],[-3.421294613259582,47.62189195439281],[-3.421369321056407,47.62206845586061],[-3.421053511108239,47.622329691258],[-3.420943028348808,47.622299655085556],[-3.420857710818929,47.62236757210856],[-3.420767279002653,47.62228224567178],[-3.420614531694236,47.62234484672096],[-3.420593105971264,47.62249955229467],[-3.420447433026578,47.6223992073258],[-3.420467978580145,47.6225696622799],[-3.420587405860106,47.62256308256476],[-3.420388066695995,47.62268243551262],[-3.420584271513164,47.62331281890426],[-3.42039741177015,47.623314082644896],[-3.420344625999011,47.623208620101956],[-3.420323692854994,47.62358907042043],[-3.420161503565125,47.623462542275746],[-3.420017402505227,47.62359691299494],[-3.42006861407736,47.623467659501436],[-3.419935914778237,47.62347496969568],[-3.420034114434745,47.62395722749541],[-3.41971101306171,47.62404727310195],[-3.419741583238101,47.624190083115884],[-3.419842337744,47.624139378594776],[-3.419853150512488,47.62422909170661],[-3.419105298268259,47.624785045089745],[-3.418996973814188,47.62477294974507],[-3.418738542030273,47.625067140147316],[-3.418616946744297,47.62505577532645],[-3.418593351970427,47.625192537681905],[-3.418463891376071,47.625226760151286],[-3.418412188588106,47.625130268158394],[-3.418162698217051,47.625387841118744],[-3.41811453715377,47.62520987629554],[-3.417988319167872,47.6252710122043],[-3.418017320468859,47.62517910659494],[-3.417896806050289,47.62517671234858],[-3.417734801382526,47.625384312281696],[-3.41791134220316,47.625519084213806],[-3.417852855486473,47.62547715070835],[-3.417730362175225,47.62579094491754],[-3.417996369965431,47.625559556110616],[-3.417958421878018,47.62568807777076],[-3.418132205665611,47.62602167997483],[-3.418090716147117,47.626231674313495],[-3.417814677656942,47.62649070798365],[-3.417707430997661,47.62648758277301],[-3.417704969920311,47.62657802673206],[-3.417923787623031,47.62662016233046],[-3.417764239672055,47.626737318198145],[-3.417913461157073,47.62675619365563],[-3.417866565205985,47.62692133125339],[-3.41798786600311,47.627041083419265],[-3.41796859282663,47.627213730766606],[-3.417848073816721,47.62721133647249],[-3.417855640840259,47.62727413568123],[-3.418018134765388,47.627292280224935],[-3.417924939699344,47.627405782290126],[-3.418142679912502,47.62743894614657],[-3.418183275614282,47.62755411157797],[-3.418506103261588,47.62757245690652],[-3.418649516571263,47.62809737882956],[-3.418417906840395,47.62828171978685],[-3.418399715726864,47.628463338399634],[-3.41825589477555,47.628489320110745],[-3.418134776294597,47.628703699085214],[-3.418029687295825,47.628718516786286],[-3.41807184903455,47.629068397722705],[-3.418013358302755,47.6290264643743],[-3.417722170663042,47.629159899183435],[-3.41777327805204,47.6294731641642],[-3.417621587665646,47.62954473237304],[-3.417605372537319,47.62941016276193],[-3.417473739111418,47.629426441444146],[-3.417239957656094,47.62959283732315],[-3.417520039395445,47.629478077098184],[-3.41749211589253,47.62957895368862],[-3.417338262896911,47.62963257891007],[-3.41729676744821,47.62984257257593],[-3.41715294224379,47.62986855291055],[-3.417203566395483,47.62995607391634],[-3.417364987286641,47.62996524803462],[-3.41717041749299,47.63034622435277],[-3.416875197785116,47.63033538534933],[-3.416780914087155,47.630439915013866],[-3.416816104651375,47.630510224190935],[-3.417018423250417,47.630526178123986],[-3.416831237223306,47.63063582252596],[-3.416953925762201,47.63065616048121],[-3.416948220448528,47.63071969030678],[-3.416218620786232,47.631428135529184],[-3.416083739586912,47.63141749869423],[-3.415676328273362,47.631584417257166],[-3.415721244748569,47.63173546855765],[-3.415919244585262,47.63171553912642],[-3.416027279844965,47.631836023583816],[-3.416315720648536,47.63190142316929],[-3.416319440020192,47.63215408097688],[-3.416083481401314,47.632302531694506],[-3.416111884967435,47.63242739943488],[-3.416303402138895,47.63235364151235],[-3.416413601292495,47.63249206818392],[-3.416587221041896,47.632491541451536],[-3.416521337651416,47.63272093838913],[-3.416630758584398,47.63274200728159],[-3.416607155323453,47.6328787686937],[-3.416778792190145,47.63319442907508],[-3.416728644256175,47.633332651775675],[-3.416580485716401,47.63332274616776],[-3.416536043252407,47.63339743905886],[-3.416563367546006,47.633513335320124],[-3.416701496949015,47.63355088548093],[-3.416670326964542,47.63362484777296],[-3.416416766701471,47.63373814450136],[-3.416515078964372,47.63377788669595],[-3.416550925539231,47.63440806928091],[-3.416627318883138,47.63437677163344],[-3.416705572822384,47.63447180267764],[-3.416953129532734,47.634530421222706],[-3.417196843204956,47.63477889766414],[-3.417461217636926,47.634755312149686],[-3.417681931684551,47.63492377672387],[-3.417918679850078,47.63489268039399],[-3.418197893354017,47.635103077246455],[-3.418310861521594,47.63504267224505],[-3.418493139702408,47.63511391288033],[-3.418680824887691,47.63523000958355],[-3.418576507047665,47.63536218510821],[-3.41868485289867,47.63537428077672],[-3.418780222906503,47.63527872111182],[-3.418921602478204,47.635343182421636],[-3.419844512384424,47.63756812334139],[-3.420385878756478,47.63817949581887],[-3.421064117301626,47.63848531024006],[-3.422865722317026,47.638909849249124],[-3.424181636327178,47.639406282461145],[-3.426490066927103,47.64059755346713],[-3.426978481956475,47.64076930700519],[-3.426982532817718,47.64091357749713],[-3.42714615421878,47.640940680381846],[-3.427129351430597,47.64102288452085],[-3.427232296413788,47.64099011639802],[-3.427388058412234,47.64106280660002],[-3.427312464963609,47.641211468142465],[-3.42747961554257,47.6411570982443],[-3.427434098911913,47.64122282381597],[-3.42763646129685,47.64123875927027],[-3.427661647835723,47.641336710144564],[-3.427811192351373,47.641247187018756],[-3.427643762780276,47.641409943181735],[-3.42781171790001,47.64147292976284],[-3.42763915197984,47.64148244433385],[-3.427581443875903,47.64155787298989],[-3.427658644907569,47.641643925183836],[-3.42769874687527,47.64153334374969],[-3.427784890538863,47.64158277934322],[-3.427762952531681,47.64151174198079],[-3.427813605128863,47.64159925786],[-3.427975063061262,47.64160841726111],[-3.427918995265722,47.64147604567181],[-3.428031965919824,47.6414156314702],[-3.429062473772245,47.64153942373669],[-3.429175167327591,47.64158739421813],[-3.4291106860818,47.64171738254141],[-3.429243705285713,47.6416016762124],[-3.429211996253113,47.641892413086595],[-3.429455268113972,47.64191512034382],[-3.429342298013813,47.64197553590592],[-3.429466908551036,47.64212218863733],[-3.429692848834323,47.64200135717025],[-3.429811769166825,47.64221153960066],[-3.429975395984403,47.642238638504956],[-3.430275553764123,47.642511071467595],[-3.430284220985679,47.64258284050244],[-3.430140367768971,47.64260883665604],[-3.430171785956527,47.64286899941466],[-3.430016824022039,47.642913669836624],[-3.430039574786581,47.643102063556924],[-3.430126806540257,47.643160468512185],[-3.430281769099356,47.6431157979501],[-3.4302283965929,47.64322711235433],[-3.430370084571149,47.64318317384971],[-3.43033270094619,47.643094926965986],[-3.430700057573403,47.64303854068339],[-3.430702497385167,47.64294809722214],[-3.430836327135971,47.64294974599156],[-3.43087208946735,47.642803279051634],[-3.431001312507144,47.6428774288591],[-3.431002668271883,47.64277801426245],[-3.431105614262382,47.642745242756746],[-3.431835715088031,47.64270496542581],[-3.432475875172234,47.642805109622664],[-3.432685831751649,47.642883834071036],[-3.432698837545934,47.642991487332935],[-3.432728906963433,47.64290855002003],[-3.432893621249465,47.642944615932485],[-3.432805849677548,47.64310298446192],[-3.432938596020747,47.64309565971993],[-3.432949434646961,47.64318537073872],[-3.433091120273838,47.643141428933504],[-3.433220347215835,47.64321557627372],[-3.433065118780226,47.64336863642612],[-3.433132308257028,47.64348233071537],[-3.433312734728983,47.64342722003216],[-3.433322490117627,47.643507959904134],[-3.433519443090312,47.64347902966662],[-3.433503733286033,47.64357020570818],[-3.433613183167861,47.6435912585747],[-3.433734006566067,47.64348525089813],[-3.434131163888118,47.64345430197111],[-3.435303967368733,47.643759838273176],[-3.4354573166569,47.643922961128155],[-3.435377698703813,47.64436987139539],[-3.435461685436251,47.64440135910898],[-3.435376351049396,47.644469285960334],[-3.435561937202629,47.64456741283146],[-3.435469012455478,47.64457254224907],[-3.435518596269763,47.644651083576846],[-3.435803614604693,47.64479790701517],[-3.435969683361429,47.644734554004735],[-3.43603037424953,47.64479442015066],[-3.436069376816572,47.64467486495923],[-3.436246289351565,47.64470122220914],[-3.436229499398155,47.644783427495604],[-3.437057147434092,47.64466548618693],[-3.437105649077413,47.64473505578117],[-3.437403121839188,47.64476378568143],[-3.437634478743993,47.64468779429048],[-3.437727144899001,47.64479104877667],[-3.437865008574328,47.644494445752535],[-3.437670482279682,47.64443293976318],[-3.437824357509891,47.64437928817522],[-3.437791557975462,47.64421854228568],[-3.438102818714214,47.644029766059745],[-3.439275083507629,47.6441095200503],[-3.439289187844981,47.64422614354769],[-3.4394064913268,47.644201602587465],[-3.439420021289275,47.64409248370792],[-3.439527304597867,47.64409558895417],[-3.439685838250444,47.64441194705889],[-3.439845390912375,47.64429476232443],[-3.439862429387023,47.64410417083464],[-3.440081336444037,47.64414626454035],[-3.440099205347443,47.64407302970438],[-3.440243057658563,47.64404702130954],[-3.440338983127336,47.64417718684677],[-3.440440008868112,47.64401807941475],[-3.440551632724329,47.64405706783297],[-3.440471478100041,47.644278239210905],[-3.440671938193375,47.64416782434823],[-3.440666764895771,47.64401458355105],[-3.440785152477067,47.643999012230296],[-3.44078924091106,47.6441432819991],[-3.440962898319769,47.644142719041966],[-3.441071015278205,47.644263179555935],[-3.441300194211632,47.64416923884385],[-3.441242753954951,47.64413628847662],[-3.441416411336114,47.644135724845455],[-3.441420501487246,47.64427999458191],[-3.441617954277674,47.64403427937068],[-3.441856649466572,47.64412946238396],[-3.441818160810665,47.644032248204425],[-3.441918931799948,47.64398152516195],[-3.441955249809638,47.64406079728311],[-3.442198786474528,47.64397509230625],[-3.442632012901414,47.64413177220053],[-3.442853341525514,47.64408341705629],[-3.442786719505723,47.64419547074663],[-3.442975822972291,47.64421211320771],[-3.443136453407231,47.64410389497143],[-3.443182791255888,47.644155520058256],[-3.443284646801437,47.64411376684348],[-3.443220691722793,47.644026991437805],[-3.44333256482561,47.64395759152067],[-3.443477253997123,47.64404893582384],[-3.443432001599357,47.64400628185145],[-3.443624608228061,47.64394145058528],[-3.443494279421607,47.64385834378025],[-3.443742401816565,47.64370013388703],[-3.443720441696553,47.643629099600496],[-3.443896514877428,47.643538088579],[-3.444176366987972,47.64353165098528],[-3.444319375259405,47.64338828085611],[-3.446239958178078,47.644681910628506],[-3.44644125312761,47.644688842512686],[-3.446249733355703,47.644762649367365],[-3.445708605192009,47.644377141177],[-3.445621111847644,47.64442713355602],[-3.445664436757731,47.64434345905426],[-3.44558153010771,47.64432094965268],[-3.44547617513724,47.64444417758746],[-3.445451197326703,47.64423784504686],[-3.445093266328508,47.644040888525595],[-3.444968120621323,47.64411102397429],[-3.444789033989853,47.64406673794692],[-3.444723501919624,47.64418776372953],[-3.444814985905308,47.643839527930325],[-3.444438952200929,47.64382419063266],[-3.444450896121721,47.64392287154112],[-3.444334926526626,47.643848002874435],[-3.44430596040718,47.64393991412545],[-3.444001728262845,47.64396576149819],[-3.443948383526973,47.644077082118706],[-3.443868735168092,47.644081484484786],[-3.443828071462188,47.64396632897179],[-3.443696410136244,47.64398263708032],[-3.443535287632437,47.644307627430265],[-3.443393607510716,47.64435158187332],[-3.443372238992288,47.644506289858995],[-3.44307777351752,47.64461287380337],[-3.443050385955951,47.64449698441769],[-3.442810104928699,47.644609604156734],[-3.442798163888471,47.64451092311587],[-3.442476310924308,47.64450161609327],[-3.442506365996038,47.64441867632991],[-3.442270924718513,47.644350407687405],[-3.442134670607716,47.64443921564952],[-3.441985391113654,47.64442037130868],[-3.441935297924368,47.644558604017895],[-3.441881363182315,47.64444418135864],[-3.441690923343005,47.64452695176275],[-3.441485288315333,47.64448412762949],[-3.441469340842739,47.64468369033379],[-3.441343354797576,47.644636465225005],[-3.441361222133116,47.64456323021473],[-3.441140723786498,47.644728939175984],[-3.441198164618124,47.64476188958319],[-3.441002296325359,47.64479980376407],[-3.440929410159105,47.6447496446108],[-3.440818617490936,47.644828013219275],[-3.440865205937695,47.644771253578334],[-3.440713755559896,47.644734465574366],[-3.440836737879728,47.644646392662075],[-3.440764937285659,47.64460520442398],[-3.440572324786988,47.64467003095379],[-3.440697225030937,47.64470828587052],[-3.440572071980859,47.64477841658637],[-3.440462616918986,47.64475737025151],[-3.440518139939777,47.644663993310964],[-3.44032903563844,47.64464734687624],[-3.440204967362743,47.64472644822705],[-3.440339887004464,47.64473705713665],[-3.440084407807118,47.64472407689776],[-3.440078728527391,47.64478760738703],[-3.439870669438595,47.64483522398987],[-3.439919683168948,47.64468802115586],[-3.439816993184156,47.64461241475993],[-3.439616529651649,47.64472282813027],[-3.4395192650226,47.644692076637995],[-3.439673139141195,47.64463842262256],[-3.439446380397523,47.64464191655681],[-3.439388685567297,47.64471735091982],[-3.439119102572846,47.644587745113846],[-3.43906466210615,47.64469009243114],[-3.438957377629241,47.644686986761066],[-3.439231556076731,47.64474409145056],[-3.43896254608312,47.64484022758026],[-3.439088530502292,47.64488745525108],[-3.439100464766571,47.644986136651596],[-3.439013220207204,47.64492773845175],[-3.438930059312942,47.64501360995345],[-3.438790799718678,47.644967115261544],[-3.438868023758393,47.64505315989547],[-3.438699787710427,47.64509857493614],[-3.438609288844785,47.64501326331909],[-3.438677005519858,47.64491018309892],[-3.438554275933634,47.644889868110134],[-3.438528296849673,47.64511707661125],[-3.438349212186967,47.64507278073689],[-3.438250605333853,47.64514144275853],[-3.43835680587,47.6451355780345],[-3.438351124489644,47.64519910842617],[-3.438180975635593,47.6451181950301],[-3.438099982647941,47.6452220080197],[-3.437939596789675,47.64522183367323],[-3.438079941076307,47.64527730041772],[-3.438157991490182,47.64548070213831],[-3.437948016620373,47.645401987629626],[-3.437863768535427,47.64547888730673],[-3.437838561314445,47.64538093884354],[-3.43780064692224,47.64550946562732],[-3.437563863246682,47.64554060207638],[-3.437624556840067,47.64560046736911],[-3.437521609345095,47.6456332445697],[-3.437454407807961,47.64551955293196],[-3.43717862325107,47.64567024419941],[-3.437152332577814,47.64556332454668],[-3.437240920352008,47.645522309589886],[-3.437069427623665,47.64554080911979],[-3.436816417744585,47.64587989160464],[-3.436731343331259,47.64583943383496],[-3.436777112967589,47.64566531923158],[-3.43692205577252,47.645648286001574],[-3.436913379125384,47.64557651757388],[-3.436822621879421,47.64559959017248],[-3.436875983002726,47.64548827289391],[-3.436704490257255,47.64550677188853],[-3.436696898465908,47.645443974495684],[-3.436558463248575,47.64551483379267],[-3.436479073258091,47.64541084553621],[-3.436359596804825,47.64541744142302],[-3.436212223864699,47.64552491741646],[-3.436163984431697,47.64534696189532],[-3.436164807119372,47.64546431854115],[-3.435879521890555,47.645425881620504],[-3.435697481516368,47.64568879629155],[-3.435564992082265,47.645587738588354],[-3.435519218557366,47.64576185272393],[-3.435391066580333,47.645696679091834],[-3.435420049008638,47.645604770135506],[-3.435634884092389,47.64550260229525],[-3.435441441022363,47.64545006369339],[-3.435339313350881,47.64560019561646],[-3.435337408164038,47.645473867904364],[-3.435142353535763,47.64562912888963],[-3.435025309032155,47.64554527997974],[-3.43492127580256,47.64556908381905],[-3.434857332580491,47.645482303901844],[-3.435084359151989,47.64537043329409],[-3.435181622461577,47.64540118846718],[-3.4351718639138,47.64532044883002],[-3.43497382079172,47.64534041075241],[-3.434906096417124,47.64544348880321],[-3.43460021265227,47.64523459836036],[-3.434670105739125,47.64514946262871],[-3.435013090224974,47.64511247035234],[-3.434913923373,47.64495538728122],[-3.434557399721552,47.64510149753627],[-3.434583660676052,47.64476590430258],[-3.43430488506196,47.64478128999806],[-3.434334134340275,47.64458099564357],[-3.43418160490635,47.64453522808691],[-3.434000909432657,47.64469872570252],[-3.433744347933081,47.64467676051615],[-3.433977059937877,47.64450136182435],[-3.433954028429059,47.64442135464611],[-3.43379147692881,47.6444032324326],[-3.433866790425403,47.644362952586555],[-3.433735391768602,47.64427086382715],[-3.433829400191357,47.64427470687587],[-3.433831834755741,47.6441842634075],[-3.433770880410505,47.64423278174889],[-3.433680390893325,47.64414746627605],[-3.433575275799249,47.644162297844],[-3.433593153636907,47.644089064003886],[-3.433360709619681,47.64415607632319],[-3.433342831440565,47.644229310125205],[-3.433208182235227,47.644110307485704],[-3.433072997561593,47.64420807598585],[-3.433127449028191,47.644105731434806],[-3.432993616307509,47.644104085290614],[-3.432970586444653,47.64402407790199],[-3.432754668361631,47.64411726982319],[-3.432818606528541,47.64420405095267],[-3.432664726771072,47.644257695953236],[-3.432688562727176,47.64401254645455],[-3.432612165010413,47.64404385444778],[-3.432552831715714,47.64388457194566],[-3.432429023029395,47.643855279410225],[-3.432519779208238,47.64383221020329],[-3.432419268929106,47.643774539478244],[-3.432465865389882,47.64371778315547],[-3.432139414129593,47.6437809489114],[-3.432126409271467,47.64367329563143],[-3.432064370232757,47.643712841988695],[-3.43180483383222,47.64355557353337],[-3.431869581212262,47.64331719815815],[-3.431792370969539,47.64323114882153],[-3.431489220429149,47.64326593473592],[-3.43161085994895,47.64327728604904],[-3.431440997018919,47.64353049093863],[-3.4314344953183,47.6434766642537],[-3.431331548118745,47.64350943603671],[-3.431427181391826,47.643305480763225],[-3.431166021479681,47.64335601113034],[-3.431170083858551,47.64350028128292],[-3.431088268191369,47.6434867327049],[-3.431164394096287,47.64356381137897],[-3.431074721345421,47.64359585065346],[-3.431154370033902,47.64359145700757],[-3.431076888461378,47.643613792887535],[-3.431129715626702,47.64371924946646],[-3.43103787548466,47.64373334647828],[-3.431091786256656,47.64384777418405],[-3.430920296778582,47.64386626470513],[-3.430926798007999,47.64392009140776],[-3.431086096364124,47.643911304264805],[-3.431114541214545,47.64403616760351],[-3.43093871696266,47.644018773691066],[-3.430820864771089,47.644260077438275],[-3.43075720252493,47.644064909573544],[-3.430594107057018,47.64426355419378],[-3.430363825419727,47.64434850278123],[-3.430272257717335,47.644254213553594],[-3.430184750114664,47.64430419437607],[-3.430156307297006,47.64417933082844],[-3.429998091376309,47.644197087826846],[-3.430118923327706,47.64409108392205],[-3.430018415155713,47.644033411139546],[-3.429654300945927,47.644116708633554],[-3.429629109437274,47.644018758330425],[-3.429713367083333,47.643941864532586],[-3.429810624693324,47.643972624199314],[-3.429830948962247,47.64380894752549],[-3.429516685596802,47.643862402694324],[-3.429547843755432,47.64378843736835],[-3.429644017668755,47.643810226045986],[-3.429589026729325,47.64368682653957],[-3.429208389620523,47.643743941368456],[-3.429319197087506,47.6436655837254],[-3.429224106814968,47.64365276591279],[-3.42919350011238,47.643509959819234],[-3.429072391480342,47.64372434846507],[-3.429011709615446,47.64366447867199],[-3.429224658513182,47.6434359945659],[-3.429312992596308,47.64306085736464],[-3.429191078144501,47.643157889356225],[-3.429026365702737,47.64312181822823],[-3.428887926324772,47.643192668522765],[-3.42878958750352,47.643152936935216],[-3.428812080921808,47.64300720265097],[-3.42865603430786,47.64304290012431],[-3.428683414499182,47.642716279001824],[-3.428840543303147,47.642689552627935],[-3.42868721778603,47.642526420984815],[-3.428731121394725,47.64222598120024],[-3.428602986199676,47.642160800003644],[-3.428413894487747,47.64214413426371],[-3.428439082880919,47.64224208492434],[-3.428288731310189,47.64221425191554],[-3.427873416198827,47.642426799777596],[-3.427934899923844,47.64260402707816],[-3.427848197194495,47.6427713630612],[-3.427798626416374,47.64269281840202],[-3.427747940411968,47.6430478165592],[-3.427632800042818,47.64309028813228],[-3.427562060755397,47.64350057678878],[-3.427564819038731,47.64285923380008],[-3.42751035817576,47.64296157582493],[-3.427449678930734,47.64290170519687],[-3.427271657460335,47.64330887738091],[-3.427223449845797,47.643130917964605],[-3.427299849416908,47.64309961347999],[-3.427223729756266,47.64302253226956],[-3.427142718633916,47.64312633777625],[-3.427140832939255,47.643000009768556],[-3.427030303958756,47.642969979675314],[-3.427197460333368,47.642915610230524],[-3.427134615731255,47.64283779712432],[-3.427232429625398,47.64265178752934],[-3.427068802934023,47.642624684789546],[-3.427113238339718,47.642549988249414],[-3.426980772955613,47.642448920648334],[-3.426678706519021,47.64249266525597],[-3.426610449255733,47.64236999603331],[-3.426580089418431,47.6425613175202],[-3.42642079435048,47.64257009852606],[-3.426398056588282,47.6423817040492],[-3.426374192462618,47.6426268524718],[-3.426205953433195,47.64267224958045],[-3.426202423291494,47.642753721794485],[-3.426074289917997,47.642688537842645],[-3.426081868816798,47.64275133601512],[-3.425919325077783,47.64273320283437],[-3.425816941457445,47.642549198340085],[-3.425735928317135,47.642653002896914],[-3.425666307318652,47.64262974768108],[-3.425703399904736,47.64282638178757],[-3.425475848808082,47.64271249173336],[-3.42533740577819,47.642783337836086],[-3.425464790688151,47.6422886516478],[-3.425365089830297,47.64234833171892],[-3.425244820234482,47.642237559340614],[-3.425374601408645,47.64209494391369],[-3.425431746124159,47.64223628785714],[-3.425510310653355,47.642222926879775],[-3.425437726102465,47.64206437225183],[-3.425562093355448,47.64187690071741],[-3.425451619024584,47.64140435484464],[-3.425035041845,47.64083127859996],[-3.424892557888995,47.640757853684576],[-3.425046949214875,47.640929961642435],[-3.424944003005897,47.64096272784077],[-3.424629809755749,47.64057365548547],[-3.424143568731414,47.64041983450419],[-3.423734589016538,47.639909551720265],[-3.422887580043134,47.639423402450895],[-3.422827703273833,47.63948088641525],[-3.420802092383117,47.63886097534749],[-3.419806953629239,47.63836490306442],[-3.419244452277207,47.63779984608995],[-3.418824832155599,47.636757317532016],[-3.418530766772534,47.63631293857813],[-3.417853467057699,47.63568195087022],[-3.417870282451367,47.63559974783811],[-3.417793888085842,47.635631046278576],[-3.417701575610085,47.635419389397185],[-3.417607284549413,47.635523919454016],[-3.417523921460135,47.63527564655529],[-3.417376838465059,47.63527471324871],[-3.417215701706914,47.63515715305943],[-3.417181888863008,47.634987429335084],[-3.416986039389878,47.63502530344781],[-3.417028320537524,47.63493266787346],[-3.416790791749074,47.634846404979875],[-3.416693859525097,47.63470724819411],[-3.416389968522884,47.63462463765333],[-3.416172630752911,47.63404056855421],[-3.416186205640004,47.63393145179455],[-3.416255811161052,47.633954712763995],[-3.416194678439907,47.6336690923314],[-3.41631161970628,47.63297631451941],[-3.416167913974539,47.63255977730936],[-3.416061736027049,47.63256562190397],[-3.416072068336304,47.63242959115023],[-3.415893044887433,47.632385260568334],[-3.415848733283597,47.63201743682078],[-3.415738233400338,47.63198739587481],[-3.415725567696434,47.63177135381508],[-3.415514599148737,47.63168362712182],[-3.415548234569158,47.63151922138513],[-3.415456715049928,47.631424919921386],[-3.416280308065074,47.63072033665154],[-3.416216412940221,47.63063354586754],[-3.416327212261527,47.630555200014165],[-3.416226744481275,47.630497514964354],[-3.416432908861716,47.63032361110232],[-3.416439695573505,47.63026905260355],[-3.416310221285729,47.63030327259635],[-3.416330279785444,47.630247983505214],[-3.41649524554665,47.63017568638154],[-3.416204350061669,47.63020073093959],[-3.416117154723143,47.630142315198825],[-3.416164058916429,47.62997717857768],[-3.416005880440502,47.629994916759784],[-3.415964206840798,47.62987077939578],[-3.415819300196303,47.62988778676721],[-3.415790898666048,47.629762918791975],[-3.415895990342494,47.62974810311303],[-3.415962045362883,47.62985283675399],[-3.415964509544485,47.62976239298434],[-3.416160340431951,47.62972452048119],[-3.416085034229838,47.629764789218754],[-3.416161118897778,47.629841878214435],[-3.41617901583111,47.629768646497176],[-3.416311731291096,47.62976134059502],[-3.416361273156179,47.6298398906529],[-3.416360494250314,47.62972253292086],[-3.41658394859307,47.629692169814874],[-3.416625145369148,47.62959056281477],[-3.416650306204817,47.62968851665248],[-3.416498312081626,47.62986846980801],[-3.416608808006101,47.62989851006787],[-3.416818813404425,47.629534746571835],[-3.417015723759021,47.62950584394484],[-3.416980533594026,47.629435534791476],[-3.417140091330188,47.629318380157216],[-3.417104901124965,47.62924807103453],[-3.417027434495175,47.62927039776345],[-3.417091930129943,47.629140415272715],[-3.416972487703153,47.62914699139133],[-3.417010440623512,47.62901847028053],[-3.417120154512122,47.62893115229424],[-3.417258272449211,47.62896870188554],[-3.417236353635819,47.6288976620834],[-3.417427556862015,47.62893228865064],[-3.417604707378636,47.62885028787357],[-3.417683553371633,47.628728545593056],[-3.41757414025038,47.62870747764307],[-3.417762997094239,47.62839003027219],[-3.417973472503969,47.62825200874921],[-3.417899549545338,47.62819286349231],[-3.418023910953437,47.628005398636795],[-3.417978991100906,47.62785434793107],[-3.417809710482816,47.62789076198537],[-3.417920501772366,47.62781241450992],[-3.417839794527248,47.62780782785739],[-3.4178731215283,47.627751807657305],[-3.417680841257301,47.6277082104834],[-3.417764009371947,47.627622353338616],[-3.417382693046197,47.62756207226368],[-3.417522487635423,47.627391819798184],[-3.417455351661158,47.62727811558778],[-3.4171400923437,47.62732256660592],[-3.417040710636747,47.627273853482045],[-3.417053201160955,47.62715576491708],[-3.416854137826746,47.62716672499212],[-3.416915388816355,47.627009828480524],[-3.417166454052325,47.626986974205124],[-3.417389115360038,47.626839251614975],[-3.417148379376647,47.62672607512154],[-3.417144656459696,47.626473416633],[-3.416975379651688,47.626509829504066],[-3.417032005624724,47.626425434173306],[-3.416898217730413,47.626423769578246],[-3.416999279735893,47.62626468095872],[-3.416870896338793,47.62630787297136],[-3.416874740470055,47.626118013729254],[-3.417055125031478,47.626062927657],[-3.417298800519406,47.62631140497159],[-3.41744291575024,47.62617703779422],[-3.41730294309382,47.62601315909145],[-3.417454324215474,47.62604997779485],[-3.417242894734994,47.625736509364714],[-3.416928725163672,47.62578993117557],[-3.416932268337441,47.625708458527356],[-3.416736753843022,47.625637945759216],[-3.416862974129877,47.62557681121448],[-3.416650646142727,47.62558850161283],[-3.416652630757741,47.62527231297336],[-3.41670138936851,47.62523350506715],[-3.416792900471716,47.6253278058567],[-3.416772365591582,47.62515735049799],[-3.416881470304663,47.6252868059073],[-3.416864177540427,47.62514326456393],[-3.41699039651169,47.62508212986593],[-3.416815720079228,47.62507368586444],[-3.41683853946948,47.62481956583451],[-3.417016156976236,47.62496331049426],[-3.416947944331677,47.62484063451572],[-3.417102564372056,47.62490436770146],[-3.417097760974832,47.62464273764011],[-3.417291410565541,47.62458692047136],[-3.417315189472134,47.62478428978461],[-3.417352357454917,47.62453841023486],[-3.417401896004064,47.624616960062724],[-3.417525951326748,47.62453788210512],[-3.417399552662172,47.62426488591899],[-3.417579930420175,47.62420979898371],[-3.417544144075332,47.62435626326135],[-3.41762700789119,47.6243787927881],[-3.41762976829018,47.624179962000966],[-3.417983738046206,47.62412434589751],[-3.417998871555109,47.62424994449446],[-3.41783392614234,47.624322243962304],[-3.418072789163734,47.62430908980855],[-3.41814838440796,47.62416043294659],[-3.418046845722333,47.62409377794487],[-3.418296815745497,47.62406194987712],[-3.418097764203371,47.62407291208903],[-3.418076927258566,47.62401084359373],[-3.418279221602083,47.62402679539649],[-3.418332599827979,47.62391548534673],[-3.418558190849622,47.62390306102635],[-3.418371924556562,47.62368754801776],[-3.418545515651427,47.62368701837247],[-3.41856340725038,47.6236137860578],[-3.418344601365882,47.62357165159249],[-3.418302927342047,47.623447514652284],[-3.418186740750726,47.6234810060181],[-3.418015909236595,47.62328270424227],[-3.417838777827302,47.62336470587801],[-3.417836914847847,47.62323837643041],[-3.417706676738121,47.623155239975915],[-3.417764976920214,47.622863041884436],[-3.417924996849461,47.622971630726894],[-3.418012779466399,47.622813271730934],[-3.417776383910693,47.62273598163707],[-3.417922351442349,47.622727943110974],[-3.417941324500215,47.62266368219155],[-3.418046103167899,47.62275725133753],[-3.418141451779034,47.62266169157234],[-3.417952432402355,47.62264500873367],[-3.417930515261637,47.62257396883058],[-3.418052104748603,47.62258533438056],[-3.418097915369717,47.62241122500449],[-3.417950867808157,47.62241029241442],[-3.417961193338151,47.6222742607819],[-3.418110700720964,47.62218474919138],[-3.417988329761354,47.622056025515796],[-3.41818737380579,47.62204506347905],[-3.418146185825916,47.622146671424716],[-3.418240452203833,47.62204214021193],[-3.418255585726447,47.62216773891001],[-3.418383958046771,47.62212454528346],[-3.418282422939286,47.622057890416826],[-3.418373148173512,47.62203483193862],[-3.418450008515271,47.62222927792845],[-3.418502303578884,47.62210899636463],[-3.418735157226045,47.62226775786466],[-3.419158408481348,47.62234378457646],[-3.418983252635897,47.622109598791404],[-3.418988954607637,47.622046068584815],[-3.41911378644888,47.6220843470192],[-3.418992494388744,47.621964595717316],[-3.419174728825217,47.62203583576939],[-3.419143568990644,47.62210979916021],[-3.419201267993344,47.6220343739145],[-3.41880701727197,47.621866441384014],[-3.418754236074044,47.621760978043895],[-3.418611514372106,47.62179593161479],[-3.418557950012438,47.62157310997294],[-3.418817934243827,47.62151363588608],[-3.418771045695841,47.62167877429214],[-3.418894307807023,47.621482336548176],[-3.419148589513207,47.6214863919448],[-3.419171588938329,47.621566402988506],[-3.419202748416915,47.6214924395696],[-3.419403850859781,47.621941936929595],[-3.419260446668765,47.62141701427075],[-3.419624422270591,47.621333748190644],[-3.419853147919929,47.62179075418041],[-3.419826117301522,47.6215664711102],[-3.420018377203466,47.62161006489041],[-3.420156677077841,47.621981743121076],[-3.420115588542349,47.62164083298192],[-3.42026263402223,47.62164176284693],[-3.420120796283175,47.6213515576077],[-3.420140648734773,47.62096213556509],[-3.420032626196951,47.62084165423754],[-3.420132881229854,47.62056520419005],[-3.420025646338483,47.620562081098434],[-3.420071154474642,47.62049635771218],[-3.419991539331065,47.620500743855246],[-3.419787685230457,47.62025007843446],[-3.419787193820003,47.62002433318223],[-3.419902290683435,47.619981868834884],[-3.419759869431772,47.619908436870055],[-3.419862778223315,47.619875674883595],[-3.419859042938044,47.6196230155923],[-3.41997738249532,47.61960746515884],[-3.419933839963463,47.619356998882836],[-3.42019892400754,47.619450765320536],[-3.420296719217883,47.61926475928651],[-3.420311856790727,47.61939035789709],[-3.420345175943246,47.61933433674935],[-3.420449952289788,47.61942790389864],[-3.420328957050959,47.619199766809814],[-3.42035578850578,47.61908991767296],[-3.420453783197714,47.61923804386786],[-3.420336913431745,47.61871165965468],[-3.420474219406058,47.61863184726594],[-3.420429794618924,47.618706542203135],[-3.420573294875107,47.618788944725594],[-3.420649168469995,47.618531898774776],[-3.420564149889159,47.6184914286631],[-3.420678161529701,47.61843999218676],[-3.420614273952603,47.6183532032603],[-3.420717472211088,47.61821205342764],[-3.420857727600345,47.61826754163051],[-3.420870118188473,47.61859197168679],[-3.420928892293856,47.6185255167793],[-3.421104629325986,47.618542925983434],[-3.421227789188999,47.618789004992074],[-3.421190729787615,47.61859236702512],[-3.421269260584439,47.618579008736475],[-3.421126344138171,47.61827983293739],[-3.421420416624277,47.61828168994039],[-3.421491959706204,47.61798875807488],[-3.421393672813324,47.617949019745815],[-3.421468958344904,47.61790874734133],[-3.421704755906327,47.618202804311174],[-3.421628388682217,47.61823410553952],[-3.421725594801933,47.61826487234423],[-3.421742689654847,47.618074280940036],[-3.421857780758954,47.618031814623095],[-3.421878619765721,47.61809388263427],[-3.421918716016105,47.61798330184071],[-3.422018084879654,47.61803201104664],[-3.422126607496096,47.618378236170244],[-3.422029901814717,47.618573215137864],[-3.422256049135746,47.61834400952084],[-3.422241988844177,47.61822738241142],[-3.422364650929125,47.6182477148135],[-3.422451331019319,47.618080380782025],[-3.422597285118266,47.61807233639414],[-3.422563679876578,47.61823674529708],[-3.42270530784043,47.618192815520594],[-3.422677400037455,47.618293693935634],[-3.422783548876753,47.61828784328497],[-3.422810878999342,47.61840373898591],[-3.423031613798944,47.618129675289424],[-3.423149949121996,47.61811412162938],[-3.423038392217367,47.618075116065384],[-3.423111513284625,47.618016899984646],[-3.423252852374552,47.618081356625645],[-3.423287755545699,47.61826005137654],[-3.423169419939344,47.618275605175064],[-3.423182400549678,47.61838326086295],[-3.423070554846919,47.61845264240107],[-3.423171295363504,47.61840193485901],[-3.423407104479333,47.618695988317334],[-3.423463999412111,47.618503202472155],[-3.423358137848306,47.618400666677346],[-3.423448854675322,47.61837760421313],[-3.423515992221704,47.61849130549832],[-3.423674134119062,47.618473557041696],[-3.42367983012052,47.618410026487716],[-3.423575844709486,47.61843382055903],[-3.423499765593294,47.61835673594109],[-3.423640311309977,47.61830383372901],[-3.423788429480173,47.61831373045965],[-3.423801411347974,47.618421386076626],[-3.423950611723933,47.61844025390202],[-3.423905110116188,47.61850597886912],[-3.424010177381827,47.61849115580439],[-3.424047247097381,47.61868779288672],[-3.424142291661433,47.6187006150777],[-3.424166155340766,47.618455464083546],[-3.424271222434517,47.618440640783554],[-3.423742419663386,47.618153709916044],[-3.423823399504065,47.618049905429],[-3.424025672977648,47.61806584732768],[-3.424049250686388,47.61792908337482],[-3.424070092200756,47.6179911509982],[-3.424089056175625,47.61792688892414],[-3.424252605660319,47.61795399618241],[-3.424323847099718,47.61776944963966],[-3.424228804149732,47.61775662759031],[-3.42425511657725,47.61742103194215],[-3.424385636433327,47.61739577421724],[-3.42445904048899,47.61722917014167],[-3.424562737983537,47.6173137624019],[-3.424563023160162,47.61720537526928],[-3.424727937472776,47.61713306603475],[-3.424551121975977,47.617106690970154],[-3.424742572530104,47.61703291863096],[-3.424746103198869,47.61695144537988],[-3.42465675627888,47.61687509301725],[-3.424502947088449,47.61692872802528],[-3.424443382703896,47.61687782633351],[-3.424572819220641,47.61684359708998],[-3.424449077619763,47.61681429569009],[-3.424693600037408,47.6167375972994],[-3.424642976141354,47.61665007894555],[-3.424846611118332,47.616566603566866],[-3.424926219996386,47.616562214105286],[-3.424945695620229,47.616723697483124],[-3.425131450176208,47.61671345516494],[-3.425158270500538,47.616603604785055],[-3.425269825879199,47.61664260835344],[-3.425300175673421,47.61645128464911],[-3.425385993145426,47.61660910982422],[-3.425260602096235,47.61678761231944],[-3.425448520950076,47.616795312087454],[-3.425499146304296,47.61688283008559],[-3.42540382118302,47.61697839614022],[-3.425580636676165,47.617004769915546],[-3.42534124099411,47.61723471375652],[-3.425602561709696,47.61707580858562],[-3.425729268107102,47.61724040976662],[-3.425847600673201,47.617224853366025],[-3.425746065566201,47.61715820482076],[-3.425882277312068,47.617069414721136],[-3.425901756012614,47.61723089789759],[-3.425646928110659,47.61744363145731],[-3.426018724113852,47.61731475717213],[-3.425962921841661,47.617516515664434],[-3.426155172169666,47.61756009943288],[-3.426186838079581,47.61771187951739],[-3.426347941938218,47.61782942838779],[-3.426350344007969,47.61818150351269],[-3.426575346742285,47.61838583783185],[-3.426622489258861,47.618112308927294],[-3.426684502579973,47.618072764936926],[-3.426786040597771,47.61813941263506],[-3.426587335951151,47.61759948255321],[-3.426720300534197,47.61748377765756],[-3.426743309582115,47.61756378737406],[-3.426941252745523,47.61754383911558],[-3.42706010776814,47.617754026998824],[-3.427073936343182,47.61753652094002],[-3.427174391452579,47.61759419704425],[-3.42722205302097,47.61754641331971],[-3.427257248836495,47.61761671981678],[-3.427373416975212,47.61758321932732],[-3.427347647425623,47.61814456111296],[-3.427437524058061,47.61844665679486],[-3.427502505287346,47.61854241325047],[-3.42755369388951,47.61841315614032],[-3.427720494073056,47.61846717233381],[-3.427796300821402,47.618652641263814],[-3.427404457089983,47.618836812441444],[-3.427752690047364,47.61884469730353],[-3.427325647873011,47.61895856190175],[-3.427345411166118,47.61901165764208],[-3.427621889267178,47.61897834582031],[-3.427258744903579,47.619178995225845],[-3.426947069031563,47.61914199966205],[-3.426961941898097,47.61937598444199],[-3.426876636697648,47.619443905963465],[-3.427146622889642,47.619356767664904],[-3.427331024180341,47.61944593761647],[-3.427293662200414,47.61935768867875],[-3.427654084852484,47.61935587071832],[-3.427706356364606,47.61923558485682],[-3.42781250652529,47.619229729638086],[-3.428041293250638,47.61968672008323],[-3.427858776504411,47.61972388078699],[-3.427758841761011,47.619891950593384],[-3.427856054431933,47.61992271226919],[-3.427758563058204,47.62000033758449],[-3.427159014686042,47.620123716103414],[-3.427385670090774,47.62012024597117],[-3.427342336190691,47.62020391474026],[-3.426792613694702,47.620297450157715],[-3.426773652132064,47.62036171259267],[-3.427250255765226,47.62032639591813],[-3.427170361565982,47.620439173920786],[-3.42686272739027,47.62054645015787],[-3.426849177728693,47.62065556890959],[-3.427224520315747,47.62044521782897],[-3.427449012124379,47.6204238050541],[-3.42743546369226,47.62053292388069],[-3.427344465378136,47.620664376369305],[-3.427041440084259,47.62069915114894],[-3.427120774942335,47.620803147145445],[-3.42702680833433,47.62079929865259],[-3.427043604915231,47.62071709367006],[-3.426915242986321,47.620760296845624],[-3.42692281976132,47.620823095674844],[-3.427009209517637,47.62076414542832],[-3.427039797336851,47.6209069537723],[-3.427129434398477,47.62087491721895],[-3.427068220466247,47.62103181958023],[-3.426935528180748,47.62103913773618],[-3.42684132049542,47.62070115702016],[-3.42674843645292,47.62070627956556],[-3.426784716101464,47.62078555735408],[-3.42671187608047,47.62073538871026],[-3.42661381949559,47.62102978690636],[-3.426677720028952,47.62111657243142],[-3.426709951211911,47.621051578255276],[-3.426767357659815,47.621084536159415],[-3.426837191690342,47.62144192298291],[-3.42712695201413,47.621407880576875],[-3.427198431037652,47.621557464591994],[-3.427300255967192,47.6215157248245],[-3.427360910736724,47.621575596191725],[-3.427368208647241,47.621746781858796],[-3.427515254544641,47.621747702592536],[-3.427533133189152,47.621674468831365],[-3.427900314255802,47.62206060951899],[-3.427900592681568,47.621952222642165],[-3.428005665620212,47.6219373960091],[-3.428085004196763,47.62204139128451],[-3.427916831496114,47.62208679133953],[-3.428008635222735,47.622072696623206],[-3.428044917671286,47.62215197396465],[-3.428220668961126,47.622169372428345],[-3.428224194661531,47.622087899286775],[-3.428450581027012,47.622192813961625],[-3.428428122135257,47.62189603101501],[-3.428543216160047,47.62185355819303],[-3.428566783968473,47.62171679359405],[-3.42864856563204,47.621730344090125],[-3.428523199418148,47.62146633079297],[-3.428632878954651,47.62137900165493],[-3.428732260264374,47.621427705063006],[-3.428798883370087,47.62131565806952],[-3.428847076536895,47.621493618841754],[-3.428918030461135,47.6214174567466],[-3.429004142794437,47.621466891954746],[-3.429030957538092,47.62135704095322],[-3.429183140514347,47.62151120269242],[-3.429137366818958,47.62168531649518],[-3.429247852916763,47.62171534492547],[-3.429235686403311,47.62128252936228],[-3.429313136335515,47.62126019444553],[-3.429375958712152,47.62133800724738],[-3.429378399775403,47.62124756279978],[-3.429451243000995,47.621297729767335],[-3.429585293440279,47.621190993065234],[-3.429689006752851,47.62127558060164],[-3.429703633639255,47.621175432788995],[-3.429733938283209,47.621869146149386],[-3.429852020419546,47.62151945380013],[-3.430107386079468,47.62153245656787],[-3.430139613338052,47.621467461459176],[-3.429991759417947,47.621349185884334],[-3.429950594442471,47.621450798028036],[-3.429853377782111,47.6214200381198],[-3.429886962577918,47.62125562738832],[-3.429977407230544,47.62134094680834],[-3.43004402761465,47.6212288990996],[-3.430557195435116,47.621164458764774],[-3.43111964567294,47.62128694724771],[-3.430852905412666,47.6214010083109],[-3.430605394326726,47.62134241882522],[-3.430547712184641,47.621417849730825],[-3.430473784759328,47.621358712224506],[-3.430432620693975,47.62146032453762],[-3.430604038366549,47.621441834518244],[-3.430585080985431,47.621506097534194],[-3.430737541538326,47.62155187033065],[-3.430628948126604,47.62164817266041],[-3.430769495443287,47.62159526195824],[-3.431054649643841,47.62163371182904],[-3.431103122539829,47.62170328474308],[-3.430958242890376,47.62172031096582],[-3.431110704374978,47.62176608327013],[-3.431280228059633,47.62162126292216],[-3.431246107444953,47.62155992899967],[-3.431379883595286,47.6215615771647],[-3.431321119157398,47.62162803722768],[-3.431478996592602,47.621718665134985],[-3.43151907567933,47.62160808125168],[-3.431616022761599,47.62174722667346],[-3.431832665155087,47.6217713938929],[-3.431880326283244,47.62172360836969],[-3.431769838687675,47.621693582429856],[-3.4318551412572,47.62162565741279],[-3.432165751734147,47.62165366862236],[-3.432157894720466,47.62125673819254],[-3.432435464777219,47.621232386224484],[-3.432421657088963,47.62144989250547],[-3.432503439322017,47.62146344030412],[-3.432500458361792,47.62132813976219],[-3.432674856287308,47.621444947245436],[-3.432614464558702,47.62127669170856],[-3.432695969255771,47.62095610735548],[-3.432911525520476,47.620971301376635],[-3.432837059299971,47.62112893923955],[-3.432909637362194,47.62128749098454],[-3.432807548794352,47.62143762257031],[-3.432722516370177,47.62139716137052],[-3.432721164351153,47.6214965770853],[-3.432843569550197,47.62162528535933],[-3.432913434528659,47.62154014963924],[-3.433064813729755,47.62157694819476],[-3.432993865509617,47.62165311280282],[-3.43315201362092,47.62163535154101],[-3.433207538254886,47.62198449576832],[-3.433292839459971,47.62191656971135],[-3.433221075257319,47.62187537635371],[-3.433325063072207,47.62185157373654],[-3.433550374925033,47.62194750734224],[-3.433345902880963,47.6214711207535],[-3.433448806345742,47.62143834682249],[-3.433411981892416,47.62157584497033],[-3.433502432721055,47.62166116164644],[-3.433893743634537,47.62169374410475],[-3.433814394259403,47.62158975275695],[-3.434029953400883,47.621604944708935],[-3.433924331586882,47.62139403173375],[-3.434028584131383,47.62126184155501],[-3.433969005830324,47.62121094483516],[-3.434077326446958,47.62122302631618],[-3.434039952071618,47.621134779617456],[-3.434122817846823,47.62115729747795],[-3.434147741074306,47.62136363489955],[-3.434228439976621,47.62136821029926],[-3.434224657903898,47.6215580705715],[-3.434356001500964,47.62165015986188],[-3.434337291679175,47.621163517673295],[-3.43441717182198,47.62105073481025],[-3.434625432474048,47.621337259338176],[-3.434545287410377,47.62155842924731],[-3.434653344149149,47.6216788971055],[-3.434480843432545,47.62168842187874],[-3.434623289679123,47.62176183582344],[-3.434552343436757,47.62183800137097],[-3.434379023788216,47.6217301679027],[-3.434387162642714,47.62201871119819],[-3.434231181107605,47.622054416504504],[-3.434817465471692,47.62193173450688],[-3.434743268072788,47.621980986616094],[-3.434805015464974,47.62204982528575],[-3.434862692274434,47.62197439230211],[-3.435041696558173,47.62201869404925],[-3.434939612587951,47.62216882744224],[-3.434994593729818,47.62229222580272],[-3.435054702019964,47.62212634820963],[-3.435198234040489,47.62220873261595],[-3.435183324285598,47.621974749226254],[-3.435312766272834,47.62194050816885],[-3.435349586082069,47.62180300944747],[-3.435529936995037,47.62174789472295],[-3.435685654147727,47.62182057458474],[-3.435658294326188,47.62170468210139],[-3.435987858238769,47.62166841931313],[-3.435942630796176,47.62162576194692],[-3.436141931235838,47.621506382389065],[-3.436016004600615,47.62145915097035],[-3.436197437631967,47.62141300637948],[-3.436214220284657,47.621330800104495],[-3.436427349941844,47.621436432219326],[-3.436540268560251,47.621376009166056],[-3.43643684493046,47.62162555966949],[-3.436234292761913,47.62171802621153],[-3.436292789797071,47.621759950592654],[-3.436458786307553,47.62169659613245],[-3.436403280073691,47.62178997225266],[-3.436653489012144,47.62164971794817],[-3.436571705440667,47.62163617305686],[-3.436655917760242,47.62155927336332],[-3.436730936373318,47.62162737811669],[-3.437032052281778,47.62146624896093],[-3.437047794261805,47.62181759025029],[-3.43691726958738,47.62184286206906],[-3.436872084504538,47.62224272381669],[-3.436674127630751,47.62226268885912],[-3.436796804482203,47.622283006060485],[-3.436585056428723,47.62252047762826],[-3.436442344374635,47.62255545297386],[-3.436516280068749,47.6226145866657],[-3.436415544279791,47.62266530560889],[-3.436522784352483,47.62266841364824],[-3.436154789039116,47.62304997937245],[-3.435964416642557,47.623132741358624],[-3.435999627654547,47.623203045019046],[-3.436113634483094,47.62315159359933],[-3.436246069272878,47.623252651853505],[-3.436356823875911,47.62317428670635],[-3.436416406644668,47.62322518215677],[-3.436006691514733,47.62348261681863],[-3.435837996376073,47.62374480185518],[-3.43601618537698,47.623671744104186],[-3.436102307919481,47.62372117402136],[-3.435950658454482,47.62379276624237],[-3.436055732779447,47.62377793238123],[-3.436069824711744,47.623894557493564],[-3.436278889606075,47.623855918303406],[-3.4363736850765,47.62397711729544],[-3.436805084575329,47.623899104528086],[-3.437017921270183,47.62367060388403],[-3.437079673549884,47.62373944129131],[-3.437084269996303,47.62366693910236],[-3.437243506901823,47.62365814347256],[-3.43715144323584,47.623780632238535],[-3.437315276604897,47.62369933432084],[-3.437344290943604,47.624049942180186],[-3.437161506123362,47.624195504118326],[-3.4371845337131,47.62427551150141],[-3.437343513152759,47.62437510250735],[-3.437586967413163,47.62428940627032],[-3.437785757387487,47.624386797615976],[-3.43776086930652,47.624622979499904],[-3.437674743773386,47.62457355082862],[-3.437500891043883,47.62468249565739],[-3.437541526411168,47.624797654520854],[-3.437650939395644,47.62481870380946],[-3.437626309211134,47.62494649887979],[-3.437752245497629,47.62499372847761],[-3.437725446874261,47.62510358127549],[-3.437842709054138,47.6250790416424],[-3.438051261641228,47.62525717275257],[-3.437761228970989,47.625399628907296],[-3.437970866889491,47.62558673127028],[-3.438000144499517,47.62582895194237],[-3.43788479125526,47.6259798206779],[-3.438048372415596,47.62600690850373],[-3.438122056976634,47.62617442774498],[-3.438089836595711,47.626239424898706],[-3.437898629618468,47.62620483210629],[-3.437754048925166,47.62655599781997],[-3.43799725452499,47.626578687471614],[-3.4380877211591,47.62666400037704],[-3.438100164979837,47.626545909528545],[-3.438284609400831,47.626635061854955],[-3.43829653809821,47.62673374427022],[-3.438398364222727,47.62669199493847],[-3.438334437960564,47.626605216075845],[-3.438477159601883,47.62657023849116],[-3.438402131814466,47.626502135032496],[-3.438499619584129,47.62642450109245],[-3.438461149807692,47.62632728491629],[-3.438541856583446,47.62633185732394],[-3.438561319702828,47.62605081983656],[-3.438762799789352,47.62594937833715],[-3.438783089746715,47.62578569858057],[-3.439012449260697,47.625583374757916],[-3.439184706222234,47.625682230011556],[-3.439483413463065,47.62561153932488],[-3.440329197731657,47.6256460827528],[-3.440727555719707,47.62551569552613],[-3.440737823808574,47.625379662102844],[-3.441242339454714,47.62524340605759],[-3.441512080718871,47.62526462153929],[-3.44167749790562,47.62497551519799],[-3.441814537890047,47.62500406472321],[-3.441922032947244,47.6248987810571],[-3.441881388053201,47.6247836237238],[-3.441976697611881,47.62468804460411],[-3.441838573369842,47.62465052415944],[-3.441762709317944,47.62446506491833],[-3.441834733739801,47.62439786620034],[-3.44173533494802,47.62434917401639],[-3.441839323784784,47.62432536384893],[-3.441902168026472,47.62440316978948],[-3.441968767201973,47.62429111545623],[-3.441885558398858,47.62393447171628],[-3.441723066589623,47.62391636034513],[-3.44180944500657,47.623857399245686],[-3.4417509413407,47.623815477672906],[-3.441568169339337,47.62396104652458],[-3.441455752772415,47.62380470075582],[-3.441491473141295,47.623658229117055],[-3.441623085013779,47.623641923321735],[-3.441625004296215,47.62376825235798],[-3.441706792416045,47.62378179369592],[-3.441710297640534,47.62370032021591],[-3.441845164440262,47.623710927502714],[-3.441656051041167,47.62325176461778],[-3.441774808922178,47.62257689986491],[-3.441953571064739,47.622729577875724],[-3.441959830959944,47.62289179141451],[-3.442181072132482,47.62284343701258],[-3.44217856544858,47.62249136306239],[-3.442063730571497,47.62242546242421],[-3.442026591900031,47.622228831442726],[-3.442254589558342,47.62212591667347],[-3.442226379666702,47.62189266772127],[-3.442045449631172,47.62172204782914],[-3.44211288055879,47.6217273513039],[-3.442089011336535,47.621529986738814],[-3.441972258612096,47.6213377568],[-3.442069981413427,47.62115173272077],[-3.442020323863138,47.62063067420645],[-3.442191984260031,47.62050378018233],[-3.441820370989909,47.620081799618234],[-3.441912417565115,47.61995930693962],[-3.441763206599762,47.61994046207654],[-3.441743929243438,47.61967059473807],[-3.441664066644041,47.61978338269161],[-3.441495078594535,47.61971144418835],[-3.441455774278894,47.619496870487495],[-3.441586291069143,47.61947159356629],[-3.441564343783995,47.619400557985664],[-3.441687850348523,47.61953822825925],[-3.441572771774048,47.61958071408445],[-3.441694359471582,47.61959205503865],[-3.441882875397094,47.61982547355086],[-3.441959233019762,47.61979415910449],[-3.441841399678828,47.61959295773642],[-3.441912332538532,47.61951678767374],[-3.442010387819945,47.61966489574293],[-3.441930275861169,47.619886070908564],[-3.441994199922612,47.61997284810279],[-3.442106024214012,47.61990344849764],[-3.442336768478361,47.62004422086806],[-3.442239796547571,47.61990508422496],[-3.442442082543771,47.619920994210645],[-3.442538308937491,47.62038529171197],[-3.442524203800946,47.620268667170286],[-3.442699116941025,47.62016868573552],[-3.443081931164565,47.62101450664343],[-3.443005572454992,47.62104582180422],[-3.443050557387112,47.621196863406944],[-3.443319193762906,47.62120910364967],[-3.443407242508263,47.62138485740576],[-3.443431018921356,47.62113970281989],[-3.443489520974219,47.62118162360873],[-3.443492283010043,47.6214253108263],[-3.443292999310552,47.62154470293154],[-3.443480937505311,47.621552373664024],[-3.443469345131565,47.62178782341943],[-3.443336653218108,47.621795160206396],[-3.443240018816009,47.62199015638836],[-3.443422532600155,47.6219529716909],[-3.443423864702317,47.62185355587645],[-3.443512753336717,47.62214666750425],[-3.443610817888686,47.62229477402985],[-3.4436749939668,47.6222731633025],[-3.443702125137247,47.62249744076147],[-3.44357051672138,47.622513748909135],[-3.443546986999286,47.622650516477286],[-3.443666165190614,47.62275230003742],[-3.443575449666601,47.62277537815343],[-3.443540080807692,47.62325598214763],[-3.443694727997007,47.62331968017913],[-3.443645744295598,47.623466886223525],[-3.443802562800481,47.62354852629217],[-3.44390136857322,47.623371471984626],[-3.443871819530657,47.62323763933347],[-3.44373887779382,47.623353363412676],[-3.443816570778868,47.623222632060546],[-3.44396253571207,47.62321456099274],[-3.443969887082896,47.62338574547455],[-3.444053845869096,47.623417227353656],[-3.444311639920643,47.6233397543956],[-3.444409463966085,47.623596246987944],[-3.444567262399321,47.62324433869308],[-3.444584521854293,47.62294535758139],[-3.44448970957532,47.622824165189776],[-3.444576083169327,47.62276520201121],[-3.44449212510061,47.62273372049695],[-3.444595024155213,47.62270093676687],[-3.444640151779508,47.62230107212741],[-3.444745220753292,47.62228623043771],[-3.444968029901634,47.62203006801637],[-3.445030876001208,47.62210787236521],[-3.445045717950856,47.62189933575776],[-3.445165982809958,47.622010088914216],[-3.445060803368525,47.62158241219031],[-3.445228716654406,47.62164537437759],[-3.445166114180557,47.621459183173855],[-3.445302547688808,47.62126198366781],[-3.445498083874473,47.621332448773764],[-3.445615692379429,47.621642033212325],[-3.445547060509807,47.62118524179116],[-3.445624503475075,47.62116289605703],[-3.445660811463728,47.621242167961114],[-3.445739824438263,47.62101201930505],[-3.445663467291351,47.62104333620359],[-3.44564609851557,47.620899798818016],[-3.445743565520345,47.62082215860871],[-3.4458644310856,47.62115865613276],[-3.445926675514104,47.62101071501845],[-3.446038214112959,47.621082751849215],[-3.446068291606138,47.62096675697371],[-3.446179871374756,47.62100574047938],[-3.446376978432742,47.621861825993385],[-3.446410753461392,47.62158902361309],[-3.44647951105746,47.62149490870034],[-3.44655237068891,47.62154506499443],[-3.446649232544101,47.621241679069406],[-3.446765156276979,47.621316546313714],[-3.446823901144597,47.621250078470716],[-3.446864554009725,47.621365234292945],[-3.446922213039042,47.62128979532827],[-3.446865159931261,47.621590979262635],[-3.446936694503447,47.621740551178924],[-3.44684791368676,47.6218899609192],[-3.447071317888025,47.62185953937201],[-3.447041761735549,47.62172570741899],[-3.44716769875306,47.62177292694275],[-3.447197972985109,47.62158159805802],[-3.44736504184488,47.621527199161456],[-3.447650578547621,47.621899740386105],[-3.447505095011845,47.621691042204894],[-3.447482291737289,47.62150264980579],[-3.447571917528637,47.621470597573804],[-3.447911380089306,47.62195755954081],[-3.447818019911297,47.62217947267433],[-3.447986073703635,47.62268494951933],[-3.447978709550909,47.62251376522889],[-3.448107296047377,47.62236215204489],[-3.448041424771267,47.62214904927603],[-3.448144083193222,47.622224649321545],[-3.448229365775521,47.62215671236518],[-3.448240225846077,47.62224642293467],[-3.448420564946278,47.62219128831792],[-3.448735059511984,47.6224719134775],[-3.448753523207313,47.62262442133793],[-3.448847730490203,47.62251986545506],[-3.449075625213586,47.62296784285895],[-3.449143058412949,47.62297314227141],[-3.449107214824085,47.62267709776017],[-3.449210346098689,47.62253592307201],[-3.449344125245887,47.622537550659715],[-3.449366935532864,47.62272594259513],[-3.449376094863605,47.62258093717349],[-3.44948791502125,47.6225115305935],[-3.449731725236503,47.6227599406794],[-3.449589489946121,47.62257815831091],[-3.449658243212125,47.6224840415747],[-3.449541226656024,47.62240020620302],[-3.449600203630248,47.622225350091426],[-3.449901902835559,47.622289932680566],[-3.449862713763897,47.62251788077088],[-3.450034980924386,47.622616720177696],[-3.450032574795187,47.62270716499035],[-3.449923394973617,47.62257774038738],[-3.450078667339031,47.62286717479377],[-3.450152851819854,47.62281791296558],[-3.450073935924034,47.62249715894226],[-3.45016682084021,47.62249201785104],[-3.450266922917431,47.62221554219041],[-3.450448036685564,47.62282866790755],[-3.450557450722067,47.62284970512696],[-3.450462857674452,47.62262013068939],[-3.450514692135722,47.622165703066194],[-3.450723665781207,47.62267794354283],[-3.450674312197171,47.62249102087986],[-3.450766342610228,47.62236852137539],[-3.450926196491616,47.62258545191937],[-3.450987110526716,47.62253692408654],[-3.451020167962163,47.62258928117987],[-3.451070217011853,47.6224510430064],[-3.451168534276973,47.622490756265016],[-3.451201822981493,47.622434726407434],[-3.451241399672896,47.622540909608176],[-3.451451534834863,47.62251121426089],[-3.45149443783598,47.62209340488061],[-3.451662360316348,47.62215635780153],[-3.451828569661787,47.62198459458382],[-3.451937752889092,47.62211401744525],[-3.45198562585164,47.62195783679859],[-3.452068500471746,47.62198034191629],[-3.452116542545669,47.62226667993612],[-3.452170935121948,47.62216432535241],[-3.452266850352562,47.62229448256813],[-3.452209885007786,47.62204476337684],[-3.452351269885052,47.62210918466412],[-3.452234707962452,47.6218085781051],[-3.452415270110658,47.6216450503611],[-3.452625172867445,47.62172373983739],[-3.45263689877271,47.621930807973435],[-3.45272000166025,47.621844925692685],[-3.452803735318215,47.62198478824159],[-3.452776338252037,47.62186889978077],[-3.45285377918273,47.62184654926097],[-3.453064315519796,47.62215098281294],[-3.452969712929923,47.62192141032339],[-3.453127855184967,47.621903622015594],[-3.453232694022566,47.62199715962259],[-3.453211817040227,47.621935097335324],[-3.453292518437917,47.62193965956108],[-3.453420182009847,47.622221588210905],[-3.453402385072109,47.62174392024427],[-3.453507450512705,47.621729070667875],[-3.453773466314634,47.621940118724766],[-3.453698651569869,47.621763637987605],[-3.454088212796301,47.62211234258165],[-3.454326832198229,47.62220750119727],[-3.454374473579007,47.622159706507276],[-3.454382082853541,47.62222250350619],[-3.454630935343255,47.62218162664984],[-3.454882825176324,47.622276049171255],[-3.455197995381968,47.62278240170372],[-3.455351790587031,47.62272872643382],[-3.455614779036564,47.62280447033793],[-3.45580729437284,47.62273961827944],[-3.455678529692479,47.62244872132749],[-3.455858640128769,47.6225019621436],[-3.455865607203008,47.62233901422612],[-3.455967189759083,47.62240563640267],[-3.456051375351123,47.62232872275696],[-3.455853647011272,47.622240333384504],[-3.455902595924083,47.622093122129215],[-3.455966766783186,47.62207150464585],[-3.45595545083209,47.62219856865165],[-3.456050730576227,47.622102977921976],[-3.455988955729009,47.62203415048899],[-3.456197556964632,47.62221224947244],[-3.45625737842757,47.622154747898655],[-3.455953940633957,47.62185546587258],[-3.456127746494652,47.62174649342179],[-3.456270868358605,47.622045625826644],[-3.456205848714539,47.621398979792076],[-3.456340712578307,47.62140957035319],[-3.456355289504009,47.62130941921532],[-3.45627154760092,47.621169559164294],[-3.456420767120325,47.62118838547925],[-3.456552794975616,47.62150619474964],[-3.45664893976359,47.62152796144882],[-3.4566458976057,47.62139266153397],[-3.456790768165745,47.621375603444314],[-3.456600006805956,47.62112426721747],[-3.456695283478641,47.621028675909265],[-3.456621107521377,47.621077941938076],[-3.456601314348281,47.6210248512118],[-3.456775116183368,47.62091587775119],[-3.456720086117073,47.62079248956139],[-3.456912153818171,47.62094440962166],[-3.456883660935099,47.62081955108003],[-3.456998729993142,47.62077705019594],[-3.456840592365209,47.62079484375528],[-3.456755762590452,47.62064601303048],[-3.456812319450337,47.62056159817073],[-3.456988074868023,47.6205789533585],[-3.456908682167994,47.62047497764594],[-3.457052243467547,47.62055733526195],[-3.456998300574037,47.62044291816357],[-3.457219517973158,47.62039453521506],[-3.45719646203299,47.62031453162508],[-3.45737112925791,47.62032291525641],[-3.457549928452808,47.62047556956982],[-3.457649116432912,47.620632635410615],[-3.457581249026454,47.62084411492413],[-3.457677611006448,47.62075749377748],[-3.457863155714124,47.62085558642541],[-3.457763096903295,47.620581162792554],[-3.457894478693819,47.620673225654095],[-3.457939940299747,47.62060748752338],[-3.458078935874929,47.62076234698977],[-3.458184215018842,47.62063910618485],[-3.458123526750539,47.62057925080102],[-3.458208577118768,47.6206196935222],[-3.458255125949685,47.6205629262387],[-3.458253821498389,47.620662342286415],[-3.458395426514495,47.62061836928707],[-3.458268177866306,47.62067057788996],[-3.458292323233881,47.62075955222379],[-3.458450460273387,47.62074175669845],[-3.458314293335366,47.62083058460972],[-3.458265785773151,47.620761022962135],[-3.458175079945506,47.62078411244092],[-3.458233376348661,47.62093441285511],[-3.458516371362488,47.62095485374879],[-3.458572925765651,47.620870438049856],[-3.45853181556174,47.62097206028565],[-3.45863992523525,47.62109250598225],[-3.45873280688205,47.621087358074966],[-3.45904734914862,47.62136795562327],[-3.459215493097865,47.62132251073004],[-3.459307072580982,47.621416778386624],[-3.459321643943788,47.62131662687897],[-3.45950740786785,47.62130632990742],[-3.45948543598309,47.621235297763285],[-3.45961377268536,47.621192058804986],[-3.459545466984026,47.62106940748397],[-3.459758855493503,47.62106661003897],[-3.459916118428232,47.62093145457613],[-3.459788209958272,47.6207579198575],[-3.459953087517826,47.62068556101908],[-3.459960489814403,47.62085674471321],[-3.460064463717245,47.62083291827742],[-3.460087075427093,47.620578789282426],[-3.460228678711539,47.62053481405846],[-3.460288281289718,47.62058569739754],[-3.460278489307803,47.620504958825585],[-3.460359189147202,47.6205095161718],[-3.460259993422772,47.62035245262279],[-3.460431821937877,47.62011714472785],[-3.460531017730609,47.62027420814988],[-3.46066696766795,47.62029376467275],[-3.460664579655583,47.62038420981148],[-3.460718953925103,47.62028185114855],[-3.460912330665721,47.62033434858315],[-3.461025430401505,47.62016551478017],[-3.46117075176007,47.620482583314434],[-3.461294522004743,47.620511845746215],[-3.461384137838773,47.620479782899054],[-3.461198587967934,47.62038169582603],[-3.461299506508013,47.620222568407584],[-3.461732596229969,47.62037917939891],[-3.461688857179593,47.62012872882471],[-3.461971640001034,47.62025754840223],[-3.461949665269223,47.62018651668348],[-3.462053636978966,47.62016268846864],[-3.461937694313942,47.620087836356156],[-3.462005125151409,47.620093128350376],[-3.461978797353855,47.61998621287552],[-3.462061673125254,47.62000871092483],[-3.462020988513791,47.61989356031436],[-3.462093651563495,47.62005209401327],[-3.462364254765898,47.620190619384566],[-3.462424275646733,47.62002472753675],[-3.462513681841305,47.620101050872655],[-3.462496268068825,47.619957515926856],[-3.462749249720085,47.62006089252418],[-3.462676584711605,47.61990235923389],[-3.462838656439809,47.6201372156099],[-3.462902822139124,47.620115594293985],[-3.462798177620349,47.619913678214836],[-3.462994820397298,47.619993085006],[-3.462971341548327,47.62012985666024],[-3.463101642744287,47.620212942756275],[-3.463079666527363,47.62014191124854],[-3.463201260067164,47.6201532298084],[-3.463276723753709,47.62000454344518],[-3.463459892863615,47.62019307244023],[-3.463509759257913,47.6207141219366],[-3.463615908420705,47.620708234180704],[-3.463709671777985,47.62082044025501],[-3.463713143229077,47.62073896599392],[-3.463891284039861,47.62066586560788],[-3.464045742967437,47.62083792379524],[-3.464048125271868,47.620747478608486],[-3.464232797637994,47.62072820320149],[-3.464260628187392,47.62062731499608],[-3.464324589430752,47.62071407993143],[-3.464203878320844,47.620820120480445],[-3.464413795207812,47.62089878880253],[-3.464310027617838,47.62081423209402],[-3.464372016154807,47.620774668150794],[-3.464504498531775,47.62087569447989],[-3.464456458961068,47.62114026734633],[-3.464698358758886,47.62126231754974],[-3.46472401119342,47.621143487444535],[-3.464927397365376,47.62116832938184],[-3.465053145892226,47.621323916626466],[-3.465102068596928,47.621176701447375],[-3.465202571628339,47.62123434472638],[-3.465121870279956,47.621229790728535],[-3.465244352972097,47.621358465051706],[-3.465203255091902,47.621460089610004],[-3.465310291941249,47.621571558199655],[-3.465412087087865,47.6215297852099],[-3.465532191341034,47.62174890438364],[-3.465471291427748,47.6217974398212],[-3.465390791514196,47.62168449904145],[-3.465317509081301,47.62185112844156],[-3.465139366268375,47.621924230958534],[-3.465081326422044,47.622216452785835],[-3.464989532246261,47.622230576639765],[-3.464966463868997,47.62215057465947],[-3.464924016601653,47.6221913853968]],[[-3.416288907280114,47.63001545987503],[-3.416225012985054,47.62992866906415],[-3.41617841129358,47.629985419314394],[-3.416288907280114,47.63001545987503]],[[-3.416426901195782,47.63049552729105],[-3.416560221424228,47.630271448347045],[-3.416499568888551,47.630211571639215],[-3.416426901195782,47.63049552729105]],[[-3.41796282959279,47.62328562740546],[-3.418018369635226,47.623192260123375],[-3.417911129590506,47.623189135094464],[-3.41796282959279,47.62328562740546]],[[-3.419596202578143,47.623981350428686],[-3.419696956828169,47.62393064602756],[-3.419648496775536,47.62386106845996],[-3.419596202578143,47.623981350428686]],[[-3.419643976192237,47.62349105159219],[-3.419680837427731,47.62335355792268],[-3.419581165467819,47.623413233642175],[-3.419643976192237,47.62349105159219]],[[-3.419821793584001,47.623968923668144],[-3.419885194733545,47.62382996796734],[-3.419745220733847,47.623666091993506],[-3.419706983132135,47.62390300110113],[-3.419821793584001,47.623968923668144]],[[-3.420965507701363,47.620934751061256],[-3.420923040837771,47.62069325664152],[-3.420963637407839,47.62080842150599],[-3.420981524725029,47.62073518871269],[-3.420691066716085,47.62020933852483],[-3.420831823152839,47.62049057192254],[-3.420630127802603,47.62025785061132],[-3.420671218559384,47.62059876081142],[-3.42079142991668,47.62070953913542],[-3.420722628050182,47.62080363895818],[-3.420830652068266,47.620924119649885],[-3.420965507701363,47.620934751061256]],[[-3.421046789494076,47.62072256171929],[-3.420839482377866,47.62011085202428],[-3.420808033157832,47.6202932028901],[-3.421046789494076,47.62072256171929]],[[-3.42078805045982,47.618686802769346],[-3.420713642314507,47.61840191356689],[-3.420684356279362,47.618602207217016],[-3.42078805045982,47.618686802769346]],[[-3.421118045709735,47.62053801739423],[-3.421054154906842,47.62045122880176],[-3.421022998600967,47.62052519275412],[-3.421118045709735,47.62053801739423]],[[-3.426739665324557,47.64244415057064],[-3.426853722186638,47.642392708701614],[-3.426719893956029,47.64239105537004],[-3.426739665324557,47.64244415057064]],[[-3.424268466751283,47.62074368170702],[-3.424410099962894,47.62069974991959],[-3.424380601261917,47.6205659121577],[-3.424225699220294,47.62061057541347],[-3.424268466751283,47.62074368170702]],[[-3.42427669310927,47.61804297766427],[-3.424266956053741,47.61796223597619],[-3.424172994651597,47.61795838518163],[-3.42427669310927,47.61804297766427]],[[-3.424591540443063,47.62065362334052],[-3.424629468983326,47.620525099193294],[-3.424537667025902,47.62053919126466],[-3.424591540443063,47.62065362334052]],[[-3.427725820694148,47.641757622683734],[-3.427684508422387,47.641699613319965],[-3.427603102528359,47.64173729615917],[-3.427725820694148,47.641757622683734]],[[-3.425105615874273,47.61982152687128],[-3.425165468141722,47.61976404115653],[-3.425069339374233,47.61974224852196],[-3.425105615874273,47.61982152687128]],[[-3.425399309803498,47.6208167990897],[-3.425429378071258,47.62073386270569],[-3.425326471041795,47.62076662958266],[-3.425399309803498,47.6208167990897]],[[-3.425832822880625,47.61865255989398],[-3.425845291940716,47.618534469866475],[-3.425718016439517,47.618586643055984],[-3.425832822880625,47.61865255989398]],[[-3.429524011137279,47.64359107248809],[-3.429584160423147,47.64342519953692],[-3.429441387874713,47.643460165950096],[-3.429524011137279,47.64359107248809]],[[-3.42951295619829,47.64228220494596],[-3.429481266248636,47.64213042768762],[-3.429427893057909,47.6422417417832],[-3.42951295619829,47.64228220494596]],[[-3.42978463983731,47.643314803304776],[-3.429883254207607,47.64324614836272],[-3.429830429973889,47.64314069119433],[-3.429712849566135,47.64327360824709],[-3.42978463983731,47.643314803304776]],[[-3.429825562533983,47.64287906412741],[-3.429862410928502,47.64274156862382],[-3.429735081620024,47.642793745539166],[-3.429731556858334,47.642875217854574],[-3.429825562533983,47.64287906412741]],[[-3.429986476088168,47.64310499215437],[-3.430013299682576,47.642995142155456],[-3.429910352539187,47.643027912694485],[-3.429986476088168,47.64310499215437]],[[-3.4302988076312,47.644252749193825],[-3.430398506529188,47.64419306497195],[-3.430291223556571,47.644189951344025],[-3.4302988076312,47.644252749193825]],[[-3.428985304828757,47.624520397545076],[-3.429198984520969,47.62440926919793],[-3.42917055460931,47.62428440412523],[-3.428981249798811,47.62437612590035],[-3.428985304828757,47.624520397545076]],[[-3.432359667028244,47.64372364252958],[-3.432477241834817,47.64359072284444],[-3.432347745511787,47.64362496037608],[-3.432359667028244,47.64372364252958]],[[-3.430095421992008,47.62320384778662],[-3.430049389055378,47.62304383012978],[-3.429956501244727,47.623048955220405],[-3.430095421992008,47.62320384778662]],[[-3.430276318854175,47.62337448605922],[-3.43040143524928,47.6233043655955],[-3.430274700053506,47.62313976999589],[-3.430230285228168,47.62321446848774],[-3.430129816241345,47.62315679517843],[-3.430276318854175,47.62337448605922]],[[-3.430313197095284,47.62146691432352],[-3.430336760198653,47.62133014934023],[-3.430176172342805,47.62143835125241],[-3.430313197095284,47.62146691432352]],[[-3.430531693491143,47.62338748788683],[-3.430445849909925,47.62322966704201],[-3.430420120173612,47.6233484894798],[-3.430531693491143,47.62338748788683]],[[-3.430678743962321,47.623388404636906],[-3.430608335801357,47.623247794108416],[-3.430579357226687,47.623339702934196],[-3.430678743962321,47.623388404636906]],[[-3.430812818125566,47.621954110794],[-3.43061107373773,47.621721406896405],[-3.430624615980589,47.621612287768066],[-3.430484341653489,47.62155681139047],[-3.430441011443766,47.62164048124755],[-3.430489756713429,47.621601667513545],[-3.430673625754546,47.62190760587358],[-3.430812818125566,47.621954110794]],[[-3.431020780360365,47.623234065636176],[-3.431038654693666,47.62316083139437],[-3.430898375867277,47.62310535555817],[-3.431020780360365,47.623234065636176]],[[-3.431320296407451,47.623280753765656],[-3.431402623809647,47.62307752868391],[-3.431325443592705,47.62299147813839],[-3.431150499904173,47.623091442393225],[-3.431320296407451,47.623280753765656]],[[-3.434929841118096,47.64387079819842],[-3.434987541336044,47.64379536600394],[-3.43487240511641,47.64383784469453],[-3.434929841118096,47.64387079819842]],[[-3.435232290917687,47.64548870095274],[-3.435265610701537,47.64543267630482],[-3.435172684419103,47.64543780548445],[-3.435232290917687,47.64548870095274]],[[-3.435413217410088,47.64477430241601],[-3.435467664966063,47.644671956804586],[-3.435354695836992,47.644732378093174],[-3.435413217410088,47.64477430241601]],[[-3.433229527708675,47.62382560699313],[-3.433261752550341,47.623760611099534],[-3.43314692595128,47.623694701737605],[-3.433229527708675,47.62382560699313]],[[-3.433471917575792,47.62417346643213],[-3.433425606463735,47.62412183696092],[-3.433583761745026,47.624104075137],[-3.433557488893136,47.62399715348229],[-3.433644693276649,47.624055556388065],[-3.433597565384879,47.62388656901522],[-3.433462699780964,47.623875952205914],[-3.433359524274058,47.62401711288878],[-3.433376861027476,47.624160651869964],[-3.433471917575792,47.62417346643213]],[[-3.433682602437581,47.62392702952617],[-3.433727013024943,47.623852329748935],[-3.433615436401666,47.623813334403664],[-3.433682602437581,47.62392702952617]],[[-3.433896059460407,47.62525183384058],[-3.433989216805871,47.625138318909094],[-3.433873036378207,47.625171825849385],[-3.433896059460407,47.62525183384058]],[[-3.434020220555287,47.62196672279577],[-3.434051359694715,47.62189275543186],[-3.433969576411175,47.62187920872012],[-3.434020220555287,47.62196672279577]],[[-3.434120425707657,47.62213277968104],[-3.434203558695357,47.62204691058664],[-3.434087385129975,47.62208041779337],[-3.434120425707657,47.62213277968104]],[[-3.434807392046199,47.62560791435203],[-3.434886194015634,47.625486160259314],[-3.434708262033278,47.625450829520425],[-3.434710165016598,47.62557715855228],[-3.434807392046199,47.62560791435203]],[[-3.435068169491073,47.62522324410258],[-3.435076284236676,47.62506926882488],[-3.434959020806617,47.62509380568072],[-3.435068169491073,47.62522324410258]],[[-3.437537571865394,47.64543368250312],[-3.43764728591138,47.64534634598257],[-3.437545682558965,47.64527970866469],[-3.43745032828474,47.645375283149924],[-3.437537571865394,47.64543368250312]],[[-3.437806794823431,47.64478665059872],[-3.437894296077747,47.64473666408069],[-3.437798117126476,47.64471488220452],[-3.437806794823431,47.64478665059872]],[[-3.435948597294796,47.62510237851713],[-3.435874658783864,47.625043244541565],[-3.435758479746609,47.62507675335889],[-3.435948597294796,47.62510237851713]],[[-3.435708974682007,47.622234714204936],[-3.435683782390057,47.62213676409947],[-3.435623938789235,47.62219425513413],[-3.435708974682007,47.622234714204936]],[[-3.43641204595697,47.62595279328458],[-3.436448865702176,47.62581529450028],[-3.43636707580069,47.625801749494656],[-3.43641204595697,47.62595279328458]],[[-3.436415140385662,47.62420963452767],[-3.43642325109205,47.624055659076134],[-3.436201999680732,47.62410400254105],[-3.436209587855038,47.6241668006595],[-3.436367742343139,47.62414903506629],[-3.436415140385662,47.62420963452767]],[[-3.436121111339379,47.6218868358639],[-3.436188803483927,47.62178375585325],[-3.436108103785471,47.62177918180904],[-3.436121111339379,47.6218868358639]],[[-3.436227265848226,47.62188097300489],[-3.436407616118454,47.62182585692728],[-3.436348034919848,47.621774961435776],[-3.436227265848226,47.62188097300489]],[[-3.436872994247462,47.62600861470202],[-3.43690872866558,47.62586214463113],[-3.436781446507474,47.62591432968081],[-3.436872994247462,47.62600861470202]],[[-3.437088572103123,47.626023800974394],[-3.437109951434237,47.62586909265839],[-3.437003529128728,47.625983342986885],[-3.437088572103123,47.626023800974394]],[[-3.437679847808183,47.626605251677596],[-3.437686612331107,47.6265506918418],[-3.437594803459312,47.6265647941327],[-3.437679847808183,47.626605251677596]],[[-3.437643399079552,47.6251984238833],[-3.437681299424432,47.62506989579926],[-3.437542918350156,47.62514075700984],[-3.437643399079552,47.6251984238833]],[[-3.43988930144195,47.64443683229797],[-3.440031238579705,47.64428449645293],[-3.43989064068785,47.644337417679466],[-3.43988930144195,47.64443683229797]],[[-3.440227176761851,47.64468909750292],[-3.440205220914268,47.64461806259234],[-3.440394578239679,47.6445263235874],[-3.44010795613693,47.6445873115884],[-3.440227176761851,47.64468909750292]],[[-3.440216832649735,47.64438261593989],[-3.440296735123273,47.644269830409314],[-3.440227359175223,47.64413819822784],[-3.440140692501496,47.644305543197056],[-3.440216832649735,47.64438261593989]],[[-3.440572295418862,47.626662189337885],[-3.440629969061913,47.6265867536853],[-3.440489671265769,47.626531289466904],[-3.440572295418862,47.626662189337885]],[[-3.442925732544187,47.6443503463565],[-3.442929237258705,47.6442688737067],[-3.442750151789641,47.64422458455798],[-3.442745561270513,47.64429708619883],[-3.442861777765652,47.64426357076505],[-3.442925732544187,47.6443503463565]],[[-3.442455838401389,47.62500473952064],[-3.442477201769308,47.62485003014143],[-3.442380807738461,47.624936638562865],[-3.442455838401389,47.62500473952064]],[[-3.442768460128296,47.62416562836131],[-3.442990201445902,47.62390049886064],[-3.442986356419274,47.62364784084199],[-3.443032676366422,47.62369946653453],[-3.443129067105734,47.62361285752003],[-3.442938114173526,47.62346988610394],[-3.442942950531887,47.62328899683827],[-3.443142831727145,47.62339535021681],[-3.443264675685022,47.62329830267775],[-3.443210169087048,47.62295813457029],[-3.443311296628217,47.6222481173953],[-3.443121185711454,47.622222504183895],[-3.44315497760561,47.62194970279588],[-3.442955349658162,47.62173496243629],[-3.442767162655288,47.62183567778165],[-3.442682122049288,47.62179522384165],[-3.442541337314566,47.62195653578896],[-3.442598008751605,47.622314646601275],[-3.442702829945688,47.62240819363969],[-3.442582320681116,47.622405824860344],[-3.442671454054198,47.62259055017085],[-3.442518482805245,47.622761566725394],[-3.442823772521308,47.62318721256826],[-3.442631736846632,47.6230352695166],[-3.44248143197312,47.62300745449559],[-3.442475757856388,47.6230709858149],[-3.44261313277939,47.62343366605541],[-3.4426460251761,47.62403693065805],[-3.442768460128296,47.62416562836131]],[[-3.442816147282602,47.62168847198237],[-3.44286838691528,47.62156817948088],[-3.442723759714668,47.621476833362415],[-3.442816147282602,47.62168847198237]],[[-3.443333397692693,47.621768246893105],[-3.443242093091093,47.621565579797306],[-3.443148123980876,47.621561744276725],[-3.443126421268626,47.62138232212294],[-3.442901342561114,47.62117802000991],[-3.443041133429732,47.621450255380026],[-3.442989979414558,47.62157951907466],[-3.443333397692693,47.621768246893105]],[[-3.451040116858381,47.62308489135554],[-3.450985097811787,47.62296150060128],[-3.450947230994749,47.623090033139746],[-3.451040116858381,47.62308489135554]],[[-3.455906924569216,47.62267991163106],[-3.455924986107164,47.62249828665709],[-3.455836450897319,47.622539316266725],[-3.455906924569216,47.62267991163106]],[[-3.456800738449439,47.621066823740925],[-3.456711814520329,47.621054853669655],[-3.456801214273017,47.62113118133808],[-3.456800738449439,47.621066823740925]],[[-3.457296079954351,47.62080572980539],[-3.457178186581991,47.620604544019464],[-3.457000256123946,47.6205692471523],[-3.456954793393494,47.62063498491852],[-3.457296079954351,47.62080572980539]],[[-3.457484235914137,47.6207049909984],[-3.45749989803372,47.62061381065969],[-3.45739374838449,47.62061969285711],[-3.457484235914137,47.6207049909984]],[[-3.458111999166508,47.62081470212335],[-3.45817181700141,47.62075719952775],[-3.458053486034665,47.62077278865181],[-3.458111999166508,47.62081470212335]],[[-3.459729714490109,47.62126691318209],[-3.459705566497479,47.62117793916861],[-3.459627041504469,47.62119132328358],[-3.459729714490109,47.62126691318209]],[[-3.460785749929299,47.62061230494325],[-3.460810322674826,47.620484504710134],[-3.460711790129543,47.62055318655686],[-3.460785749929299,47.62061230494325]],[[-3.460823591301592,47.62048376905253],[-3.460908854966584,47.62041582277783],[-3.460849251986587,47.62036493975104],[-3.460823591301592,47.62048376905253]],[[-3.462513473697182,47.62020943792458],[-3.462422978972278,47.62012414365835],[-3.462433862479922,47.62021385300017],[-3.462513473697182,47.62020943792458]],[[-3.464930257256798,47.62141201608512],[-3.464860850277487,47.6212803969812],[-3.464697066289212,47.621361733633414],[-3.464930257256798,47.62141201608512]]]},"properties":{}}]}